Participant_ID,Testing_Year,Slide,question_number,Condition,Question,Approx_Min ,Response_produced ,Verb_present_absent,DOM_present,response_type_if_no_DOM,Accuracy_DOM_coder_2,Notes,Expected response,Jorge comments,Coder,,,,,,,,,,,,,,,,,
H01,2023,6,1,DOM Masc.,¿A quién ve el papá?,3:45,un niño,0,0,"DP, no verb, no DOM",0,NA,ve al niño,,Jorge,,,,,,,,,,,,,,,,,
H01,2023,9,4,DOM Masc.,¿A quién ve la mamá?,5:20,oh la niño,0,0,"DP, no verb, no DOM",0,oh as exclamation,ve al hijo ,,Jorge,,,,,,,,,,,,,,,,,
H01,2023,13,8,DOM Fem.,¿A quién ve la abuela?,6:25,el perro y la niña,0,0,"DP, no verb, no DOM",0,uh as hesitation,ve a la niña / ve al perro,,Jorge,,,,,,,,,,,,,,,,,
H01,2023,17,12,DOM Masc. ,¿A quién ve el perro?,8:05,uhh su niño,0,0,"DP, no verb, no DOM",0,He says uhh expressing hesitation (but not 'a'),va al niño*,,Jorge,,,,,,,,,,,,,,,,,
H01,2023,21,16,DOM Fem.,¿A quién ve la mamá?,10:00,la mamá ve el bebé,1,0,"Full DP, no DOM ",0,Some uhh hesitation sound ,ve al bebé,,Jorge,,,,,,,,,,,,,,,,,
H01,2023,25,20,DOM Masc.,¿A quién ve el monstruo?,12:40,ve la niña,1,0,"Full DP, no DOM ",0,NA,ve a la chica,,Jorge,,,,,,,,,,,,,,,,,
H01,2023,29,24,DOM Fem.,¿A quiénes ve el perro?,14:50,el perro ver los niñas,1,0,"Full DP, no DOM ",0,NA,ve a las niñas,,Jorge,,,,,,,,,,,,,,,,,
H01,2023,32,27,DOM Fem.,¿A quiénes ve la mamá?,16:00,la mamá ver los niñas,1,0,"Full DP, no DOM ",0,NA,ve a las niñas,,Jorge,,,,,,,,,,,,,,,,,
H02,2023,6,1,DOM Masc.,¿A quién ve el papá?,3:00,puede ver nosotros porque está mirando la frente,1,0,"Full DP, no DOM ",0,Participant gives a long explanation first. I coded the second answer after the researcher asks again. ,ve al niño,,Jorge,,,,,,,,,,,,,,,,,
H02,2023,9,4,DOM Masc.,¿A quién ve la mamá?,4:00,el niño y también puede ver la niña,1,0,"Full DP, no DOM ",0,Participant gives a long explanation first ,ve al hijo ,,Jorge,,,,,,,,,,,,,,,,,
H02,2023,13,8,DOM Fem.,¿A quién ve la abuela?,4:50,la abuela ve a la niña y el perro,1,1,,1,I don't think the participant says ve al perro but she says ve a la niña,ve a la niña / ve al perro,,Jorge,,,,,,,,,,,,,,,,,
H02,2023,17,12,DOM Masc. ,¿A quién ve el perro?,5:27,el perro ve al niño,1,1,,1,NA,ve al niño,,Jorge,,,,,,,,,,,,,,,,,
H02,2023,21,16,DOM Fem.,¿A quién ve la mamá?,6:20,la mamá ve el niño,1,0,"Full DP, no DOM ",0,NA,ve al bebé,,Jorge,,,,,,,,,,,,,,,,,
H02,2023,25,20,DOM Masc.,¿A quién ve el monstruo?,6:47,ve al niña,1,1,,1,NA,ve a la chica,,Jorge,,,,,,,,,,,,,,,,,
H02,2023,29,24,DOM Fem.,¿A quiénes ve el perro?,7:18,el perro puede ver los niñas,1,0,"Full DP, no DOM ",0,NA,ve a las niñas,,Jorge,,,,,,,,,,,,,,,,,
H02,2023,32,27,DOM Fem.,¿A quiénes ve la mamá?,7:44,la mamá puede ver los niños,1,0,"Full DP, no DOM ",0,NA,ve a las niñas,,Jorge,,,,,,,,,,,,,,,,,
H03,2023,6,1,DOM Masc.,¿A quién ve el papá?,2:00,la niña y el mujer... la mujer ,0,0,"DP, no verb, no DOM",0,NA,ve al niño,,Jorge,,,,,,,,,,,,,,,,,
H03,2023,9,4,DOM Masc.,¿A quién ve la mamá?,2:47,eh el niño,0,0,"DP, no verb, no DOM",0,eh as hesitation,ve al hijo ,,Jorge,,,,,,,,,,,,,,,,,
H03,2023,13,8,DOM Fem.,¿A quién ve la abuela?,3:20,uhh el perro y la niña,0,0,"DP, no verb, no DOM",0,uhh as hesitation,ve a la niña / ve al perro,,Jorge,,,,,,,,,,,,,,,,,
H03,2023,17,12,DOM Masc. ,¿A quién ve el perro?,3:55,el niño feliz,0,0,"DP, no verb, no DOM",0,NA,ve al niño,,Jorge,,,,,,,,,,,,,,,,,
H03,2023,21,16,DOM Fem.,¿A quién ve la mamá?,3:23,el bebé,0,0,"DP, no verb, no DOM",0,NA,ve al bebé,,Jorge,,,,,,,,,,,,,,,,,
H03,2023,25,20,DOM Masc.,¿A quién ve el monstruo?,4:54,"la niña, uhmm",0,0,"DP, no verb, no DOM",0,NA,ve a la chica,,Jorge,,,,,,,,,,,,,,,,,
H03,2023,29,24,DOM Fem.,¿A quiénes ve el perro?,5:33,los dos niñas,0,0,"DP, no verb, no DOM",0,NA,ve a las niñas,,Jorge,,,,,,,,,,,,,,,,,
H03,2023,32,27,DOM Fem.,¿A quiénes ve la mamá?,5:50,las dos niñas con el teléfono,0,0,"DP, no verb, no DOM",0,NA,ve a las niñas,,Jorge,,,,,,,,,,,,,,,,,
H04,2023,6,1,DOM Masc.,¿A quién ve el papá?,2:30,un niño,0,0,"DP, no verb, no DOM",0,NA,ve al niño,Jorge: same file as H06,Jorge,,,,,,,,,,,,,,,,,
H04,2023,9,4,DOM Masc.,¿A quién ve la mamá?,3:15,su hijo,0,0,"DP, no verb, no DOM",0,NA,ve al hijo ,,Jorge,,,,,,,,,,,,,,,,,
H04,2023,13,8,DOM Fem.,¿A quién ve la abuela?,3:50,un hijo o uno de sus hijos hijos  ,0,0,"DP, no verb, no DOM",0,NA,ve a la niña / ve al perro,,Jorge,,,,,,,,,,,,,,,,,
H04,2023,17,12,DOM Masc. ,¿A quién ve el perro?,4:34,un hijo,0,0,"DP, no verb, no DOM",0,NA,ve al niño,,Jorge,,,,,,,,,,,,,,,,,
H04,2023,21,16,DOM Fem.,¿A quién ve la mamá?,5:08,su hijo,0,0,"DP, no verb, no DOM",0,NA,ve al bebé,,Jorge,,,,,,,,,,,,,,,,,
H04,2023,25,20,DOM Masc.,¿A quién ve el monstruo?,5:40,un hijo... una hija,0,0,"DP, no verb, no DOM",0,NA,ve a la chica,,Jorge,,,,,,,,,,,,,,,,,
H04,2023,29,24,DOM Fem.,¿A quiénes ve el perro?,6:17,dos hijas,0,0,"DP, no verb, no DOM",0,NA,ve a las niñas,,Jorge,,,,,,,,,,,,,,,,,
H04,2023,32,27,DOM Fem.,¿A quiénes ve la mamá?,6:43,los hijas,0,0,"DP, no verb, no DOM",0,NA,ve a las niñas,,Jorge,,,,,,,,,,,,,,,,,
H05,2023,6,1,DOM Masc.,¿A quién ve el papá?,2:38,a su hijo,0,1,,1,Unclear whether the second the second time the participants said uh or 'a',ve al niño,"Jorge: For this participant, it seems like uhhh is being used. In other responses the participant also starts with uh...",Jorge,,,,,,,,,,,,,,,,,
H05,2023,9,4,DOM Masc.,¿A quién ve la mamá?,3:45,uhh/a su hijo -  Jen: no DOM su hijo,0,0,"DP, no verb, no DOM",0,Unclear whether the participant said uh or 'a',ve al hijo ,,Jorge,,,,,,,,,,,,,,,,,
H05,2023,13,8,DOM Fem.,¿A quién ve la abuela?,4:42,uhh/a su sobrina... sobrina y un perro - Jen: no DOM,0,0,"DP, no verb, no DOM",0,Unclear whether the participant said uh or 'a',ve a la niña / ve al perro,,Jorge,,,,,,,,,,,,,,,,,
H05,2023,17,12,DOM Masc. ,¿A quién ve el perro?,5:46,uhh/a un niño,0,1,,,Unclear whether the participant said uh or 'a',ve al niño,,Jorge,,,,,,,,,,,,,,,,,
H05,2023,21,16,DOM Fem.,¿A quién ve la mamá?,6:45,uh/a su bebé,0,1,,1,Unclear whether the participant said uh or 'a',ve al bebé,,Jorge,,,,,,,,,,,,,,,,,
H05,2023,25,20,DOM Masc.,¿A quién ve el monstruo?,7:43,uh/a un niña que tiene miedo - Jen: no DOM ,0,0,Grammatical alternative,,Researcher asks: ¿qué ve... instead of a quién? / Unclear whether the participant said uh or 'a',ve a la chica,,Jorge,,,,,,,,,,,,,,,,,
H05,2023,29,24,DOM Fem.,¿A quiénes ve el perro?,8:30,uh/a dos niñas - Jen: no DOM ,0,0,"DP, no verb, no DOM",0,Unclear whether the participant said uh or 'a',ve a las niñas,,Jorge,,,,,,,,,,,,,,,,,
H05,2023,32,27,DOM Fem.,¿A quiénes ve la mamá?,9:10,uhh dos niñas - Jen: cannot tell ,0,,Unintelligible/cannot tell,,Unclear whether the participant said uh or 'a',ve a las niñas,,Jorge,,,,,,,,,,,,,,,,,
H07,2023,6,1,DOM Masc.,¿A quién ve el papá?,4:25,uhh está viendo a su hijo // Jen: DOM +,1,1,,1,NA,ve al niño,I did H07 because H06 and H04 are the same,Jorge,,,,,,,,,,,,,,,,,
H07,2023,9,4,DOM Masc.,¿A quién ve la mamá?,4:55,a su hijo hija,0,1,,1,NA,ve al hijo ,,Jorge,,,,,,,,,,,,,,,,,
H07,2023,13,8,DOM Fem.,¿A quién ve la abuela?,5:28,uh ve la niña jugando,1,0,"Full DP, no DOM",0,Reseaercher asks: ¿qué ve...? Instead of 'a quién',ve a la niña / ve al perro,,Jorge,,,,,,,,,,,,,,,,,
H07,2023,17,12,DOM Masc. ,¿A quién ve el perro?,6:01,a un niño,0,1,,1,Unclear whether it is uh of hesitation or 'a',ve al niño,,Jorge,,,,,,,,,,,,,,,,,
H07,2023,21,16,DOM Fem.,¿A quién ve la mamá?,6:30,a su bebé,0,1,,1,NA,ve al bebé,,Jorge,,,,,,,,,,,,,,,,,
H07,2023,25,20,DOM Masc.,¿A quién ve el monstruo?,7:00,a una niña,0,1,,1,NA,ve a la chica,,Jorge,,,,,,,,,,,,,,,,,
H07,2023,29,24,DOM Fem.,¿A quiénes ve el perro?,7:30,a las niñas,0,1,,1,NA,ve a las niñas,,Jorge,,,,,,,,,,,,,,,,,
H07,2023,32,27,DOM Fem.,¿A quiénes ve la mamá?,7:58,a las niñas,0,1,,1,NA,ve a las niñas,,Jorge,,,,,,,,,,,,,,,,,
H08,2023,6,1,DOM Masc.,¿A quién ve el papá?,4:12,él papá ve a su niño,1,1,,1,NA,ve al niño,,Jorge,,,,,,,,,,,,,,,,,
H08,2023,9,4,DOM Masc.,¿A quién ve la mamá?,5:20,la mamá ve su niño,1,0,"Full DP, no DOM",0,NA,ve al hijo ,,Jorge,,,,,,,,,,,,,,,,,
H08,2023,13,8,DOM Fem.,¿A quién ve la abuela?,6:20,la abuela ve... su ... nieta,1,0,"Full DP, no DOM",0,Researcher helps the participant with the word 'nieta',ve a la niña / ve al perro,,Jorge,,,,,,,,,,,,,,,,,
H08,2023,17,12,DOM Masc. ,¿A quién ve el perro?,7:30,el perro ve su niño,1,0,"Full DP, no DOM",0,NA,ve al niño,,Jorge,,,,,,,,,,,,,,,,,
H08,2023,21,16,DOM Fem.,¿A quién ve la mamá?,8:35,la mamá ve su bebé,1,0,"Full DP, no DOM",0,NA,ve al bebé,,Jorge,,,,,,,,,,,,,,,,,
H08,2023,25,20,DOM Masc.,¿A quién ve el monstruo?,9:25,el monstruo ve la niña,1,0,"Full DP, no DOM",0,There's like a mini pause after the verb,ve a la chica,,Jorge,,,,,,,,,,,,,,,,,
H08,2023,29,24,DOM Fem.,¿A quiénes ve el perro?,10:12,el perro ve las niñas,1,0,"Full DP, no DOM",0,NA,ve a las niñas,,Jorge,,,,,,,,,,,,,,,,,
H08,2023,32,27,DOM Fem.,¿A quiénes ve la mamá?,10:52,la mamá ve a su niña,1,1,,1,There's like a mini pause after the verb,ve a las niñas,,Jorge,,,,,,,,,,,,,,,,,
H09,2023,6,1,DOM Masc.,¿A quién ve el papá?,3:35,no sabe,,,,,Participant responds 'no sabe' and researcher pasa a la siguiente pregunta,ve al niño,,Jorge,,,,,,,,,,,,,,,,,
H09,2023,9,4,DOM Masc.,¿A quién ve la mamá?,4:35,el niño... el mamá dar un beso a la niña,,,,,verb present and DOM present but not related to the question with the verb 'verb',ve al hijo ,,Jorge,,,,,,,,,,,,,,,,,
H09,2023,13,8,DOM Fem.,¿A quién ve la abuela?,5:43,el el niña está... la abuela está empujando el niña,1,0,"Full DP, no DOM",0,,ve a la niña / ve al perro,,Jorge,,,,,,,,,,,,,,,,,
H09,2023,17,12,DOM Masc. ,¿A quién ve el perro?,6:45,el niño,0,0,"DP, no verb, no DOM",0,NA,ve al niño,,Jorge,,,,,,,,,,,,,,,,,
H09,2023,21,16,DOM Fem.,¿A quién ve la mamá?,7:28,el bebé,0,0,"DP, no verb, no DOM",0,NA,ve al bebé,,Jorge,,,,,,,,,,,,,,,,,
H09,2023,25,20,DOM Masc.,¿A quién ve el monstruo?,8:05,la niña,0,0,"DP, no verb, no DOM",0,NA,ve a la chica,,Jorge,,,,,,,,,,,,,,,,,
H09,2023,29,24,DOM Fem.,¿A quiénes ve el perro?,8:45,los niños,0,0,"DP, no verb, no DOM",0,NA,ve a las niñas,Hard to decide if the participant says las or los because the vowels are not well defined (more schwa).,Jorge,,,,,,,,,,,,,,,,,
H09,2023,32,27,DOM Fem.,¿A quiénes ve la mamá?,9:07,las niñas,0,0,"DP, no verb, no DOM",0,NA,ve a las niñas,,Jorge,,,,,,,,,,,,,,,,,
H10,2023,6,1,DOM Masc.,¿A quién ve el papá?,3:34,"el papá ve a un niño, probablemente puede ser su hija o hijo",1,1,,1,NA,ve al niño,,Jorge,,,,,,,,,,,,,,,,,
H10,2023,9,4,DOM Masc.,¿A quién ve la mamá?,4:19,la mamá puede ver a su hijo y a una niña detrás del hijo,1,1,,1,NA,ve al hijo ,,Jorge,,,,,,,,,,,,,,,,,
H10,2023,13,8,DOM Fem.,¿A quién ve la abuela?,5:19,la abuela puede ver a una niña que está jugando en el parque y a un perro y también ve a unas aves,1,1,,1,note that participant uses 'a' for aves,ve a la niña / ve al perro,,Jorge,,,,,,,,,,,,,,,,,
H10,2023,17,12,DOM Masc. ,¿A quién ve el perro?,6:16,al niño ,0,1,,1,NA,ve al niño,,Jorge,,,,,,,,,,,,,,,,,
H10,2023,21,16,DOM Fem.,¿A quién ve la mamá?,7:01,la mamá ve a su hijo que está lavando ,1,1,,1,NA,ve al bebé,,Jorge,,,,,,,,,,,,,,,,,
H10,2023,25,20,DOM Masc.,¿A quién ve el monstruo?,7:53,a una niña,0,1,,1,NA,ve a la chica,,Jorge,,,,,,,,,,,,,,,,,
H10,2023,29,24,DOM Fem.,¿A quiénes ve el perro?,8:37,el perro puede ver a los niñas,1,1,,1,NA,ve a las niñas,,Jorge,,,,,,,,,,,,,,,,,
H10,2023,32,27,DOM Fem.,¿A quiénes ve la mamá?,9:15,la mamá puede ver a los niñas,1,1,,1,NA,ve a las niñas,,Jorge,,,,,,,,,,,,,,,,,
H11,2023,6,1,DOM Masc.,¿A quién ve el papá?,3:28,"el papá ve a...s un niño, puede ser que es su hijo ",1,1,,1,NA,ve al niño,H10 not found ,Jorge,,,,,,,,,,,,,,,,,
H11,2023,9,4,DOM Masc.,¿A quién ve la mamá?,4:10,ve a su hijo,1,1,,1,NA,ve al hijo ,,Jorge,,,,,,,,,,,,,,,,,
H11,2023,13,8,DOM Fem.,¿A quién ve la abuela?,5:00,la abuela ve a su nieta,1,1,,1,NA,ve a la niña / ve al perro,,Jorge,,,,,,,,,,,,,,,,,
H11,2023,17,12,DOM Masc. ,¿A quién ve el perro?,5:45,el perro ve a un niño pequeño que podemos inferir que es su dueño ,1,1,,1,NA,ve al niño,,Jorge,,,,,,,,,,,,,,,,,
H11,2023,21,16,DOM Fem.,¿A quién ve la mamá?,6:30,la mamá ve a su hijo,1,1,,1,NA,ve al bebé,,Jorge,,,,,,,,,,,,,,,,,
H11,2023,25,20,DOM Masc.,¿A quién ve el monstruo?,7:12,el monstruo ve a una niña asustada,1,1,,1,NA,ve a la chica,,Jorge,,,,,,,,,,,,,,,,,
H11,2023,29,24,DOM Fem.,¿A quiénes ve el perro?,7:50,el perro ve a las niñas,1,1,,1,NA,ve a las niñas,,Jorge,,,,,,,,,,,,,,,,,
H11,2023,32,27,DOM Fem.,¿A quiénes ve la mamá?,8:12,"la mamá ve a los niñas, una puede ser su hija y su amiga, o puede ser que ambas son sus hijas",1,1,,1,NA,ve a las niñas,,Jorge,,,,,,,,,,,,,,,,,
H12,2023,6,1,DOM Masc.,¿A quién ve el papá?,4:18,el niño,0,0,"DP, no verb, no DOM",0,NA,ve al niño,,Jorge,,,,,,,,,,,,,,,,,
H12,2023,9,4,DOM Masc.,¿A quién ve la mamá?,5:11,la chica,0,0,"DP, no verb, no DOM",0,NA,ve al hijo ,,Jorge,,,,,,,,,,,,,,,,,
H12,2023,13,8,DOM Fem.,¿A quién ve la abuela?,6:19,la chica del baño,0,0,"DP, no verb, no DOM",0,NA,ve a la niña / ve al perro,,Jorge,,,,,,,,,,,,,,,,,
H12,2023,17,12,DOM Masc. ,¿A quién ve el perro?,7:34,a la niña,0,1,,,unsure if it is uh - hesitation or a,ve al niño,,Jorge,,,,,,,,,,,,,,,,,
H12,2023,21,16,DOM Fem.,¿A quién ve la mamá?,8:40,la bebé,0,0,"DP, no verb, no DOM",0,NA,ve al bebé,,Jorge,,,,,,,,,,,,,,,,,
H12,2023,25,20,DOM Masc.,¿A quién ve el monstruo?,9:28,la niña,0,0,"DP, no verb, no DOM",0,NA,ve a la chica,,Jorge,,,,,,,,,,,,,,,,,
H12,2023,29,24,DOM Fem.,¿A quiénes ve el perro?,10:28,los dos niñas,0,0,"DP, no verb, no DOM",0,NA,ve a las niñas,,Jorge,,,,,,,,,,,,,,,,,
H12,2023,32,27,DOM Fem.,¿A quiénes ve la mamá?,11:10,los dos niñas,0,0,"DP, no verb, no DOM",0,NA,ve a las niñas,,Jorge,,,,,,,,,,,,,,,,,
H13,2023,6,1,DOM Masc.,¿A quién ve el papá?,3:33,a su niño ,0,1,,1,,ve al niño,,Jorge,,,,,,,,,,,,,,,,,
H13,2023,9,4,DOM Masc.,¿A quién ve la mamá?,4:05,a su hijo ,0,1,,1,,ve al hijo ,,Jorge,,,,,,,,,,,,,,,,,
H13,2023,13,8,DOM Fem.,¿A quién ve la abuela?,4:48,a su nieta,0,1,,1,,ve a la niña / ve al perro,,Jorge,,,,,,,,,,,,,,,,,
H13,2023,17,12,DOM Masc. ,¿A quién ve el perro?,5:37,al niño ,0,1,,1,,ve al niño,,Jorge,,,,,,,,,,,,,,,,,
H13,2023,21,16,DOM Fem.,¿A quién ve la mamá?,6:24,a su bebé ,0,1,,1,,ve al bebé,,Jorge,,,,,,,,,,,,,,,,,
H13,2023,25,20,DOM Masc.,¿A quién ve el monstruo?,7:07,la niña ,0,0,"DP, no verb, no DOM",0,,ve a la chica,,Jorge,,,,,,,,,,,,,,,,,
H13,2023,29,24,DOM Fem.,¿A quiénes ve el perro?,7:45,a las niñas ,0,1,,1,,ve a las niñas,,Jorge,,,,,,,,,,,,,,,,,
H13,2023,32,27,DOM Fem.,¿A quiénes ve la mamá?,8:10,a las niñas ,0,1,,1,,ve a las niñas,,Jorge,,,,,,,,,,,,,,,,,
H17,2023,6,1,DOM Masc.,¿A quién ve el papá?,3:20,el papá ve a su niño,1,1,,1,NA,ve al niño,,Jorge,,,,,,,,,,,,,,,,,
H17,2023,9,4,DOM Masc.,¿A quién ve la mamá?,4:35,la mamá ve a su niño,1,1,,1,NA,ve al hijo ,,Jorge,,,,,,,,,,,,,,,,,
H17,2023,13,8,DOM Fem.,¿A quién ve la abuela?,5:30,la abuela ve a su uhm a la niña y el perro,1,1,,1,NA,ve a la niña / ve al perro,dice el perro pero a la niña: interesante ,Jorge,,,,,,,,,,,,,,,,,
H17,2023,17,12,DOM Masc. ,¿A quién ve el perro?,6:40,el perro ve a su ni... al niño,1,1,,1,NA,ve al niño,,Jorge,,,,,,,,,,,,,,,,,
H17,2023,21,16,DOM Fem.,¿A quién ve la mamá?,7:38,la mamá ve a su hijo,1,1,,1,NA,ve al bebé,,Jorge,,,,,,,,,,,,,,,,,
H17,2023,25,20,DOM Masc.,¿A quién ve el monstruo?,9:02,el monstruo ve a la niña gritando,1,1,,1,NA,ve a la chica,,Jorge,,,,,,,,,,,,,,,,,
H17,2023,29,24,DOM Fem.,¿A quiénes ve el perro?,9:59,el perro les ve a las niñas,1,1,,1,NA,ve a las niñas,,Jorge,,,,,,,,,,,,,,,,,
H17,2023,32,27,DOM Fem.,¿A quiénes ve la mamá?,10:47,la mamá ven a las niñas,1,1,,1,NA,ve a las niñas,,Jorge,,,,,,,,,,,,,,,,,
H19,2023,6,1,DOM Masc.,¿A quién ve el papá?,3:11,uhm el niño,0,0,"DP, no verb, no DOM",0,Researcher repeats: el niño but I believe to hear al niño,ve al niño,,Jorge,,,,,,,,,,,,,,,,,
H19,2023,9,4,DOM Masc.,¿A quién ve la mamá?,4:12,la mamá es con el niño y en escuela,,,Grammatical alternative,,NA,ve al hijo ,,Jorge,,,,,,,,,,,,,,,,,
H19,2023,13,8,DOM Fem.,¿A quién ve la abuela?,6:02,la abuela es pushing el niña en el parque,,,Codeswitching with English verb,0,"Participant does not respond to the questions, but to what they are doing. I think she says 'al' for the verb empujar",ve a la niña / ve al perro,,Jorge,,,,,,,,,,,,,,,,,
H19,2023,17,12,DOM Masc. ,¿A quién ve el perro?,7:23,el perro es licking al/el niño,,,,1,I think participant says: licking al niño or el niño,ve al niño,,Jorge,,,,,,,,,,,,,,,,,
H19,2023,21,16,DOM Fem.,¿A quién ve la mamá?,8:52,la mamá limpio el niño,1,0,"Full DP, no DOM",0,NA,ve al bebé,,Jorge,,,,,,,,,,,,,,,,,
H19,2023,25,20,DOM Masc.,¿A quién ve el monstruo?,10:09,el monstruo es atacado la niña,1,0,Grammatical alternative,,NA,ve a la chica,,Jorge,,,,,,,,,,,,,,,,,
H19,2023,29,24,DOM Fem.,¿A quiénes ve el perro?,11:50,"en el imagen uno, el perro es buen pero en el segundo foto el perro es atacado los niños... las niñas",1,0,Grammatical alternative,,NA,ve a las niñas,,Jorge,,,,,,,,,,,,,,,,,
H19,2023,32,27,DOM Fem.,¿A quiénes ve la mamá?,13:10,la mamá es calling el niñas con un teléfono ,,,Codeswitching with English verb,0,NA,ve a las niñas,,Jorge,,,,,,,,,,,,,,,,,
H21,2023,6,1,DOM Masc.,¿A quién ve el papá?,4:43,un niño,0,0,"DP, no verb, no DOM",0,NA,ve al niño,,Jorge,,,,,,,,,,,,,,,,,
H21,2023,9,4,DOM Masc.,¿A quién ve la mamá?,5:40,"el niño, el mamá le da un beso al niño",,,Grammatical alternative,,DOM present but with different verb and beso as direct object,ve al hijo ,Check with Patrick,Jorge,,,,,,,,,,,,,,,,,
H21,2023,13,8,DOM Fem.,¿A quién ve la abuela?,7:02,la abuela ve a una niña en los columpios con un perro,1,1,,1,NA,ve a la niña / ve al perro,,Jorge,,,,,,,,,,,,,,,,,
H21,2023,17,12,DOM Masc. ,¿A quién ve el perro?,8:01,el niño... el niño está jugando con el perro,,,Grammatical alternative,,Participant uses a verb but not target verb,ve al niño,,Jorge,,,,,,,,,,,,,,,,,
H21,2023,21,16,DOM Fem.,¿A quién ve la mamá?,9:14,su niño cuando... le da un baño,,,Grammatical alternative,,Not target verb,ve al bebé,,Jorge,,,,,,,,,,,,,,,,,
H21,2023,25,20,DOM Masc.,¿A quién ve el monstruo?,10:06,eh a la niña que tiene miedo,1,1,,1,Not target verb,ve a la chica,,Jorge,,,,,,,,,,,,,,,,,
H21,2023,29,24,DOM Fem.,¿A quiénes ve el perro?,11:35,las niñas,0,0,"DP, no verb, no DOM",0,,ve a las niñas,,Jorge,,,,,,,,,,,,,,,,,
H21,2023,32,27,DOM Fem.,¿A quiénes ve la mamá?,12:24,la los niños,0,0,"DP, no verb, no DOM",0,I think the participant says la los niños,ve a las niñas,,Jorge,,,,,,,,,,,,,,,,,
H22,2023,6,1,DOM Masc.,¿A quién ve el papá?,3:18,el papá ve un niño,1,0,"Full DP, no DOM ",0,NA,ve al niño,,Jorge,,,,,,,,,,,,,,,,,
H22,2023,9,4,DOM Masc.,¿A quién ve la mamá?,4:13,la mamá ve un niño y una niña corriendo,1,0,"Full DP, no DOM ",0,NA,ve al hijo ,,Jorge,,,,,,,,,,,,,,,,,
H22,2023,13,8,DOM Fem.,¿A quién ve la abuela?,5:18,la abuela ve un... ni... la niña y el perro,1,0,"Full DP, no DOM ",0,NA,ve a la niña / ve al perro,,Jorge,,,,,,,,,,,,,,,,,
H22,2023,17,12,DOM Masc. ,¿A quién ve el perro?,6:16,el pero ve... ve el niño jugando con él ,1,0,"Full DP, no DOM ",0,NA,ve al niño,,Jorge,,,,,,,,,,,,,,,,,
H22,2023,21,16,DOM Fem.,¿A quién ve la mamá?,7:18,la mamá ve el... el bebé,1,0,"Full DP, no DOM ",0,NA,ve al bebé,,Jorge,,,,,,,,,,,,,,,,,
H22,2023,25,20,DOM Masc.,¿A quién ve el monstruo?,8:21,el monstruo ve el uhm la niña,1,0,"Full DP, no DOM ",0,NA,ve a la chica,,Jorge,,,,,,,,,,,,,,,,,
H22,2023,29,24,DOM Fem.,¿A quiénes ve el perro?,9:18,el perro ve los niñas,1,0,"Full DP, no DOM ",0,NA,ve a las niñas,,Jorge,,,,,,,,,,,,,,,,,
H22,2023,32,27,DOM Fem.,¿A quiénes ve la mamá?,10:02,mamá uhmm las niñas,0,0,"DP, no verb, no DOM",0,NA,ve a las niñas,,Jorge,,,,,,,,,,,,,,,,,
H23,2023,6,1,DOM Masc.,¿A quién ve el papá?,3:58,un niño,0,0,"DP, no verb, no DOM",0,NA,ve al niño,,Jorge,,,,,,,,,,,,,,,,,
H23,2023,9,4,DOM Masc.,¿A quién ve la mamá?,5:06,la mamá ve su hijo,1,0,"Full DP, no DOM",0,NA,ve al hijo ,,Jorge,,,,,,,,,,,,,,,,,
H23,2023,13,8,DOM Fem.,¿A quién ve la abuela?,6:15,la abuela ve a su a un perro y una niña,1,1,,1,NA,ve a la niña / ve al perro,,Jorge,,,,,,,,,,,,,,,,,
H23,2023,17,12,DOM Masc. ,¿A quién ve el perro?,7:50,el perro ve a un niño ,1,1,,1,NA,ve al niño,,Jorge,,,,,,,,,,,,,,,,,
H23,2023,21,16,DOM Fem.,¿A quién ve la mamá?,9:05,la mamá ve a su hijo o hijo,1,1,,1,NA,ve al bebé,,Jorge,,,,,,,,,,,,,,,,,
H23,2023,25,20,DOM Masc.,¿A quién ve el monstruo?,10:08,el monstruo ve la niña,1,0,"Full DP, no DOM",0,NA,ve a la chica,,Jorge,,,,,,,,,,,,,,,,,
H23,2023,29,24,DOM Fem.,¿A quiénes ve el perro?,11:23,el perro ve las niñas,1,0,"Full DP, no DOM",0,NA,ve a las niñas,,Jorge,,,,,,,,,,,,,,,,,
H23,2023,32,27,DOM Fem.,¿A quiénes ve la mamá?,12:13,la mamá ve las niñas,1,0,"Full DP, no DOM",0,NA,ve a las niñas,,Jorge,,,,,,,,,,,,,,,,,
H25,2023,6,1,DOM Masc.,¿A quién ve el papá?,4:55,"la niño, el niño",0,0,"DP, no verb, no DOM",0,NA,ve al niño,,Jorge,,,,,,,,,,,,,,,,,
H25,2023,9,4,DOM Masc.,¿A quién ve la mamá?,6:00,el niño,0,0,"DP, no verb, no DOM",0,NA,ve al hijo ,,Jorge,,,,,,,,,,,,,,,,,
H25,2023,13,8,DOM Fem.,¿A quién ve la abuela?,7:03,a/uh el perro... el niña...  then it is la niña // Jen uhh el perro - a niña - cannot tell,0,,Unintelligible/cannot tell,,Participant comments about being confused and then adds the second response. Unclear if participant says uh or a el perro,ve a la niña / ve al perro,,Jorge,,,,,,,,,,,,,,,,,
H25,2023,17,12,DOM Masc. ,¿A quién ve el perro?,8:33,el niño,0,0,"DP, no verb, no DOM",0,NA,ve al niño,,Jorge,,,,,,,,,,,,,,,,,
H25,2023,21,16,DOM Fem.,¿A quién ve la mamá?,9:30,the niño... el niño,0,0,"DP, no verb, no DOM",0,NA,ve al bebé,,Jorge,,,,,,,,,,,,,,,,,
H25,2023,25,20,DOM Masc.,¿A quién ve el monstruo?,10:37,"el niña, la niña",0,0,"DP, no verb, no DOM",0,NA,ve a la chica,,Jorge,,,,,,,,,,,,,,,,,
H25,2023,29,24,DOM Fem.,¿A quiénes ve el perro?,11:47,las niñas,0,0,"DP, no verb, no DOM",0,NA,ve a las niñas,,Jorge,,,,,,,,,,,,,,,,,
H25,2023,32,27,DOM Fem.,¿A quiénes ve la mamá?,12:40,las niñas,0,0,"DP, no verb, no DOM",0,NA,ve a las niñas,,Jorge,,,,,,,,,,,,,,,,,
H28,2023,6,1,DOM Masc.,¿A quién ve el papá?,3:32,el niño,0,0,"DP, no verb, no DOM",0,unaudible,ve al niño,,Jorge,,,,,,,,,,,,,,,,,
H28,2023,9,4,DOM Masc.,¿A quién ve la mamá?,4:18,uhm el niño,0,0,"DP, no verb, no DOM",0,,ve al hijo ,,Jorge,,,,,,,,,,,,,,,,,
H28,2023,13,8,DOM Fem.,¿A quién ve la abuela?,5:12,la niña y el perro,0,0,"DP, no verb, no DOM",0,,ve a la niña / ve al perro,,Jorge,,,,,,,,,,,,,,,,,
H28,2023,17,12,DOM Masc. ,¿A quién ve el perro?,6:17,el niño,0,0,"DP, no verb, no DOM",0,,ve al niño,,Jorge,,,,,,,,,,,,,,,,,
H28,2023,21,16,DOM Fem.,¿A quién ve la mamá?,7:15,el niño,0,0,"DP, no verb, no DOM",0,,ve al bebé,,Jorge,,,,,,,,,,,,,,,,,
H28,2023,25,20,DOM Masc.,¿A quién ve el monstruo?,8:27,la niña,0,0,"DP, no verb, no DOM",0,,ve a la chica,,Jorge,,,,,,,,,,,,,,,,,
H28,2023,29,24,DOM Fem.,¿A quiénes ve el perro?,9:17,las niñas,0,0,"DP, no verb, no DOM",0,,ve a las niñas,,Jorge,,,,,,,,,,,,,,,,,
H28,2023,32,27,DOM Fem.,¿A quiénes ve la mamá?,10:05,las niñas,0,0,"DP, no verb, no DOM",0,,ve a las niñas,,Jorge,,,,,,,,,,,,,,,,,
H29,2023,6,1,DOM Masc.,¿A quién ve el papá?,4:45,el papá ve un niño,1,0,"Full DP, no DOM",0,NA,ve al niño,,Jorge,,,,,,,,,,,,,,,,,
H29,2023,9,4,DOM Masc.,¿A quién ve la mamá?,5:40,la mamá ve uhm su niño,1,0,"Full DP, no DOM",0,NA,ve al hijo ,,Jorge,,,,,,,,,,,,,,,,,
H29,2023,13,8,DOM Fem.,¿A quién ve la abuela?,6:44,la abuela ve una niña en el parque,1,0,"Full DP, no DOM",0,NA,ve a la niña / ve al perro,,Jorge,,,,,,,,,,,,,,,,,
H29,2023,17,12,DOM Masc. ,¿A quién ve el perro?,8:12,el perro ve un niño/a,1,0,"Full DP, no DOM",0,unclear if niño or niña,ve al niño,,Jorge,,,,,,,,,,,,,,,,,
H29,2023,21,16,DOM Fem.,¿A quién ve la mamá?,9:25,la mamá ve su niño o el bebé,1,0,"Full DP, no DOM",0,NA,ve al bebé,,Jorge,,,,,,,,,,,,,,,,,
H29,2023,25,20,DOM Masc.,¿A quién ve el monstruo?,10:42,el monstruo ve a un niña... un niña,1,1,,1,NA,ve a la chica,,Jorge,,,,,,,,,,,,,,,,,
H29,2023,29,24,DOM Fem.,¿A quiénes ve el perro?,11:47,el perro ve unas niñas,1,0,"Full DP, no DOM",0,NA,ve a las niñas,,Jorge,,,,,,,,,,,,,,,,,
H29,2023,32,27,DOM Fem.,¿A quiénes ve la mamá?,12:47,la mamá ve a sus niños,1,1,,1,NA,ve a las niñas,,Jorge,,,,,,,,,,,,,,,,,
H30,2023,6,1,DOM Masc.,¿A quién ve el papá?,3:12,el niño,0,0,"DP, no verb, no DOM",0,,ve al niño,,Jorge,,,,,,,,,,,,,,,,,
H30,2023,9,4,DOM Masc.,¿A quién ve la mamá?,3:58,uhh el niño,0,0,"DP, no verb, no DOM",0,,ve al hijo ,,Jorge,,,,,,,,,,,,,,,,,
H30,2023,13,8,DOM Fem.,¿A quién ve la abuela?,4:58,"el niña y el perro... sí, el perro",0,0,"DP, no verb, no DOM",0,,ve a la niña / ve al perro,,Jorge,,,,,,,,,,,,,,,,,
H30,2023,17,12,DOM Masc. ,¿A quién ve el perro?,6:08,el niño,0,0,"DP, no verb, no DOM",0,,ve al niño,,Jorge,,,,,,,,,,,,,,,,,
H30,2023,21,16,DOM Fem.,¿A quién ve la mamá?,7:03,el niño,0,0,"DP, no verb, no DOM",0,,ve al bebé,,Jorge,,,,,,,,,,,,,,,,,
H30,2023,25,20,DOM Masc.,¿A quién ve el monstruo?,7:57,ve el niña,0,0,"Full DP, no DOM",0,,ve a la chica,,Jorge,,,,,,,,,,,,,,,,,
H30,2023,29,24,DOM Fem.,¿A quiénes ve el perro?,9:08,a/uh? los niñas,0,1,,1,a/uh?,ve a las niñas,,Jorge,,,,,,,,,,,,,,,,,
H30,2023,32,27,DOM Fem.,¿A quiénes ve la mamá?,9:54,a/uh? los niñas,0,1,,1,a/uh?,ve a las niñas,,Jorge,,,,,,,,,,,,,,,,,
H31,2023,6,1,DOM Masc.,¿A quién ve el papá?,2:26,el papá tiene... ve un uhmm camisa verde... vista ve su mamá,1,0,"Full DP, no DOM",0,NA,ve al niño,,Jorge,,,,,,,,,,,,,,,,,
H31,2023,9,4,DOM Masc.,¿A quién ve la mamá?,4:50,el niño,0,0,"DP, no verb, no DOM",0,NA,ve al hijo ,,Jorge,,,,,,,,,,,,,,,,,
H31,2023,13,8,DOM Fem.,¿A quién ve la abuela?,6:08,uhh/a el perro,0,1,,1,unclear if its uh or a ,ve a la niña / ve al perro,,Jorge,,,,,,,,,,,,,,,,,
H31,2023,17,12,DOM Masc. ,¿A quién ve el perro?,7:18,el niño,0,0,"DP, no verb, no DOM",0,NA,ve al niño,,Jorge,,,,,,,,,,,,,,,,,
H31,2023,21,16,DOM Fem.,¿A quién ve la mamá?,8:20,el bebé,0,0,"DP, no verb, no DOM",0,NA,ve al bebé,,Jorge,,,,,,,,,,,,,,,,,
H31,2023,25,20,DOM Masc.,¿A quién ve el monstruo?,9:34,la niña,0,0,"DP, no verb, no DOM",0,NA,ve a la chica,,Jorge,,,,,,,,,,,,,,,,,
H31,2023,29,24,DOM Fem.,¿A quiénes ve el perro?,10:55,las niñas,0,0,"DP, no verb, no DOM",0,NA,ve a las niñas,,Jorge,,,,,,,,,,,,,,,,,
H31,2023,32,27,DOM Fem.,¿A quiénes ve la mamá?,11:48,las niñas,0,0,"DP, no verb, no DOM",0,NA,ve a las niñas,,Jorge,,,,,,,,,,,,,,,,,
H32,2023,6,1,DOM Masc.,¿A quién ve el papá?,3:35,uhm un niño que es más pequeño de él ,,,"DP, no verb, no DOM",0,uhm or a un niño?,ve al niño,,Jorge,,,,,,,,,,,,,,,,,
H32,2023,9,4,DOM Masc.,¿A quién ve la mamá?,4:26,a su niño,0,1,,1,,ve al hijo ,,Jorge,,,,,,,,,,,,,,,,,
H32,2023,13,8,DOM Fem.,¿A quién ve la abuela?,5:16,a su uh grandaughter... nieta,0,1,,1,nieta with the help of researcher,ve a la niña / ve al perro,,Jorge,,,,,,,,,,,,,,,,,
H32,2023,17,12,DOM Masc. ,¿A quién ve el perro?,6:54,a su el niño que cree que el niño es su amigo ,0,1,,1,,ve al niño,,Jorge,,,,,,,,,,,,,,,,,
H32,2023,21,16,DOM Fem.,¿A quién ve la mamá?,8:08,a su niño,0,1,,1,,ve al bebé,,Jorge,,,,,,,,,,,,,,,,,
H32,2023,25,20,DOM Masc.,¿A quién ve el monstruo?,9:09,ve un niña que es muy uhm (i don't know how to say scared) que es muy asustada ,1,0,"Full DP, no DOM",0,help from the researcher for the word asustada,ve a la chica,,Jorge,,,,,,,,,,,,,,,,,
H32,2023,29,24,DOM Fem.,¿A quiénes ve el perro?,10:07,el perro ve las niñas y se hace que es muy sucio se hace su blanca ropa hacer sucio,1,0,"Full DP, no DOM",0,,ve a las niñas,,Jorge,,,,,,,,,,,,,,,,,
H32,2023,32,27,DOM Fem.,¿A quiénes ve la mamá?,11:03,la mamá se ve los niños que son en el teléfono ,1,0,"Full DP, no DOM",0,,ve a las niñas,,Jorge,,,,,,,,,,,,,,,,,
H33,2023,6,1,DOM Masc.,¿A quién ve el papá?,5:50,el niño se ve el papá,1,0,"Full DP, no DOM",0,reflexive verb for ver,ve al niño,Missing question 16?,Jorge,,,,,,,,,,,,,,,,,
H33,2023,9,4,DOM Masc.,¿A quién ve la mamá?,7:00,el niño ve la mamá,1,0,"Full DP, no DOM",0,I don't think the participant understood the question ,ve al hijo ,,Jorge,,,,,,,,,,,,,,,,,
H33,2023,13,8,DOM Fem.,¿A quién ve la abuela?,8:09,la abuela ve la perro y la niña en el uh su... (unaudible) ,1,0,"Full DP, no DOM",0,NA,ve a la niña / ve al perro,,Jorge,,,,,,,,,,,,,,,,,
H33,2023,17,12,DOM Masc. ,¿A quién ve el perro?,9:28,el perro ve la niña,1,0,"Full DP, no DOM",0,NA,ve al niño,,Jorge,,,,,,,,,,,,,,,,,
H33,2023,21,16,DOM Fem.,¿A quién ve la mamá?,,,,,,,Reseacher did not ask this question ,ve al bebé,,Jorge,,,,,,,,,,,,,,,,,
H33,2023,25,20,DOM Masc.,¿A quién ve el monstruo?,11:36,la niña... el monstruo ve la niña,1,0,"Full DP, no DOM",0,,ve a la chica,,Jorge,,,,,,,,,,,,,,,,,
H33,2023,29,24,DOM Fem.,¿A quiénes ve el perro?,13:27,el perro le ve a los niñas,1,1,,1,NA,ve a las niñas,,Jorge,,,,,,,,,,,,,,,,,
H33,2023,32,27,DOM Fem.,¿A quiénes ve la mamá?,14:20,la mamá les ve los niñas,1,0,"Full DP, no DOM",0,,ve a las niñas,,Jorge,,,,,,,,,,,,,,,,,
H34,2023,6,1,DOM Masc.,¿A quién ve el papá?,5:15,ve un niño,1,0,"Full DP, no DOM",0,NA,ve al niño,,Jorge,,,,,,,,,,,,,,,,,
H34,2023,9,4,DOM Masc.,¿A quién ve la mamá?,6:00,la mamá da un beso a un niño... o ve él este niño,1,,Grammatical alternative,,Participant used it in the first response that did not answer the question. ,ve al hijo ,,Jorge,,,,,,,,,,,,,,,,,
H34,2023,13,8,DOM Fem.,¿A quién ve la abuela?,7:12,uh la abuela uh ve la niña,1,0,"Full DP, no DOM",0,NA,ve a la niña / ve al perro,,Jorge,,,,,,,,,,,,,,,,,
H34,2023,17,12,DOM Masc. ,¿A quién ve el perro?,8:25,uh ve su uh un niño,1,0,"Full DP, no DOM",0,NA,ve al niño,,Jorge,,,,,,,,,,,,,,,,,
H34,2023,21,16,DOM Fem.,¿A quién ve la mamá?,9:39,uh la mamá ve al bebé,1,1,,1,NA,ve al bebé,,Jorge,,,,,,,,,,,,,,,,,
H34,2023,25,20,DOM Masc.,¿A quién ve el monstruo?,10:41,el monstruo ve el niñas sorprendidos,1,0,"Full DP, no DOM",0,NA,ve a la chica,,Jorge,,,,,,,,,,,,,,,,,
H34,2023,29,24,DOM Fem.,¿A quiénes ve el perro?,11:55,el perro ve los... I mean las niñas,1,0,"Full DP, no DOM",0,NA,ve a las niñas,,Jorge,,,,,,,,,,,,,,,,,
H34,2023,32,27,DOM Fem.,¿A quiénes ve la mamá?,12:38,las niñas ve la mamá,1,0,"Full DP, no DOM",0,NA,ve a las niñas,,Jorge,,,,,,,,,,,,,,,,,
H35,2023,6,1,DOM Masc.,¿A quién ve el papá?,4:21,uhm un niño,0,0,"DP, no verb, no DOM",0,,ve al niño,,Jorge,,,,,,,,,,,,,,,,,
H35,2023,9,4,DOM Masc.,¿A quién ve la mamá?,5:12,uhm el niño,0,0,"DP, no verb, no DOM",0,,ve al hijo ,,Jorge,,,,,,,,,,,,,,,,,
H35,2023,13,8,DOM Fem.,¿A quién ve la abuela?,6:13,uhm el perro y el niña,0,0,"DP, no verb, no DOM",0,,ve a la niña / ve al perro,,Jorge,,,,,,,,,,,,,,,,,
H35,2023,17,12,DOM Masc. ,¿A quién ve el perro?,7:30,eh el niño,0,0,"DP, no verb, no DOM",0,,ve al niño,,Jorge,,,,,,,,,,,,,,,,,
H35,2023,21,16,DOM Fem.,¿A quién ve la mamá?,8:22,la ma la bebé,0,0,"DP, no verb, no DOM",0,,ve al bebé,,Jorge,,,,,,,,,,,,,,,,,
H35,2023,25,20,DOM Masc.,¿A quién ve el monstruo?,9:28,el monstruo ve la niña,1,0,"Full DP, no DOM ",0,,ve a la chica,,Jorge,,,,,,,,,,,,,,,,,
H35,2023,29,24,DOM Fem.,¿A quiénes ve el perro?,10:40,uhm los niños ven la perro,1,0,Word order,0,,ve a las niñas,,Jorge,,,,,,,,,,,,,,,,,
H35,2023,32,27,DOM Fem.,¿A quiénes ve la mamá?,11:46,uhm los niños,0,0,"DP, no verb, no DOM",0,,ve a las niñas,,Jorge,,,,,,,,,,,,,,,,,
H36,2023,6,1,DOM Masc.,¿A quién ve el papá?,3:41,el niño ,0,0,"DP, no verb, no DOM",0,,ve al niño,,Jorge,,,,,,,,,,,,,,,,,
H36,2023,9,4,DOM Masc.,¿A quién ve la mamá?,4:36,el niño de ella ,0,0,"DP, no verb, no DOM",0,,ve al hijo ,,Jorge,,,,,,,,,,,,,,,,,
H36,2023,13,8,DOM Fem.,¿A quién ve la abuela?,6:06,el perro y el niño ,0,0,"DP, no verb, no DOM",0,,ve a la niña / ve al perro,,Jorge,,,,,,,,,,,,,,,,,
H36,2023,17,12,DOM Masc. ,¿A quién ve el perro?,7:04,el niño ,0,0,"DP, no verb, no DOM",0,,ve al niño,,Jorge,,,,,,,,,,,,,,,,,
H36,2023,21,16,DOM Fem.,¿A quién ve la mamá?,8:22,"la niña, oh niño y el rubber ducky ",0,0,"DP, no verb, no DOM",0,,ve al bebé,,Jorge,,,,,,,,,,,,,,,,,
H36,2023,25,20,DOM Masc.,¿A quién ve el monstruo?,9:21,el niña ,0,0,"DP, no verb, no DOM",0,,ve a la chica,,Jorge,,,,,,,,,,,,,,,,,
H36,2023,29,24,DOM Fem.,¿A quiénes ve el perro?,10:16,ve a los niños o niñas ,0,1,,1,,ve a las niñas,,Jorge,,,,,,,,,,,,,,,,,
H36,2023,32,27,DOM Fem.,¿A quiénes ve la mamá?,11:08,a la niña y el otro niño ,0,1,,1,,ve a las niñas,,Jorge,,,,,,,,,,,,,,,,,
H37,2023,6,1,DOM Masc.,¿A quién ve el papá?,3:31,uhm el persona en la izquierda porque miran como más como miran como tiene más años ,,,Grammatical alternative,,Participant doesn't use the target verb but provides a response ,ve al niño,,Jorge,,,,,,,,,,,,,,,,,
H37,2023,9,4,DOM Masc.,¿A quién ve la mamá?,4:20,uhm mirar? el niño una... ,1,0,"Full DP, no DOM",0,maybe the participant mumbled mirar... check ,ve al hijo ,,Jorge,,,,,,,,,,,,,,,,,
H37,2023,13,8,DOM Fem.,¿A quién ve la abuela?,5:40,son empujando a la niña uhm y son afuera con .... (mumbling ),TBD,1,,1,he uses verbs and DOM but not the target verb,ve a la niña / ve al perro,,Jorge,,,,,,,,,,,,,,,,,
H37,2023,17,12,DOM Masc. ,¿A quién ve el perro?,6:40,uhm el niño.... uhm el perro ve el niño,1,0,"Full DP, no DOM",0,,ve al niño,,Jorge,,,,,,,,,,,,,,,,,
H37,2023,21,16,DOM Fem.,¿A quién ve la mamá?,7:43,uh la mamá ve a su uhm a su bebé que son limpiando,1,1,,1,,ve al bebé,,Jorge,,,,,,,,,,,,,,,,,
H37,2023,25,20,DOM Masc.,¿A quién ve el monstruo?,8:49,el monstruo uhm ve a un niña que son gritando,1,1,,1,,ve a la chica,,Jorge,,,,,,,,,,,,,,,,,
H37,2023,29,24,DOM Fem.,¿A quiénes ve el perro?,9:54,el perro ve a los niñas y hacen sucias,1,1,,1,,ve a las niñas,,Jorge,,,,,,,,,,,,,,,,,
H37,2023,32,27,DOM Fem.,¿A quiénes ve la mamá?,10:43,la mamá ve a las niñas con un teléfono,1,1,,1,,ve a las niñas,,Jorge,,,,,,,,,,,,,,,,,
H38,2023,6,1,DOM Masc.,¿A quién ve el papá?,4:02,su niño,0,0,"DP, no verb, no DOM",0,,ve al niño,,Jorge,,,,,,,,,,,,,,,,,
H38,2023,9,4,DOM Masc.,¿A quién ve la mamá?,5:11,su niña en la escuela,0,0,"DP, no verb, no DOM",0,,ve al hijo ,,Jorge,,,,,,,,,,,,,,,,,
H38,2023,13,8,DOM Fem.,¿A quién ve la abuela?,6:24,a su niña... a su... nieta y están jugando en la parque,,1,,1,,ve a la niña / ve al perro,,Jorge,,,,,,,,,,,,,,,,,
H38,2023,17,12,DOM Masc. ,¿A quién ve el perro?,7:40,eh un niño y estás... que estás lamiendo,0,0,"DP, no verb, no DOM",0,check verbs,ve al niño,,Jorge,,,,,,,,,,,,,,,,,
H38,2023,21,16,DOM Fem.,¿A quién ve la mamá?,8:52,estás limpiando su gran? bebé,1,0,"Full DP, no DOM",0,,ve al bebé,,Jorge,,,,,,,,,,,,,,,,,
H38,2023,25,20,DOM Masc.,¿A quién ve el monstruo?,10:03,el niño y niña muy aterrorizados,0,0,"DP, no verb, no DOM",0,,ve a la chica,,Jorge,,,,,,,,,,,,,,,,,
H38,2023,29,24,DOM Fem.,¿A quiénes ve el perro?,11:09,dos niñas,0,0,"DP, no verb, no DOM",0,,ve a las niñas,,Jorge,,,,,,,,,,,,,,,,,
H38,2023,32,27,DOM Fem.,¿A quiénes ve la mamá?,11:45,a dos niñas,0,1,,1,,ve a las niñas,,Jorge,,,,,,,,,,,,,,,,,
H40,2023,6,1,DOM Masc.,¿A quién ve el papá?,2:07,a el niño,0,1,,1,,ve al niño,,Jorge,,,,,,,,,,,,,,,,,
H40,2023,9,4,DOM Masc.,¿A quién ve la mamá?,2:51,niño está,,,Grammatical alternative,,,ve al hijo ,,Jorge,,,,,,,,,,,,,,,,,
H40,2023,13,8,DOM Fem.,¿A quién ve la abuela?,3:28,la niña allí jugando ,0,0,"DP, no verb, no DOM ",0,,ve a la niña / ve al perro,,Jorge,,,,,,,,,,,,,,,,,
H40,2023,17,12,DOM Masc. ,¿A quién ve el perro?,4:19,el niño,0,0,"DP, no verb, no DOM ",0,,ve al niño,,Jorge,,,,,,,,,,,,,,,,,
H40,2023,21,16,DOM Fem.,¿A quién ve la mamá?,5:12,el niño,0,0,"DP, no verb, no DOM ",0,,ve al bebé,,Jorge,,,,,,,,,,,,,,,,,
H40,2023,25,20,DOM Masc.,¿A quién ve el monstruo?,5:47,la niña,0,0,"DP, no verb, no DOM ",0,,ve a la chica,,Jorge,,,,,,,,,,,,,,,,,
H40,2023,29,24,DOM Fem.,¿A quiénes ve el perro?,6:24,los dos niñas,0,0,"DP, no verb, no DOM ",0,,ve a las niñas,,Jorge,,,,,,,,,,,,,,,,,
H40,2023,32,27,DOM Fem.,¿A quiénes ve la mamá?,6:54,los dos niñas,0,0,"DP, no verb, no DOM ",0,,ve a las niñas,,Jorge,,,,,,,,,,,,,,,,,
H41,2023,6,1,DOM Masc.,¿A quién ve el papá?,3:19,uhm en la izquierda,,,Grammatical alternative,,Participant didn't answer the question but he seemed proficient ,ve al niño,,Jorge,,,,,,,,,,,,,,,,,
H41,2023,9,4,DOM Masc.,¿A quién ve la mamá?,4:00,con su niña,,,Grammatical alternative,,,ve al hijo ,,Jorge,,,,,,,,,,,,,,,,,
H41,2023,13,8,DOM Fem.,¿A quién ve la abuela?,4:44,con su niña y el perro,,,Grammatical alternative,,,ve a la niña / ve al perro,,Jorge,,,,,,,,,,,,,,,,,
H41,2023,17,12,DOM Masc. ,¿A quién ve el perro?,5:45,a un niño ,0,1,,1,,ve al niño,,Jorge,,,,,,,,,,,,,,,,,
H41,2023,21,16,DOM Fem.,¿A quién ve la mamá?,6:27,uhm su bebé,0,0,"DP, no verb, no DOM",0,,ve al bebé,,Jorge,,,,,,,,,,,,,,,,,
H41,2023,25,20,DOM Masc.,¿A quién ve el monstruo?,7:33,un niña,0,0,"DP, no verb, no DOM",0,,ve a la chica,,Jorge,,,,,,,,,,,,,,,,,
H41,2023,29,24,DOM Fem.,¿A quiénes ve el perro?,8:32,unos niñas,0,0,"DP, no verb, no DOM",0,,ve a las niñas,,Jorge,,,,,,,,,,,,,,,,,
H41,2023,32,27,DOM Fem.,¿A quiénes ve la mamá?,9:07,uhm unos niñas pequeñas,0,0,"DP, no verb, no DOM",0,,ve a las niñas,,Jorge,,,,,,,,,,,,,,,,,
H42,2023,6,1,DOM Masc.,¿A quién ve el papá?,4:31,el papá puede ver el niño,1,0,"Full DP, no DOM",0,,ve al niño,,Jorge,,,,,,,,,,,,,,,,,
H42,2023,9,4,DOM Masc.,¿A quién ve la mamá?,5:30,se ver la mamá se ve el niño,1,0,"Full DP, no DOM",0,,ve al hijo ,,Jorge,,,,,,,,,,,,,,,,,
H42,2023,13,8,DOM Fem.,¿A quién ve la abuela?,6:34,la abuela puede ver la niña ,1,0,"Full DP, no DOM",0,,ve a la niña / ve al perro,,Jorge,,,,,,,,,,,,,,,,,
H42,2023,17,12,DOM Masc. ,¿A quién ve el perro?,7:43,el perro puede ver el niño,1,0,"Full DP, no DOM",0,,ve al niño,,Jorge,,,,,,,,,,,,,,,,,
H42,2023,21,16,DOM Fem.,¿A quién ve la mamá?,8:38,la mamá puede ver el niño,1,0,"Full DP, no DOM",0,,ve al bebé,,Jorge,,,,,,,,,,,,,,,,,
H42,2023,25,20,DOM Masc.,¿A quién ve el monstruo?,9:39,el monstruo puede ver la niña,1,0,"Full DP, no DOM",0,,ve a la chica,,Jorge,,,,,,,,,,,,,,,,,
H42,2023,29,24,DOM Fem.,¿A quiénes ve el perro?,10:42,el perro puede ver las dos hermanas,1,0,"Full DP, no DOM",0,,ve a las niñas,,Jorge,,,,,,,,,,,,,,,,,
H42,2023,32,27,DOM Fem.,¿A quiénes ve la mamá?,11:37,la mamá puede ver las dos niñas,1,0,"Full DP, no DOM",0,,ve a las niñas,,Jorge,,,,,,,,,,,,,,,,,
H43,2023,6,1,DOM Masc.,¿A quién ve el papá?,2:48,"el niño, el niño ve al papá",1,1,,1,answered from the perspective of the niño but used the target structure,ve al niño,,Jorge,,,,,,,,,,,,,,,,,
H43,2023,9,4,DOM Masc.,¿A quién ve la mamá?,3:16,el niño,0,0,"DP, no verb, no DOM",0,,ve al hijo ,,Jorge,,,,,,,,,,,,,,,,,
H43,2023,13,8,DOM Fem.,¿A quién ve la abuela?,4:05,el perro y la niña ve a la abuela,1,1,,1,uses the target structure but from the perspective of la niña,ve a la niña / ve al perro,,Jorge,,,,,,,,,,,,,,,,,
H43,2023,17,12,DOM Masc. ,¿A quién ve el perro?,4:55,"el perro ve la niño, probablemente es su dueño ",1,0,"Full DP, no DOM",0,,ve al niño,,Jorge,,,,,,,,,,,,,,,,,
H43,2023,21,16,DOM Fem.,¿A quién ve la mamá?,6:02,uhm la mamá baña la bebé,1,0,"Full DP, no DOM",0,doesn't use the target verb,ve al bebé,,Jorge,,,,,,,,,,,,,,,,,
H43,2023,25,20,DOM Masc.,¿A quién ve el monstruo?,7:05,una niña,0,0,"DP, no verb, no DOM",0,,ve a la chica,,Jorge,,,,,,,,,,,,,,,,,
H43,2023,29,24,DOM Fem.,¿A quiénes ve el perro?,7:54,el perro ve a los niños,1,1,,1,,ve a las niñas,,Jorge,,,,,,,,,,,,,,,,,
H43,2023,32,27,DOM Fem.,¿A quiénes ve la mamá?,8:29,la mamá está llamando a la niña,,1,,1,Both target features are used but they respond to a different answer,ve a las niñas,,Jorge,,,,,,,,,,,,,,,,,
H44,2023,6,1,DOM Masc.,¿A quién ve el papá?,5:00,la niña niño,0,0,"DP, no verb, no DOM ",0,,ve al niño,,Jorge,,,,,,,,,,,,,,,,,
H44,2023,9,4,DOM Masc.,¿A quién ve la mamá?,6:07,mamá ver la niño y un beso,1,0,"Full DP, no DOM",0,,ve al hijo ,,Jorge,,,,,,,,,,,,,,,,,
H44,2023,13,8,DOM Fem.,¿A quién ve la abuela?,7:16,a la niña,0,1,,1,check uh ,ve a la niña / ve al perro,,Jorge,,,,,,,,,,,,,,,,,
H44,2023,17,12,DOM Masc. ,¿A quién ve el perro?,8:22,el perro lamerse y niño,,,Grammatical alternative,,,ve al niño,,Jorge,,,,,,,,,,,,,,,,,
H44,2023,21,16,DOM Fem.,¿A quién ve la mamá?,9:55,uh a la niña // Jen: cannot tell ,0,,Unintelligible/cannot tell,,chech uh ,ve al bebé,,Jorge,,,,,,,,,,,,,,,,,
H44,2023,25,20,DOM Masc.,¿A quién ve el monstruo?,10:36,la niña,0,0,"DP, no verb, no DOM",0,,ve a la chica,,Jorge,,,,,,,,,,,,,,,,,
H44,2023,29,24,DOM Fem.,¿A quiénes ve el perro?,11:19,dos niños,0,0,"DP, no verb, no DOM",0,,ve a las niñas,,Jorge,,,,,,,,,,,,,,,,,
H44,2023,32,27,DOM Fem.,¿A quiénes ve la mamá?,11:49,dos niños,0,0,"DP, no verb, no DOM",0,,ve a las niñas,,Jorge,,,,,,,,,,,,,,,,,
H45,2023,6,1,DOM Masc.,¿A quién ve el papá?,3:20,él,0,0,"DP, no verb, no DOM",0,,ve al niño,,Jorge,,,,,,,,,,,,,,,,,
H45,2023,9,4,DOM Masc.,¿A quién ve la mamá?,3:58, el hijo ,0,0,"DP, no verb, no DOM",0,,ve al hijo ,,Jorge,,,,,,,,,,,,,,,,,
H45,2023,13,8,DOM Fem.,¿A quién ve la abuela?,4:44,un perro y su uhhm el niño,0,0,"DP, no verb, no DOM",0,,ve a la niña / ve al perro,,Jorge,,,,,,,,,,,,,,,,,
H45,2023,17,12,DOM Masc. ,¿A quién ve el perro?,5:37,uh/a? su owner... dueño // Jen: uhhh su owner,0,0,"DP, no verb, no DOM",0,Participant gets helped with the word 'dueño'. Check DOM,ve al niño,,Jorge,,,,,,,,,,,,,,,,,
H45,2023,21,16,DOM Fem.,¿A quién ve la mamá?,6:44,su su hijo,0,0,"DP, no verb, no DOM",0,,ve al bebé,,Jorge,,,,,,,,,,,,,,,,,
H45,2023,25,20,DOM Masc.,¿A quién ve el monstruo?,7:40,un niña,0,0,"DP, no verb, no DOM",0,,ve a la chica,,Jorge,,,,,,,,,,,,,,,,,
H45,2023,29,24,DOM Fem.,¿A quiénes ve el perro?,8:25,los dos niñas,0,0,"DP, no verb, no DOM",0,,ve a las niñas,,Jorge,,,,,,,,,,,,,,,,,
H45,2023,32,27,DOM Fem.,¿A quiénes ve la mamá?,9:02,los niñas,0,0,"DP, no verb, no DOM",0,,ve a las niñas,,Jorge,,,,,,,,,,,,,,,,,
H46,2023,6,1,DOM Masc.,¿A quién ve el papá?,3:01,la papá es uhm es la persona que habla con el niño y eso tiene un perro uhmm... (unaudible),TBD,0,Grammatical alternative,,participant didn't respond to the question but used verbs,ve al niño,Should you disregard this participant from the study considering she didn't answer the questions directly but provided a description instead?,Jorge,,,,,,,,,,,,,,,,,
H46,2023,9,4,DOM Masc.,¿A quién ve la mamá?,4:18,la mamá que es su uhm niño en la cheek ,0,0,Grammatical alternative,,,ve al hijo ,,Jorge,,,,,,,,,,,,,,,,,
H46,2023,13,8,DOM Fem.,¿A quién ve la abuela?,5:29,la abuela pushes su niña ... uhm su rendada? on la swing,,0,Codeswitching with English verb,0,,ve a la niña / ve al perro,,Jorge,,,,,,,,,,,,,,,,,
H46,2023,17,12,DOM Masc. ,¿A quién ve el perro?,6:37,la perro es licking el niño ,0,0,Codeswitching with English verb,0,verb es?,ve al niño,,Jorge,,,,,,,,,,,,,,,,,
H46,2023,21,16,DOM Fem.,¿A quién ve la mamá?,7:49,la mamá uh es washing su niño,0,0,Codeswitching with English verb,0,code Codeswitching with English verbs?,ve al bebé,,Jorge,,,,,,,,,,,,,,,,,
H46,2023,25,20,DOM Masc.,¿A quién ve el monstruo?,9:00,el monstruo uhm ver la niña,1,0,"Full DP, no DOM",0,,ve a la chica,,Jorge,,,,,,,,,,,,,,,,,
H46,2023,29,24,DOM Fem.,¿A quiénes ve el perro?,9:57,la perro es getting dirty y makes la uhm clothes de los niños dirty con uth? mud con mud ,0,0,Codeswitching with English verb,0,English ,ve a las niñas,,Jorge,,,,,,,,,,,,,,,,,
H46,2023,32,27,DOM Fem.,¿A quiénes ve la mamá?,11:00,la mamá es en la teléfono con sus niñas,0,0,Grammatical alternative,,es?,ve a las niñas,,Jorge,,,,,,,,,,,,,,,,,
H48,2023,6,1,DOM Masc.,¿A quién ve el papá?,0:26,el papá ve al niño,1,1,,1,,ve al niño,,Jorge,,,,,,,,,,,,,,,,,
H48,2023,9,4,DOM Masc.,¿A quién ve la mamá?,0:34,la mamá ve a su niño,1,1,,1,,ve al hijo ,,Jorge,,,,,,,,,,,,,,,,,
H48,2023,13,8,DOM Fem.,¿A quién ve la abuela?,0:44,la abuela ve a su nieta ,1,1,,1,A bit of help from the researcher for the word nieta,ve a la niña / ve al perro,,Jorge,,,,,,,,,,,,,,,,,
H48,2023,17,12,DOM Masc. ,¿A quién ve el perro?,1:06,el perro ve al niño,1,1,,1,,ve al niño,,Jorge,,,,,,,,,,,,,,,,,
H48,2023,21,16,DOM Fem.,¿A quién ve la mamá?,1:16,la mamá ve a su bebé ,1,1,,1,,ve al bebé,,Jorge,,,,,,,,,,,,,,,,,
H48,2023,25,20,DOM Masc.,¿A quién ve el monstruo?,1:27,el monstruo ve a una niña,1,1,,1,,ve a la chica,,Jorge,,,,,,,,,,,,,,,,,
H48,2023,29,24,DOM Fem.,¿A quiénes ve el perro?,1:40,el perro ve al las dos niñas,1,1,,1,,ve a las niñas,,Jorge,,,,,,,,,,,,,,,,,
H48,2023,32,27,DOM Fem.,¿A quiénes ve la mamá?,1:54,la mamá ve al las dos niñas,1,1,,1,,ve a las niñas,,Jorge,,,,,,,,,,,,,,,,,
H49,2023,6,1,DOM Masc.,¿A quién ve el papá?,0:42,el papá ven la niño,1,0,"Full DP, no DOM",0,,ve al niño,,Jorge,,,,,,,,,,,,,,,,,
H49,2023,9,4,DOM Masc.,¿A quién ve la mamá?,0:52,la niño,0,0,"DP, no verb, no DOM",0,,ve al hijo ,,Jorge,,,,,,,,,,,,,,,,,
H49,2023,13,8,DOM Fem.,¿A quién ve la abuela?,1:02,la niña,0,0,"DP, no verb, no DOM",0,,ve a la niña / ve al perro,,Jorge,,,,,,,,,,,,,,,,,
H49,2023,17,12,DOM Masc. ,¿A quién ve el perro?,1:10,el niño,0,0,"DP, no verb, no DOM",0,,ve al niño,,Jorge,,,,,,,,,,,,,,,,,
H49,2023,21,16,DOM Fem.,¿A quién ve la mamá?,1:19,la bebé,0,0,"DP, no verb, no DOM",0,,ve al bebé,,Jorge,,,,,,,,,,,,,,,,,
H49,2023,25,20,DOM Masc.,¿A quién ve el monstruo?,1:30,la niña,0,0,"DP, no verb, no DOM",0,,ve a la chica,,Jorge,,,,,,,,,,,,,,,,,
H49,2023,29,24,DOM Fem.,¿A quiénes ve el perro?,1:38,las niñas,0,0,"DP, no verb, no DOM",0,,ve a las niñas,,Jorge,,,,,,,,,,,,,,,,,
H49,2023,32,27,DOM Fem.,¿A quiénes ve la mamá?,1:48,las niñas,0,0,"DP, no verb, no DOM",0,,ve a las niñas,,Jorge,,,,,,,,,,,,,,,,,
H50,2023,6,1,DOM Masc.,¿A quién ve el papá?,0:51,"el papá es más más grande que de el de el hermano o el hermana, el padre tiene una más darker skin color de el hermano... el padre puede ver el niño ",,,Grammatical alternative,,Researcher has to repeat the question to get target response ,ve al niño,,Jorge,,,,,,,,,,,,,,,,,
H50,2023,9,4,DOM Masc.,¿A quién ve la mamá?,1:39,el mamá es kissing el niño adiós para ir a un lugar ,,,Codeswitching with English verb,0,,ve al hijo ,,Jorge,,,,,,,,,,,,,,,,,
H50,2023,13,8,DOM Fem.,¿A quién ve la abuela?,1:53,la abuela es pushando el niña para jugar en el swing,,,Codeswitching with English verb,0,,ve a la niña / ve al perro,,Jorge,,,,,,,,,,,,,,,,,
H50,2023,17,12,DOM Masc. ,¿A quién ve el perro?,2:12,el perro es jugando con el niño y es jugando y kissing el niño ,,,Codeswitching with English verb,0,,ve al niño,,Jorge,,,,,,,,,,,,,,,,,
H50,2023,21,16,DOM Fem.,¿A quién ve la mamá?,2:30,el mamá es lavando el niño ,1,0,"Full DP, no DOM",0,,ve al bebé,,Jorge,,,,,,,,,,,,,,,,,
H50,2023,25,20,DOM Masc.,¿A quién ve el monstruo?,2:41,el monstruo es scaring el niña ,,,Codeswitching with English verb,0,,ve a la chica,,Jorge,,,,,,,,,,,,,,,,,
H50,2023,29,24,DOM Fem.,¿A quiénes ve el perro?,2:58,"el perro es saltando y es muy muy sucio, dos niñas, una niña es más grande de el otra niña ",,,Grammatical alternative,,Researcher has to repeat the question to get target response ,ve a las niñas,,Jorge,,,,,,,,,,,,,,,,,
H50,2023,32,27,DOM Fem.,¿A quiénes ve la mamá?,3:24,"la mamá es es el niña pranking el mamá, el mamá... la mamá picking up el teléfono... la mamá ve los dos niñas ",,0,Codeswitching with English verb,0,Researcher has to repeat the question to get target response ,ve a las niñas,,Jorge,,,,,,,,,,,,,,,,,
H51,2023,6,1,DOM Masc.,¿A quién ve el papá?,0:34,y el niña,0,0,"DP, no verb, no DOM",0,,ve al niño,,Jorge,,,,,,,,,,,,,,,,,
H51,2023,9,4,DOM Masc.,¿A quién ve la mamá?,0:45,el mamá que es el niño,,0,Grammatical alternative,,,ve al hijo ,,Jorge,,,,,,,,,,,,,,,,,
H51,2023,13,8,DOM Fem.,¿A quién ve la abuela?,1:00,el abuela pushed el niña en el swing ,,0,Codeswitching with English verb,0,,ve a la niña / ve al perro,,Jorge,,,,,,,,,,,,,,,,,
H51,2023,17,12,DOM Masc. ,¿A quién ve el perro?,1:13,el perro licked el niño,,0,Codeswitching with English verb,0,,ve al niño,,Jorge,,,,,,,,,,,,,,,,,
H51,2023,21,16,DOM Fem.,¿A quién ve la mamá?,1:21,el mamá watched el baby el babé,,0,Codeswitching with English verb,0,,ve al bebé,,Jorge,,,,,,,,,,,,,,,,,
H51,2023,25,20,DOM Masc.,¿A quién ve el monstruo?,1:34,el monstruo rol? a la niña,,1,,1,,ve a la chica,,Jorge,,,,,,,,,,,,,,,,,
H51,2023,29,24,DOM Fem.,¿A quiénes ve el perro?,1:50,el perro play en el mud,,0,Grammatical alternative,,,ve a las niñas,,Jorge,,,,,,,,,,,,,,,,,
H51,2023,32,27,DOM Fem.,¿A quiénes ve la mamá?,2:14,la mamá call el niñas,,0,Codeswitching with English verb,0,,ve a las niñas,,Jorge,,,,,,,,,,,,,,,,,
H52,2023,6,1,DOM Masc.,¿A quién ve el papá?,1:16,el niño ,0,0,"DP, no verb, no DOM",0,,ve al niño,,Jorge,,,,,,,,,,,,,,,,,
H52,2023,9,4,DOM Masc.,¿A quién ve la mamá?,1:23,"el tú son, hijo, tu hijo ",0,0,"DP, no verb, no DOM",0,,ve al hijo ,,Jorge,,,,,,,,,,,,,,,,,
H52,2023,13,8,DOM Fem.,¿A quién ve la abuela?,1:38,"los tu tu hijo, no tu tu niña ",0,0,"DP, no verb, no DOM",0,,ve a la niña / ve al perro,,Jorge,,,,,,,,,,,,,,,,,
H52,2023,17,12,DOM Masc. ,¿A quién ve el perro?,2:10,tu un niño ,0,0,"DP, no verb, no DOM",0,,ve al niño,,Jorge,,,,,,,,,,,,,,,,,
H52,2023,21,16,DOM Fem.,¿A quién ve la mamá?,2:20,tu bebé su bebé ,0,0,"DP, no verb, no DOM",0,,ve al bebé,,Jorge,,,,,,,,,,,,,,,,,
H52,2023,25,20,DOM Masc.,¿A quién ve el monstruo?,2:36,el niña la niña ,0,0,"DP, no verb, no DOM",0,,ve a la chica,,Jorge,,,,,,,,,,,,,,,,,
H52,2023,29,24,DOM Fem.,¿A quiénes ve el perro?,2:46,las niñas ,0,0,"DP, no verb, no DOM",0,,ve a las niñas,,Jorge,,,,,,,,,,,,,,,,,
H52,2023,32,27,DOM Fem.,¿A quiénes ve la mamá?,2:55,tus hijos ,0,0,"DP, no verb, no DOM",0,,ve a las niñas,,Jorge,,,,,,,,,,,,,,,,,
H54,2023,6,1,DOM Masc.,¿A quién ve el papá?,0:58,él ve a el niño,1,1,,1,,ve al niño,,Jorge,,,,,,,,,,,,,,,,,
H54,2023,9,4,DOM Masc.,¿A quién ve la mamá?,1:26,la niño,0,0,"DP, no verb, no DOM",0,,ve al hijo ,,Jorge,,,,,,,,,,,,,,,,,
H54,2023,13,8,DOM Fem.,¿A quién ve la abuela?,1:34,la abuela está viendo la niña y la perro,1,0,"Full DP, no DOM",0,,ve a la niña / ve al perro,,Jorge,,,,,,,,,,,,,,,,,
H54,2023,17,12,DOM Masc. ,¿A quién ve el perro?,1:54,el niño,0,0,"DP, no verb, no DOM",0,,ve al niño,,Jorge,,,,,,,,,,,,,,,,,
H54,2023,21,16,DOM Fem.,¿A quién ve la mamá?,2:04,la bebé,0,0,"DP, no verb, no DOM",0,,ve al bebé,,Jorge,,,,,,,,,,,,,,,,,
H54,2023,25,20,DOM Masc.,¿A quién ve el monstruo?,2:12,la niña ve la monstruo,1,0,"Full DP, no DOM",0,,ve a la chica,,Jorge,,,,,,,,,,,,,,,,,
H54,2023,29,24,DOM Fem.,¿A quiénes ve el perro?,2:25,"ahhh ella, la niña",0,1,,1,uhhh check ,ve a las niñas,,Jorge,,,,,,,,,,,,,,,,,
H54,2023,32,27,DOM Fem.,¿A quiénes ve la mamá?,2:43,las dos niña,0,0,"DP, no verb, no DOM",0,,ve a las niñas,,Jorge,,,,,,,,,,,,,,,,,
H56,2023,6,1,DOM Masc.,¿A quién ve el papá?,0:38,el niño / el papá vel el niño,1,0,"Full DP, no DOM",0,Researcher asked 3 times to get a full sentence response,ve al niño,,Jorge,,,,,,,,,,,,,,,,,
H56,2023,9,4,DOM Masc.,¿A quién ve la mamá?,1:16,la mamá vel el pequeño niño... el niño pequeño ,1,0,"Full DP, no DOM",0,,ve al hijo ,,Jorge,,,,,,,,,,,,,,,,,
H56,2023,13,8,DOM Fem.,¿A quién ve la abuela?,1:30,la abuela ver el perro y el chica,1,0,"Full DP, no DOM",0,,ve a la niña / ve al perro,,Jorge,,,,,,,,,,,,,,,,,
H56,2023,17,12,DOM Masc. ,¿A quién ve el perro?,1:55,el perro vel el niño,1,0,"Full DP, no DOM",0,,ve al niño,,Jorge,,,,,,,,,,,,,,,,,
H56,2023,21,16,DOM Fem.,¿A quién ve la mamá?,2:04,la mamá vel el chico,1,0,"Full DP, no DOM",0,,ve al bebé,,Jorge,,,,,,,,,,,,,,,,,
H56,2023,25,20,DOM Masc.,¿A quién ve el monstruo?,2:17,el monstruo vel el niño el niña,1,0,"Full DP, no DOM",0,,ve a la chica,,Jorge,,,,,,,,,,,,,,,,,
H56,2023,29,24,DOM Fem.,¿A quiénes ve el perro?,2:34,el perro vel el niñas,1,0,"Full DP, no DOM",0,,ve a las niñas,,Jorge,,,,,,,,,,,,,,,,,
H56,2023,32,27,DOM Fem.,¿A quiénes ve la mamá?,2:40,la mamá ver el chicas,1,0,"Full DP, no DOM",0,,ve a las niñas,,Jorge,,,,,,,,,,,,,,,,,
H57,2023,6,1,DOM Masc.,¿A quién ve el papá?,1:39,"el papá es más grande de el niño o niña, que tiene el pelo diferente, el papá es el uhmm how do you say brown? marrón, I mean marrón y el otro es blanco, no es el mismo, diferentes. El padre ve que el niño o niña es no es su bebé. ",1,0,Grammatical alternative,,Researcher asked several times but participant didn't directly answer and provided other explanations. ,ve al niño,,Jorge,,,,,,,,,,,,,,,,,
H57,2023,9,4,DOM Masc.,¿A quién ve la mamá?,2:34,"le gusta el niño, el niño es un buen escuchador... ve al niño, está muy felices ",1,1,,1,dom after reseacher tried to elicit it more directly ,ve al hijo ,,Jorge,,,,,,,,,,,,,,,,,
H57,2023,13,8,DOM Fem.,¿A quién ve la abuela?,2:56,"la abuela es jugando con el niña en el parque y hay un perro en el piso, la abuela está ve el perro y el niña que es muy feliz porque está jugando mucho, la abuela le gusta el niña ",1,0,"Full DP, no DOM",0,Researcher asked several times ,ve a la niña / ve al perro,,Jorge,,,,,,,,,,,,,,,,,
H57,2023,17,12,DOM Masc. ,¿A quién ve el perro?,3:56,"el niño que está muy feliz, está emocionada ",0,0,"DP, no verb, no DOM",0,,ve al niño,,Jorge,,,,,,,,,,,,,,,,,
H57,2023,21,16,DOM Fem.,¿A quién ve la mamá?,4:23,"está jugando con el niño, está ayudando el niño y hay muchas burbujas en el pelo, está muy feliz porque el niño tenía mucha diversión y mamá le gusta el diversión del niño, emocionada, el bebé que está jugando con el pote?",1,0,"Full DP, no DOM",0,,ve al bebé,,Jorge,,,,,,,,,,,,,,,,,
H57,2023,25,20,DOM Masc.,¿A quién ve el monstruo?,5:04,"hay un monstruo comiendo niña, quiere comer el niña, el niña es ahhh (screams), y el monstruo es muy es muy fuerte ",1,0,"Full DP, no DOM",0,,ve a la chica,,Jorge,,,,,,,,,,,,,,,,,
H57,2023,29,24,DOM Fem.,¿A quiénes ve el perro?,5:23,"el perro está veo el los niñas emocionadas y quiere jugar, pero las niñas no está felices",1,0,Grammatical alternative,,,ve a las niñas,,Jorge,,,,,,,,,,,,,,,,,
H57,2023,32,27,DOM Fem.,¿A quiénes ve la mamá?,5:52,"está jugando con el teléfono y el niñas, la mamá es es uhm está bajando con los niñas para aprender sobre como se usa un teléfono, la mamá dice que tú necesita aprender como se usa el teléfono y la niña dice yo sé cómo se usa el teléfono, yo veo mi papá y mi mamá jugando con el teléfonos ",,0,Grammatical alternative,,,ve a las niñas,,Jorge,,,,,,,,,,,,,,,,,
H59,2023,6,1,DOM Masc.,¿A quién ve el papá?,0:42,la mamá ve la niño,1,0,"Full DP, no DOM",0,Receives help from researcher to answer question. Participant provides other responses first not answering the question. ,ve al niño,,Jorge,,,,,,,,,,,,,,,,,
H59,2023,9,4,DOM Masc.,¿A quién ve la mamá?,1:30,la mamá que es la niño,0,0,"DP, no verb, no DOM",0,,ve al hijo ,,Jorge,,,,,,,,,,,,,,,,,
H59,2023,13,8,DOM Fem.,¿A quién ve la abuela?,1:42,a él... la abuela pushed el niño en las (unaudible),,1,,1,Participant says something that might be 'a' at the beginning but it is unclear. ,ve a la niña / ve al perro,,Jorge,,,,,,,,,,,,,,,,,
H59,2023,17,12,DOM Masc. ,¿A quién ve el perro?,1:53,el perro es licking el niño,,0,Codeswitching with English verb,0,,ve al niño,,Jorge,,,,,,,,,,,,,,,,,
H59,2023,21,16,DOM Fem.,¿A quién ve la mamá?,2:04,el mamá es washing el niño ,,0,Codeswitching with English verb,0,,ve al bebé,,Jorge,,,,,,,,,,,,,,,,,
H59,2023,25,20,DOM Masc.,¿A quién ve el monstruo?,2:23,el monstruo eats comer al a(l) niña,1,1,,1,,ve a la chica,,Jorge,,,,,,,,,,,,,,,,,
H59,2023,29,24,DOM Fem.,¿A quiénes ve el perro?,2:34,el el perro touched la niña,,0,Codeswitching with English verb,0,,ve a las niñas,,Jorge,,,,,,,,,,,,,,,,,
H59,2023,32,27,DOM Fem.,¿A quiénes ve la mamá?,2:51,"la mamá es es calling el principal, es calling el principal, el principal es un niña",,0,Codeswitching with English verb,0,,ve a las niñas,,Jorge,,,,,,,,,,,,,,,,,
H62,2023,6,1,DOM Masc.,¿A quién ve el papá?,3:00, yo pienso que está ven a la niño porque la niño es la sola persona que pueden ver ,1,1,,1,Researcher asked 3 times because participant provided other information before. ,ve al niño,,Jorge,,,,,,,,,,,,,,,,,
H62,2023,9,4,DOM Masc.,¿A quién ve la mamá?,3:24,la mamá está abrazando a la niño... y yo pienso que la mamá están fui al oficina y la niña aquí está corriendo y juando,1,1,,1,Uses different verb with DOM. Gave longer explanation ,ve al hijo ,,Jorge,,,,,,,,,,,,,,,,,
H62,2023,13,8,DOM Fem.,¿A quién ve la abuela?,3:50,"la abuela está jugando con el niña y el perro está feliz porque su tail está waggling. La abuela tengo un vestido azul y un bolso y tengo zapatos un poquito fancy y es porque pone pendientes,cuando  por un fancy un día importante. tengo un vestido baggy, y los zapatos. la abuela está pushing la niña en la swing. ",1,0,Codeswitching with English verb,0,Long explanation after researcher asks three times. ,ve a la niña / ve al perro,,Jorge,,,,,,,,,,,,,,,,,
H62,2023,17,12,DOM Masc. ,¿A quién ve el perro?,5:04,"el perro está feliz con con la niño y el pero está feliz porque la perro no está haciendo un cosa mal, están licking el niño ",1,0,Codeswitching with English verb,0,Long explanation after researcher asks in different ways. ,ve al niño,,Jorge,,,,,,,,,,,,,,,,,
H62,2023,21,16,DOM Fem.,¿A quién ve la mamá?,5:33,"la mamá está limpiando el su hijo en la baño, están poniendo soap ",1,0,"Full DP, no DOM",0,,ve al bebé,,Jorge,,,,,,,,,,,,,,,,,
H62,2023,25,20,DOM Masc.,¿A quién ve el monstruo?,6:14,"el monstruo no es un bien monstruo, están atacando la niña, y la niña está preguntar por ayuda ",1,0,"Full DP, no DOM",0,Long explanation after researcher asks in different ways. ,ve a la chica,,Jorge,,,,,,,,,,,,,,,,,
H62,2023,29,24,DOM Fem.,¿A quiénes ve el perro?,6:42,"las niñas tengo vestidos hermosas y están muy fancy, su pelo,  y ella tiene balls, pero el perro está, no está limpio, están no limpiando, están messing los vestidos de la niñas cuando está blanco, esta no muy bien. la perro está viendo los las niñas. ",1,0,"Full DP, no DOM",0,Long explanation after researcher asks in different ways. ,ve a las niñas,,Jorge,,,,,,,,,,,,,,,,,
H62,2023,32,27,DOM Fem.,¿A quiénes ve la mamá?,7:50,"la mamá estar hablando con un persona en la teléfono y yo piensa que las niñas están tomando un foto de la mamá, yo pienso que la mamá está viendo a la niñas ",1,1,,1,,ve a las niñas,,Jorge,,,,,,,,,,,,,,,,,
H63,2023,6,1,DOM Masc.,¿A quién ve el papá?,3:19,a el hijo,0,1,,1,,ve al niño,,Jorge,,,,,,,,,,,,,,,,,
H63,2023,9,4,DOM Masc.,¿A quién ve la mamá?,3:56,su hijo,0,0,"DP, no verb, no DOM",0,,ve al hijo ,,Jorge,,,,,,,,,,,,,,,,,
H63,2023,13,8,DOM Fem.,¿A quién ve la abuela?,5:02,"uhm el perro porque la niña está, porque la niña tiene sus ojos cerrados",0,0,Word order,0,more information added after the DP,ve a la niña / ve al perro,,Jorge,,,,,,,,,,,,,,,,,
H63,2023,17,12,DOM Masc. ,¿A quién ve el perro?,6:06,"uhm el hijo, uhm yo, yo vio el perro",0,0,"Full DP, no DOM",0,more information added after the DP,ve al niño,,Jorge,,,,,,,,,,,,,,,,,
H63,2023,21,16,DOM Fem.,¿A quién ve la mamá?,7:07,a su hijo,0,1,,1,,ve al bebé,,Jorge,,,,,,,,,,,,,,,,,
H63,2023,25,20,DOM Masc.,¿A quién ve el monstruo?,8:00,la niña,0,0,"DP, no verb, no DOM",0,,ve a la chica,,Jorge,,,,,,,,,,,,,,,,,
H63,2023,29,24,DOM Fem.,¿A quiénes ve el perro?,9:04,las niñas,0,0,"DP, no verb, no DOM",0,,ve a las niñas,,Jorge,,,,,,,,,,,,,,,,,
H63,2023,32,27,DOM Fem.,¿A quiénes ve la mamá?,9:52,sus hijas,0,0,"DP, no verb, no DOM",0,,ve a las niñas,,Jorge,,,,,,,,,,,,,,,,,
H64,2023,6,1,DOM Masc.,¿A quién ve el papá?,4:07,un niño su hijo su hijo,0,0,"DP, no verb, no DOM",0,,ve al niño,,Jorge,,,,,,,,,,,,,,,,,
H64,2023,9,4,DOM Masc.,¿A quién ve la mamá?,5:30,a su hijo,0,1,,1,,ve al hijo ,,Jorge,,,,,,,,,,,,,,,,,
H64,2023,13,8,DOM Fem.,¿A quién ve la abuela?,6:40,la abuela ve a su grandaughter,1,1,,1,,ve a la niña / ve al perro,,Jorge,,,,,,,,,,,,,,,,,
H64,2023,17,12,DOM Masc. ,¿A quién ve el perro?,8:05,el perro a el niño,0,1,,1,,ve al niño,,Jorge,,,,,,,,,,,,,,,,,
H64,2023,21,16,DOM Fem.,¿A quién ve la mamá?,9:28,"el niño ve la mamá, el bebé",1,0,"Full DP, no DOM",0,,ve al bebé,Participant responded from the perspective of the observed person ,Jorge,,,,,,,,,,,,,,,,,
H64,2023,25,20,DOM Masc.,¿A quién ve el monstruo?,10:40,la niña mujer ve al monstruo,1,1,Word order,0,,ve a la chica,,Jorge,,,,,,,,,,,,,,,,,
H64,2023,29,24,DOM Fem.,¿A quiénes ve el perro?,12:33,"los niñas, las niñas ven al perro ",1,1,Word order,0,,ve a las niñas,Participant responded from the perspective of the observed person ,Jorge,,,,,,,,,,,,,,,,,
H64,2023,32,27,DOM Fem.,¿A quiénes ve la mamá?,13:38,las niñas ven a la mamá,1,1,Word order,0,,ve a las niñas,Participant responded from the perspective of the observed person ,Jorge,,,,,,,,,,,,,,,,,
H65,2023,6,1,DOM Masc.,¿A quién ve el papá?,2:23,él ve a su hijo,1,1,,1,,ve al niño,,Jorge,,,,,,,,,,,,,,,,,
H65,2023,9,4,DOM Masc.,¿A quién ve la mamá?,3:30,a su hijo,0,1,,1,,ve al hijo ,,Jorge,,,,,,,,,,,,,,,,,
H65,2023,13,8,DOM Fem.,¿A quién ve la abuela?,4:22,a su hija y un perro,0,1,,1,,ve a la niña / ve al perro,,Jorge,,,,,,,,,,,,,,,,,
H65,2023,17,12,DOM Masc. ,¿A quién ve el perro?,5:25,a un niño,0,1,,1,,ve al niño,,Jorge,,,,,,,,,,,,,,,,,
H65,2023,21,16,DOM Fem.,¿A quién ve la mamá?,6:25,a su bebé,0,1,,1,,ve al bebé,,Jorge,,,,,,,,,,,,,,,,,
H65,2023,25,20,DOM Masc.,¿A quién ve el monstruo?,7:16,a una niña,0,1,,1,,ve a la chica,,Jorge,,,,,,,,,,,,,,,,,
H65,2023,29,24,DOM Fem.,¿A quiénes ve el perro?,8:13,a dos niñas,0,1,,1,,ve a las niñas,,Jorge,,,,,,,,,,,,,,,,,
H65,2023,32,27,DOM Fem.,¿A quiénes ve la mamá?,8:52,a los niñas,0,1,,1,,ve a las niñas,,Jorge,,,,,,,,,,,,,,,,,
H66,2023,6,1,DOM Masc.,¿A quién ve el papá?,5:53,a su hijo,0,1,,1,,ve al niño,,Jorge,,,,,,,,,,,,,,,,,
H66,2023,9,4,DOM Masc.,¿A quién ve la mamá?,6:42,el hija a su hija,0,1,,1,Research asks a second time to get a different response ,ve al hijo ,,Jorge,,,,,,,,,,,,,,,,,
H66,2023,13,8,DOM Fem.,¿A quién ve la abuela?,7:30,a la niña,0,1,,1,,ve a la niña / ve al perro,,Jorge,,,,,,,,,,,,,,,,,
H66,2023,17,12,DOM Masc. ,¿A quién ve el perro?,8:34,a su niño? (unaudible),0,1,,1,,ve al niño,,Jorge,,,,,,,,,,,,,,,,,
H66,2023,21,16,DOM Fem.,¿A quién ve la mamá?,9:47,a su niño,0,1,,1,,ve al bebé,,Jorge,,,,,,,,,,,,,,,,,
H66,2023,25,20,DOM Masc.,¿A quién ve el monstruo?,10:35,el monstruo ve a la niña,1,1,,1,,ve a la chica,,Jorge,,,,,,,,,,,,,,,,,
H66,2023,29,24,DOM Fem.,¿A quiénes ve el perro?,11:40,a las niñas,0,1,,1,,ve a las niñas,,Jorge,,,,,,,,,,,,,,,,,
H66,2023,32,27,DOM Fem.,¿A quiénes ve la mamá?,12:24,a las... la mamá ve a las niñas,1,1,,1,,ve a las niñas,,Jorge,,,,,,,,,,,,,,,,,
H67,2023,6,1,DOM Masc.,¿A quién ve el papá?,3:15,al papá puede ver a un niño que tiene un camiseta verde y zapatos azules,1,1,,1,,ve al niño,,Jorge,,,,,,,,,,,,,,,,,
H67,2023,9,4,DOM Masc.,¿A quién ve la mamá?,4:15,"la mamá está viendo a su niño y está dando un beso al, yo creo que va a trabajo porque la puerta está como abierto y mira como se va a ir a un lugar ",1,1,,1,,ve al hijo ,,Jorge,,,,,,,,,,,,,,,,,
H67,2023,13,8,DOM Fem.,¿A quién ve la abuela?,5:19,la abuela puede ver a su un niña que está jugando en la parque y también puede ver a un perro que también está cerca los flores y está solo ahí ,1,1,,1,,ve a la niña / ve al perro,,Jorge,,,,,,,,,,,,,,,,,
H67,2023,17,12,DOM Masc. ,¿A quién ve el perro?,6:38,el niño ve a un perro y el perro está como jugando con el niño y están teniendo un tiempo muy divertido yo creo ,1,1,,1,,ve al niño,dog as object with DOM ,Jorge,,,,,,,,,,,,,,,,,
H67,2023,21,16,DOM Fem.,¿A quién ve la mamá?,7:57,la mamá ve a su bebé y está lavándose al en el baño ,1,1,,1,,ve al bebé,,Jorge,,,,,,,,,,,,,,,,,
H67,2023,25,20,DOM Masc.,¿A quién ve el monstruo?,9:05,"el monstruo ve a una niña, yo creo que está intentando hacer cosas malas a la niña o como hacer que ella está muy asustado",1,1,,1,,ve a la chica,,Jorge,,,,,,,,,,,,,,,,,
H67,2023,29,24,DOM Fem.,¿A quiénes ve el perro?,10:28,el perro se puede ver a dos niñas y ellas las dos tienen camisetas blancos ,1,1,,1,,ve a las niñas,,Jorge,,,,,,,,,,,,,,,,,
H67,2023,32,27,DOM Fem.,¿A quiénes ve la mamá?,11:27,"la mamá se puede ver a dos niñas, una está en la teléfono y las dos están... (unaudible). ",1,1,,1,,ve a las niñas,,Jorge,,,,,,,,,,,,,,,,,
H69,2023,6,1,DOM Masc.,¿A quién ve el papá?,17:50,el niño,0,0,"DP, no verb, no DOM",0,,ve al niño,,Jorge,,,,,,,,,,,,,,,,,
H69,2023,9,4,DOM Masc.,¿A quién ve la mamá?,18:29,eh la niño pero no la niña... no la niña que está (unaudible)... eh a el niño ,0,1,,1,Gave target response after asking again ,ve al hijo ,,Jorge,,,,,,,,,,,,,,,,,
H69,2023,13,8,DOM Fem.,¿A quién ve la abuela?,19:02,"el perro, ahí la niña ",0,0,"DP, no verb, no DOM",0,,ve a la niña / ve al perro,,Jorge,,,,,,,,,,,,,,,,,
H69,2023,17,12,DOM Masc. ,¿A quién ve el perro?,19:23,la niño,0,0,"DP, no verb, no DOM",0,,ve al niño,,Jorge,,,,,,,,,,,,,,,,,
H69,2023,21,16,DOM Fem.,¿A quién ve la mamá?,19:34,la niño,0,0,"DP, no verb, no DOM",0,,ve al bebé,,Jorge,,,,,,,,,,,,,,,,,
H69,2023,25,20,DOM Masc.,¿A quién ve el monstruo?,19:43,la niña,0,0,"DP, no verb, no DOM",0,,ve a la chica,,Jorge,,,,,,,,,,,,,,,,,
H69,2023,29,24,DOM Fem.,¿A quiénes ve el perro?,19:55,aaaa los niñas las niñas ,0,1,,1,,ve a las niñas,,Jorge,,,,,,,,,,,,,,,,,
H69,2023,32,27,DOM Fem.,¿A quiénes ve la mamá?,2:05,mmm los niñas las niñas ,0,0,"DP, no verb, no DOM",0,,ve a las niñas,,Jorge,,,,,,,,,,,,,,,,,
H70,2023,6,1,DOM Masc.,¿A quién ve el papá?,13:23,el papá ve el niño,1,0,"Full DP, no DOM",0,,ve al niño,,Jorge,,,,,,,,,,,,,,,,,
H70,2023,9,4,DOM Masc.,¿A quién ve la mamá?,13:38,la mamá ve el su hijo,1,0,"Full DP, no DOM",0,,ve al hijo ,,Jorge,,,,,,,,,,,,,,,,,
H70,2023,13,8,DOM Fem.,¿A quién ve la abuela?,13:50,la abuela ve su... la niña,1,0,"Full DP, no DOM",0,,ve a la niña / ve al perro,,Jorge,,,,,,,,,,,,,,,,,
H70,2023,17,12,DOM Masc. ,¿A quién ve el perro?,14:09,el perro ve el niño,1,0,"Full DP, no DOM",0,,ve al niño,,Jorge,,,,,,,,,,,,,,,,,
H70,2023,21,16,DOM Fem.,¿A quién ve la mamá?,14:18,la mamá ve su hijo el bebé,1,0,"Full DP, no DOM",0,,ve al bebé,,Jorge,,,,,,,,,,,,,,,,,
H70,2023,25,20,DOM Masc.,¿A quién ve el monstruo?,14:27,el monstruo ve la niña,1,0,"Full DP, no DOM",0,,ve a la chica,,Jorge,,,,,,,,,,,,,,,,,
H70,2023,29,24,DOM Fem.,¿A quiénes ve el perro?,14:43,las niñas ven el perro,1,0,"Full DP, no DOM",0,Participant answered from the perspective of the niñas,ve a las niñas,,Jorge,,,,,,,,,,,,,,,,,
H70,2023,32,27,DOM Fem.,¿A quiénes ve la mamá?,14:58,la mamá ve las niñas,1,0,"Full DP, no DOM",0,,ve a las niñas,,Jorge,,,,,,,,,,,,,,,,,
H72,2023,6,1,DOM Masc.,¿A quién ve el papá?,14:25,el papá ve una niña,1,0,"Full DP, no DOM",0,Two videos with the same ID. This one is the correct H72 also recorded in 2026,ve al niño,,Jorge,,,,,,,,,,,,,,,,,
H72_Mislabeled,2023,6,1,DOM Masc.,¿A quién ve el papá?,15:55,"a ella, ese, el papá es este persona, ahhh este",,1,,1,"Video with a duplicated ID (different from the other H72, this is not the same as H72 (2026). First response was a ella",ve al niño,,Jorge,,,,,,,,,,,,,,,,,
H72,2023,9,4,DOM Masc.,¿A quién ve la mamá?,14:27,a su hijo,0,1,,1,,ve al hijo ,,Jorge,,,,,,,,,,,,,,,,,
H72_Mislabeled,2023,9,4,DOM Masc.,¿A quién ve la mamá?,16:43,la mamá es esta persona ,,0,Grammatical alternative,,Participant doesn't answer the question. ,ve al hijo ,,Jorge,,,,,,,,,,,,,,,,,
H72,2023,13,8,DOM Fem.,¿A quién ve la abuela?,14:46,a la niña,0,1,,1,,ve a la niña / ve al perro,,Jorge,,,,,,,,,,,,,,,,,
H72_Mislabeled,2023,13,8,DOM Fem.,¿A quién ve la abuela?,16:50,la abuela es esta persona,,0,Grammatical alternative,,Participant doesn't answer the question. ,ve a la niña / ve al perro,,Jorge,,,,,,,,,,,,,,,,,
H72,2023,17,12,DOM Masc. ,¿A quién ve el perro?,15:00,al niño ,0,1,,1,,ve al niño,,Jorge,,,,,,,,,,,,,,,,,
H72_Mislabeled,2023,17,12,DOM Masc. ,¿A quién ve el perro?,17:06,el perro es esta persona,,0,Grammatical alternative,,Participant doesn't answer the question. ,ve al niño,,Jorge,,,,,,,,,,,,,,,,,
H72,2023,21,16,DOM Fem.,¿A quién ve la mamá?,15:09,a su hijo,0,1,,1,,ve al bebé,,Jorge,,,,,,,,,,,,,,,,,
H72_Mislabeled,2023,21,16,DOM Fem.,¿A quién ve la mamá?,5:16,la mamá es esta persona ,,0,Grammatical alternative,,Participant doesn't answer the question. ,ve al bebé,,Jorge,,,,,,,,,,,,,,,,,
H72,2023,25,20,DOM Masc.,¿A quién ve el monstruo?,17:20,el monstruo es esta persona,,0,Grammatical alternative,,Participant doesn't answer the question. ,ve a la chica,,Jorge,,,,,,,,,,,,,,,,,
H72_Mislabeled,2023,25,20,DOM Masc.,¿A quién ve el monstruo?,15:17,la niña,0,0,"DP, no verb, no DOM",0,,ve a la chica,,Jorge,,,,,,,,,,,,,,,,,
H72,2023,29,24,DOM Fem.,¿A quiénes ve el perro?,15:25,el perro ve a las niñas,1,1,,1,,ve a las niñas,,Jorge,,,,,,,,,,,,,,,,,
H72_Mislabeled,2023,29,24,DOM Fem.,¿A quiénes ve el perro?,17:32,la perro es esta persona ,,0,Grammatical alternative,,Participant doesn't answer the question. ,ve a las niñas,,Jorge,,,,,,,,,,,,,,,,,
H72,2023,32,27,DOM Fem.,¿A quiénes ve la mamá?,17:40,la mamá es esta persona ,,0,Grammatical alternative,,Participant doesn't answer the question. ,ve a las niñas,,Jorge,,,,,,,,,,,,,,,,,
H72_Mislabeled,2023,32,27,DOM Fem.,¿A quiénes ve la mamá?,15:41,las niñas,0,0,"DP, no verb, no DOM",0,,ve a las niñas,,Jorge,,,,,,,,,,,,,,,,,
H74,2023,6,1,DOM Masc.,¿A quién ve el papá?,2:54,el niño ,0,0,"DP, no verb, no DOM",0,,ve al niño,,Jorge,,,,,,,,,,,,,,,,,
H74,2023,9,4,DOM Masc.,¿A quién ve la mamá?,4:08,la niño ,0,0,"DP, no verb, no DOM",0,,ve al hijo ,,Jorge,,,,,,,,,,,,,,,,,
H74,2023,13,8,DOM Fem.,¿A quién ve la abuela?,5:14,la niño la niña ,0,0,"DP, no verb, no DOM",0,,ve a la niña / ve al perro,,Jorge,,,,,,,,,,,,,,,,,
H74,2023,17,12,DOM Masc. ,¿A quién ve el perro?,6:45,la niño el niño ,0,0,"DP, no verb, no DOM",0,,ve al niño,,Jorge,,,,,,,,,,,,,,,,,
H74,2023,21,16,DOM Fem.,¿A quién ve la mamá?,8:37,la la bebé ,0,0,"DP, no verb, no DOM",0,,ve al bebé,,Jorge,,,,,,,,,,,,,,,,,
H74,2023,25,20,DOM Masc.,¿A quién ve el monstruo?,10:15,la niña la niña el niña,0,0,"DP, no verb, no DOM",0,,ve a la chica,,Jorge,,,,,,,,,,,,,,,,,
H74,2023,29,24,DOM Fem.,¿A quiénes ve el perro?,11:47,los niñas ,0,0,"DP, no verb, no DOM",0,,ve a las niñas,,Jorge,,,,,,,,,,,,,,,,,
H74,2023,32,27,DOM Fem.,¿A quiénes ve la mamá?,12:44,los niñas ,0,0,"DP, no verb, no DOM",0,,ve a las niñas,,Jorge,,,,,,,,,,,,,,,,,
H75,2023,6,1,DOM Masc.,¿A quién ve el papá?,3:15,"uhmm su hijo, uhm a su niño",0,1,,1,Researcher repeats the question to get target response ,ve al niño,,Jorge,,,,,,,,,,,,,,,,,
H75,2023,9,4,DOM Masc.,¿A quién ve la mamá?,4:14,a su niña,0,1,,1,,ve al hijo ,,Jorge,,,,,,,,,,,,,,,,,
H75,2023,13,8,DOM Fem.,¿A quién ve la abuela?,5:14,a su nieto?,0,1,,1,,ve a la niña / ve al perro,,Jorge,,,,,,,,,,,,,,,,,
H75,2023,17,12,DOM Masc. ,¿A quién ve el perro?,6:30,su niño su hijo,0,0,"DP, no verb, no DOM",0,,ve al niño,,Jorge,,,,,,,,,,,,,,,,,
H75,2023,21,16,DOM Fem.,¿A quién ve la mamá?,8:03,su? unaudible,0,0,Unintelligible/cannot tell,,too much noise ,ve al bebé,,Jorge,,,,,,,,,,,,,,,,,
H75,2023,25,20,DOM Masc.,¿A quién ve el monstruo?,8:45,la niña ,0,0,Unintelligible/cannot tell,,too much noise ,ve a la chica,,Jorge,,,,,,,,,,,,,,,,,
H75,2023,29,24,DOM Fem.,¿A quiénes ve el perro?,10:45,a los niñas ,0,1,,1,,ve a las niñas,,Jorge,,,,,,,,,,,,,,,,,
H75,2023,32,27,DOM Fem.,¿A quiénes ve la mamá?,10:19,a su niña,0,1,,1,,ve a las niñas,,Jorge,,,,,,,,,,,,,,,,,
H77,2023,6,1,DOM Masc.,¿A quién ve el papá?,2:00,un niño,0,,"DP, no verb, no DOM",0,,ve al niño,,Jorge,,,,,,,,,,,,,,,,,
H77,2023,9,4,DOM Masc.,¿A quién ve la mamá?,3:10,el niño de ella,0,,"DP, no verb, no DOM",0,,ve al hijo ,,Jorge,,,,,,,,,,,,,,,,,
H77,2023,13,8,DOM Fem.,¿A quién ve la abuela?,4:22,a/uh el niña // Jen: a a niña - DOM,0,1,,1,,ve a la niña / ve al perro,,Jorge,,,,,,,,,,,,,,,,,
H77,2023,17,12,DOM Masc. ,¿A quién ve el perro?,5:18,al la niño,0,1,,1,,ve al niño,,Jorge,,,,,,,,,,,,,,,,,
H77,2023,21,16,DOM Fem.,¿A quién ve la mamá?,6:30,a la bebé de ella,0,1,,1,,ve al bebé,,Jorge,,,,,,,,,,,,,,,,,
H77,2023,25,20,DOM Masc.,¿A quién ve el monstruo?,7:45,a la niña,0,1,,1,,ve a la chica,,Jorge,,,,,,,,,,,,,,,,,
H77,2023,29,24,DOM Fem.,¿A quiénes ve el perro?,8:45,las niñas,0,,"DP, no verb, no DOM",0,,ve a las niñas,,Jorge,,,,,,,,,,,,,,,,,
H77,2023,32,27,DOM Fem.,¿A quiénes ve la mamá?,9:20,a la bebé ,0,1,,1,He gave a different answer but responded with target structure,ve a las niñas,,Jorge,,,,,,,,,,,,,,,,,
H78,2023,6,1,DOM Masc.,¿A quién ve el papá?,3:44,el padre ve el uh/a niño ,1,1,,1,uh/a,ve al niño,,Jorge,,,,,,,,,,,,,,,,,
H78,2023,9,4,DOM Masc.,¿A quién ve la mamá?,4:50,"uhm el niño, yo creo ves eh una escuela... (unaudible) ",,,"DP, no verb, no DOM",0,Participant added more information,ve al hijo ,,Jorge,,,,,,,,,,,,,,,,,
H78,2023,13,8,DOM Fem.,¿A quién ve la abuela?,5:50,al una niña... a su ni... ,0,1,,1,researcher helps with the word nieta ,ve a la niña / ve al perro,,Jorge,,,,,,,,,,,,,,,,,
H78,2023,17,12,DOM Masc. ,¿A quién ve el perro?,7:07,uhm el niño,0,0,"DP, no verb, no DOM",0,,ve al niño,,Jorge,,,,,,,,,,,,,,,,,
H78,2023,21,16,DOM Fem.,¿A quién ve la mamá?,8:51,"uh a su bebé, está unaudible en el la baño ",0,1,,1,,ve al bebé,,Jorge,,,,,,,,,,,,,,,,,
H78,2023,25,20,DOM Masc.,¿A quién ve el monstruo?,10:15,uhm un niña que está muy asustada,,0,"DP, no verb, no DOM",0,,ve a la chica,,Jorge,,,,,,,,,,,,,,,,,
H78,2023,29,24,DOM Fem.,¿A quiénes ve el perro?,11:45,los niñas están tienen mucho lodo ,,0,Grammatical alternative,,,ve a las niñas,,Jorge,,,,,,,,,,,,,,,,,
H78,2023,32,27,DOM Fem.,¿A quiénes ve la mamá?,12:45,"niñas y una es una amiga, basically está llamando la mamá a la otra niña ",1,0,"Full DP, no DOM ",0,,ve a las niñas,,Jorge,,,,,,,,,,,,,,,,,
IMG_2860,2023,9,4,DOM Masc.,¿A quién ve la mamá?,3:48,ve el niño que está dando un beso y también ve una niña corriendo al puerta,1,0,"Full DP, no DOM ",0,NA,ve al hijo ,,Jorge,,,,,,,,,,,,,,,,,
IMG_2860,2023,13,8,DOM Fem.,¿A quién ve la abuela?,4:42,la abuela ve una niñita y un perro que está jugando y también ve la naturaleza,1,0,"Full DP, no DOM ",0,NA,ve a la niña / ve al perro,,Jorge,,,,,,,,,,,,,,,,,
IMG_2860,2023,17,12,DOM Masc. ,¿A quién ve el perro?,5:51,el perro ve un niño,1,0,"Full DP, no DOM ",0,NA,ve al niño,,Jorge,,,,,,,,,,,,,,,,,
IMG_2860,2023,21,16,DOM Fem.,¿A quién ve la mamá?,6:54,la mamá ve una bebé,1,0,"Full DP, no DOM ",0,NA,ve al bebé,,Jorge,,,,,,,,,,,,,,,,,
IMG_2860,2023,25,20,DOM Masc.,¿A quién ve el monstruo?,8:03,la niña ve el monstruo pero está oscuro,1,0,"Full DP, no DOM ",0,NA,ve a la chica,,Jorge,,,,,,,,,,,,,,,,,
IMG_2860,2023,29,24,DOM Fem.,¿A quiénes ve el perro?,8:52,Uhhm los niñas ve el perro sucio,1,0,"Full DP, no DOM ",0,NA,ve a las niñas,,Jorge,,,,,,,,,,,,,,,,,
IMG_2860,2023,32,27,DOM Fem.,¿A quiénes ve la mamá?,9:41,la mamá ve dos niñas con teléfono,1,0,"Full DP, no DOM ",0,NA,ve a las niñas,,Jorge,,,,,,,,,,,,,,,,,
IMG_2860 ,2023,6,1,DOM Masc.,¿A quién ve el papá?,2:35,el niño la niña o el niño ve,1,0,"Full DP, no DOM ",0,NA,ve al niño,,Jorge,,,,,,,,,,,,,,,,,
IMG_2891,2023,6,1,DOM Masc.,¿A quién ve el papá?,2:55,a su hijo,1,1,,1,NA,ve al niño,,Jorge,,,,,,,,,,,,,,,,,
IMG_2891,2023,9,4,DOM Masc.,¿A quién ve la mamá?,3:50,la mamá ve a su hijo,1,1,,1,NA,ve al hijo ,,Jorge,,,,,,,,,,,,,,,,,
IMG_2891,2023,13,8,DOM Fem.,¿A quién ve la abuela?,4:50,la abuela ve a su bisabuela... bis.. sí,1,1,,1,"Researcher helps with the word nieta, and particpant agrees with the word",ve a la niña / ve al perro,,Jorge,,,,,,,,,,,,,,,,,
IMG_2891,2023,17,12,DOM Masc. ,¿A quién ve el perro?,5:52,a su... un niño,0,1,,1,NA,ve al niño,,Jorge,,,,,,,,,,,,,,,,,
IMG_2891,2023,21,16,DOM Fem.,¿A quién ve la mamá?,6:50,a su hijo,0,1,,1,NA,ve al bebé,,Jorge,,,,,,,,,,,,,,,,,
IMG_2891,2023,25,20,DOM Masc.,¿A quién ve el monstruo?,7:43,a una niña,0,1,,1,NA,ve a la chica,,Jorge,,,,,,,,,,,,,,,,,
IMG_2891,2023,29,24,DOM Fem.,¿A quiénes ve el perro?,8:37,a las niñas,0,1,,1,NA,ve a las niñas,,Jorge,,,,,,,,,,,,,,,,,
IMG_2891,2023,32,27,DOM Fem.,¿A quiénes ve la mamá?,9:30,a sus niñas,0,1,,1,NA,ve a las niñas,,Jorge,,,,,,,,,,,,,,,,,
IMG_2899,2023,6,1,DOM Masc.,¿A quién ve el papá?,4:03,ve uhm... el papá se ve uhm su... ¿quién se está mirando? el papá se ve uhm un niño,1,0,"Full DP, no DOM",0, uhmm or 'a' - more uhm,ve al niño,,Jorge,,,,,,,,,,,,,,,,,
IMG_2899,2023,9,4,DOM Masc.,¿A quién ve la mamá?,5:00,la mamá se ve uhmm se ve su niño después de llegar a... de la uhmm de la como do... (unaudible),1,0,"Full DP, no DOM",0,uses uhmm but I don't think it is 'a',ve al hijo ,,Jorge,,,,,,,,,,,,,,,,,
IMG_2899,2023,13,8,DOM Fem.,¿A quién ve la abuela?,6:12,la abuela se está uhmm viendo la niña que está uhm como uhmm ayudando...,1,0,"Full DP, no DOM",0,Researcher adds empujarlas to help participant finish the sentence,ve a la niña / ve al perro,,Jorge,,,,,,,,,,,,,,,,,
IMG_2899,2023,17,12,DOM Masc. ,¿A quién ve el perro?,7:23,el perro está viendo el niño que está mostrando su amor para él ,1,0,"Full DP, no DOM",0,NA,ve al niño,,Jorge,,,,,,,,,,,,,,,,,
IMG_2899,2023,21,16,DOM Fem.,¿A quién ve la mamá?,9:00,la mamá se está viendo al a su hijo que está bañando ahora,1,1,,1,NA,ve al bebé,Check with Patrick about 'se ve',Jorge,,,,,,,,,,,,,,,,,
IMG_2899,2023,25,20,DOM Masc.,¿A quién ve el monstruo?,10:00,el monstruo esá viendo a la niña que está muy uhm como de miedo,1,1,,1,NA,ve a la chica,Check with Patrick about 'se ve',Jorge,,,,,,,,,,,,,,,,,
IMG_2899,2023,29,24,DOM Fem.,¿A quiénes ve el perro?,11:00,se perro se ve a las niñas antes de uhmm antes de uhmm destruir sus vestidos,1,1,,1,NA,ve a las niñas,Check with Patrick about 'se ve',Jorge,,,,,,,,,,,,,,,,,
IMG_2899,2023,32,27,DOM Fem.,¿A quiénes ve la mamá?,11:48,la mamá se ve a las niñas que están como uhmm están uhmm wait que están como ...sí,1,1,,1,Research helps participant finish the sentence with the word 'teléfono'.,ve a las niñas,Check with Patrick about 'se ve',Jorge,,,,,,,,,,,,,,,,,
IMG_3078,2023,6,1,DOM Masc.,¿A quién ve el papá?,0:26,el padre ve el niño,1,0,"Full DP, no DOM",0,,ve al niño,,Jorge,,,,,,,,,,,,,,,,,
IMG_3078,2023,9,4,DOM Masc.,¿A quién ve la mamá?,1:00,la mamá ve el niño,1,0,"Full DP, no DOM",0,Participant first responds something different and then researcher asks again,ve al hijo ,,Jorge,,,,,,,,,,,,,,,,,
IMG_3078,2023,13,8,DOM Fem.,¿A quién ve la abuela?,1:33,"la abuela ve el niña, no ve la niña",1,0,"Full DP, no DOM",0,,ve a la niña / ve al perro,,Jorge,,,,,,,,,,,,,,,,,
IMG_3078,2023,17,12,DOM Masc. ,¿A quién ve el perro?,1:44,el perro ve el niño,1,0,"Full DP, no DOM",0,,ve al niño,,Jorge,,,,,,,,,,,,,,,,,
IMG_3078,2023,21,16,DOM Fem.,¿A quién ve la mamá?,1:54,"la mamá ve el... la mamá ve el, la mamá ve la niña I think... ",1,0,"Full DP, no DOM",0,participant adds an explanation in English ,ve al bebé,,Jorge,,,,,,,,,,,,,,,,,
IMG_3078,2023,25,20,DOM Masc.,¿A quién ve el monstruo?,2:16,el monstruo ve la niña,1,0,"Full DP, no DOM",0,,ve a la chica,,Jorge,,,,,,,,,,,,,,,,,
IMG_3078,2023,29,24,DOM Fem.,¿A quiénes ve el perro?,2:30,el perro ve el dos niñas... las dos niñas,1,0,"Full DP, no DOM",0,,ve a las niñas,,Jorge,,,,,,,,,,,,,,,,,
IMG_3078,2023,32,27,DOM Fem.,¿A quiénes ve la mamá?,2:47,"la mamá ve el, los, las dos niñas",1,0,"Full DP, no DOM",0,,ve a las niñas,,Jorge,,,,,,,,,,,,,,,,,
,,,,,,,,,,,,,,,,,,,,,,,,,,,,,,,,
H17,2026,6,1,DOM Masc.,¿A quién ve el papá?,0:56,el papá ve a su niño,1,1,,1,,ve al niño,,Jorge,,,,,,,,,,,,,,,,,
H17,2026,9,4,DOM Masc.,¿A quién ve la mamá?,1:50,la mamá ve a su niño y está besando en...,1,1,,1,,ve al hijo ,,Jorge,,,,,,,,,,,,,,,,,
H17,2026,13,8,DOM Fem.,¿A quién ve la abuela?,2:58,la abuela ve a la niña y ve a un perro,1,1,,1,,ve a la niña / ve al perro,,Jorge,,,,,,,,,,,,,,,,,
H17,2026,17,12,DOM Masc. ,¿A quién ve el perro?,4:03,"el perro ve a su dueño, el niño",1,1,,1,,ve al niño,,Jorge,,,,,,,,,,,,,,,,,
H17,2026,21,16,DOM Fem.,¿A quién ve la mamá?,5:09,la mamá ve a su niño mientras está dando un baño,1,1,,1,,ve al bebé,,Jorge,,,,,,,,,,,,,,,,,
H17,2026,25,20,DOM Masc.,¿A quién ve el monstruo?,6:10,el monstruo ve a la niña mientras lo está asustando ,1,1,,1,,ve a la chica,,Jorge,,,,,,,,,,,,,,,,,
H17,2026,29,24,DOM Fem.,¿A quiénes ve el perro?,7:28,el perro ve a las niñas y se suben a ellas ,1,1,,1,al - a (error?),ve a las niñas,,Jorge,,,,,,,,,,,,,,,,,
H17,2026,32,27,DOM Fem.,¿A quiénes ve la mamá?,8:10,la mamá ve a sus niñas,1,1,,1,al - a  (error?),ve a las niñas,,Jorge,,,,,,,,,,,,,,,,,
H18,2026,6,1,DOM Masc.,¿A quién ve el papá?,0:57,el papá puede ser que ve a su hijo o a un niño pequeño más menor que él ,1,1,,1,,ve al niño,,Jorge,,,,,,,,,,,,,,,,,
H18,2026,9,4,DOM Masc.,¿A quién ve la mamá?,1:43,la mamá está besando a su hijo antes de que sale,1,1,,1,used verb besar + DOM,ve al hijo ,,Jorge,,,,,,,,,,,,,,,,,
H18,2026,13,8,DOM Fem.,¿A quién ve la abuela?,2:45,la abuela ve a un perro y una niña,1,1,,1,a (modifies both dog and niña)?,ve a la niña / ve al perro,,Jorge,,,,,,,,,,,,,,,,,
H18,2026,17,12,DOM Masc. ,¿A quién ve el perro?,4:00,el perro ve a un niño,1,1,,1,,ve al niño,,Jorge,,,,,,,,,,,,,,,,,
H18,2026,21,16,DOM Fem.,¿A quién ve la mamá?,4:58,la mamá está viendo a su hijo,1,1,,1,,ve al bebé,,Jorge,,,,,,,,,,,,,,,,,
H18,2026,25,20,DOM Masc.,¿A quién ve el monstruo?,6:10,el monstruo ve a la niña mientras lo está asustando ,1,1,,1,,ve a la chica,,Jorge,,,,,,,,,,,,,,,,,
H18,2026,29,24,DOM Fem.,¿A quiénes ve el perro?,7:18,el perro ve a las dos niñas,1,1,,1,,ve a las niñas,,Jorge,,,,,,,,,,,,,,,,,
H18,2026,32,27,DOM Fem.,¿A quiénes ve la mamá?,8:05,la mamá está mirando a las dos niñas en el teléfono,1,1,,1,uses verb mirar,ve a las niñas,,Jorge,,,,,,,,,,,,,,,,,
H19,2026,6,1,DOM Masc.,¿A quién ve el papá?,0:50,"la papá ve a su hijo que están cerca y ellos están, no veo muy similar porque él tenía pelo más blonde y él tenía pelo más castaño",1,1,,1,,ve al niño,,Jorge,,,,,,,,,,,,,,,,,
H19,2026,9,4,DOM Masc.,¿A quién ve la mamá?,1:54,"la mamá ve su hijo porque yo creo que él irá a escuela porque tenía un mochila, y ellos están en una habitación de escuela",1,0,"Full DP, no DOM",0,,ve al hijo ,,Jorge,,,,,,,,,,,,,,,,,
H19,2026,13,8,DOM Fem.,¿A quién ve la abuela?,2:52,la abuela ve su hija que están jugando en el patio,1,0,"Full DP, no DOM",0,,ve a la niña / ve al perro,,Jorge,,,,,,,,,,,,,,,,,
H19,2026,17,12,DOM Masc. ,¿A quién ve el perro?,4:02,el pero ve su... uhm creo que su hermano o su dueño,1,0,"Full DP, no DOM",0,,ve al niño,,Jorge,,,,,,,,,,,,,,,,,
H19,2026,21,16,DOM Fem.,¿A quién ve la mamá?,4:57,la mamá ve su hijo que está limpiando,1,0,"Full DP, no DOM",0,,ve al bebé,,Jorge,,,,,,,,,,,,,,,,,
H19,2026,25,20,DOM Masc.,¿A quién ve el monstruo?,6:08,un niña,0,0,"DP, no verb, no DOM",0,,ve a la chica,,Jorge,,,,,,,,,,,,,,,,,
H19,2026,29,24,DOM Fem.,¿A quiénes ve el perro?,7:06,uhm el perro veo dos niñas que están sucio,1,0,"Full DP, no DOM",0,,ve a las niñas,,Jorge,,,,,,,,,,,,,,,,,
H19,2026,32,27,DOM Fem.,¿A quiénes ve la mamá?,7:50,la mamá veo a sus dos niñas con un teléfono,1,1,,1,,ve a las niñas,,Jorge,,,,,,,,,,,,,,,,,
H22,2026,6,1,DOM Masc.,¿A quién ve el papá?,1:15,el papá ve su niño pequeño,1,0,"Full DP, no DOM",,,ve al niño,,Jorge,,,,,,,,,,,,,,,,,
H22,2026,9,4,DOM Masc.,¿A quién ve la mamá?,1:58,la mamá se ve su niño joven y se está besando ,1,0,"Full DP, no DOM",0,,ve al hijo ,,Jorge,,,,,,,,,,,,,,,,,
H22,2026,13,8,DOM Fem.,¿A quién ve la abuela?,3:00,la abuela se ve un niña y un perro y un árbol ,1,0,"Full DP, no DOM",0,,ve a la niña / ve al perro,,Jorge,,,,,,,,,,,,,,,,,
H22,2026,17,12,DOM Masc. ,¿A quién ve el perro?,4:28,el perro se ve un niño,1,0,"Full DP, no DOM",0,,ve al niño,,Jorge,,,,,,,,,,,,,,,,,
H22,2026,21,16,DOM Fem.,¿A quién ve la mamá?,5:25,la mamá se ve su bebé que está lavando,1,0,"Full DP, no DOM",0,,ve al bebé,,Jorge,,,,,,,,,,,,,,,,,
H22,2026,25,20,DOM Masc.,¿A quién ve el monstruo?,6:31,el monstruo se ve una niña muy asustada,1,0,"Full DP, no DOM",0,,ve a la chica,,Jorge,,,,,,,,,,,,,,,,,
H22,2026,29,24,DOM Fem.,¿A quiénes ve el perro?,7:53,el perro se ve a dos niñas con ropa muy limpia,1,1,,1,,ve a las niñas,,Jorge,,,,,,,,,,,,,,,,,
H22,2026,32,27,DOM Fem.,¿A quiénes ve la mamá?,8:48,la mamá se ve a sus dos niñas ,1,1,,1,,ve a las niñas,,Jorge,,,,,,,,,,,,,,,,,
H23,2026,6,1,DOM Masc.,¿A quién ve el papá?,1:28,"uhm el niño, el padre ve al niño pequeño y el niño pequeño ve a su padre",1,1,,1,,ve al niño,,Jorge,,,,,,,,,,,,,,,,,
H23,2026,9,4,DOM Masc.,¿A quién ve la mamá?,2:18,la madre ve a su hijo,1,1,,1,,ve al hijo ,,Jorge,,,,,,,,,,,,,,,,,
H23,2026,13,8,DOM Fem.,¿A quién ve la abuela?,3:07,la abuela ve a la niña,1,1,,1,,ve a la niña / ve al perro,,Jorge,,,,,,,,,,,,,,,,,
H23,2026,17,12,DOM Masc. ,¿A quién ve el perro?,4:05,el perro ve a el niño,1,1,,1,a el (instead of al),ve al niño,,Jorge,,,,,,,,,,,,,,,,,
H23,2026,21,16,DOM Fem.,¿A quién ve la mamá?,5:00,la mamá ve a su hijo,1,1,,1,,ve al bebé,,Jorge,,,,,,,,,,,,,,,,,
H23,2026,25,20,DOM Masc.,¿A quién ve el monstruo?,5:48,el monstruo ve a la niña mientras lo está asustando ,1,1,,1,,ve a la chica,,Jorge,,,,,,,,,,,,,,,,,
H23,2026,29,24,DOM Fem.,¿A quiénes ve el perro?,6:43,el perro ve a las niñas,1,1,,1,,ve a las niñas,,Jorge,,,,,,,,,,,,,,,,,
H23,2026,32,27,DOM Fem.,¿A quiénes ve la mamá?,7:24,la madre ve a sus hijas,1,1,,1,,ve a las niñas,,Jorge,,,,,,,,,,,,,,,,,
H24,2026,6,1,DOM Masc.,¿A quién ve el papá?,,,,,,,Video without audio,ve al niño,,Jorge,,,,,,,,,,,,,,,,,
H24,2026,9,4,DOM Masc.,¿A quién ve la mamá?,,,,,,,Video without audio,ve al hijo ,,Jorge,,,,,,,,,,,,,,,,,
H24,2026,13,8,DOM Fem.,¿A quién ve la abuela?,,,,,,,Video without audio,ve a la niña / ve al perro,,Jorge,,,,,,,,,,,,,,,,,
H24,2026,17,12,DOM Masc. ,¿A quién ve el perro?,,,,,,,Video without audio,ve al niño,,Jorge,,,,,,,,,,,,,,,,,
H24,2026,21,16,DOM Fem.,¿A quién ve la mamá?,,,,,,,Video without audio,ve al bebé,,Jorge,,,,,,,,,,,,,,,,,
H24,2026,25,20,DOM Masc.,¿A quién ve el monstruo?,,,,,,,Video without audio,ve a la chica,,Jorge,,,,,,,,,,,,,,,,,
H24,2026,29,24,DOM Fem.,¿A quiénes ve el perro?,,,,,,,Video without audio,ve a las niñas,,Jorge,,,,,,,,,,,,,,,,,
H24,2026,32,27,DOM Fem.,¿A quiénes ve la mamá?,,,,,,,Video without audio,ve a las niñas,,Jorge,,,,,,,,,,,,,,,,,
H25,2026,6,1,DOM Masc.,¿A quién ve el papá?,1:20,"el papá se mira como la persona en el izquierda, se mira más alta y tiene como más edad del niño porque el niño es muy corto. El papá se ve al niño ",1,1,,1,,ve al niño,,Jorge,,,,,,,,,,,,,,,,,
H25,2026,9,4,DOM Masc.,¿A quién ve la mamá?,2:39,"la mamá se ve a su niño, se está besando y está demonstrando su amor",1,1,,1,,ve al hijo ,,Jorge,,,,,,,,,,,,,,,,,
H25,2026,13,8,DOM Fem.,¿A quién ve la abuela?,3:46,la abuela se ve a su niño... nina... nieta,1,1,,1,,ve a la niña / ve al perro,,Jorge,,,,,,,,,,,,,,,,,
H25,2026,17,12,DOM Masc. ,¿A quién ve el perro?,5:02,el perro se ve el niño,1,0,"Full DP, no DOM",0,,ve al niño,,Jorge,,,,,,,,,,,,,,,,,
H25,2026,21,16,DOM Fem.,¿A quién ve la mamá?,5:57,a su niño,0,1,,1,,ve al bebé,,Jorge,,,,,,,,,,,,,,,,,
H25,2026,25,20,DOM Masc.,¿A quién ve el monstruo?,6:48,el monstruo se ve a la niña,1,1,,1,,ve a la chica,,Jorge,,,,,,,,,,,,,,,,,
H25,2026,29,24,DOM Fem.,¿A quiénes ve el perro?,7:48,el perro se ve a los niños... ah niñas,1,1,,1,,ve a las niñas,,Jorge,,,,,,,,,,,,,,,,,
H25,2026,32,27,DOM Fem.,¿A quiénes ve la mamá?,8:44,la mamá se vean a los niños... niñas,1,1,,1,,ve a las niñas,,Jorge,,,,,,,,,,,,,,,,,
H27,2026,6,1,DOM Masc.,¿A quién ve el papá?,1:24,ve a su hijo un niño ,1,1,,1,,ve al niño,,Stephanie,,,,,,,,,,,,,,,,,
H27,2026,9,4,DOM Masc.,¿A quién ve la mamá?,2:13,ve a su hijo ,1,1,,1,,ve al hijo ,,Stephanie,,,,,,,,,,,,,,,,,
H27,2026,13,8,DOM Fem.,¿A quién ve la abuela?,3:18,a su hija...a una niña,0,1,,1,,ve a la niña / ve al perro,,Stephanie,,,,,,,,,,,,,,,,,
H27,2026,17,12,DOM Masc. ,¿A quién ve el perro?,4:30,el perro ve a un niño,1,1,,1,,ve al niño,,Stephanie,,,,,,,,,,,,,,,,,
H27,2026,21,16,DOM Fem.,¿A quién ve la mamá?,5:30,la mamá ve a su hijo ,1,1,,1,,ve al bebé,,Stephanie,,,,,,,,,,,,,,,,,
H27,2026,25,20,DOM Masc.,¿A quién ve el monstruo?,6:40,ve a una niña,1,1,,1,,ve a la chica,,Stephanie,,,,,,,,,,,,,,,,,
H27,2026,29,24,DOM Fem.,¿A quiénes ve el perro?,7:50,se ve a las niñas,1,1,,1,,ve a las niñas,,Stephanie,,,,,,,,,,,,,,,,,
H27,2026,32,27,DOM Fem.,¿A quiénes ve la mamá?,8:40,la mamá se ve a las niñas,1,1,,1,,ve a las niñas,,Stephanie,,,,,,,,,,,,,,,,,
H28,2026,6,1,DOM Masc.,¿A quién ve el papá?,1:45,el papá ve a un niño pequeño,1,1,,1,,ve al niño,,Jorge,,,,,,,,,,,,,,,,,
H28,2026,9,4,DOM Masc.,¿A quién ve la mamá?,2:58,la mamá ve a su hijo,1,1,,1,,ve al hijo ,,Jorge,,,,,,,,,,,,,,,,,
H28,2026,13,8,DOM Fem.,¿A quién ve la abuela?,4:01,"la abuela ve a s... una niña, oh y un perro",1,1,,1,,ve a la niña / ve al perro,,Jorge,,,,,,,,,,,,,,,,,
H28,2026,17,12,DOM Masc. ,¿A quién ve el perro?,5:07,el perro ve a un niño,1,1,,1,,ve al niño,,Jorge,,,,,,,,,,,,,,,,,
H28,2026,21,16,DOM Fem.,¿A quién ve la mamá?,6:20,la madre ve a su hijo,1,1,,1,,ve al bebé,,Jorge,,,,,,,,,,,,,,,,,
H28,2026,25,20,DOM Masc.,¿A quién ve el monstruo?,7:42,el monstruo ve a una niña asustada,1,1,,1,,ve a la chica,,Jorge,,,,,,,,,,,,,,,,,
H28,2026,29,24,DOM Fem.,¿A quiénes ve el perro?,8:58,el perro ve a dos niñas,1,1,,1,,ve a las niñas,,Jorge,,,,,,,,,,,,,,,,,
H28,2026,32,27,DOM Fem.,¿A quiénes ve la mamá?,9:44,la madre ve a dos niñas,1,1,,1,,ve a las niñas,,Jorge,,,,,,,,,,,,,,,,,
H29,2026,6,1,DOM Masc.,¿A quién ve el papá?,0:42,el papá se ve el niño ,1,0,"Full DP, no DOM",,se - reflexive ,ve al niño,,Stephanie,,,,,,,,,,,,,,,,,
H29,2026,9,4,DOM Masc.,¿A quién ve la mamá?,1:38,la mamá se ve su niño...su hijo ,1,0,"Full DP, no DOM",,se - reflexive ,ve al hijo ,,Stephanie,,,,,,,,,,,,,,,,,
H29,2026,13,8,DOM Fem.,¿A quién ve la abuela?,2:50,la abuela se ve a una niña,1,1,,,,ve a la niña / ve al perro,,Stephanie,,,,,,,,,,,,,,,,,
H29,2026,17,12,DOM Masc. ,¿A quién ve el perro?,4:05,el perro se ve el niño,1,0,"Full DP, no DOM",,se - reflexive ,ve al niño,,Stephanie,,,,,,,,,,,,,,,,,
H29,2026,21,16,DOM Fem.,¿A quién ve la mamá?,5:18,la mamá se ve su hijo ,1,0,"Full DP, no DOM",,se - reflexive ,ve al bebé,,Stephanie,,,,,,,,,,,,,,,,,
H29,2026,25,20,DOM Masc.,¿A quién ve el monstruo?,6:27,el monstruo se ve una niña,1,0,"Full DP, no DOM",,se - reflexive ,ve a la chica,,Stephanie,,,,,,,,,,,,,,,,,
H29,2026,29,24,DOM Fem.,¿A quiénes ve el perro?,7:45,el perro ve a las niñas,1,1,,,,ve a las niñas,,Stephanie,,,,,,,,,,,,,,,,,
H29,2026,32,27,DOM Fem.,¿A quiénes ve la mamá?,8:37,la mama ve las niñas,1,0,"Full DP, no DOM",,,ve a las niñas,,Stephanie,,,,,,,,,,,,,,,,,
H31,2026,6,1,DOM Masc.,¿A quién ve el papá?,1:35,él... él niño,0,0,"DP, no verb, no DOM",0,Audio stopped,ve al niño,,Jorge,,,,,,,,,,,,,,,,,
H31,2026,9,4,DOM Masc.,¿A quién ve la mamá?,,,,,,,Video without audio,ve al hijo ,,Jorge,,,,,,,,,,,,,,,,,
H31,2026,13,8,DOM Fem.,¿A quién ve la abuela?,,,,,,,Video without audio,ve a la niña / ve al perro,,Jorge,,,,,,,,,,,,,,,,,
H31,2026,17,12,DOM Masc. ,¿A quién ve el perro?,,,,,,,Video without audio,ve al niño,,Jorge,,,,,,,,,,,,,,,,,
H31,2026,21,16,DOM Fem.,¿A quién ve la mamá?,,,,,,,Video without audio,ve al bebé,,Jorge,,,,,,,,,,,,,,,,,
H31,2026,25,20,DOM Masc.,¿A quién ve el monstruo?,,,,,,,Video without audio,ve a la chica,,Jorge,,,,,,,,,,,,,,,,,
H31,2026,29,24,DOM Fem.,¿A quiénes ve el perro?,,,,,,,Video without audio,ve a las niñas,,Jorge,,,,,,,,,,,,,,,,,
H31,2026,32,27,DOM Fem.,¿A quiénes ve la mamá?,,,,,,,Video without audio,ve a las niñas,,Jorge,,,,,,,,,,,,,,,,,
H32,2026,6,1,DOM Masc.,¿A quién ve el papá?,0:43,el papá se ve a un chico..a una chica,1,1,,1,,ve al niño,,Stephanie,,,,,,,,,,,,,,,,,
H32,2026,9,4,DOM Masc.,¿A quién ve la mamá?,1:38,se ve a su hijo ,1,1,,1,,ve al hijo ,,Stephanie,,,,,,,,,,,,,,,,,
H32,2026,13,8,DOM Fem.,¿A quién ve la abuela?,2:47,la abuela ve a una niña,1,1,,1,,ve a la niña / ve al perro,,Stephanie,,,,,,,,,,,,,,,,,
H32,2026,17,12,DOM Masc. ,¿A quién ve el perro?,4:12,el perro se ve al niño ,1,1,,1,,ve al niño,,Stephanie,,,,,,,,,,,,,,,,,
H32,2026,21,16,DOM Fem.,¿A quién ve la mamá?,5:38,la mamá ve a la bebe ,1,1,,1,,ve al bebé,,Stephanie,,,,,,,,,,,,,,,,,
H32,2026,25,20,DOM Masc.,¿A quién ve el monstruo?,6:50,el monstruo se ve a una niña,1,1,,1,,ve a la chica,,Stephanie,,,,,,,,,,,,,,,,,
H32,2026,29,24,DOM Fem.,¿A quiénes ve el perro?,8:21,el perro se ve a las niñas,1,1,,1,,ve a las niñas,,Stephanie,,,,,,,,,,,,,,,,,
H32,2026,32,27,DOM Fem.,¿A quiénes ve la mamá?,9:19,la mamá se ve a las chicas,1,1,,1,,ve a las niñas,,Stephanie,,,,,,,,,,,,,,,,,
H33,2026,6,1,DOM Masc.,¿A quién ve el papá?,1:35,"el papá ve a su niño, y su niño con una camiseta verde que está también, los dos se ven muy feliz, y ",1,1,,1,,ve al niño,,Jorge,,,,,,,,,,,,,,,,,
H33,2026,9,4,DOM Masc.,¿A quién ve la mamá?,2:18,la mamá está viendo a su niño joven que va a ir a escuela,1,1,,1,,ve al hijo ,,Jorge,,,,,,,,,,,,,,,,,
H33,2026,13,8,DOM Fem.,¿A quién ve la abuela?,3:18,la abuela ve a la s la niña de su niña en el parque ,1,1,,1,,ve a la niña / ve al perro,,Jorge,,,,,,,,,,,,,,,,,
H33,2026,17,12,DOM Masc. ,¿A quién ve el perro?,4:12,el perro está viendo a un niño,1,1,,1,,ve al niño,,Jorge,,,,,,,,,,,,,,,,,
H33,2026,21,16,DOM Fem.,¿A quién ve la mamá?,4:56,la mamá ve a su niño y está lavando el baño ,1,1,,1,,ve al bebé,,Jorge,,,,,,,,,,,,,,,,,
H33,2026,25,20,DOM Masc.,¿A quién ve el monstruo?,5:52,una mujer,0,0,"DP, no verb, no DOM",0,,ve a la chica,,Jorge,,,,,,,,,,,,,,,,,
H33,2026,29,24,DOM Fem.,¿A quiénes ve el perro?,6:48,"el perro les ve a las niñas, y está poniendo su manos, en como sus...",1,1,,1,,ve a las niñas,,Jorge,,,,,,,,,,,,,,,,,
H33,2026,32,27,DOM Fem.,¿A quiénes ve la mamá?,7:38,la mamá les ve a sus niñas o sus hija,1,1,,1,,ve a las niñas,,Jorge,,,,,,,,,,,,,,,,,
H34,2026,6,1,DOM Masc.,¿A quién ve el papá?,1:31,"el papá ve un chico, es el mismo chico de anterior, la papá tiene pelo rubio mientras el chico tiene pelo café, y el chico mira el mismo del anterior, uh pero el papá tiene un camiseta gris, y pantalones café, y también sus zapatos son de café",1,0,"Full DP, no DOM",0,,ve al niño,,Jorge,,,,,,,,,,,,,,,,,
H34,2026,9,4,DOM Masc.,¿A quién ve la mamá?,2:40,"la mamá ve uh, podemos decir que es su chic... uh hijo, y está dando un beso a su chico, podemos decir que el chico va a escuela porque tenemos un otro niño que va corriendo ",1,1,,1,Used DOM with the verb besar,ve al hijo ,,Jorge,,,,,,,,,,,,,,,,,
H34,2026,13,8,DOM Fem.,¿A quién ve la abuela?,3:55,la abuela está jugando con su or un chica y ve un perro mirando a dos flores,,0,Grammatical alternative,,Check,ve a la niña / ve al perro,,Jorge,,,,,,,,,,,,,,,,,
H34,2026,17,12,DOM Masc. ,¿A quién ve el perro?,5:19,"ah? un chico uh? joven, y creo que el joven está como jugando con el perro, y el perro está emocionado para ver este chico",0,0,"DP, no verb, no DOM",0,Check,ve al niño,,Jorge,,,,,,,,,,,,,,,,,
H34,2026,21,16,DOM Fem.,¿A quién ve la mamá?,6:29,"la mamá ve a su hijo y está lavando a el perro, oh sorry pelo de su hijo ",1,1,,1,Check,ve al bebé,,Jorge,,,,,,,,,,,,,,,,,
H34,2026,25,20,DOM Masc.,¿A quién ve el monstruo?,7:38,el monstruo ve a un niña sorprendida y asustado por su cara y su rostro,1,1,,1,Check,ve a la chica,,Jorge,,,,,,,,,,,,,,,,,
H34,2026,29,24,DOM Fem.,¿A quiénes ve el perro?,8:44,"el perro uh ve dos niñas y en la segunda imágen el perro es sucio, y las niñas están sorprendidos que el perro es tan sucio",1,0,"Full DP, no DOM",0,,ve a las niñas,,Jorge,,,,,,,,,,,,,,,,,
H34,2026,32,27,DOM Fem.,¿A quiénes ve la mamá?,9:40,"la mamá ve dos chicas pequeñas en el teléfono, con ella en el otro lado",1,0,"Full DP, no DOM",0,,ve a las niñas,,Jorge,,,,,,,,,,,,,,,,,
H35,2026,6,1,DOM Masc.,¿A quién ve el papá?,1:45,el papá ve un niño con camisa verde y pantalones azul ,1,0,"Full DP, no DOM",0,,ve al niño,,Jorge,,,,,,,,,,,,,,,,,
H35,2026,9,4,DOM Masc.,¿A quién ve la mamá?,2:42,la mamá está besando el niño ,1,0,"Full DP, no DOM",0,Check - está besando ,ve al hijo ,,Jorge,,,,,,,,,,,,,,,,,
H35,2026,13,8,DOM Fem.,¿A quién ve la abuela?,3:48,la abuela ve un una niña y el perro está... ,1,0,"Full DP, no DOM",0,,ve a la niña / ve al perro,,Jorge,,,,,,,,,,,,,,,,,
H35,2026,17,12,DOM Masc. ,¿A quién ve el perro?,5:00,"el niño está uhmm dando uhm está dando... ah, el niño ",0,0,"DP, no verb, no DOM",0,,ve al niño,,Jorge,,,,,,,,,,,,,,,,,
H35,2026,21,16,DOM Fem.,¿A quién ve la mamá?,6:18,"a la mamá la mamá está, está lavando el niño ",1,0,"Full DP, no DOM",0,check - está lavando ,ve al bebé,,Jorge,,,,,,,,,,,,,,,,,
H35,2026,25,20,DOM Masc.,¿A quién ve el monstruo?,7:34,"el monstruo está... uh, el monstruo ve a una niña aterroizado ",1,1,,1,,ve a la chica,,Jorge,,,,,,,,,,,,,,,,,
H35,2026,29,24,DOM Fem.,¿A quiénes ve el perro?,8:46,el perro está... el perro ve a las niñas,1,1,,1,,ve a las niñas,,Jorge,,,,,,,,,,,,,,,,,
H35,2026,32,27,DOM Fem.,¿A quiénes ve la mamá?,9:39,la mamá está viendo sus niños sobre el teléfono ,1,0,"Full DP, no DOM",0,,ve a las niñas,,Jorge,,,,,,,,,,,,,,,,,
H41,2026,6,1,DOM Masc.,¿A quién ve el papá?,2:05,"el papá ve a un niño, el niño tiene pelo marrón, un camisa verde, y pantalones cortos azules ",1,1,,1,,ve al niño,,Jorge,,,,,,,,,,,,,,,,,
H41,2026,9,4,DOM Masc.,¿A quién ve la mamá?,3:00,"le da un beso a un niño, puede ser que es su hijo",1,1,,1,,ve al hijo ,,Jorge,,,,,,,,,,,,,,,,,
H41,2026,13,8,DOM Fem.,¿A quién ve la abuela?,4:10,"la abuela ve a una niña jugando, y también ve a un perro",1,1,,1,,ve a la niña / ve al perro,,Jorge,,,,,,,,,,,,,,,,,
H41,2026,17,12,DOM Masc. ,¿A quién ve el perro?,5:30,el perro ve a un niño,1,1,,1,,ve al niño,,Jorge,,,,,,,,,,,,,,,,,
H41,2026,21,16,DOM Fem.,¿A quién ve la mamá?,6:44,la mamá ve a un bebé duchando ,1,1,,1,,ve al bebé,,Jorge,,,,,,,,,,,,,,,,,
H41,2026,25,20,DOM Masc.,¿A quién ve el monstruo?,7:55,el monstruo ve a una niña atemorizada,1,1,,1,,ve a la chica,,Jorge,,,,,,,,,,,,,,,,,
H41,2026,29,24,DOM Fem.,¿A quiénes ve el perro?,9:07,el perro ve a un dos niñas ,1,1,,1,,ve a las niñas,,Jorge,,,,,,,,,,,,,,,,,
H41,2026,32,27,DOM Fem.,¿A quiénes ve la mamá?,9:53,"la mamá le ve a dos niñas, una de las niñas tiene un teléfono",1,1,,1,,ve a las niñas,,Jorge,,,,,,,,,,,,,,,,,
H43,2026,6,1,DOM Masc.,¿A quién ve el papá?,0:52,el papá ve a su hijo o su hija,1,1,,1,,ve al niño,,Jorge,,,,,,,,,,,,,,,,,
H43,2026,9,4,DOM Masc.,¿A quién ve la mamá?,1:40,la mamá está dando un beso a su hijo,1,1,,1,está dando un beso,ve al hijo ,,Jorge,,,,,,,,,,,,,,,,,
H43,2026,13,8,DOM Fem.,¿A quién ve la abuela?,2:47,la abuela ve a su nieta que está jugando y está jugando con ella,1,1,,1,,ve a la niña / ve al perro,,Jorge,,,,,,,,,,,,,,,,,
H43,2026,17,12,DOM Masc. ,¿A quién ve el perro?,4:17,el perro ve a un niño y está jugando con el niño,1,1,,1,,ve al niño,,Jorge,,,,,,,,,,,,,,,,,
H43,2026,21,16,DOM Fem.,¿A quién ve la mamá?,5:14,la mamá ve ve su bebé,1,0,"Full DP, no DOM",0,,ve al bebé,,Jorge,,,,,,,,,,,,,,,,,
H43,2026,25,20,DOM Masc.,¿A quién ve el monstruo?,6:08,el monstruo ve a un mujer,1,1,,1,,ve a la chica,,Jorge,,,,,,,,,,,,,,,,,
H43,2026,29,24,DOM Fem.,¿A quiénes ve el perro?,7:11,el perro ve a unos niños y ahora son sucios porque jugó con ellos,1,1,,1,,ve a las niñas,,Jorge,,,,,,,,,,,,,,,,,
H43,2026,32,27,DOM Fem.,¿A quiénes ve la mamá?,7:55,la mamá está llamando a sus hijas ,1,1,,1,gerund,ve a las niñas,,Jorge,,,,,,,,,,,,,,,,,
H46,2026,6,1,DOM Masc.,¿A quién ve el papá?,,,,,,,Video without audio,ve al niño,,Jorge,,,,,,,,,,,,,,,,,
H46,2026,9,4,DOM Masc.,¿A quién ve la mamá?,,,,,,,Video without audio,ve al hijo ,,Jorge,,,,,,,,,,,,,,,,,
H46,2026,13,8,DOM Fem.,¿A quién ve la abuela?,,,,,,,Video without audio,ve a la niña / ve al perro,,Jorge,,,,,,,,,,,,,,,,,
H46,2026,17,12,DOM Masc. ,¿A quién ve el perro?,,,,,,,Video without audio,ve al niño,,Jorge,,,,,,,,,,,,,,,,,
H46,2026,21,16,DOM Fem.,¿A quién ve la mamá?,,,,,,,Video without audio,ve al bebé,,Jorge,,,,,,,,,,,,,,,,,
H46,2026,25,20,DOM Masc.,¿A quién ve el monstruo?,,,,,,,Video without audio,ve a la chica,,Jorge,,,,,,,,,,,,,,,,,
H46,2026,29,24,DOM Fem.,¿A quiénes ve el perro?,,,,,,,Video without audio,ve a las niñas,,Jorge,,,,,,,,,,,,,,,,,
H46,2026,32,27,DOM Fem.,¿A quiénes ve la mamá?,,,,,,,Video without audio,ve a las niñas,,Jorge,,,,,,,,,,,,,,,,,
H47,2026,6,1,DOM Masc.,¿A quién ve el papá?,0:34,"uhm a su niño, puede ser su hijo",0,1,,1,,ve al niño,,Jorge,,,,,,,,,,,,,,,,,
H47,2026,9,4,DOM Masc.,¿A quién ve la mamá?,1:28,a su niño su hijo,0,1,,1,,ve al hijo ,,Jorge,,,,,,,,,,,,,,,,,
H47,2026,13,8,DOM Fem.,¿A quién ve la abuela?,2:22,a su hija,0,1,,1,,ve a la niña / ve al perro,,Jorge,,,,,,,,,,,,,,,,,
H47,2026,17,12,DOM Masc. ,¿A quién ve el perro?,3:31,a puede ser su dueño que es un hijo,,,Grammatical alternative,,,ve al niño,,Jorge,,,,,,,,,,,,,,,,,
H47,2026,21,16,DOM Fem.,¿A quién ve la mamá?,4:53,la mamá ve a su hijo,1,1,,1,,ve al bebé,,Jorge,,,,,,,,,,,,,,,,,
H47,2026,25,20,DOM Masc.,¿A quién ve el monstruo?,6:02,a la niña,0,1,,1,,ve a la chica,,Jorge,,,,,,,,,,,,,,,,,
H47,2026,29,24,DOM Fem.,¿A quiénes ve el perro?,6:58,a las dos niñas,0,1,,1,,ve a las niñas,,Jorge,,,,,,,,,,,,,,,,,
H47,2026,32,27,DOM Fem.,¿A quiénes ve la mamá?,7:34,a sus niñas,0,1,,1,,ve a las niñas,,Jorge,,,,,,,,,,,,,,,,,
H49,2026,6,1,DOM Masc.,¿A quién ve el papá?,1:10,el niño,0,0,"DP, no verb, no DOM",0,,ve al niño,,Jorge,,,,,,,,,,,,,,,,,
H49,2026,9,4,DOM Masc.,¿A quién ve la mamá?,1:55,un el niño,0,0,"DP, no verb, no DOM",0,,ve al hijo ,,Jorge,,,,,,,,,,,,,,,,,
H49,2026,13,8,DOM Fem.,¿A quién ve la abuela?,3:01,un perro y un niño o niña,0,0,"DP, no verb, no DOM",0,,ve a la niña / ve al perro,,Jorge,,,,,,,,,,,,,,,,,
H49,2026,17,12,DOM Masc. ,¿A quién ve el perro?,4:09,la niño el niño,0,0,"DP, no verb, no DOM",0,,ve al niño,,Jorge,,,,,,,,,,,,,,,,,
H49,2026,21,16,DOM Fem.,¿A quién ve la mamá?,5:28,una bebé y estás limpiando la bebé,0,0,"DP, no verb, no DOM",0,,ve al bebé,,Jorge,,,,,,,,,,,,,,,,,
H49,2026,25,20,DOM Masc.,¿A quién ve el monstruo?,6:39,una niña,0,0,"DP, no verb, no DOM",0,,ve a la chica,,Jorge,,,,,,,,,,,,,,,,,
H49,2026,29,24,DOM Fem.,¿A quiénes ve el perro?,8:00,toca a los niñas y están .... (unintelligible) ,1,1,,1,toca  verb ,ve a las niñas,,Jorge,,,,,,,,,,,,,,,,,
H49,2026,32,27,DOM Fem.,¿A quiénes ve la mamá?,8:48,a los niños,0,1,,1,,ve a las niñas,,Jorge,,,,,,,,,,,,,,,,,
H50,2026,6,1,DOM Masc.,¿A quién ve el papá?,0:12,"hay un niño y un papá, los dos miran como, el papá tiene frío pero el niño no, porque el papá tiene como ropa como pantalones y un camiseta largo, pero el niño no tiene, solo tiene los pantalones no son largos y su camista está corto. Está como mirando a frente, pero mira que sus ojos mirando de frente porque no tiene su cabeza en el derecho izquierda y solo mira como...",,,Grammatical alternative,,Participant did not directly answer the question ,ve al niño,,Jorge,,,,,,,,,,,,,,,,,
H50,2026,9,4,DOM Masc.,¿A quién ve la mamá?,1:42,el mamá es dando un beso al niño y es mirando a decir adios porque el niño tiene escuela,1,1,,1,used verb besar,ve al hijo ,,Jorge,,,,,,,,,,,,,,,,,
H50,2026,13,8,DOM Fem.,¿A quién ve la abuela?,3:15,"la abuela está empujando la niña, pienso que es su como hija o puede ser algún persona pero también el perro quiere mira que tiene un tiempo... y sí, miran que son en un parque",1,0,"Full DP, no DOM",0,used verb empujar,ve a la niña / ve al perro,,Jorge,,,,,,,,,,,,,,,,,
H50,2026,17,12,DOM Masc. ,¿A quién ve el perro?,4:51,"el perro es como dando besos con su lengua para que el niño tiene, como el niño le gusta, y miran que tienen, miran que están en el suelo, y están jugando ",,,Grammatical alternative,,,ve al niño,,Jorge,,,,,,,,,,,,,,,,,
H50,2026,21,16,DOM Fem.,¿A quién ve la mamá?,6:24,la mamá está bañando su bebé porque miran que está sucio y está en el baño porque así es donde bañan ,1,0,"Full DP, no DOM",0,used verb bañar,ve al bebé,,Jorge,,,,,,,,,,,,,,,,,
H50,2026,25,20,DOM Masc.,¿A quién ve el monstruo?,7:32,"el monstruo mira que quiere que la niña tiene miedo, y mira como tiene su boca abierta, entonces la niña pueden pensar que él va a comer ",,,Grammatical alternative,,,ve a la chica,,Jorge,,,,,,,,,,,,,,,,,
H50,2026,29,24,DOM Fem.,¿A quiénes ve el perro?,8:51,el perro es subiendo a las niñas pero tus como es muy sucio entonces cuando ponen sus manos en las niñas blancos I mean en sus niñas vestidos blancas se están haciendo sucios,,,Grammatical alternative,,,ve a las niñas,,Jorge,,,,,,,,,,,,,,,,,
H50,2026,32,27,DOM Fem.,¿A quiénes ve la mamá?,9:47,el mamá está llamando a los niños porque por ejemplo necesita saber donde están ,1,1,,1,used verb llamar,ve a las niñas,,Jorge,,,,,,,,,,,,,,,,,
H57,2026,6,1,DOM Masc.,¿A quién ve el papá?,1:17,"el papá se puede ver un niño muy pequeño, el niño pequeño se ve como un hermano, como parte de su familia, o como su niño o niña ",1,1,"Full DP, no DOM",0,Check - puede ver ,ve al niño,,Jorge,,,,,,,,,,,,,,,,,
H57,2026,9,4,DOM Masc.,¿A quién ve la mamá?,2:31,la mamá se puede ver su niño y puedo ver que su niño se va a escuela porque la mamá se tiene una mochila y puedo inferir que es el primer día su. oh su niño ,1,0,"Full DP, no DOM",0,,ve al hijo ,,Jorge,,,,,,,,,,,,,,,,,
H57,2026,13,8,DOM Fem.,¿A quién ve la abuela?,4:03,"la abuela puede ver a su niña y están empujado su niña porque están en el parque jugando y también hay un perro también, y pienso que ese perro es de la abuela y sí ",1,1,,1,,ve a la niña / ve al perro,,Jorge,,,,,,,,,,,,,,,,,
H57,2026,17,12,DOM Masc. ,¿A quién ve el perro?,5:41,el perro puede ver a su guardador o persona que le pertenece a y como está muy emocionado de verlo ,1,1,,1,,ve al niño,,Jorge,,,,,,,,,,,,,,,,,
H57,2026,21,16,DOM Fem.,¿A quién ve la mamá?,7:47,"la mamá puede ver a su bebé y está como lavando su bebé en el lavador y están como, el bebé está jugando ",1,1,,1,,ve al bebé,,Jorge,,,,,,,,,,,,,,,,,
H57,2026,25,20,DOM Masc.,¿A quién ve el monstruo?,9:24,el monstruo se puede ver a un niña que estaba gritando porque estaba como muy asustado y tiene mucho miedo de ver como un monstruo tan que está tan asustado a ella ,1,1,,1,,ve a la chica,,Jorge,,,,,,,,,,,,,,,,,
H57,2026,29,24,DOM Fem.,¿A quiénes ve el perro?,10:55,"el perro puede ver a sus amigas que se pertenece a, y el perro se ve como muy sucia, y por eso estaba como haciendo como cosas, poniendo sucias cosas como en el como co... (unitelligible)",1,1,,1,,ve a las niñas,,Jorge,,,,,,,,,,,,,,,,,
H57,2026,32,27,DOM Fem.,¿A quiénes ve la mamá?,12:07,"la mamá se como se puede ver a sus niñas y sus amigas y se ve como está llamandolo en el teléfono, y las niñas se están como comunicando a su mamá sobre como, sobre cosas",1,1,,1,,ve a las niñas,,Jorge,,,,,,,,,,,,,,,,,
H58,2026,6,1,DOM Masc.,¿A quién ve el papá?,0:50,a su hijo,0,1,,1,,ve al niño,,Jorge,,,,,,,,,,,,,,,,,
H58,2026,9,4,DOM Masc.,¿A quién ve la mamá?,2:01,a su hijo y está dando un beso,0,1,,1,,ve al hijo ,,Jorge,,,,,,,,,,,,,,,,,
H58,2026,13,8,DOM Fem.,¿A quién ve la abuela?,3:04,"la abuela ve a su grandaughter... nieta, y le está empujando en un columpio con su perro",1,1,,1,,ve a la niña / ve al perro,,Jorge,,,,,,,,,,,,,,,,,
H58,2026,17,12,DOM Masc. ,¿A quién ve el perro?,4:37,"el perro ve a su dueño, un niño",1,1,,1,,ve al niño,,Jorge,,,,,,,,,,,,,,,,,
H58,2026,21,16,DOM Fem.,¿A quién ve la mamá?,5:53,"la mamá uhm, está bañando a su bebé",1,1,,1,bañando a,ve al bebé,,Jorge,,,,,,,,,,,,,,,,,
H58,2026,25,20,DOM Masc.,¿A quién ve el monstruo?,6:59,el monstruo ve a la niña asustada,1,1,,1,,ve a la chica,,Jorge,,,,,,,,,,,,,,,,,
H58,2026,29,24,DOM Fem.,¿A quiénes ve el perro?,8:18,el perro ve a los niños y el perro le está ensuciando a los niños ,1,1,,1,,ve a las niñas,,Jorge,,,,,,,,,,,,,,,,,
H58,2026,32,27,DOM Fem.,¿A quiénes ve la mamá?,9:20,a sus niñas,0,1,,1,,ve a las niñas,,Jorge,,,,,,,,,,,,,,,,,
H59,2026,6,1,DOM Masc.,¿A quién ve el papá?,0:42,"el es el papá del niño, y es un familia",,,Grammatical alternative,,,ve al niño,,Jorge,,,,,,,,,,,,,,,,,
H59,2026,9,4,DOM Masc.,¿A quién ve la mamá?,1:45,"la mamá es, yo ve, yo vi, con la mamá es que es el niño",,,Grammatical alternative,,,ve al hijo ,,Jorge,,,,,,,,,,,,,,,,,
H59,2026,13,8,DOM Fem.,¿A quién ve la abuela?,3:40,la abuela es jugar con el niña a la...,,,Grammatical alternative,,,ve a la niña / ve al perro,,Jorge,,,,,,,,,,,,,,,,,
H59,2026,17,12,DOM Masc. ,¿A quién ve el perro?,5:10,el perro es jugar con el niño y lick the niño el niño,,,Codeswitching with English verb,,,ve al niño,,Jorge,,,,,,,,,,,,,,,,,
H59,2026,21,16,DOM Fem.,¿A quién ve la mamá?,6:27,"yo ve la mamá con, la mamá ayuda con el bebé con el baño y...",,,Grammatical alternative,,,ve al bebé,,Jorge,,,,,,,,,,,,,,,,,
H59,2026,25,20,DOM Masc.,¿A quién ve el monstruo?,7:56,el monstruo es muy mal con el niña y es muy enojado,,,Grammatical alternative,,,ve a la chica,,Jorge,,,,,,,,,,,,,,,,,
H59,2026,29,24,DOM Fem.,¿A quiénes ve el perro?,9:11,"el perro es jugar jugar por las niños, por los niños no se gusta el perro porque es sucio",,,Grammatical alternative,,,ve a las niñas,,Jorge,,,,,,,,,,,,,,,,,
H59,2026,32,27,DOM Fem.,¿A quiénes ve la mamá?,10:11,la mamá es escuchar con el teléfono,,,Grammatical alternative,,,ve a las niñas,,Jorge,,,,,,,,,,,,,,,,,
H70,2026,6,1,DOM Masc.,¿A quién ve el papá?,1:05,ve a su hija,1,1,,1,,ve al niño,,Jorge,,,,,,,,,,,,,,,,,
H70,2026,9,4,DOM Masc.,¿A quién ve la mamá?,1:42,a su hijo,0,1,,1,,ve al hijo ,,Jorge,,,,,,,,,,,,,,,,,
H70,2026,13,8,DOM Fem.,¿A quién ve la abuela?,2:26,a su hija,0,1,,1,,ve a la niña / ve al perro,,Jorge,,,,,,,,,,,,,,,,,
H70,2026,17,12,DOM Masc. ,¿A quién ve el perro?,3:20,"a su, el chico",0,1,,1,,ve al niño,,Jorge,,,,,,,,,,,,,,,,,
H70,2026,21,16,DOM Fem.,¿A quién ve la mamá?,4:19,a su hijo,0,1,,1,,ve al bebé,,Jorge,,,,,,,,,,,,,,,,,
H70,2026,25,20,DOM Masc.,¿A quién ve el monstruo?,4:58,"la niña, su víctima",0,0,"DP, no verb, no DOM",0,,ve a la chica,,Jorge,,,,,,,,,,,,,,,,,
H70,2026,29,24,DOM Fem.,¿A quiénes ve el perro?,5:48,a las chicas,0,1,,1,,ve a las niñas,,Jorge,,,,,,,,,,,,,,,,,
H70,2026,32,27,DOM Fem.,¿A quiénes ve la mamá?,6:19,"sus hijas, las chicas",0,0,"DP, no verb, no DOM",0,,ve a las niñas,,Jorge,,,,,,,,,,,,,,,,,
H72,2026,6,1,DOM Masc.,¿A quién ve el papá?,,,,,,,Video without audio,ve al niño,,Jorge,,,,,,,,,,,,,,,,,
H72,2026,9,4,DOM Masc.,¿A quién ve la mamá?,,,,,,,Video without audio,ve al hijo ,,Jorge,,,,,,,,,,,,,,,,,
H72,2026,13,8,DOM Fem.,¿A quién ve la abuela?,,,,,,,Video without audio,ve a la niña / ve al perro,,Jorge,,,,,,,,,,,,,,,,,
H72,2026,17,12,DOM Masc. ,¿A quién ve el perro?,,,,,,,Video without audio,ve al niño,,Jorge,,,,,,,,,,,,,,,,,
H72,2026,21,16,DOM Fem.,¿A quién ve la mamá?,,,,,,,Video without audio,ve al bebé,,Jorge,,,,,,,,,,,,,,,,,
H72,2026,25,20,DOM Masc.,¿A quién ve el monstruo?,,,,,,,Video without audio,ve a la chica,,Jorge,,,,,,,,,,,,,,,,,
H72,2026,29,24,DOM Fem.,¿A quiénes ve el perro?,,,,,,,Video without audio,ve a las niñas,,Jorge,,,,,,,,,,,,,,,,,
H72,2026,32,27,DOM Fem.,¿A quiénes ve la mamá?,,,,,,,Video without audio,ve a las niñas,,Jorge,,,,,,,,,,,,,,,,,
H73,2026,6,1,DOM Masc.,¿A quién ve el papá?,,,,,,,Video without audio,ve al niño,,Jorge,,,,,,,,,,,,,,,,,
H73,2026,9,4,DOM Masc.,¿A quién ve la mamá?,,,,,,,Video without audio,ve al hijo ,,Jorge,,,,,,,,,,,,,,,,,
H73,2026,13,8,DOM Fem.,¿A quién ve la abuela?,,,,,,,Video without audio,ve a la niña / ve al perro,,Jorge,,,,,,,,,,,,,,,,,
H73,2026,17,12,DOM Masc. ,¿A quién ve el perro?,,,,,,,Video without audio,ve al niño,,Jorge,,,,,,,,,,,,,,,,,
H73,2026,21,16,DOM Fem.,¿A quién ve la mamá?,,,,,,,Video without audio,ve al bebé,,Jorge,,,,,,,,,,,,,,,,,
H73,2026,25,20,DOM Masc.,¿A quién ve el monstruo?,,,,,,,Video without audio,ve a la chica,,Jorge,,,,,,,,,,,,,,,,,
H73,2026,29,24,DOM Fem.,¿A quiénes ve el perro?,,,,,,,Video without audio,ve a las niñas,,Jorge,,,,,,,,,,,,,,,,,
H73,2026,32,27,DOM Fem.,¿A quiénes ve la mamá?,,,,,,,Video without audio,ve a las niñas,,Jorge,,,,,,,,,,,,,,,,,
H74,2026,6,1,DOM Masc.,¿A quién ve el papá?,,,,,,,Video without audio,ve al niño,,Jorge,,,,,,,,,,,,,,,,,
H74,2026,9,4,DOM Masc.,¿A quién ve la mamá?,,,,,,,Video without audio,ve al hijo ,,Jorge,,,,,,,,,,,,,,,,,
H74,2026,13,8,DOM Fem.,¿A quién ve la abuela?,,,,,,,Video without audio,ve a la niña / ve al perro,,Jorge,,,,,,,,,,,,,,,,,
H74,2026,17,12,DOM Masc. ,¿A quién ve el perro?,,,,,,,Video without audio,ve al niño,,Jorge,,,,,,,,,,,,,,,,,
H74,2026,21,16,DOM Fem.,¿A quién ve la mamá?,,,,,,,Video without audio,ve al bebé,,Jorge,,,,,,,,,,,,,,,,,
H74,2026,25,20,DOM Masc.,¿A quién ve el monstruo?,,,,,,,Video without audio,ve a la chica,,Jorge,,,,,,,,,,,,,,,,,
H74,2026,29,24,DOM Fem.,¿A quiénes ve el perro?,,,,,,,Video without audio,ve a las niñas,,Jorge,,,,,,,,,,,,,,,,,
H74,2026,32,27,DOM Fem.,¿A quiénes ve la mamá?,,,,,,,Video without audio,ve a las niñas,,Jorge,,,,,,,,,,,,,,,,,
H76,2026,6,1,DOM Masc.,¿A quién ve el papá?,1:19,"el papá está viendo a su como hijo, podemos inferir que como ellos están caminando en la calle",1,1,,1,,ve al niño,,Jorge,,,,,,,,,,,,,,,,,
H76,2026,9,4,DOM Masc.,¿A quién ve la mamá?,2:16,"la mamá está se da un beso a su hijo, podemos inferir que ella está saliendo la casa y quiere decir a su trabajo y quiere decir y quiere besar a su hijo",1,1,,1,used verb besar,ve al hijo ,,Jorge,,,,,,,,,,,,,,,,,
H76,2026,13,8,DOM Fem.,¿A quién ve la abuela?,3:35,"la abuela está viendo a su como a su hija de su hija, y está empujando a su hija de su hija en el parque... sí nieta",1,1,,1,,ve a la niña / ve al perro,,Jorge,,,,,,,,,,,,,,,,,
H76,2026,17,12,DOM Masc. ,¿A quién ve el perro?,5:20,"el perro está viendo a su como su... a un niño que está jugando con el perro, y está enseñando amor a él ",1,1,,1,,ve al niño,,Jorge,,,,,,,,,,,,,,,,,
H76,2026,21,16,DOM Fem.,¿A quién ve la mamá?,6:20,la mamá está viendo a su hijo y está como lavando a él ,1,1,,1,,ve al bebé,,Jorge,,,,,,,,,,,,,,,,,
H76,2026,25,20,DOM Masc.,¿A quién ve el monstruo?,7:25,el monstruo se ve a una niña y la niña está gritando porque el monstruo le da miedo ,1,1,,1,,ve a la chica,,Jorge,,,,,,,,,,,,,,,,,
H76,2026,29,24,DOM Fem.,¿A quiénes ve el perro?,8:34,el perro está viendo a dos niñas y le como... y cuando él se toca a los niñas sus camisetas son sucio,1,1,,1,,ve a las niñas,,Jorge,,,,,,,,,,,,,,,,,
H76,2026,32,27,DOM Fem.,¿A quiénes ve la mamá?,9:27,"la mamá está viendo a sus hijas también podemos inferir que la mamá llama a sus hijas porque en el teléfono de la ella, podemos ver que hay un como en la pantalla hay su mamá",1,1,,1,,ve a las niñas,,Jorge,,,,,,,,,,,,,,,,,
H79,2026,6,1,DOM Masc.,¿A quién ve el papá?,1:42,niño,0,0,"noun, no verb, no DOM ",0,,ve al niño,,Stephanie,,,,,,,,,,,,,,,,,
H79,2026,9,4,DOM Masc.,¿A quién ve la mamá?,3:12,niño,0,0,"noun, no verb, no DOM ",0,,ve al hijo ,,Stephanie,,,,,,,,,,,,,,,,,
H79,2026,13,8,DOM Fem.,¿A quién ve la abuela?,5:01,niña,0,0,"noun, no verb, no DOM ",0,,ve a la niña / ve al perro,,Stephanie,,,,,,,,,,,,,,,,,
H79,2026,17,12,DOM Masc. ,¿A quién ve el perro?,6:40,un niño,0,0,"DP, no verb, no DOM",0,,ve al niño,,Stephanie,,,,,,,,,,,,,,,,,
H79,2026,21,16,DOM Fem.,¿A quién ve la mamá?,8:10,mamá baña un niño ,1,0,"Full DP, no DOM",0,,ve al bebé,,Stephanie,,,,,,,,,,,,,,,,,
H79,2026,25,20,DOM Masc.,¿A quién ve el monstruo?,9:43,it's like scaring un niña,0,0,Codeswitching with English verb,0,,ve a la chica,,Stephanie,,,,,,,,,,,,,,,,,
H79,2026,29,24,DOM Fem.,¿A quiénes ve el perro?,11:31,perro dirty un niña's dress,0,0,Codeswitching with English verb,0,,ve a las niñas,,Stephanie,,,,,,,,,,,,,,,,,
H79,2026,32,27,DOM Fem.,¿A quiénes ve la mamá?,12:58,niñas...they're facetiming ,0,0,Codeswitching with English verb,0,,ve a las niñas,,Stephanie,,,,,,,,,,,,,,,,,
H81,2026,6,1,DOM Masc.,¿A quién ve el papá?,2:02,ve a un...creo que es una niña,1,1,,1,,ve al niño,,Stephanie,,,,,,,,,,,,,,,,,
H81,2026,9,4,DOM Masc.,¿A quién ve la mamá?,2:53,ve a su hijo ,1,1,,1,,ve al hijo ,,Stephanie,,,,,,,,,,,,,,,,,
H81,2026,13,8,DOM Fem.,¿A quién ve la abuela?,4:30,ve un perro y una niña,1,0,"Full DP, no DOM",0,,ve a la niña / ve al perro,,Stephanie,,,,,,,,,,,,,,,,,
H81,2026,17,12,DOM Masc. ,¿A quién ve el perro?,6:08,ve a un niño,1,1,,1,,ve al niño,,Stephanie,,,,,,,,,,,,,,,,,
H81,2026,21,16,DOM Fem.,¿A quién ve la mamá?,7:19,la mamá ve a un bebe,1,1,,1,,ve al bebé,,Stephanie,,,,,,,,,,,,,,,,,
H81,2026,25,20,DOM Masc.,¿A quién ve el monstruo?,8:48,ve a una niña asustada ,1,1,,1,,ve a la chica,,Stephanie,,,,,,,,,,,,,,,,,
H81,2026,29,24,DOM Fem.,¿A quiénes ve el perro?,10:11,ven a los niñas,1,1,,1,,ve a las niñas,,Stephanie,,,,,,,,,,,,,,,,,
H81,2026,32,27,DOM Fem.,¿A quiénes ve la mamá?,11:02,la mamá ve a las niñas,1,1,,1,,ve a las niñas,,Stephanie,,,,,,,,,,,,,,,,,
H82,2026,6,1,DOM Masc.,¿A quién ve el papá?,2:31,el papá ve el niño,1,0,"Full DP, no DOM",0,,ve al niño,,Stephanie,,,,,,,,,,,,,,,,,
H82,2026,9,4,DOM Masc.,¿A quién ve la mamá?,3:42,la mamá ve su hijo ,1,0,"Full DP, no DOM",0,,ve al hijo ,,Stephanie,,,,,,,,,,,,,,,,,
H82,2026,13,8,DOM Fem.,¿A quién ve la abuela?,4:44,la abuela ve a su hija...nieta,1,1,,1,,ve a la niña / ve al perro,,Stephanie,,,,,,,,,,,,,,,,,
H82,2026,17,12,DOM Masc. ,¿A quién ve el perro?,5:59,el niño,0,0,"DP, no verb, no DOM",0,,ve al niño,,Stephanie,,,,,,,,,,,,,,,,,
H82,2026,21,16,DOM Fem.,¿A quién ve la mamá?,7:18,la mamá ve su bebé,1,0,"Full DP, no DOM",0,,ve al bebé,,Stephanie,,,,,,,,,,,,,,,,,
H82,2026,25,20,DOM Masc.,¿A quién ve el monstruo?,8:16,a la niña,0,1,,1,,ve a la chica,,Stephanie,,,,,,,,,,,,,,,,,
H82,2026,29,24,DOM Fem.,¿A quiénes ve el perro?,9:13,el perro ve a las niñas,1,1,,1,,ve a las niñas,,Stephanie,,,,,,,,,,,,,,,,,
H82,2026,32,27,DOM Fem.,¿A quiénes ve la mamá?,10:03,la mamá ve a sus hijas,1,1,,1,,ve a las niñas,,Stephanie,,,,,,,,,,,,,,,,,
H84,2026,6,1,DOM Masc.,¿A quién ve el papá?,1:00,uhmm un niño ,0,0,"DP, no verb, no DOM",0,,ve al niño,,Jorge,,,,,,,,,,,,,,,,,
H84,2026,9,4,DOM Masc.,¿A quién ve la mamá?,1:55,dice que un adiós en el niño,,,Grammatical alternative,,,ve al hijo ,,Jorge,,,,,,,,,,,,,,,,,
H84,2026,13,8,DOM Fem.,¿A quién ve la abuela?,3:15,uhm su el niña,0,0,"DP, no verb, no DOM",,,ve a la niña / ve al perro,,Jorge,,,,,,,,,,,,,,,,,
H84,2026,17,12,DOM Masc. ,¿A quién ve el perro?,4:36,they play?,,,Grammatical alternative,,English reponse - unitelligible ,ve al niño,,Jorge,,,,,,,,,,,,,,,,,
H84,2026,21,16,DOM Fem.,¿A quién ve la mamá?,5:48,un bath por el niño,,,Grammatical alternative,,,ve al bebé,,Jorge,,,,,,,,,,,,,,,,,
H84,2026,25,20,DOM Masc.,¿A quién ve el monstruo?,6:53,ella es uhm scared,,,Grammatical alternative,,,ve a la chica,,Jorge,,,,,,,,,,,,,,,,,
H84,2026,29,24,DOM Fem.,¿A quiénes ve el perro?,8:00,el perro es uhm quiere que play pero ellos no quiere porque el perro es dirty,,,Grammatical alternative,,,ve a las niñas,,Jorge,,,,,,,,,,,,,,,,,
H84,2026,32,27,DOM Fem.,¿A quiénes ve la mamá?,8:55,la mamá es uhm call en eh niños niñas?,,,Codeswitching with English verb,,,ve a las niñas,,Jorge,,,,,,,,,,,,,,,,,
H85,2026,6,1,DOM Masc.,¿A quién ve el papá?,0:40,ve un niño,1,0,"Full DP, no DOM",0,,ve al niño,,Jorge,,,,,,,,,,,,,,,,,
H85,2026,9,4,DOM Masc.,¿A quién ve la mamá?,1:29,está besando el niño,1,0,"Full DP, no DOM",0,used verb besar,ve al hijo ,,Jorge,,,,,,,,,,,,,,,,,
H85,2026,13,8,DOM Fem.,¿A quién ve la abuela?,2:29,está empujando al niña,1,1,,1,used verb empujar,ve a la niña / ve al perro,,Jorge,,,,,,,,,,,,,,,,,
H85,2026,17,12,DOM Masc. ,¿A quién ve el perro?,3:45,está jugando con el niño,,,Grammatical alternative,,,ve al niño,,Jorge,,,,,,,,,,,,,,,,,
H85,2026,21,16,DOM Fem.,¿A quién ve la mamá?,5:00,están limpiando el niño,1,0,"Full DP, no DOM",0,used verb limpiar,ve al bebé,,Jorge,,,,,,,,,,,,,,,,,
H85,2026,25,20,DOM Masc.,¿A quién ve el monstruo?,5:56,está... uhm el niña está aburrido del monstruo,,,Grammatical alternative,,,ve a la chica,,Jorge,,,,,,,,,,,,,,,,,
H85,2026,29,24,DOM Fem.,¿A quiénes ve el perro?,7:10,el perro quiere jugar con las niñas,,,Grammatical alternative,,,ve a las niñas,,Jorge,,,,,,,,,,,,,,,,,
H85,2026,32,27,DOM Fem.,¿A quiénes ve la mamá?,7:56,está hablando con los las niñas,,,Grammatical alternative,,,ve a las niñas,,Jorge,,,,,,,,,,,,,,,,,
H86,2026,6,1,DOM Masc.,¿A quién ve el papá?,1:32,el papá ve a un niño,1,1,,1,,ve al niño,,Jorge,,,,,,,,,,,,,,,,,
H86,2026,9,4,DOM Masc.,¿A quién ve la mamá?,2:37,la mamá ve a su niño,1,1,,1,,ve al hijo ,,Jorge,,,,,,,,,,,,,,,,,
H86,2026,13,8,DOM Fem.,¿A quién ve la abuela?,3:41,la abuela ve a un niña y a un perro,1,1,,1,,ve a la niña / ve al perro,,Jorge,,,,,,,,,,,,,,,,,
H86,2026,17,12,DOM Masc. ,¿A quién ve el perro?,5:05,el perro ve a un niño,1,1,,1,,ve al niño,,Jorge,,,,,,,,,,,,,,,,,
H86,2026,21,16,DOM Fem.,¿A quién ve la mamá?,6:11,la mamá ve a al niño,1,1,,1,,ve al bebé,,Jorge,,,,,,,,,,,,,,,,,
H86,2026,25,20,DOM Masc.,¿A quién ve el monstruo?,7:28,a el niña,0,1,,1,,ve a la chica,,Jorge,,,,,,,,,,,,,,,,,
H86,2026,29,24,DOM Fem.,¿A quiénes ve el perro?,8:30,"los niñas, oh, el perro ve a los niñas",1,1,,1,,ve a las niñas,,Jorge,,,,,,,,,,,,,,,,,
H86,2026,32,27,DOM Fem.,¿A quiénes ve la mamá?,9:28,la mamá les ve a las niñas,1,1,,1,,ve a las niñas,,Jorge,,,,,,,,,,,,,,,,,
H87,2026,6,1,DOM Masc.,¿A quién ve el papá?,0:32,el papá ve uhm la niño,1,0,"Full DP, no DOM",0,,ve al niño,,Jorge,,,,,,,,,,,,,,,,,
H87,2026,9,4,DOM Masc.,¿A quién ve la mamá?,2:15,"la mamá está...uhmmm uh su hermano, I mean su hijo. La mamá veo su hijo",1,0,"Full DP, no DOM",0,Check veo - vea?,ve al hijo ,,Jorge,,,,,,,,,,,,,,,,,
H87,2026,13,8,DOM Fem.,¿A quién ve la abuela?,3:51,la niña ve la abuela,1,0,"Full DP, no DOM",0,,ve a la niña / ve al perro,,Jorge,,,,,,,,,,,,,,,,,
H87,2026,17,12,DOM Masc. ,¿A quién ve el perro?,6:01,el perro ve el niño,1,0,"Full DP, no DOM",0,,ve al niño,,Jorge,,,,,,,,,,,,,,,,,
H87,2026,21,16,DOM Fem.,¿A quién ve la mamá?,7:30,la mamá ve su hijo,1,0,"Full DP, no DOM",0,,ve al bebé,,Jorge,,,,,,,,,,,,,,,,,
H87,2026,25,20,DOM Masc.,¿A quién ve el monstruo?,8:58,la niña veo el monstruo,1,0,"Full DP, no DOM",0,Check veo - vea?,ve a la chica,,Jorge,,,,,,,,,,,,,,,,,
H87,2026,29,24,DOM Fem.,¿A quiénes ve el perro?,10:34,la niñas,0,0,"DP, no verb, no DOM",0,,ve a las niñas,,Jorge,,,,,,,,,,,,,,,,,
H87,2026,32,27,DOM Fem.,¿A quiénes ve la mamá?,11:16,las niñas ve el mamá,1,0,"DP, no verb, no DOM",0,,ve a las niñas,,Jorge,,,,,,,,,,,,,,,,,
H88,2026,6,1,DOM Masc.,¿A quién ve el papá?,0:57,el papá ve un niño,1,0,"Full DP, no DOM",0,,ve al niño,,Stephanie,,,,,,,,,,,,,,,,,
H88,2026,9,4,DOM Masc.,¿A quién ve la mamá?,2:05,la mamá está viendo a la niño,1,1,,0,,ve al hijo ,,Stephanie,,,,,,,,,,,,,,,,,
H88,2026,13,8,DOM Fem.,¿A quién ve la abuela?,3:34,el abuela está viendo a la niño y el perro ,1,1,,1,,ve a la niña / ve al perro,,Stephanie,,,,,,,,,,,,,,,,,
H88,2026,17,12,DOM Masc. ,¿A quién ve el perro?,5:26,el niño está viendo el perro ,1,0,"Full DP, no DOM",0,,ve al niño,,Stephanie,,,,,,,,,,,,,,,,,
H88,2026,21,16,DOM Fem.,¿A quién ve la mamá?,7:11,el mamá está viendo a la niño,1,1,,0,,ve al bebé,,Stephanie,,,,,,,,,,,,,,,,,
H88,2026,25,20,DOM Masc.,¿A quién ve el monstruo?,8:27,el monstruo ve a la niña,1,1,,1,,ve a la chica,,Stephanie,,,,,,,,,,,,,,,,,
H88,2026,29,24,DOM Fem.,¿A quiénes ve el perro?,10:02,el perro está viendo a las niñas,1,1,,1,,ve a las niñas,,Stephanie,,,,,,,,,,,,,,,,,
H88,2026,32,27,DOM Fem.,¿A quiénes ve la mamá?,10:57,la mamá está viendo a las niñas,1,1,,1,,ve a las niñas,,Stephanie,,,,,,,,,,,,,,,,,
H89,2026,6,1,DOM Masc.,¿A quién ve el papá?,1:20,yo pienso que el papá ve al niño,1,1,,1,,ve al niño,,Jorge,,,,,,,,,,,,,,,,,
H89,2026,9,4,DOM Masc.,¿A quién ve la mamá?,2:28,la mamá ve a su hijo y no sé si se puede ver a ella porque sus ojos está como... ,1,1,,1,,ve al hijo ,,Jorge,,,,,,,,,,,,,,,,,
H89,2026,13,8,DOM Fem.,¿A quién ve la abuela?,3:40,la abuela probablemente ve al niña que está empujando en la parque y el perro,1,1,,1,,ve a la niña / ve al perro,,Jorge,,,,,,,,,,,,,,,,,
H89,2026,17,12,DOM Masc. ,¿A quién ve el perro?,4:50,"al perro, probablemente ve al al niño pero el niño no puede ver al perro porque esos ojos están como cerrados",1,1,,1,,ve al niño,,Jorge,,,,,,,,,,,,,,,,,
H89,2026,21,16,DOM Fem.,¿A quién ve la mamá?,6:25,uhm al bebé,0,1,,1,,ve al bebé,,Jorge,,,,,,,,,,,,,,,,,
H89,2026,25,20,DOM Masc.,¿A quién ve el monstruo?,7:45,uhm el monstruo ve al niña,1,1,,1,,ve a la chica,,Jorge,,,,,,,,,,,,,,,,,
H89,2026,29,24,DOM Fem.,¿A quiénes ve el perro?,9:10,uhm los perros ve al las niñas,1,1,,1,,ve a las niñas,,Jorge,,,,,,,,,,,,,,,,,
H89,2026,32,27,DOM Fem.,¿A quiénes ve la mamá?,9:56,al mamá los ven al a las niñas,1,1,,1,,ve a las niñas,,Jorge,,,,,,,,,,,,,,,,,
H90,2026,6,1,DOM Masc.,¿A quién ve el papá?,1:57,el papá vio el niño,1,0,"Full DP, no DOM",0,,ve al niño,,Jorge,,,,,,,,,,,,,,,,,
H90,2026,9,4,DOM Masc.,¿A quién ve la mamá?,2:58,la mamá vio su hijo,1,0,"Full DP, no DOM",0,,ve al hijo ,,Jorge,,,,,,,,,,,,,,,,,
H90,2026,13,8,DOM Fem.,¿A quién ve la abuela?,4:05,"el niña, la niña y el perro",0,0,"DP, no verb, no DOM",0,,ve a la niña / ve al perro,,Jorge,,,,,,,,,,,,,,,,,
H90,2026,17,12,DOM Masc. ,¿A quién ve el perro?,5:36,el perro vio el niño,1,0,"Full DP, no DOM",0,,ve al niño,,Jorge,,,,,,,,,,,,,,,,,
H90,2026,21,16,DOM Fem.,¿A quién ve la mamá?,6:43,la mamá vio su bebé,1,0,"Full DP, no DOM",0,,ve al bebé,,Jorge,,,,,,,,,,,,,,,,,
H90,2026,25,20,DOM Masc.,¿A quién ve el monstruo?,7:50,el monstruo vio vi el niña,1,0,"Full DP, no DOM",0,,ve a la chica,,Jorge,,,,,,,,,,,,,,,,,
H90,2026,29,24,DOM Fem.,¿A quiénes ve el perro?,9:25,"los niñas, las niñas vio el perro ",,0,"DP, no verb, no DOM",0,check - word order and dog as DO,ve a las niñas,,Jorge,,,,,,,,,,,,,,,,,
H90,2026,32,27,DOM Fem.,¿A quiénes ve la mamá?,10:27,la mamá ve dos los las niñas,1,0,"Full DP, no DOM",0,,ve a las niñas,,Jorge,,,,,,,,,,,,,,,,,
H91,2026,6,1,DOM Masc.,¿A quién ve el papá?,0:58,el niño ve al papá,1,1,,1,,ve al niño,,Jorge,,,,,,,,,,,,,,,,,
H91,2026,9,4,DOM Masc.,¿A quién ve la mamá?,1:39,a su niño,0,1,,1,,ve al hijo ,,Jorge,,,,,,,,,,,,,,,,,
H91,2026,13,8,DOM Fem.,¿A quién ve la abuela?,2:26,el niño la niña,0,0,"DP, no verb, no DOM ",0,,ve a la niña / ve al perro,,Jorge,,,,,,,,,,,,,,,,,
H91,2026,17,12,DOM Masc. ,¿A quién ve el perro?,3:23,a al niño,0,1,,1,,ve al niño,,Jorge,,,,,,,,,,,,,,,,,
H91,2026,21,16,DOM Fem.,¿A quién ve la mamá?,4:19,a su niño,0,1,,1,,ve al bebé,,Jorge,,,,,,,,,,,,,,,,,
H91,2026,25,20,DOM Masc.,¿A quién ve el monstruo?,5:13,a la niñas,0,1,,1,,ve a la chica,,Jorge,,,,,,,,,,,,,,,,,
H91,2026,29,24,DOM Fem.,¿A quiénes ve el perro?,6:11,a las niñas,0,1,,1,,ve a las niñas,,Jorge,,,,,,,,,,,,,,,,,
H91,2026,32,27,DOM Fem.,¿A quiénes ve la mamá?,6:48,"la mamá ve a sus niños, niñas",1,1,,1,,ve a las niñas,,Jorge,,,,,,,,,,,,,,,,,
H93,2026,6,1,DOM Masc.,¿A quién ve el papá?,0:27,el niño,0,0,"DP, no verb, no DOM ",0,,ve al niño,,Jorge,,,,,,,,,,,,,,,,,
H93,2026,9,4,DOM Masc.,¿A quién ve la mamá?,1:37,el niño,0,0,"DP, no verb, no DOM ",0,,ve al hijo ,,Jorge,,,,,,,,,,,,,,,,,
H93,2026,13,8,DOM Fem.,¿A quién ve la abuela?,2:34,el niña y el perro,0,0,"DP, no verb, no DOM ",0,,ve a la niña / ve al perro,,Jorge,,,,,,,,,,,,,,,,,
H93,2026,17,12,DOM Masc. ,¿A quién ve el perro?,3:23,el niño,0,0,"DP, no verb, no DOM ",0,,ve al niño,,Jorge,,,,,,,,,,,,,,,,,
H93,2026,21,16,DOM Fem.,¿A quién ve la mamá?,4:17,el bebé,0,0,"DP, no verb, no DOM ",0,,ve al bebé,,Jorge,,,,,,,,,,,,,,,,,
H93,2026,25,20,DOM Masc.,¿A quién ve el monstruo?,5:19,el niña gritando,0,0,"DP, no verb, no DOM ",0,,ve a la chica,,Jorge,,,,,,,,,,,,,,,,,
H93,2026,29,24,DOM Fem.,¿A quiénes ve el perro?,6:10,los niñas,0,0,"DP, no verb, no DOM ",0,,ve a las niñas,,Jorge,,,,,,,,,,,,,,,,,
H93,2026,32,27,DOM Fem.,¿A quiénes ve la mamá?,6:44,el mamá se llamar,0,0,"DP, no verb, no DOM ",0,,ve a las niñas,,Jorge,,,,,,,,,,,,,,,,,
H94,2026,6,1,DOM Masc.,¿A quién ve el papá?,1:09,uhm el chico,0,0,"DP, no verb, no DOM ",0,,ve al niño,,Jorge,,,,,,,,,,,,,,,,,
H94,2026,9,4,DOM Masc.,¿A quién ve la mamá?,1:56,la mamá ven la chico a la escuela,1,0,"Full DP, no DOM",0,,ve al hijo ,,Jorge,,,,,,,,,,,,,,,,,
H94,2026,13,8,DOM Fem.,¿A quién ve la abuela?,3:39,la abuela ve la chica en la parque,1,0,"Full DP, no DOM",0,,ve a la niña / ve al perro,,Jorge,,,,,,,,,,,,,,,,,
H94,2026,17,12,DOM Masc. ,¿A quién ve el perro?,5:00,la perro ven el chico,1,0,"Full DP, no DOM",0,,ve al niño,,Jorge,,,,,,,,,,,,,,,,,
H94,2026,21,16,DOM Fem.,¿A quién ve la mamá?,5:58,la mamá ven ve el chico,1,0,"Full DP, no DOM",0,,ve al bebé,,Jorge,,,,,,,,,,,,,,,,,
H94,2026,25,20,DOM Masc.,¿A quién ve el monstruo?,7:03,el monstruo ve ve el niño al niña,1,1,,1,,ve a la chica,,Jorge,,,,,,,,,,,,,,,,,
H94,2026,29,24,DOM Fem.,¿A quiénes ve el perro?,8:22,el perro ven el chicas,1,0,"Full DP, no DOM",0,,ve a las niñas,,Jorge,,,,,,,,,,,,,,,,,
H94,2026,32,27,DOM Fem.,¿A quiénes ve la mamá?,9:17,"la mamá ve ve los chicos, las chicas",1,0,"Full DP, no DOM",0,,ve a las niñas,,Jorge,,,,,,,,,,,,,,,,,
H95,2026,6,1,DOM Masc.,¿A quién ve el papá?,0:49,la dereche? el el persona más grande,,,Grammatical alternative,,,ve al niño,,Jorge,,,,,,,,,,,,,,,,,
H95,2026,9,4,DOM Masc.,¿A quién ve la mamá?,1:42,dice adiós ahí ,,,Grammatical alternative,,,ve al hijo ,,Jorge,,,,,,,,,,,,,,,,,
H95,2026,13,8,DOM Fem.,¿A quién ve la abuela?,2:59,jugan en el parque con su perro,,,Grammatical alternative,,,ve a la niña / ve al perro,,Jorge,,,,,,,,,,,,,,,,,
H95,2026,17,12,DOM Masc. ,¿A quién ve el perro?,4:28,jugar con el niño,,,Grammatical alternative,,,ve al niño,,Jorge,,,,,,,,,,,,,,,,,
H95,2026,21,16,DOM Fem.,¿A quién ve la mamá?,5:49,ayuda a la niño sucio,1,1,,1,used verb ayudar,ve al bebé,,Jorge,,,,,,,,,,,,,,,,,
H95,2026,25,20,DOM Masc.,¿A quién ve el monstruo?,7:13,asustar a el la niña,1,1,,1,used verb asustar,ve a la chica,,Jorge,,,,,,,,,,,,,,,,,
H95,2026,29,24,DOM Fem.,¿A quiénes ve el perro?,8:50,a jugar con los niñas,,,Grammatical alternative,,,ve a las niñas,,Jorge,,,,,,,,,,,,,,,,,
H95,2026,32,27,DOM Fem.,¿A quiénes ve la mamá?,9:43,con los niños,,,Grammatical alternative,,,ve a las niñas,,Jorge,,,,,,,,,,,,,,,,,
H96,2026,6,1,DOM Masc.,¿A quién ve el papá?,0:34,el papá ve a un niño y se puede ser su hijo,1,1,,1,,ve al niño,,Jorge,,,,,,,,,,,,,,,,,
H96,2026,9,4,DOM Masc.,¿A quién ve la mamá?,1:15,la mamá está besando a su niño quien lleva a la escuela,1,1,,1,,ve al hijo ,,Jorge,,,,,,,,,,,,,,,,,
H96,2026,13,8,DOM Fem.,¿A quién ve la abuela?,2:10,la abuela ve a su al hija de su hija,1,1,,1,,ve a la niña / ve al perro,,Jorge,,,,,,,,,,,,,,,,,
H96,2026,17,12,DOM Masc. ,¿A quién ve el perro?,3:20,el perro se ve al niño,1,1,,1,,ve al niño,,Jorge,,,,,,,,,,,,,,,,,
H96,2026,21,16,DOM Fem.,¿A quién ve la mamá?,4:10,está lavando a su niño ,1,1,,1,,ve al bebé,,Jorge,,,,,,,,,,,,,,,,,
H96,2026,25,20,DOM Masc.,¿A quién ve el monstruo?,5:13,a una niña espantado,0,1,,1,,ve a la chica,,Jorge,,,,,,,,,,,,,,,,,
H96,2026,29,24,DOM Fem.,¿A quiénes ve el perro?,6:11,el perro ve a dos niñas,1,1,,1,,ve a las niñas,,Jorge,,,,,,,,,,,,,,,,,
H96,2026,32,27,DOM Fem.,¿A quiénes ve la mamá?,6:50,la mamá ve a sus niños en el teléfono,1,1,,1,,ve a las niñas,,Jorge,,,,,,,,,,,,,,,,,
H97,2026,6,1,DOM Masc.,¿A quién ve el papá?,,,,,,,Missing video,ve al niño,,Stephanie,,,,,,,,,,,,,,,,,
H97,2026,9,4,DOM Masc.,¿A quién ve la mamá?,,,,,,,Missing video,ve al hijo ,,Stephanie,,,,,,,,,,,,,,,,,
H97,2026,13,8,DOM Fem.,¿A quién ve la abuela?,,,,,,,Missing video,ve a la niña / ve al perro,,Stephanie,,,,,,,,,,,,,,,,,
H97,2026,17,12,DOM Masc. ,¿A quién ve el perro?,,,,,,,Missing video,ve al niño,,Stephanie,,,,,,,,,,,,,,,,,
H97,2026,21,16,DOM Fem.,¿A quién ve la mamá?,,,,,,,Missing video,ve al bebé,,Stephanie,,,,,,,,,,,,,,,,,
H97,2026,25,20,DOM Masc.,¿A quién ve el monstruo?,,,,,,,Missing video,ve a la chica,,Stephanie,,,,,,,,,,,,,,,,,
H97,2026,29,24,DOM Fem.,¿A quiénes ve el perro?,,,,,,,Missing video,ve a las niñas,,Stephanie,,,,,,,,,,,,,,,,,
H97,2026,32,27,DOM Fem.,¿A quiénes ve la mamá?,,,,,,,Missing video,ve a las niñas,,Stephanie,,,,,,,,,,,,,,,,,
H98,2026,6,1,DOM Masc.,¿A quién ve el papá?,0:36,"el papá es muy alto y su pienso que es su hijo, tiene es muy joven ",,,Grammatical alternative,,,ve al niño,,Jorge,,,,,,,,,,,,,,,,,
H98,2026,9,4,DOM Masc.,¿A quién ve la mamá?,1:23,"la mamá ve a su hijo pequeño, pienso que están despidiendo y él se va",1,1,,1,,ve al hijo ,,Jorge,,,,,,,,,,,,,,,,,
H98,2026,13,8,DOM Fem.,¿A quién ve la abuela?,2:21,la abuela está empujando a su nieta o a alguien en su familia en un columpio,1,1,,1,verb empujar,ve a la niña / ve al perro,,Jorge,,,,,,,,,,,,,,,,,
H98,2026,17,12,DOM Masc. ,¿A quién ve el perro?,3:40,el perro ve a su dueño ,1,1,,1,,ve al niño,,Jorge,,,,,,,,,,,,,,,,,
H98,2026,21,16,DOM Fem.,¿A quién ve la mamá?,4:42,la mamá ve ve a su bebé en el baño porque está lavando ,1,1,,1,,ve al bebé,,Jorge,,,,,,,,,,,,,,,,,
H98,2026,25,20,DOM Masc.,¿A quién ve el monstruo?,5:36,el monstruo ve a una niña muy... la niña está espantado por el monstruo grande,1,1,,1,,ve a la chica,,Jorge,,,,,,,,,,,,,,,,,
H98,2026,29,24,DOM Fem.,¿A quiénes ve el perro?,6:39,"el perro ve a sus a sus dueños y pero cuando va a verlos no ve muy bien porque tiene muy lodo, está muy sucio",1,1,,1,,ve a las niñas,,Jorge,,,,,,,,,,,,,,,,,
H98,2026,32,27,DOM Fem.,¿A quiénes ve la mamá?,7:38,la mamá ve a sus niñas cuando está en el teléfono,1,1,,1,,ve a las niñas,,Jorge,,,,,,,,,,,,,,,,,
H99,2026,6,1,DOM Masc.,¿A quién ve el papá?,1:01,su hijo ,0,0,"Full DP, no DOM",0,,ve al niño,,Stephanie,,,,,,,,,,,,,,,,,
H99,2026,9,4,DOM Masc.,¿A quién ve la mamá?,2:24,su hija,0,0,"Full DP, no DOM",1,,ve al hijo ,,Stephanie,,,,,,,,,,,,,,,,,
H99,2026,13,8,DOM Fem.,¿A quién ve la abuela?,3:35,a su hija ,0,1,,1,,ve a la niña / ve al perro,,Stephanie,,,,,,,,,,,,,,,,,
H99,2026,17,12,DOM Masc. ,¿A quién ve el perro?,4:42,a un niño,0,1,,1,,ve al niño,,Stephanie,,,,,,,,,,,,,,,,,
H99,2026,21,16,DOM Fem.,¿A quién ve la mamá?,6:06,ve al bebé ,1,1,,1,,ve al bebé,,Stephanie,,,,,,,,,,,,,,,,,
H99,2026,25,20,DOM Masc.,¿A quién ve el monstruo?,7:04,a chica ,0,1,,1,,ve a la chica,,Stephanie,,,,,,,,,,,,,,,,,
H99,2026,29,24,DOM Fem.,¿A quiénes ve el perro?,8:13,a dos chicas,0,1,,1,,ve a las niñas,,Stephanie,,,,,,,,,,,,,,,,,
H99,2026,32,27,DOM Fem.,¿A quiénes ve la mamá?,8:55,a dos niñas,0,1,,1,,ve a las niñas,,Stephanie,,,,,,,,,,,,,,,,,
H100,2026,6,1,DOM Masc.,¿A quién ve el papá?,0:30,"sí, hay un papá con niño",,,Grammatical alternative,,,ve al niño,,Jorge,,,,,,,,,,,,,,,,,
H100,2026,9,4,DOM Masc.,¿A quién ve la mamá?,1:24,a su niño,0,1,,1,,ve al hijo ,,Jorge,,,,,,,,,,,,,,,,,
H100,2026,13,8,DOM Fem.,¿A quién ve la abuela?,2:07,a su niña,0,1,,1,,ve a la niña / ve al perro,,Jorge,,,,,,,,,,,,,,,,,
H100,2026,17,12,DOM Masc. ,¿A quién ve el perro?,3:09,el perro ve a su a su hermano,0,1,,1,,ve al niño,,Jorge,,,,,,,,,,,,,,,,,
H100,2026,21,16,DOM Fem.,¿A quién ve la mamá?,4:09,su niño está lavando,,,Grammatical alternative,,,ve al bebé,,Jorge,,,,,,,,,,,,,,,,,
H100,2026,25,20,DOM Masc.,¿A quién ve el monstruo?,5:25,a un niña,0,1,,1,,ve a la chica,,Jorge,,,,,,,,,,,,,,,,,
H100,2026,29,24,DOM Fem.,¿A quiénes ve el perro?,6:27,a sus hermanas,0,1,,1,,ve a las niñas,,Jorge,,,,,,,,,,,,,,,,,
H100,2026,32,27,DOM Fem.,¿A quiénes ve la mamá?,7:10,a sus niñas,0,1,,1,,ve a las niñas,,Jorge,,,,,,,,,,,,,,,,,
H101,2026,6,1,DOM Masc.,¿A quién ve el papá?,1:08,el papá ve a su hijo ,1,1,,1,check if correct participant ID,ve al niño,,Stephanie,,,,,,,,,,,,,,,,,
H101,2026,9,4,DOM Masc.,¿A quién ve la mamá?,2:40,la mamá ve a su hijo ,1,1,,1,,ve al hijo ,,Stephanie,,,,,,,,,,,,,,,,,
H101,2026,13,8,DOM Fem.,¿A quién ve la abuela?,4:15,ve a la hija de su hija ,1,1,,1,,ve a la niña / ve al perro,,Stephanie,,,,,,,,,,,,,,,,,
H101,2026,17,12,DOM Masc. ,¿A quién ve el perro?,6:13,el perro ve la niño,1,0,"Full DP, no DOM",0,,ve al niño,,Stephanie,,,,,,,,,,,,,,,,,
H101,2026,21,16,DOM Fem.,¿A quién ve la mamá?,7:42,la mamá ve a su hijo ,1,1,,1,,ve al bebé,,Stephanie,,,,,,,,,,,,,,,,,
H101,2026,25,20,DOM Masc.,¿A quién ve el monstruo?,8:58,el monstruo ve a la niña ,1,1,,1,,ve a la chica,,Stephanie,,,,,,,,,,,,,,,,,
H101,2026,29,24,DOM Fem.,¿A quiénes ve el perro?,10:10,el perro ve a las niñas,1,1,,1,,ve a las niñas,,Stephanie,,,,,,,,,,,,,,,,,
H101,2026,32,27,DOM Fem.,¿A quiénes ve la mamá?,11:16,la mamá ve a las niãs ,1,1,,1,,ve a las niñas,,Stephanie,,,,,,,,,,,,,,,,,
H102,2026,6,1,DOM Masc.,¿A quién ve el papá?,,,,,,,Not recorded,ve al niño,,Jorge,,,,,,,,,,,,,,,,,
H102,2026,9,4,DOM Masc.,¿A quién ve la mamá?,,,,,,,Not recorded,ve al hijo ,,Jorge,,,,,,,,,,,,,,,,,
H102,2026,13,8,DOM Fem.,¿A quién ve la abuela?,,,,,,,Not recorded,ve a la niña / ve al perro,,Jorge,,,,,,,,,,,,,,,,,
H102,2026,17,12,DOM Masc. ,¿A quién ve el perro?,1:09,uh? el niño ve el perro,1,1,Word order,0,,ve al niño,,Jorge,,,,,,,,,,,,,,,,,
H102,2026,21,16,DOM Fem.,¿A quién ve la mamá?,2:39,la mamá ve el niñ... el bebé,1,0,"Full DP, no DOM",0,,ve al bebé,,Jorge,,,,,,,,,,,,,,,,,
H102,2026,25,20,DOM Masc.,¿A quién ve el monstruo?,4:10,"un niño más grande, un mamá ve el monstruo",0,0,"DP, no verb, no DOM",0,,ve a la chica,,Jorge,,,,,,,,,,,,,,,,,
H102,2026,29,24,DOM Fem.,¿A quiénes ve el perro?,5:40,"un niña, dos niñas",0,0,"DP, no verb, no DOM",0,,ve a las niñas,,Jorge,,,,,,,,,,,,,,,,,
H102,2026,32,27,DOM Fem.,¿A quiénes ve la mamá?,6:32,"unos, dos niñas",0,0,"DP, no verb, no DOM",0,,ve a las niñas,,Jorge,,,,,,,,,,,,,,,,,
H103,2026,6,1,DOM Masc.,¿A quién ve el papá?,1:14,papá ve es un niño ,1,0,Grammatical alternative,,,ve al niño,,Stephanie,,,,,,,,,,,,,,,,,
H103,2026,9,4,DOM Masc.,¿A quién ve la mamá?,2:44,el niño,0,0,"DP, no verb, no DOM",0,,ve al hijo ,,Stephanie,,,,,,,,,,,,,,,,,
H103,2026,13,8,DOM Fem.,¿A quién ve la abuela?,3:58,la niña,0,0,"DP, no verb, no DOM",0,,ve a la niña / ve al perro,,Stephanie,,,,,,,,,,,,,,,,,
H103,2026,17,12,DOM Masc. ,¿A quién ve el perro?,5:40,niño,0,0,"DP, no verb, no DOM",0,,ve al niño,,Stephanie,,,,,,,,,,,,,,,,,
H103,2026,21,16,DOM Fem.,¿A quién ve la mamá?,7:25,el bebé,0,0,"DP, no verb, no DOM",0,,ve al bebé,,Stephanie,,,,,,,,,,,,,,,,,
H103,2026,25,20,DOM Masc.,¿A quién ve el monstruo?,9:00,la niña,0,0,"DP, no verb, no DOM",0,,ve a la chica,,Stephanie,,,,,,,,,,,,,,,,,
H103,2026,29,24,DOM Fem.,¿A quiénes ve el perro?,10:34,los dos niñas...las dos niñas,0,0,"DP, no verb, no DOM",0,,ve a las niñas,,Stephanie,,,,,,,,,,,,,,,,,
H103,2026,32,27,DOM Fem.,¿A quiénes ve la mamá?,11:35,las dos niñas,0,0,"DP, no verb, no DOM",0,,ve a las niñas,,Stephanie,,,,,,,,,,,,,,,,,
H104,2026,6,1,DOM Masc.,¿A quién ve el papá?,1:40,su hijo ,0,0,"DP, no verb, no DOM",0,,ve al niño,,Stephanie,,,,,,,,,,,,,,,,,
H104,2026,9,4,DOM Masc.,¿A quién ve la mamá?,2:41,su hijo ,0,0,"DP, no verb, no DOM",0,,ve al hijo ,,Stephanie,,,,,,,,,,,,,,,,,
H104,2026,13,8,DOM Fem.,¿A quién ve la abuela?,4:14,su nieta ,0,0,"DP, no verb, no DOM",0,,ve a la niña / ve al perro,,Stephanie,,,,,,,,,,,,,,,,,
H104,2026,17,12,DOM Masc. ,¿A quién ve el perro?,5:48,un niño ,0,0,"DP, no verb, no DOM",0,,ve al niño,,Stephanie,,,,,,,,,,,,,,,,,
H104,2026,21,16,DOM Fem.,¿A quién ve la mamá?,7:15,ve su hijo bebé ,1,0,"Full DP, no DOM",0,,ve al bebé,,Stephanie,,,,,,,,,,,,,,,,,
H104,2026,25,20,DOM Masc.,¿A quién ve el monstruo?,8:35,la niña,0,0,"DP, no verb, no DOM",0,,ve a la chica,,Stephanie,,,,,,,,,,,,,,,,,
H104,2026,29,24,DOM Fem.,¿A quiénes ve el perro?,10:22,el perro vi a unas niñas ,1,1,,1,,ve a las niñas,,Stephanie,,,,,,,,,,,,,,,,,
H104,2026,32,27,DOM Fem.,¿A quiénes ve la mamá?,11:23,la mamá ve a sus hijos en la teléfono ,1,1,,1,,ve a las niñas,,Stephanie,,,,,,,,,,,,,,,,,
H106,2026,6,1,DOM Masc.,¿A quién ve el papá?,0:59,uhmm el papá es uhh ela es ,0,0,"DP, no verb, no DOM",0,,ve al niño,,Jorge,,,,,,,,,,,,,,,,,
H106,2026,9,4,DOM Masc.,¿A quién ve la mamá?,1:44,uhh kissing el niño,,,Codeswitching with English verb,,,ve al hijo ,,Jorge,,,,,,,,,,,,,,,,,
H106,2026,13,8,DOM Fem.,¿A quién ve la abuela?,3:23,el abuela es uh pushing el niña,,,Codeswitching with English verb,,,ve a la niña / ve al perro,,Jorge,,,,,,,,,,,,,,,,,
H106,2026,17,12,DOM Masc. ,¿A quién ve el perro?,4:54,el niño es uhh playing pues uhh el perro y el perro es ing... him?,,,Codeswitching with English verb,,,ve al niño,,Jorge,,,,,,,,,,,,,,,,,
H106,2026,21,16,DOM Fem.,¿A quién ve la mamá?,6:22,el madre es uhh bathing el niño ,,,Codeswitching with English verb,,,ve al bebé,,Jorge,,,,,,,,,,,,,,,,,
H106,2026,25,20,DOM Masc.,¿A quién ve el monstruo?,7:34,"uh el monstruo es uh comer el niña,  scaring el niña",1,0,"Full DP, no DOM",0,,ve a la chica,,Jorge,,,,,,,,,,,,,,,,,
H106,2026,29,24,DOM Fem.,¿A quiénes ve el perro?,8:59,"el perro es touching el niños y niñas y los niñas don't like it, no le gusta. El perro es putting el mano on el ",,,Codeswitching with English verb,,,ve a las niñas,,Jorge,,,,,,,,,,,,,,,,,
H106,2026,32,27,DOM Fem.,¿A quiénes ve la mamá?,10:02,el mamá es on es on un teléfono call,,,Codeswitching,,,ve a las niñas,,Jorge,,,,,,,,,,,,,,,,,
H107,2026,6,1,DOM Masc.,¿A quién ve el papá?,1:53,yo ve una chico ,1,0,"Full DP, no DOM",0,He said yo ve...,ve al niño,,Jorge,,,,,,,,,,,,,,,,,
H107,2026,9,4,DOM Masc.,¿A quién ve la mamá?,3:13,la mamá es con el chico y él es en una escuela,,,Grammatical alternative,,,ve al hijo ,,Jorge,,,,,,,,,,,,,,,,,
H107,2026,13,8,DOM Fem.,¿A quién ve la abuela?,4:42,"la abuela es con una chica y el chica es en una playground en el, en la uhm grandma es pushing her ",,,Codeswitching with English verb,,,ve a la niña / ve al perro,,Jorge,,,,,,,,,,,,,,,,,
H107,2026,17,12,DOM Masc. ,¿A quién ve el perro?,6:21,el perro vie el chico y el chico es muy muy muy muy feliz ,1,0,"Full DP, no DOM",0,,ve al niño,,Jorge,,,,,,,,,,,,,,,,,
H107,2026,21,16,DOM Fem.,¿A quién ve la mamá?,7:44,el mamá ven tu chico y el chico es en un bathtub ,1,0,"Full DP, no DOM",0,,ve al bebé,,Jorge,,,,,,,,,,,,,,,,,
H107,2026,25,20,DOM Masc.,¿A quién ve el monstruo?,8:58,la monstruo ve un una chica muy scared,1,0,"Full DP, no DOM",0,,ve a la chica,,Jorge,,,,,,,,,,,,,,,,,
H107,2026,29,24,DOM Fem.,¿A quiénes ve el perro?,10:18,la perro vier los chicas ,1,0,"Full DP, no DOM",0,,ve a las niñas,,Jorge,,,,,,,,,,,,,,,,,
H107,2026,32,27,DOM Fem.,¿A quiénes ve la mamá?,11:21,"la mamá vien el chico, no, chicas chicas. La mamá ve el chicas",1,0,"Full DP, no DOM",0,,ve a las niñas,,Jorge,,,,,,,,,,,,,,,,,
H108,2026,6,1,DOM Masc.,¿A quién ve el papá?,0:38,el papá ve a un niño que tiene una camiseta verde y unos pantalones ehh azules,1,1,,1,,ve al niño,,Jorge,,,,,,,,,,,,,,,,,
H108,2026,9,4,DOM Masc.,¿A quién ve la mamá?,1:51,la mamá ve a un niño y lo está besando ,1,1,,1,,ve al hijo ,,Jorge,,,,,,,,,,,,,,,,,
H108,2026,13,8,DOM Fem.,¿A quién ve la abuela?,3:23,"la abuela ve a una niña y un perro, un árbol, unos pájaros y unas flores",1,1,,1,,ve a la niña / ve al perro,,Jorge,,,,,,,,,,,,,,,,,
H108,2026,17,12,DOM Masc. ,¿A quién ve el perro?,4:22,el perro ve a un niño muy feliz ,1,1,,1,,ve al niño,,Jorge,,,,,,,,,,,,,,,,,
H108,2026,21,16,DOM Fem.,¿A quién ve la mamá?,5:24,la mamá ve a un bebé y lo lo está bañando,1,1,,1,,ve al bebé,,Jorge,,,,,,,,,,,,,,,,,
H108,2026,25,20,DOM Masc.,¿A quién ve el monstruo?,6:21,el monstruo ve a una niña muy asustada,1,1,,1,,ve a la chica,,Jorge,,,,,,,,,,,,,,,,,
H108,2026,29,24,DOM Fem.,¿A quiénes ve el perro?,7:13,el perro ve a dos niñas y lo están y lo están mojando,1,1,,1,,ve a las niñas,,Jorge,,,,,,,,,,,,,,,,,
H108,2026,32,27,DOM Fem.,¿A quiénes ve la mamá?,7:54,la mamá ve a dos niños cuando ella cuando ellas están en el teléfono con ella ,1,1,,1,,ve a las niñas,,Jorge,,,,,,,,,,,,,,,,,
H109,2026,6,1,DOM Masc.,¿A quién ve el papá?,1:30,"es muy alto y está muy feliz, uhm yo ve una un niño con el padre y también está muy feliz, el niño ",0,0,"DP, no verb, no DOM",0,,ve al niño,,Jorge,,,,,,,,,,,,,,,,,
H109,2026,9,4,DOM Masc.,¿A quién ve la mamá?,3:08,ve el niña y está como ella ama a la niña ,1,1,,1,used verb amar + DOM,ve al hijo ,,Jorge,,,,,,,,,,,,,,,,,
H109,2026,13,8,DOM Fem.,¿A quién ve la abuela?,4:53,uhm ve uhmm  una niña y una perro,1,0,"Full DP, no DOM",0,,ve a la niña / ve al perro,,Jorge,,,,,,,,,,,,,,,,,
H109,2026,17,12,DOM Masc. ,¿A quién ve el perro?,5:50,uhm una niña ,0,0,"DP, no verb, no DOM",0,,ve al niño,,Jorge,,,,,,,,,,,,,,,,,
H109,2026,21,16,DOM Fem.,¿A quién ve la mamá?,7:25,uhm un bebé,0,0,"DP, no verb, no DOM",0,,ve al bebé,,Jorge,,,,,,,,,,,,,,,,,
H109,2026,25,20,DOM Masc.,¿A quién ve el monstruo?,8:41,una niña,0,0,"DP, no verb, no DOM",0,,ve a la chica,,Jorge,,,,,,,,,,,,,,,,,
H109,2026,29,24,DOM Fem.,¿A quiénes ve el perro?,9:54,uhm dos niñas pero una es más grande de el otro o alto,0,0,"DP, no verb, no DOM",0,,ve a las niñas,,Jorge,,,,,,,,,,,,,,,,,
H109,2026,32,27,DOM Fem.,¿A quiénes ve la mamá?,10:41,uhm dos niñas como usando el teléfono con ella,0,0,"DP, no verb, no DOM",0,,ve a las niñas,,Jorge,,,,,,,,,,,,,,,,,
H110,2026,6,1,DOM Masc.,¿A quién ve el papá?,0:59,un niño,0,0,"DP, no verb, no DOM",0,,ve al niño,,Jorge,,,,,,,,,,,,,,,,,
H110,2026,9,4,DOM Masc.,¿A quién ve la mamá?,2:03,el niño... el niño,0,0,"DP, no verb, no DOM",0,,ve al hijo ,,Jorge,,,,,,,,,,,,,,,,,
H110,2026,13,8,DOM Fem.,¿A quién ve la abuela?,3:25,la niña,0,0,"DP, no verb, no DOM",0,,ve a la niña / ve al perro,,Jorge,,,,,,,,,,,,,,,,,
H110,2026,17,12,DOM Masc. ,¿A quién ve el perro?,4:38,el niño ,0,0,"DP, no verb, no DOM",0,,ve al niño,,Jorge,,,,,,,,,,,,,,,,,
H110,2026,21,16,DOM Fem.,¿A quién ve la mamá?,5:32,el bebé,0,0,"DP, no verb, no DOM",0,,ve al bebé,,Jorge,,,,,,,,,,,,,,,,,
H110,2026,25,20,DOM Masc.,¿A quién ve el monstruo?,6:39,la niña,0,0,"DP, no verb, no DOM",0,,ve a la chica,,Jorge,,,,,,,,,,,,,,,,,
H110,2026,29,24,DOM Fem.,¿A quiénes ve el perro?,7:26,las niñas,0,0,"DP, no verb, no DOM",0,,ve a las niñas,,Jorge,,,,,,,,,,,,,,,,,
H110,2026,32,27,DOM Fem.,¿A quiénes ve la mamá?,8:05,las niñas,0,0,"DP, no verb, no DOM",0,,ve a las niñas,,Jorge,,,,,,,,,,,,,,,,,
H111,2026,6,1,DOM Masc.,¿A quién ve el papá?,0:58,la papá ve un niño,1,0,"Full DP, no DOM",0,,ve al niño,,Stephanie,,,,,,,,,,,,,,,,,
H111,2026,9,4,DOM Masc.,¿A quién ve la mamá?,2:12,la mamá ve a un niño ,1,1,,1,,ve al hijo ,,Stephanie,,,,,,,,,,,,,,,,,
H111,2026,13,8,DOM Fem.,¿A quién ve la abuela?,3:45,"la abuela ve una niña, un perro, un un árbol ",1,0,"Full DP, no DOM",0,,ve a la niña / ve al perro,,Stephanie,,,,,,,,,,,,,,,,,
H111,2026,17,12,DOM Masc. ,¿A quién ve el perro?,5:15,la perro ve una niño que está muy feliz ,1,0,"Full DP, no DOM",0,,ve al niño,,Stephanie,,,,,,,,,,,,,,,,,
H111,2026,21,16,DOM Fem.,¿A quién ve la mamá?,6:45,la mamá ve un niño que está jugando ,1,0,"Full DP, no DOM",0,,ve al bebé,,Stephanie,,,,,,,,,,,,,,,,,
H111,2026,25,20,DOM Masc.,¿A quién ve el monstruo?,8:01,la monstro ve una niña,1,0,"Full DP, no DOM",0,,ve a la chica,,Stephanie,,,,,,,,,,,,,,,,,
H111,2026,29,24,DOM Fem.,¿A quiénes ve el perro?,9:15,las perros ven dos niñas,1,0,"Full DP, no DOM",0,,ve a las niñas,,Stephanie,,,,,,,,,,,,,,,,,
H111,2026,32,27,DOM Fem.,¿A quiénes ve la mamá?,10:21,la mamá ve dos niñas,1,0,"Full DP, no DOM",0,,ve a las niñas,,Stephanie,,,,,,,,,,,,,,,,,
H113,2026,6,1,DOM Masc.,¿A quién ve el papá?,1:01,la niña o el niño,0,0,"DP, no verb, no DOM ",0,,ve al niño,,Stephanie,,,,,,,,,,,,,,,,,
H113,2026,9,4,DOM Masc.,¿A quién ve la mamá?,2:40,a el niño,0,1,,1,,ve al hijo ,,Stephanie,,,,,,,,,,,,,,,,,
H113,2026,13,8,DOM Fem.,¿A quién ve la abuela?,3:59,la niña y el perro ,0,0,"DP, no verb, no DOM",0,,ve a la niña / ve al perro,,Stephanie,,,,,,,,,,,,,,,,,
H113,2026,17,12,DOM Masc. ,¿A quién ve el perro?,5:36,el niño ,0,0,"DP, no verb, no DOM",0,,ve al niño,,Stephanie,,,,,,,,,,,,,,,,,
H113,2026,21,16,DOM Fem.,¿A quién ve la mamá?,7:35,el bebé,0,0,"DP, no verb, no DOM",0,,ve al bebé,,Stephanie,,,,,,,,,,,,,,,,,
H113,2026,25,20,DOM Masc.,¿A quién ve el monstruo?,8:25,la niña,0,0,"DP, no verb, no DOM",0,,ve a la chica,,Stephanie,,,,,,,,,,,,,,,,,
H113,2026,29,24,DOM Fem.,¿A quiénes ve el perro?,9:54,las niñas,0,0,"DP, no verb, no DOM",0,,ve a las niñas,,Stephanie,,,,,,,,,,,,,,,,,
H113,2026,32,27,DOM Fem.,¿A quiénes ve la mamá?,10:45,las niñas,0,0,"DP, no verb, no DOM",0,,ve a las niñas,,Stephanie,,,,,,,,,,,,,,,,,
H116,2026,6,1,DOM Masc.,¿A quién ve el papá?,0:56,el papá ve a un niño que tiene un polo verde,1,1,,1,,ve al niño,,Jorge,,,,,,,,,,,,,,,,,
H116,2026,9,4,DOM Masc.,¿A quién ve la mamá?,1:44,probablemente es su hijo que de repente está yendo a la escuela,,,Grammatical alternative,,,ve al hijo ,,Jorge,,,,,,,,,,,,,,,,,
H116,2026,13,8,DOM Fem.,¿A quién ve la abuela?,2:51,la abuela ve a su probablemente su nieta y un perro ,1,1,,1,,ve a la niña / ve al perro,,Jorge,,,,,,,,,,,,,,,,,
H116,2026,17,12,DOM Masc. ,¿A quién ve el perro?,3:50,el perro ve a su como su amigo,1,1,,1,,ve al niño,,Jorge,,,,,,,,,,,,,,,,,
H116,2026,21,16,DOM Fem.,¿A quién ve la mamá?,4:42,la mamá ve a su hijo ,1,1,,1,,ve al bebé,,Jorge,,,,,,,,,,,,,,,,,
H116,2026,25,20,DOM Masc.,¿A quién ve el monstruo?,5:40,el monstruo ve a una niña,1,1,,1,,ve a la chica,,Jorge,,,,,,,,,,,,,,,,,
H116,2026,29,24,DOM Fem.,¿A quiénes ve el perro?,6:40,el perro ve a dos niñas,1,1,,1,,ve a las niñas,,Jorge,,,,,,,,,,,,,,,,,
H116,2026,32,27,DOM Fem.,¿A quiénes ve la mamá?,7:17,la mamá ve a dos niñas,1,1,,1,,ve a las niñas,,Jorge,,,,,,,,,,,,,,,,,
H118,2026,6,1,DOM Masc.,¿A quién ve el papá?,0:59,"la papá ve un niño, creo es un niño",1,0,"Full DP, no DOM",0,,ve al niño,,Jorge,,,,,,,,,,,,,,,,,
H118,2026,9,4,DOM Masc.,¿A quién ve la mamá?,2:05,la mamá vio su hijo ,1,0,"Full DP, no DOM",0,,ve al hijo ,,Jorge,,,,,,,,,,,,,,,,,
H118,2026,13,8,DOM Fem.,¿A quién ve la abuela?,3:51,la abuela ve una niña y un perro,1,0,"Full DP, no DOM",0,,ve a la niña / ve al perro,,Jorge,,,,,,,,,,,,,,,,,
H118,2026,17,12,DOM Masc. ,¿A quién ve el perro?,5:09,"el perro ve el niño, y el niño feliz ",1,0,"Full DP, no DOM",0,,ve al niño,,Jorge,,,,,,,,,,,,,,,,,
H118,2026,21,16,DOM Fem.,¿A quién ve la mamá?,6:45,"la mamá ve el niño, la bebé, el bebé",1,0,"Full DP, no DOM",0,,ve al bebé,,Jorge,,,,,,,,,,,,,,,,,
H118,2026,25,20,DOM Masc.,¿A quién ve el monstruo?,9:03,"una niña, que tengo miedo",1,0,"Full DP, no DOM",0,,ve a la chica,,Jorge,,,,,,,,,,,,,,,,,
H118,2026,29,24,DOM Fem.,¿A quiénes ve el perro?,10:44,el perro ve los dos niñas,1,0,"Full DP, no DOM",0,,ve a las niñas,,Jorge,,,,,,,,,,,,,,,,,
H118,2026,32,27,DOM Fem.,¿A quiénes ve la mamá?,11:43,"la mamá ve los dos niñas, no la mamá llamando las dos niñas",1,0,"Full DP, no DOM",0,,ve a las niñas,,Jorge,,,,,,,,,,,,,,,,,
H119,2026,6,1,DOM Masc.,¿A quién ve el papá?,1:08,uhmm el niño ,0,0,"DP, no verb, no DOM",0,114?? ID,ve al niño,,Jorge,,,,,,,,,,,,,,,,,
H119,2026,9,4,DOM Masc.,¿A quién ve la mamá?,1:55,la mamá está viendo el niño,1,0,"Full DP, no DOM",0,,ve al hijo ,,Jorge,,,,,,,,,,,,,,,,,
H119,2026,13,8,DOM Fem.,¿A quién ve la abuela?,2:53,la abuela ve el niña,1,0,"Full DP, no DOM",0,,ve a la niña / ve al perro,,Jorge,,,,,,,,,,,,,,,,,
H119,2026,17,12,DOM Masc. ,¿A quién ve el perro?,3:58,eh al niño ,0,1,,1,,ve al niño,,Jorge,,,,,,,,,,,,,,,,,
H119,2026,21,16,DOM Fem.,¿A quién ve la mamá?,4:58,al bebé,0,1,,1,,ve al bebé,,Jorge,,,,,,,,,,,,,,,,,
H119,2026,25,20,DOM Masc.,¿A quién ve el monstruo?,5:58,al niño ,0,1,,1,,ve a la chica,,Jorge,,,,,,,,,,,,,,,,,
H119,2026,29,24,DOM Fem.,¿A quiénes ve el perro?,7:09,uhm a los niños,0,1,,1,,ve a las niñas,,Jorge,,,,,,,,,,,,,,,,,
H119 ,2026,32,27,DOM Fem.,¿A quiénes ve la mamá?,7:51,a los niños,0,1,,1,,ve a las niñas,,Jorge,,,,,,,,,,,,,,,,,
H120,2026,6,1,DOM Masc.,¿A quién ve el papá?,1:43,la papá ve la chica,1,0,"Full DP, no DOM",0,,ve al niño,,Jorge,,,,,,,,,,,,,,,,,
H120,2026,9,4,DOM Masc.,¿A quién ve la mamá?,3:15,la mamá ve su chico,1,0,"Full DP, no DOM",0,,ve al hijo ,,Jorge,,,,,,,,,,,,,,,,,
H120,2026,13,8,DOM Fem.,¿A quién ve la abuela?,4:23,la abuela ve una chica y un perro ,1,0,"Full DP, no DOM",0,,ve a la niña / ve al perro,,Jorge,,,,,,,,,,,,,,,,,
H120,2026,17,12,DOM Masc. ,¿A quién ve el perro?,5:37,el perro ve uhm un chico,1,0,"Full DP, no DOM",0,,ve al niño,,Jorge,,,,,,,,,,,,,,,,,
H120,2026,21,16,DOM Fem.,¿A quién ve la mamá?,6:32,la mamá ve su hijo y el hijo es un bebé,1,0,"Full DP, no DOM",0,,ve al bebé,,Jorge,,,,,,,,,,,,,,,,,
H120,2026,25,20,DOM Masc.,¿A quién ve el monstruo?,7:52,el monstruo ve la chica,1,0,"Full DP, no DOM",0,,ve a la chica,,Jorge,,,,,,,,,,,,,,,,,
H120,2026,29,24,DOM Fem.,¿A quiénes ve el perro?,8:54,el perro ve las chicas,1,0,"Full DP, no DOM",0,,ve a las niñas,,Jorge,,,,,,,,,,,,,,,,,
H120,2026,32,27,DOM Fem.,¿A quiénes ve la mamá?,9:49,la mamá ve las chicas,1,0,"Full DP, no DOM",0,,ve a las niñas,,Jorge,,,,,,,,,,,,,,,,,
H121,2026,6,1,DOM Masc.,¿A quién ve el papá?,1:18,"la niño, el mamá ve la niña",1,0,"Full DP, no DOM",0,H122 - check ID,ve al niño,,Jorge,,,,,,,,,,,,,,,,,
H121,2026,9,4,DOM Masc.,¿A quién ve la mamá?,2:29,la mamá ve a la niño,1,1,,1,,ve al hijo ,,Jorge,,,,,,,,,,,,,,,,,
H121,2026,13,8,DOM Fem.,¿A quién ve la abuela?,3:33,la abuela ve la niña,1,0,"Full DP, no DOM",0,,ve a la niña / ve al perro,,Jorge,,,,,,,,,,,,,,,,,
H121,2026,17,12,DOM Masc. ,¿A quién ve el perro?,5:13,la perro se ve la niño,1,0,"Full DP, no DOM",0,,ve al niño,,Jorge,,,,,,,,,,,,,,,,,
H121,2026,21,16,DOM Fem.,¿A quién ve la mamá?,6:28,la mamá ver el niño jugando,1,0,"Full DP, no DOM",0,,ve al bebé,,Jorge,,,,,,,,,,,,,,,,,
H121,2026,25,20,DOM Masc.,¿A quién ve el monstruo?,7:43,"le monstruo se, la monstruo scared la niña",,,Codeswitching with English verb,,,ve a la chica,,Jorge,,,,,,,,,,,,,,,,,
H121,2026,29,24,DOM Fem.,¿A quiénes ve el perro?,9:06,el perro les ve los niñas las niñas,1,1,"Full DP, no DOM",0,,ve a las niñas,,Jorge,,,,,,,,,,,,,,,,,
H121,2026,32,27,DOM Fem.,¿A quiénes ve la mamá?,10:02,las mamá ve ver uhm los las niñas,1,0,"Full DP, no DOM",0,,ve a las niñas,,Jorge,,,,,,,,,,,,,,,,,
H122,2026,6,1,DOM Masc.,¿A quién ve el papá?,1:01,"uhmm ve éste, uhm el niño ",0,0,"DP, no verb, no DOM",0,,ve al niño,,Jorge,,,,,,,,,,,,,,,,,
H122,2026,9,4,DOM Masc.,¿A quién ve la mamá?,2:33,la mamá ve a la a el niño,1,1,,1,,ve al hijo ,,Jorge,,,,,,,,,,,,,,,,,
H122,2026,13,8,DOM Fem.,¿A quién ve la abuela?,3:50,la abuela ve a la niña,1,1,,1,,ve a la niña / ve al perro,,Jorge,,,,,,,,,,,,,,,,,
H122,2026,17,12,DOM Masc. ,¿A quién ve el perro?,5:07,el perro ve el niño,1,0,"Full DP, no DOM",0,,ve al niño,,Jorge,,,,,,,,,,,,,,,,,
H122,2026,21,16,DOM Fem.,¿A quién ve la mamá?,6:10,la mamá ve ve a su hijo,1,1,,1,,ve al bebé,,Jorge,,,,,,,,,,,,,,,,,
H122,2026,25,20,DOM Masc.,¿A quién ve el monstruo?,7:26,el monstruo ve a la niña,1,1,,1,,ve a la chica,,Jorge,,,,,,,,,,,,,,,,,
H122,2026,29,24,DOM Fem.,¿A quiénes ve el perro?,8:44,el perro el perro ve a la niña,1,1,,1,,ve a las niñas,,Jorge,,,,,,,,,,,,,,,,,
H122,2026,32,27,DOM Fem.,¿A quiénes ve la mamá?,9:40,la mamá se vean a las dos niñas,1,1,,1,,ve a las niñas,,Jorge,,,,,,,,,,,,,,,,,
H123,2026,6,1,DOM Masc.,¿A quién ve el papá?,0:39,"el niño ve a su mamá, pienso... el papá ve vi uhm un niño",1,0,"Full DP, no DOM",0,TBD - because DOM was present in the first answer with the mistaken question ,ve al niño,,Jorge,,,,,,,,,,,,,,,,,
H123,2026,9,4,DOM Masc.,¿A quién ve la mamá?,1:58,la mamá ve a su hijo ,1,1,,1,,ve al hijo ,,Jorge,,,,,,,,,,,,,,,,,
H123,2026,13,8,DOM Fem.,¿A quién ve la abuela?,3:01,la abuela ve a una niña y un perro ,1,1,,1,,ve a la niña / ve al perro,,Jorge,,,,,,,,,,,,,,,,,
H123,2026,17,12,DOM Masc. ,¿A quién ve el perro?,4:17,el perro ve a su niño,1,1,,1,,ve al niño,,Jorge,,,,,,,,,,,,,,,,,
H123,2026,21,16,DOM Fem.,¿A quién ve la mamá?,5:30,la mamá ve a su bebé,1,1,,1,,ve al bebé,,Jorge,,,,,,,,,,,,,,,,,
H123,2026,25,20,DOM Masc.,¿A quién ve el monstruo?,6:38,el monstruo ve a una niña,1,1,,1,,ve a la chica,,Jorge,,,,,,,,,,,,,,,,,
H123,2026,29,24,DOM Fem.,¿A quiénes ve el perro?,7:47,ve el perro ve a las niñas,1,1,,1,,ve a las niñas,,Jorge,,,,,,,,,,,,,,,,,
H123,2026,32,27,DOM Fem.,¿A quiénes ve la mamá?,8:40,la mamá ve a su hijas,1,1,,1,,ve a las niñas,,Jorge,,,,,,,,,,,,,,,,,
H124,2026,6,1,DOM Masc.,¿A quién ve el papá?,0:55,un niño,0,0,"DP, no verb, no DOM",0,,ve al niño,,Jorge,,,,,,,,,,,,,,,,,
H124,2026,9,4,DOM Masc.,¿A quién ve la mamá?,1:36,a su besa a la la niña,1,1,,1,used verb besar + DOM,ve al hijo ,,Jorge,,,,,,,,,,,,,,,,,
H124,2026,13,8,DOM Fem.,¿A quién ve la abuela?,2:43,el uhhh el grandson ,0,0,"DP, no verb, no DOM",0,,ve a la niña / ve al perro,,Jorge,,,,,,,,,,,,,,,,,
H124,2026,17,12,DOM Masc. ,¿A quién ve el perro?,4:03,el uh older la niño,0,0,"DP, no verb, no DOM",0,,ve al niño,,Jorge,,,,,,,,,,,,,,,,,
H124,2026,21,16,DOM Fem.,¿A quién ve la mamá?,5:36,su su bebé,0,0,"DP, no verb, no DOM",0,,ve al bebé,,Jorge,,,,,,,,,,,,,,,,,
H124,2026,25,20,DOM Masc.,¿A quién ve el monstruo?,7:01,la niña,0,0,"DP, no verb, no DOM",0,,ve a la chica,,Jorge,,,,,,,,,,,,,,,,,
H124,2026,29,24,DOM Fem.,¿A quiénes ve el perro?,8:07,la niña,0,0,"DP, no verb, no DOM",0,,ve a las niñas,,Jorge,,,,,,,,,,,,,,,,,
H124,2026,32,27,DOM Fem.,¿A quiénes ve la mamá?,8:45,la mamá ve a las niñas,1,1,,1,,ve a las niñas,,Jorge,,,,,,,,,,,,,,,,,
H125,2026,6,1,DOM Masc.,¿A quién ve el papá?,0:49,"el niño, el niño ve like su papá ",1,0,"Full DP, no DOM",0,,ve al niño,,Jorge,,,,,,,,,,,,,,,,,
H125,2026,9,4,DOM Masc.,¿A quién ve la mamá?,1:59,la mamá ven uh ve el niño uh ,1,0,"Full DP, no DOM",0,,ve al hijo ,,Jorge,,,,,,,,,,,,,,,,,
H125,2026,13,8,DOM Fem.,¿A quién ve la abuela?,3:29,la abuela uhm ve el uhm su un like una niña y estaba en el parque jugando,1,0,"Full DP, no DOM",0,,ve a la niña / ve al perro,,Jorge,,,,,,,,,,,,,,,,,
H125,2026,17,12,DOM Masc. ,¿A quién ve el perro?,5:13,"uhm el niño, y yo piensa que el niño es el uhm dueño de el perro",0,0,"DP, no verb, no DOM",0,,ve al niño,,Jorge,,,,,,,,,,,,,,,,,
H125,2026,21,16,DOM Fem.,¿A quién ve la mamá?,6:48,la mamá ve su uhmm su hijo y estaba lavando uhm el pelo del niño,1,0,"Full DP, no DOM",0,,ve al bebé,,Jorge,,,,,,,,,,,,,,,,,
H125,2026,25,20,DOM Masc.,¿A quién ve el monstruo?,7:59,uhm el niño ve el monstruo y yo pienso que el niño es asustado porque tiene su like su uhm ,,,Word order,0,Answered from the perspective of the niño,ve a la chica,,Jorge,,,,,,,,,,,,,,,,,
H125,2026,29,24,DOM Fem.,¿A quiénes ve el perro?,9:10,uh las niños uh los las niñas ve el perro y el perro son uhh son like muy emocionado a ver las niñas,,,Word order,0,Answered from the perspective of the niñas,ve a las niñas,,Jorge,,,,,,,,,,,,,,,,,
H125,2026,32,27,DOM Fem.,¿A quiénes ve la mamá?,10:30,"uhm uhh, la mamá ve el los las niñas y piensa que es su hijo",1,0,"Full DP, no DOM",0,,ve a las niñas,,Jorge,,,,,,,,,,,,,,,,,
C02,2026,6,1,DOM Masc.,¿A quién ve el papá?,,,,,,,No video,ve al niño,,Stephanie,,,,,,,,,,,,,,,,,
C02,2026,9,4,DOM Masc.,¿A quién ve la mamá?,,,,,,,No video,ve al hijo ,,Stephanie,,,,,,,,,,,,,,,,,
C02,2026,13,8,DOM Fem.,¿A quién ve la abuela?,,,,,,,No video,ve a la niña / ve al perro,,Stephanie,,,,,,,,,,,,,,,,,
C02,2026,17,12,DOM Masc. ,¿A quién ve el perro?,,,,,,,No video,ve al niño,,Stephanie,,,,,,,,,,,,,,,,,
C02,2026,21,16,DOM Fem.,¿A quién ve la mamá?,,,,,,,No video,ve al bebé,,Stephanie,,,,,,,,,,,,,,,,,
C02,2026,25,20,DOM Masc.,¿A quién ve el monstruo?,,,,,,,No video,ve a la chica,,Stephanie,,,,,,,,,,,,,,,,,
C02,2026,29,24,DOM Fem.,¿A quiénes ve el perro?,,,,,,,No video,ve a las niñas,,Stephanie,,,,,,,,,,,,,,,,,
C02,2026,32,27,DOM Fem.,¿A quiénes ve la mamá?,,,,,,,No video,ve a las niñas,,Stephanie,,,,,,,,,,,,,,,,,
C03,2026,6,1,DOM Masc.,¿A quién ve el papá?,2:55,a un niño ,0,1,,1,,ve al niño,,Stephanie,,,,,,,,,,,,,,,,,
C03,2026,9,4,DOM Masc.,¿A quién ve la mamá?,3:45,a su hijo ,0,1,,1,,ve al hijo ,,Stephanie,,,,,,,,,,,,,,,,,
C03,2026,13,8,DOM Fem.,¿A quién ve la abuela?,4:51,a la niña,0,1,,1,,ve a la niña / ve al perro,,Stephanie,,,,,,,,,,,,,,,,,
C03,2026,17,12,DOM Masc. ,¿A quién ve el perro?,5:56,el perro ve al niño ,1,1,,1,,ve al niño,,Stephanie,,,,,,,,,,,,,,,,,
C03,2026,21,16,DOM Fem.,¿A quién ve la mamá?,7:05,a su bebé,0,1,,1,,ve al bebé,,Stephanie,,,,,,,,,,,,,,,,,
C03,2026,25,20,DOM Masc.,¿A quién ve el monstruo?,8:10,a la mujer ,0,1,,1,,ve a la chica,,Stephanie,,,,,,,,,,,,,,,,,
C03,2026,29,24,DOM Fem.,¿A quiénes ve el perro?,9:13,a las dos niñas,0,1,,1,,ve a las niñas,,Stephanie,,,,,,,,,,,,,,,,,
C03,2026,32,27,DOM Fem.,¿A quiénes ve la mamá?,9:58,ve a las niñas ,1,1,,1,,ve a las niñas,,Stephanie,,,,,,,,,,,,,,,,,
C05,2026,6,1,DOM Masc.,¿A quién ve el papá?,2:54,a su hijo ,0,1,,1,,ve al niño,,Stephanie,,,,,,,,,,,,,,,,,
C05,2026,9,4,DOM Masc.,¿A quién ve la mamá?,3:36,a su hijo ,0,1,,1,,ve al hijo ,,Stephanie,,,,,,,,,,,,,,,,,
C05,2026,13,8,DOM Fem.,¿A quién ve la abuela?,4:36,a su nieta,0,1,,1,,ve a la niña / ve al perro,,Stephanie,,,,,,,,,,,,,,,,,
C05,2026,17,12,DOM Masc. ,¿A quién ve el perro?,5:48,a su dueño ,0,1,,1,,ve al niño,,Stephanie,,,,,,,,,,,,,,,,,
C05,2026,21,16,DOM Fem.,¿A quién ve la mamá?,6:48,a su hijo ,0,1,,1,,ve al bebé,,Stephanie,,,,,,,,,,,,,,,,,
C05,2026,25,20,DOM Masc.,¿A quién ve el monstruo?,7:35,a esa persona,0,1,,1,,ve a la chica,,Stephanie,,,,,,,,,,,,,,,,,
C05,2026,29,24,DOM Fem.,¿A quiénes ve el perro?,8:38,a las niñas ,0,1,,1,,ve a las niñas,,Stephanie,,,,,,,,,,,,,,,,,
C05,2026,32,27,DOM Fem.,¿A quiénes ve la mamá?,9:16,a sus hijas,0,1,,1,,ve a las niñas,,Stephanie,,,,,,,,,,,,,,,,,
C08,2026,6,1,DOM Masc.,¿A quién ve el papá?,0:54,a su hijo ,0,1,,1,,ve al niño,,Stephanie,,,,,,,,,,,,,,,,,
C08,2026,9,4,DOM Masc.,¿A quién ve la mamá?,1:25,a su hijo ,0,1,,1,,ve al hijo ,,Stephanie,,,,,,,,,,,,,,,,,
C08,2026,13,8,DOM Fem.,¿A quién ve la abuela?,2:16,a su hija..no al perro,0,1,,1,,ve a la niña / ve al perro,,Stephanie,,,,,,,,,,,,,,,,,
C08,2026,17,12,DOM Masc. ,¿A quién ve el perro?,3:28,al hijo..al niño ,0,1,,1,,ve al niño,,Stephanie,,,,,,,,,,,,,,,,,
C08,2026,21,16,DOM Fem.,¿A quién ve la mamá?,4:30,a su hijo ,0,1,,1,,ve al bebé,,Stephanie,,,,,,,,,,,,,,,,,
C08,2026,25,20,DOM Masc.,¿A quién ve el monstruo?,5:28,a la niña,0,1,,1,,ve a la chica,,Stephanie,,,,,,,,,,,,,,,,,
C08,2026,29,24,DOM Fem.,¿A quiénes ve el perro?,6:36,a la niña y la otra niña,0,1,,1,,ve a las niñas,,Stephanie,,,,,,,,,,,,,,,,,
C08,2026,32,27,DOM Fem.,¿A quiénes ve la mamá?,7:51,la mamá ve a las dos niñas,1,1,,1,,ve a las niñas,,Stephanie,,,,,,,,,,,,,,,,,
C09,2026,6,1,DOM Masc.,¿A quién ve el papá?,1:08,al niño ,0,1,,1,,ve al niño,,Stephanie,,,,,,,,,,,,,,,,,
C09,2026,9,4,DOM Masc.,¿A quién ve la mamá?,2:40,el hijo ,0,0,"DP, no verb, no DOM",0,,ve al hijo ,,Stephanie,,,,,,,,,,,,,,,,,
C09,2026,13,8,DOM Fem.,¿A quién ve la abuela?,3:42,a la niña,0,1,,1,,ve a la niña / ve al perro,,Stephanie,,,,,,,,,,,,,,,,,
C09,2026,17,12,DOM Masc. ,¿A quién ve el perro?,4:37,al dueño ,0,1,,1,,ve al niño,,Stephanie,,,,,,,,,,,,,,,,,
C09,2026,21,16,DOM Fem.,¿A quién ve la mamá?,6:01,al niño ,0,1,,1,,ve al bebé,,Stephanie,,,,,,,,,,,,,,,,,
C09,2026,25,20,DOM Masc.,¿A quién ve el monstruo?,7:24,a la persona,0,1,,1,,ve a la chica,,Stephanie,,,,,,,,,,,,,,,,,
C09,2026,29,24,DOM Fem.,¿A quiénes ve el perro?,8:35,a las dueñas,0,1,,1,,ve a las niñas,,Stephanie,,,,,,,,,,,,,,,,,
C09,2026,32,27,DOM Fem.,¿A quiénes ve la mamá?,9:28,a las niñas ,0,1,,1,,ve a las niñas,,Stephanie,,,,,,,,,,,,,,,,,
C10,2026,6,1,DOM Masc.,¿A quién ve el papá?,1:44,a su hijo ,0,1,,1,,ve al niño,,Stephanie,,,,,,,,,,,,,,,,,
C10,2026,9,4,DOM Masc.,¿A quién ve la mamá?,2:31,a su hijo ,0,1,,1,,ve al hijo ,,Stephanie,,,,,,,,,,,,,,,,,
C10,2026,13,8,DOM Fem.,¿A quién ve la abuela?,3:20,a su nieta ,0,1,,1,,ve a la niña / ve al perro,,Stephanie,,,,,,,,,,,,,,,,,
C10,2026,17,12,DOM Masc. ,¿A quién ve el perro?,4:14,a su dueño ,0,1,,1,,ve al niño,,Stephanie,,,,,,,,,,,,,,,,,
C10,2026,21,16,DOM Fem.,¿A quién ve la mamá?,5:15,a su hijo ,0,1,,1,,ve al bebé,,Stephanie,,,,,,,,,,,,,,,,,
C10,2026,25,20,DOM Masc.,¿A quién ve el monstruo?,6:08,a la niña,0,1,,1,,ve a la chica,,Stephanie,,,,,,,,,,,,,,,,,
C10,2026,29,24,DOM Fem.,¿A quiénes ve el perro?,7:26,a las niñas ,0,1,,1,,ve a las niñas,,Stephanie,,,,,,,,,,,,,,,,,
C10,2026,32,27,DOM Fem.,¿A quiénes ve la mamá?,8:06,a las niñas,0,1,,1,,ve a las niñas,,Stephanie,,,,,,,,,,,,,,,,,
C11,2026,6,1,DOM Masc.,¿A quién ve el papá?,1:56,al niño ,0,1,,1,,ve al niño,,Stephanie,,,,,,,,,,,,,,,,,
C11,2026,9,4,DOM Masc.,¿A quién ve la mamá?,2:48,al niño ,0,1,,1,,ve al hijo ,,Stephanie,,,,,,,,,,,,,,,,,
C11,2026,13,8,DOM Fem.,¿A quién ve la abuela?,3:44,a la niña,0,1,,1,,ve a la niña / ve al perro,,Stephanie,,,,,,,,,,,,,,,,,
C11,2026,17,12,DOM Masc. ,¿A quién ve el perro?,4:28,al niño ,0,1,,1,,ve al niño,,Stephanie,,,,,,,,,,,,,,,,,
C11,2026,21,16,DOM Fem.,¿A quién ve la mamá?,5:14,al bebé,0,1,,1,,ve al bebé,,Stephanie,,,,,,,,,,,,,,,,,
C11,2026,25,20,DOM Masc.,¿A quién ve el monstruo?,7:05,a la mujer ,0,1,,1,,ve a la chica,,Stephanie,,,,,,,,,,,,,,,,,
C11,2026,29,24,DOM Fem.,¿A quiénes ve el perro?,8:15,a las dos niñas,0,1,,1,,ve a las niñas,,Stephanie,,,,,,,,,,,,,,,,,
C11,2026,32,27,DOM Fem.,¿A quiénes ve la mamá?,8:59,a las niñas,0,1,,1,,ve a las niñas,,Stephanie,,,,,,,,,,,,,,,,,
C12,2026,6,1,DOM Masc.,¿A quién ve el papá?,0:54,a su hijo ,0,1,,1,,ve al niño,,Stephanie,,,,,,,,,,,,,,,,,
C12,2026,9,4,DOM Masc.,¿A quién ve la mamá?,1:15,a su hijo ,0,1,,1,,ve al hijo ,,Stephanie,,,,,,,,,,,,,,,,,
C12,2026,13,8,DOM Fem.,¿A quién ve la abuela?,1:58,a su nieta ,0,1,,1,,ve a la niña / ve al perro,,Stephanie,,,,,,,,,,,,,,,,,
C12,2026,17,12,DOM Masc. ,¿A quién ve el perro?,2:47,a su dueño ,0,1,,1,,ve al niño,,Stephanie,,,,,,,,,,,,,,,,,
C12,2026,21,16,DOM Fem.,¿A quién ve la mamá?,3:55,a su hijo ,0,1,,1,,ve al bebé,,Stephanie,,,,,,,,,,,,,,,,,
C12,2026,25,20,DOM Masc.,¿A quién ve el monstruo?,4:57,a la niña,0,1,,1,,ve a la chica,,Stephanie,,,,,,,,,,,,,,,,,
C12,2026,29,24,DOM Fem.,¿A quiénes ve el perro?,5:47,a las niñas,0,1,,1,,ve a las niñas,,Stephanie,,,,,,,,,,,,,,,,,
C12,2026,32,27,DOM Fem.,¿A quiénes ve la mamá?,6:27,a los niños ,0,1,,1,,ve a las niñas,,Stephanie,,,,,,,,,,,,,,,,,
C15,2026,6,1,DOM Masc.,¿A quién ve el papá?,2:29,al hijo ,0,1,,1,,ve al niño,,Stephanie,,,,,,,,,,,,,,,,,
C15,2026,9,4,DOM Masc.,¿A quién ve la mamá?,3:05,al hijo ,0,1,,1,,ve al hijo ,,Stephanie,,,,,,,,,,,,,,,,,
C15,2026,13,8,DOM Fem.,¿A quién ve la abuela?,3:52,a la niña,0,1,,1,,ve a la niña / ve al perro,,Stephanie,,,,,,,,,,,,,,,,,
C15,2026,17,12,DOM Masc. ,¿A quién ve el perro?,4:39,al niño ,0,1,,1,,ve al niño,,Stephanie,,,,,,,,,,,,,,,,,
C15,2026,21,16,DOM Fem.,¿A quién ve la mamá?,4:23,al hijo ,0,1,,1,,ve al bebé,,Stephanie,,,,,,,,,,,,,,,,,
C15,2026,25,20,DOM Masc.,¿A quién ve el monstruo?,6:01,a la niña,0,1,,1,,ve a la chica,,Stephanie,,,,,,,,,,,,,,,,,
C15,2026,29,24,DOM Fem.,¿A quiénes ve el perro?,6:54,a las niñas ,0,1,,1,,ve a las niñas,,Stephanie,,,,,,,,,,,,,,,,,
C15,2026,32,27,DOM Fem.,¿A quiénes ve la mamá?,7:25,a las niñas,0,1,,1,,ve a las niñas,,Stephanie,,,,,,,,,,,,,,,,,
C16,2026,6,1,DOM Masc.,¿A quién ve el papá?,1:11,al niño ,0,1,,1,,ve al niño,,Stephanie,,,,,,,,,,,,,,,,,
C16,2026,9,4,DOM Masc.,¿A quién ve la mamá?,1:57,al niño ,0,1,,1,,ve al hijo ,,Stephanie,,,,,,,,,,,,,,,,,
C16,2026,13,8,DOM Fem.,¿A quién ve la abuela?,3:08,a la niña ,0,1,,1,,ve a la niña / ve al perro,,Stephanie,,,,,,,,,,,,,,,,,
C16,2026,17,12,DOM Masc. ,¿A quién ve el perro?,4:10,al niño ,0,1,,1,,ve al niño,,Stephanie,,,,,,,,,,,,,,,,,
C16,2026,21,16,DOM Fem.,¿A quién ve la mamá?,5:17,al niño ,0,1,,1,,ve al bebé,,Stephanie,,,,,,,,,,,,,,,,,
C16,2026,25,20,DOM Masc.,¿A quién ve el monstruo?,6:46,la niña,0,0,"DP, no verb, no DOM",0,,ve a la chica,,Stephanie,,,,,,,,,,,,,,,,,
C16,2026,29,24,DOM Fem.,¿A quiénes ve el perro?,7:52,a las niñas,0,1,,1,,ve a las niñas,,Stephanie,,,,,,,,,,,,,,,,,
C16,2026,32,27,DOM Fem.,¿A quiénes ve la mamá?,8:44,a las niñas,0,1,,1,,ve a las niñas,,Stephanie,,,,,,,,,,,,,,,,,
C17,2026,6,1,DOM Masc.,¿A quién ve el papá?,,al niño ,0,1,,1,Participant prompted to state full sentence response,ve al niño,,Stephanie,,,,,,,,,,,,,,,,,
C17,2026,9,4,DOM Masc.,¿A quién ve la mamá?,,la mamá está viendo al niño ,1,1,,1,,ve al hijo ,,Stephanie,,,,,,,,,,,,,,,,,
C17,2026,13,8,DOM Fem.,¿A quién ve la abuela?,,la abuela está mirando a la niña ,1,1,,1,,ve a la niña / ve al perro,,Stephanie,,,,,,,,,,,,,,,,,
C17,2026,17,12,DOM Masc. ,¿A quién ve el perro?,,el perro está mirando al niño,1,1,,1,,ve al niño,,Stephanie,,,,,,,,,,,,,,,,,
C17,2026,21,16,DOM Fem.,¿A quién ve la mamá?,,la mamá está mirando al niño ,1,1,,1,,ve al bebé,,Stephanie,,,,,,,,,,,,,,,,,
C17,2026,25,20,DOM Masc.,¿A quién ve el monstruo?,,el monstruo está mirando a la niña ,1,1,,1,,ve a la chica,,Stephanie,,,,,,,,,,,,,,,,,
C17,2026,29,24,DOM Fem.,¿A quiénes ve el perro?,,el perro ve a las niñas,1,1,,1,,ve a las niñas,,Stephanie,,,,,,,,,,,,,,,,,
C17,2026,32,27,DOM Fem.,¿A quiénes ve la mamá?,,la mamá ve a las niñas ,1,1,,1,,ve a las niñas,,Stephanie,,,,,,,,,,,,,,,,,
,,,,,,,,,,,,,,,,,,,,,,,,,,,,,,,,
,,,,,,,,,,,,,,,,,,,,,,,,,,,,,,,,
,,,,,,,,,,,,,,,,,,,,,,,,,,,,,,,,
,,,,,,,,,,,,,,,,,,,,,,,,,,,,,,,,
,,,,,,,,,,,,,,,,,,,,,,,,,,,,,,,,
,,,,,,,,,,,,,,,,,,,,,,,,,,,,,,,,
,,,,,,,,,,,,,,,,,,,,,,,,,,,,,,,,
,,,,,,,,,,,,,,,,,,,,,,,,,,,,,,,,
,,,,,,,,,,,,,,,,,,,,,,,,,,,,,,,,
,,,,,,,,,,,,,,,,,,,,,,,,,,,,,,,,
,,,,,,,,,,,,,,,,,,,,,,,,,,,,,,,,
,,,,,,,,,,,,,,,,,,,,,,,,,,,,,,,,
,,,,,,,,,,,,,,,,,,,,,,,,,,,,,,,,
,,,,,,,,,,,,,,,,,,,,,,,,,,,,,,,,
,,,,,,,,,,,,,,,,,,,,,,,,,,,,,,,,
,,,,,,,,,,,,,,,,,,,,,,,,,,,,,,,,
,,,,,,,,,,,,,,,,,,,,,,,,,,,,,,,,
,,,,,,,,,,,,,,,,,,,,,,,,,,,,,,,,
,,,,,,,,,,,,,,,,,,,,,,,,,,,,,,,,
,,,,,,,,,,,,,,,,,,,,,,,,,,,,,,,,
,,,,,,,,,,,,,,,,,,,,,,,,,,,,,,,,
,,,,,,,,,,,,,,,,,,,,,,,,,,,,,,,,
,,,,,,,,,,,,,,,,,,,,,,,,,,,,,,,,
,,,,,,,,,,,,,,,,,,,,,,,,,,,,,,,,
,,,,,,,,,,,,,,,,,,,,,,,,,,,,,,,,
,,,,,,,,,,,,,,,,,,,,,,,,,,,,,,,,
,,,,,,,,,,,,,,,,,,,,,,,,,,,,,,,,
,,,,,,,,,,,,,,,,,,,,,,,,,,,,,,,,
,,,,,,,,,,,,,,,,,,,,,,,,,,,,,,,,
,,,,,,,,,,,,,,,,,,,,,,,,,,,,,,,,
,,,,,,,,,,,,,,,,,,,,,,,,,,,,,,,,
,,,,,,,,,,,,,,,,,,,,,,,,,,,,,,,,
,,,,,,,,,,,,,,,,,,,,,,,,,,,,,,,,
,,,,,,,,,,,,,,,,,,,,,,,,,,,,,,,,
,,,,,,,,,,,,,,,,,,,,,,,,,,,,,,,,
,,,,,,,,,,,,,,,,,,,,,,,,,,,,,,,,
,,,,,,,,,,,,,,,,,,,,,,,,,,,,,,,,
,,,,,,,,,,,,,,,,,,,,,,,,,,,,,,,,
,,,,,,,,,,,,,,,,,,,,,,,,,,,,,,,,
,,,,,,,,,,,,,,,,,,,,,,,,,,,,,,,,
,,,,,,,,,,,,,,,,,,,,,,,,,,,,,,,,
,,,,,,,,,,,,,,,,,,,,,,,,,,,,,,,,
,,,,,,,,,,,,,,,,,,,,,,,,,,,,,,,,
,,,,,,,,,,,,,,,,,,,,,,,,,,,,,,,,
,,,,,,,,,,,,,,,,,,,,,,,,,,,,,,,,
,,,,,,,,,,,,,,,,,,,,,,,,,,,,,,,,
,,,,,,,,,,,,,,,,,,,,,,,,,,,,,,,,
,,,,,,,,,,,,,,,,,,,,,,,,,,,,,,,,
,,,,,,,,,,,,,,,,,,,,,,,,,,,,,,,,
,,,,,,,,,,,,,,,,,,,,,,,,,,,,,,,,
,,,,,,,,,,,,,,,,,,,,,,,,,,,,,,,,
,,,,,,,,,,,,,,,,,,,,,,,,,,,,,,,,
,,,,,,,,,,,,,,,,,,,,,,,,,,,,,,,,
,,,,,,,,,,,,,,,,,,,,,,,,,,,,,,,,
,,,,,,,,,,,,,,,,,,,,,,,,,,,,,,,,
,,,,,,,,,,,,,,,,,,,,,,,,,,,,,,,,
,,,,,,,,,,,,,,,,,,,,,,,,,,,,,,,,
,,,,,,,,,,,,,,,,,,,,,,,,,,,,,,,,
,,,,,,,,,,,,,,,,,,,,,,,,,,,,,,,,
,,,,,,,,,,,,,,,,,,,,,,,,,,,,,,,,
,,,,,,,,,,,,,,,,,,,,,,,,,,,,,,,,
,,,,,,,,,,,,,,,,,,,,,,,,,,,,,,,,
,,,,,,,,,,,,,,,,,,,,,,,,,,,,,,,,
,,,,,,,,,,,,,,,,,,,,,,,,,,,,,,,,
,,,,,,,,,,,,,,,,,,,,,,,,,,,,,,,,
,,,,,,,,,,,,,,,,,,,,,,,,,,,,,,,,
,,,,,,,,,,,,,,,,,,,,,,,,,,,,,,,,
,,,,,,,,,,,,,,,,,,,,,,,,,,,,,,,,
,,,,,,,,,,,,,,,,,,,,,,,,,,,,,,,,
,,,,,,,,,,,,,,,,,,,,,,,,,,,,,,,,
,,,,,,,,,,,,,,,,,,,,,,,,,,,,,,,,
,,,,,,,,,,,,,,,,,,,,,,,,,,,,,,,,
,,,,,,,,,,,,,,,,,,,,,,,,,,,,,,,,
,,,,,,,,,,,,,,,,,,,,,,,,,,,,,,,,
,,,,,,,,,,,,,,,,,,,,,,,,,,,,,,,,
,,,,,,,,,,,,,,,,,,,,,,,,,,,,,,,,
,,,,,,,,,,,,,,,,,,,,,,,,,,,,,,,,
,,,,,,,,,,,,,,,,,,,,,,,,,,,,,,,,
,,,,,,,,,,,,,,,,,,,,,,,,,,,,,,,,
,,,,,,,,,,,,,,,,,,,,,,,,,,,,,,,,
,,,,,,,,,,,,,,,,,,,,,,,,,,,,,,,,
,,,,,,,,,,,,,,,,,,,,,,,,,,,,,,,,
,,,,,,,,,,,,,,,,,,,,,,,,,,,,,,,,
,,,,,,,,,,,,,,,,,,,,,,,,,,,,,,,,
,,,,,,,,,,,,,,,,,,,,,,,,,,,,,,,,
,,,,,,,,,,,,,,,,,,,,,,,,,,,,,,,,
,,,,,,,,,,,,,,,,,,,,,,,,,,,,,,,,
,,,,,,,,,,,,,,,,,,,,,,,,,,,,,,,,
,,,,,,,,,,,,,,,,,,,,,,,,,,,,,,,,
,,,,,,,,,,,,,,,,,,,,,,,,,,,,,,,,
,,,,,,,,,,,,,,,,,,,,,,,,,,,,,,,,
,,,,,,,,,,,,,,,,,,,,,,,,,,,,,,,,
,,,,,,,,,,,,,,,,,,,,,,,,,,,,,,,,
,,,,,,,,,,,,,,,,,,,,,,,,,,,,,,,,
,,,,,,,,,,,,,,,,,,,,,,,,,,,,,,,,
,,,,,,,,,,,,,,,,,,,,,,,,,,,,,,,,
,,,,,,,,,,,,,,,,,,,,,,,,,,,,,,,,
,,,,,,,,,,,,,,,,,,,,,,,,,,,,,,,,
,,,,,,,,,,,,,,,,,,,,,,,,,,,,,,,,
,,,,,,,,,,,,,,,,,,,,,,,,,,,,,,,,
,,,,,,,,,,,,,,,,,,,,,,,,,,,,,,,,
,,,,,,,,,,,,,,,,,,,,,,,,,,,,,,,,
,,,,,,,,,,,,,,,,,,,,,,,,,,,,,,,,
,,,,,,,,,,,,,,,,,,,,,,,,,,,,,,,,
,,,,,,,,,,,,,,,,,,,,,,,,,,,,,,,,
,,,,,,,,,,,,,,,,,,,,,,,,,,,,,,,,
,,,,,,,,,,,,,,,,,,,,,,,,,,,,,,,,
,,,,,,,,,,,,,,,,,,,,,,,,,,,,,,,,
,,,,,,,,,,,,,,,,,,,,,,,,,,,,,,,,
,,,,,,,,,,,,,,,,,,,,,,,,,,,,,,,,
,,,,,,,,,,,,,,,,,,,,,,,,,,,,,,,,
,,,,,,,,,,,,,,,,,,,,,,,,,,,,,,,,
,,,,,,,,,,,,,,,,,,,,,,,,,,,,,,,,
,,,,,,,,,,,,,,,,,,,,,,,,,,,,,,,,
,,,,,,,,,,,,,,,,,,,,,,,,,,,,,,,,
,,,,,,,,,,,,,,,,,,,,,,,,,,,,,,,,
,,,,,,,,,,,,,,,,,,,,,,,,,,,,,,,,
,,,,,,,,,,,,,,,,,,,,,,,,,,,,,,,,
,,,,,,,,,,,,,,,,,,,,,,,,,,,,,,,,
,,,,,,,,,,,,,,,,,,,,,,,,,,,,,,,,
,,,,,,,,,,,,,,,,,,,,,,,,,,,,,,,,
,,,,,,,,,,,,,,,,,,,,,,,,,,,,,,,,
,,,,,,,,,,,,,,,,,,,,,,,,,,,,,,,,
,,,,,,,,,,,,,,,,,,,,,,,,,,,,,,,,
,,,,,,,,,,,,,,,,,,,,,,,,,,,,,,,,
,,,,,,,,,,,,,,,,,,,,,,,,,,,,,,,,
,,,,,,,,,,,,,,,,,,,,,,,,,,,,,,,,
,,,,,,,,,,,,,,,,,,,,,,,,,,,,,,,,
,,,,,,,,,,,,,,,,,,,,,,,,,,,,,,,,
,,,,,,,,,,,,,,,,,,,,,,,,,,,,,,,,
,,,,,,,,,,,,,,,,,,,,,,,,,,,,,,,,
,,,,,,,,,,,,,,,,,,,,,,,,,,,,,,,,
,,,,,,,,,,,,,,,,,,,,,,,,,,,,,,,,
,,,,,,,,,,,,,,,,,,,,,,,,,,,,,,,,
,,,,,,,,,,,,,,,,,,,,,,,,,,,,,,,,
,,,,,,,,,,,,,,,,,,,,,,,,,,,,,,,,
,,,,,,,,,,,,,,,,,,,,,,,,,,,,,,,,
,,,,,,,,,,,,,,,,,,,,,,,,,,,,,,,,
,,,,,,,,,,,,,,,,,,,,,,,,,,,,,,,,
,,,,,,,,,,,,,,,,,,,,,,,,,,,,,,,,
,,,,,,,,,,,,,,,,,,,,,,,,,,,,,,,,
,,,,,,,,,,,,,,,,,,,,,,,,,,,,,,,,
,,,,,,,,,,,,,,,,,,,,,,,,,,,,,,,,
,,,,,,,,,,,,,,,,,,,,,,,,,,,,,,,,
,,,,,,,,,,,,,,,,,,,,,,,,,,,,,,,,
,,,,,,,,,,,,,,,,,,,,,,,,,,,,,,,,
,,,,,,,,,,,,,,,,,,,,,,,,,,,,,,,,
,,,,,,,,,,,,,,,,,,,,,,,,,,,,,,,,
,,,,,,,,,,,,,,,,,,,,,,,,,,,,,,,,
,,,,,,,,,,,,,,,,,,,,,,,,,,,,,,,,
,,,,,,,,,,,,,,,,,,,,,,,,,,,,,,,,
,,,,,,,,,,,,,,,,,,,,,,,,,,,,,,,,
,,,,,,,,,,,,,,,,,,,,,,,,,,,,,,,,
,,,,,,,,,,,,,,,,,,,,,,,,,,,,,,,,
,,,,,,,,,,,,,,,,,,,,,,,,,,,,,,,,
,,,,,,,,,,,,,,,,,,,,,,,,,,,,,,,,
,,,,,,,,,,,,,,,,,,,,,,,,,,,,,,,,
,,,,,,,,,,,,,,,,,,,,,,,,,,,,,,,,
,,,,,,,,,,,,,,,,,,,,,,,,,,,,,,,,
,,,,,,,,,,,,,,,,,,,,,,,,,,,,,,,,
,,,,,,,,,,,,,,,,,,,,,,,,,,,,,,,,
,,,,,,,,,,,,,,,,,,,,,,,,,,,,,,,,
,,,,,,,,,,,,,,,,,,,,,,,,,,,,,,,,
,,,,,,,,,,,,,,,,,,,,,,,,,,,,,,,,
,,,,,,,,,,,,,,,,,,,,,,,,,,,,,,,,
,,,,,,,,,,,,,,,,,,,,,,,,,,,,,,,,
,,,,,,,,,,,,,,,,,,,,,,,,,,,,,,,,
,,,,,,,,,,,,,,,,,,,,,,,,,,,,,,,,
,,,,,,,,,,,,,,,,,,,,,,,,,,,,,,,,
,,,,,,,,,,,,,,,,,,,,,,,,,,,,,,,,
,,,,,,,,,,,,,,,,,,,,,,,,,,,,,,,,
,,,,,,,,,,,,,,,,,,,,,,,,,,,,,,,,
,,,,,,,,,,,,,,,,,,,,,,,,,,,,,,,,
,,,,,,,,,,,,,,,,,,,,,,,,,,,,,,,,
,,,,,,,,,,,,,,,,,,,,,,,,,,,,,,,,
,,,,,,,,,,,,,,,,,,,,,,,,,,,,,,,,
,,,,,,,,,,,,,,,,,,,,,,,,,,,,,,,,
,,,,,,,,,,,,,,,,,,,,,,,,,,,,,,,,
,,,,,,,,,,,,,,,,,,,,,,,,,,,,,,,,
,,,,,,,,,,,,,,,,,,,,,,,,,,,,,,,,
,,,,,,,,,,,,,,,,,,,,,,,,,,,,,,,,
,,,,,,,,,,,,,,,,,,,,,,,,,,,,,,,,
,,,,,,,,,,,,,,,,,,,,,,,,,,,,,,,,
,,,,,,,,,,,,,,,,,,,,,,,,,,,,,,,,
,,,,,,,,,,,,,,,,,,,,,,,,,,,,,,,,
,,,,,,,,,,,,,,,,,,,,,,,,,,,,,,,,
,,,,,,,,,,,,,,,,,,,,,,,,,,,,,,,,
,,,,,,,,,,,,,,,,,,,,,,,,,,,,,,,,
,,,,,,,,,,,,,,,,,,,,,,,,,,,,,,,,
,,,,,,,,,,,,,,,,,,,,,,,,,,,,,,,,
,,,,,,,,,,,,,,,,,,,,,,,,,,,,,,,,
,,,,,,,,,,,,,,,,,,,,,,,,,,,,,,,,
,,,,,,,,,,,,,,,,,,,,,,,,,,,,,,,,
,,,,,,,,,,,,,,,,,,,,,,,,,,,,,,,,
,,,,,,,,,,,,,,,,,,,,,,,,,,,,,,,,
,,,,,,,,,,,,,,,,,,,,,,,,,,,,,,,,
,,,,,,,,,,,,,,,,,,,,,,,,,,,,,,,,
,,,,,,,,,,,,,,,,,,,,,,,,,,,,,,,,
,,,,,,,,,,,,,,,,,,,,,,,,,,,,,,,,
,,,,,,,,,,,,,,,,,,,,,,,,,,,,,,,,
,,,,,,,,,,,,,,,,,,,,,,,,,,,,,,,,
,,,,,,,,,,,,,,,,,,,,,,,,,,,,,,,,
,,,,,,,,,,,,,,,,,,,,,,,,,,,,,,,,
,,,,,,,,,,,,,,,,,,,,,,,,,,,,,,,,
,,,,,,,,,,,,,,,,,,,,,,,,,,,,,,,,
,,,,,,,,,,,,,,,,,,,,,,,,,,,,,,,,
,,,,,,,,,,,,,,,,,,,,,,,,,,,,,,,,
,,,,,,,,,,,,,,,,,,,,,,,,,,,,,,,,
,,,,,,,,,,,,,,,,,,,,,,,,,,,,,,,,
,,,,,,,,,,,,,,,,,,,,,,,,,,,,,,,,
,,,,,,,,,,,,,,,,,,,,,,,,,,,,,,,,
,,,,,,,,,,,,,,,,,,,,,,,,,,,,,,,,
,,,,,,,,,,,,,,,,,,,,,,,,,,,,,,,,
,,,,,,,,,,,,,,,,,,,,,,,,,,,,,,,,
,,,,,,,,,,,,,,,,,,,,,,,,,,,,,,,,
,,,,,,,,,,,,,,,,,,,,,,,,,,,,,,,,
,,,,,,,,,,,,,,,,,,,,,,,,,,,,,,,,
,,,,,,,,,,,,,,,,,,,,,,,,,,,,,,,,
,,,,,,,,,,,,,,,,,,,,,,,,,,,,,,,,
,,,,,,,,,,,,,,,,,,,,,,,,,,,,,,,,
,,,,,,,,,,,,,,,,,,,,,,,,,,,,,,,,
,,,,,,,,,,,,,,,,,,,,,,,,,,,,,,,,
,,,,,,,,,,,,,,,,,,,,,,,,,,,,,,,,
,,,,,,,,,,,,,,,,,,,,,,,,,,,,,,,,
,,,,,,,,,,,,,,,,,,,,,,,,,,,,,,,,
,,,,,,,,,,,,,,,,,,,,,,,,,,,,,,,,
,,,,,,,,,,,,,,,,,,,,,,,,,,,,,,,,
,,,,,,,,,,,,,,,,,,,,,,,,,,,,,,,,
,,,,,,,,,,,,,,,,,,,,,,,,,,,,,,,,
,,,,,,,,,,,,,,,,,,,,,,,,,,,,,,,,
,,,,,,,,,,,,,,,,,,,,,,,,,,,,,,,,
,,,,,,,,,,,,,,,,,,,,,,,,,,,,,,,,
,,,,,,,,,,,,,,,,,,,,,,,,,,,,,,,,
,,,,,,,,,,,,,,,,,,,,,,,,,,,,,,,,
,,,,,,,,,,,,,,,,,,,,,,,,,,,,,,,,
,,,,,,,,,,,,,,,,,,,,,,,,,,,,,,,,
,,,,,,,,,,,,,,,,,,,,,,,,,,,,,,,,
,,,,,,,,,,,,,,,,,,,,,,,,,,,,,,,,
,,,,,,,,,,,,,,,,,,,,,,,,,,,,,,,,
,,,,,,,,,,,,,,,,,,,,,,,,,,,,,,,,
,,,,,,,,,,,,,,,,,,,,,,,,,,,,,,,,
,,,,,,,,,,,,,,,,,,,,,,,,,,,,,,,,
,,,,,,,,,,,,,,,,,,,,,,,,,,,,,,,,
,,,,,,,,,,,,,,,,,,,,,,,,,,,,,,,,
,,,,,,,,,,,,,,,,,,,,,,,,,,,,,,,,
,,,,,,,,,,,,,,,,,,,,,,,,,,,,,,,,
,,,,,,,,,,,,,,,,,,,,,,,,,,,,,,,,
,,,,,,,,,,,,,,,,,,,,,,,,,,,,,,,,
,,,,,,,,,,,,,,,,,,,,,,,,,,,,,,,,
,,,,,,,,,,,,,,,,,,,,,,,,,,,,,,,,
,,,,,,,,,,,,,,,,,,,,,,,,,,,,,,,,
,,,,,,,,,,,,,,,,,,,,,,,,,,,,,,,,
,,,,,,,,,,,,,,,,,,,,,,,,,,,,,,,,
,,,,,,,,,,,,,,,,,,,,,,,,,,,,,,,,
,,,,,,,,,,,,,,,,,,,,,,,,,,,,,,,,
,,,,,,,,,,,,,,,,,,,,,,,,,,,,,,,,
,,,,,,,,,,,,,,,,,,,,,,,,,,,,,,,,
,,,,,,,,,,,,,,,,,,,,,,,,,,,,,,,,
,,,,,,,,,,,,,,,,,,,,,,,,,,,,,,,,
,,,,,,,,,,,,,,,,,,,,,,,,,,,,,,,,
,,,,,,,,,,,,,,,,,,,,,,,,,,,,,,,,
,,,,,,,,,,,,,,,,,,,,,,,,,,,,,,,,
,,,,,,,,,,,,,,,,,,,,,,,,,,,,,,,,
,,,,,,,,,,,,,,,,,,,,,,,,,,,,,,,,
,,,,,,,,,,,,,,,,,,,,,,,,,,,,,,,,
,,,,,,,,,,,,,,,,,,,,,,,,,,,,,,,,
,,,,,,,,,,,,,,,,,,,,,,,,,,,,,,,,
,,,,,,,,,,,,,,,,,,,,,,,,,,,,,,,,
,,,,,,,,,,,,,,,,,,,,,,,,,,,,,,,,
,,,,,,,,,,,,,,,,,,,,,,,,,,,,,,,,
,,,,,,,,,,,,,,,,,,,,,,,,,,,,,,,,
,,,,,,,,,,,,,,,,,,,,,,,,,,,,,,,,
,,,,,,,,,,,,,,,,,,,,,,,,,,,,,,,,
,,,,,,,,,,,,,,,,,,,,,,,,,,,,,,,,
,,,,,,,,,,,,,,,,,,,,,,,,,,,,,,,,
,,,,,,,,,,,,,,,,,,,,,,,,,,,,,,,,
,,,,,,,,,,,,,,,,,,,,,,,,,,,,,,,,
,,,,,,,,,,,,,,,,,,,,,,,,,,,,,,,,
,,,,,,,,,,,,,,,,,,,,,,,,,,,,,,,,
,,,,,,,,,,,,,,,,,,,,,,,,,,,,,,,,
,,,,,,,,,,,,,,,,,,,,,,,,,,,,,,,,
,,,,,,,,,,,,,,,,,,,,,,,,,,,,,,,,
,,,,,,,,,,,,,,,,,,,,,,,,,,,,,,,,
,,,,,,,,,,,,,,,,,,,,,,,,,,,,,,,,
,,,,,,,,,,,,,,,,,,,,,,,,,,,,,,,,
,,,,,,,,,,,,,,,,,,,,,,,,,,,,,,,,
,,,,,,,,,,,,,,,,,,,,,,,,,,,,,,,,
,,,,,,,,,,,,,,,,,,,,,,,,,,,,,,,,
,,,,,,,,,,,,,,,,,,,,,,,,,,,,,,,,
,,,,,,,,,,,,,,,,,,,,,,,,,,,,,,,,
,,,,,,,,,,,,,,,,,,,,,,,,,,,,,,,,
,,,,,,,,,,,,,,,,,,,,,,,,,,,,,,,,
,,,,,,,,,,,,,,,,,,,,,,,,,,,,,,,,
,,,,,,,,,,,,,,,,,,,,,,,,,,,,,,,,
,,,,,,,,,,,,,,,,,,,,,,,,,,,,,,,,
,,,,,,,,,,,,,,,,,,,,,,,,,,,,,,,,
,,,,,,,,,,,,,,,,,,,,,,,,,,,,,,,,
,,,,,,,,,,,,,,,,,,,,,,,,,,,,,,,,
,,,,,,,,,,,,,,,,,,,,,,,,,,,,,,,,
,,,,,,,,,,,,,,,,,,,,,,,,,,,,,,,,
,,,,,,,,,,,,,,,,,,,,,,,,,,,,,,,,
,,,,,,,,,,,,,,,,,,,,,,,,,,,,,,,,
,,,,,,,,,,,,,,,,,,,,,,,,,,,,,,,,
,,,,,,,,,,,,,,,,,,,,,,,,,,,,,,,,
,,,,,,,,,,,,,,,,,,,,,,,,,,,,,,,,
,,,,,,,,,,,,,,,,,,,,,,,,,,,,,,,,
,,,,,,,,,,,,,,,,,,,,,,,,,,,,,,,,
,,,,,,,,,,,,,,,,,,,,,,,,,,,,,,,,
,,,,,,,,,,,,,,,,,,,,,,,,,,,,,,,,
,,,,,,,,,,,,,,,,,,,,,,,,,,,,,,,,
,,,,,,,,,,,,,,,,,,,,,,,,,,,,,,,,
,,,,,,,,,,,,,,,,,,,,,,,,,,,,,,,,
,,,,,,,,,,,,,,,,,,,,,,,,,,,,,,,,
,,,,,,,,,,,,,,,,,,,,,,,,,,,,,,,,
,,,,,,,,,,,,,,,,,,,,,,,,,,,,,,,,
,,,,,,,,,,,,,,,,,,,,,,,,,,,,,,,,
,,,,,,,,,,,,,,,,,,,,,,,,,,,,,,,,
,,,,,,,,,,,,,,,,,,,,,,,,,,,,,,,,
,,,,,,,,,,,,,,,,,,,,,,,,,,,,,,,,
,,,,,,,,,,,,,,,,,,,,,,,,,,,,,,,,
,,,,,,,,,,,,,,,,,,,,,,,,,,,,,,,,
,,,,,,,,,,,,,,,,,,,,,,,,,,,,,,,,
,,,,,,,,,,,,,,,,,,,,,,,,,,,,,,,,
,,,,,,,,,,,,,,,,,,,,,,,,,,,,,,,,
,,,,,,,,,,,,,,,,,,,,,,,,,,,,,,,,
,,,,,,,,,,,,,,,,,,,,,,,,,,,,,,,,
,,,,,,,,,,,,,,,,,,,,,,,,,,,,,,,,
,,,,,,,,,,,,,,,,,,,,,,,,,,,,,,,,
,,,,,,,,,,,,,,,,,,,,,,,,,,,,,,,,
,,,,,,,,,,,,,,,,,,,,,,,,,,,,,,,,
,,,,,,,,,,,,,,,,,,,,,,,,,,,,,,,,
,,,,,,,,,,,,,,,,,,,,,,,,,,,,,,,,
,,,,,,,,,,,,,,,,,,,,,,,,,,,,,,,,
,,,,,,,,,,,,,,,,,,,,,,,,,,,,,,,,
,,,,,,,,,,,,,,,,,,,,,,,,,,,,,,,,
,,,,,,,,,,,,,,,,,,,,,,,,,,,,,,,,
,,,,,,,,,,,,,,,,,,,,,,,,,,,,,,,,
,,,,,,,,,,,,,,,,,,,,,,,,,,,,,,,,
,,,,,,,,,,,,,,,,,,,,,,,,,,,,,,,,
,,,,,,,,,,,,,,,,,,,,,,,,,,,,,,,,
,,,,,,,,,,,,,,,,,,,,,,,,,,,,,,,,
,,,,,,,,,,,,,,,,,,,,,,,,,,,,,,,,
,,,,,,,,,,,,,,,,,,,,,,,,,,,,,,,,
,,,,,,,,,,,,,,,,,,,,,,,,,,,,,,,,
,,,,,,,,,,,,,,,,,,,,,,,,,,,,,,,,
,,,,,,,,,,,,,,,,,,,,,,,,,,,,,,,,
,,,,,,,,,,,,,,,,,,,,,,,,,,,,,,,,
,,,,,,,,,,,,,,,,,,,,,,,,,,,,,,,,
,,,,,,,,,,,,,,,,,,,,,,,,,,,,,,,,
,,,,,,,,,,,,,,,,,,,,,,,,,,,,,,,,
,,,,,,,,,,,,,,,,,,,,,,,,,,,,,,,,
,,,,,,,,,,,,,,,,,,,,,,,,,,,,,,,,
,,,,,,,,,,,,,,,,,,,,,,,,,,,,,,,,
,,,,,,,,,,,,,,,,,,,,,,,,,,,,,,,,
,,,,,,,,,,,,,,,,,,,,,,,,,,,,,,,,
,,,,,,,,,,,,,,,,,,,,,,,,,,,,,,,,
,,,,,,,,,,,,,,,,,,,,,,,,,,,,,,,,
,,,,,,,,,,,,,,,,,,,,,,,,,,,,,,,,
,,,,,,,,,,,,,,,,,,,,,,,,,,,,,,,,
,,,,,,,,,,,,,,,,,,,,,,,,,,,,,,,,
,,,,,,,,,,,,,,,,,,,,,,,,,,,,,,,,
,,,,,,,,,,,,,,,,,,,,,,,,,,,,,,,,
,,,,,,,,,,,,,,,,,,,,,,,,,,,,,,,,
,,,,,,,,,,,,,,,,,,,,,,,,,,,,,,,,
,,,,,,,,,,,,,,,,,,,,,,,,,,,,,,,,
,,,,,,,,,,,,,,,,,,,,,,,,,,,,,,,,
,,,,,,,,,,,,,,,,,,,,,,,,,,,,,,,,
,,,,,,,,,,,,,,,,,,,,,,,,,,,,,,,,
,,,,,,,,,,,,,,,,,,,,,,,,,,,,,,,,
,,,,,,,,,,,,,,,,,,,,,,,,,,,,,,,,
,,,,,,,,,,,,,,,,,,,,,,,,,,,,,,,,
,,,,,,,,,,,,,,,,,,,,,,,,,,,,,,,,
,,,,,,,,,,,,,,,,,,,,,,,,,,,,,,,,
,,,,,,,,,,,,,,,,,,,,,,,,,,,,,,,,
,,,,,,,,,,,,,,,,,,,,,,,,,,,,,,,,
,,,,,,,,,,,,,,,,,,,,,,,,,,,,,,,,
,,,,,,,,,,,,,,,,,,,,,,,,,,,,,,,,
,,,,,,,,,,,,,,,,,,,,,,,,,,,,,,,,
,,,,,,,,,,,,,,,,,,,,,,,,,,,,,,,,
,,,,,,,,,,,,,,,,,,,,,,,,,,,,,,,,
,,,,,,,,,,,,,,,,,,,,,,,,,,,,,,,,
,,,,,,,,,,,,,,,,,,,,,,,,,,,,,,,,
,,,,,,,,,,,,,,,,,,,,,,,,,,,,,,,,
,,,,,,,,,,,,,,,,,,,,,,,,,,,,,,,,
,,,,,,,,,,,,,,,,,,,,,,,,,,,,,,,,
,,,,,,,,,,,,,,,,,,,,,,,,,,,,,,,,
,,,,,,,,,,,,,,,,,,,,,,,,,,,,,,,,
,,,,,,,,,,,,,,,,,,,,,,,,,,,,,,,,
,,,,,,,,,,,,,,,,,,,,,,,,,,,,,,,,
,,,,,,,,,,,,,,,,,,,,,,,,,,,,,,,,
,,,,,,,,,,,,,,,,,,,,,,,,,,,,,,,,
,,,,,,,,,,,,,,,,,,,,,,,,,,,,,,,,
,,,,,,,,,,,,,,,,,,,,,,,,,,,,,,,,
,,,,,,,,,,,,,,,,,,,,,,,,,,,,,,,,
,,,,,,,,,,,,,,,,,,,,,,,,,,,,,,,,
,,,,,,,,,,,,,,,,,,,,,,,,,,,,,,,,
,,,,,,,,,,,,,,,,,,,,,,,,,,,,,,,,
,,,,,,,,,,,,,,,,,,,,,,,,,,,,,,,,
,,,,,,,,,,,,,,,,,,,,,,,,,,,,,,,,
,,,,,,,,,,,,,,,,,,,,,,,,,,,,,,,,
,,,,,,,,,,,,,,,,,,,,,,,,,,,,,,,,
,,,,,,,,,,,,,,,,,,,,,,,,,,,,,,,,
,,,,,,,,,,,,,,,,,,,,,,,,,,,,,,,,
,,,,,,,,,,,,,,,,,,,,,,,,,,,,,,,,
,,,,,,,,,,,,,,,,,,,,,,,,,,,,,,,,
,,,,,,,,,,,,,,,,,,,,,,,,,,,,,,,,
,,,,,,,,,,,,,,,,,,,,,,,,,,,,,,,,
,,,,,,,,,,,,,,,,,,,,,,,,,,,,,,,,
,,,,,,,,,,,,,,,,,,,,,,,,,,,,,,,,
,,,,,,,,,,,,,,,,,,,,,,,,,,,,,,,,
,,,,,,,,,,,,,,,,,,,,,,,,,,,,,,,,
,,,,,,,,,,,,,,,,,,,,,,,,,,,,,,,,
,,,,,,,,,,,,,,,,,,,,,,,,,,,,,,,,
,,,,,,,,,,,,,,,,,,,,,,,,,,,,,,,,
,,,,,,,,,,,,,,,,,,,,,,,,,,,,,,,,
,,,,,,,,,,,,,,,,,,,,,,,,,,,,,,,,
,,,,,,,,,,,,,,,,,,,,,,,,,,,,,,,,
,,,,,,,,,,,,,,,,,,,,,,,,,,,,,,,,
,,,,,,,,,,,,,,,,,,,,,,,,,,,,,,,,
,,,,,,,,,,,,,,,,,,,,,,,,,,,,,,,,
,,,,,,,,,,,,,,,,,,,,,,,,,,,,,,,,
,,,,,,,,,,,,,,,,,,,,,,,,,,,,,,,,
,,,,,,,,,,,,,,,,,,,,,,,,,,,,,,,,
,,,,,,,,,,,,,,,,,,,,,,,,,,,,,,,,
,,,,,,,,,,,,,,,,,,,,,,,,,,,,,,,,
,,,,,,,,,,,,,,,,,,,,,,,,,,,,,,,,
,,,,,,,,,,,,,,,,,,,,,,,,,,,,,,,,
,,,,,,,,,,,,,,,,,,,,,,,,,,,,,,,,
,,,,,,,,,,,,,,,,,,,,,,,,,,,,,,,,
,,,,,,,,,,,,,,,,,,,,,,,,,,,,,,,,
,,,,,,,,,,,,,,,,,,,,,,,,,,,,,,,,
,,,,,,,,,,,,,,,,,,,,,,,,,,,,,,,,
,,,,,,,,,,,,,,,,,,,,,,,,,,,,,,,,
,,,,,,,,,,,,,,,,,,,,,,,,,,,,,,,,
,,,,,,,,,,,,,,,,,,,,,,,,,,,,,,,,
,,,,,,,,,,,,,,,,,,,,,,,,,,,,,,,,
,,,,,,,,,,,,,,,,,,,,,,,,,,,,,,,,
,,,,,,,,,,,,,,,,,,,,,,,,,,,,,,,,
,,,,,,,,,,,,,,,,,,,,,,,,,,,,,,,,
,,,,,,,,,,,,,,,,,,,,,,,,,,,,,,,,
,,,,,,,,,,,,,,,,,,,,,,,,,,,,,,,,
,,,,,,,,,,,,,,,,,,,,,,,,,,,,,,,,
,,,,,,,,,,,,,,,,,,,,,,,,,,,,,,,,
,,,,,,,,,,,,,,,,,,,,,,,,,,,,,,,,
,,,,,,,,,,,,,,,,,,,,,,,,,,,,,,,,
,,,,,,,,,,,,,,,,,,,,,,,,,,,,,,,,
,,,,,,,,,,,,,,,,,,,,,,,,,,,,,,,,
,,,,,,,,,,,,,,,,,,,,,,,,,,,,,,,,
,,,,,,,,,,,,,,,,,,,,,,,,,,,,,,,,
,,,,,,,,,,,,,,,,,,,,,,,,,,,,,,,,
,,,,,,,,,,,,,,,,,,,,,,,,,,,,,,,,
,,,,,,,,,,,,,,,,,,,,,,,,,,,,,,,,
,,,,,,,,,,,,,,,,,,,,,,,,,,,,,,,,
,,,,,,,,,,,,,,,,,,,,,,,,,,,,,,,,
,,,,,,,,,,,,,,,,,,,,,,,,,,,,,,,,
,,,,,,,,,,,,,,,,,,,,,,,,,,,,,,,,
,,,,,,,,,,,,,,,,,,,,,,,,,,,,,,,,
,,,,,,,,,,,,,,,,,,,,,,,,,,,,,,,,
,,,,,,,,,,,,,,,,,,,,,,,,,,,,,,,,
,,,,,,,,,,,,,,,,,,,,,,,,,,,,,,,,
,,,,,,,,,,,,,,,,,,,,,,,,,,,,,,,,
,,,,,,,,,,,,,,,,,,,,,,,,,,,,,,,,
,,,,,,,,,,,,,,,,,,,,,,,,,,,,,,,,
,,,,,,,,,,,,,,,,,,,,,,,,,,,,,,,,
,,,,,,,,,,,,,,,,,,,,,,,,,,,,,,,,
,,,,,,,,,,,,,,,,,,,,,,,,,,,,,,,,
,,,,,,,,,,,,,,,,,,,,,,,,,,,,,,,,
,,,,,,,,,,,,,,,,,,,,,,,,,,,,,,,,
,,,,,,,,,,,,,,,,,,,,,,,,,,,,,,,,
,,,,,,,,,,,,,,,,,,,,,,,,,,,,,,,,
,,,,,,,,,,,,,,,,,,,,,,,,,,,,,,,,
,,,,,,,,,,,,,,,,,,,,,,,,,,,,,,,,
,,,,,,,,,,,,,,,,,,,,,,,,,,,,,,,,
,,,,,,,,,,,,,,,,,,,,,,,,,,,,,,,,
,,,,,,,,,,,,,,,,,,,,,,,,,,,,,,,,
,,,,,,,,,,,,,,,,,,,,,,,,,,,,,,,,
,,,,,,,,,,,,,,,,,,,,,,,,,,,,,,,,
,,,,,,,,,,,,,,,,,,,,,,,,,,,,,,,,
,,,,,,,,,,,,,,,,,,,,,,,,,,,,,,,,
,,,,,,,,,,,,,,,,,,,,,,,,,,,,,,,,
,,,,,,,,,,,,,,,,,,,,,,,,,,,,,,,,
,,,,,,,,,,,,,,,,,,,,,,,,,,,,,,,,
,,,,,,,,,,,,,,,,,,,,,,,,,,,,,,,,
,,,,,,,,,,,,,,,,,,,,,,,,,,,,,,,,
,,,,,,,,,,,,,,,,,,,,,,,,,,,,,,,,
,,,,,,,,,,,,,,,,,,,,,,,,,,,,,,,,
,,,,,,,,,,,,,,,,,,,,,,,,,,,,,,,,
,,,,,,,,,,,,,,,,,,,,,,,,,,,,,,,,
,,,,,,,,,,,,,,,,,,,,,,,,,,,,,,,,
,,,,,,,,,,,,,,,,,,,,,,,,,,,,,,,,
,,,,,,,,,,,,,,,,,,,,,,,,,,,,,,,,
,,,,,,,,,,,,,,,,,,,,,,,,,,,,,,,,
,,,,,,,,,,,,,,,,,,,,,,,,,,,,,,,,
,,,,,,,,,,,,,,,,,,,,,,,,,,,,,,,,
,,,,,,,,,,,,,,,,,,,,,,,,,,,,,,,,
,,,,,,,,,,,,,,,,,,,,,,,,,,,,,,,,
,,,,,,,,,,,,,,,,,,,,,,,,,,,,,,,,
,,,,,,,,,,,,,,,,,,,,,,,,,,,,,,,,
,,,,,,,,,,,,,,,,,,,,,,,,,,,,,,,,
,,,,,,,,,,,,,,,,,,,,,,,,,,,,,,,,
,,,,,,,,,,,,,,,,,,,,,,,,,,,,,,,,
,,,,,,,,,,,,,,,,,,,,,,,,,,,,,,,,
,,,,,,,,,,,,,,,,,,,,,,,,,,,,,,,,
,,,,,,,,,,,,,,,,,,,,,,,,,,,,,,,,
,,,,,,,,,,,,,,,,,,,,,,,,,,,,,,,,
,,,,,,,,,,,,,,,,,,,,,,,,,,,,,,,,
,,,,,,,,,,,,,,,,,,,,,,,,,,,,,,,,
,,,,,,,,,,,,,,,,,,,,,,,,,,,,,,,,
,,,,,,,,,,,,,,,,,,,,,,,,,,,,,,,,
,,,,,,,,,,,,,,,,,,,,,,,,,,,,,,,,
,,,,,,,,,,,,,,,,,,,,,,,,,,,,,,,,
,,,,,,,,,,,,,,,,,,,,,,,,,,,,,,,,
,,,,,,,,,,,,,,,,,,,,,,,,,,,,,,,,
,,,,,,,,,,,,,,,,,,,,,,,,,,,,,,,,
,,,,,,,,,,,,,,,,,,,,,,,,,,,,,,,,
,,,,,,,,,,,,,,,,,,,,,,,,,,,,,,,,
,,,,,,,,,,,,,,,,,,,,,,,,,,,,,,,,
,,,,,,,,,,,,,,,,,,,,,,,,,,,,,,,,
,,,,,,,,,,,,,,,,,,,,,,,,,,,,,,,,
,,,,,,,,,,,,,,,,,,,,,,,,,,,,,,,,
,,,,,,,,,,,,,,,,,,,,,,,,,,,,,,,,
,,,,,,,,,,,,,,,,,,,,,,,,,,,,,,,,
,,,,,,,,,,,,,,,,,,,,,,,,,,,,,,,,
,,,,,,,,,,,,,,,,,,,,,,,,,,,,,,,,
,,,,,,,,,,,,,,,,,,,,,,,,,,,,,,,,
,,,,,,,,,,,,,,,,,,,,,,,,,,,,,,,,
,,,,,,,,,,,,,,,,,,,,,,,,,,,,,,,,
,,,,,,,,,,,,,,,,,,,,,,,,,,,,,,,,
,,,,,,,,,,,,,,,,,,,,,,,,,,,,,,,,
,,,,,,,,,,,,,,,,,,,,,,,,,,,,,,,,
,,,,,,,,,,,,,,,,,,,,,,,,,,,,,,,,
,,,,,,,,,,,,,,,,,,,,,,,,,,,,,,,,
,,,,,,,,,,,,,,,,,,,,,,,,,,,,,,,,
,,,,,,,,,,,,,,,,,,,,,,,,,,,,,,,,
,,,,,,,,,,,,,,,,,,,,,,,,,,,,,,,,
,,,,,,,,,,,,,,,,,,,,,,,,,,,,,,,,
,,,,,,,,,,,,,,,,,,,,,,,,,,,,,,,,
,,,,,,,,,,,,,,,,,,,,,,,,,,,,,,,,
,,,,,,,,,,,,,,,,,,,,,,,,,,,,,,,,
,,,,,,,,,,,,,,,,,,,,,,,,,,,,,,,,
,,,,,,,,,,,,,,,,,,,,,,,,,,,,,,,,
,,,,,,,,,,,,,,,,,,,,,,,,,,,,,,,,
,,,,,,,,,,,,,,,,,,,,,,,,,,,,,,,,
,,,,,,,,,,,,,,,,,,,,,,,,,,,,,,,,
,,,,,,,,,,,,,,,,,,,,,,,,,,,,,,,,
,,,,,,,,,,,,,,,,,,,,,,,,,,,,,,,,
,,,,,,,,,,,,,,,,,,,,,,,,,,,,,,,,
,,,,,,,,,,,,,,,,,,,,,,,,,,,,,,,,
,,,,,,,,,,,,,,,,,,,,,,,,,,,,,,,,
,,,,,,,,,,,,,,,,,,,,,,,,,,,,,,,,
,,,,,,,,,,,,,,,,,,,,,,,,,,,,,,,,
,,,,,,,,,,,,,,,,,,,,,,,,,,,,,,,,
,,,,,,,,,,,,,,,,,,,,,,,,,,,,,,,,
,,,,,,,,,,,,,,,,,,,,,,,,,,,,,,,,
,,,,,,,,,,,,,,,,,,,,,,,,,,,,,,,,
,,,,,,,,,,,,,,,,,,,,,,,,,,,,,,,,
,,,,,,,,,,,,,,,,,,,,,,,,,,,,,,,,
,,,,,,,,,,,,,,,,,,,,,,,,,,,,,,,,
,,,,,,,,,,,,,,,,,,,,,,,,,,,,,,,,
,,,,,,,,,,,,,,,,,,,,,,,,,,,,,,,,
,,,,,,,,,,,,,,,,,,,,,,,,,,,,,,,,
,,,,,,,,,,,,,,,,,,,,,,,,,,,,,,,,
,,,,,,,,,,,,,,,,,,,,,,,,,,,,,,,,
,,,,,,,,,,,,,,,,,,,,,,,,,,,,,,,,
,,,,,,,,,,,,,,,,,,,,,,,,,,,,,,,,
,,,,,,,,,,,,,,,,,,,,,,,,,,,,,,,,
,,,,,,,,,,,,,,,,,,,,,,,,,,,,,,,,
,,,,,,,,,,,,,,,,,,,,,,,,,,,,,,,,
,,,,,,,,,,,,,,,,,,,,,,,,,,,,,,,,
,,,,,,,,,,,,,,,,,,,,,,,,,,,,,,,,
,,,,,,,,,,,,,,,,,,,,,,,,,,,,,,,,
,,,,,,,,,,,,,,,,,,,,,,,,,,,,,,,,
,,,,,,,,,,,,,,,,,,,,,,,,,,,,,,,,
,,,,,,,,,,,,,,,,,,,,,,,,,,,,,,,,
,,,,,,,,,,,,,,,,,,,,,,,,,,,,,,,,
,,,,,,,,,,,,,,,,,,,,,,,,,,,,,,,,
,,,,,,,,,,,,,,,,,,,,,,,,,,,,,,,,
,,,,,,,,,,,,,,,,,,,,,,,,,,,,,,,,
,,,,,,,,,,,,,,,,,,,,,,,,,,,,,,,,
,,,,,,,,,,,,,,,,,,,,,,,,,,,,,,,,
,,,,,,,,,,,,,,,,,,,,,,,,,,,,,,,,
,,,,,,,,,,,,,,,,,,,,,,,,,,,,,,,,
,,,,,,,,,,,,,,,,,,,,,,,,,,,,,,,,
,,,,,,,,,,,,,,,,,,,,,,,,,,,,,,,,
,,,,,,,,,,,,,,,,,,,,,,,,,,,,,,,,
,,,,,,,,,,,,,,,,,,,,,,,,,,,,,,,,
,,,,,,,,,,,,,,,,,,,,,,,,,,,,,,,,
,,,,,,,,,,,,,,,,,,,,,,,,,,,,,,,,
,,,,,,,,,,,,,,,,,,,,,,,,,,,,,,,,
,,,,,,,,,,,,,,,,,,,,,,,,,,,,,,,,
,,,,,,,,,,,,,,,,,,,,,,,,,,,,,,,,
,,,,,,,,,,,,,,,,,,,,,,,,,,,,,,,,
,,,,,,,,,,,,,,,,,,,,,,,,,,,,,,,,
,,,,,,,,,,,,,,,,,,,,,,,,,,,,,,,,
,,,,,,,,,,,,,,,,,,,,,,,,,,,,,,,,
,,,,,,,,,,,,,,,,,,,,,,,,,,,,,,,,
,,,,,,,,,,,,,,,,,,,,,,,,,,,,,,,,
,,,,,,,,,,,,,,,,,,,,,,,,,,,,,,,,
,,,,,,,,,,,,,,,,,,,,,,,,,,,,,,,,
,,,,,,,,,,,,,,,,,,,,,,,,,,,,,,,,
,,,,,,,,,,,,,,,,,,,,,,,,,,,,,,,,
,,,,,,,,,,,,,,,,,,,,,,,,,,,,,,,,
,,,,,,,,,,,,,,,,,,,,,,,,,,,,,,,,
,,,,,,,,,,,,,,,,,,,,,,,,,,,,,,,,
,,,,,,,,,,,,,,,,,,,,,,,,,,,,,,,,
,,,,,,,,,,,,,,,,,,,,,,,,,,,,,,,,
,,,,,,,,,,,,,,,,,,,,,,,,,,,,,,,,
,,,,,,,,,,,,,,,,,,,,,,,,,,,,,,,,
,,,,,,,,,,,,,,,,,,,,,,,,,,,,,,,,
,,,,,,,,,,,,,,,,,,,,,,,,,,,,,,,,
,,,,,,,,,,,,,,,,,,,,,,,,,,,,,,,,
,,,,,,,,,,,,,,,,,,,,,,,,,,,,,,,,
,,,,,,,,,,,,,,,,,,,,,,,,,,,,,,,,
,,,,,,,,,,,,,,,,,,,,,,,,,,,,,,,,
,,,,,,,,,,,,,,,,,,,,,,,,,,,,,,,,
,,,,,,,,,,,,,,,,,,,,,,,,,,,,,,,,
,,,,,,,,,,,,,,,,,,,,,,,,,,,,,,,,
,,,,,,,,,,,,,,,,,,,,,,,,,,,,,,,,
,,,,,,,,,,,,,,,,,,,,,,,,,,,,,,,,
,,,,,,,,,,,,,,,,,,,,,,,,,,,,,,,,
,,,,,,,,,,,,,,,,,,,,,,,,,,,,,,,,
,,,,,,,,,,,,,,,,,,,,,,,,,,,,,,,,
,,,,,,,,,,,,,,,,,,,,,,,,,,,,,,,,
,,,,,,,,,,,,,,,,,,,,,,,,,,,,,,,,
,,,,,,,,,,,,,,,,,,,,,,,,,,,,,,,,
,,,,,,,,,,,,,,,,,,,,,,,,,,,,,,,,
,,,,,,,,,,,,,,,,,,,,,,,,,,,,,,,,
,,,,,,,,,,,,,,,,,,,,,,,,,,,,,,,,
,,,,,,,,,,,,,,,,,,,,,,,,,,,,,,,,
,,,,,,,,,,,,,,,,,,,,,,,,,,,,,,,,
,,,,,,,,,,,,,,,,,,,,,,,,,,,,,,,,
,,,,,,,,,,,,,,,,,,,,,,,,,,,,,,,,
,,,,,,,,,,,,,,,,,,,,,,,,,,,,,,,,
,,,,,,,,,,,,,,,,,,,,,,,,,,,,,,,,
,,,,,,,,,,,,,,,,,,,,,,,,,,,,,,,,
,,,,,,,,,,,,,,,,,,,,,,,,,,,,,,,,
,,,,,,,,,,,,,,,,,,,,,,,,,,,,,,,,
,,,,,,,,,,,,,,,,,,,,,,,,,,,,,,,,
,,,,,,,,,,,,,,,,,,,,,,,,,,,,,,,,
,,,,,,,,,,,,,,,,,,,,,,,,,,,,,,,,
,,,,,,,,,,,,,,,,,,,,,,,,,,,,,,,,
,,,,,,,,,,,,,,,,,,,,,,,,,,,,,,,,
,,,,,,,,,,,,,,,,,,,,,,,,,,,,,,,,
,,,,,,,,,,,,,,,,,,,,,,,,,,,,,,,,
,,,,,,,,,,,,,,,,,,,,,,,,,,,,,,,,
,,,,,,,,,,,,,,,,,,,,,,,,,,,,,,,,
,,,,,,,,,,,,,,,,,,,,,,,,,,,,,,,,
,,,,,,,,,,,,,,,,,,,,,,,,,,,,,,,,
,,,,,,,,,,,,,,,,,,,,,,,,,,,,,,,,
,,,,,,,,,,,,,,,,,,,,,,,,,,,,,,,,
,,,,,,,,,,,,,,,,,,,,,,,,,,,,,,,,
,,,,,,,,,,,,,,,,,,,,,,,,,,,,,,,,
,,,,,,,,,,,,,,,,,,,,,,,,,,,,,,,,
,,,,,,,,,,,,,,,,,,,,,,,,,,,,,,,,
,,,,,,,,,,,,,,,,,,,,,,,,,,,,,,,,
,,,,,,,,,,,,,,,,,,,,,,,,,,,,,,,,
,,,,,,,,,,,,,,,,,,,,,,,,,,,,,,,,
,,,,,,,,,,,,,,,,,,,,,,,,,,,,,,,,
,,,,,,,,,,,,,,,,,,,,,,,,,,,,,,,,
,,,,,,,,,,,,,,,,,,,,,,,,,,,,,,,,
,,,,,,,,,,,,,,,,,,,,,,,,,,,,,,,,
,,,,,,,,,,,,,,,,,,,,,,,,,,,,,,,,
,,,,,,,,,,,,,,,,,,,,,,,,,,,,,,,,
,,,,,,,,,,,,,,,,,,,,,,,,,,,,,,,,
,,,,,,,,,,,,,,,,,,,,,,,,,,,,,,,,
,,,,,,,,,,,,,,,,,,,,,,,,,,,,,,,,
,,,,,,,,,,,,,,,,,,,,,,,,,,,,,,,,
,,,,,,,,,,,,,,,,,,,,,,,,,,,,,,,,
,,,,,,,,,,,,,,,,,,,,,,,,,,,,,,,,
,,,,,,,,,,,,,,,,,,,,,,,,,,,,,,,,
,,,,,,,,,,,,,,,,,,,,,,,,,,,,,,,,
,,,,,,,,,,,,,,,,,,,,,,,,,,,,,,,,
,,,,,,,,,,,,,,,,,,,,,,,,,,,,,,,,
,,,,,,,,,,,,,,,,,,,,,,,,,,,,,,,,
,,,,,,,,,,,,,,,,,,,,,,,,,,,,,,,,
,,,,,,,,,,,,,,,,,,,,,,,,,,,,,,,,
,,,,,,,,,,,,,,,,,,,,,,,,,,,,,,,,
,,,,,,,,,,,,,,,,,,,,,,,,,,,,,,,,
,,,,,,,,,,,,,,,,,,,,,,,,,,,,,,,,
,,,,,,,,,,,,,,,,,,,,,,,,,,,,,,,,
,,,,,,,,,,,,,,,,,,,,,,,,,,,,,,,,
,,,,,,,,,,,,,,,,,,,,,,,,,,,,,,,,
,,,,,,,,,,,,,,,,,,,,,,,,,,,,,,,,
,,,,,,,,,,,,,,,,,,,,,,,,,,,,,,,,
,,,,,,,,,,,,,,,,,,,,,,,,,,,,,,,,
,,,,,,,,,,,,,,,,,,,,,,,,,,,,,,,,
,,,,,,,,,,,,,,,,,,,,,,,,,,,,,,,,
,,,,,,,,,,,,,,,,,,,,,,,,,,,,,,,,
,,,,,,,,,,,,,,,,,,,,,,,,,,,,,,,,
,,,,,,,,,,,,,,,,,,,,,,,,,,,,,,,,
,,,,,,,,,,,,,,,,,,,,,,,,,,,,,,,,
,,,,,,,,,,,,,,,,,,,,,,,,,,,,,,,,
,,,,,,,,,,,,,,,,,,,,,,,,,,,,,,,,
,,,,,,,,,,,,,,,,,,,,,,,,,,,,,,,,
,,,,,,,,,,,,,,,,,,,,,,,,,,,,,,,,
,,,,,,,,,,,,,,,,,,,,,,,,,,,,,,,,
,,,,,,,,,,,,,,,,,,,,,,,,,,,,,,,,
,,,,,,,,,,,,,,,,,,,,,,,,,,,,,,,,
,,,,,,,,,,,,,,,,,,,,,,,,,,,,,,,,
,,,,,,,,,,,,,,,,,,,,,,,,,,,,,,,,
,,,,,,,,,,,,,,,,,,,,,,,,,,,,,,,,
,,,,,,,,,,,,,,,,,,,,,,,,,,,,,,,,
,,,,,,,,,,,,,,,,,,,,,,,,,,,,,,,,
,,,,,,,,,,,,,,,,,,,,,,,,,,,,,,,,
,,,,,,,,,,,,,,,,,,,,,,,,,,,,,,,,
,,,,,,,,,,,,,,,,,,,,,,,,,,,,,,,,
,,,,,,,,,,,,,,,,,,,,,,,,,,,,,,,,
,,,,,,,,,,,,,,,,,,,,,,,,,,,,,,,,
,,,,,,,,,,,,,,,,,,,,,,,,,,,,,,,,
,,,,,,,,,,,,,,,,,,,,,,,,,,,,,,,,
,,,,,,,,,,,,,,,,,,,,,,,,,,,,,,,,
,,,,,,,,,,,,,,,,,,,,,,,,,,,,,,,,
,,,,,,,,,,,,,,,,,,,,,,,,,,,,,,,,
,,,,,,,,,,,,,,,,,,,,,,,,,,,,,,,,
,,,,,,,,,,,,,,,,,,,,,,,,,,,,,,,,
,,,,,,,,,,,,,,,,,,,,,,,,,,,,,,,,
,,,,,,,,,,,,,,,,,,,,,,,,,,,,,,,,
,,,,,,,,,,,,,,,,,,,,,,,,,,,,,,,,
,,,,,,,,,,,,,,,,,,,,,,,,,,,,,,,,
,,,,,,,,,,,,,,,,,,,,,,,,,,,,,,,,
,,,,,,,,,,,,,,,,,,,,,,,,,,,,,,,,
,,,,,,,,,,,,,,,,,,,,,,,,,,,,,,,,
,,,,,,,,,,,,,,,,,,,,,,,,,,,,,,,,
,,,,,,,,,,,,,,,,,,,,,,,,,,,,,,,,
,,,,,,,,,,,,,,,,,,,,,,,,,,,,,,,,
,,,,,,,,,,,,,,,,,,,,,,,,,,,,,,,,
,,,,,,,,,,,,,,,,,,,,,,,,,,,,,,,,
,,,,,,,,,,,,,,,,,,,,,,,,,,,,,,,,
,,,,,,,,,,,,,,,,,,,,,,,,,,,,,,,,
,,,,,,,,,,,,,,,,,,,,,,,,,,,,,,,,
,,,,,,,,,,,,,,,,,,,,,,,,,,,,,,,,
,,,,,,,,,,,,,,,,,,,,,,,,,,,,,,,,
,,,,,,,,,,,,,,,,,,,,,,,,,,,,,,,,
,,,,,,,,,,,,,,,,,,,,,,,,,,,,,,,,
,,,,,,,,,,,,,,,,,,,,,,,,,,,,,,,,
,,,,,,,,,,,,,,,,,,,,,,,,,,,,,,,,
,,,,,,,,,,,,,,,,,,,,,,,,,,,,,,,,
,,,,,,,,,,,,,,,,,,,,,,,,,,,,,,,,
,,,,,,,,,,,,,,,,,,,,,,,,,,,,,,,,
,,,,,,,,,,,,,,,,,,,,,,,,,,,,,,,,
,,,,,,,,,,,,,,,,,,,,,,,,,,,,,,,,
,,,,,,,,,,,,,,,,,,,,,,,,,,,,,,,,
,,,,,,,,,,,,,,,,,,,,,,,,,,,,,,,,
,,,,,,,,,,,,,,,,,,,,,,,,,,,,,,,,
,,,,,,,,,,,,,,,,,,,,,,,,,,,,,,,,
,,,,,,,,,,,,,,,,,,,,,,,,,,,,,,,,
,,,,,,,,,,,,,,,,,,,,,,,,,,,,,,,,
,,,,,,,,,,,,,,,,,,,,,,,,,,,,,,,,
,,,,,,,,,,,,,,,,,,,,,,,,,,,,,,,,
,,,,,,,,,,,,,,,,,,,,,,,,,,,,,,,,
,,,,,,,,,,,,,,,,,,,,,,,,,,,,,,,,
,,,,,,,,,,,,,,,,,,,,,,,,,,,,,,,,
,,,,,,,,,,,,,,,,,,,,,,,,,,,,,,,,
,,,,,,,,,,,,,,,,,,,,,,,,,,,,,,,,
,,,,,,,,,,,,,,,,,,,,,,,,,,,,,,,,
,,,,,,,,,,,,,,,,,,,,,,,,,,,,,,,,
,,,,,,,,,,,,,,,,,,,,,,,,,,,,,,,,
,,,,,,,,,,,,,,,,,,,,,,,,,,,,,,,,
,,,,,,,,,,,,,,,,,,,,,,,,,,,,,,,,
,,,,,,,,,,,,,,,,,,,,,,,,,,,,,,,,
,,,,,,,,,,,,,,,,,,,,,,,,,,,,,,,,
,,,,,,,,,,,,,,,,,,,,,,,,,,,,,,,,
,,,,,,,,,,,,,,,,,,,,,,,,,,,,,,,,
,,,,,,,,,,,,,,,,,,,,,,,,,,,,,,,,
,,,,,,,,,,,,,,,,,,,,,,,,,,,,,,,,
,,,,,,,,,,,,,,,,,,,,,,,,,,,,,,,,
,,,,,,,,,,,,,,,,,,,,,,,,,,,,,,,,
,,,,,,,,,,,,,,,,,,,,,,,,,,,,,,,,
,,,,,,,,,,,,,,,,,,,,,,,,,,,,,,,,
,,,,,,,,,,,,,,,,,,,,,,,,,,,,,,,,
,,,,,,,,,,,,,,,,,,,,,,,,,,,,,,,,
,,,,,,,,,,,,,,,,,,,,,,,,,,,,,,,,
,,,,,,,,,,,,,,,,,,,,,,,,,,,,,,,,
,,,,,,,,,,,,,,,,,,,,,,,,,,,,,,,,
,,,,,,,,,,,,,,,,,,,,,,,,,,,,,,,,
,,,,,,,,,,,,,,,,,,,,,,,,,,,,,,,,
,,,,,,,,,,,,,,,,,,,,,,,,,,,,,,,,
,,,,,,,,,,,,,,,,,,,,,,,,,,,,,,,,
,,,,,,,,,,,,,,,,,,,,,,,,,,,,,,,,
,,,,,,,,,,,,,,,,,,,,,,,,,,,,,,,,
,,,,,,,,,,,,,,,,,,,,,,,,,,,,,,,,
,,,,,,,,,,,,,,,,,,,,,,,,,,,,,,,,
,,,,,,,,,,,,,,,,,,,,,,,,,,,,,,,,
,,,,,,,,,,,,,,,,,,,,,,,,,,,,,,,,
,,,,,,,,,,,,,,,,,,,,,,,,,,,,,,,,
,,,,,,,,,,,,,,,,,,,,,,,,,,,,,,,,
,,,,,,,,,,,,,,,,,,,,,,,,,,,,,,,,
,,,,,,,,,,,,,,,,,,,,,,,,,,,,,,,,
,,,,,,,,,,,,,,,,,,,,,,,,,,,,,,,,
,,,,,,,,,,,,,,,,,,,,,,,,,,,,,,,,
,,,,,,,,,,,,,,,,,,,,,,,,,,,,,,,,
,,,,,,,,,,,,,,,,,,,,,,,,,,,,,,,,
,,,,,,,,,,,,,,,,,,,,,,,,,,,,,,,,
,,,,,,,,,,,,,,,,,,,,,,,,,,,,,,,,
,,,,,,,,,,,,,,,,,,,,,,,,,,,,,,,,
,,,,,,,,,,,,,,,,,,,,,,,,,,,,,,,,
,,,,,,,,,,,,,,,,,,,,,,,,,,,,,,,,
,,,,,,,,,,,,,,,,,,,,,,,,,,,,,,,,
,,,,,,,,,,,,,,,,,,,,,,,,,,,,,,,,
,,,,,,,,,,,,,,,,,,,,,,,,,,,,,,,,
,,,,,,,,,,,,,,,,,,,,,,,,,,,,,,,,
,,,,,,,,,,,,,,,,,,,,,,,,,,,,,,,,
,,,,,,,,,,,,,,,,,,,,,,,,,,,,,,,,
,,,,,,,,,,,,,,,,,,,,,,,,,,,,,,,,
,,,,,,,,,,,,,,,,,,,,,,,,,,,,,,,,
,,,,,,,,,,,,,,,,,,,,,,,,,,,,,,,,
,,,,,,,,,,,,,,,,,,,,,,,,,,,,,,,,
,,,,,,,,,,,,,,,,,,,,,,,,,,,,,,,,
,,,,,,,,,,,,,,,,,,,,,,,,,,,,,,,,
,,,,,,,,,,,,,,,,,,,,,,,,,,,,,,,,
,,,,,,,,,,,,,,,,,,,,,,,,,,,,,,,,
,,,,,,,,,,,,,,,,,,,,,,,,,,,,,,,,
,,,,,,,,,,,,,,,,,,,,,,,,,,,,,,,,
,,,,,,,,,,,,,,,,,,,,,,,,,,,,,,,,
,,,,,,,,,,,,,,,,,,,,,,,,,,,,,,,,
,,,,,,,,,,,,,,,,,,,,,,,,,,,,,,,,
,,,,,,,,,,,,,,,,,,,,,,,,,,,,,,,,
,,,,,,,,,,,,,,,,,,,,,,,,,,,,,,,,
,,,,,,,,,,,,,,,,,,,,,,,,,,,,,,,,
,,,,,,,,,,,,,,,,,,,,,,,,,,,,,,,,
,,,,,,,,,,,,,,,,,,,,,,,,,,,,,,,,
,,,,,,,,,,,,,,,,,,,,,,,,,,,,,,,,
,,,,,,,,,,,,,,,,,,,,,,,,,,,,,,,,
,,,,,,,,,,,,,,,,,,,,,,,,,,,,,,,,
,,,,,,,,,,,,,,,,,,,,,,,,,,,,,,,,
,,,,,,,,,,,,,,,,,,,,,,,,,,,,,,,,
,,,,,,,,,,,,,,,,,,,,,,,,,,,,,,,,
,,,,,,,,,,,,,,,,,,,,,,,,,,,,,,,,
,,,,,,,,,,,,,,,,,,,,,,,,,,,,,,,,
,,,,,,,,,,,,,,,,,,,,,,,,,,,,,,,,
,,,,,,,,,,,,,,,,,,,,,,,,,,,,,,,,
,,,,,,,,,,,,,,,,,,,,,,,,,,,,,,,,
,,,,,,,,,,,,,,,,,,,,,,,,,,,,,,,,
,,,,,,,,,,,,,,,,,,,,,,,,,,,,,,,,
,,,,,,,,,,,,,,,,,,,,,,,,,,,,,,,,
,,,,,,,,,,,,,,,,,,,,,,,,,,,,,,,,
,,,,,,,,,,,,,,,,,,,,,,,,,,,,,,,,
,,,,,,,,,,,,,,,,,,,,,,,,,,,,,,,,
,,,,,,,,,,,,,,,,,,,,,,,,,,,,,,,,
,,,,,,,,,,,,,,,,,,,,,,,,,,,,,,,,
,,,,,,,,,,,,,,,,,,,,,,,,,,,,,,,,
,,,,,,,,,,,,,,,,,,,,,,,,,,,,,,,,
,,,,,,,,,,,,,,,,,,,,,,,,,,,,,,,,
,,,,,,,,,,,,,,,,,,,,,,,,,,,,,,,,
,,,,,,,,,,,,,,,,,,,,,,,,,,,,,,,,
,,,,,,,,,,,,,,,,,,,,,,,,,,,,,,,,
,,,,,,,,,,,,,,,,,,,,,,,,,,,,,,,,
,,,,,,,,,,,,,,,,,,,,,,,,,,,,,,,,
,,,,,,,,,,,,,,,,,,,,,,,,,,,,,,,,
,,,,,,,,,,,,,,,,,,,,,,,,,,,,,,,,
,,,,,,,,,,,,,,,,,,,,,,,,,,,,,,,,
,,,,,,,,,,,,,,,,,,,,,,,,,,,,,,,,
,,,,,,,,,,,,,,,,,,,,,,,,,,,,,,,,
,,,,,,,,,,,,,,,,,,,,,,,,,,,,,,,,
,,,,,,,,,,,,,,,,,,,,,,,,,,,,,,,,
,,,,,,,,,,,,,,,,,,,,,,,,,,,,,,,,