Part_ID,Cohort,Session,Group,Grade,Age,Months_at_Start,AoA_SPA,AoA_ENG,SPA_Use,SPA_Contexts,ENG_Contexts,Langs,BESA_Score,Home_Lang_Group,HL_DOM,HL_Gender,HL_Subj,Task,Item,Accuracy,Accuracy_Clit_Gen,Accuracy_Clit_Num,Accuracy_DP_Gen,Accuracy_DP_Num,Questions,Initial_Response,Error_Type,Structure,Gender,Number,Verb,Verb_Freq,Verb_Type,Speaker_Group,Age_Group,Timing,Interface,Contexts,Study_Age,Months_at_Testing,Testing_Year,Accuracy_Combined,SPA_Pct,Verb_Freq_Std,BESA_Std,Months_at_Start_Ctd,Months_at_Testing_Ctd
H01,1,1,L2L 4th/5th,5,NA,129,NA,NA,NA,1,5,NA,3,L2 learner,L2,L2,L2,Production,Prod-05,0,NA,NA,NA,NA,NA,comer,Infinitive,Clitics,Feminine,Singular,NA,NA,NA,L2L,4th/5th,Late,Yes,6,0,129,2023,NA,0.16666666666666666,NA,NA,0.03518406576857845,-0.21334359689483645
H01,1,1,L2L 4th/5th,5,NA,129,NA,NA,NA,1,5,NA,3,L2 learner,L2,L2,L2,Production,Prod-15,NA,NA,NA,NA,NA,NA,los niños poner los libros en la mesa,DP,Clitics,Masculine,Plural,NA,NA,NA,L2L,4th/5th,Late,Yes,6,0,129,2023,NA,0.16666666666666666,NA,NA,0.03518406576857845,-0.21334359689483645
H02,1,1,L2L 7th/8th,8,NA,175,NA,NA,NA,2,4,NA,8,L2 learner,L2,L2,L2,Production,Prod-03,1,1,1,NA,NA,NA,rompiéndolo,NA,Clitics,Masculine,Singular,NA,NA,NA,L2L,7th/8th,Late,Yes,6,0,175,2023,1,0.3333333333333333,NA,NA,1.7968088432734572,1.4118875743477124
H02,1,1,L2L 7th/8th,8,NA,175,NA,NA,NA,2,4,NA,8,L2 learner,L2,L2,L2,Production,Prod-05,1,1,1,NA,NA,NA,comerla,NA,Clitics,Feminine,Singular,NA,NA,NA,L2L,7th/8th,Late,Yes,6,0,175,2023,1,0.3333333333333333,NA,NA,1.7968088432734572,1.4118875743477124
H02,1,1,L2L 7th/8th,8,NA,175,NA,NA,NA,2,4,NA,8,L2 learner,L2,L2,L2,Production,Prod-07,NA,NA,NA,NA,NA,NA,están contando,Omission,Clitics,Masculine,Plural,NA,NA,NA,L2L,7th/8th,Late,Yes,6,0,175,2023,NA,0.3333333333333333,NA,NA,1.7968088432734572,1.4118875743477124
H02,1,1,L2L 7th/8th,8,NA,175,NA,NA,NA,2,4,NA,8,L2 learner,L2,L2,L2,Production,Prod-09,1,1,1,NA,NA,NA,quitándolas,NA,Clitics,Feminine,Plural,NA,NA,NA,L2L,7th/8th,Late,Yes,6,0,175,2023,1,0.3333333333333333,NA,NA,1.7968088432734572,1.4118875743477124
H02,1,1,L2L 7th/8th,8,NA,175,NA,NA,NA,2,4,NA,8,L2 learner,L2,L2,L2,Production,Prod-15,NA,NA,NA,NA,NA,NA,NA,NO RESPONSE,Clitics,Masculine,Plural,NA,NA,NA,L2L,7th/8th,Late,Yes,6,0,175,2023,NA,0.3333333333333333,NA,NA,1.7968088432734572,1.4118875743477124
H02,1,1,L2L 7th/8th,8,NA,175,NA,NA,NA,2,4,NA,8,L2 learner,L2,L2,L2,Production,Prod-23,NA,NA,NA,NA,NA,NA,ponga,Omission,Clitics,Masculine,Plural,NA,NA,NA,L2L,7th/8th,Late,Yes,6,0,175,2023,NA,0.3333333333333333,NA,NA,1.7968088432734572,1.4118875743477124
H03,1,1,L2L 7th/8th,8,14,170,NA,NA,NA,2,4,3,8,Portuguese,No,Yes,Yes,Production,Prod-03,NA,NA,NA,NA,NA,Se,se usan cosa muy dura,DP,Clitics,Masculine,Singular,NA,NA,NA,L2L,7th/8th,Late,Yes,6,0,170,2023,NA,0.3333333333333333,NA,NA,1.6053278891968399,1.2352320122561309
H03,1,1,L2L 7th/8th,8,14,170,NA,NA,NA,2,4,3,8,Portuguese,No,Yes,Yes,Production,Prod-05,NA,NA,NA,NA,NA,NA,están comiendo,Omission,Clitics,Feminine,Singular,NA,NA,NA,L2L,7th/8th,Late,Yes,6,0,170,2023,NA,0.3333333333333333,NA,NA,1.6053278891968399,1.2352320122561309
H03,1,1,L2L 7th/8th,8,14,170,NA,NA,NA,2,4,3,8,Portuguese,No,Yes,Yes,Production,Prod-07,NA,NA,NA,NA,NA,NA,están contando,Omission,Clitics,Masculine,Plural,NA,NA,NA,L2L,7th/8th,Late,Yes,6,0,170,2023,NA,0.3333333333333333,NA,NA,1.6053278891968399,1.2352320122561309
H03,1,1,L2L 7th/8th,8,14,170,NA,NA,NA,2,4,3,8,Portuguese,No,Yes,Yes,Production,Prod-09,NA,NA,NA,NA,NA,NA,están quitando,Omission,Clitics,Feminine,Plural,NA,NA,NA,L2L,7th/8th,Late,Yes,6,0,170,2023,NA,0.3333333333333333,NA,NA,1.6053278891968399,1.2352320122561309
H03,1,1,L2L 7th/8th,8,14,170,NA,NA,NA,2,4,3,8,Portuguese,No,Yes,Yes,Production,Prod-13,NA,NA,NA,NA,NA,NA,están escuchando,Omission,Clitics,Feminine,Singular,NA,NA,NA,L2L,7th/8th,Late,Yes,6,0,170,2023,NA,0.3333333333333333,NA,NA,1.6053278891968399,1.2352320122561309
H03,1,1,L2L 7th/8th,8,14,170,NA,NA,NA,2,4,3,8,Portuguese,No,Yes,Yes,Production,Prod-25,NA,NA,NA,NA,NA,SUBJ,pongan la mesa,DP,Clitics,Feminine,Plural,NA,NA,NA,L2L,7th/8th,Late,Yes,6,0,170,2023,NA,0.3333333333333333,NA,NA,1.6053278891968399,1.2352320122561309
H04,1,1,L2L 7th/8th,8,NA,166,NA,NA,NA,1,4,NA,8,L2 learner,L2,L2,L2,Production,Prod-03,1,1,1,NA,NA,NA,lo van romper,NA,Clitics,Masculine,Singular,NA,NA,NA,L2L,7th/8th,Late,Yes,5,0,166,2023,1,0.2,NA,NA,1.4521431259355462,1.0939075625828658
H04,1,1,L2L 7th/8th,8,NA,166,NA,NA,NA,1,4,NA,8,L2 learner,L2,L2,L2,Production,Prod-05,0,0,0,NA,NA,NA,comerlos,Gender/Number,Clitics,Feminine,Singular,NA,NA,NA,L2L,7th/8th,Late,Yes,5,0,166,2023,0,0.2,NA,NA,1.4521431259355462,1.0939075625828658
H04,1,1,L2L 7th/8th,8,NA,166,NA,NA,NA,1,4,NA,8,L2 learner,L2,L2,L2,Production,Prod-07,1,1,1,NA,NA,NA,decirlos,NA,Clitics,Masculine,Plural,NA,NA,NA,L2L,7th/8th,Late,Yes,5,0,166,2023,1,0.2,NA,NA,1.4521431259355462,1.0939075625828658
H04,1,1,L2L 7th/8th,8,NA,166,NA,NA,NA,1,4,NA,8,L2 learner,L2,L2,L2,Production,Prod-09,0,0,1,NA,NA,NA,van quitarlos,Gender,Clitics,Feminine,Plural,NA,NA,NA,L2L,7th/8th,Late,Yes,5,0,166,2023,0,0.2,NA,NA,1.4521431259355462,1.0939075625828658
H04,1,1,L2L 7th/8th,8,NA,166,NA,NA,NA,1,4,NA,8,L2 learner,L2,L2,L2,Production,Prod-11,NA,NA,NA,NA,NA,NA,lavar,Omission,Clitics,Masculine,Singular,NA,NA,NA,L2L,7th/8th,Late,Yes,5,0,166,2023,NA,0.2,NA,NA,1.4521431259355462,1.0939075625828658
H04,1,1,L2L 7th/8th,8,NA,166,NA,NA,NA,1,4,NA,8,L2 learner,L2,L2,L2,Production,Prod-15,0,1,1,NA,NA,Changed to 0 -Jen,van a ponerlo en la mesa,Number,Clitics,Masculine,Plural,NA,NA,NA,L2L,7th/8th,Late,Yes,5,0,166,2023,1,0.2,NA,NA,1.4521431259355462,1.0939075625828658
H04,1,1,L2L 7th/8th,8,NA,166,NA,NA,NA,1,4,NA,8,L2 learner,L2,L2,L2,Production,Prod-19,NA,NA,NA,NA,NA,NA,cocinar,Infinitive,Clitics,Masculine,Singular,NA,NA,NA,L2L,7th/8th,Late,Yes,5,0,166,2023,NA,0.2,NA,NA,1.4521431259355462,1.0939075625828658
H04,1,1,L2L 7th/8th,8,NA,166,NA,NA,NA,1,4,NA,8,L2 learner,L2,L2,L2,Production,Prod-23,NA,NA,NA,NA,NA,NA,hacer musica,DP,Clitics,Masculine,Plural,NA,NA,NA,L2L,7th/8th,Late,Yes,5,0,166,2023,NA,0.2,NA,NA,1.4521431259355462,1.0939075625828658
H04,1,1,L2L 7th/8th,8,NA,166,NA,NA,NA,1,4,NA,8,L2 learner,L2,L2,L2,Production,Prod-25,NA,NA,NA,NA,NA,NA,poner las mascarillas,DP,Clitics,Feminine,Plural,NA,NA,NA,L2L,7th/8th,Late,Yes,5,0,166,2023,NA,0.2,NA,NA,1.4521431259355462,1.0939075625828658
H05,1,1,HS 7th/8th,8,NA,174,NA,NA,NA,2,6,NA,8,Heritage Spanish,NA,NA,NA,Production,Prod-03,NA,NA,NA,NA,NA,NA,romper,Omission,Clitics,Masculine,Singular,NA,NA,NA,HS,7th/8th,Late,Yes,8,0,174,2023,NA,0.25,NA,NA,1.7585126524581336,1.376556461929396
H05,1,1,HS 7th/8th,8,NA,174,NA,NA,NA,2,6,NA,8,Heritage Spanish,NA,NA,NA,Production,Prod-05,NA,NA,NA,NA,NA,NA,están comiendo,Omission,Clitics,Feminine,Singular,NA,NA,NA,HS,7th/8th,Late,Yes,8,0,174,2023,NA,0.25,NA,NA,1.7585126524581336,1.376556461929396
H05,1,1,HS 7th/8th,8,NA,174,NA,NA,NA,2,6,NA,8,Heritage Spanish,NA,NA,NA,Production,Prod-07,NA,NA,NA,NA,NA,NA,cuenta los números,DP,Clitics,Masculine,Plural,NA,NA,NA,HS,7th/8th,Late,Yes,8,0,174,2023,NA,0.25,NA,NA,1.7585126524581336,1.376556461929396
H05,1,1,HS 7th/8th,8,NA,174,NA,NA,NA,2,6,NA,8,Heritage Spanish,NA,NA,NA,Production,Prod-11,NA,NA,NA,NA,NA,NA,lavar el perro,DP,Clitics,Masculine,Singular,NA,NA,NA,HS,7th/8th,Late,Yes,8,0,174,2023,NA,0.25,NA,NA,1.7585126524581336,1.376556461929396
H05,1,1,HS 7th/8th,8,NA,174,NA,NA,NA,2,6,NA,8,Heritage Spanish,NA,NA,NA,Production,Prod-13,NA,NA,NA,NA,NA,NA,escuchar la música,DP,Clitics,Feminine,Singular,NA,NA,NA,HS,7th/8th,Late,Yes,8,0,174,2023,NA,0.25,NA,NA,1.7585126524581336,1.376556461929396
H05,1,1,HS 7th/8th,8,NA,174,NA,NA,NA,2,6,NA,8,Heritage Spanish,NA,NA,NA,Production,Prod-21,NA,NA,NA,NA,NA,NA,cierran la puerta,DP,Clitics,Feminine,Singular,NA,NA,NA,HS,7th/8th,Late,Yes,8,0,174,2023,NA,0.25,NA,NA,1.7585126524581336,1.376556461929396
H05,1,1,HS 7th/8th,8,NA,174,NA,NA,NA,2,6,NA,8,Heritage Spanish,NA,NA,NA,Production,Prod-23,NA,NA,NA,NA,NA,NA,jugar la música,DP,Clitics,Masculine,Plural,NA,NA,NA,HS,7th/8th,Late,Yes,8,0,174,2023,NA,0.25,NA,NA,1.7585126524581336,1.376556461929396
H05,1,1,HS 7th/8th,8,NA,174,NA,NA,NA,2,6,NA,8,Heritage Spanish,NA,NA,NA,Production,Prod-25,NA,NA,NA,NA,NA,NA,los niños ponen la mascarillas,DP,Clitics,Feminine,Plural,NA,NA,NA,HS,7th/8th,Late,Yes,8,0,174,2023,NA,0.25,NA,NA,1.7585126524581336,1.376556461929396
H06,1,1,L2L 7th/8th,8,NA,174,NA,NA,NA,2,4,NA,8,L2 learner,L2,L2,L2,Production,Prod-03,1,1,1,NA,NA,NA,lo hacen abrir,NA,Clitics,Masculine,Singular,NA,NA,NA,L2L,7th/8th,Late,Yes,6,0,174,2023,1,0.3333333333333333,NA,NA,1.7585126524581336,1.376556461929396
H06,1,1,L2L 7th/8th,8,NA,174,NA,NA,NA,2,4,NA,8,L2 learner,L2,L2,L2,Production,Prod-05,1,1,1,NA,NA,NA,la comen,NA,Clitics,Feminine,Singular,NA,NA,NA,L2L,7th/8th,Late,Yes,6,0,174,2023,1,0.3333333333333333,NA,NA,1.7585126524581336,1.376556461929396
H06,1,1,L2L 7th/8th,8,NA,174,NA,NA,NA,2,4,NA,8,L2 learner,L2,L2,L2,Production,Prod-07,1,1,1,NA,NA,NA,contarlos,NA,Clitics,Masculine,Plural,NA,NA,NA,L2L,7th/8th,Late,Yes,6,0,174,2023,1,0.3333333333333333,NA,NA,1.7585126524581336,1.376556461929396
H06,1,1,L2L 7th/8th,8,NA,174,NA,NA,NA,2,4,NA,8,L2 learner,L2,L2,L2,Production,Prod-09,NA,NA,NA,NA,NA,NA,dos niñas están sacando,Omission,Clitics,Feminine,Plural,NA,NA,NA,L2L,7th/8th,Late,Yes,6,0,174,2023,NA,0.3333333333333333,NA,NA,1.7585126524581336,1.376556461929396
H06,1,1,L2L 7th/8th,8,NA,174,NA,NA,NA,2,4,NA,8,L2 learner,L2,L2,L2,Production,Prod-11,NA,NA,NA,NA,NA,NA,están lavando,Omission,Clitics,Masculine,Singular,NA,NA,NA,L2L,7th/8th,Late,Yes,6,0,174,2023,NA,0.3333333333333333,NA,NA,1.7585126524581336,1.376556461929396
H06,1,1,L2L 7th/8th,8,NA,174,NA,NA,NA,2,4,NA,8,L2 learner,L2,L2,L2,Production,Prod-13,NA,NA,NA,NA,NA,NA,escuchando,Omission,Clitics,Feminine,Singular,NA,NA,NA,L2L,7th/8th,Late,Yes,6,0,174,2023,NA,0.3333333333333333,NA,NA,1.7585126524581336,1.376556461929396
H06,1,1,L2L 7th/8th,8,NA,174,NA,NA,NA,2,4,NA,8,L2 learner,L2,L2,L2,Production,Prod-15,NA,NA,NA,NA,NA,NA,poniendo en la mesa,Omission,Clitics,Masculine,Plural,NA,NA,NA,L2L,7th/8th,Late,Yes,6,0,174,2023,NA,0.3333333333333333,NA,NA,1.7585126524581336,1.376556461929396
H06,1,1,L2L 7th/8th,8,NA,174,NA,NA,NA,2,4,NA,8,L2 learner,L2,L2,L2,Production,Prod-17,NA,NA,NA,NA,NA,NA,están comiendo,Omission,Clitics,Feminine,Plural,NA,NA,NA,L2L,7th/8th,Late,Yes,6,0,174,2023,NA,0.3333333333333333,NA,NA,1.7585126524581336,1.376556461929396
H06,1,1,L2L 7th/8th,8,NA,174,NA,NA,NA,2,4,NA,8,L2 learner,L2,L2,L2,Production,Prod-19,NA,NA,NA,NA,NA,NA,comer,Omission,Clitics,Masculine,Singular,NA,NA,NA,L2L,7th/8th,Late,Yes,6,0,174,2023,NA,0.3333333333333333,NA,NA,1.7585126524581336,1.376556461929396
H06,1,1,L2L 7th/8th,8,NA,174,NA,NA,NA,2,4,NA,8,L2 learner,L2,L2,L2,Production,Prod-23,0,0,1,NA,NA,NA,ponerlas,NA,Clitics,Masculine,Plural,NA,NA,NA,L2L,7th/8th,Late,Yes,6,0,174,2023,0,0.3333333333333333,NA,NA,1.7585126524581336,1.376556461929396
H07,1,1,HS 7th/8th,8,NA,171,NA,NA,NA,4,4,NA,8,Heritage Spanish,NA,NA,NA,Production,Prod-03,1,1,1,NA,NA,NA,lo están destruyendo,NA,Clitics,Masculine,Singular,NA,NA,NA,HS,7th/8th,Late,Yes,8,0,171,2023,1,0.5,NA,NA,1.6436240800121633,1.270563124674447
H07,1,1,HS 7th/8th,8,NA,171,NA,NA,NA,4,4,NA,8,Heritage Spanish,NA,NA,NA,Production,Prod-05,0,0,1,NA,NA,Changed accuracy to 0 -Jen,lo está comiendo,NA,Clitics,Feminine,Singular,NA,NA,NA,HS,7th/8th,Late,Yes,8,0,171,2023,0,0.5,NA,NA,1.6436240800121633,1.270563124674447
H07,1,1,HS 7th/8th,8,NA,171,NA,NA,NA,4,4,NA,8,Heritage Spanish,NA,NA,NA,Production,Prod-07,1,1,1,NA,NA,NA,los están contando,NA,Clitics,Masculine,Plural,NA,NA,NA,HS,7th/8th,Late,Yes,8,0,171,2023,1,0.5,NA,NA,1.6436240800121633,1.270563124674447
H07,1,1,HS 7th/8th,8,NA,171,NA,NA,NA,4,4,NA,8,Heritage Spanish,NA,NA,NA,Production,Prod-09,0,0,1,NA,NA,NA,los están quitando,Gender,Clitics,Feminine,Plural,NA,NA,NA,HS,7th/8th,Late,Yes,8,0,171,2023,0,0.5,NA,NA,1.6436240800121633,1.270563124674447
H07,1,1,HS 7th/8th,8,NA,171,NA,NA,NA,4,4,NA,8,Heritage Spanish,NA,NA,NA,Production,Prod-11,1,1,1,NA,NA,NA,lo están bañando,NA,Clitics,Masculine,Singular,NA,NA,NA,HS,7th/8th,Late,Yes,8,0,171,2023,1,0.5,NA,NA,1.6436240800121633,1.270563124674447
H07,1,1,HS 7th/8th,8,NA,171,NA,NA,NA,4,4,NA,8,Heritage Spanish,NA,NA,NA,Production,Prod-13,0,0,1,NA,NA,NA,lo están escuchando,Gender,Clitics,Feminine,Singular,NA,NA,NA,HS,7th/8th,Late,Yes,8,0,171,2023,0,0.5,NA,NA,1.6436240800121633,1.270563124674447
H07,1,1,HS 7th/8th,8,NA,171,NA,NA,NA,4,4,NA,8,Heritage Spanish,NA,NA,NA,Production,Prod-15,0,1,0,NA,NA,Changed accuracy to 0-Jen,lo están regresando,NA,Clitics,Masculine,Plural,NA,NA,NA,HS,7th/8th,Late,Yes,8,0,171,2023,1,0.5,NA,NA,1.6436240800121633,1.270563124674447
H07,1,1,HS 7th/8th,8,NA,171,NA,NA,NA,4,4,NA,8,Heritage Spanish,NA,NA,NA,Production,Prod-17,0,0,1,NA,NA,NA,se los comen,NA,Clitics,Feminine,Plural,NA,NA,NA,HS,7th/8th,Late,Yes,8,0,171,2023,0,0.5,NA,NA,1.6436240800121633,1.270563124674447
H07,1,1,HS 7th/8th,8,NA,171,NA,NA,NA,4,4,NA,8,Heritage Spanish,NA,NA,NA,Production,Prod-19,1,1,1,NA,NA,NA,lo están cocinando,NA,Clitics,Masculine,Singular,NA,NA,NA,HS,7th/8th,Late,Yes,8,0,171,2023,1,0.5,NA,NA,1.6436240800121633,1.270563124674447
H07,1,1,HS 7th/8th,8,NA,171,NA,NA,NA,4,4,NA,8,Heritage Spanish,NA,NA,NA,Production,Prod-21,0,0,1,NA,NA,NA,lo cierran,Omission,Clitics,Feminine,Singular,NA,NA,NA,HS,7th/8th,Late,Yes,8,0,171,2023,0,0.5,NA,NA,1.6436240800121633,1.270563124674447
H07,1,1,HS 7th/8th,8,NA,171,NA,NA,NA,4,4,NA,8,Heritage Spanish,NA,NA,NA,Production,Prod-23,NA,NA,NA,NA,NA,NA,están haciendo música,DP,Clitics,Masculine,Plural,NA,NA,NA,HS,7th/8th,Late,Yes,8,0,171,2023,NA,0.5,NA,NA,1.6436240800121633,1.270563124674447
H07,1,1,HS 7th/8th,8,NA,171,NA,NA,NA,4,4,NA,8,Heritage Spanish,NA,NA,NA,Production,Prod-25,1,1,1,NA,NA,NA,se las ponen,NA,Clitics,Feminine,Plural,NA,NA,NA,HS,7th/8th,Late,Yes,8,0,171,2023,1,0.5,NA,NA,1.6436240800121633,1.270563124674447
H08,1,1,L2L 7th/8th,8,NA,168,NA,NA,NA,1,6,NA,8,"Hindi, Mandarin",Yes,Yes,Yes,Production,Prod-03,0,0,0,NA,NA,Changed accuracy to 0-Jen,destruirlas,NA,Clitics,Masculine,Singular,NA,NA,NA,L2L,7th/8th,Late,Yes,7,0,168,2023,0,0.14285714285714285,NA,NA,1.528735507566193,1.1645697874194985
H08,1,1,L2L 7th/8th,8,NA,168,NA,NA,NA,1,6,NA,8,"Hindi, Mandarin",Yes,Yes,Yes,Production,Prod-07,1,1,1,NA,NA,NA,los están contando,NA,Clitics,Masculine,Plural,NA,NA,NA,L2L,7th/8th,Late,Yes,7,0,168,2023,1,0.14285714285714285,NA,NA,1.528735507566193,1.1645697874194985
H08,1,1,L2L 7th/8th,8,NA,168,NA,NA,NA,1,6,NA,8,"Hindi, Mandarin",Yes,Yes,Yes,Production,Prod-09,NA,NA,NA,NA,NA,NA,quitando sus chaquetas,DP,Clitics,Feminine,Plural,NA,NA,NA,L2L,7th/8th,Late,Yes,7,0,168,2023,NA,0.14285714285714285,NA,NA,1.528735507566193,1.1645697874194985
H08,1,1,L2L 7th/8th,8,NA,168,NA,NA,NA,1,6,NA,8,"Hindi, Mandarin",Yes,Yes,Yes,Production,Prod-11,NA,NA,NA,NA,NA,NA,limpiando y lavando,Omission,Clitics,Masculine,Singular,NA,NA,NA,L2L,7th/8th,Late,Yes,7,0,168,2023,NA,0.14285714285714285,NA,NA,1.528735507566193,1.1645697874194985
H08,1,1,L2L 7th/8th,8,NA,168,NA,NA,NA,1,6,NA,8,"Hindi, Mandarin",Yes,Yes,Yes,Production,Prod-15,NA,NA,NA,NA,NA,NA,ponen sus libros en el,DP,Clitics,Masculine,Plural,NA,NA,NA,L2L,7th/8th,Late,Yes,7,0,168,2023,NA,0.14285714285714285,NA,NA,1.528735507566193,1.1645697874194985
H08,1,1,L2L 7th/8th,8,NA,168,NA,NA,NA,1,6,NA,8,"Hindi, Mandarin",Yes,Yes,Yes,Production,Prod-17,NA,NA,NA,NA,NA,NA,comiendo,Omission,Clitics,Feminine,Plural,NA,NA,NA,L2L,7th/8th,Late,Yes,7,0,168,2023,NA,0.14285714285714285,NA,NA,1.528735507566193,1.1645697874194985
H08,1,1,L2L 7th/8th,8,NA,168,NA,NA,NA,1,6,NA,8,"Hindi, Mandarin",Yes,Yes,Yes,Production,Prod-19,NA,NA,NA,NA,NA,NA,están cocinando,Omission,Clitics,Masculine,Singular,NA,NA,NA,L2L,7th/8th,Late,Yes,7,0,168,2023,NA,0.14285714285714285,NA,NA,1.528735507566193,1.1645697874194985
H08,1,1,L2L 7th/8th,8,NA,168,NA,NA,NA,1,6,NA,8,"Hindi, Mandarin",Yes,Yes,Yes,Production,Prod-21,NA,NA,NA,NA,NA,NA,cequen (?),Other,Clitics,Feminine,Singular,NA,NA,NA,L2L,7th/8th,Late,Yes,7,0,168,2023,NA,0.14285714285714285,NA,NA,1.528735507566193,1.1645697874194985
H09,1,1,L2L 7th/8th,8,NA,168,NA,NA,NA,1,4,NA,7,L2 learner,L2,L2,L2,Production,Prod-03,NA,NA,NA,NA,NA,Se,se rompe,NA,Clitics,Masculine,Singular,NA,NA,NA,L2L,7th/8th,Late,Yes,5,0,168,2023,NA,0.2,NA,NA,1.528735507566193,1.1645697874194985
H09,1,1,L2L 7th/8th,8,NA,168,NA,NA,NA,1,4,NA,7,L2 learner,L2,L2,L2,Production,Prod-05,NA,NA,NA,NA,NA,NA,contando y comiendo,Omission,Clitics,Feminine,Singular,NA,NA,NA,L2L,7th/8th,Late,Yes,5,0,168,2023,NA,0.2,NA,NA,1.528735507566193,1.1645697874194985
H09,1,1,L2L 7th/8th,8,NA,168,NA,NA,NA,1,4,NA,7,L2 learner,L2,L2,L2,Production,Prod-07,NA,NA,NA,NA,NA,NA,están contando,Omission,Clitics,Masculine,Plural,NA,NA,NA,L2L,7th/8th,Late,Yes,5,0,168,2023,NA,0.2,NA,NA,1.528735507566193,1.1645697874194985
H09,1,1,L2L 7th/8th,8,NA,168,NA,NA,NA,1,4,NA,7,L2 learner,L2,L2,L2,Production,Prod-09,NA,NA,NA,NA,NA,NA,las dos niñas quiten,Omission,Clitics,Feminine,Plural,NA,NA,NA,L2L,7th/8th,Late,Yes,5,0,168,2023,NA,0.2,NA,NA,1.528735507566193,1.1645697874194985
H09,1,1,L2L 7th/8th,8,NA,168,NA,NA,NA,1,4,NA,7,L2 learner,L2,L2,L2,Production,Prod-11,NA,NA,NA,NA,NA,NA,lavando perro,DP,Clitics,Masculine,Singular,NA,NA,NA,L2L,7th/8th,Late,Yes,5,0,168,2023,NA,0.2,NA,NA,1.528735507566193,1.1645697874194985
H09,1,1,L2L 7th/8th,8,NA,168,NA,NA,NA,1,4,NA,7,L2 learner,L2,L2,L2,Production,Prod-13,NA,NA,NA,NA,NA,NA,está escuchando,Omission,Clitics,Feminine,Singular,NA,NA,NA,L2L,7th/8th,Late,Yes,5,0,168,2023,NA,0.2,NA,NA,1.528735507566193,1.1645697874194985
H09,1,1,L2L 7th/8th,8,NA,168,NA,NA,NA,1,4,NA,7,L2 learner,L2,L2,L2,Production,Prod-15,NA,NA,NA,NA,NA,NA,ponen libros,Regular verb,Clitics,Masculine,Plural,NA,NA,NA,L2L,7th/8th,Late,Yes,5,0,168,2023,NA,0.2,NA,NA,1.528735507566193,1.1645697874194985
H09,1,1,L2L 7th/8th,8,NA,168,NA,NA,NA,1,4,NA,7,L2 learner,L2,L2,L2,Production,Prod-17,NA,NA,NA,NA,NA,NA,están comiendo,DP,Clitics,Feminine,Plural,NA,NA,NA,L2L,7th/8th,Late,Yes,5,0,168,2023,NA,0.2,NA,NA,1.528735507566193,1.1645697874194985
H09,1,1,L2L 7th/8th,8,NA,168,NA,NA,NA,1,4,NA,7,L2 learner,L2,L2,L2,Production,Prod-19,NA,NA,NA,NA,NA,NA,está cocinando,Omission,Clitics,Masculine,Singular,NA,NA,NA,L2L,7th/8th,Late,Yes,5,0,168,2023,NA,0.2,NA,NA,1.528735507566193,1.1645697874194985
H09,1,1,L2L 7th/8th,8,NA,168,NA,NA,NA,1,4,NA,7,L2 learner,L2,L2,L2,Production,Prod-21,NA,NA,NA,NA,NA,NA,cierran,Omission,Clitics,Feminine,Singular,NA,NA,NA,L2L,7th/8th,Late,Yes,5,0,168,2023,NA,0.2,NA,NA,1.528735507566193,1.1645697874194985
H09,1,1,L2L 7th/8th,8,NA,168,NA,NA,NA,1,4,NA,7,L2 learner,L2,L2,L2,Production,Prod-23,NA,NA,NA,NA,NA,NA,jugar,Omission,Clitics,Masculine,Plural,NA,NA,NA,L2L,7th/8th,Late,Yes,5,0,168,2023,NA,0.2,NA,NA,1.528735507566193,1.1645697874194985
H09,1,1,L2L 7th/8th,8,NA,168,NA,NA,NA,1,4,NA,7,L2 learner,L2,L2,L2,Production,Prod-25,NA,NA,NA,NA,NA,Extra subj,ponga,Omission,Clitics,Feminine,Plural,NA,NA,NA,L2L,7th/8th,Late,Yes,5,0,168,2023,NA,0.2,NA,NA,1.528735507566193,1.1645697874194985
H10,1,1,L2L 7th/8th,8,NA,173,NA,NA,NA,2,4,3,8,Russian,No,Yes,Yes,Production,Prod-07,NA,NA,NA,NA,NA,NA,están contando,Omission,Clitics,Masculine,Plural,NA,NA,NA,L2L,7th/8th,Late,Yes,6,0,173,2023,NA,0.3333333333333333,NA,NA,1.7202164616428102,1.3412253495110797
H10,1,1,L2L 7th/8th,8,NA,173,NA,NA,NA,2,4,3,8,Russian,No,Yes,Yes,Production,Prod-09,0,0,1,NA,NA,NA,están quitándolos,Masculine,Clitics,Feminine,Plural,NA,NA,NA,L2L,7th/8th,Late,Yes,6,0,173,2023,0,0.3333333333333333,NA,NA,1.7202164616428102,1.3412253495110797
H10,1,1,L2L 7th/8th,8,NA,173,NA,NA,NA,2,4,3,8,Russian,No,Yes,Yes,Production,Prod-11,NA,NA,NA,NA,NA,NA,están lavando,Omission,Clitics,Masculine,Singular,NA,NA,NA,L2L,7th/8th,Late,Yes,6,0,173,2023,NA,0.3333333333333333,NA,NA,1.7202164616428102,1.3412253495110797
H10,1,1,L2L 7th/8th,8,NA,173,NA,NA,NA,2,4,3,8,Russian,No,Yes,Yes,Production,Prod-13,NA,NA,NA,NA,NA,NA,están escuchando la música,DP,Clitics,Feminine,Singular,NA,NA,NA,L2L,7th/8th,Late,Yes,6,0,173,2023,NA,0.3333333333333333,NA,NA,1.7202164616428102,1.3412253495110797
H10,1,1,L2L 7th/8th,8,NA,173,NA,NA,NA,2,4,3,8,Russian,No,Yes,Yes,Production,Prod-15,1,1,1,NA,NA,NA,los ponen en una mesa,NA,Clitics,Masculine,Plural,NA,NA,NA,L2L,7th/8th,Late,Yes,6,0,173,2023,1,0.3333333333333333,NA,NA,1.7202164616428102,1.3412253495110797
H10,1,1,L2L 7th/8th,8,NA,173,NA,NA,NA,2,4,3,8,Russian,No,Yes,Yes,Production,Prod-19,NA,NA,NA,NA,NA,NA,está cocinando,Omission,Clitics,Masculine,Singular,NA,NA,NA,L2L,7th/8th,Late,Yes,6,0,173,2023,NA,0.3333333333333333,NA,NA,1.7202164616428102,1.3412253495110797
H10,1,1,L2L 7th/8th,8,NA,173,NA,NA,NA,2,4,3,8,Russian,No,Yes,Yes,Production,Prod-23,1,1,1,NA,NA,NA,están tocando los,NA,Clitics,Masculine,Plural,NA,NA,NA,L2L,7th/8th,Late,Yes,6,0,173,2023,1,0.3333333333333333,NA,NA,1.7202164616428102,1.3412253495110797
H10,1,1,L2L 7th/8th,8,NA,173,NA,NA,NA,2,4,3,8,Russian,No,Yes,Yes,Production,Prod-25,1,1,1,NA,NA,NA,las ponen en su cara,NA,Clitics,Feminine,Plural,NA,NA,NA,L2L,7th/8th,Late,Yes,6,0,173,2023,1,0.3333333333333333,NA,NA,1.7202164616428102,1.3412253495110797
H11,1,1,L2L 7th/8th,8,NA,173,NA,NA,NA,2,4,3,8,Russian,No,Yes,Yes,Production,Prod-03,1,1,1,NA,NA,NA,lo rompe,NA,Clitics,Masculine,Singular,NA,NA,NA,L2L,7th/8th,Late,Yes,6,0,173,2023,1,0.3333333333333333,NA,NA,1.7202164616428102,1.3412253495110797
H11,1,1,L2L 7th/8th,8,NA,173,NA,NA,NA,2,4,3,8,Russian,No,Yes,Yes,Production,Prod-05,NA,NA,NA,NA,NA,NA,están comiendo,Omission,Clitics,Feminine,Singular,NA,NA,NA,L2L,7th/8th,Late,Yes,6,0,173,2023,NA,0.3333333333333333,NA,NA,1.7202164616428102,1.3412253495110797
H11,1,1,L2L 7th/8th,8,NA,173,NA,NA,NA,2,4,3,8,Russian,No,Yes,Yes,Production,Prod-07,1,1,1,NA,NA,NA,los están contando,NA,Clitics,Masculine,Plural,NA,NA,NA,L2L,7th/8th,Late,Yes,6,0,173,2023,1,0.3333333333333333,NA,NA,1.7202164616428102,1.3412253495110797
H11,1,1,L2L 7th/8th,8,NA,173,NA,NA,NA,2,4,3,8,Russian,No,Yes,Yes,Production,Prod-09,1,1,1,NA,NA,NA,las están tomado,NA,Clitics,Feminine,Plural,NA,NA,NA,L2L,7th/8th,Late,Yes,6,0,173,2023,1,0.3333333333333333,NA,NA,1.7202164616428102,1.3412253495110797
H11,1,1,L2L 7th/8th,8,NA,173,NA,NA,NA,2,4,3,8,Russian,No,Yes,Yes,Production,Prod-11,NA,NA,NA,NA,NA,NA,están bañando,Omission,Clitics,Masculine,Singular,NA,NA,NA,L2L,7th/8th,Late,Yes,6,0,173,2023,NA,0.3333333333333333,NA,NA,1.7202164616428102,1.3412253495110797
H11,1,1,L2L 7th/8th,8,NA,173,NA,NA,NA,2,4,3,8,Russian,No,Yes,Yes,Production,Prod-15,1,1,1,NA,NA,NA,los están poniendo,NA,Clitics,Masculine,Plural,NA,NA,NA,L2L,7th/8th,Late,Yes,6,0,173,2023,1,0.3333333333333333,NA,NA,1.7202164616428102,1.3412253495110797
H11,1,1,L2L 7th/8th,8,NA,173,NA,NA,NA,2,4,3,8,Russian,No,Yes,Yes,Production,Prod-19,NA,NA,NA,NA,NA,NA,están cocinando,Omission,Clitics,Masculine,Singular,NA,NA,NA,L2L,7th/8th,Late,Yes,6,0,173,2023,NA,0.3333333333333333,NA,NA,1.7202164616428102,1.3412253495110797
H11,1,1,L2L 7th/8th,8,NA,173,NA,NA,NA,2,4,3,8,Russian,No,Yes,Yes,Production,Prod-21,NA,NA,NA,NA,NA,NA,cierran la puerta,DP,Clitics,Feminine,Singular,NA,NA,NA,L2L,7th/8th,Late,Yes,6,0,173,2023,NA,0.3333333333333333,NA,NA,1.7202164616428102,1.3412253495110797
H11,1,1,L2L 7th/8th,8,NA,173,NA,NA,NA,2,4,3,8,Russian,No,Yes,Yes,Production,Prod-23,NA,NA,NA,NA,NA,NA,está jugando música,DP,Clitics,Masculine,Plural,NA,NA,NA,L2L,7th/8th,Late,Yes,6,0,173,2023,NA,0.3333333333333333,NA,NA,1.7202164616428102,1.3412253495110797
H11,1,1,L2L 7th/8th,8,NA,173,NA,NA,NA,2,4,3,8,Russian,No,Yes,Yes,Production,Prod-25,NA,NA,NA,NA,NA,NA,se ponen las mascarillas,DP,Clitics,Feminine,Plural,NA,NA,NA,L2L,7th/8th,Late,Yes,6,0,173,2023,NA,0.3333333333333333,NA,NA,1.7202164616428102,1.3412253495110797
H12,1,1,L2L 7th/8th,8,NA,174,NA,NA,NA,2,2,NA,5,L2 learner,L2,L2,L2,Production,Prod-03,NA,NA,NA,NA,NA,NA,están,Omission,Clitics,Masculine,Singular,NA,NA,NA,L2L,7th/8th,Late,Yes,4,0,174,2023,NA,0.5,NA,NA,1.7585126524581336,1.376556461929396
H12,1,1,L2L 7th/8th,8,NA,174,NA,NA,NA,2,2,NA,5,L2 learner,L2,L2,L2,Production,Prod-05,NA,NA,NA,NA,NA,NA,estás comiendo,Omission,Clitics,Feminine,Singular,NA,NA,NA,L2L,7th/8th,Late,Yes,4,0,174,2023,NA,0.5,NA,NA,1.7585126524581336,1.376556461929396
H12,1,1,L2L 7th/8th,8,NA,174,NA,NA,NA,2,2,NA,5,L2 learner,L2,L2,L2,Production,Prod-07,NA,NA,NA,NA,NA,NA,estás ver números,DP,Clitics,Masculine,Plural,NA,NA,NA,L2L,7th/8th,Late,Yes,4,0,174,2023,NA,0.5,NA,NA,1.7585126524581336,1.376556461929396
H12,1,1,L2L 7th/8th,8,NA,174,NA,NA,NA,2,2,NA,5,L2 learner,L2,L2,L2,Production,Prod-09,NA,NA,NA,NA,NA,NA,sacar,Omission,Clitics,Feminine,Plural,NA,NA,NA,L2L,7th/8th,Late,Yes,4,0,174,2023,NA,0.5,NA,NA,1.7585126524581336,1.376556461929396
H12,1,1,L2L 7th/8th,8,NA,174,NA,NA,NA,2,2,NA,5,L2 learner,L2,L2,L2,Production,Prod-11,NA,NA,NA,NA,NA,NA,estas,Omission,Clitics,Masculine,Singular,NA,NA,NA,L2L,7th/8th,Late,Yes,4,0,174,2023,NA,0.5,NA,NA,1.7585126524581336,1.376556461929396
H12,1,1,L2L 7th/8th,8,NA,174,NA,NA,NA,2,2,NA,5,L2 learner,L2,L2,L2,Production,Prod-13,NA,NA,NA,NA,NA,NA,escuchando,Omission,Clitics,Feminine,Singular,NA,NA,NA,L2L,7th/8th,Late,Yes,4,0,174,2023,NA,0.5,NA,NA,1.7585126524581336,1.376556461929396
H12,1,1,L2L 7th/8th,8,NA,174,NA,NA,NA,2,2,NA,5,L2 learner,L2,L2,L2,Production,Prod-17,NA,NA,NA,NA,NA,NA,estás comiendo,Omission,Clitics,Feminine,Plural,NA,NA,NA,L2L,7th/8th,Late,Yes,4,0,174,2023,NA,0.5,NA,NA,1.7585126524581336,1.376556461929396
H12,1,1,L2L 7th/8th,8,NA,174,NA,NA,NA,2,2,NA,5,L2 learner,L2,L2,L2,Production,Prod-19,NA,NA,NA,NA,NA,NA,están cocinando,Omission,Clitics,Masculine,Singular,NA,NA,NA,L2L,7th/8th,Late,Yes,4,0,174,2023,NA,0.5,NA,NA,1.7585126524581336,1.376556461929396
H12,1,1,L2L 7th/8th,8,NA,174,NA,NA,NA,2,2,NA,5,L2 learner,L2,L2,L2,Production,Prod-21,NA,NA,NA,NA,NA,NA,cerrar,Omission,Clitics,Feminine,Singular,NA,NA,NA,L2L,7th/8th,Late,Yes,4,0,174,2023,NA,0.5,NA,NA,1.7585126524581336,1.376556461929396
H12,1,1,L2L 7th/8th,8,NA,174,NA,NA,NA,2,2,NA,5,L2 learner,L2,L2,L2,Production,Prod-23,0,NA,NA,NA,NA,NA,usando para música,DP,Clitics,Masculine,Plural,NA,NA,NA,L2L,7th/8th,Late,Yes,4,0,174,2023,NA,0.5,NA,NA,1.7585126524581336,1.376556461929396
H12,1,1,L2L 7th/8th,8,NA,174,NA,NA,NA,2,2,NA,5,L2 learner,L2,L2,L2,Production,Prod-25,NA,NA,NA,NA,NA,NA,poniendo en el cara,DP,Clitics,Feminine,Plural,NA,NA,NA,L2L,7th/8th,Late,Yes,4,0,174,2023,NA,0.5,NA,NA,1.7585126524581336,1.376556461929396
H13,1,1,L2L 7th/8th,8,NA,173,NA,NA,NA,3,4,NA,8,"Bulgarian, Russian",No,Yes,Yes,Production,Prod-03,1,1,1,NA,NA,NA,lo rompen,NA,Clitics,Masculine,Singular,NA,NA,NA,L2L,7th/8th,Late,Yes,7,0,173,2023,1,0.42857142857142855,NA,NA,1.7202164616428102,1.3412253495110797
H13,1,1,L2L 7th/8th,8,NA,173,NA,NA,NA,3,4,NA,8,"Bulgarian, Russian",No,Yes,Yes,Production,Prod-05,1,1,1,NA,NA,NA,la están cortando,NA,Clitics,Feminine,Singular,NA,NA,NA,L2L,7th/8th,Late,Yes,7,0,173,2023,1,0.42857142857142855,NA,NA,1.7202164616428102,1.3412253495110797
H13,1,1,L2L 7th/8th,8,NA,173,NA,NA,NA,3,4,NA,8,"Bulgarian, Russian",No,Yes,Yes,Production,Prod-07,1,1,1,NA,NA,NA,los cuentan,NA,Clitics,Masculine,Plural,NA,NA,NA,L2L,7th/8th,Late,Yes,7,0,173,2023,1,0.42857142857142855,NA,NA,1.7202164616428102,1.3412253495110797
H13,1,1,L2L 7th/8th,8,NA,173,NA,NA,NA,3,4,NA,8,"Bulgarian, Russian",No,Yes,Yes,Production,Prod-09,1,1,1,NA,NA,Eng verb,las q take it off,NA,Clitics,Feminine,Plural,NA,NA,NA,L2L,7th/8th,Late,Yes,7,0,173,2023,1,0.42857142857142855,NA,NA,1.7202164616428102,1.3412253495110797
H13,1,1,L2L 7th/8th,8,NA,173,NA,NA,NA,3,4,NA,8,"Bulgarian, Russian",No,Yes,Yes,Production,Prod-11,0,0,1,NA,NA,NA,la bañan,Gender,Clitics,Masculine,Singular,NA,NA,NA,L2L,7th/8th,Late,Yes,7,0,173,2023,0,0.42857142857142855,NA,NA,1.7202164616428102,1.3412253495110797
H13,1,1,L2L 7th/8th,8,NA,173,NA,NA,NA,3,4,NA,8,"Bulgarian, Russian",No,Yes,Yes,Production,Prod-13,1,1,1,NA,NA,NA,la escuchan,NA,Clitics,Feminine,Singular,NA,NA,NA,L2L,7th/8th,Late,Yes,7,0,173,2023,1,0.42857142857142855,NA,NA,1.7202164616428102,1.3412253495110797
H13,1,1,L2L 7th/8th,8,NA,173,NA,NA,NA,3,4,NA,8,"Bulgarian, Russian",No,Yes,Yes,Production,Prod-15,1,1,1,NA,NA,NA,los ponen en la mesa,NA,Clitics,Masculine,Plural,NA,NA,NA,L2L,7th/8th,Late,Yes,7,0,173,2023,1,0.42857142857142855,NA,NA,1.7202164616428102,1.3412253495110797
H13,1,1,L2L 7th/8th,8,NA,173,NA,NA,NA,3,4,NA,8,"Bulgarian, Russian",No,Yes,Yes,Production,Prod-17,1,NA,NA,NA,NA,Extra subj,las coman,NA,Clitics,Feminine,Plural,NA,NA,NA,L2L,7th/8th,Late,Yes,7,0,173,2023,NA,0.42857142857142855,NA,NA,1.7202164616428102,1.3412253495110797
H13,1,1,L2L 7th/8th,8,NA,173,NA,NA,NA,3,4,NA,8,"Bulgarian, Russian",No,Yes,Yes,Production,Prod-19,1,1,1,NA,NA,NA,lo cocinan,NA,Clitics,Masculine,Singular,NA,NA,NA,L2L,7th/8th,Late,Yes,7,0,173,2023,1,0.42857142857142855,NA,NA,1.7202164616428102,1.3412253495110797
H13,1,1,L2L 7th/8th,8,NA,173,NA,NA,NA,3,4,NA,8,"Bulgarian, Russian",No,Yes,Yes,Production,Prod-21,1,1,1,NA,NA,Verb stem error,la cerran,NA,Clitics,Feminine,Singular,NA,NA,NA,L2L,7th/8th,Late,Yes,7,0,173,2023,1,0.42857142857142855,NA,NA,1.7202164616428102,1.3412253495110797
H13,1,1,L2L 7th/8th,8,NA,173,NA,NA,NA,3,4,NA,8,"Bulgarian, Russian",No,Yes,Yes,Production,Prod-23,1,1,1,NA,NA,NA,los tocan,NA,Clitics,Masculine,Plural,NA,NA,NA,L2L,7th/8th,Late,Yes,7,0,173,2023,1,0.42857142857142855,NA,NA,1.7202164616428102,1.3412253495110797
H13,1,1,L2L 7th/8th,8,NA,173,NA,NA,NA,3,4,NA,8,"Bulgarian, Russian",No,Yes,Yes,Production,Prod-25,1,1,1,NA,NA,NA,las ponen,NA,Clitics,Feminine,Plural,NA,NA,NA,L2L,7th/8th,Late,Yes,7,0,173,2023,1,0.42857142857142855,NA,NA,1.7202164616428102,1.3412253495110797
H14,1,1,L2L 7th/8th,8,NA,172,NA,NA,NA,2,4,NA,8,L2 learner,L2,L2,L2,Production,Prod-07,0,1,0,NA,NA,Coded as 0 for accuracy -Jen (no previous code),lo cuentan,Number,Clitics,Masculine,Plural,NA,NA,NA,L2L,7th/8th,Late,Yes,6,0,172,2023,1,0.3333333333333333,NA,NA,1.6819202708274867,1.3058942370927635
H14,1,1,L2L 7th/8th,8,NA,172,NA,NA,NA,2,4,NA,8,L2 learner,L2,L2,L2,Production,Prod-09,NA,NA,NA,NA,NA,NA,removiendo chaqueta,DP,Clitics,Feminine,Plural,NA,NA,NA,L2L,7th/8th,Late,Yes,6,0,172,2023,NA,0.3333333333333333,NA,NA,1.6819202708274867,1.3058942370927635
H14,1,1,L2L 7th/8th,8,NA,172,NA,NA,NA,2,4,NA,8,L2 learner,L2,L2,L2,Production,Prod-13,NA,NA,NA,NA,NA,NA,están escuchando,Omission,Clitics,Feminine,Singular,NA,NA,NA,L2L,7th/8th,Late,Yes,6,0,172,2023,NA,0.3333333333333333,NA,NA,1.6819202708274867,1.3058942370927635
H14,1,1,L2L 7th/8th,8,NA,172,NA,NA,NA,2,4,NA,8,L2 learner,L2,L2,L2,Production,Prod-15,NA,NA,NA,NA,NA,NA,ponen libros,DP,Clitics,Masculine,Plural,NA,NA,NA,L2L,7th/8th,Late,Yes,6,0,172,2023,NA,0.3333333333333333,NA,NA,1.6819202708274867,1.3058942370927635
H14,1,1,L2L 7th/8th,8,NA,172,NA,NA,NA,2,4,NA,8,L2 learner,L2,L2,L2,Production,Prod-17,1,1,1,NA,NA,Word order error,comen las,NA,Clitics,Feminine,Plural,NA,NA,NA,L2L,7th/8th,Late,Yes,6,0,172,2023,1,0.3333333333333333,NA,NA,1.6819202708274867,1.3058942370927635
H14,1,1,L2L 7th/8th,8,NA,172,NA,NA,NA,2,4,NA,8,L2 learner,L2,L2,L2,Production,Prod-19,NA,NA,NA,NA,NA,NA,van comer,Omission,Clitics,Masculine,Singular,NA,NA,NA,L2L,7th/8th,Late,Yes,6,0,172,2023,NA,0.3333333333333333,NA,NA,1.6819202708274867,1.3058942370927635
H14,1,1,L2L 7th/8th,8,NA,172,NA,NA,NA,2,4,NA,8,L2 learner,L2,L2,L2,Production,Prod-21,NA,NA,NA,NA,NA,NA,cierran,Omission,Clitics,Feminine,Singular,NA,NA,NA,L2L,7th/8th,Late,Yes,6,0,172,2023,NA,0.3333333333333333,NA,NA,1.6819202708274867,1.3058942370927635
H14,1,1,L2L 7th/8th,8,NA,172,NA,NA,NA,2,4,NA,8,L2 learner,L2,L2,L2,Production,Prod-23,NA,NA,NA,NA,NA,NA,hacen música,DP,Clitics,Masculine,Plural,NA,NA,NA,L2L,7th/8th,Late,Yes,6,0,172,2023,NA,0.3333333333333333,NA,NA,1.6819202708274867,1.3058942370927635
H14,1,1,L2L 7th/8th,8,NA,172,NA,NA,NA,2,4,NA,8,L2 learner,L2,L2,L2,Production,Prod-25,NA,NA,NA,NA,NA,NA,ponen en sus caras,DP,Clitics,Feminine,Plural,NA,NA,NA,L2L,7th/8th,Late,Yes,6,0,172,2023,NA,0.3333333333333333,NA,NA,1.6819202708274867,1.3058942370927635
H15,1,1,HS 7th/8th,8,NA,172,NA,NA,NA,1,4,NA,8,Heritage Spanish,NA,NA,NA,Production,Prod-03,NA,NA,NA,NA,NA,NA,están jugando,Omission,Clitics,Masculine,Singular,NA,NA,NA,HS,7th/8th,Late,Yes,5,0,172,2023,NA,0.2,NA,NA,1.6819202708274867,1.3058942370927635
H15,1,1,HS 7th/8th,8,NA,172,NA,NA,NA,1,4,NA,8,Heritage Spanish,NA,NA,NA,Production,Prod-05,NA,NA,NA,NA,NA,NA,están comiendo,Omission,Clitics,Feminine,Singular,NA,NA,NA,HS,7th/8th,Late,Yes,5,0,172,2023,NA,0.2,NA,NA,1.6819202708274867,1.3058942370927635
H15,1,1,HS 7th/8th,8,NA,172,NA,NA,NA,1,4,NA,8,Heritage Spanish,NA,NA,NA,Production,Prod-07,NA,NA,NA,NA,NA,NA,están contando,Omission,Clitics,Masculine,Plural,NA,NA,NA,HS,7th/8th,Late,Yes,5,0,172,2023,NA,0.2,NA,NA,1.6819202708274867,1.3058942370927635
H15,1,1,HS 7th/8th,8,NA,172,NA,NA,NA,1,4,NA,8,Heritage Spanish,NA,NA,NA,Production,Prod-09,NA,NA,NA,NA,NA,NA,cambiando,Omission,Clitics,Feminine,Plural,NA,NA,NA,HS,7th/8th,Late,Yes,5,0,172,2023,NA,0.2,NA,NA,1.6819202708274867,1.3058942370927635
H15,1,1,HS 7th/8th,8,NA,172,NA,NA,NA,1,4,NA,8,Heritage Spanish,NA,NA,NA,Production,Prod-11,NA,NA,NA,NA,NA,NA,están bañando,Omission,Clitics,Masculine,Singular,NA,NA,NA,HS,7th/8th,Late,Yes,5,0,172,2023,NA,0.2,NA,NA,1.6819202708274867,1.3058942370927635
H15,1,1,HS 7th/8th,8,NA,172,NA,NA,NA,1,4,NA,8,Heritage Spanish,NA,NA,NA,Production,Prod-13,NA,NA,NA,NA,NA,NA,están escuchando,Omission,Clitics,Feminine,Singular,NA,NA,NA,HS,7th/8th,Late,Yes,5,0,172,2023,NA,0.2,NA,NA,1.6819202708274867,1.3058942370927635
H15,1,1,HS 7th/8th,8,NA,172,NA,NA,NA,1,4,NA,8,Heritage Spanish,NA,NA,NA,Production,Prod-15,NA,NA,NA,NA,NA,Recoded as omission -Jen,poniendo en la mesa,Omission,Clitics,Masculine,Plural,NA,NA,NA,HS,7th/8th,Late,Yes,5,0,172,2023,NA,0.2,NA,NA,1.6819202708274867,1.3058942370927635
H15,1,1,HS 7th/8th,8,NA,172,NA,NA,NA,1,4,NA,8,Heritage Spanish,NA,NA,NA,Production,Prod-17,NA,NA,NA,NA,NA,NA,están comiendo,Omission,Clitics,Feminine,Plural,NA,NA,NA,HS,7th/8th,Late,Yes,5,0,172,2023,NA,0.2,NA,NA,1.6819202708274867,1.3058942370927635
H15,1,1,HS 7th/8th,8,NA,172,NA,NA,NA,1,4,NA,8,Heritage Spanish,NA,NA,NA,Production,Prod-19,NA,NA,NA,NA,NA,NA,están cocinando,Omission,Clitics,Masculine,Singular,NA,NA,NA,HS,7th/8th,Late,Yes,5,0,172,2023,NA,0.2,NA,NA,1.6819202708274867,1.3058942370927635
H15,1,1,HS 7th/8th,8,NA,172,NA,NA,NA,1,4,NA,8,Heritage Spanish,NA,NA,NA,Production,Prod-21,NA,NA,NA,NA,NA,NA,están cerrando,Omission,Clitics,Feminine,Singular,NA,NA,NA,HS,7th/8th,Late,Yes,5,0,172,2023,NA,0.2,NA,NA,1.6819202708274867,1.3058942370927635
H15,1,1,HS 7th/8th,8,NA,172,NA,NA,NA,1,4,NA,8,Heritage Spanish,NA,NA,NA,Production,Prod-23,NA,NA,NA,NA,NA,NA,están practicando,Omission,Clitics,Masculine,Plural,NA,NA,NA,HS,7th/8th,Late,Yes,5,0,172,2023,NA,0.2,NA,NA,1.6819202708274867,1.3058942370927635
H15,1,1,HS 7th/8th,8,NA,172,NA,NA,NA,1,4,NA,8,Heritage Spanish,NA,NA,NA,Production,Prod-25,1,1,1,NA,NA,NA,las ponen,NA,Clitics,Feminine,Plural,NA,NA,NA,HS,7th/8th,Late,Yes,5,0,172,2023,1,0.2,NA,NA,1.6819202708274867,1.3058942370927635
H16,1,1,L2L 7th/8th,8,NA,165,NA,NA,NA,2,5,NA,7,L2 learner,L2,L2,L2,Production,Prod-03,NA,NA,NA,NA,NA,Le,le rompen,Omission,Clitics,Masculine,Singular,NA,NA,NA,L2L,7th/8th,Late,Yes,7,0,165,2023,NA,0.2857142857142857,NA,NA,1.4138469351202227,1.0585764501645496
H16,1,1,L2L 7th/8th,8,NA,165,NA,NA,NA,2,5,NA,7,L2 learner,L2,L2,L2,Production,Prod-05,NA,NA,NA,NA,NA,Se,se comen,Omission,Clitics,Feminine,Singular,NA,NA,NA,L2L,7th/8th,Late,Yes,7,0,165,2023,NA,0.2857142857142857,NA,NA,1.4138469351202227,1.0585764501645496
H16,1,1,L2L 7th/8th,8,NA,165,NA,NA,NA,2,5,NA,7,L2 learner,L2,L2,L2,Production,Prod-07,NA,NA,NA,NA,NA,NA,contando,Omission,Clitics,Masculine,Plural,NA,NA,NA,L2L,7th/8th,Late,Yes,7,0,165,2023,NA,0.2857142857142857,NA,NA,1.4138469351202227,1.0585764501645496
H16,1,1,L2L 7th/8th,8,NA,165,NA,NA,NA,2,5,NA,7,L2 learner,L2,L2,L2,Production,Prod-09,NA,NA,NA,NA,NA,NA,sacar,Omission,Clitics,Feminine,Plural,NA,NA,NA,L2L,7th/8th,Late,Yes,7,0,165,2023,NA,0.2857142857142857,NA,NA,1.4138469351202227,1.0585764501645496
H16,1,1,L2L 7th/8th,8,NA,165,NA,NA,NA,2,5,NA,7,L2 learner,L2,L2,L2,Production,Prod-11,NA,NA,NA,NA,NA,NA,limpian,Omission,Clitics,Masculine,Singular,NA,NA,NA,L2L,7th/8th,Late,Yes,7,0,165,2023,NA,0.2857142857142857,NA,NA,1.4138469351202227,1.0585764501645496
H16,1,1,L2L 7th/8th,8,NA,165,NA,NA,NA,2,5,NA,7,L2 learner,L2,L2,L2,Production,Prod-13,NA,NA,NA,NA,NA,NA,oyendo,Omission,Clitics,Feminine,Singular,NA,NA,NA,L2L,7th/8th,Late,Yes,7,0,165,2023,NA,0.2857142857142857,NA,NA,1.4138469351202227,1.0585764501645496
H16,1,1,L2L 7th/8th,8,NA,165,NA,NA,NA,2,5,NA,7,L2 learner,L2,L2,L2,Production,Prod-15,NA,NA,NA,NA,NA,Changed code to omission -Jen,ponen a la mesa,Omission,Clitics,Masculine,Plural,NA,NA,NA,L2L,7th/8th,Late,Yes,7,0,165,2023,NA,0.2857142857142857,NA,NA,1.4138469351202227,1.0585764501645496
H16,1,1,L2L 7th/8th,8,NA,165,NA,NA,NA,2,5,NA,7,L2 learner,L2,L2,L2,Production,Prod-17,NA,NA,NA,NA,NA,Se,se comen,Omission,Clitics,Feminine,Plural,NA,NA,NA,L2L,7th/8th,Late,Yes,7,0,165,2023,NA,0.2857142857142857,NA,NA,1.4138469351202227,1.0585764501645496
H16,1,1,L2L 7th/8th,8,NA,165,NA,NA,NA,2,5,NA,7,L2 learner,L2,L2,L2,Production,Prod-19,NA,NA,NA,NA,NA,Se,se cocina,Other,Clitics,Masculine,Singular,NA,NA,NA,L2L,7th/8th,Late,Yes,7,0,165,2023,NA,0.2857142857142857,NA,NA,1.4138469351202227,1.0585764501645496
H16,1,1,L2L 7th/8th,8,NA,165,NA,NA,NA,2,5,NA,7,L2 learner,L2,L2,L2,Production,Prod-21,NA,NA,NA,NA,NA,NA,---,English,Clitics,Feminine,Singular,NA,NA,NA,L2L,7th/8th,Late,Yes,7,0,165,2023,NA,0.2857142857142857,NA,NA,1.4138469351202227,1.0585764501645496
H16,1,1,L2L 7th/8th,8,NA,165,NA,NA,NA,2,5,NA,7,L2 learner,L2,L2,L2,Production,Prod-23,NA,NA,NA,NA,NA,NA,hacen música,DP,Clitics,Masculine,Plural,NA,NA,NA,L2L,7th/8th,Late,Yes,7,0,165,2023,NA,0.2857142857142857,NA,NA,1.4138469351202227,1.0585764501645496
H16,1,1,L2L 7th/8th,8,NA,165,NA,NA,NA,2,5,NA,7,L2 learner,L2,L2,L2,Production,Prod-25,0,0,0,NA,NA,Codes added -Jen,lo ponen en la cara,NA,Clitics,Feminine,Plural,NA,NA,NA,L2L,7th/8th,Late,Yes,7,0,165,2023,0,0.2857142857142857,NA,NA,1.4138469351202227,1.0585764501645496
H17,1,1,HS 4th/5th,5,10,126,NA,NA,NA,2,6,NA,8,Heritage Spanish,NA,NA,NA,Production,Prod-03,1,1,1,NA,NA,NA,lo rompen,NA,Clitics,Masculine,Singular,NA,NA,NA,HS,4th/5th,Late,Yes,8,0,126,2023,1,0.25,NA,NA,-0.0797045066773919,-0.31933693414978526
H17,1,2,HS 7th/8th,8,10,126,NA,NA,NA,2,6,NA,8,Heritage Spanish,NA,NA,NA,Production,Prod-09,NA,NA,NA,NA,NA,NA,sacando sus chaquetas,Possessive,Clitics,Feminine,Plural,NA,NA,NA,HS,7th/8th,Late,Yes,8,36,162,2026,NA,0.25,NA,NA,-0.0797045066773919,0.9525831129096007
H17,1,2,HS 7th/8th,8,10,126,NA,NA,NA,2,6,NA,8,Heritage Spanish,NA,NA,NA,Production,Prod-23,NA,NA,NA,NA,NA,NA,usando sus instrumentos,Possessive,Clitics,Masculine,Plural,NA,NA,NA,HS,7th/8th,Late,Yes,8,36,162,2026,NA,0.25,NA,NA,-0.0797045066773919,0.9525831129096007
H18,1,1,L2L 4th/5th,5,10,130,NA,NA,NA,3,4,NA,8,"Russian, Lithuanian",No,Yes,Yes,Production,Prod-03,1,1,1,NA,NA,NA,lo están rompiendo,NA,Clitics,Masculine,Singular,NA,NA,NA,L2L,4th/5th,Late,Yes,7,0,130,2023,1,0.42857142857142855,NA,NA,0.0734802565839019,-0.17801248447652016
H18,1,1,L2L 4th/5th,5,10,130,NA,NA,NA,3,4,NA,8,"Russian, Lithuanian",No,Yes,Yes,Production,Prod-05,0,1,0,NA,NA,NA,lo están compartiendo,Gender,Clitics,Feminine,Singular,NA,NA,NA,L2L,4th/5th,Late,Yes,7,0,130,2023,1,0.42857142857142855,NA,NA,0.0734802565839019,-0.17801248447652016
H18,1,1,L2L 4th/5th,5,10,130,NA,NA,NA,3,4,NA,8,"Russian, Lithuanian",No,Yes,Yes,Production,Prod-07,1,1,1,NA,NA,NA,están contándolos,NA,Clitics,Masculine,Plural,NA,NA,NA,L2L,4th/5th,Late,Yes,7,0,130,2023,1,0.42857142857142855,NA,NA,0.0734802565839019,-0.17801248447652016
H18,1,1,L2L 4th/5th,5,10,130,NA,NA,NA,3,4,NA,8,"Russian, Lithuanian",No,Yes,Yes,Production,Prod-09,0,1,0,NA,NA,Changed accuracy to 0 -Jen,la están quitando,Number,Clitics,Feminine,Plural,NA,NA,NA,L2L,4th/5th,Late,Yes,7,0,130,2023,1,0.42857142857142855,NA,NA,0.0734802565839019,-0.17801248447652016
H18,1,1,L2L 4th/5th,5,10,130,NA,NA,NA,3,4,NA,8,"Russian, Lithuanian",No,Yes,Yes,Production,Prod-11,1,1,1,NA,NA,NA,lo están bañando,NA,Clitics,Masculine,Singular,NA,NA,NA,L2L,4th/5th,Late,Yes,7,0,130,2023,1,0.42857142857142855,NA,NA,0.0734802565839019,-0.17801248447652016
H18,1,1,L2L 4th/5th,5,10,130,NA,NA,NA,3,4,NA,8,"Russian, Lithuanian",No,Yes,Yes,Production,Prod-13,1,1,1,NA,NA,NA,la están escuchando,NA,Clitics,Feminine,Singular,NA,NA,NA,L2L,4th/5th,Late,Yes,7,0,130,2023,1,0.42857142857142855,NA,NA,0.0734802565839019,-0.17801248447652016
H18,1,1,L2L 4th/5th,5,10,130,NA,NA,NA,3,4,NA,8,"Russian, Lithuanian",No,Yes,Yes,Production,Prod-15,1,1,1,NA,NA,NA,los están poniendo,NA,Clitics,Masculine,Plural,NA,NA,NA,L2L,4th/5th,Late,Yes,7,0,130,2023,1,0.42857142857142855,NA,NA,0.0734802565839019,-0.17801248447652016
H18,1,1,L2L 4th/5th,5,10,130,NA,NA,NA,3,4,NA,8,"Russian, Lithuanian",No,Yes,Yes,Production,Prod-17,1,NA,NA,NA,NA,Production not written on sheet,*production not noted on sheet,NA,Clitics,Feminine,Plural,NA,NA,NA,L2L,4th/5th,Late,Yes,7,0,130,2023,NA,0.42857142857142855,NA,NA,0.0734802565839019,-0.17801248447652016
H18,1,1,L2L 4th/5th,5,10,130,NA,NA,NA,3,4,NA,8,"Russian, Lithuanian",No,Yes,Yes,Production,Prod-19,1,1,1,NA,NA,NA,lo están cocinando,NA,Clitics,Masculine,Singular,NA,NA,NA,L2L,4th/5th,Late,Yes,7,0,130,2023,1,0.42857142857142855,NA,NA,0.0734802565839019,-0.17801248447652016
H18,1,1,L2L 4th/5th,5,10,130,NA,NA,NA,3,4,NA,8,"Russian, Lithuanian",No,Yes,Yes,Production,Prod-21,1,1,1,NA,NA,NA,la están cerrando,NA,Clitics,Feminine,Singular,NA,NA,NA,L2L,4th/5th,Late,Yes,7,0,130,2023,1,0.42857142857142855,NA,NA,0.0734802565839019,-0.17801248447652016
H18,1,1,L2L 4th/5th,5,10,130,NA,NA,NA,3,4,NA,8,"Russian, Lithuanian",No,Yes,Yes,Production,Prod-25,0,0,1,NA,NA,Se,se los ponen,Gender,Clitics,Feminine,Plural,NA,NA,NA,L2L,4th/5th,Late,Yes,7,0,130,2023,0,0.42857142857142855,NA,NA,0.0734802565839019,-0.17801248447652016
H18,1,2,L2L 7th/8th,8,NA,130,NA,NA,NA,3,4,NA,8,"Russian, Lithuanian",No,Yes,Yes,Production,Prod-07,NA,NA,NA,NA,NA,NA,contando hasta once,Grammatical alternative,Clitics,Masculine,Plural,NA,NA,NA,L2L,7th/8th,Late,Yes,7,36,166,2026,NA,0.42857142857142855,NA,NA,0.0734802565839019,1.0939075625828658
H18,1,2,L2L 7th/8th,8,NA,130,NA,NA,NA,3,4,NA,8,"Russian, Lithuanian",No,Yes,Yes,Production,Prod-11,NA,NA,NA,NA,NA,NA,están lavando su perro,Possessive,Clitics,Masculine,Singular,NA,NA,NA,L2L,7th/8th,Late,Yes,7,36,166,2026,NA,0.42857142857142855,NA,NA,0.0734802565839019,1.0939075625828658
H18,1,2,L2L 7th/8th,8,NA,130,NA,NA,NA,3,4,NA,8,"Russian, Lithuanian",No,Yes,Yes,Production,Prod-19,NA,NA,NA,NA,NA,NA,cocinando el pescado,DP,Clitics,Masculine,Singular,NA,NA,NA,L2L,7th/8th,Late,Yes,7,36,166,2026,NA,0.42857142857142855,NA,NA,0.0734802565839019,1.0939075625828658
H18,1,2,L2L 7th/8th,8,NA,130,NA,NA,NA,3,4,NA,8,"Russian, Lithuanian",No,Yes,Yes,Production,Prod-21,NA,1,1,NA,NA,NA,la están cerrando,NA,Clitics,Feminine,Singular,NA,NA,NA,L2L,7th/8th,Late,Yes,7,36,166,2026,1,0.42857142857142855,NA,NA,0.0734802565839019,1.0939075625828658
H19,1,1,L2L 4th/5th,5,10,129,NA,NA,NA,2,5,NA,4,Russian,No,Yes,Yes,Production,Prod-07,NA,NA,NA,NA,NA,NA,they're counting,English,Clitics,Masculine,Plural,NA,NA,NA,L2L,4th/5th,Late,Yes,7,0,129,2023,NA,0.2857142857142857,NA,NA,0.03518406576857845,-0.21334359689483645
H19,1,1,L2L 4th/5th,5,10,129,NA,NA,NA,2,5,NA,4,Russian,No,Yes,Yes,Production,Prod-09,NA,NA,NA,NA,NA,NA,taking off,English,Clitics,Feminine,Plural,NA,NA,NA,L2L,4th/5th,Late,Yes,7,0,129,2023,NA,0.2857142857142857,NA,NA,0.03518406576857845,-0.21334359689483645
H19,1,1,L2L 4th/5th,5,10,129,NA,NA,NA,2,5,NA,4,Russian,No,Yes,Yes,Production,Prod-11,NA,NA,NA,NA,NA,Extra DOM,limpio al perro,DP,Clitics,Masculine,Singular,NA,NA,NA,L2L,4th/5th,Late,Yes,7,0,129,2023,NA,0.2857142857142857,NA,NA,0.03518406576857845,-0.21334359689483645
H19,1,1,L2L 4th/5th,5,10,129,NA,NA,NA,2,5,NA,4,Russian,No,Yes,Yes,Production,Prod-13,NA,NA,NA,NA,NA,NA,listening,English,Clitics,Feminine,Singular,NA,NA,NA,L2L,4th/5th,Late,Yes,7,0,129,2023,NA,0.2857142857142857,NA,NA,0.03518406576857845,-0.21334359689483645
H19,1,1,L2L 4th/5th,5,10,129,NA,NA,NA,2,5,NA,4,Russian,No,Yes,Yes,Production,Prod-21,NA,NA,NA,NA,NA,NA,closed,English,Clitics,Feminine,Singular,NA,NA,NA,L2L,4th/5th,Late,Yes,7,0,129,2023,NA,0.2857142857142857,NA,NA,0.03518406576857845,-0.21334359689483645
H19,1,1,L2L 4th/5th,5,10,129,NA,NA,NA,2,5,NA,4,Russian,No,Yes,Yes,Production,Prod-25,NA,NA,NA,NA,NA,NA,wearing el mask,English,Clitics,Feminine,Plural,NA,NA,NA,L2L,4th/5th,Late,Yes,7,0,129,2023,NA,0.2857142857142857,NA,NA,0.03518406576857845,-0.21334359689483645
H19,1,2,L2L 7th/8th,8,10,129,NA,NA,NA,2,5,NA,4,Russian,No,Yes,Yes,Production,Prod-09,NA,NA,NA,NA,NA,NA,tenían sus chaquetas,Possessive,Clitics,Feminine,Plural,NA,NA,NA,L2L,7th/8th,Late,Yes,7,36,165,2026,NA,0.2857142857142857,NA,NA,0.03518406576857845,1.0585764501645496
H19,1,2,L2L 7th/8th,8,10,129,NA,NA,NA,2,5,NA,4,Russian,No,Yes,Yes,Production,Prod-19,NA,NA,NA,NA,NA,NA,cocinar pescado,BN,Clitics,Masculine,Singular,NA,NA,NA,L2L,7th/8th,Late,Yes,7,36,165,2026,NA,0.2857142857142857,NA,NA,0.03518406576857845,1.0585764501645496
H20,1,1,HS 4th/5th,5,11,138,NA,NA,NA,5,5,NA,8,Heritage Spanish,NA,NA,NA,Production,Prod-09,NA,NA,NA,NA,NA,NA,sus chaquetas,DP,Clitics,Feminine,Plural,NA,NA,NA,HS,4th/5th,Late,Yes,10,0,138,2023,NA,0.5,NA,NA,0.3798497831064895,0.10463641487001005
H20,1,1,HS 4th/5th,5,11,138,NA,NA,NA,5,5,NA,8,Heritage Spanish,NA,NA,NA,Production,Prod-15,0,NA,1,NA,NA,Le,le ponen,Dative,Clitics,Masculine,Plural,NA,NA,NA,HS,4th/5th,Late,Yes,10,0,138,2023,NA,0.5,NA,NA,0.3798497831064895,0.10463641487001005
H20,1,1,HS 4th/5th,5,11,138,NA,NA,NA,5,5,NA,8,Heritage Spanish,NA,NA,NA,Production,Prod-17,0,0,1,NA,NA,NA,los comen,Gender,Clitics,Feminine,Plural,NA,NA,NA,HS,4th/5th,Late,Yes,10,0,138,2023,0,0.5,NA,NA,0.3798497831064895,0.10463641487001005
H20,1,1,HS 4th/5th,5,11,138,NA,NA,NA,5,5,NA,8,Heritage Spanish,NA,NA,NA,Production,Prod-19,1,1,1,NA,NA,NA,lo cocina,NA,Clitics,Masculine,Singular,NA,NA,NA,HS,4th/5th,Late,Yes,10,0,138,2023,1,0.5,NA,NA,0.3798497831064895,0.10463641487001005
H20,1,1,HS 4th/5th,5,11,138,NA,NA,NA,5,5,NA,8,Heritage Spanish,NA,NA,NA,Production,Prod-21,0,0,1,NA,NA,Vern stem,lo cerran,Gender,Clitics,Feminine,Singular,NA,NA,NA,HS,4th/5th,Late,Yes,10,0,138,2023,0,0.5,NA,NA,0.3798497831064895,0.10463641487001005
H20,1,1,HS 4th/5th,5,11,138,NA,NA,NA,5,5,NA,8,Heritage Spanish,NA,NA,NA,Production,Prod-23,0,1,0,NA,NA,Accuracy code changed from 1 to 0 -Jen,lo juegan,Number,Clitics,Masculine,Plural,NA,NA,NA,HS,4th/5th,Late,Yes,10,0,138,2023,1,0.5,NA,NA,0.3798497831064895,0.10463641487001005
H20,1,1,HS 4th/5th,5,11,138,NA,NA,NA,5,5,NA,8,Heritage Spanish,NA,NA,NA,Production,Prod-25,0,0,0,NA,NA,NA,lo ponen,Gender/Number,Clitics,Feminine,Plural,NA,NA,NA,HS,4th/5th,Late,Yes,10,0,138,2023,0,0.5,NA,NA,0.3798497831064895,0.10463641487001005
H21,1,1,L2L 4th/5th,5,11,139,NA,NA,NA,NA,NA,NA,8,L2 learner,L2,L2,L2,Production,Prod-03,NA,NA,NA,NA,NA,NA,rompiendo,Omission,Clitics,Masculine,Singular,NA,NA,NA,L2L,4th/5th,Late,Yes,NA,0,139,2023,NA,NA,NA,NA,0.41814597392181296,0.13996752728832632
H21,1,1,L2L 4th/5th,5,11,139,NA,NA,NA,NA,NA,NA,8,L2 learner,L2,L2,L2,Production,Prod-05,NA,NA,NA,NA,NA,NA,estan comiendo,Omission,Clitics,Feminine,Singular,NA,NA,NA,L2L,4th/5th,Late,Yes,NA,0,139,2023,NA,NA,NA,NA,0.41814597392181296,0.13996752728832632
H21,1,1,L2L 4th/5th,5,11,139,NA,NA,NA,NA,NA,NA,8,L2 learner,L2,L2,L2,Production,Prod-07,NA,NA,NA,NA,NA,NA,contando,Omission,Clitics,Masculine,Plural,NA,NA,NA,L2L,4th/5th,Late,Yes,NA,0,139,2023,NA,NA,NA,NA,0.41814597392181296,0.13996752728832632
H21,1,1,L2L 4th/5th,5,11,139,NA,NA,NA,NA,NA,NA,8,L2 learner,L2,L2,L2,Production,Prod-09,NA,NA,NA,NA,NA,POSSESSIVE,sacando sus chaquetas,DP,Clitics,Feminine,Plural,NA,NA,NA,L2L,4th/5th,Late,Yes,NA,0,139,2023,NA,NA,NA,NA,0.41814597392181296,0.13996752728832632
H21,1,1,L2L 4th/5th,5,11,139,NA,NA,NA,NA,NA,NA,8,L2 learner,L2,L2,L2,Production,Prod-11,NA,NA,NA,NA,NA,NA,bañando,Omission,Clitics,Masculine,Singular,NA,NA,NA,L2L,4th/5th,Late,Yes,NA,0,139,2023,NA,NA,NA,NA,0.41814597392181296,0.13996752728832632
H21,1,1,L2L 4th/5th,5,11,139,NA,NA,NA,NA,NA,NA,8,L2 learner,L2,L2,L2,Production,Prod-13,NA,NA,NA,NA,NA,NA,oyendo,Omission,Clitics,Feminine,Singular,NA,NA,NA,L2L,4th/5th,Late,Yes,NA,0,139,2023,NA,NA,NA,NA,0.41814597392181296,0.13996752728832632
H21,1,1,L2L 4th/5th,5,11,139,NA,NA,NA,NA,NA,NA,8,L2 learner,L2,L2,L2,Production,Prod-15,NA,NA,NA,NA,NA,"error code changed to omission (PP not DP), gen/num codes removed -Jen",poniendo a la mesa,Omission,Clitics,Masculine,Plural,NA,NA,NA,L2L,4th/5th,Late,Yes,NA,0,139,2023,NA,NA,NA,NA,0.41814597392181296,0.13996752728832632
H21,1,1,L2L 4th/5th,5,11,139,NA,NA,NA,NA,NA,NA,8,L2 learner,L2,L2,L2,Production,Prod-17,NA,NA,NA,NA,NA,NA,comiendo,Omission,Clitics,Feminine,Plural,NA,NA,NA,L2L,4th/5th,Late,Yes,NA,0,139,2023,NA,NA,NA,NA,0.41814597392181296,0.13996752728832632
H21,1,1,L2L 4th/5th,5,11,139,NA,NA,NA,NA,NA,NA,8,L2 learner,L2,L2,L2,Production,Prod-21,NA,NA,NA,NA,NA,NA,cerrando,Omission,Clitics,Feminine,Singular,NA,NA,NA,L2L,4th/5th,Late,Yes,NA,0,139,2023,NA,NA,NA,NA,0.41814597392181296,0.13996752728832632
H21,1,1,L2L 4th/5th,5,11,139,NA,NA,NA,NA,NA,NA,8,L2 learner,L2,L2,L2,Production,Prod-23,1,1,1,NA,NA,NA,usandolos/tocandolos,NA,Clitics,Masculine,Plural,NA,NA,NA,L2L,4th/5th,Late,Yes,NA,0,139,2023,1,NA,NA,NA,0.41814597392181296,0.13996752728832632
H22,1,1,HS 4th/5th,5,11,138,NA,NA,NA,4,3,NA,8,Heritage Spanish,NA,NA,NA,Production,Prod-03,NA,NA,NA,NA,NA,NA,pop,English,Clitics,Masculine,Singular,NA,NA,NA,HS,4th/5th,Late,Yes,7,0,138,2023,NA,0.5714285714285714,NA,NA,0.3798497831064895,0.10463641487001005
H22,1,1,HS 4th/5th,5,11,138,NA,NA,NA,4,3,NA,8,Heritage Spanish,NA,NA,NA,Production,Prod-07,NA,NA,NA,NA,NA,NA,add the numbers,English,Clitics,Masculine,Plural,NA,NA,NA,HS,4th/5th,Late,Yes,7,0,138,2023,NA,0.5714285714285714,NA,NA,0.3798497831064895,0.10463641487001005
H22,1,1,HS 4th/5th,5,11,138,NA,NA,NA,4,3,NA,8,Heritage Spanish,NA,NA,NA,Production,Prod-11,0,NA,NA,NA,NA,NA,bañan,Omission,Clitics,Masculine,Singular,NA,NA,NA,HS,4th/5th,Late,Yes,7,0,138,2023,NA,0.5714285714285714,NA,NA,0.3798497831064895,0.10463641487001005
H22,1,1,HS 4th/5th,5,11,138,NA,NA,NA,4,3,NA,8,Heritage Spanish,NA,NA,NA,Production,Prod-19,NA,NA,NA,NA,NA,english verb,los niños cook,English,Clitics,Masculine,Singular,NA,NA,NA,HS,4th/5th,Late,Yes,7,0,138,2023,NA,0.5714285714285714,NA,NA,0.3798497831064895,0.10463641487001005
H22,1,1,HS 4th/5th,5,11,138,NA,NA,NA,4,3,NA,8,Heritage Spanish,NA,NA,NA,Production,Prod-25,NA,NA,NA,NA,NA,NA,puse mascaras en sus caras,BN,Clitics,Feminine,Plural,NA,NA,NA,HS,4th/5th,Late,Yes,7,0,138,2023,NA,0.5714285714285714,NA,NA,0.3798497831064895,0.10463641487001005
H22,1,2,HS 7th/8th,8,NA,138,NA,NA,NA,4,3,NA,8,Heritage Spanish,NA,NA,NA,Production,Prod-09,NA,NA,NA,NA,NA,NA,dejando sus chaquetas al suelo,Su,Clitics,Feminine,Plural,NA,NA,NA,HS,7th/8th,Late,Yes,7,36,174,2026,NA,0.5714285714285714,NA,NA,0.3798497831064895,1.376556461929396
H23,1,1,L2L 4th/5th,5,11,137,NA,NA,NA,2,3,NA,8,L2 learner,L2,L2,L2,Production,Prod-03,NA,NA,NA,NA,NA,SUBJ,hace que no tenga aire,Other,Clitics,Masculine,Singular,NA,NA,NA,L2L,4th/5th,Late,Yes,5,0,137,2023,NA,0.4,NA,NA,0.34155359229116605,0.06930530245169376
H23,1,1,L2L 4th/5th,5,11,137,NA,NA,NA,2,3,NA,8,L2 learner,L2,L2,L2,Production,Prod-09,NA,NA,NA,NA,NA,NA,hacen que se quitan,Other,Clitics,Feminine,Plural,NA,NA,NA,L2L,4th/5th,Late,Yes,5,0,137,2023,NA,0.4,NA,NA,0.34155359229116605,0.06930530245169376
H23,1,1,L2L 4th/5th,5,11,137,NA,NA,NA,2,3,NA,8,L2 learner,L2,L2,L2,Production,Prod-13,NA,NA,NA,NA,NA,NA,escuchan musica,BN,Clitics,Feminine,Singular,NA,NA,NA,L2L,4th/5th,Late,Yes,5,0,137,2023,NA,0.4,NA,NA,0.34155359229116605,0.06930530245169376
H24,1,1,HS 4th/5th,5,11,138,NA,NA,NA,2,3,NA,8,Heritage Spanish,NA,NA,NA,Production,Prod-03,NA,NA,NA,NA,NA,NA,rompe,Omission,Clitics,Masculine,Singular,NA,NA,NA,HS,4th/5th,Late,Yes,5,0,138,2023,NA,0.4,NA,NA,0.3798497831064895,0.10463641487001005
H24,1,1,HS 4th/5th,5,11,138,NA,NA,NA,2,3,NA,8,Heritage Spanish,NA,NA,NA,Production,Prod-05,NA,NA,NA,NA,NA,NA,comiendo,Omission,Clitics,Feminine,Singular,NA,NA,NA,HS,4th/5th,Late,Yes,5,0,138,2023,NA,0.4,NA,NA,0.3798497831064895,0.10463641487001005
H24,1,1,HS 4th/5th,5,11,138,NA,NA,NA,2,3,NA,8,Heritage Spanish,NA,NA,NA,Production,Prod-07,NA,NA,NA,NA,NA,NA,IDK,English,Clitics,Masculine,Plural,NA,NA,NA,HS,4th/5th,Late,Yes,5,0,138,2023,NA,0.4,NA,NA,0.3798497831064895,0.10463641487001005
H24,1,1,HS 4th/5th,5,11,138,NA,NA,NA,2,3,NA,8,Heritage Spanish,NA,NA,NA,Production,Prod-09,NA,NA,NA,NA,NA,NA,sacando/poner,Omission,Clitics,Feminine,Plural,NA,NA,NA,HS,4th/5th,Late,Yes,5,0,138,2023,NA,0.4,NA,NA,0.3798497831064895,0.10463641487001005
H24,1,1,HS 4th/5th,5,11,138,NA,NA,NA,2,3,NA,8,Heritage Spanish,NA,NA,NA,Production,Prod-11,NA,NA,NA,NA,NA,POSSESIVE,bañar su perrito,DP,Clitics,Masculine,Singular,NA,NA,NA,HS,4th/5th,Late,Yes,5,0,138,2023,NA,0.4,NA,NA,0.3798497831064895,0.10463641487001005
H24,1,1,HS 4th/5th,5,11,138,NA,NA,NA,2,3,NA,8,Heritage Spanish,NA,NA,NA,Production,Prod-13,NA,NA,NA,NA,NA,NA,escuchar,Omission,Clitics,Feminine,Singular,NA,NA,NA,HS,4th/5th,Late,Yes,5,0,138,2023,NA,0.4,NA,NA,0.3798497831064895,0.10463641487001005
H24,1,1,HS 4th/5th,5,11,138,NA,NA,NA,2,3,NA,8,Heritage Spanish,NA,NA,NA,Production,Prod-17,NA,NA,NA,NA,NA,NA,comiendo,Omission,Clitics,Feminine,Plural,NA,NA,NA,HS,4th/5th,Late,Yes,5,0,138,2023,NA,0.4,NA,NA,0.3798497831064895,0.10463641487001005
H24,1,1,HS 4th/5th,5,11,138,NA,NA,NA,2,3,NA,8,Heritage Spanish,NA,NA,NA,Production,Prod-19,NA,NA,NA,NA,NA,NA,IDK in Spa,English,Clitics,Masculine,Singular,NA,NA,NA,HS,4th/5th,Late,Yes,5,0,138,2023,NA,0.4,NA,NA,0.3798497831064895,0.10463641487001005
H24,1,1,HS 4th/5th,5,11,138,NA,NA,NA,2,3,NA,8,Heritage Spanish,NA,NA,NA,Production,Prod-21,NA,NA,NA,NA,NA,NA,cierra,Omission,Clitics,Feminine,Singular,NA,NA,NA,HS,4th/5th,Late,Yes,5,0,138,2023,NA,0.4,NA,NA,0.3798497831064895,0.10463641487001005
H24,1,1,HS 4th/5th,5,11,138,NA,NA,NA,2,3,NA,8,Heritage Spanish,NA,NA,NA,Production,Prod-23,NA,NA,NA,NA,NA,NA,jugando,Omission,Clitics,Masculine,Plural,NA,NA,NA,HS,4th/5th,Late,Yes,5,0,138,2023,NA,0.4,NA,NA,0.3798497831064895,0.10463641487001005
H24,1,1,HS 4th/5th,5,11,138,NA,NA,NA,2,3,NA,8,Heritage Spanish,NA,NA,NA,Production,Prod-25,NA,NA,NA,NA,NA,NA,poner,Omission,Clitics,Feminine,Plural,NA,NA,NA,HS,4th/5th,Late,Yes,5,0,138,2023,NA,0.4,NA,NA,0.3798497831064895,0.10463641487001005
H24,1,2,HS 7th/8th,8,NA,138,NA,NA,NA,2,3,NA,8,Heritage Spanish,NA,NA,NA,Production,Prod-03,NA,NA,NA,NA,NA,NA,se rompió,Se,Clitics,Masculine,Singular,NA,NA,NA,HS,7th/8th,Late,Yes,5,36,174,2026,NA,0.4,NA,NA,0.3798497831064895,1.376556461929396
H24,1,2,HS 7th/8th,8,NA,138,NA,NA,NA,2,3,NA,8,Heritage Spanish,NA,NA,NA,Production,Prod-05,NA,NA,NA,NA,NA,NA,comiendo la pizza,Omission,Clitics,Feminine,Singular,NA,NA,NA,HS,7th/8th,Late,Yes,5,36,174,2026,NA,0.4,NA,NA,0.3798497831064895,1.376556461929396
H24,1,2,HS 7th/8th,8,NA,138,NA,NA,NA,2,3,NA,8,Heritage Spanish,NA,NA,NA,Production,Prod-07,NA,1,1,NA,NA,NA,contándolos,NA,Clitics,Masculine,Plural,NA,NA,NA,HS,7th/8th,Late,Yes,5,36,174,2026,1,0.4,NA,NA,0.3798497831064895,1.376556461929396
H24,1,2,HS 7th/8th,8,NA,138,NA,NA,NA,2,3,NA,8,Heritage Spanish,NA,NA,NA,Production,Prod-09,NA,NA,NA,NA,NA,NA,sacando su chaqueta,DP,Clitics,Feminine,Plural,NA,NA,NA,HS,7th/8th,Late,Yes,5,36,174,2026,NA,0.4,NA,NA,0.3798497831064895,1.376556461929396
H24,1,2,HS 7th/8th,8,NA,138,NA,NA,NA,2,3,NA,8,Heritage Spanish,NA,NA,NA,Production,Prod-11,NA,1,1,NA,NA,NA,lavándolo,NA,Clitics,Masculine,Singular,NA,NA,NA,HS,7th/8th,Late,Yes,5,36,174,2026,1,0.4,NA,NA,0.3798497831064895,1.376556461929396
H24,1,2,HS 7th/8th,8,NA,138,NA,NA,NA,2,3,NA,8,Heritage Spanish,NA,NA,NA,Production,Prod-15,NA,NA,NA,NA,NA,NA,poniendo en una mesa,Omission,Clitics,Masculine,Plural,NA,NA,NA,HS,7th/8th,Late,Yes,5,36,174,2026,NA,0.4,NA,NA,0.3798497831064895,1.376556461929396
H24,1,2,HS 7th/8th,8,NA,138,NA,NA,NA,2,3,NA,8,Heritage Spanish,NA,NA,NA,Production,Prod-17,NA,NA,NA,NA,NA,NA,comiendo,Omission,Clitics,Feminine,Plural,NA,NA,NA,HS,7th/8th,Late,Yes,5,36,174,2026,NA,0.4,NA,NA,0.3798497831064895,1.376556461929396
H24,1,2,HS 7th/8th,8,NA,138,NA,NA,NA,2,3,NA,8,Heritage Spanish,NA,NA,NA,Production,Prod-19,NA,NA,NA,NA,NA,NA,cocinando,Omission,Clitics,Masculine,Singular,NA,NA,NA,HS,7th/8th,Late,Yes,5,36,174,2026,NA,0.4,NA,NA,0.3798497831064895,1.376556461929396
H24,1,2,HS 7th/8th,8,NA,138,NA,NA,NA,2,3,NA,8,Heritage Spanish,NA,NA,NA,Production,Prod-21,NA,NA,NA,NA,NA,NA,se cerrado,Other,Clitics,Feminine,Singular,NA,NA,NA,HS,7th/8th,Late,Yes,5,36,174,2026,NA,0.4,NA,NA,0.3798497831064895,1.376556461929396
H24,1,2,HS 7th/8th,8,NA,138,NA,NA,NA,2,3,NA,8,Heritage Spanish,NA,NA,NA,Production,Prod-23,NA,1,1,NA,NA,NA,está jugándolos,NA,Clitics,Masculine,Plural,NA,NA,NA,HS,7th/8th,Late,Yes,5,36,174,2026,1,0.4,NA,NA,0.3798497831064895,1.376556461929396
H24,1,2,HS 7th/8th,8,NA,138,NA,NA,NA,2,3,NA,8,Heritage Spanish,NA,NA,NA,Production,Prod-25,NA,0,1,NA,NA,NA,se ponerlo,Gender,Clitics,Feminine,Plural,NA,NA,NA,HS,7th/8th,Late,Yes,5,36,174,2026,0,0.4,NA,NA,0.3798497831064895,1.376556461929396
H25,1,1,HS 4th/5th,5,10,128,NA,NA,NA,4,2,NA,7,Heritage Spanish,NA,NA,NA,Production,Prod-03,1,NA,NA,NA,NA,NA,desinflando,Omission,Clitics,Masculine,Singular,NA,NA,NA,HS,4th/5th,Late,Yes,6,0,128,2023,NA,0.6666666666666666,NA,NA,-0.0031121250467449975,-0.24867470931315272
H25,1,1,HS 4th/5th,5,10,128,NA,NA,NA,4,2,NA,7,Heritage Spanish,NA,NA,NA,Production,Prod-05,1,0,0,NA,NA,NA,los comen,NA,Clitics,Feminine,Singular,NA,NA,NA,HS,4th/5th,Late,Yes,6,0,128,2023,0,0.6666666666666666,NA,NA,-0.0031121250467449975,-0.24867470931315272
H25,1,1,HS 4th/5th,5,10,128,NA,NA,NA,4,2,NA,7,Heritage Spanish,NA,NA,NA,Production,Prod-07,1,1,1,NA,NA,NA,cuentanlos,NA,Clitics,Masculine,Plural,NA,NA,NA,HS,4th/5th,Late,Yes,6,0,128,2023,1,0.6666666666666666,NA,NA,-0.0031121250467449975,-0.24867470931315272
H25,1,1,HS 4th/5th,5,10,128,NA,NA,NA,4,2,NA,7,Heritage Spanish,NA,NA,NA,Production,Prod-17,1,0,0,NA,NA,NA,comenlo,NA,Clitics,Feminine,Plural,NA,NA,NA,HS,4th/5th,Late,Yes,6,0,128,2023,0,0.6666666666666666,NA,NA,-0.0031121250467449975,-0.24867470931315272
H25,1,1,HS 4th/5th,5,10,128,NA,NA,NA,4,2,NA,7,Heritage Spanish,NA,NA,NA,Production,Prod-23,NA,NA,NA,NA,NA,Se,se tocando,Other,Clitics,Masculine,Plural,NA,NA,NA,HS,4th/5th,Late,Yes,6,0,128,2023,NA,0.6666666666666666,NA,NA,-0.0031121250467449975,-0.24867470931315272
H25,1,2,HS 7th/8th,8,10,128,NA,NA,NA,4,2,NA,7,Heritage Spanish,NA,NA,NA,Production,Prod-09,NA,NA,NA,NA,NA,NA,tomando sus chaquetas afuera,Possessive,Clitics,Feminine,Plural,NA,NA,NA,HS,7th/8th,Late,Yes,6,36,164,2026,NA,0.6666666666666666,NA,NA,-0.0031121250467449975,1.0232453377462332
H25,1,2,HS 7th/8th,8,10,128,NA,NA,NA,4,2,NA,7,Heritage Spanish,NA,NA,NA,Production,Prod-17,NA,NA,NA,NA,NA,NA,se comen,Grammatical alternative,Clitics,Feminine,Plural,NA,NA,NA,HS,7th/8th,Late,Yes,6,36,164,2026,NA,0.6666666666666666,NA,NA,-0.0031121250467449975,1.0232453377462332
H25,1,2,HS 7th/8th,8,10,128,NA,NA,NA,4,2,NA,7,Heritage Spanish,NA,NA,NA,Production,Prod-23,NA,NA,NA,NA,NA,NA,se hacen música,BN,Clitics,Masculine,Plural,NA,NA,NA,HS,7th/8th,Late,Yes,6,36,164,2026,NA,0.6666666666666666,NA,NA,-0.0031121250467449975,1.0232453377462332
H25,1,2,HS 7th/8th,8,10,128,NA,NA,NA,4,2,NA,7,Heritage Spanish,NA,NA,NA,Production,Prod-25,NA,0,1,NA,NA,NA,se ponen los en su cara,Gender,Clitics,Feminine,Plural,NA,NA,NA,HS,7th/8th,Late,Yes,6,36,164,2026,0,0.6666666666666666,NA,NA,-0.0031121250467449975,1.0232453377462332
H26,1,1,HS 4th/5th,5,NA,132,NA,NA,NA,1,3,NA,8,Heritage Spanish,NA,NA,NA,Production,Prod-03,1,1,1,NA,NA,NA,lo explotó,NA,Clitics,Masculine,Singular,NA,NA,NA,HS,4th/5th,Late,Yes,4,0,132,2023,1,0.25,NA,NA,0.1500726382145488,-0.10735025963988762
H26,1,1,HS 4th/5th,5,NA,132,NA,NA,NA,1,3,NA,8,Heritage Spanish,NA,NA,NA,Production,Prod-05,0,0,1,NA,NA,"Recoded to 0 for accuracy -Jen Se, word order",se comenlo,NA,Clitics,Feminine,Singular,NA,NA,NA,HS,4th/5th,Late,Yes,4,0,132,2023,0,0.25,NA,NA,0.1500726382145488,-0.10735025963988762
H26,1,1,HS 4th/5th,5,NA,132,NA,NA,NA,1,3,NA,8,Heritage Spanish,NA,NA,NA,Production,Prod-09,0,0,1,NA,NA,Recoded 0 for accuracy -Jen,estan poniéndolo,NA,Clitics,Feminine,Plural,NA,NA,NA,HS,4th/5th,Late,Yes,4,0,132,2023,0,0.25,NA,NA,0.1500726382145488,-0.10735025963988762
H26,1,1,HS 4th/5th,5,NA,132,NA,NA,NA,1,3,NA,8,Heritage Spanish,NA,NA,NA,Production,Prod-11,1,1,1,NA,NA,NA,esta mojandolo,NA,Clitics,Masculine,Singular,NA,NA,NA,HS,4th/5th,Late,Yes,4,0,132,2023,1,0.25,NA,NA,0.1500726382145488,-0.10735025963988762
H26,1,1,HS 4th/5th,5,NA,132,NA,NA,NA,1,3,NA,8,Heritage Spanish,NA,NA,NA,Production,Prod-15,NA,NA,NA,NA,NA,Removed codes for DP -Jen,estan poniendo en la mesa,Omission,Clitics,Masculine,Plural,NA,NA,NA,HS,4th/5th,Late,Yes,4,0,132,2023,NA,0.25,NA,NA,0.1500726382145488,-0.10735025963988762
H26,1,1,HS 4th/5th,5,NA,132,NA,NA,NA,1,3,NA,8,Heritage Spanish,NA,NA,NA,Production,Prod-23,1,1,1,NA,NA,NA,estan jugandolos,NA,Clitics,Masculine,Plural,NA,NA,NA,HS,4th/5th,Late,Yes,4,0,132,2023,1,0.25,NA,NA,0.1500726382145488,-0.10735025963988762
H27,1,1,L2L 4th/5th,5,11,133,NA,NA,NA,3,6,4,8,Japanese,Yes,No,No,Production,Prod-07,NA,NA,NA,NA,NA,NA,estan leyendo,Omission,Clitics,Masculine,Plural,NA,NA,NA,L2L,4th/5th,Late,Yes,9,0,133,2023,NA,0.3333333333333333,NA,NA,0.18836882902987226,-0.07201914722157134
H27,1,1,L2L 4th/5th,5,11,133,NA,NA,NA,3,6,4,8,Japanese,Yes,No,No,Production,Prod-09,NA,NA,NA,NA,NA,NA,poniendo en el suelo,Omission,Clitics,Feminine,Plural,NA,NA,NA,L2L,4th/5th,Late,Yes,9,0,133,2023,NA,0.3333333333333333,NA,NA,0.18836882902987226,-0.07201914722157134
H27,1,1,L2L 4th/5th,5,11,133,NA,NA,NA,3,6,4,8,Japanese,Yes,No,No,Production,Prod-13,NA,NA,NA,NA,NA,NA,escuchando,Omission,Clitics,Feminine,Singular,NA,NA,NA,L2L,4th/5th,Late,Yes,9,0,133,2023,NA,0.3333333333333333,NA,NA,0.18836882902987226,-0.07201914722157134
H27,1,1,L2L 4th/5th,5,11,133,NA,NA,NA,3,6,4,8,Japanese,Yes,No,No,Production,Prod-15,NA,NA,NA,NA,NA,NA,poniendo en una mesa,Omission,Clitics,Masculine,Plural,NA,NA,NA,L2L,4th/5th,Late,Yes,9,0,133,2023,NA,0.3333333333333333,NA,NA,0.18836882902987226,-0.07201914722157134
H27,1,1,L2L 4th/5th,5,11,133,NA,NA,NA,3,6,4,8,Japanese,Yes,No,No,Production,Prod-17,1,1,1,NA,NA,NA,comiendolas,NA,Clitics,Feminine,Plural,NA,NA,NA,L2L,4th/5th,Late,Yes,9,0,133,2023,1,0.3333333333333333,NA,NA,0.18836882902987226,-0.07201914722157134
H27,1,1,L2L 4th/5th,5,11,133,NA,NA,NA,3,6,4,8,Japanese,Yes,No,No,Production,Prod-19,NA,NA,NA,NA,NA,NA,estan cocinando,Omission,Clitics,Masculine,Singular,NA,NA,NA,L2L,4th/5th,Late,Yes,9,0,133,2023,NA,0.3333333333333333,NA,NA,0.18836882902987226,-0.07201914722157134
H27,1,2,L2L 7th/8th,8,11,133,NA,NA,NA,3,6,4,8,Japanese,Yes,No,No,Production,Prod-03,NA,NA,NA,NA,NA,NA,están rompiendo,Omission,Clitics,Masculine,Singular,NA,NA,NA,L2L,7th/8th,Late,Yes,9,36,169,2026,NA,0.3333333333333333,NA,NA,0.18836882902987226,1.1999008998378147
H27,1,2,L2L 7th/8th,8,11,133,NA,NA,NA,3,6,4,8,Japanese,Yes,No,No,Production,Prod-05,NA,NA,NA,NA,NA,NA,están comiendo,Omission,Clitics,Feminine,Singular,NA,NA,NA,L2L,7th/8th,Late,Yes,9,36,169,2026,NA,0.3333333333333333,NA,NA,0.18836882902987226,1.1999008998378147
H27,1,2,L2L 7th/8th,8,11,133,NA,NA,NA,3,6,4,8,Japanese,Yes,No,No,Production,Prod-09,NA,NA,NA,NA,NA,NA,están quitando sus chaquetas,Possessive,Clitics,Feminine,Plural,NA,NA,NA,L2L,7th/8th,Late,Yes,9,36,169,2026,NA,0.3333333333333333,NA,NA,0.18836882902987226,1.1999008998378147
H27,1,2,L2L 7th/8th,8,11,133,NA,NA,NA,3,6,4,8,Japanese,Yes,No,No,Production,Prod-15,NA,NA,NA,NA,NA,NA,están poniendo en la mesa,Omission,Clitics,Masculine,Plural,NA,NA,NA,L2L,7th/8th,Late,Yes,9,36,169,2026,NA,0.3333333333333333,NA,NA,0.18836882902987226,1.1999008998378147
H28,1,1,L2L 4th/5th,5,NA,139,NA,NA,NA,2,4,NA,8,"French, Turkish",Yes,Yes,Yes,Production,Prod-03,NA,NA,NA,NA,NA,Se,se rompen,se,Clitics,Masculine,Singular,NA,NA,NA,L2L,4th/5th,Late,Yes,6,0,139,2023,NA,0.3333333333333333,NA,NA,0.41814597392181296,0.13996752728832632
H28,1,1,L2L 4th/5th,5,NA,139,NA,NA,NA,2,4,NA,8,"French, Turkish",Yes,Yes,Yes,Production,Prod-05,NA,NA,NA,NA,NA,Se,se contan,se,Clitics,Feminine,Singular,NA,NA,NA,L2L,4th/5th,Late,Yes,6,0,139,2023,NA,0.3333333333333333,NA,NA,0.41814597392181296,0.13996752728832632
H28,1,1,L2L 4th/5th,5,NA,139,NA,NA,NA,2,4,NA,8,"French, Turkish",Yes,Yes,Yes,Production,Prod-07,NA,NA,NA,NA,NA,Se,se cuentan,se,Clitics,Masculine,Plural,NA,NA,NA,L2L,4th/5th,Late,Yes,6,0,139,2023,NA,0.3333333333333333,NA,NA,0.41814597392181296,0.13996752728832632
H28,1,1,L2L 4th/5th,5,NA,139,NA,NA,NA,2,4,NA,8,"French, Turkish",Yes,Yes,Yes,Production,Prod-09,NA,NA,NA,NA,NA,Se,se quitan,se,Clitics,Feminine,Plural,NA,NA,NA,L2L,4th/5th,Late,Yes,6,0,139,2023,NA,0.3333333333333333,NA,NA,0.41814597392181296,0.13996752728832632
H28,1,1,L2L 4th/5th,5,NA,139,NA,NA,NA,2,4,NA,8,"French, Turkish",Yes,Yes,Yes,Production,Prod-11,NA,NA,NA,NA,NA,Se,se limpia,se,Clitics,Masculine,Singular,NA,NA,NA,L2L,4th/5th,Late,Yes,6,0,139,2023,NA,0.3333333333333333,NA,NA,0.41814597392181296,0.13996752728832632
H28,1,1,L2L 4th/5th,5,NA,139,NA,NA,NA,2,4,NA,8,"French, Turkish",Yes,Yes,Yes,Production,Prod-13,NA,NA,NA,NA,NA,Se,se escuchan,se,Clitics,Feminine,Singular,NA,NA,NA,L2L,4th/5th,Late,Yes,6,0,139,2023,NA,0.3333333333333333,NA,NA,0.41814597392181296,0.13996752728832632
H28,1,1,L2L 4th/5th,5,NA,139,NA,NA,NA,2,4,NA,8,"French, Turkish",Yes,Yes,Yes,Production,Prod-15,NA,NA,NA,NA,NA,Se,se ponen en la mesa,se,Clitics,Masculine,Plural,NA,NA,NA,L2L,4th/5th,Late,Yes,6,0,139,2023,NA,0.3333333333333333,NA,NA,0.41814597392181296,0.13996752728832632
H28,1,1,L2L 4th/5th,5,NA,139,NA,NA,NA,2,4,NA,8,"French, Turkish",Yes,Yes,Yes,Production,Prod-17,NA,NA,NA,NA,NA,Se,se comen,se,Clitics,Feminine,Plural,NA,NA,NA,L2L,4th/5th,Late,Yes,6,0,139,2023,NA,0.3333333333333333,NA,NA,0.41814597392181296,0.13996752728832632
H28,1,1,L2L 4th/5th,5,NA,139,NA,NA,NA,2,4,NA,8,"French, Turkish",Yes,Yes,Yes,Production,Prod-19,NA,NA,NA,NA,NA,NA,se estan haciendo en comida,DP,Clitics,Masculine,Singular,NA,NA,NA,L2L,4th/5th,Late,Yes,6,0,139,2023,NA,0.3333333333333333,NA,NA,0.41814597392181296,0.13996752728832632
H28,1,1,L2L 4th/5th,5,NA,139,NA,NA,NA,2,4,NA,8,"French, Turkish",Yes,Yes,Yes,Production,Prod-21,NA,NA,NA,NA,NA,Se,se cierran,se,Clitics,Feminine,Singular,NA,NA,NA,L2L,4th/5th,Late,Yes,6,0,139,2023,NA,0.3333333333333333,NA,NA,0.41814597392181296,0.13996752728832632
H28,1,1,L2L 4th/5th,5,NA,139,NA,NA,NA,2,4,NA,8,"French, Turkish",Yes,Yes,Yes,Production,Prod-23,NA,NA,NA,NA,NA,Se,se juegan,se,Clitics,Masculine,Plural,NA,NA,NA,L2L,4th/5th,Late,Yes,6,0,139,2023,NA,0.3333333333333333,NA,NA,0.41814597392181296,0.13996752728832632
H28,1,1,L2L 4th/5th,5,NA,139,NA,NA,NA,2,4,NA,8,"French, Turkish",Yes,Yes,Yes,Production,Prod-25,NA,NA,NA,NA,NA,Se,se ponen,se,Clitics,Feminine,Plural,NA,NA,NA,L2L,4th/5th,Late,Yes,6,0,139,2023,NA,0.3333333333333333,NA,NA,0.41814597392181296,0.13996752728832632
H28,1,2,L2L 7th/8th,8,NA,139,NA,NA,NA,2,4,NA,8,"French, Turkish",Yes,Yes,Yes,Production,Prod-09,NA,NA,NA,NA,NA,NA,quitando sus chaquetas,Possessive,Clitics,Feminine,Plural,NA,NA,NA,L2L,7th/8th,Late,Yes,6,36,175,2026,NA,0.3333333333333333,NA,NA,0.41814597392181296,1.4118875743477124
H28,1,2,L2L 7th/8th,8,NA,139,NA,NA,NA,2,4,NA,8,"French, Turkish",Yes,Yes,Yes,Production,Prod-19,NA,NA,NA,NA,NA,NA,cocinando,Omission,Clitics,Masculine,Singular,NA,NA,NA,L2L,7th/8th,Late,Yes,6,36,175,2026,NA,0.3333333333333333,NA,NA,0.41814597392181296,1.4118875743477124
H29,1,1,L2L 4th/5th,5,11,138,NA,NA,NA,3,3,3,7,"Ukrainian, Russian",Yes,Yes,Yes,Production,Prod-03,NA,NA,NA,NA,NA,ENGLISH OBJ,rompe el balloon,DP,Clitics,Masculine,Singular,NA,NA,NA,L2L,4th/5th,Late,Yes,6,0,138,2023,NA,0.5,NA,NA,0.3798497831064895,0.10463641487001005
H29,1,1,L2L 4th/5th,5,11,138,NA,NA,NA,3,3,3,7,"Ukrainian, Russian",Yes,Yes,Yes,Production,Prod-09,NA,NA,NA,NA,NA,POSSESSIVE,sus chaquetas,DP,Clitics,Feminine,Plural,NA,NA,NA,L2L,4th/5th,Late,Yes,6,0,138,2023,NA,0.5,NA,NA,0.3798497831064895,0.10463641487001005
H29,1,2,L2L 7th/8th,8,NA,138,NA,NA,NA,3,3,3,7,"Ukrainian, Russian",Yes,Yes,Yes,Production,Prod-09,NA,NA,NA,NA,NA,NA,se sacan sus chaquetas,Se,Clitics,Feminine,Plural,NA,NA,NA,L2L,7th/8th,Late,Yes,6,36,174,2026,NA,0.5,NA,NA,0.3798497831064895,1.376556461929396
H29,1,2,L2L 7th/8th,8,NA,138,NA,NA,NA,3,3,3,7,"Ukrainian, Russian",Yes,Yes,Yes,Production,Prod-25,1,NA,NA,NA,NA,NA,se pongan las mascarillas,NA,Clitics,Feminine,Plural,NA,NA,NA,L2L,7th/8th,Late,Yes,6,36,174,2026,NA,0.5,NA,NA,0.3798497831064895,1.376556461929396
H30,1,1,L2L 4th/5th,5,NA,140,NA,NA,NA,2,5,NA,6,L2 learner,L2,L2,L2,Production,Prod-05,NA,NA,NA,NA,NA,NA,rompe en 2 para comer,Omission,Clitics,Feminine,Singular,NA,NA,NA,L2L,4th/5th,Late,Yes,7,0,140,2023,NA,0.2857142857142857,NA,NA,0.4564421647371364,0.1752986397066426
H30,1,1,L2L 4th/5th,5,NA,140,NA,NA,NA,2,5,NA,6,L2 learner,L2,L2,L2,Production,Prod-07,NA,NA,NA,NA,NA,NA,estan contando,Omission,Clitics,Masculine,Plural,NA,NA,NA,L2L,4th/5th,Late,Yes,7,0,140,2023,NA,0.2857142857142857,NA,NA,0.4564421647371364,0.1752986397066426
H30,1,1,L2L 4th/5th,5,NA,140,NA,NA,NA,2,5,NA,6,L2 learner,L2,L2,L2,Production,Prod-13,NA,NA,NA,NA,NA,NA,estan escuchando musica,BN,Clitics,Feminine,Singular,NA,NA,NA,L2L,4th/5th,Late,Yes,7,0,140,2023,NA,0.2857142857142857,NA,NA,0.4564421647371364,0.1752986397066426
H30,1,1,L2L 4th/5th,5,NA,140,NA,NA,NA,2,5,NA,6,L2 learner,L2,L2,L2,Production,Prod-15,1,1,1,NA,NA,NA,ponerlos en la mesa,NA,Clitics,Masculine,Plural,NA,NA,NA,L2L,4th/5th,Late,Yes,7,0,140,2023,1,0.2857142857142857,NA,NA,0.4564421647371364,0.1752986397066426
H31,1,1,L2L 4th/5th,5,NA,131,NA,NA,NA,2,5,NA,8,L2 learner,L2,L2,L2,Production,Prod-03,NA,NA,NA,NA,NA,NA,no hay aire,Other,Clitics,Masculine,Singular,NA,NA,NA,L2L,4th/5th,Late,Yes,7,0,131,2023,NA,0.2857142857142857,NA,NA,0.11177644739922535,-0.1426813720582039
H31,1,1,L2L 4th/5th,5,NA,131,NA,NA,NA,2,5,NA,8,L2 learner,L2,L2,L2,Production,Prod-07,NA,NA,NA,NA,NA,NA,se cuentan,se,Clitics,Masculine,Plural,NA,NA,NA,L2L,4th/5th,Late,Yes,7,0,131,2023,NA,0.2857142857142857,NA,NA,0.11177644739922535,-0.1426813720582039
H31,1,1,L2L 4th/5th,5,NA,131,NA,NA,NA,2,5,NA,8,L2 learner,L2,L2,L2,Production,Prod-09,NA,NA,NA,NA,NA,NA,poner entre cuerpo,Omission,Clitics,Feminine,Plural,NA,NA,NA,L2L,4th/5th,Late,Yes,7,0,131,2023,NA,0.2857142857142857,NA,NA,0.11177644739922535,-0.1426813720582039
H31,1,1,L2L 4th/5th,5,NA,131,NA,NA,NA,2,5,NA,8,L2 learner,L2,L2,L2,Production,Prod-11,NA,NA,NA,NA,NA,NA,se limpian,se,Clitics,Masculine,Singular,NA,NA,NA,L2L,4th/5th,Late,Yes,7,0,131,2023,NA,0.2857142857142857,NA,NA,0.11177644739922535,-0.1426813720582039
H31,1,1,L2L 4th/5th,5,NA,131,NA,NA,NA,2,5,NA,8,L2 learner,L2,L2,L2,Production,Prod-13,NA,NA,NA,NA,NA,NA,se escucha,se,Clitics,Feminine,Singular,NA,NA,NA,L2L,4th/5th,Late,Yes,7,0,131,2023,NA,0.2857142857142857,NA,NA,0.11177644739922535,-0.1426813720582039
H31,1,1,L2L 4th/5th,5,NA,131,NA,NA,NA,2,5,NA,8,L2 learner,L2,L2,L2,Production,Prod-15,NA,NA,NA,NA,NA,NA,ponen en la mesa,Omission,Clitics,Masculine,Plural,NA,NA,NA,L2L,4th/5th,Late,Yes,7,0,131,2023,NA,0.2857142857142857,NA,NA,0.11177644739922535,-0.1426813720582039
H31,1,1,L2L 4th/5th,5,NA,131,NA,NA,NA,2,5,NA,8,L2 learner,L2,L2,L2,Production,Prod-19,NA,NA,NA,NA,NA,NA,cocinar,Omission,Clitics,Masculine,Singular,NA,NA,NA,L2L,4th/5th,Late,Yes,7,0,131,2023,NA,0.2857142857142857,NA,NA,0.11177644739922535,-0.1426813720582039
H31,1,1,L2L 4th/5th,5,NA,131,NA,NA,NA,2,5,NA,8,L2 learner,L2,L2,L2,Production,Prod-21,NA,NA,NA,NA,NA,Removed coding for DP -Jen,cerrar puerta,BN,Clitics,Feminine,Singular,NA,NA,NA,L2L,4th/5th,Late,Yes,7,0,131,2023,NA,0.2857142857142857,NA,NA,0.11177644739922535,-0.1426813720582039
H31,1,1,L2L 4th/5th,5,NA,131,NA,NA,NA,2,5,NA,8,L2 learner,L2,L2,L2,Production,Prod-23,NA,NA,NA,NA,NA,NA,juegan,Omission,Clitics,Masculine,Plural,NA,NA,NA,L2L,4th/5th,Late,Yes,7,0,131,2023,NA,0.2857142857142857,NA,NA,0.11177644739922535,-0.1426813720582039
H31,1,1,L2L 4th/5th,5,NA,131,NA,NA,NA,2,5,NA,8,L2 learner,L2,L2,L2,Production,Prod-25,NA,NA,NA,NA,NA,NA,pone entre su bueno,Omission,Clitics,Feminine,Plural,NA,NA,NA,L2L,4th/5th,Late,Yes,7,0,131,2023,NA,0.2857142857142857,NA,NA,0.11177644739922535,-0.1426813720582039
H31,1,2,L2L 7th/8th,8,NA,131,NA,NA,NA,2,5,NA,8,L2 learner,L2,L2,L2,Production,Prod-03,NA,1,1,NA,NA,NA,quiere destruirlo,NA,Clitics,Masculine,Singular,NA,NA,NA,L2L,7th/8th,Late,Yes,7,36,167,2026,1,0.2857142857142857,NA,NA,0.11177644739922535,1.129238675001182
H31,1,2,L2L 7th/8th,8,NA,131,NA,NA,NA,2,5,NA,8,L2 learner,L2,L2,L2,Production,Prod-05,NA,NA,NA,NA,NA,NA,comer,Omission,Clitics,Feminine,Singular,NA,NA,NA,L2L,7th/8th,Late,Yes,7,36,167,2026,NA,0.2857142857142857,NA,NA,0.11177644739922535,1.129238675001182
H31,1,2,L2L 7th/8th,8,NA,131,NA,NA,NA,2,5,NA,8,L2 learner,L2,L2,L2,Production,Prod-07,NA,NA,NA,NA,NA,NA,contar,Omission,Clitics,Masculine,Plural,NA,NA,NA,L2L,7th/8th,Late,Yes,7,36,167,2026,NA,0.2857142857142857,NA,NA,0.11177644739922535,1.129238675001182
H31,1,2,L2L 7th/8th,8,NA,131,NA,NA,NA,2,5,NA,8,L2 learner,L2,L2,L2,Production,Prod-09,NA,0,1,NA,NA,NA,ponerlos en su cuerpo,Gender,Clitics,Feminine,Plural,NA,NA,NA,L2L,7th/8th,Late,Yes,7,36,167,2026,0,0.2857142857142857,NA,NA,0.11177644739922535,1.129238675001182
H31,1,2,L2L 7th/8th,8,NA,131,NA,NA,NA,2,5,NA,8,L2 learner,L2,L2,L2,Production,Prod-11,NA,NA,NA,NA,NA,NA,llamar,Omission,Clitics,Masculine,Singular,NA,NA,NA,L2L,7th/8th,Late,Yes,7,36,167,2026,NA,0.2857142857142857,NA,NA,0.11177644739922535,1.129238675001182
H31,1,2,L2L 7th/8th,8,NA,131,NA,NA,NA,2,5,NA,8,L2 learner,L2,L2,L2,Production,Prod-13,NA,NA,NA,NA,NA,NA,escuchar,Omission,Clitics,Feminine,Singular,NA,NA,NA,L2L,7th/8th,Late,Yes,7,36,167,2026,NA,0.2857142857142857,NA,NA,0.11177644739922535,1.129238675001182
H31,1,2,L2L 7th/8th,8,NA,131,NA,NA,NA,2,5,NA,8,L2 learner,L2,L2,L2,Production,Prod-15,NA,NA,NA,NA,NA,NA,poner en la mesa,Omission,Clitics,Masculine,Plural,NA,NA,NA,L2L,7th/8th,Late,Yes,7,36,167,2026,NA,0.2857142857142857,NA,NA,0.11177644739922535,1.129238675001182
H31,1,2,L2L 7th/8th,8,NA,131,NA,NA,NA,2,5,NA,8,L2 learner,L2,L2,L2,Production,Prod-17,NA,NA,NA,NA,NA,NA,comer,Omission,Clitics,Feminine,Plural,NA,NA,NA,L2L,7th/8th,Late,Yes,7,36,167,2026,NA,0.2857142857142857,NA,NA,0.11177644739922535,1.129238675001182
H31,1,2,L2L 7th/8th,8,NA,131,NA,NA,NA,2,5,NA,8,L2 learner,L2,L2,L2,Production,Prod-19,0,NA,NA,NA,NA,NA,cocinar,Omission,Clitics,Masculine,Singular,NA,NA,NA,L2L,7th/8th,Late,Yes,7,36,167,2026,NA,0.2857142857142857,NA,NA,0.11177644739922535,1.129238675001182
H32,1,1,L2L 4th/5th,5,NA,130,NA,NA,NA,1,5,NA,8,Russian,No,Yes,Yes,Production,Prod-03,NA,NA,NA,NA,NA,NA,se rompe con un pin,se,Clitics,Masculine,Singular,NA,NA,NA,L2L,4th/5th,Late,Yes,6,0,130,2023,NA,0.16666666666666666,NA,NA,0.0734802565839019,-0.17801248447652016
H32,1,1,L2L 4th/5th,5,NA,130,NA,NA,NA,1,5,NA,8,Russian,No,Yes,Yes,Production,Prod-07,NA,NA,NA,NA,NA,NA,se cuenta,se,Clitics,Masculine,Plural,NA,NA,NA,L2L,4th/5th,Late,Yes,6,0,130,2023,NA,0.16666666666666666,NA,NA,0.0734802565839019,-0.17801248447652016
H32,1,1,L2L 4th/5th,5,NA,130,NA,NA,NA,1,5,NA,8,Russian,No,Yes,Yes,Production,Prod-13,NA,NA,NA,NA,NA,NA,se escuchan,se,Clitics,Feminine,Singular,NA,NA,NA,L2L,4th/5th,Late,Yes,6,0,130,2023,NA,0.16666666666666666,NA,NA,0.0734802565839019,-0.17801248447652016
H32,1,1,L2L 4th/5th,5,NA,130,NA,NA,NA,1,5,NA,8,Russian,No,Yes,Yes,Production,Prod-15,1,1,1,NA,NA,NA,los pone en la mesa,NA,Clitics,Masculine,Plural,NA,NA,NA,L2L,4th/5th,Late,Yes,6,0,130,2023,1,0.16666666666666666,NA,NA,0.0734802565839019,-0.17801248447652016
H32,1,1,L2L 4th/5th,5,NA,130,NA,NA,NA,1,5,NA,8,Russian,No,Yes,Yes,Production,Prod-17,NA,NA,NA,NA,NA,NA,se comen,se,Clitics,Feminine,Plural,NA,NA,NA,L2L,4th/5th,Late,Yes,6,0,130,2023,NA,0.16666666666666666,NA,NA,0.0734802565839019,-0.17801248447652016
H32,1,1,L2L 4th/5th,5,NA,130,NA,NA,NA,1,5,NA,8,Russian,No,Yes,Yes,Production,Prod-21,NA,NA,NA,NA,NA,NA,se cierran,se,Clitics,Feminine,Singular,NA,NA,NA,L2L,4th/5th,Late,Yes,6,0,130,2023,NA,0.16666666666666666,NA,NA,0.0734802565839019,-0.17801248447652016
H32,1,1,L2L 4th/5th,5,NA,130,NA,NA,NA,1,5,NA,8,Russian,No,Yes,Yes,Production,Prod-25,NA,NA,NA,NA,NA,NA,se ponen,se,Clitics,Feminine,Plural,NA,NA,NA,L2L,4th/5th,Late,Yes,6,0,130,2023,NA,0.16666666666666666,NA,NA,0.0734802565839019,-0.17801248447652016
H32,1,2,L2L 7th/8th,8,NA,130,NA,NA,NA,1,5,NA,8,Russian,No,Yes,Yes,Production,Prod-25,NA,NA,NA,NA,NA,NA,se ponen a su cara,Omission,Clitics,Feminine,Plural,NA,NA,NA,L2L,7th/8th,Late,Yes,6,36,166,2026,NA,0.16666666666666666,NA,NA,0.0734802565839019,1.0939075625828658
H33,1,1,L2L 4th/5th,5,NA,128,NA,NA,NA,2,4,NA,3,"Hindi, Marathi",Yes,Yes,Yes,Production,Prod-03,NA,NA,NA,NA,NA,ENGLISH OBJ,poniendo un needle,DP,Clitics,Masculine,Singular,NA,NA,NA,L2L,4th/5th,Late,Yes,6,0,128,2023,NA,0.3333333333333333,NA,NA,-0.0031121250467449975,-0.24867470931315272
H33,1,1,L2L 4th/5th,5,NA,128,NA,NA,NA,2,4,NA,3,"Hindi, Marathi",Yes,Yes,Yes,Production,Prod-17,NA,NA,NA,NA,NA,Skipped,NA,NA,Clitics,Feminine,Plural,NA,NA,NA,L2L,4th/5th,Late,Yes,6,0,128,2023,NA,0.3333333333333333,NA,NA,-0.0031121250467449975,-0.24867470931315272
H33,1,2,L2L 7th/8th,8,NA,128,NA,NA,NA,2,4,NA,3,"Hindi, Marathi",Yes,Yes,Yes,Production,Prod-09,NA,NA,NA,NA,NA,NA,están poniendo abajo,Omission,Clitics,Feminine,Plural,NA,NA,NA,L2L,7th/8th,Late,Yes,6,36,164,2026,NA,0.3333333333333333,NA,NA,-0.0031121250467449975,1.0232453377462332
H33,1,2,L2L 7th/8th,8,NA,128,NA,NA,NA,2,4,NA,3,"Hindi, Marathi",Yes,Yes,Yes,Production,Prod-11,NA,NA,NA,NA,NA,NA,lavando en el baño,Omission,Clitics,Masculine,Singular,NA,NA,NA,L2L,7th/8th,Late,Yes,6,36,164,2026,NA,0.3333333333333333,NA,NA,-0.0031121250467449975,1.0232453377462332
H33,1,2,L2L 7th/8th,8,NA,128,NA,NA,NA,2,4,NA,3,"Hindi, Marathi",Yes,Yes,Yes,Production,Prod-15,NA,NA,NA,NA,NA,NA,poniendo en la mesa,Omission,Clitics,Masculine,Plural,NA,NA,NA,L2L,7th/8th,Late,Yes,6,36,164,2026,NA,0.3333333333333333,NA,NA,-0.0031121250467449975,1.0232453377462332
H34,1,1,L2L 4th/5th,5,11,132,NA,NA,NA,2,4,3,8,Sinhala,Yes,Yes,Yes,Production,Prod-03,NA,NA,NA,NA,NA,NA,se no tiene aire,Other,Clitics,Masculine,Singular,NA,NA,NA,L2L,4th/5th,Late,Yes,6,0,132,2023,NA,0.3333333333333333,NA,NA,0.1500726382145488,-0.10735025963988762
H34,1,1,L2L 4th/5th,5,11,132,NA,NA,NA,2,4,3,8,Sinhala,Yes,Yes,Yes,Production,Prod-07,NA,NA,NA,NA,NA,Se,se cuentan,se,Clitics,Masculine,Plural,NA,NA,NA,L2L,4th/5th,Late,Yes,6,0,132,2023,NA,0.3333333333333333,NA,NA,0.1500726382145488,-0.10735025963988762
H34,1,1,L2L 4th/5th,5,11,132,NA,NA,NA,2,4,3,8,Sinhala,Yes,Yes,Yes,Production,Prod-11,NA,NA,NA,NA,NA,Se,se lavan un baño,Other,Clitics,Masculine,Singular,NA,NA,NA,L2L,4th/5th,Late,Yes,6,0,132,2023,NA,0.3333333333333333,NA,NA,0.1500726382145488,-0.10735025963988762
H34,1,1,L2L 4th/5th,5,11,132,NA,NA,NA,2,4,3,8,Sinhala,Yes,Yes,Yes,Production,Prod-13,NA,NA,NA,NA,NA,NA,se escuchan,se,Clitics,Feminine,Singular,NA,NA,NA,L2L,4th/5th,Late,Yes,6,0,132,2023,NA,0.3333333333333333,NA,NA,0.1500726382145488,-0.10735025963988762
H34,1,1,L2L 4th/5th,5,11,132,NA,NA,NA,2,4,3,8,Sinhala,Yes,Yes,Yes,Production,Prod-15,NA,NA,NA,NA,NA,NA,se ponen en la mesa,se,Clitics,Masculine,Plural,NA,NA,NA,L2L,4th/5th,Late,Yes,6,0,132,2023,NA,0.3333333333333333,NA,NA,0.1500726382145488,-0.10735025963988762
H34,1,1,L2L 4th/5th,5,11,132,NA,NA,NA,2,4,3,8,Sinhala,Yes,Yes,Yes,Production,Prod-17,NA,NA,NA,NA,NA,Se,se comen,se,Clitics,Feminine,Plural,NA,NA,NA,L2L,4th/5th,Late,Yes,6,0,132,2023,NA,0.3333333333333333,NA,NA,0.1500726382145488,-0.10735025963988762
H34,1,1,L2L 4th/5th,5,11,132,NA,NA,NA,2,4,3,8,Sinhala,Yes,Yes,Yes,Production,Prod-21,NA,NA,NA,NA,NA,NA,cierra,Omission,Clitics,Feminine,Singular,NA,NA,NA,L2L,4th/5th,Late,Yes,6,0,132,2023,NA,0.3333333333333333,NA,NA,0.1500726382145488,-0.10735025963988762
H34,1,2,L2L 7th/8th,8,11,132,NA,NA,NA,2,4,3,8,Sinhala,Yes,Yes,Yes,Production,Prod-03,NA,NA,NA,NA,NA,NA,se rompen,Se,Clitics,Masculine,Singular,NA,NA,NA,L2L,7th/8th,Late,Yes,6,36,168,2026,NA,0.3333333333333333,NA,NA,0.1500726382145488,1.1645697874194985
H34,1,2,L2L 7th/8th,8,11,132,NA,NA,NA,2,4,3,8,Sinhala,Yes,Yes,Yes,Production,Prod-07,NA,NA,NA,NA,NA,NA,son contando,Omission,Clitics,Masculine,Plural,NA,NA,NA,L2L,7th/8th,Late,Yes,6,36,168,2026,NA,0.3333333333333333,NA,NA,0.1500726382145488,1.1645697874194985
H35,1,1,L2L 4th/5th,5,NA,130,NA,NA,NA,2,2,NA,7,Romanian,Yes,Yes,Yes,Production,Prod-09,NA,NA,NA,NA,NA,NA,se quitar,se,Clitics,Feminine,Plural,NA,NA,NA,L2L,4th/5th,Late,Yes,4,0,130,2023,NA,0.5,NA,NA,0.0734802565839019,-0.17801248447652016
H35,1,1,L2L 4th/5th,5,NA,130,NA,NA,NA,2,2,NA,7,Romanian,Yes,Yes,Yes,Production,Prod-19,NA,NA,NA,NA,NA,NA,los niños cook,English,Clitics,Masculine,Singular,NA,NA,NA,L2L,4th/5th,Late,Yes,4,0,130,2023,NA,0.5,NA,NA,0.0734802565839019,-0.17801248447652016
H35,1,1,L2L 4th/5th,5,NA,130,NA,NA,NA,2,2,NA,7,Romanian,Yes,Yes,Yes,Production,Prod-23,NA,NA,NA,NA,NA,NA,play,English,Clitics,Masculine,Plural,NA,NA,NA,L2L,4th/5th,Late,Yes,4,0,130,2023,NA,0.5,NA,NA,0.0734802565839019,-0.17801248447652016
H35,1,1,L2L 4th/5th,5,NA,130,NA,NA,NA,2,2,NA,7,Romanian,Yes,Yes,Yes,Production,Prod-25,NA,NA,NA,NA,NA,NA,ponen en la cara,Omission,Clitics,Feminine,Plural,NA,NA,NA,L2L,4th/5th,Late,Yes,4,0,130,2023,NA,0.5,NA,NA,0.0734802565839019,-0.17801248447652016
H35,1,2,L2L 7th/8th,8,NA,130,NA,NA,NA,2,2,NA,7,Romanian,Yes,Yes,Yes,Production,Prod-07,NA,NA,NA,NA,NA,NA,está contando hasta,PP,Clitics,Masculine,Plural,NA,NA,NA,L2L,7th/8th,Late,Yes,4,36,166,2026,NA,0.5,NA,NA,0.0734802565839019,1.0939075625828658
H36,1,1,L2L 7th/8th,7,NA,155,NA,NA,NA,2,4,NA,3,L2 learner,L2,L2,L2,Production,Prod-07,NA,NA,NA,NA,NA,NA,como count,Omission,Clitics,Masculine,Plural,NA,NA,NA,L2L,7th/8th,Late,Yes,6,0,155,2023,NA,0.3333333333333333,NA,NA,1.0308850269669882,0.7052653259813868
H36,1,1,L2L 7th/8th,7,NA,155,NA,NA,NA,2,4,NA,3,L2 learner,L2,L2,L2,Production,Prod-09,NA,NA,NA,NA,NA,NA,añadir a su ropa,Omission,Clitics,Feminine,Plural,NA,NA,NA,L2L,7th/8th,Late,Yes,6,0,155,2023,NA,0.3333333333333333,NA,NA,1.0308850269669882,0.7052653259813868
H36,1,1,L2L 7th/8th,7,NA,155,NA,NA,NA,2,4,NA,3,L2 learner,L2,L2,L2,Production,Prod-15,NA,NA,NA,NA,NA,Codes omitted (PP not DP) -Jen,salir no con los libros,DP,Clitics,Masculine,Plural,NA,NA,NA,L2L,7th/8th,Late,Yes,6,0,155,2023,NA,0.3333333333333333,NA,NA,1.0308850269669882,0.7052653259813868
H36,1,1,L2L 7th/8th,7,NA,155,NA,NA,NA,2,4,NA,3,L2 learner,L2,L2,L2,Production,Prod-19,NA,NA,NA,NA,NA,Codes omitted (PP not DP) -Jen,cocinar con el pescado,DP,Clitics,Masculine,Singular,NA,NA,NA,L2L,7th/8th,Late,Yes,6,0,155,2023,NA,0.3333333333333333,NA,NA,1.0308850269669882,0.7052653259813868
H36,1,1,L2L 7th/8th,7,NA,155,NA,NA,NA,2,4,NA,3,L2 learner,L2,L2,L2,Production,Prod-25,NA,NA,NA,NA,NA,NA,añadir a la ropa,Omission,Clitics,Feminine,Plural,NA,NA,NA,L2L,7th/8th,Late,Yes,6,0,155,2023,NA,0.3333333333333333,NA,NA,1.0308850269669882,0.7052653259813868
H37,1,1,L2L 7th/8th,8,NA,174,NA,NA,NA,3,3,NA,3,L2 learner,L2,L2,L2,Production,Prod-03,1,1,1,NA,NA,NA,lo golpea,NA,Clitics,Masculine,Singular,NA,NA,NA,L2L,7th/8th,Late,Yes,6,0,174,2023,1,0.5,NA,NA,1.7585126524581336,1.376556461929396
H37,1,1,L2L 7th/8th,8,NA,174,NA,NA,NA,3,3,NA,3,L2 learner,L2,L2,L2,Production,Prod-05,1,0,1,NA,NA,NA,lo cortan y comen,NA,Clitics,Feminine,Singular,NA,NA,NA,L2L,7th/8th,Late,Yes,6,0,174,2023,0,0.5,NA,NA,1.7585126524581336,1.376556461929396
H37,1,1,L2L 7th/8th,8,NA,174,NA,NA,NA,3,3,NA,3,L2 learner,L2,L2,L2,Production,Prod-07,NA,NA,NA,NA,NA,NA,son diciendo,Omission,Clitics,Masculine,Plural,NA,NA,NA,L2L,7th/8th,Late,Yes,6,0,174,2023,NA,0.5,NA,NA,1.7585126524581336,1.376556461929396
H37,1,1,L2L 7th/8th,8,NA,174,NA,NA,NA,3,3,NA,3,L2 learner,L2,L2,L2,Production,Prod-09,0,0,0,NA,NA,Changed accuracy from 1 to 0 -Jen,lo quitan,NA,Clitics,Feminine,Plural,NA,NA,NA,L2L,7th/8th,Late,Yes,6,0,174,2023,0,0.5,NA,NA,1.7585126524581336,1.376556461929396
H37,1,1,L2L 7th/8th,8,NA,174,NA,NA,NA,3,3,NA,3,L2 learner,L2,L2,L2,Production,Prod-11,1,1,1,NA,NA,NA,lo limpian,NA,Clitics,Masculine,Singular,NA,NA,NA,L2L,7th/8th,Late,Yes,6,0,174,2023,1,0.5,NA,NA,1.7585126524581336,1.376556461929396
H37,1,1,L2L 7th/8th,8,NA,174,NA,NA,NA,3,3,NA,3,L2 learner,L2,L2,L2,Production,Prod-13,1,0,1,NA,NA,NA,lo escucha,NA,Clitics,Feminine,Singular,NA,NA,NA,L2L,7th/8th,Late,Yes,6,0,174,2023,0,0.5,NA,NA,1.7585126524581336,1.376556461929396
H37,1,1,L2L 7th/8th,8,NA,174,NA,NA,NA,3,3,NA,3,L2 learner,L2,L2,L2,Production,Prod-15,NA,NA,NA,NA,NA,NA,ponen en mesa,Omission,Clitics,Masculine,Plural,NA,NA,NA,L2L,7th/8th,Late,Yes,6,0,174,2023,NA,0.5,NA,NA,1.7585126524581336,1.376556461929396
H37,1,1,L2L 7th/8th,8,NA,174,NA,NA,NA,3,3,NA,3,L2 learner,L2,L2,L2,Production,Prod-19,NA,NA,NA,NA,NA,NA,son cocinando,Omission,Clitics,Masculine,Singular,NA,NA,NA,L2L,7th/8th,Late,Yes,6,0,174,2023,NA,0.5,NA,NA,1.7585126524581336,1.376556461929396
H37,1,1,L2L 7th/8th,8,NA,174,NA,NA,NA,3,3,NA,3,L2 learner,L2,L2,L2,Production,Prod-25,1,1,1,NA,NA,NA,las ponen,NA,Clitics,Feminine,Plural,NA,NA,NA,L2L,7th/8th,Late,Yes,6,0,174,2023,1,0.5,NA,NA,1.7585126524581336,1.376556461929396
H38,1,1,HS 7th/8th,7,NA,159,NA,NA,NA,2,5,NA,8,Heritage Spanish,NA,NA,NA,Production,Prod-03,NA,NA,NA,NA,NA,possesive,estan rompiendo su globo,DP,Clitics,Masculine,Singular,NA,NA,NA,HS,7th/8th,Late,Yes,7,0,159,2023,NA,0.2857142857142857,NA,NA,1.184069790228282,0.8465897756546519
H38,1,1,HS 7th/8th,7,NA,159,NA,NA,NA,2,5,NA,8,Heritage Spanish,NA,NA,NA,Production,Prod-05,0,0,1,NA,NA,Changed accuracy from 1 to 0 -Jen,estan cortandolo para comer,NA,Clitics,Feminine,Singular,NA,NA,NA,HS,7th/8th,Late,Yes,7,0,159,2023,0,0.2857142857142857,NA,NA,1.184069790228282,0.8465897756546519
H38,1,1,HS 7th/8th,7,NA,159,NA,NA,NA,2,5,NA,8,Heritage Spanish,NA,NA,NA,Production,Prod-07,NA,NA,NA,NA,NA,Removed 0 code accuracy,están contando numeros,NA,Clitics,Masculine,Plural,NA,NA,NA,HS,7th/8th,Late,Yes,7,0,159,2023,NA,0.2857142857142857,NA,NA,1.184069790228282,0.8465897756546519
H38,1,1,HS 7th/8th,7,NA,159,NA,NA,NA,2,5,NA,8,Heritage Spanish,NA,NA,NA,Production,Prod-09,NA,NA,NA,NA,NA,NA,estan vistiendo,Omission,Clitics,Feminine,Plural,NA,NA,NA,HS,7th/8th,Late,Yes,7,0,159,2023,NA,0.2857142857142857,NA,NA,1.184069790228282,0.8465897756546519
H38,1,1,HS 7th/8th,7,NA,159,NA,NA,NA,2,5,NA,8,Heritage Spanish,NA,NA,NA,Production,Prod-11,NA,NA,NA,NA,NA,NA,limpiando,DP,Clitics,Masculine,Singular,NA,NA,NA,HS,7th/8th,Late,Yes,7,0,159,2023,NA,0.2857142857142857,NA,NA,1.184069790228282,0.8465897756546519
H38,1,1,HS 7th/8th,7,NA,159,NA,NA,NA,2,5,NA,8,Heritage Spanish,NA,NA,NA,Production,Prod-13,NA,NA,NA,NA,NA,NA,están escuchando la musica,Omission,Clitics,Feminine,Singular,NA,NA,NA,HS,7th/8th,Late,Yes,7,0,159,2023,NA,0.2857142857142857,NA,NA,1.184069790228282,0.8465897756546519
H38,1,1,HS 7th/8th,7,NA,159,NA,NA,NA,2,5,NA,8,Heritage Spanish,NA,NA,NA,Production,Prod-15,NA,NA,NA,NA,NA,NA,poniendo en la mesa,Omission,Clitics,Masculine,Plural,NA,NA,NA,HS,7th/8th,Late,Yes,7,0,159,2023,NA,0.2857142857142857,NA,NA,1.184069790228282,0.8465897756546519
H38,1,1,HS 7th/8th,7,NA,159,NA,NA,NA,2,5,NA,8,Heritage Spanish,NA,NA,NA,Production,Prod-17,NA,NA,NA,NA,NA,NA,Estas comiendo,DP,Clitics,Feminine,Plural,NA,NA,NA,HS,7th/8th,Late,Yes,7,0,159,2023,NA,0.2857142857142857,NA,NA,1.184069790228282,0.8465897756546519
H38,1,1,HS 7th/8th,7,NA,159,NA,NA,NA,2,5,NA,8,Heritage Spanish,NA,NA,NA,Production,Prod-19,NA,NA,NA,NA,NA,NA,están cocinando el pescado,NA,Clitics,Masculine,Singular,NA,NA,NA,HS,7th/8th,Late,Yes,7,0,159,2023,NA,0.2857142857142857,NA,NA,1.184069790228282,0.8465897756546519
H39,1,1,L2L 7th/8th,7,NA,159,NA,NA,NA,4,3,NA,8,L2 learner,L2,L2,L2,Production,Prod-03,NA,NA,NA,NA,NA,NA,hacen hueco,Other,Clitics,Masculine,Singular,NA,NA,NA,L2L,7th/8th,Late,Yes,7,0,159,2023,NA,0.5714285714285714,NA,NA,1.184069790228282,0.8465897756546519
H39,1,1,L2L 7th/8th,7,NA,159,NA,NA,NA,4,3,NA,8,L2 learner,L2,L2,L2,Production,Prod-05,NA,NA,NA,NA,NA,NA,cortan pizza en pedazos,BN,Clitics,Feminine,Singular,NA,NA,NA,L2L,7th/8th,Late,Yes,7,0,159,2023,NA,0.5714285714285714,NA,NA,1.184069790228282,0.8465897756546519
H39,1,1,L2L 7th/8th,7,NA,159,NA,NA,NA,4,3,NA,8,L2 learner,L2,L2,L2,Production,Prod-07,NA,NA,NA,NA,NA,Removed accuracy code 0 -Jen,son contando,Omission,Clitics,Masculine,Plural,NA,NA,NA,L2L,7th/8th,Late,Yes,7,0,159,2023,NA,0.5714285714285714,NA,NA,1.184069790228282,0.8465897756546519
H39,1,1,L2L 7th/8th,7,NA,159,NA,NA,NA,4,3,NA,8,L2 learner,L2,L2,L2,Production,Prod-09,NA,NA,NA,NA,NA,Possessive,quitando su chaqueta,Omission,Clitics,Feminine,Plural,NA,NA,NA,L2L,7th/8th,Late,Yes,7,0,159,2023,NA,0.5714285714285714,NA,NA,1.184069790228282,0.8465897756546519
H39,1,1,L2L 7th/8th,7,NA,159,NA,NA,NA,4,3,NA,8,L2 learner,L2,L2,L2,Production,Prod-11,NA,NA,NA,NA,NA,NA,estan lavando perro,BN,Clitics,Masculine,Singular,NA,NA,NA,L2L,7th/8th,Late,Yes,7,0,159,2023,NA,0.5714285714285714,NA,NA,1.184069790228282,0.8465897756546519
H39,1,1,L2L 7th/8th,7,NA,159,NA,NA,NA,4,3,NA,8,L2 learner,L2,L2,L2,Production,Prod-13,NA,NA,NA,NA,NA,NA,estan escuchando,Omission,Clitics,Feminine,Singular,NA,NA,NA,L2L,7th/8th,Late,Yes,7,0,159,2023,NA,0.5714285714285714,NA,NA,1.184069790228282,0.8465897756546519
H39,1,1,L2L 7th/8th,7,NA,159,NA,NA,NA,4,3,NA,8,L2 learner,L2,L2,L2,Production,Prod-17,NA,NA,NA,NA,NA,NA,son comiendo,Omission,Clitics,Feminine,Plural,NA,NA,NA,L2L,7th/8th,Late,Yes,7,0,159,2023,NA,0.5714285714285714,NA,NA,1.184069790228282,0.8465897756546519
H39,1,1,L2L 7th/8th,7,NA,159,NA,NA,NA,4,3,NA,8,L2 learner,L2,L2,L2,Production,Prod-19,NA,NA,NA,NA,NA,NA,estan cocinando,Omission,Clitics,Masculine,Singular,NA,NA,NA,L2L,7th/8th,Late,Yes,7,0,159,2023,NA,0.5714285714285714,NA,NA,1.184069790228282,0.8465897756546519
H39,1,1,L2L 7th/8th,7,NA,159,NA,NA,NA,4,3,NA,8,L2 learner,L2,L2,L2,Production,Prod-23,NA,NA,NA,NA,NA,NA,estan tocando,Omission,Clitics,Masculine,Plural,NA,NA,NA,L2L,7th/8th,Late,Yes,7,0,159,2023,NA,0.5714285714285714,NA,NA,1.184069790228282,0.8465897756546519
H40,1,1,L2L 7th/8th,7,NA,155,NA,NA,NA,4,4,NA,8,Sinhala,Yes,Yes,Yes,Production,Prod-03,NA,NA,NA,NA,NA,NA,romper,DP,Clitics,Masculine,Singular,NA,NA,NA,L2L,7th/8th,Late,Yes,8,0,155,2023,NA,0.5,NA,NA,1.0308850269669882,0.7052653259813868
H40,1,1,L2L 7th/8th,7,NA,155,NA,NA,NA,4,4,NA,8,Sinhala,Yes,Yes,Yes,Production,Prod-05,NA,NA,NA,NA,NA,NA,comen la pizza,DP,Clitics,Feminine,Singular,NA,NA,NA,L2L,7th/8th,Late,Yes,8,0,155,2023,NA,0.5,NA,NA,1.0308850269669882,0.7052653259813868
H40,1,1,L2L 7th/8th,7,NA,155,NA,NA,NA,4,4,NA,8,Sinhala,Yes,Yes,Yes,Production,Prod-09,0,0,1,NA,NA,Changed accuracy to 0 -Jen,quitarlo,DP,Clitics,Feminine,Plural,NA,NA,NA,L2L,7th/8th,Late,Yes,8,0,155,2023,0,0.5,NA,NA,1.0308850269669882,0.7052653259813868
H40,1,1,L2L 7th/8th,7,NA,155,NA,NA,NA,4,4,NA,8,Sinhala,Yes,Yes,Yes,Production,Prod-13,NA,NA,NA,NA,NA,NA,Estan escuchando la musica,DP,Clitics,Feminine,Singular,NA,NA,NA,L2L,7th/8th,Late,Yes,8,0,155,2023,NA,0.5,NA,NA,1.0308850269669882,0.7052653259813868
H40,1,1,L2L 7th/8th,7,NA,155,NA,NA,NA,4,4,NA,8,Sinhala,Yes,Yes,Yes,Production,Prod-15,NA,NA,NA,NA,NA,NA,poner en la mesa,Omission,Clitics,Masculine,Plural,NA,NA,NA,L2L,7th/8th,Late,Yes,8,0,155,2023,NA,0.5,NA,NA,1.0308850269669882,0.7052653259813868
H40,1,1,L2L 7th/8th,7,NA,155,NA,NA,NA,4,4,NA,8,Sinhala,Yes,Yes,Yes,Production,Prod-17,NA,NA,NA,NA,NA,NA,comen,Omission,Clitics,Feminine,Plural,NA,NA,NA,L2L,7th/8th,Late,Yes,8,0,155,2023,NA,0.5,NA,NA,1.0308850269669882,0.7052653259813868
H40,1,1,L2L 7th/8th,7,NA,155,NA,NA,NA,4,4,NA,8,Sinhala,Yes,Yes,Yes,Production,Prod-19,NA,NA,NA,NA,NA,NA,cocinan,Omission,Clitics,Masculine,Singular,NA,NA,NA,L2L,7th/8th,Late,Yes,8,0,155,2023,NA,0.5,NA,NA,1.0308850269669882,0.7052653259813868
H40,1,1,L2L 7th/8th,7,NA,155,NA,NA,NA,4,4,NA,8,Sinhala,Yes,Yes,Yes,Production,Prod-21,NA,NA,NA,NA,NA,NA,cerrar,Omission,Clitics,Feminine,Singular,NA,NA,NA,L2L,7th/8th,Late,Yes,8,0,155,2023,NA,0.5,NA,NA,1.0308850269669882,0.7052653259813868
H40,1,1,L2L 7th/8th,7,NA,155,NA,NA,NA,4,4,NA,8,Sinhala,Yes,Yes,Yes,Production,Prod-23,NA,NA,NA,NA,NA,NA,juegan,Omission,Clitics,Masculine,Plural,NA,NA,NA,L2L,7th/8th,Late,Yes,8,0,155,2023,NA,0.5,NA,NA,1.0308850269669882,0.7052653259813868
H40,1,1,L2L 7th/8th,7,NA,155,NA,NA,NA,4,4,NA,8,Sinhala,Yes,Yes,Yes,Production,Prod-25,NA,NA,NA,NA,NA,NA,ponen,NA,Clitics,Feminine,Plural,NA,NA,NA,L2L,7th/8th,Late,Yes,8,0,155,2023,NA,0.5,NA,NA,1.0308850269669882,0.7052653259813868
H41,1,1,L2L 4th/5th,5,NA,139,NA,NA,NA,2,1,NA,7,L2 learner,L2,L2,L2,Production,Prod-03,NA,NA,NA,NA,NA,NA,destruir,Omission,Clitics,Masculine,Singular,NA,NA,NA,L2L,4th/5th,Late,Yes,3,0,139,2023,NA,0.6666666666666666,NA,NA,0.41814597392181296,0.13996752728832632
H41,1,1,L2L 4th/5th,5,NA,139,NA,NA,NA,2,1,NA,7,L2 learner,L2,L2,L2,Production,Prod-05,NA,NA,NA,NA,NA,NA,comiendo,Omission,Clitics,Feminine,Singular,NA,NA,NA,L2L,4th/5th,Late,Yes,3,0,139,2023,NA,0.6666666666666666,NA,NA,0.41814597392181296,0.13996752728832632
H41,1,1,L2L 4th/5th,5,NA,139,NA,NA,NA,2,1,NA,7,L2 learner,L2,L2,L2,Production,Prod-07,NA,NA,NA,NA,NA,NA,cuentan,Omission,Clitics,Masculine,Plural,NA,NA,NA,L2L,4th/5th,Late,Yes,3,0,139,2023,NA,0.6666666666666666,NA,NA,0.41814597392181296,0.13996752728832632
H41,1,1,L2L 4th/5th,5,NA,139,NA,NA,NA,2,1,NA,7,L2 learner,L2,L2,L2,Production,Prod-13,NA,NA,NA,NA,NA,NA,se escuchen,Omission,Clitics,Feminine,Singular,NA,NA,NA,L2L,4th/5th,Late,Yes,3,0,139,2023,NA,0.6666666666666666,NA,NA,0.41814597392181296,0.13996752728832632
H41,1,1,L2L 4th/5th,5,NA,139,NA,NA,NA,2,1,NA,7,L2 learner,L2,L2,L2,Production,Prod-17,0,0,0,NA,NA,"ARE. WE MARKING FOR EXACT ACCURACY OR FOR. ANY PRODUCTION OFA CLITIC?? The clitic is present but incorrect, so I recoded it as a 0. -Jen",comenlo,NA,Clitics,Feminine,Plural,NA,NA,NA,L2L,4th/5th,Late,Yes,3,0,139,2023,0,0.6666666666666666,NA,NA,0.41814597392181296,0.13996752728832632
H41,1,1,L2L 4th/5th,5,NA,139,NA,NA,NA,2,1,NA,7,L2 learner,L2,L2,L2,Production,Prod-19,1,1,1,NA,NA,"ARE. WE MARKING FOR EXACT ACCURACY OR FOR. ANY PRODUCTION OFA CLITIC?? Here the clitic is correct even though it's in the wrong place, so it should be coded as '1'. -Jen",preparanlo para comer,NA,Clitics,Masculine,Singular,NA,NA,NA,L2L,4th/5th,Late,Yes,3,0,139,2023,1,0.6666666666666666,NA,NA,0.41814597392181296,0.13996752728832632
H41,1,1,L2L 4th/5th,5,NA,139,NA,NA,NA,2,1,NA,7,L2 learner,L2,L2,L2,Production,Prod-23,0,1,0,NA,NA,ARE. WE MARKING FOR EXACT ACCURACY OR FOR. ANY PRODUCTION OFA CLITIC?? I recoded it as '0' because it is sg not pl. _Jen,se ponen para tocarlo,NA,Clitics,Masculine,Plural,NA,NA,NA,L2L,4th/5th,Late,Yes,3,0,139,2023,1,0.6666666666666666,NA,NA,0.41814597392181296,0.13996752728832632
H41,1,1,L2L 4th/5th,5,NA,139,NA,NA,NA,2,1,NA,7,L2 learner,L2,L2,L2,Production,Prod-25,0,1,0,NA,NA,ARE. WE MARKING FOR EXACT ACCURACY OR FOR. ANY PRODUCTION OFA CLITIC?? I recoded it as '0' because it is sg not pl. -Jen,ponerla,NA,Clitics,Feminine,Plural,NA,NA,NA,L2L,4th/5th,Late,Yes,3,0,139,2023,1,0.6666666666666666,NA,NA,0.41814597392181296,0.13996752728832632
H41,1,2,L2L 7th/8th,8,NA,139,NA,NA,NA,2,1,NA,7,L2 learner,L2,L2,L2,Production,Prod-03,0,NA,NA,NA,NA,NA,hace pop,Unrelated,Clitics,Masculine,Singular,NA,NA,NA,L2L,7th/8th,Late,Yes,3,36,175,2026,NA,0.6666666666666666,NA,NA,0.41814597392181296,1.4118875743477124
H42,1,1,L2L 4th/5th,5,NA,132,NA,NA,NA,2,5,NA,3,Mandarin,Yes,No,No,Production,Prod-19,NA,NA,NA,NA,NA,NA,son cocinando el. pescado,DP,Clitics,Masculine,Singular,NA,NA,NA,L2L,4th/5th,Late,Yes,7,0,132,2023,NA,0.2857142857142857,NA,NA,0.1500726382145488,-0.10735025963988762
H42,1,1,L2L 4th/5th,5,NA,132,NA,NA,NA,2,5,NA,3,Mandarin,Yes,No,No,Production,Prod-25,NA,NA,NA,NA,NA,Removed DP code -JenPOSSESSIVE??,se ponen sus mascaraillas,DP,Clitics,Feminine,Plural,NA,NA,NA,L2L,4th/5th,Late,Yes,7,0,132,2023,NA,0.2857142857142857,NA,NA,0.1500726382145488,-0.10735025963988762
H42,1,2,L2L 7th/8th,8,NA,132,NA,NA,NA,2,5,NA,3,Mandarin,Yes,No,No,Production,Prod-09,NA,0,1,NA,NA,NA,las niñas están tomando la chaqueta y poniéndolo en el piso,Gender,Clitics,Feminine,Plural,NA,NA,NA,L2L,7th/8th,Late,Yes,7,36,168,2026,0,0.2857142857142857,NA,NA,0.1500726382145488,1.1645697874194985
H43,1,1,L2L 4th/5th,5,NA,136,NA,NA,NA,3,4,NA,8,L2 learner,L2,L2,L2,Production,Prod-03,NA,NA,NA,NA,NA,NA,destruyen,Omission,Clitics,Masculine,Singular,NA,NA,NA,L2L,4th/5th,Late,Yes,7,0,136,2023,NA,0.42857142857142855,NA,NA,0.3032574014758426,0.0339741900333775
H43,1,1,L2L 4th/5th,5,NA,136,NA,NA,NA,3,4,NA,8,L2 learner,L2,L2,L2,Production,Prod-09,1,0,0,NA,NA,NA,le puse,NA,Clitics,Feminine,Plural,NA,NA,NA,L2L,4th/5th,Late,Yes,7,0,136,2023,0,0.42857142857142855,NA,NA,0.3032574014758426,0.0339741900333775
H43,1,1,L2L 4th/5th,5,NA,136,NA,NA,NA,3,4,NA,8,L2 learner,L2,L2,L2,Production,Prod-15,NA,NA,NA,NA,NA,NA,to stack,English,Clitics,Masculine,Plural,NA,NA,NA,L2L,4th/5th,Late,Yes,7,0,136,2023,NA,0.42857142857142855,NA,NA,0.3032574014758426,0.0339741900333775
H43,1,1,L2L 4th/5th,5,NA,136,NA,NA,NA,3,4,NA,8,L2 learner,L2,L2,L2,Production,Prod-19,NA,NA,NA,NA,NA,BN,haciendo pescado,BN,Clitics,Masculine,Singular,NA,NA,NA,L2L,4th/5th,Late,Yes,7,0,136,2023,NA,0.42857142857142855,NA,NA,0.3032574014758426,0.0339741900333775
H43,1,1,L2L 4th/5th,5,NA,136,NA,NA,NA,3,4,NA,8,L2 learner,L2,L2,L2,Production,Prod-23,NA,NA,NA,NA,NA,BN,juega musica,BN,Clitics,Masculine,Plural,NA,NA,NA,L2L,4th/5th,Late,Yes,7,0,136,2023,NA,0.42857142857142855,NA,NA,0.3032574014758426,0.0339741900333775
H43,1,2,L2L 7th/8th,8,NA,136,NA,NA,NA,3,4,NA,8,L2 learner,L2,L2,L2,Production,Prod-09,NA,NA,NA,NA,NA,NA,poniendo su jaqueta,Possessive,Clitics,Feminine,Plural,NA,NA,NA,L2L,7th/8th,Late,Yes,7,36,172,2026,NA,0.42857142857142855,NA,NA,0.3032574014758426,1.3058942370927635
H43,1,2,L2L 7th/8th,8,NA,136,NA,NA,NA,3,4,NA,8,L2 learner,L2,L2,L2,Production,Prod-13,NA,NA,NA,NA,NA,NA,escuchando a música,BN,Clitics,Feminine,Singular,NA,NA,NA,L2L,7th/8th,Late,Yes,7,36,172,2026,NA,0.42857142857142855,NA,NA,0.3032574014758426,1.3058942370927635
H44,1,1,HS 4th/5th,5,NA,137,NA,NA,NA,2,6,NA,4,Heritage Spanish,NA,NA,NA,Production,Prod-03,NA,NA,NA,NA,NA,"WHAT DO WE DO HERE? I would say count it as an English production, despite the 'la'. -Jen",romper la balloon,DP,Clitics,Masculine,Singular,NA,NA,NA,HS,4th/5th,Late,Yes,8,0,137,2023,NA,0.25,NA,NA,0.34155359229116605,0.06930530245169376
H44,1,1,HS 4th/5th,5,NA,137,NA,NA,NA,2,6,NA,4,Heritage Spanish,NA,NA,NA,Production,Prod-05,NA,NA,NA,NA,NA,NA,comer,Omission,Clitics,Feminine,Singular,NA,NA,NA,HS,4th/5th,Late,Yes,8,0,137,2023,NA,0.25,NA,NA,0.34155359229116605,0.06930530245169376
H44,1,1,HS 4th/5th,5,NA,137,NA,NA,NA,2,6,NA,4,Heritage Spanish,NA,NA,NA,Production,Prod-09,NA,NA,NA,NA,NA,BN,puser jacket,BN,Clitics,Feminine,Plural,NA,NA,NA,HS,4th/5th,Late,Yes,8,0,137,2023,NA,0.25,NA,NA,0.34155359229116605,0.06930530245169376
H44,1,1,HS 4th/5th,5,NA,137,NA,NA,NA,2,6,NA,4,Heritage Spanish,NA,NA,NA,Production,Prod-11,NA,NA,NA,NA,NA,NA,bañar,Omission,Clitics,Masculine,Singular,NA,NA,NA,HS,4th/5th,Late,Yes,8,0,137,2023,NA,0.25,NA,NA,0.34155359229116605,0.06930530245169376
H44,1,1,HS 4th/5th,5,NA,137,NA,NA,NA,2,6,NA,4,Heritage Spanish,NA,NA,NA,Production,Prod-17,NA,NA,NA,NA,NA,NA,comer,Omission,Clitics,Feminine,Plural,NA,NA,NA,HS,4th/5th,Late,Yes,8,0,137,2023,NA,0.25,NA,NA,0.34155359229116605,0.06930530245169376
H44,1,1,HS 4th/5th,5,NA,137,NA,NA,NA,2,6,NA,4,Heritage Spanish,NA,NA,NA,Production,Prod-19,NA,NA,NA,NA,NA,NA,cooking,English,Clitics,Masculine,Singular,NA,NA,NA,HS,4th/5th,Late,Yes,8,0,137,2023,NA,0.25,NA,NA,0.34155359229116605,0.06930530245169376
H44,1,1,HS 4th/5th,5,NA,137,NA,NA,NA,2,6,NA,4,Heritage Spanish,NA,NA,NA,Production,Prod-21,NA,NA,NA,NA,NA,NA,salir,Omission,Clitics,Feminine,Singular,NA,NA,NA,HS,4th/5th,Late,Yes,8,0,137,2023,NA,0.25,NA,NA,0.34155359229116605,0.06930530245169376
H44,1,1,HS 4th/5th,5,NA,137,NA,NA,NA,2,6,NA,4,Heritage Spanish,NA,NA,NA,Production,Prod-25,NA,NA,NA,NA,NA,NA,poner,Omission,Clitics,Feminine,Plural,NA,NA,NA,HS,4th/5th,Late,Yes,8,0,137,2023,NA,0.25,NA,NA,0.34155359229116605,0.06930530245169376
H45,1,1,HS 4th/5th,5,NA,136,NA,NA,NA,4,4,NA,3,Heritage Spanish,NA,NA,NA,Production,Prod-03,NA,NA,NA,NA,NA,english verb,estan breaking it,English,Clitics,Masculine,Singular,NA,NA,NA,HS,4th/5th,Late,Yes,8,0,136,2023,NA,0.5,NA,NA,0.3032574014758426,0.0339741900333775
H45,1,1,HS 4th/5th,5,NA,136,NA,NA,NA,4,4,NA,3,Heritage Spanish,NA,NA,NA,Production,Prod-05,NA,NA,NA,NA,NA,Se ARE WE CODING FOR SE?,se comer,Omission,Clitics,Feminine,Singular,NA,NA,NA,HS,4th/5th,Late,Yes,8,0,136,2023,NA,0.5,NA,NA,0.3032574014758426,0.0339741900333775
H45,1,1,HS 4th/5th,5,NA,136,NA,NA,NA,4,4,NA,3,Heritage Spanish,NA,NA,NA,Production,Prod-07,NA,NA,NA,NA,NA,Se,se. cuenta,Omission,Clitics,Masculine,Plural,NA,NA,NA,HS,4th/5th,Late,Yes,8,0,136,2023,NA,0.5,NA,NA,0.3032574014758426,0.0339741900333775
H45,1,1,HS 4th/5th,5,NA,136,NA,NA,NA,4,4,NA,3,Heritage Spanish,NA,NA,NA,Production,Prod-09,NA,NA,NA,NA,NA,Se,se. ponen,Omission,Clitics,Feminine,Plural,NA,NA,NA,HS,4th/5th,Late,Yes,8,0,136,2023,NA,0.5,NA,NA,0.3032574014758426,0.0339741900333775
H45,1,1,HS 4th/5th,5,NA,136,NA,NA,NA,4,4,NA,3,Heritage Spanish,NA,NA,NA,Production,Prod-11,NA,NA,NA,NA,NA,Se,se lavan,Omission,Clitics,Masculine,Singular,NA,NA,NA,HS,4th/5th,Late,Yes,8,0,136,2023,NA,0.5,NA,NA,0.3032574014758426,0.0339741900333775
H45,1,1,HS 4th/5th,5,NA,136,NA,NA,NA,4,4,NA,3,Heritage Spanish,NA,NA,NA,Production,Prod-13,NA,NA,NA,NA,NA,Se,se escucha,Omission,Clitics,Feminine,Singular,NA,NA,NA,HS,4th/5th,Late,Yes,8,0,136,2023,NA,0.5,NA,NA,0.3032574014758426,0.0339741900333775
H45,1,1,HS 4th/5th,5,NA,136,NA,NA,NA,4,4,NA,3,Heritage Spanish,NA,NA,NA,Production,Prod-15,NA,NA,NA,NA,NA,Se,se. ponen en la mesa,Omission,Clitics,Masculine,Plural,NA,NA,NA,HS,4th/5th,Late,Yes,8,0,136,2023,NA,0.5,NA,NA,0.3032574014758426,0.0339741900333775
H45,1,1,HS 4th/5th,5,NA,136,NA,NA,NA,4,4,NA,3,Heritage Spanish,NA,NA,NA,Production,Prod-17,NA,NA,NA,NA,NA,Se,se comen,Omission,Clitics,Feminine,Plural,NA,NA,NA,HS,4th/5th,Late,Yes,8,0,136,2023,NA,0.5,NA,NA,0.3032574014758426,0.0339741900333775
H45,1,1,HS 4th/5th,5,NA,136,NA,NA,NA,4,4,NA,3,Heritage Spanish,NA,NA,NA,Production,Prod-19,NA,NA,NA,NA,NA,SE,se cocina,Omission,Clitics,Masculine,Singular,NA,NA,NA,HS,4th/5th,Late,Yes,8,0,136,2023,NA,0.5,NA,NA,0.3032574014758426,0.0339741900333775
H45,1,1,HS 4th/5th,5,NA,136,NA,NA,NA,4,4,NA,3,Heritage Spanish,NA,NA,NA,Production,Prod-21,NA,NA,NA,NA,NA,SE,se cierra,Omission,Clitics,Feminine,Singular,NA,NA,NA,HS,4th/5th,Late,Yes,8,0,136,2023,NA,0.5,NA,NA,0.3032574014758426,0.0339741900333775
H45,1,1,HS 4th/5th,5,NA,136,NA,NA,NA,4,4,NA,3,Heritage Spanish,NA,NA,NA,Production,Prod-23,1,0,1,NA,NA,NA,las jugar con las,NA,Clitics,Masculine,Plural,NA,NA,NA,HS,4th/5th,Late,Yes,8,0,136,2023,0,0.5,NA,NA,0.3032574014758426,0.0339741900333775
H45,1,1,HS 4th/5th,5,NA,136,NA,NA,NA,4,4,NA,3,Heritage Spanish,NA,NA,NA,Production,Prod-25,1,0,1,NA,NA,NA,se ponen los,NA,Clitics,Feminine,Plural,NA,NA,NA,HS,4th/5th,Late,Yes,8,0,136,2023,0,0.5,NA,NA,0.3032574014758426,0.0339741900333775
H46,1,1,HS 4th/5th,5,NA,146,NA,NA,NA,2,3,NA,6,Heritage Spanish,NA,NA,NA,Production,Prod-03,NA,NA,NA,NA,NA,Spanish object with English determiner,pops the globo,DP,Clitics,Masculine,Singular,NA,NA,NA,HS,4th/5th,Late,Yes,5,0,146,2023,NA,0.4,NA,NA,0.6862193096290771,0.3872853142165403
H46,1,1,HS 4th/5th,5,NA,146,NA,NA,NA,2,3,NA,6,Heritage Spanish,NA,NA,NA,Production,Prod-07,NA,NA,NA,NA,NA,Code for DP removed -Jen possessive,cantar sus numeros,DP,Clitics,Masculine,Plural,NA,NA,NA,HS,4th/5th,Late,Yes,5,0,146,2023,NA,0.4,NA,NA,0.6862193096290771,0.3872853142165403
H46,1,1,HS 4th/5th,5,NA,146,NA,NA,NA,2,3,NA,6,Heritage Spanish,NA,NA,NA,Production,Prod-09,NA,NA,NA,NA,NA,NA,take off,English,Clitics,Feminine,Plural,NA,NA,NA,HS,4th/5th,Late,Yes,5,0,146,2023,NA,0.4,NA,NA,0.6862193096290771,0.3872853142165403
H46,1,1,HS 4th/5th,5,NA,146,NA,NA,NA,2,3,NA,6,Heritage Spanish,NA,NA,NA,Production,Prod-13,NA,NA,NA,NA,NA,BN,listening musica,BN,Clitics,Feminine,Singular,NA,NA,NA,HS,4th/5th,Late,Yes,5,0,146,2023,NA,0.4,NA,NA,0.6862193096290771,0.3872853142165403
H46,1,1,HS 4th/5th,5,NA,146,NA,NA,NA,2,3,NA,6,Heritage Spanish,NA,NA,NA,Production,Prod-15,NA,NA,NA,NA,NA,english verb,putting down en mesa,English,Clitics,Masculine,Plural,NA,NA,NA,HS,4th/5th,Late,Yes,5,0,146,2023,NA,0.4,NA,NA,0.6862193096290771,0.3872853142165403
H46,1,1,HS 4th/5th,5,NA,146,NA,NA,NA,2,3,NA,6,Heritage Spanish,NA,NA,NA,Production,Prod-21,NA,NA,NA,NA,NA,NA,cerrado,Omission,Clitics,Feminine,Singular,NA,NA,NA,HS,4th/5th,Late,Yes,5,0,146,2023,NA,0.4,NA,NA,0.6862193096290771,0.3872853142165403
H46,1,1,HS 4th/5th,5,NA,146,NA,NA,NA,2,3,NA,6,Heritage Spanish,NA,NA,NA,Production,Prod-23,NA,NA,NA,NA,NA,BN,play musica,BN,Clitics,Masculine,Plural,NA,NA,NA,HS,4th/5th,Late,Yes,5,0,146,2023,NA,0.4,NA,NA,0.6862193096290771,0.3872853142165403
H46,1,1,HS 4th/5th,5,NA,146,NA,NA,NA,2,3,NA,6,Heritage Spanish,NA,NA,NA,Production,Prod-25,NA,NA,NA,NA,NA,english verb,put on,English,Clitics,Feminine,Plural,NA,NA,NA,HS,4th/5th,Late,Yes,5,0,146,2023,NA,0.4,NA,NA,0.6862193096290771,0.3872853142165403
H47,1,1,HS 2nd,2,8,99,NA,NA,NA,2,6,NA,8,Heritage Spanish,NA,NA,NA,Production,Prod-03,NA,NA,NA,NA,NA,SE,se rompan,se,Clitics,Masculine,Singular,NA,NA,NA,HS,2nd,Late,Yes,8,0,99,2023,NA,0.25,NA,NA,-1.113701658691125,-1.2732769694443247
H47,1,1,HS 2nd,2,8,99,NA,NA,NA,2,6,NA,8,Heritage Spanish,NA,NA,NA,Production,Prod-07,NA,NA,NA,NA,NA,NA,estan contando,Omission,Clitics,Masculine,Plural,NA,NA,NA,HS,2nd,Late,Yes,8,0,99,2023,NA,0.25,NA,NA,-1.113701658691125,-1.2732769694443247
H47,1,1,HS 2nd,2,8,99,NA,NA,NA,2,6,NA,8,Heritage Spanish,NA,NA,NA,Production,Prod-09,NA,NA,NA,NA,NA,"Removed DP code, English -Jen",esta poniendo el sweater,DP,Clitics,Feminine,Plural,NA,NA,NA,HS,2nd,Late,Yes,8,0,99,2023,NA,0.25,NA,NA,-1.113701658691125,-1.2732769694443247
H47,1,1,HS 2nd,2,8,99,NA,NA,NA,2,6,NA,8,Heritage Spanish,NA,NA,NA,Production,Prod-13,NA,NA,NA,NA,NA,NA,esta escuchando,Omission,Clitics,Feminine,Singular,NA,NA,NA,HS,2nd,Late,Yes,8,0,99,2023,NA,0.25,NA,NA,-1.113701658691125,-1.2732769694443247
H47,1,1,HS 2nd,2,8,99,NA,NA,NA,2,6,NA,8,Heritage Spanish,NA,NA,NA,Production,Prod-15,NA,NA,NA,NA,NA,NA,esta tocando para lee,Omission,Clitics,Masculine,Plural,NA,NA,NA,HS,2nd,Late,Yes,8,0,99,2023,NA,0.25,NA,NA,-1.113701658691125,-1.2732769694443247
H47,1,1,HS 2nd,2,8,99,NA,NA,NA,2,6,NA,8,Heritage Spanish,NA,NA,NA,Production,Prod-17,NA,NA,NA,NA,NA,NA,estan comiendo,Omission,Clitics,Feminine,Plural,NA,NA,NA,HS,2nd,Late,Yes,8,0,99,2023,NA,0.25,NA,NA,-1.113701658691125,-1.2732769694443247
H47,1,1,HS 2nd,2,8,99,NA,NA,NA,2,6,NA,8,Heritage Spanish,NA,NA,NA,Production,Prod-19,NA,NA,NA,NA,NA,NA,esta cocinando,Omission,Clitics,Masculine,Singular,NA,NA,NA,HS,2nd,Late,Yes,8,0,99,2023,NA,0.25,NA,NA,-1.113701658691125,-1.2732769694443247
H47,1,1,HS 2nd,2,8,99,NA,NA,NA,2,6,NA,8,Heritage Spanish,NA,NA,NA,Production,Prod-21,NA,NA,NA,NA,NA,NA,estan abriendo,Omission,Clitics,Feminine,Singular,NA,NA,NA,HS,2nd,Late,Yes,8,0,99,2023,NA,0.25,NA,NA,-1.113701658691125,-1.2732769694443247
H47,1,1,HS 2nd,2,8,99,NA,NA,NA,2,6,NA,8,Heritage Spanish,NA,NA,NA,Production,Prod-23,NA,NA,NA,NA,NA,NA,estan tocando,Omission,Clitics,Masculine,Plural,NA,NA,NA,HS,2nd,Late,Yes,8,0,99,2023,NA,0.25,NA,NA,-1.113701658691125,-1.2732769694443247
H47,1,1,HS 2nd,2,8,99,NA,NA,NA,2,6,NA,8,Heritage Spanish,NA,NA,NA,Production,Prod-25,NA,NA,NA,NA,NA,NA,necesita poner mas,Omission,Clitics,Feminine,Plural,NA,NA,NA,HS,2nd,Late,Yes,8,0,99,2023,NA,0.25,NA,NA,-1.113701658691125,-1.2732769694443247
H47,1,2,HS 4th/5th,5,8,99,NA,NA,NA,2,6,NA,8,Heritage Spanish,NA,NA,NA,Production,Prod-03,NA,NA,NA,NA,NA,NA,quieren no sé,No response,Clitics,Masculine,Singular,NA,NA,NA,HS,4th/5th,Late,Yes,8,36,135,2026,NA,0.25,NA,NA,-1.113701658691125,-0.001356922384938782
H47,1,2,HS 4th/5th,5,8,99,NA,NA,NA,2,6,NA,8,Heritage Spanish,NA,NA,NA,Production,Prod-05,NA,1,1,NA,NA,NA,comiéndola,NA,Clitics,Feminine,Singular,NA,NA,NA,HS,4th/5th,Late,Yes,8,36,135,2026,1,0.25,NA,NA,-1.113701658691125,-0.001356922384938782
H47,1,2,HS 4th/5th,5,8,99,NA,NA,NA,2,6,NA,8,Heritage Spanish,NA,NA,NA,Production,Prod-07,NA,1,1,NA,NA,NA,están contándolos,NA,Clitics,Masculine,Plural,NA,NA,NA,HS,4th/5th,Late,Yes,8,36,135,2026,1,0.25,NA,NA,-1.113701658691125,-0.001356922384938782
H47,1,2,HS 4th/5th,5,8,99,NA,NA,NA,2,6,NA,8,Heritage Spanish,NA,NA,NA,Production,Prod-09,NA,1,1,NA,NA,NA,están poniéndolas,NA,Clitics,Feminine,Plural,NA,NA,NA,HS,4th/5th,Late,Yes,8,36,135,2026,1,0.25,NA,NA,-1.113701658691125,-0.001356922384938782
H47,1,2,HS 4th/5th,5,8,99,NA,NA,NA,2,6,NA,8,Heritage Spanish,NA,NA,NA,Production,Prod-11,NA,0,1,NA,NA,NA,están lavándola,Gender,Clitics,Masculine,Singular,NA,NA,NA,HS,4th/5th,Late,Yes,8,36,135,2026,0,0.25,NA,NA,-1.113701658691125,-0.001356922384938782
H47,1,2,HS 4th/5th,5,8,99,NA,NA,NA,2,6,NA,8,Heritage Spanish,NA,NA,NA,Production,Prod-17,NA,1,1,NA,NA,NA,comiéndolas,NA,Clitics,Feminine,Plural,NA,NA,NA,HS,4th/5th,Late,Yes,8,36,135,2026,1,0.25,NA,NA,-1.113701658691125,-0.001356922384938782
H47,1,2,HS 4th/5th,5,8,99,NA,NA,NA,2,6,NA,8,Heritage Spanish,NA,NA,NA,Production,Prod-21,NA,1,1,NA,NA,NA,están cerrándola,NA,Clitics,Feminine,Singular,NA,NA,NA,HS,4th/5th,Late,Yes,8,36,135,2026,1,0.25,NA,NA,-1.113701658691125,-0.001356922384938782
H47,1,2,HS 4th/5th,5,8,99,NA,NA,NA,2,6,NA,8,Heritage Spanish,NA,NA,NA,Production,Prod-23,NA,0,1,NA,NA,NA,están tocándolas,Gender,Clitics,Masculine,Plural,NA,NA,NA,HS,4th/5th,Late,Yes,8,36,135,2026,0,0.25,NA,NA,-1.113701658691125,-0.001356922384938782
H47,1,2,HS 4th/5th,5,8,99,NA,NA,NA,2,6,NA,8,Heritage Spanish,NA,NA,NA,Production,Prod-25,NA,1,1,NA,NA,NA,están poniéndolas,NA,Clitics,Feminine,Plural,NA,NA,NA,HS,4th/5th,Late,Yes,8,36,135,2026,1,0.25,NA,NA,-1.113701658691125,-0.001356922384938782
H48,1,1,HS 2nd,2,8,100,NA,NA,NA,1,4,NA,8,Heritage Spanish,NA,NA,NA,Production,Prod-03,1,1,1,NA,NA,clitics produced even though not fuully accurate. is there any Other way to code this?,lo desinflan,NA,Clitics,Masculine,Singular,NA,NA,NA,HS,2nd,Late,Yes,5,0,100,2023,1,0.2,NA,NA,-1.0754054678758016,-1.2379458570260085
H48,1,1,HS 2nd,2,8,100,NA,NA,NA,1,4,NA,8,Heritage Spanish,NA,NA,NA,Production,Prod-05,0,0,1,NA,NA,NA,"se lo comen, se corta",Gender,Clitics,Feminine,Singular,NA,NA,NA,HS,2nd,Late,Yes,5,0,100,2023,0,0.2,NA,NA,-1.0754054678758016,-1.2379458570260085
H48,1,1,HS 2nd,2,8,100,NA,NA,NA,1,4,NA,8,Heritage Spanish,NA,NA,NA,Production,Prod-09,0,1,0,NA,NA,NA,"la tienen, se la quita",Number,Clitics,Feminine,Plural,NA,NA,NA,HS,2nd,Late,Yes,5,0,100,2023,1,0.2,NA,NA,-1.0754054678758016,-1.2379458570260085
H48,1,1,HS 2nd,2,8,100,NA,NA,NA,1,4,NA,8,Heritage Spanish,NA,NA,NA,Production,Prod-15,0,1,0,NA,NA,NA,lo poner en lamesa,Number,Clitics,Masculine,Plural,NA,NA,NA,HS,2nd,Late,Yes,5,0,100,2023,1,0.2,NA,NA,-1.0754054678758016,-1.2379458570260085
H48,1,1,HS 2nd,2,8,100,NA,NA,NA,1,4,NA,8,Heritage Spanish,NA,NA,NA,Production,Prod-17,0,0,1,NA,NA,NA,se los comer,Gender,Clitics,Feminine,Plural,NA,NA,NA,HS,2nd,Late,Yes,5,0,100,2023,0,0.2,NA,NA,-1.0754054678758016,-1.2379458570260085
H48,1,1,HS 2nd,2,8,100,NA,NA,NA,1,4,NA,8,Heritage Spanish,NA,NA,NA,Production,Prod-19,1,1,1,NA,NA,NA,lo cocinan,NA,Clitics,Masculine,Singular,NA,NA,NA,HS,2nd,Late,Yes,5,0,100,2023,1,0.2,NA,NA,-1.0754054678758016,-1.2379458570260085
H48,1,1,HS 2nd,2,8,100,NA,NA,NA,1,4,NA,8,Heritage Spanish,NA,NA,NA,Production,Prod-21,0,0,1,NA,NA,NA,lo cierran,Gender,Clitics,Feminine,Singular,NA,NA,NA,HS,2nd,Late,Yes,5,0,100,2023,0,0.2,NA,NA,-1.0754054678758016,-1.2379458570260085
H48,1,1,HS 2nd,2,8,100,NA,NA,NA,1,4,NA,8,Heritage Spanish,NA,NA,NA,Production,Prod-23,1,NA,NA,NA,NA,NA,venlos y toca los,NA,Clitics,Masculine,Plural,NA,NA,NA,HS,2nd,Late,Yes,5,0,100,2023,NA,0.2,NA,NA,-1.0754054678758016,-1.2379458570260085
H48,1,1,HS 2nd,2,8,100,NA,NA,NA,1,4,NA,8,Heritage Spanish,NA,NA,NA,Production,Prod-25,0,1,0,NA,NA,NA,se la ponen,Number,Clitics,Feminine,Plural,NA,NA,NA,HS,2nd,Late,Yes,5,0,100,2023,1,0.2,NA,NA,-1.0754054678758016,-1.2379458570260085
H49,1,1,L2L 2nd,2,8,89,NA,NA,NA,4,5,NA,6,L2 learner,L2,L2,L2,Production,Prod-03,NA,NA,NA,NA,NA,english ver,popped,English,Clitics,Masculine,Singular,NA,NA,NA,L2L,2nd,Late,Yes,9,0,89,2023,NA,0.4444444444444444,NA,NA,-1.4966635668443595,-1.6265880936274875
H49,1,1,L2L 2nd,2,8,89,NA,NA,NA,4,5,NA,6,L2 learner,L2,L2,L2,Production,Prod-05,1,1,1,NA,NA,NA,comiendola,NA,Clitics,Feminine,Singular,NA,NA,NA,L2L,2nd,Late,Yes,9,0,89,2023,1,0.4444444444444444,NA,NA,-1.4966635668443595,-1.6265880936274875
H49,1,1,L2L 2nd,2,8,89,NA,NA,NA,4,5,NA,6,L2 learner,L2,L2,L2,Production,Prod-07,NA,NA,NA,NA,NA,english ver,count,English,Clitics,Masculine,Plural,NA,NA,NA,L2L,2nd,Late,Yes,9,0,89,2023,NA,0.4444444444444444,NA,NA,-1.4966635668443595,-1.6265880936274875
H49,1,1,L2L 2nd,2,8,89,NA,NA,NA,4,5,NA,6,L2 learner,L2,L2,L2,Production,Prod-09,NA,NA,NA,NA,NA,english ver,put on,English,Clitics,Feminine,Plural,NA,NA,NA,L2L,2nd,Late,Yes,9,0,89,2023,NA,0.4444444444444444,NA,NA,-1.4966635668443595,-1.6265880936274875
H49,1,1,L2L 2nd,2,8,89,NA,NA,NA,4,5,NA,6,L2 learner,L2,L2,L2,Production,Prod-11,NA,NA,NA,NA,NA,ENGLISH OBJECT WITH SPANIISH DETERMINER,poniendo en una bath,English,Clitics,Masculine,Singular,NA,NA,NA,L2L,2nd,Late,Yes,9,0,89,2023,NA,0.4444444444444444,NA,NA,-1.4966635668443595,-1.6265880936274875
H49,1,1,L2L 2nd,2,8,89,NA,NA,NA,4,5,NA,6,L2 learner,L2,L2,L2,Production,Prod-13,NA,NA,NA,NA,NA,english object,poniendo in earbuds,English,Clitics,Feminine,Singular,NA,NA,NA,L2L,2nd,Late,Yes,9,0,89,2023,NA,0.4444444444444444,NA,NA,-1.4966635668443595,-1.6265880936274875
H49,1,1,L2L 2nd,2,8,89,NA,NA,NA,4,5,NA,6,L2 learner,L2,L2,L2,Production,Prod-15,NA,NA,NA,NA,NA,NA,poniendo en mesa,Omission,Clitics,Masculine,Plural,NA,NA,NA,L2L,2nd,Late,Yes,9,0,89,2023,NA,0.4444444444444444,NA,NA,-1.4966635668443595,-1.6265880936274875
H49,1,1,L2L 2nd,2,8,89,NA,NA,NA,4,5,NA,6,L2 learner,L2,L2,L2,Production,Prod-17,NA,NA,NA,NA,NA,NA,comiendo,Omission,Clitics,Feminine,Plural,NA,NA,NA,L2L,2nd,Late,Yes,9,0,89,2023,NA,0.4444444444444444,NA,NA,-1.4966635668443595,-1.6265880936274875
H49,1,1,L2L 2nd,2,8,89,NA,NA,NA,4,5,NA,6,L2 learner,L2,L2,L2,Production,Prod-19,NA,NA,NA,NA,NA,BN,poniendo fuego,BN,Clitics,Masculine,Singular,NA,NA,NA,L2L,2nd,Late,Yes,9,0,89,2023,NA,0.4444444444444444,NA,NA,-1.4966635668443595,-1.6265880936274875
H49,1,1,L2L 2nd,2,8,89,NA,NA,NA,4,5,NA,6,L2 learner,L2,L2,L2,Production,Prod-23,NA,NA,NA,NA,NA,NA,play,English,Clitics,Masculine,Plural,NA,NA,NA,L2L,2nd,Late,Yes,9,0,89,2023,NA,0.4444444444444444,NA,NA,-1.4966635668443595,-1.6265880936274875
H49,1,1,L2L 2nd,2,8,89,NA,NA,NA,4,5,NA,6,L2 learner,L2,L2,L2,Production,Prod-25,NA,NA,NA,NA,NA,BN,poner mascara en face,BN,Clitics,Feminine,Plural,NA,NA,NA,L2L,2nd,Late,Yes,9,0,89,2023,NA,0.4444444444444444,NA,NA,-1.4966635668443595,-1.6265880936274875
H49,1,2,L2L 4th/5th,5,8,89,NA,NA,NA,4,5,NA,6,L2 learner,L2,L2,L2,Production,Prod-03,NA,NA,NA,NA,NA,NA,popeándola,Codeswitched,Clitics,Masculine,Singular,NA,NA,NA,L2L,4th/5th,Late,Yes,9,36,125,2026,NA,0.4444444444444444,NA,NA,-1.4966635668443595,-0.3546680465681015
H49,1,2,L2L 4th/5th,5,8,89,NA,NA,NA,4,5,NA,6,L2 learner,L2,L2,L2,Production,Prod-09,NA,NA,NA,NA,NA,NA,poniendo en el piso,Omission,Clitics,Feminine,Plural,NA,NA,NA,L2L,4th/5th,Late,Yes,9,36,125,2026,NA,0.4444444444444444,NA,NA,-1.4966635668443595,-0.3546680465681015
H49,1,2,L2L 4th/5th,5,8,89,NA,NA,NA,4,5,NA,6,L2 learner,L2,L2,L2,Production,Prod-13,NA,NA,NA,NA,NA,NA,me gustaría música,BN,Clitics,Feminine,Singular,NA,NA,NA,L2L,4th/5th,Late,Yes,9,36,125,2026,NA,0.4444444444444444,NA,NA,-1.4966635668443595,-0.3546680465681015
H49,1,2,L2L 4th/5th,5,8,89,NA,NA,NA,4,5,NA,6,L2 learner,L2,L2,L2,Production,Prod-19,NA,NA,NA,NA,NA,NA,NA,No response,Clitics,Masculine,Singular,NA,NA,NA,L2L,4th/5th,Late,Yes,9,36,125,2026,NA,0.4444444444444444,NA,NA,-1.4966635668443595,-0.3546680465681015
H49,1,2,L2L 4th/5th,5,8,89,NA,NA,NA,4,5,NA,6,L2 learner,L2,L2,L2,Production,Prod-21,NA,NA,NA,NA,NA,NA,se,Se,Clitics,Feminine,Singular,NA,NA,NA,L2L,4th/5th,Late,Yes,9,36,125,2026,NA,0.4444444444444444,NA,NA,-1.4966635668443595,-0.3546680465681015
H50,1,2,HS 4th/5th,5,8,96,NA,NA,NA,3,3,NA,3,Heritage Spanish,NA,NA,NA,Production,Prod-05,NA,NA,NA,NA,NA,NA,están comiendo,Omission,Clitics,Feminine,Singular,NA,NA,NA,HS,4th/5th,Late,Yes,6,36,132,2026,NA,0.5,NA,NA,-1.2285902311370953,-0.10735025963988762
H50,1,2,HS 4th/5th,5,8,96,NA,NA,NA,3,3,NA,3,Heritage Spanish,NA,NA,NA,Production,Prod-09,NA,NA,NA,NA,NA,NA,está quitando la chaqueta,Possessive,Clitics,Feminine,Plural,NA,NA,NA,HS,4th/5th,Late,Yes,6,36,132,2026,NA,0.5,NA,NA,-1.2285902311370953,-0.10735025963988762
H50,1,2,HS 4th/5th,5,8,96,NA,NA,NA,3,3,NA,3,Heritage Spanish,NA,NA,NA,Production,Prod-11,NA,1,1,NA,NA,NA,están haciendo agua y poniéndolo,NA,Clitics,Masculine,Singular,NA,NA,NA,HS,4th/5th,Late,Yes,6,36,132,2026,1,0.5,NA,NA,-1.2285902311370953,-0.10735025963988762
H50,1,2,HS 4th/5th,5,8,96,NA,NA,NA,3,3,NA,3,Heritage Spanish,NA,NA,NA,Production,Prod-17,NA,0,1,NA,NA,NA,están comiéndolos,Gender,Clitics,Feminine,Plural,NA,NA,NA,HS,4th/5th,Late,Yes,6,36,132,2026,0,0.5,NA,NA,-1.2285902311370953,-0.10735025963988762
H50,1,2,HS 4th/5th,5,8,96,NA,NA,NA,3,3,NA,3,Heritage Spanish,NA,NA,NA,Production,Prod-19,NA,NA,NA,NA,NA,NA,están poniendo arriba un fuego,Unrelated,Clitics,Masculine,Singular,NA,NA,NA,HS,4th/5th,Late,Yes,6,36,132,2026,NA,0.5,NA,NA,-1.2285902311370953,-0.10735025963988762
H50,1,2,HS 4th/5th,5,8,96,NA,NA,NA,3,3,NA,3,Heritage Spanish,NA,NA,NA,Production,Prod-21,NA,0,1,NA,NA,NA,están cerrándolo,Gender,Clitics,Feminine,Singular,NA,NA,NA,HS,4th/5th,Late,Yes,6,36,132,2026,0,0.5,NA,NA,-1.2285902311370953,-0.10735025963988762
H50,1,2,HS 4th/5th,5,8,96,NA,NA,NA,3,3,NA,3,Heritage Spanish,NA,NA,NA,Production,Prod-23,NA,NA,NA,NA,NA,NA,están jugando con los,Article only,Clitics,Masculine,Plural,NA,NA,NA,HS,4th/5th,Late,Yes,6,36,132,2026,NA,0.5,NA,NA,-1.2285902311370953,-0.10735025963988762
H50,1,2,HS 4th/5th,5,8,96,NA,NA,NA,3,3,NA,3,Heritage Spanish,NA,NA,NA,Production,Prod-25,NA,NA,NA,NA,NA,NA,están poniendo en su cara,Omission,Clitics,Feminine,Plural,NA,NA,NA,HS,4th/5th,Late,Yes,6,36,132,2026,NA,0.5,NA,NA,-1.2285902311370953,-0.10735025963988762
H51,1,1,L2L 2nd,2,8,100,NA,NA,NA,2,6,NA,3,L2 learner,L2,L2,L2,Production,Prod-03,0,NA,NA,NA,NA,english verb,el globo pop,English,Clitics,Masculine,Singular,NA,NA,NA,L2L,2nd,Late,Yes,8,0,100,2023,NA,0.25,NA,NA,-1.0754054678758016,-1.2379458570260085
H51,1,1,L2L 2nd,2,8,100,NA,NA,NA,2,6,NA,3,L2 learner,L2,L2,L2,Production,Prod-13,NA,NA,NA,NA,NA,Code for DP removed because PP -Jen,listen por el musica,DP,Clitics,Feminine,Singular,NA,NA,NA,L2L,2nd,Late,Yes,8,0,100,2023,NA,0.25,NA,NA,-1.0754054678758016,-1.2379458570260085
H51,1,1,L2L 2nd,2,8,100,NA,NA,NA,2,6,NA,3,L2 learner,L2,L2,L2,Production,Prod-21,NA,NA,NA,NA,NA,ENGLISH OBJECT w/ Spanish determiner,el niños shut el door,English,Clitics,Feminine,Singular,NA,NA,NA,L2L,2nd,Late,Yes,8,0,100,2023,NA,0.25,NA,NA,-1.0754054678758016,-1.2379458570260085
H51,1,1,L2L 2nd,2,8,100,NA,NA,NA,2,6,NA,3,L2 learner,L2,L2,L2,Production,Prod-23,NA,NA,NA,NA,NA,ENGLISH OBJECT w/ Spanish determiner,play el instruments,English,Clitics,Masculine,Plural,NA,NA,NA,L2L,2nd,Late,Yes,8,0,100,2023,NA,0.25,NA,NA,-1.0754054678758016,-1.2379458570260085
H52,1,1,L2L 2nd,2,8,98,NA,NA,NA,0,6,NA,3,"German, Russian",No,Yes,Yes,Production,Prod-03,NA,NA,NA,NA,NA,english verb,estan poking,English,Clitics,Masculine,Singular,NA,NA,NA,L2L,2nd,Late,Yes,6,0,98,2023,NA,0,NA,NA,-1.1519978495064485,-1.308608081862641
H52,1,1,L2L 2nd,2,8,98,NA,NA,NA,0,6,NA,3,"German, Russian",No,Yes,Yes,Production,Prod-07,NA,NA,NA,NA,NA,NA,estan 1. 2 3,Omission,Clitics,Masculine,Plural,NA,NA,NA,L2L,2nd,Late,Yes,6,0,98,2023,NA,0,NA,NA,-1.1519978495064485,-1.308608081862641
H52,1,1,L2L 2nd,2,8,98,NA,NA,NA,0,6,NA,3,"German, Russian",No,Yes,Yes,Production,Prod-09,NA,NA,NA,NA,NA,BN,esta frio y poner chaqueta,BN,Clitics,Feminine,Plural,NA,NA,NA,L2L,2nd,Late,Yes,6,0,98,2023,NA,0,NA,NA,-1.1519978495064485,-1.308608081862641
H52,1,1,L2L 2nd,2,8,98,NA,NA,NA,0,6,NA,3,"German, Russian",No,Yes,Yes,Production,Prod-15,NA,NA,NA,NA,NA,BN,pone libros enla mesa,BN,Clitics,Masculine,Plural,NA,NA,NA,L2L,2nd,Late,Yes,6,0,98,2023,NA,0,NA,NA,-1.1519978495064485,-1.308608081862641
H52,1,1,L2L 2nd,2,8,98,NA,NA,NA,0,6,NA,3,"German, Russian",No,Yes,Yes,Production,Prod-19,NA,NA,NA,NA,NA,BN,esta cocina pescado,BN,Clitics,Masculine,Singular,NA,NA,NA,L2L,2nd,Late,Yes,6,0,98,2023,NA,0,NA,NA,-1.1519978495064485,-1.308608081862641
H52,1,1,L2L 2nd,2,8,98,NA,NA,NA,0,6,NA,3,"German, Russian",No,Yes,Yes,Production,Prod-21,NA,NA,NA,NA,NA,english verb,closing,English,Clitics,Feminine,Singular,NA,NA,NA,L2L,2nd,Late,Yes,6,0,98,2023,NA,0,NA,NA,-1.1519978495064485,-1.308608081862641
H52,1,1,L2L 2nd,2,8,98,NA,NA,NA,0,6,NA,3,"German, Russian",No,Yes,Yes,Production,Prod-23,NA,NA,NA,NA,NA,NA,estan jugando,Omission,Clitics,Masculine,Plural,NA,NA,NA,L2L,2nd,Late,Yes,6,0,98,2023,NA,0,NA,NA,-1.1519978495064485,-1.308608081862641
H52,1,1,L2L 2nd,2,8,98,NA,NA,NA,0,6,NA,3,"German, Russian",No,Yes,Yes,Production,Prod-25,NA,NA,NA,NA,NA,NA,esta. pone en tu cara,Omission,Clitics,Feminine,Plural,NA,NA,NA,L2L,2nd,Late,Yes,6,0,98,2023,NA,0,NA,NA,-1.1519978495064485,-1.308608081862641
H53,1,1,L2L 2nd,2,8,97,NA,NA,NA,3,4,NA,7,Turkish,Yes,Yes,Yes,Production,Prod-03,NA,NA,NA,NA,NA,english verb,pop,English,Clitics,Masculine,Singular,NA,NA,NA,L2L,2nd,Late,Yes,7,0,97,2023,NA,0.42857142857142855,NA,NA,-1.1902940403217719,-1.3439391942809573
H53,1,1,L2L 2nd,2,8,97,NA,NA,NA,3,4,NA,7,Turkish,Yes,Yes,Yes,Production,Prod-05,NA,NA,NA,NA,NA,NA,comer,Omission,Clitics,Feminine,Singular,NA,NA,NA,L2L,2nd,Late,Yes,7,0,97,2023,NA,0.42857142857142855,NA,NA,-1.1902940403217719,-1.3439391942809573
H53,1,1,L2L 2nd,2,8,97,NA,NA,NA,3,4,NA,7,Turkish,Yes,Yes,Yes,Production,Prod-07,NA,NA,NA,NA,NA,english verb,count,English,Clitics,Masculine,Plural,NA,NA,NA,L2L,2nd,Late,Yes,7,0,97,2023,NA,0.42857142857142855,NA,NA,-1.1902940403217719,-1.3439391942809573
H53,1,1,L2L 2nd,2,8,97,NA,NA,NA,3,4,NA,7,Turkish,Yes,Yes,Yes,Production,Prod-09,NA,NA,NA,NA,NA,english verb,put on,English,Clitics,Feminine,Plural,NA,NA,NA,L2L,2nd,Late,Yes,7,0,97,2023,NA,0.42857142857142855,NA,NA,-1.1902940403217719,-1.3439391942809573
H53,1,1,L2L 2nd,2,8,97,NA,NA,NA,3,4,NA,7,Turkish,Yes,Yes,Yes,Production,Prod-15,NA,NA,NA,NA,NA,english verb,pick up,English,Clitics,Masculine,Plural,NA,NA,NA,L2L,2nd,Late,Yes,7,0,97,2023,NA,0.42857142857142855,NA,NA,-1.1902940403217719,-1.3439391942809573
H53,1,1,L2L 2nd,2,8,97,NA,NA,NA,3,4,NA,7,Turkish,Yes,Yes,Yes,Production,Prod-19,NA,NA,NA,NA,NA,english verb,cook,English,Clitics,Masculine,Singular,NA,NA,NA,L2L,2nd,Late,Yes,7,0,97,2023,NA,0.42857142857142855,NA,NA,-1.1902940403217719,-1.3439391942809573
H53,1,1,L2L 2nd,2,8,97,NA,NA,NA,3,4,NA,7,Turkish,Yes,Yes,Yes,Production,Prod-21,NA,NA,NA,NA,NA,english verb,close,English,Clitics,Feminine,Singular,NA,NA,NA,L2L,2nd,Late,Yes,7,0,97,2023,NA,0.42857142857142855,NA,NA,-1.1902940403217719,-1.3439391942809573
H53,1,1,L2L 2nd,2,8,97,NA,NA,NA,3,4,NA,7,Turkish,Yes,Yes,Yes,Production,Prod-23,NA,NA,NA,NA,NA,english verb,play,English,Clitics,Masculine,Plural,NA,NA,NA,L2L,2nd,Late,Yes,7,0,97,2023,NA,0.42857142857142855,NA,NA,-1.1902940403217719,-1.3439391942809573
H53,1,1,L2L 2nd,2,8,97,NA,NA,NA,3,4,NA,7,Turkish,Yes,Yes,Yes,Production,Prod-25,NA,NA,NA,NA,NA,english verb,put on,English,Clitics,Feminine,Plural,NA,NA,NA,L2L,2nd,Late,Yes,7,0,97,2023,NA,0.42857142857142855,NA,NA,-1.1902940403217719,-1.3439391942809573
H54,1,1,HS 2nd,2,8,99,NA,NA,NA,4,4,NA,7,Heritage Spanish,NA,NA,NA,Production,Prod-03,NA,NA,NA,NA,NA,english verb,poking,English,Clitics,Masculine,Singular,NA,NA,NA,HS,2nd,Late,Yes,8,0,99,2023,NA,0.5,NA,NA,-1.113701658691125,-1.2732769694443247
H54,1,1,HS 2nd,2,8,99,NA,NA,NA,4,4,NA,7,Heritage Spanish,NA,NA,NA,Production,Prod-05,NA,NA,NA,NA,NA,NA,esta comiendo,Omission,Clitics,Feminine,Singular,NA,NA,NA,HS,2nd,Late,Yes,8,0,99,2023,NA,0.5,NA,NA,-1.113701658691125,-1.2732769694443247
H54,1,1,HS 2nd,2,8,99,NA,NA,NA,4,4,NA,7,Heritage Spanish,NA,NA,NA,Production,Prod-07,NA,NA,NA,NA,NA,english verb,putting them on,English,Clitics,Masculine,Plural,NA,NA,NA,HS,2nd,Late,Yes,8,0,99,2023,NA,0.5,NA,NA,-1.113701658691125,-1.2732769694443247
H54,1,1,HS 2nd,2,8,99,NA,NA,NA,4,4,NA,7,Heritage Spanish,NA,NA,NA,Production,Prod-09,NA,NA,NA,NA,NA,english verb,giving dog bathtub,English,Clitics,Feminine,Plural,NA,NA,NA,HS,2nd,Late,Yes,8,0,99,2023,NA,0.5,NA,NA,-1.113701658691125,-1.2732769694443247
H54,1,1,HS 2nd,2,8,99,NA,NA,NA,4,4,NA,7,Heritage Spanish,NA,NA,NA,Production,Prod-11,NA,NA,NA,NA,NA,english verb,listening,English,Clitics,Masculine,Singular,NA,NA,NA,HS,2nd,Late,Yes,8,0,99,2023,NA,0.5,NA,NA,-1.113701658691125,-1.2732769694443247
H54,1,1,HS 2nd,2,8,99,NA,NA,NA,4,4,NA,7,Heritage Spanish,NA,NA,NA,Production,Prod-13,NA,NA,NA,NA,NA,english verb,putting them back,English,Clitics,Feminine,Singular,NA,NA,NA,HS,2nd,Late,Yes,8,0,99,2023,NA,0.5,NA,NA,-1.113701658691125,-1.2732769694443247
H54,1,1,HS 2nd,2,8,99,NA,NA,NA,4,4,NA,7,Heritage Spanish,NA,NA,NA,Production,Prod-15,NA,NA,NA,NA,NA,NA,esta comiendo,English,Clitics,Masculine,Plural,NA,NA,NA,HS,2nd,Late,Yes,8,0,99,2023,NA,0.5,NA,NA,-1.113701658691125,-1.2732769694443247
H54,1,1,HS 2nd,2,8,99,NA,NA,NA,4,4,NA,7,Heritage Spanish,NA,NA,NA,Production,Prod-17,NA,NA,NA,NA,NA,english verb,cooking,Omission,Clitics,Feminine,Plural,NA,NA,NA,HS,2nd,Late,Yes,8,0,99,2023,NA,0.5,NA,NA,-1.113701658691125,-1.2732769694443247
H54,1,1,HS 2nd,2,8,99,NA,NA,NA,4,4,NA,7,Heritage Spanish,NA,NA,NA,Production,Prod-21,NA,NA,NA,NA,NA,NA,esta jugando,Omission,Clitics,Feminine,Singular,NA,NA,NA,HS,2nd,Late,Yes,8,0,99,2023,NA,0.5,NA,NA,-1.113701658691125,-1.2732769694443247
H54,1,1,HS 2nd,2,8,99,NA,NA,NA,4,4,NA,7,Heritage Spanish,NA,NA,NA,Production,Prod-23,NA,NA,NA,NA,NA,english verb,they're putting them on,English,Clitics,Masculine,Plural,NA,NA,NA,HS,2nd,Late,Yes,8,0,99,2023,NA,0.5,NA,NA,-1.113701658691125,-1.2732769694443247
H54,1,1,HS 2nd,2,8,99,NA,NA,NA,4,4,NA,7,Heritage Spanish,NA,NA,NA,Production,Prod-25,NA,NA,NA,NA,NA,NA,NA,English,Clitics,Feminine,Plural,NA,NA,NA,HS,2nd,Late,Yes,8,0,99,2023,NA,0.5,NA,NA,-1.113701658691125,-1.2732769694443247
H55,1,1,L2L 2nd,2,8,102,NA,NA,NA,1,5,NA,3,L2 learner,L2,L2,L2,Production,Prod-03,NA,NA,NA,NA,NA,english verb,popping,English,Clitics,Masculine,Singular,NA,NA,NA,L2L,2nd,Late,Yes,6,0,102,2023,NA,0.16666666666666666,NA,NA,-0.9988130862451546,-1.1672836321893758
H55,1,1,L2L 2nd,2,8,102,NA,NA,NA,1,5,NA,3,L2 learner,L2,L2,L2,Production,Prod-05,NA,NA,NA,NA,NA,NA,estan comiendo,Omission,Clitics,Feminine,Singular,NA,NA,NA,L2L,2nd,Late,Yes,6,0,102,2023,NA,0.16666666666666666,NA,NA,-0.9988130862451546,-1.1672836321893758
H55,1,1,L2L 2nd,2,8,102,NA,NA,NA,1,5,NA,3,L2 learner,L2,L2,L2,Production,Prod-07,NA,NA,NA,NA,NA,english verb,counting,English,Clitics,Masculine,Plural,NA,NA,NA,L2L,2nd,Late,Yes,6,0,102,2023,NA,0.16666666666666666,NA,NA,-0.9988130862451546,-1.1672836321893758
H55,1,1,L2L 2nd,2,8,102,NA,NA,NA,1,5,NA,3,L2 learner,L2,L2,L2,Production,Prod-09,NA,NA,NA,NA,NA,english verb,estan putting choc on them,English,Clitics,Feminine,Plural,NA,NA,NA,L2L,2nd,Late,Yes,6,0,102,2023,NA,0.16666666666666666,NA,NA,-0.9988130862451546,-1.1672836321893758
H55,1,1,L2L 2nd,2,8,102,NA,NA,NA,1,5,NA,3,L2 learner,L2,L2,L2,Production,Prod-11,NA,NA,NA,NA,NA,NA,estan limpiando,Omission,Clitics,Masculine,Singular,NA,NA,NA,L2L,2nd,Late,Yes,6,0,102,2023,NA,0.16666666666666666,NA,NA,-0.9988130862451546,-1.1672836321893758
H55,1,1,L2L 2nd,2,8,102,NA,NA,NA,1,5,NA,3,L2 learner,L2,L2,L2,Production,Prod-17,NA,NA,NA,NA,NA,NA,estan comiendo,Omission,Clitics,Feminine,Plural,NA,NA,NA,L2L,2nd,Late,Yes,6,0,102,2023,NA,0.16666666666666666,NA,NA,-0.9988130862451546,-1.1672836321893758
H55,1,1,L2L 2nd,2,8,102,NA,NA,NA,1,5,NA,3,L2 learner,L2,L2,L2,Production,Prod-19,NA,NA,NA,NA,NA,NA,estan cocinando,Omission,Clitics,Masculine,Singular,NA,NA,NA,L2L,2nd,Late,Yes,6,0,102,2023,NA,0.16666666666666666,NA,NA,-0.9988130862451546,-1.1672836321893758
H55,1,1,L2L 2nd,2,8,102,NA,NA,NA,1,5,NA,3,L2 learner,L2,L2,L2,Production,Prod-23,NA,NA,NA,NA,NA,CANT READ,estan jugando los. ???,DP,Clitics,Masculine,Plural,NA,NA,NA,L2L,2nd,Late,Yes,6,0,102,2023,NA,0.16666666666666666,NA,NA,-0.9988130862451546,-1.1672836321893758
H56,1,1,L2L 2nd,2,8,101,NA,NA,NA,3,6,NA,3,"Gujarathi, French, Malayalam",Yes,Yes,Yes,Production,Prod-03,NA,NA,NA,NA,NA,english verb,popping it,English,Clitics,Masculine,Singular,NA,NA,NA,L2L,2nd,Late,Yes,9,0,101,2023,NA,0.3333333333333333,NA,NA,-1.0371092770604782,-1.2026147446076922
H56,1,1,L2L 2nd,2,8,101,NA,NA,NA,3,6,NA,3,"Gujarathi, French, Malayalam",Yes,Yes,Yes,Production,Prod-05,NA,NA,NA,NA,NA,NA,comer,Omission,Clitics,Feminine,Singular,NA,NA,NA,L2L,2nd,Late,Yes,9,0,101,2023,NA,0.3333333333333333,NA,NA,-1.0371092770604782,-1.2026147446076922
H56,1,1,L2L 2nd,2,8,101,NA,NA,NA,3,6,NA,3,"Gujarathi, French, Malayalam",Yes,Yes,Yes,Production,Prod-07,NA,NA,NA,NA,NA,english verb,counting,English,Clitics,Masculine,Plural,NA,NA,NA,L2L,2nd,Late,Yes,9,0,101,2023,NA,0.3333333333333333,NA,NA,-1.0371092770604782,-1.2026147446076922
H56,1,1,L2L 2nd,2,8,101,NA,NA,NA,3,6,NA,3,"Gujarathi, French, Malayalam",Yes,Yes,Yes,Production,Prod-09,NA,NA,NA,NA,NA,english verb,putting on,English,Clitics,Feminine,Plural,NA,NA,NA,L2L,2nd,Late,Yes,9,0,101,2023,NA,0.3333333333333333,NA,NA,-1.0371092770604782,-1.2026147446076922
H56,1,1,L2L 2nd,2,8,101,NA,NA,NA,3,6,NA,3,"Gujarathi, French, Malayalam",Yes,Yes,Yes,Production,Prod-11,NA,NA,NA,NA,NA,english verb,giving him a bath,English,Clitics,Masculine,Singular,NA,NA,NA,L2L,2nd,Late,Yes,9,0,101,2023,NA,0.3333333333333333,NA,NA,-1.0371092770604782,-1.2026147446076922
H56,1,1,L2L 2nd,2,8,101,NA,NA,NA,3,6,NA,3,"Gujarathi, French, Malayalam",Yes,Yes,Yes,Production,Prod-13,NA,NA,NA,NA,NA,NA,not sure,English,Clitics,Feminine,Singular,NA,NA,NA,L2L,2nd,Late,Yes,9,0,101,2023,NA,0.3333333333333333,NA,NA,-1.0371092770604782,-1.2026147446076922
H56,1,1,L2L 2nd,2,8,101,NA,NA,NA,3,6,NA,3,"Gujarathi, French, Malayalam",Yes,Yes,Yes,Production,Prod-15,NA,NA,NA,NA,NA,english verb,putting on shelves,English,Clitics,Masculine,Plural,NA,NA,NA,L2L,2nd,Late,Yes,9,0,101,2023,NA,0.3333333333333333,NA,NA,-1.0371092770604782,-1.2026147446076922
H56,1,1,L2L 2nd,2,8,101,NA,NA,NA,3,6,NA,3,"Gujarathi, French, Malayalam",Yes,Yes,Yes,Production,Prod-17,NA,NA,NA,NA,NA,NA,comer,Omission,Clitics,Feminine,Plural,NA,NA,NA,L2L,2nd,Late,Yes,9,0,101,2023,NA,0.3333333333333333,NA,NA,-1.0371092770604782,-1.2026147446076922
H56,1,1,L2L 2nd,2,8,101,NA,NA,NA,3,6,NA,3,"Gujarathi, French, Malayalam",Yes,Yes,Yes,Production,Prod-19,NA,NA,NA,NA,NA,english verb,heating it,English,Clitics,Masculine,Singular,NA,NA,NA,L2L,2nd,Late,Yes,9,0,101,2023,NA,0.3333333333333333,NA,NA,-1.0371092770604782,-1.2026147446076922
H56,1,1,L2L 2nd,2,8,101,NA,NA,NA,3,6,NA,3,"Gujarathi, French, Malayalam",Yes,Yes,Yes,Production,Prod-21,NA,NA,NA,NA,NA,english verb,choosing it,English,Clitics,Feminine,Singular,NA,NA,NA,L2L,2nd,Late,Yes,9,0,101,2023,NA,0.3333333333333333,NA,NA,-1.0371092770604782,-1.2026147446076922
H56,1,1,L2L 2nd,2,8,101,NA,NA,NA,3,6,NA,3,"Gujarathi, French, Malayalam",Yes,Yes,Yes,Production,Prod-23,NA,NA,NA,NA,NA,english verb,they're playing,English,Clitics,Masculine,Plural,NA,NA,NA,L2L,2nd,Late,Yes,9,0,101,2023,NA,0.3333333333333333,NA,NA,-1.0371092770604782,-1.2026147446076922
H56,1,1,L2L 2nd,2,8,101,NA,NA,NA,3,6,NA,3,"Gujarathi, French, Malayalam",Yes,Yes,Yes,Production,Prod-25,NA,NA,NA,NA,NA,english verb,putting it on,English,Clitics,Feminine,Plural,NA,NA,NA,L2L,2nd,Late,Yes,9,0,101,2023,NA,0.3333333333333333,NA,NA,-1.0371092770604782,-1.2026147446076922
H57,1,1,L2L 2nd,2,NA,102,NA,NA,NA,NA,NA,3,4,L2 learner,L2,L2,L2,Production,Prod-03,NA,NA,NA,NA,NA,what is Other?,se boom,Other,Clitics,Masculine,Singular,NA,NA,NA,L2L,2nd,Late,Yes,NA,0,102,2023,NA,NA,NA,NA,-0.9988130862451546,-1.1672836321893758
H57,1,1,L2L 2nd,2,NA,102,NA,NA,NA,NA,NA,3,4,L2 learner,L2,L2,L2,Production,Prod-05,NA,NA,NA,NA,NA,NA,esta comiendo pizza,BN,Clitics,Feminine,Singular,NA,NA,NA,L2L,2nd,Late,Yes,NA,0,102,2023,NA,NA,NA,NA,-0.9988130862451546,-1.1672836321893758
H57,1,1,L2L 2nd,2,NA,102,NA,NA,NA,NA,NA,3,4,L2 learner,L2,L2,L2,Production,Prod-07,NA,NA,NA,NA,NA,NA,esta contando numeros,BN,Clitics,Masculine,Plural,NA,NA,NA,L2L,2nd,Late,Yes,NA,0,102,2023,NA,NA,NA,NA,-0.9988130862451546,-1.1672836321893758
H57,1,1,L2L 2nd,2,NA,102,NA,NA,NA,NA,NA,3,4,L2 learner,L2,L2,L2,Production,Prod-13,1,1,0,NA,NA,NA,esta escuchandolas,NA,Clitics,Feminine,Singular,NA,NA,NA,L2L,2nd,Late,Yes,NA,0,102,2023,1,NA,NA,NA,-0.9988130862451546,-1.1672836321893758
H57,1,1,L2L 2nd,2,NA,102,NA,NA,NA,NA,NA,3,4,L2 learner,L2,L2,L2,Production,Prod-21,NA,NA,NA,NA,NA,WHAT IS Other?,se boom,Other,Clitics,Feminine,Singular,NA,NA,NA,L2L,2nd,Late,Yes,NA,0,102,2023,NA,NA,NA,NA,-0.9988130862451546,-1.1672836321893758
H57,1,2,L2L 4th/5th,5,NA,102,NA,NA,NA,NA,NA,3,4,L2 learner,L2,L2,L2,Production,Prod-09,NA,NA,NA,NA,NA,NA,tomando sus chaquetas,Possessive,Clitics,Feminine,Plural,NA,NA,NA,L2L,4th/5th,Late,Yes,NA,36,138,2026,NA,NA,NA,NA,-0.9988130862451546,0.10463641487001005
H57,1,2,L2L 4th/5th,5,NA,102,NA,NA,NA,NA,NA,3,4,L2 learner,L2,L2,L2,Production,Prod-13,NA,NA,NA,NA,NA,NA,escuchando a su música,Possessive,Clitics,Feminine,Singular,NA,NA,NA,L2L,4th/5th,Late,Yes,NA,36,138,2026,NA,NA,NA,NA,-0.9988130862451546,0.10463641487001005
H57,1,2,L2L 4th/5th,5,NA,102,NA,NA,NA,NA,NA,3,4,L2 learner,L2,L2,L2,Production,Prod-15,NA,1,0,NA,NA,NA,poniéndolo,Number,Clitics,Masculine,Plural,NA,NA,NA,L2L,4th/5th,Late,Yes,NA,36,138,2026,1,NA,NA,NA,-0.9988130862451546,0.10463641487001005
H57,1,2,L2L 4th/5th,5,NA,102,NA,NA,NA,NA,NA,3,4,L2 learner,L2,L2,L2,Production,Prod-17,NA,NA,NA,NA,NA,NA,quieren algo delicioso,Grammatical alternative,Clitics,Feminine,Plural,NA,NA,NA,L2L,4th/5th,Late,Yes,NA,36,138,2026,NA,NA,NA,NA,-0.9988130862451546,0.10463641487001005
H58,1,1,HS 2nd,2,NA,95,NA,NA,NA,4,5,2,8,Heritage Spanish,NA,NA,NA,Production,Prod-03,1,NA,NA,NA,NA,NA,NA,NA,Clitics,Masculine,Singular,NA,NA,NA,HS,2nd,Late,Yes,9,0,95,2023,NA,0.4444444444444444,NA,NA,-1.2668864219524187,-1.41460141911759
H58,1,1,HS 2nd,2,NA,95,NA,NA,NA,4,5,2,8,Heritage Spanish,NA,NA,NA,Production,Prod-05,1,1,1,NA,NA,NA,lo cortan y comerla,Gender,Clitics,Feminine,Singular,NA,NA,NA,HS,2nd,Late,Yes,9,0,95,2023,1,0.4444444444444444,NA,NA,-1.2668864219524187,-1.41460141911759
H58,1,1,HS 2nd,2,NA,95,NA,NA,NA,4,5,2,8,Heritage Spanish,NA,NA,NA,Production,Prod-07,0,NA,NA,NA,NA,NA,contando,Omission,Clitics,Masculine,Plural,NA,NA,NA,HS,2nd,Late,Yes,9,0,95,2023,NA,0.4444444444444444,NA,NA,-1.2668864219524187,-1.41460141911759
H58,1,1,HS 2nd,2,NA,95,NA,NA,NA,4,5,2,8,Heritage Spanish,NA,NA,NA,Production,Prod-09,1,1,0,NA,NA,NA,estan poniendosela,Number,Clitics,Feminine,Plural,NA,NA,NA,HS,2nd,Late,Yes,9,0,95,2023,1,0.4444444444444444,NA,NA,-1.2668864219524187,-1.41460141911759
H58,1,1,HS 2nd,2,NA,95,NA,NA,NA,4,5,2,8,Heritage Spanish,NA,NA,NA,Production,Prod-13,0,NA,NA,NA,NA,NA,oyendo,Omission,Clitics,Feminine,Singular,NA,NA,NA,HS,2nd,Late,Yes,9,0,95,2023,NA,0.4444444444444444,NA,NA,-1.2668864219524187,-1.41460141911759
H58,1,1,HS 2nd,2,NA,95,NA,NA,NA,4,5,2,8,Heritage Spanish,NA,NA,NA,Production,Prod-19,1,1,1,NA,NA,NA,van a comerselo,NA,Clitics,Masculine,Singular,NA,NA,NA,HS,2nd,Late,Yes,9,0,95,2023,1,0.4444444444444444,NA,NA,-1.2668864219524187,-1.41460141911759
H58,1,1,HS 2nd,2,NA,95,NA,NA,NA,4,5,2,8,Heritage Spanish,NA,NA,NA,Production,Prod-21,1,0,1,NA,NA,NA,cerrandolo,Gender,Clitics,Feminine,Singular,NA,NA,NA,HS,2nd,Late,Yes,9,0,95,2023,0,0.4444444444444444,NA,NA,-1.2668864219524187,-1.41460141911759
H58,1,1,HS 2nd,2,NA,95,NA,NA,NA,4,5,2,8,Heritage Spanish,NA,NA,NA,Production,Prod-23,NA,NA,NA,NA,NA,NA,estan haciendo musica,BN,Clitics,Masculine,Plural,NA,NA,NA,HS,2nd,Late,Yes,9,0,95,2023,NA,0.4444444444444444,NA,NA,-1.2668864219524187,-1.41460141911759
H58,1,1,HS 2nd,2,NA,95,NA,NA,NA,4,5,2,8,Heritage Spanish,NA,NA,NA,Production,Prod-25,1,1,0,NA,NA,NA,poniendosela,Number,Clitics,Feminine,Plural,NA,NA,NA,HS,2nd,Late,Yes,9,0,95,2023,1,0.4444444444444444,NA,NA,-1.2668864219524187,-1.41460141911759
H58,1,2,HS 4th/5th,5,NA,95,NA,NA,NA,4,5,2,8,Heritage Spanish,NA,NA,NA,Production,Prod-03,NA,1,1,NA,NA,NA,lo están rompiendo,NA,Clitics,Masculine,Singular,NA,NA,NA,HS,4th/5th,Late,Yes,9,36,131,2026,1,0.4444444444444444,NA,NA,-1.2668864219524187,-0.1426813720582039
H58,1,2,HS 4th/5th,5,NA,95,NA,NA,NA,4,5,2,8,Heritage Spanish,NA,NA,NA,Production,Prod-05,NA,0,1,NA,NA,NA,lo está comiendo,Gender,Clitics,Feminine,Singular,NA,NA,NA,HS,4th/5th,Late,Yes,9,36,131,2026,0,0.4444444444444444,NA,NA,-1.2668864219524187,-0.1426813720582039
H58,1,2,HS 4th/5th,5,NA,95,NA,NA,NA,4,5,2,8,Heritage Spanish,NA,NA,NA,Production,Prod-09,NA,0,1,NA,NA,NA,los tienen y los están sacando,Gender,Clitics,Feminine,Plural,NA,NA,NA,HS,4th/5th,Late,Yes,9,36,131,2026,0,0.4444444444444444,NA,NA,-1.2668864219524187,-0.1426813720582039
H58,1,2,HS 4th/5th,5,NA,95,NA,NA,NA,4,5,2,8,Heritage Spanish,NA,NA,NA,Production,Prod-17,NA,0,1,NA,NA,NA,los está comiendo,Gender,Clitics,Feminine,Plural,NA,NA,NA,HS,4th/5th,Late,Yes,9,36,131,2026,0,0.4444444444444444,NA,NA,-1.2668864219524187,-0.1426813720582039
H58,1,2,HS 4th/5th,5,NA,95,NA,NA,NA,4,5,2,8,Heritage Spanish,NA,NA,NA,Production,Prod-19,NA,1,1,NA,NA,NA,lo está cocinando,NA,Clitics,Masculine,Singular,NA,NA,NA,HS,4th/5th,Late,Yes,9,36,131,2026,1,0.4444444444444444,NA,NA,-1.2668864219524187,-0.1426813720582039
H59,1,1,L2L 2nd,2,NA,101,NA,NA,NA,1,2,3,3,Mandarin,Yes,No,No,Production,Prod-03,NA,NA,NA,NA,NA,English verb,es un globo that popped,English,Clitics,Masculine,Singular,NA,NA,NA,L2L,2nd,Late,Yes,3,0,101,2023,NA,0.3333333333333333,NA,NA,-1.0371092770604782,-1.2026147446076922
H59,1,1,L2L 2nd,2,NA,101,NA,NA,NA,1,2,3,3,Mandarin,Yes,No,No,Production,Prod-09,NA,NA,NA,NA,NA,NA,"es chaquetas, es un take off",English,Clitics,Feminine,Plural,NA,NA,NA,L2L,2nd,Late,Yes,3,0,101,2023,NA,0.3333333333333333,NA,NA,-1.0371092770604782,-1.2026147446076922
H59,1,1,L2L 2nd,2,NA,101,NA,NA,NA,1,2,3,3,Mandarin,Yes,No,No,Production,Prod-15,NA,NA,NA,NA,NA,NA,e niños leave los libros,English,Clitics,Masculine,Plural,NA,NA,NA,L2L,2nd,Late,Yes,3,0,101,2023,NA,0.3333333333333333,NA,NA,-1.0371092770604782,-1.2026147446076922
H59,1,1,L2L 2nd,2,NA,101,NA,NA,NA,1,2,3,3,Mandarin,Yes,No,No,Production,Prod-17,NA,NA,NA,NA,NA,BN,es niños comer galletas,BN,Clitics,Feminine,Plural,NA,NA,NA,L2L,2nd,Late,Yes,3,0,101,2023,NA,0.3333333333333333,NA,NA,-1.0371092770604782,-1.2026147446076922
H59,1,1,L2L 2nd,2,NA,101,NA,NA,NA,1,2,3,3,Mandarin,Yes,No,No,Production,Prod-21,NA,NA,NA,NA,NA,NA,es niños open door,English,Clitics,Feminine,Singular,NA,NA,NA,L2L,2nd,Late,Yes,3,0,101,2023,NA,0.3333333333333333,NA,NA,-1.0371092770604782,-1.2026147446076922
H59,1,1,L2L 2nd,2,NA,101,NA,NA,NA,1,2,3,3,Mandarin,Yes,No,No,Production,Prod-23,NA,NA,NA,NA,NA,NA,la niños play musica en instruments,English,Clitics,Masculine,Plural,NA,NA,NA,L2L,2nd,Late,Yes,3,0,101,2023,NA,0.3333333333333333,NA,NA,-1.0371092770604782,-1.2026147446076922
H60,1,1,L2L 2nd,2,NA,101,NA,NA,NA,2,5,2,8,L2 learner,L2,L2,L2,Production,Prod-03,NA,NA,NA,NA,NA,NA,los niños pop con un pin,English,Clitics,Masculine,Singular,NA,NA,NA,L2L,2nd,Late,Yes,7,0,101,2023,NA,0.2857142857142857,NA,NA,-1.0371092770604782,-1.2026147446076922
H60,1,1,L2L 2nd,2,NA,101,NA,NA,NA,2,5,2,8,L2 learner,L2,L2,L2,Production,Prod-07,NA,NA,NA,NA,NA,NO DETERMINER!,esta los niños contar numeros,BN,Clitics,Masculine,Plural,NA,NA,NA,L2L,2nd,Late,Yes,7,0,101,2023,NA,0.2857142857142857,NA,NA,-1.0371092770604782,-1.2026147446076922
H60,1,1,L2L 2nd,2,NA,101,NA,NA,NA,2,5,2,8,L2 learner,L2,L2,L2,Production,Prod-09,NA,NA,NA,NA,NA,English verb,son step ? putting ? on,English,Clitics,Feminine,Plural,NA,NA,NA,L2L,2nd,Late,Yes,7,0,101,2023,NA,0.2857142857142857,NA,NA,-1.0371092770604782,-1.2026147446076922
H60,1,1,L2L 2nd,2,NA,101,NA,NA,NA,2,5,2,8,L2 learner,L2,L2,L2,Production,Prod-13,NA,NA,NA,NA,NA,NO DETERMINER!,el niños escucha musica,BN,Clitics,Feminine,Singular,NA,NA,NA,L2L,2nd,Late,Yes,7,0,101,2023,NA,0.2857142857142857,NA,NA,-1.0371092770604782,-1.2026147446076922
H60,1,1,L2L 2nd,2,NA,101,NA,NA,NA,2,5,2,8,L2 learner,L2,L2,L2,Production,Prod-25,NA,NA,NA,NA,NA,NA,NA,DP,Clitics,Feminine,Plural,NA,NA,NA,L2L,2nd,Late,Yes,7,0,101,2023,NA,0.2857142857142857,NA,NA,-1.0371092770604782,-1.2026147446076922
H61,1,1,L2L 2nd,2,NA,103,NA,NA,NA,2,6,NA,4,L2 learner,L2,L2,L2,Production,Prod-03,NA,NA,NA,NA,NA,Codes removed -Jen b/c English,el niños rompen el balloon,English,Clitics,Masculine,Singular,NA,NA,NA,L2L,2nd,Late,Yes,8,0,103,2023,NA,0.25,NA,NA,-0.9605168954298312,-1.1319525197710596
H61,1,1,L2L 2nd,2,NA,103,NA,NA,NA,2,6,NA,4,L2 learner,L2,L2,L2,Production,Prod-13,NA,NA,NA,NA,NA,Codes removed b/c DP is subject English,los niños sing,Omission,Clitics,Feminine,Singular,NA,NA,NA,L2L,2nd,Late,Yes,8,0,103,2023,NA,0.25,NA,NA,-0.9605168954298312,-1.1319525197710596
H61,1,2,L2L 4th/5th,5,NA,103,NA,NA,NA,2,6,NA,4,L2 learner,L2,L2,L2,Production,Prod-03,NA,NA,NA,NA,NA,NA,se rompe,Passive,Clitics,Masculine,Singular,NA,NA,NA,L2L,4th/5th,Late,Yes,8,36,139,2026,NA,0.25,NA,NA,-0.9605168954298312,0.13996752728832632
H61,1,2,L2L 4th/5th,5,NA,103,NA,NA,NA,2,6,NA,4,L2 learner,L2,L2,L2,Production,Prod-09,NA,NA,NA,NA,NA,NA,dispone de tu cuerpo,Unrelated,Clitics,Feminine,Plural,NA,NA,NA,L2L,4th/5th,Late,Yes,8,36,139,2026,NA,0.25,NA,NA,-0.9605168954298312,0.13996752728832632
H61,1,2,L2L 4th/5th,5,NA,103,NA,NA,NA,2,6,NA,4,L2 learner,L2,L2,L2,Production,Prod-21,NA,NA,NA,NA,NA,NA,no es abrir,Omission,Clitics,Feminine,Singular,NA,NA,NA,L2L,4th/5th,Late,Yes,8,36,139,2026,NA,0.25,NA,NA,-0.9605168954298312,0.13996752728832632
H61,1,2,L2L 4th/5th,5,NA,103,NA,NA,NA,2,6,NA,4,L2 learner,L2,L2,L2,Production,Prod-23,NA,NA,NA,NA,NA,NA,crear música,BN,Clitics,Masculine,Plural,NA,NA,NA,L2L,4th/5th,Late,Yes,8,36,139,2026,NA,0.25,NA,NA,-0.9605168954298312,0.13996752728832632
H62,1,1,L2L 2nd,2,NA,92,NA,NA,NA,1,5,3,3,L2 learner,L2,L2,L2,Production,Prod-03,NA,NA,NA,NA,NA,NA,la niño está tociendo el globo,DP,Clitics,Masculine,Singular,NA,NA,NA,L2L,2nd,Late,Yes,6,0,92,2023,NA,0.16666666666666666,NA,NA,-1.3817749943983892,-1.5205947563725386
H62,1,1,L2L 2nd,2,NA,92,NA,NA,NA,1,5,3,3,L2 learner,L2,L2,L2,Production,Prod-23,NA,NA,NA,NA,NA,Codes omitted -Jen,buscar él es†a jugando con la guitarra,DP,Clitics,Masculine,Plural,NA,NA,NA,L2L,2nd,Late,Yes,6,0,92,2023,NA,0.16666666666666666,NA,NA,-1.3817749943983892,-1.5205947563725386
H63,1,1,L2L 7th/8th,7,13,156,NA,NA,NA,2,4,7,7,"Mandarin, Cantonese, Malay, Romanian",Yes,Yes,Yes,Production,Prod-03,1,1,1,NA,NA,NA,lo están rompiendo,DP,Clitics,Masculine,Singular,NA,NA,NA,L2L,7th/8th,Late,Yes,6,0,156,2023,1,0.3333333333333333,NA,NA,1.0691812177823117,0.740596438399703
H63,1,1,L2L 7th/8th,7,13,156,NA,NA,NA,2,4,7,7,"Mandarin, Cantonese, Malay, Romanian",Yes,Yes,Yes,Production,Prod-05,0,0,1,NA,NA,NA,lo están comiendo,DP,Clitics,Feminine,Singular,NA,NA,NA,L2L,7th/8th,Late,Yes,6,0,156,2023,0,0.3333333333333333,NA,NA,1.0691812177823117,0.740596438399703
H63,1,1,L2L 7th/8th,7,13,156,NA,NA,NA,2,4,7,7,"Mandarin, Cantonese, Malay, Romanian",Yes,Yes,Yes,Production,Prod-07,NA,NA,NA,NA,NA,Clitic codes removed -Jen,están contando,Omission,Clitics,Masculine,Plural,NA,NA,NA,L2L,7th/8th,Late,Yes,6,0,156,2023,NA,0.3333333333333333,NA,NA,1.0691812177823117,0.740596438399703
H63,1,1,L2L 7th/8th,7,13,156,NA,NA,NA,2,4,7,7,"Mandarin, Cantonese, Malay, Romanian",Yes,Yes,Yes,Production,Prod-09,NA,NA,NA,NA,NA,Clitic codes removed -Jen,están poniendo,Omission,Clitics,Feminine,Plural,NA,NA,NA,L2L,7th/8th,Late,Yes,6,0,156,2023,NA,0.3333333333333333,NA,NA,1.0691812177823117,0.740596438399703
H63,1,1,L2L 7th/8th,7,13,156,NA,NA,NA,2,4,7,7,"Mandarin, Cantonese, Malay, Romanian",Yes,Yes,Yes,Production,Prod-11,1,1,1,NA,NA,Codes changed -Jen,lo están lavando,Omission,Clitics,Masculine,Singular,NA,NA,NA,L2L,7th/8th,Late,Yes,6,0,156,2023,1,0.3333333333333333,NA,NA,1.0691812177823117,0.740596438399703
H63,1,1,L2L 7th/8th,7,13,156,NA,NA,NA,2,4,7,7,"Mandarin, Cantonese, Malay, Romanian",Yes,Yes,Yes,Production,Prod-13,0,0,1,NA,NA,Codes changed -Jen,lo están escuchando,Omission,Clitics,Feminine,Singular,NA,NA,NA,L2L,7th/8th,Late,Yes,6,0,156,2023,0,0.3333333333333333,NA,NA,1.0691812177823117,0.740596438399703
H63,1,1,L2L 7th/8th,7,13,156,NA,NA,NA,2,4,7,7,"Mandarin, Cantonese, Malay, Romanian",Yes,Yes,Yes,Production,Prod-15,0,1,0,NA,NA,NA,lo están poniendo en la mesa,DP,Clitics,Masculine,Plural,NA,NA,NA,L2L,7th/8th,Late,Yes,6,0,156,2023,1,0.3333333333333333,NA,NA,1.0691812177823117,0.740596438399703
H63,1,1,L2L 7th/8th,7,13,156,NA,NA,NA,2,4,7,7,"Mandarin, Cantonese, Malay, Romanian",Yes,Yes,Yes,Production,Prod-17,0,0,0,NA,NA,Codes changed,lo están comiendo,Omission,Clitics,Feminine,Plural,NA,NA,NA,L2L,7th/8th,Late,Yes,6,0,156,2023,0,0.3333333333333333,NA,NA,1.0691812177823117,0.740596438399703
H63,1,1,L2L 7th/8th,7,13,156,NA,NA,NA,2,4,7,7,"Mandarin, Cantonese, Malay, Romanian",Yes,Yes,Yes,Production,Prod-19,1,1,1,NA,NA,Codes changed,lo están cocinando,Indicative,Clitics,Masculine,Singular,NA,NA,NA,L2L,7th/8th,Late,Yes,6,0,156,2023,1,0.3333333333333333,NA,NA,1.0691812177823117,0.740596438399703
H63,1,1,L2L 7th/8th,7,13,156,NA,NA,NA,2,4,7,7,"Mandarin, Cantonese, Malay, Romanian",Yes,Yes,Yes,Production,Prod-23,0,1,0,NA,NA,NA,lo están jugando,Omission,Clitics,Masculine,Plural,NA,NA,NA,L2L,7th/8th,Late,Yes,6,0,156,2023,1,0.3333333333333333,NA,NA,1.0691812177823117,0.740596438399703
H63,1,1,L2L 7th/8th,7,13,156,NA,NA,NA,2,4,7,7,"Mandarin, Cantonese, Malay, Romanian",Yes,Yes,Yes,Production,Prod-25,0,0,0,NA,NA,NA,se lo ponen,Gender/Number,Clitics,Feminine,Plural,NA,NA,NA,L2L,7th/8th,Late,Yes,6,0,156,2023,0,0.3333333333333333,NA,NA,1.0691812177823117,0.740596438399703
H64,1,1,HS 7th/8th,7,13,NA,NA,NA,NA,NA,NA,NA,8,Heritage Spanish,NA,NA,NA,Production,Prod-07,NA,NA,NA,NA,NA,NA,están leyendo,Omission,Clitics,Masculine,Plural,NA,NA,NA,HS,7th/8th,Late,Yes,NA,0,NA,2023,NA,NA,NA,NA,NA,NA
H64,1,1,HS 7th/8th,7,13,NA,NA,NA,NA,NA,NA,NA,8,Heritage Spanish,NA,NA,NA,Production,Prod-13,NA,NA,NA,NA,NA,NA,escuchando a la música,DP,Clitics,Feminine,Singular,NA,NA,NA,HS,7th/8th,Late,Yes,NA,0,NA,2023,NA,NA,NA,NA,NA,NA
H64,1,1,HS 7th/8th,7,13,NA,NA,NA,NA,NA,NA,NA,8,Heritage Spanish,NA,NA,NA,Production,Prod-15,NA,NA,NA,NA,NA,NA,se ponen los libros,DP,Clitics,Masculine,Plural,NA,NA,NA,HS,7th/8th,Late,Yes,NA,0,NA,2023,NA,NA,NA,NA,NA,NA
H65,1,1,HS 7th/8th,7,13,164,NA,NA,NA,2,3,2,8,Heritage Spanish,NA,NA,NA,Production,Prod-05,1,0,1,NA,NA,Recoded -Jen,lo cortan en pedazos,NA,Clitics,Feminine,Singular,NA,NA,NA,HS,7th/8th,Late,Yes,5,0,164,2023,0,0.4,NA,NA,1.375550744304899,1.0232453377462332
H65,1,1,HS 7th/8th,7,13,164,NA,NA,NA,2,3,2,8,Heritage Spanish,NA,NA,NA,Production,Prod-09,0,0,0,NA,NA,Recoded -Jen,se lo saca,"Gen, num",Clitics,Feminine,Plural,NA,NA,NA,HS,7th/8th,Late,Yes,5,0,164,2023,0,0.4,NA,NA,1.375550744304899,1.0232453377462332
H65,1,1,HS 7th/8th,7,13,164,NA,NA,NA,2,3,2,8,Heritage Spanish,NA,NA,NA,Production,Prod-11,1,1,1,NA,NA,NA,lo están bañando,NA,Clitics,Masculine,Singular,NA,NA,NA,HS,7th/8th,Late,Yes,5,0,164,2023,1,0.4,NA,NA,1.375550744304899,1.0232453377462332
H65,1,1,HS 7th/8th,7,13,164,NA,NA,NA,2,3,2,8,Heritage Spanish,NA,NA,NA,Production,Prod-19,1,1,1,NA,NA,Recoded -Jen,lo cocinan,NA,Clitics,Masculine,Singular,NA,NA,NA,HS,7th/8th,Late,Yes,5,0,164,2023,1,0.4,NA,NA,1.375550744304899,1.0232453377462332
H65,1,1,HS 7th/8th,7,13,164,NA,NA,NA,2,3,2,8,Heritage Spanish,NA,NA,NA,Production,Prod-21,0,0,1,NA,NA,Recoded -Jen,lo cierran,NA,Clitics,Feminine,Singular,NA,NA,NA,HS,7th/8th,Late,Yes,5,0,164,2023,0,0.4,NA,NA,1.375550744304899,1.0232453377462332
H65,1,1,HS 7th/8th,7,13,164,NA,NA,NA,2,3,2,8,Heritage Spanish,NA,NA,NA,Production,Prod-23,1,1,1,NA,NA,NA,los tocan,NA,Clitics,Masculine,Plural,NA,NA,NA,HS,7th/8th,Late,Yes,5,0,164,2023,1,0.4,NA,NA,1.375550744304899,1.0232453377462332
H65,1,1,HS 7th/8th,7,13,164,NA,NA,NA,2,3,2,8,Heritage Spanish,NA,NA,NA,Production,Prod-25,1,1,1,NA,NA,Codes added -Jen,se las ponen,NA,Clitics,Feminine,Plural,NA,NA,NA,HS,7th/8th,Late,Yes,5,0,164,2023,1,0.4,NA,NA,1.375550744304899,1.0232453377462332
H66,1,1,HS 7th/8th,7,12,154,NA,NA,NA,2,6,2,8,Heritage Spanish,NA,NA,NA,Production,Prod-03,1,1,1,NA,NA,Recoded -J,lo quiren reventar,NA,Clitics,Masculine,Singular,NA,NA,NA,HS,7th/8th,Late,Yes,8,0,154,2023,1,0.25,NA,NA,0.9925888361516647,0.6699342135630705
H66,1,1,HS 7th/8th,7,12,154,NA,NA,NA,2,6,2,8,Heritage Spanish,NA,NA,NA,Production,Prod-05,1,1,1,NA,NA,NA,la están cortando,NA,Clitics,Feminine,Singular,NA,NA,NA,HS,7th/8th,Late,Yes,8,0,154,2023,1,0.25,NA,NA,0.9925888361516647,0.6699342135630705
H66,1,1,HS 7th/8th,7,12,154,NA,NA,NA,2,6,2,8,Heritage Spanish,NA,NA,NA,Production,Prod-07,1,1,1,NA,NA,NA,van a contarlos,NA,Clitics,Masculine,Plural,NA,NA,NA,HS,7th/8th,Late,Yes,8,0,154,2023,1,0.25,NA,NA,0.9925888361516647,0.6699342135630705
H66,1,1,HS 7th/8th,7,12,154,NA,NA,NA,2,6,2,8,Heritage Spanish,NA,NA,NA,Production,Prod-09,1,1,1,NA,NA,NA,se las ponen,NA,Clitics,Feminine,Plural,NA,NA,NA,HS,7th/8th,Late,Yes,8,0,154,2023,1,0.25,NA,NA,0.9925888361516647,0.6699342135630705
H66,1,1,HS 7th/8th,7,12,154,NA,NA,NA,2,6,2,8,Heritage Spanish,NA,NA,NA,Production,Prod-11,1,1,1,NA,NA,NA,lo están bañando,NA,Clitics,Masculine,Singular,NA,NA,NA,HS,7th/8th,Late,Yes,8,0,154,2023,1,0.25,NA,NA,0.9925888361516647,0.6699342135630705
H66,1,1,HS 7th/8th,7,12,154,NA,NA,NA,2,6,2,8,Heritage Spanish,NA,NA,NA,Production,Prod-13,1,1,1,NA,NA,NA,la están escuchando,NA,Clitics,Feminine,Singular,NA,NA,NA,HS,7th/8th,Late,Yes,8,0,154,2023,1,0.25,NA,NA,0.9925888361516647,0.6699342135630705
H66,1,1,HS 7th/8th,7,12,154,NA,NA,NA,2,6,2,8,Heritage Spanish,NA,NA,NA,Production,Prod-15,1,1,1,NA,NA,NA,los leen,NA,Clitics,Masculine,Plural,NA,NA,NA,HS,7th/8th,Late,Yes,8,0,154,2023,1,0.25,NA,NA,0.9925888361516647,0.6699342135630705
H66,1,1,HS 7th/8th,7,12,154,NA,NA,NA,2,6,2,8,Heritage Spanish,NA,NA,NA,Production,Prod-17,1,1,1,NA,NA,NA,las comen,NA,Clitics,Feminine,Plural,NA,NA,NA,HS,7th/8th,Late,Yes,8,0,154,2023,1,0.25,NA,NA,0.9925888361516647,0.6699342135630705
H66,1,1,HS 7th/8th,7,12,154,NA,NA,NA,2,6,2,8,Heritage Spanish,NA,NA,NA,Production,Prod-19,1,1,1,NA,NA,NA,lo están cocinando,NA,Clitics,Masculine,Singular,NA,NA,NA,HS,7th/8th,Late,Yes,8,0,154,2023,1,0.25,NA,NA,0.9925888361516647,0.6699342135630705
H66,1,1,HS 7th/8th,7,12,154,NA,NA,NA,2,6,2,8,Heritage Spanish,NA,NA,NA,Production,Prod-21,0,0,1,NA,NA,NA,lo cierran,NA,Clitics,Feminine,Singular,NA,NA,NA,HS,7th/8th,Late,Yes,8,0,154,2023,0,0.25,NA,NA,0.9925888361516647,0.6699342135630705
H66,1,1,HS 7th/8th,7,12,154,NA,NA,NA,2,6,2,8,Heritage Spanish,NA,NA,NA,Production,Prod-23,1,1,1,NA,NA,NA,los tocan,NA,Clitics,Masculine,Plural,NA,NA,NA,HS,7th/8th,Late,Yes,8,0,154,2023,1,0.25,NA,NA,0.9925888361516647,0.6699342135630705
H66,1,1,HS 7th/8th,7,12,154,NA,NA,NA,2,6,2,8,Heritage Spanish,NA,NA,NA,Production,Prod-25,1,1,1,NA,NA,NA,se las ponen,NA,Clitics,Feminine,Plural,NA,NA,NA,HS,7th/8th,Late,Yes,8,0,154,2023,1,0.25,NA,NA,0.9925888361516647,0.6699342135630705
H67,1,1,L2L 7th/8th,7,13,160,NA,NA,NA,2,4,3,8,Gujarati,Yes,Yes,No,Production,Prod-03,1,1,1,NA,NA,NA,romperlos,Number,Clitics,Masculine,Singular,NA,NA,NA,L2L,7th/8th,Late,Yes,6,0,160,2023,1,0.3333333333333333,NA,NA,1.2223659810436054,0.8819208880729681
H67,1,1,L2L 7th/8th,7,13,160,NA,NA,NA,2,4,3,8,Gujarati,Yes,Yes,No,Production,Prod-05,0,0,1,NA,NA,NA,están comiendolo,Gender,Clitics,Feminine,Singular,NA,NA,NA,L2L,7th/8th,Late,Yes,6,0,160,2023,0,0.3333333333333333,NA,NA,1.2223659810436054,0.8819208880729681
H67,1,1,L2L 7th/8th,7,13,160,NA,NA,NA,2,4,3,8,Gujarati,Yes,Yes,No,Production,Prod-07,1,1,1,NA,NA,Recoded -J,contandolos,NA,Clitics,Masculine,Plural,NA,NA,NA,L2L,7th/8th,Late,Yes,6,0,160,2023,1,0.3333333333333333,NA,NA,1.2223659810436054,0.8819208880729681
H67,1,1,L2L 7th/8th,7,13,160,NA,NA,NA,2,4,3,8,Gujarati,Yes,Yes,No,Production,Prod-09,0,0,0,NA,NA,NA,quitándolo,Gender/Number,Clitics,Feminine,Plural,NA,NA,NA,L2L,7th/8th,Late,Yes,6,0,160,2023,0,0.3333333333333333,NA,NA,1.2223659810436054,0.8819208880729681
H67,1,1,L2L 7th/8th,7,13,160,NA,NA,NA,2,4,3,8,Gujarati,Yes,Yes,No,Production,Prod-11,NA,NA,NA,NA,NA,Extra DOM,dando un baño al perro,DP,Clitics,Masculine,Singular,NA,NA,NA,L2L,7th/8th,Late,Yes,6,0,160,2023,NA,0.3333333333333333,NA,NA,1.2223659810436054,0.8819208880729681
H67,1,1,L2L 7th/8th,7,13,160,NA,NA,NA,2,4,3,8,Gujarati,Yes,Yes,No,Production,Prod-15,0,1,0,NA,NA,NA,poniéndolo,Number,Clitics,Masculine,Plural,NA,NA,NA,L2L,7th/8th,Late,Yes,6,0,160,2023,1,0.3333333333333333,NA,NA,1.2223659810436054,0.8819208880729681
H67,1,1,L2L 7th/8th,7,13,160,NA,NA,NA,2,4,3,8,Gujarati,Yes,Yes,No,Production,Prod-17,0,0,1,NA,NA,NA,están comiendolos,NA,Clitics,Feminine,Plural,NA,NA,NA,L2L,7th/8th,Late,Yes,6,0,160,2023,0,0.3333333333333333,NA,NA,1.2223659810436054,0.8819208880729681
H67,1,1,L2L 7th/8th,7,13,160,NA,NA,NA,2,4,3,8,Gujarati,Yes,Yes,No,Production,Prod-19,NA,NA,NA,NA,NA,NA,cocinando pez,DP,Clitics,Masculine,Singular,NA,NA,NA,L2L,7th/8th,Late,Yes,6,0,160,2023,NA,0.3333333333333333,NA,NA,1.2223659810436054,0.8819208880729681
H67,1,1,L2L 7th/8th,7,13,160,NA,NA,NA,2,4,3,8,Gujarati,Yes,Yes,No,Production,Prod-21,0,0,1,NA,NA,NA,cerran a lo,Gender,Clitics,Feminine,Singular,NA,NA,NA,L2L,7th/8th,Late,Yes,6,0,160,2023,0,0.3333333333333333,NA,NA,1.2223659810436054,0.8819208880729681
H67,1,1,L2L 7th/8th,7,13,160,NA,NA,NA,2,4,3,8,Gujarati,Yes,Yes,No,Production,Prod-23,1,1,1,NA,NA,NA,se tócanlos,se with clitic,Clitics,Masculine,Plural,NA,NA,NA,L2L,7th/8th,Late,Yes,6,0,160,2023,1,0.3333333333333333,NA,NA,1.2223659810436054,0.8819208880729681
H67,1,1,L2L 7th/8th,7,13,160,NA,NA,NA,2,4,3,8,Gujarati,Yes,Yes,No,Production,Prod-25,0,0,1,NA,NA,NA,poniéndoselos,Gender,Clitics,Feminine,Plural,NA,NA,NA,L2L,7th/8th,Late,Yes,6,0,160,2023,0,0.3333333333333333,NA,NA,1.2223659810436054,0.8819208880729681
H68,1,1,L2L 2nd,2,7,94,NA,NA,NA,1,2,2,3,L2 learner,L2,L2,L2,Production,Prod-03,NA,NA,NA,NA,NA,English,pop una balloon,English,Clitics,Masculine,Singular,NA,NA,NA,L2L,2nd,Late,Yes,3,0,94,2023,NA,0.3333333333333333,NA,NA,-1.3051826127677424,-1.4499325315359062
H68,1,1,L2L 2nd,2,7,94,NA,NA,NA,1,2,2,3,L2 learner,L2,L2,L2,Production,Prod-05,NA,NA,NA,NA,NA,NA,cotillandos,Omission,Clitics,Feminine,Singular,NA,NA,NA,L2L,2nd,Late,Yes,3,0,94,2023,NA,0.3333333333333333,NA,NA,-1.3051826127677424,-1.4499325315359062
H68,1,1,L2L 2nd,2,7,94,NA,NA,NA,1,2,2,3,L2 learner,L2,L2,L2,Production,Prod-07,NA,NA,NA,NA,NA,NA,"1, 2, 3, 4, 5",Other,Clitics,Masculine,Plural,NA,NA,NA,L2L,2nd,Late,Yes,3,0,94,2023,NA,0.3333333333333333,NA,NA,-1.3051826127677424,-1.4499325315359062
H68,1,1,L2L 2nd,2,7,94,NA,NA,NA,1,2,2,3,L2 learner,L2,L2,L2,Production,Prod-09,NA,NA,NA,NA,NA,NA,es una rosa/verde,Other,Clitics,Feminine,Plural,NA,NA,NA,L2L,2nd,Late,Yes,3,0,94,2023,NA,0.3333333333333333,NA,NA,-1.3051826127677424,-1.4499325315359062
H68,1,1,L2L 2nd,2,7,94,NA,NA,NA,1,2,2,3,L2 learner,L2,L2,L2,Production,Prod-11,NA,NA,NA,NA,NA,NA,es perro no hay bien,Other,Clitics,Masculine,Singular,NA,NA,NA,L2L,2nd,Late,Yes,3,0,94,2023,NA,0.3333333333333333,NA,NA,-1.3051826127677424,-1.4499325315359062
H68,1,1,L2L 2nd,2,7,94,NA,NA,NA,1,2,2,3,L2 learner,L2,L2,L2,Production,Prod-13,NA,NA,NA,NA,NA,English,listen a música,DP,Clitics,Feminine,Singular,NA,NA,NA,L2L,2nd,Late,Yes,3,0,94,2023,NA,0.3333333333333333,NA,NA,-1.3051826127677424,-1.4499325315359062
H68,1,1,L2L 2nd,2,7,94,NA,NA,NA,1,2,2,3,L2 learner,L2,L2,L2,Production,Prod-17,NA,NA,NA,NA,NA,NA,comer,Omission,Clitics,Feminine,Plural,NA,NA,NA,L2L,2nd,Late,Yes,3,0,94,2023,NA,0.3333333333333333,NA,NA,-1.3051826127677424,-1.4499325315359062
H68,1,1,L2L 2nd,2,7,94,NA,NA,NA,1,2,2,3,L2 learner,L2,L2,L2,Production,Prod-19,NA,NA,NA,NA,NA,NA,es pescado es frío,Other,Clitics,Masculine,Singular,NA,NA,NA,L2L,2nd,Late,Yes,3,0,94,2023,NA,0.3333333333333333,NA,NA,-1.3051826127677424,-1.4499325315359062
H68,1,1,L2L 2nd,2,7,94,NA,NA,NA,1,2,2,3,L2 learner,L2,L2,L2,Production,Prod-21,NA,NA,NA,NA,NA,English,close el door,English,Clitics,Feminine,Singular,NA,NA,NA,L2L,2nd,Late,Yes,3,0,94,2023,NA,0.3333333333333333,NA,NA,-1.3051826127677424,-1.4499325315359062
H68,1,1,L2L 2nd,2,7,94,NA,NA,NA,1,2,2,3,L2 learner,L2,L2,L2,Production,Prod-23,NA,NA,NA,NA,NA,English,la niños es play instruments,DP,Clitics,Masculine,Plural,NA,NA,NA,L2L,2nd,Late,Yes,3,0,94,2023,NA,0.3333333333333333,NA,NA,-1.3051826127677424,-1.4499325315359062
H68,1,1,L2L 2nd,2,7,94,NA,NA,NA,1,2,2,3,L2 learner,L2,L2,L2,Production,Prod-25,NA,NA,NA,NA,NA,English,masc protect,English,Clitics,Feminine,Plural,NA,NA,NA,L2L,2nd,Late,Yes,3,0,94,2023,NA,0.3333333333333333,NA,NA,-1.3051826127677424,-1.4499325315359062
H69,1,1,HS 2nd,2,8,102,NA,NA,NA,5,4,2,8,Heritage Spanish,NA,NA,NA,Production,Prod-03,1,1,1,NA,NA,NA,se dañalo,NA,Clitics,Masculine,Singular,NA,NA,NA,HS,2nd,Late,Yes,9,0,102,2023,1,0.5555555555555556,NA,NA,-0.9988130862451546,-1.1672836321893758
H69,1,1,HS 2nd,2,8,102,NA,NA,NA,5,4,2,8,Heritage Spanish,NA,NA,NA,Production,Prod-05,NA,NA,NA,NA,NA,NA,cortan un pedazo para comer,DP,Clitics,Feminine,Singular,NA,NA,NA,HS,2nd,Late,Yes,9,0,102,2023,NA,0.5555555555555556,NA,NA,-0.9988130862451546,-1.1672836321893758
H69,1,1,HS 2nd,2,8,102,NA,NA,NA,5,4,2,8,Heritage Spanish,NA,NA,NA,Production,Prod-07,0,NA,NA,NA,NA,NA,se cuentan,se,Clitics,Masculine,Plural,NA,NA,NA,HS,2nd,Late,Yes,9,0,102,2023,NA,0.5555555555555556,NA,NA,-0.9988130862451546,-1.1672836321893758
H69,1,1,HS 2nd,2,8,102,NA,NA,NA,5,4,2,8,Heritage Spanish,NA,NA,NA,Production,Prod-13,NA,NA,NA,NA,NA,NA,se están escuchando música,BN,Clitics,Feminine,Singular,NA,NA,NA,HS,2nd,Late,Yes,9,0,102,2023,NA,0.5555555555555556,NA,NA,-0.9988130862451546,-1.1672836321893758
H69,1,1,HS 2nd,2,8,102,NA,NA,NA,5,4,2,8,Heritage Spanish,NA,NA,NA,Production,Prod-15,1,NA,NA,NA,NA,NA,se están comprando libros,BN,Clitics,Masculine,Plural,NA,NA,NA,HS,2nd,Late,Yes,9,0,102,2023,NA,0.5555555555555556,NA,NA,-0.9988130862451546,-1.1672836321893758
H69,1,1,HS 2nd,2,8,102,NA,NA,NA,5,4,2,8,Heritage Spanish,NA,NA,NA,Production,Prod-17,0,NA,NA,NA,NA,NA,comiendolos,Gender,Clitics,Feminine,Plural,NA,NA,NA,HS,2nd,Late,Yes,9,0,102,2023,NA,0.5555555555555556,NA,NA,-0.9988130862451546,-1.1672836321893758
H69,1,1,HS 2nd,2,8,102,NA,NA,NA,5,4,2,8,Heritage Spanish,NA,NA,NA,Production,Prod-19,1,NA,NA,NA,NA,NA,cocinandolos,NA,Clitics,Masculine,Singular,NA,NA,NA,HS,2nd,Late,Yes,9,0,102,2023,NA,0.5555555555555556,NA,NA,-0.9988130862451546,-1.1672836321893758
H69,1,1,HS 2nd,2,8,102,NA,NA,NA,5,4,2,8,Heritage Spanish,NA,NA,NA,Production,Prod-21,0,0,1,NA,NA,NA,abriendo y cerrandolo,Gender,Clitics,Feminine,Singular,NA,NA,NA,HS,2nd,Late,Yes,9,0,102,2023,0,0.5555555555555556,NA,NA,-0.9988130862451546,-1.1672836321893758
H69,1,1,HS 2nd,2,8,102,NA,NA,NA,5,4,2,8,Heritage Spanish,NA,NA,NA,Production,Prod-23,NA,NA,NA,NA,NA,NA,están dando música,DP,Clitics,Masculine,Plural,NA,NA,NA,HS,2nd,Late,Yes,9,0,102,2023,NA,0.5555555555555556,NA,NA,-0.9988130862451546,-1.1672836321893758
H69,1,1,HS 2nd,2,8,102,NA,NA,NA,5,4,2,8,Heritage Spanish,NA,NA,NA,Production,Prod-25,0,0,1,NA,NA,NA,están poniendolos,Gender,Clitics,Feminine,Plural,NA,NA,NA,HS,2nd,Late,Yes,9,0,102,2023,0,0.5555555555555556,NA,NA,-0.9988130862451546,-1.1672836321893758
H70,1,1,HS 2nd,2,7,95,NA,NA,NA,2,6,2,8,Heritage Spanish,NA,NA,NA,Production,Prod-03,1,1,1,NA,NA,NA,lo están rompiendo,NA,Clitics,Masculine,Singular,NA,NA,NA,HS,2nd,Late,Yes,8,0,95,2023,1,0.25,NA,NA,-1.2668864219524187,-1.41460141911759
H70,1,1,HS 2nd,2,7,95,NA,NA,NA,2,6,2,8,Heritage Spanish,NA,NA,NA,Production,Prod-05,0,0,1,NA,NA,NA,lo cortan y comen la pizza,Gender,Clitics,Feminine,Singular,NA,NA,NA,HS,2nd,Late,Yes,8,0,95,2023,0,0.25,NA,NA,-1.2668864219524187,-1.41460141911759
H70,1,1,HS 2nd,2,7,95,NA,NA,NA,2,6,2,8,Heritage Spanish,NA,NA,NA,Production,Prod-07,1,1,1,NA,NA,NA,los están contando,NA,Clitics,Masculine,Plural,NA,NA,NA,HS,2nd,Late,Yes,8,0,95,2023,1,0.25,NA,NA,-1.2668864219524187,-1.41460141911759
H70,1,1,HS 2nd,2,7,95,NA,NA,NA,2,6,2,8,Heritage Spanish,NA,NA,NA,Production,Prod-09,1,1,1,NA,NA,NA,se las quitan,NA,Clitics,Feminine,Plural,NA,NA,NA,HS,2nd,Late,Yes,8,0,95,2023,1,0.25,NA,NA,-1.2668864219524187,-1.41460141911759
H70,1,1,HS 2nd,2,7,95,NA,NA,NA,2,6,2,8,Heritage Spanish,NA,NA,NA,Production,Prod-11,1,1,1,NA,NA,NA,lo están lavando,NA,Clitics,Masculine,Singular,NA,NA,NA,HS,2nd,Late,Yes,8,0,95,2023,1,0.25,NA,NA,-1.2668864219524187,-1.41460141911759
H70,1,1,HS 2nd,2,7,95,NA,NA,NA,2,6,2,8,Heritage Spanish,NA,NA,NA,Production,Prod-13,NA,NA,NA,NA,NA,NA,están escuchando la música,DP,Clitics,Feminine,Singular,NA,NA,NA,HS,2nd,Late,Yes,8,0,95,2023,NA,0.25,NA,NA,-1.2668864219524187,-1.41460141911759
H70,1,1,HS 2nd,2,7,95,NA,NA,NA,2,6,2,8,Heritage Spanish,NA,NA,NA,Production,Prod-17,1,1,1,NA,NA,NA,están comiendolas,NA,Clitics,Feminine,Plural,NA,NA,NA,HS,2nd,Late,Yes,8,0,95,2023,1,0.25,NA,NA,-1.2668864219524187,-1.41460141911759
H70,1,1,HS 2nd,2,7,95,NA,NA,NA,2,6,2,8,Heritage Spanish,NA,NA,NA,Production,Prod-21,1,1,1,NA,NA,NA,la están cerrando,NA,Clitics,Feminine,Singular,NA,NA,NA,HS,2nd,Late,Yes,8,0,95,2023,1,0.25,NA,NA,-1.2668864219524187,-1.41460141911759
H70,1,1,HS 2nd,2,7,95,NA,NA,NA,2,6,2,8,Heritage Spanish,NA,NA,NA,Production,Prod-25,1,1,1,NA,NA,NA,se las ponen,NA,Clitics,Feminine,Plural,NA,NA,NA,HS,2nd,Late,Yes,8,0,95,2023,1,0.25,NA,NA,-1.2668864219524187,-1.41460141911759
H70,1,2,HS 4th/5th,5,7,95,NA,NA,NA,2,6,2,8,Heritage Spanish,NA,NA,NA,Production,Prod-03,NA,1,1,NA,NA,NA,lo rompen,NA,Clitics,Masculine,Singular,NA,NA,NA,HS,4th/5th,Late,Yes,8,36,131,2026,1,0.25,NA,NA,-1.2668864219524187,-0.1426813720582039
H70,1,2,HS 4th/5th,5,7,95,NA,NA,NA,2,6,2,8,Heritage Spanish,NA,NA,NA,Production,Prod-05,NA,0,1,NA,NA,NA,lo comen,Gender,Clitics,Feminine,Singular,NA,NA,NA,HS,4th/5th,Late,Yes,8,36,131,2026,0,0.25,NA,NA,-1.2668864219524187,-0.1426813720582039
H70,1,2,HS 4th/5th,5,7,95,NA,NA,NA,2,6,2,8,Heritage Spanish,NA,NA,NA,Production,Prod-07,NA,1,1,NA,NA,NA,los cuenten,NA,Clitics,Masculine,Plural,NA,NA,NA,HS,4th/5th,Late,Yes,8,36,131,2026,1,0.25,NA,NA,-1.2668864219524187,-0.1426813720582039
H70,1,2,HS 4th/5th,5,7,95,NA,NA,NA,2,6,2,8,Heritage Spanish,NA,NA,NA,Production,Prod-09,NA,1,1,NA,NA,NA,se las salen,NA,Clitics,Feminine,Plural,NA,NA,NA,HS,4th/5th,Late,Yes,8,36,131,2026,1,0.25,NA,NA,-1.2668864219524187,-0.1426813720582039
H70,1,2,HS 4th/5th,5,7,95,NA,NA,NA,2,6,2,8,Heritage Spanish,NA,NA,NA,Production,Prod-11,NA,1,1,NA,NA,NA,lo lavan,NA,Clitics,Masculine,Singular,NA,NA,NA,HS,4th/5th,Late,Yes,8,36,131,2026,1,0.25,NA,NA,-1.2668864219524187,-0.1426813720582039
H70,1,2,HS 4th/5th,5,7,95,NA,NA,NA,2,6,2,8,Heritage Spanish,NA,NA,NA,Production,Prod-13,NA,0,1,NA,NA,NA,lo oyen,Gender,Clitics,Feminine,Singular,NA,NA,NA,HS,4th/5th,Late,Yes,8,36,131,2026,0,0.25,NA,NA,-1.2668864219524187,-0.1426813720582039
H70,1,2,HS 4th/5th,5,7,95,NA,NA,NA,2,6,2,8,Heritage Spanish,NA,NA,NA,Production,Prod-15,NA,1,1,NA,NA,NA,los ponen en la mesa,NA,Clitics,Masculine,Plural,NA,NA,NA,HS,4th/5th,Late,Yes,8,36,131,2026,1,0.25,NA,NA,-1.2668864219524187,-0.1426813720582039
H70,1,2,HS 4th/5th,5,7,95,NA,NA,NA,2,6,2,8,Heritage Spanish,NA,NA,NA,Production,Prod-17,NA,0,1,NA,NA,NA,los comen,Gender,Clitics,Feminine,Plural,NA,NA,NA,HS,4th/5th,Late,Yes,8,36,131,2026,0,0.25,NA,NA,-1.2668864219524187,-0.1426813720582039
H70,1,2,HS 4th/5th,5,7,95,NA,NA,NA,2,6,2,8,Heritage Spanish,NA,NA,NA,Production,Prod-19,NA,1,1,NA,NA,NA,lo cocinan,NA,Clitics,Masculine,Singular,NA,NA,NA,HS,4th/5th,Late,Yes,8,36,131,2026,1,0.25,NA,NA,-1.2668864219524187,-0.1426813720582039
H70,1,2,HS 4th/5th,5,7,95,NA,NA,NA,2,6,2,8,Heritage Spanish,NA,NA,NA,Production,Prod-21,NA,1,1,NA,NA,NA,la cierran,NA,Clitics,Feminine,Singular,NA,NA,NA,HS,4th/5th,Late,Yes,8,36,131,2026,1,0.25,NA,NA,-1.2668864219524187,-0.1426813720582039
H70,1,2,HS 4th/5th,5,7,95,NA,NA,NA,2,6,2,8,Heritage Spanish,NA,NA,NA,Production,Prod-23,NA,1,1,NA,NA,NA,los tocan,NA,Clitics,Masculine,Plural,NA,NA,NA,HS,4th/5th,Late,Yes,8,36,131,2026,1,0.25,NA,NA,-1.2668864219524187,-0.1426813720582039
H70,1,2,HS 4th/5th,5,7,95,NA,NA,NA,2,6,2,8,Heritage Spanish,NA,NA,NA,Production,Prod-25,NA,0,1,NA,NA,NA,se los ponen,NA,Clitics,Feminine,Plural,NA,NA,NA,HS,4th/5th,Late,Yes,8,36,131,2026,0,0.25,NA,NA,-1.2668864219524187,-0.1426813720582039
H71,1,1,L2L 2nd,2,7,94,NA,NA,NA,1,4,2,7,L2 learner,L2,L2,L2,Production,Prod-03,0,0,0,NA,NA,Recoded -J,las hacen romper,Number,Clitics,Masculine,Singular,NA,NA,NA,L2L,2nd,Late,Yes,5,0,94,2023,0,0.2,NA,NA,-1.3051826127677424,-1.4499325315359062
H71,1,1,L2L 2nd,2,7,94,NA,NA,NA,1,4,2,7,L2 learner,L2,L2,L2,Production,Prod-05,0,0,0,NA,NA,Recoded -J,se comenlos,Gender/Number,Clitics,Feminine,Singular,NA,NA,NA,L2L,2nd,Late,Yes,5,0,94,2023,0,0.2,NA,NA,-1.3051826127677424,-1.4499325315359062
H71,1,1,L2L 2nd,2,7,94,NA,NA,NA,1,4,2,7,L2 learner,L2,L2,L2,Production,Prod-11,NA,NA,NA,NA,NA,NA,incomprehensible,Other,Clitics,Masculine,Singular,NA,NA,NA,L2L,2nd,Late,Yes,5,0,94,2023,NA,0.2,NA,NA,-1.3051826127677424,-1.4499325315359062
H71,1,1,L2L 2nd,2,7,94,NA,NA,NA,1,4,2,7,L2 learner,L2,L2,L2,Production,Prod-13,NA,NA,NA,NA,NA,NA,escuchando a la música,DP,Clitics,Feminine,Singular,NA,NA,NA,L2L,2nd,Late,Yes,5,0,94,2023,NA,0.2,NA,NA,-1.3051826127677424,-1.4499325315359062
H71,1,1,L2L 2nd,2,7,94,NA,NA,NA,1,4,2,7,L2 learner,L2,L2,L2,Production,Prod-15,1,1,1,NA,NA,NA,los están poniendo,NA,Clitics,Masculine,Plural,NA,NA,NA,L2L,2nd,Late,Yes,5,0,94,2023,1,0.2,NA,NA,-1.3051826127677424,-1.4499325315359062
H71,1,1,L2L 2nd,2,7,94,NA,NA,NA,1,4,2,7,L2 learner,L2,L2,L2,Production,Prod-17,0,0,1,NA,NA,NA,los son comiéndolos,Double Gender,Clitics,Feminine,Plural,NA,NA,NA,L2L,2nd,Late,Yes,5,0,94,2023,0,0.2,NA,NA,-1.3051826127677424,-1.4499325315359062
H71,1,1,L2L 2nd,2,7,94,NA,NA,NA,1,4,2,7,L2 learner,L2,L2,L2,Production,Prod-19,NA,NA,NA,NA,NA,NA,estaban cocinando,Omission,Clitics,Masculine,Singular,NA,NA,NA,L2L,2nd,Late,Yes,5,0,94,2023,NA,0.2,NA,NA,-1.3051826127677424,-1.4499325315359062
H71,1,1,L2L 2nd,2,7,94,NA,NA,NA,1,4,2,7,L2 learner,L2,L2,L2,Production,Prod-21,NA,NA,NA,NA,NA,NA,cerrando los puertas,DP,Clitics,Feminine,Singular,NA,NA,NA,L2L,2nd,Late,Yes,5,0,94,2023,NA,0.2,NA,NA,-1.3051826127677424,-1.4499325315359062
H71,1,1,L2L 2nd,2,7,94,NA,NA,NA,1,4,2,7,L2 learner,L2,L2,L2,Production,Prod-23,1,1,1,NA,NA,NA,los está jugando,NA,Clitics,Masculine,Plural,NA,NA,NA,L2L,2nd,Late,Yes,5,0,94,2023,1,0.2,NA,NA,-1.3051826127677424,-1.4499325315359062
H71,1,1,L2L 2nd,2,7,94,NA,NA,NA,1,4,2,7,L2 learner,L2,L2,L2,Production,Prod-25,0,0,1,NA,NA,NA,los van a tener en la boca,Gender,Clitics,Feminine,Plural,NA,NA,NA,L2L,2nd,Late,Yes,5,0,94,2023,0,0.2,NA,NA,-1.3051826127677424,-1.4499325315359062
H72,1,1,L2L 2nd,2,7,94,NA,NA,NA,3,4,2,8,Russian,No,Yes,Yes,Production,Prod-03,NA,1,1,NA,NA,NA,lo sueltan y se va,NA,Clitics,Masculine,Singular,NA,NA,NA,L2L,2nd,Late,Yes,7,0,94,2023,1,0.42857142857142855,NA,NA,-1.3051826127677424,-1.4499325315359062
H72,1,1,L2L 2nd,2,7,94,NA,NA,NA,3,4,2,8,Russian,No,Yes,Yes,Production,Prod-05,NA,0,1,NA,NA,NA,están contándolo,Gender,Clitics,Feminine,Singular,NA,NA,NA,L2L,2nd,Late,Yes,7,0,94,2023,0,0.42857142857142855,NA,NA,-1.3051826127677424,-1.4499325315359062
H72,1,1,L2L 2nd,2,7,94,NA,NA,NA,3,4,2,8,Russian,No,Yes,Yes,Production,Prod-07,NA,0,1,NA,NA,NA,las están,Gender,Clitics,Masculine,Plural,NA,NA,NA,L2L,2nd,Late,Yes,7,0,94,2023,0,0.42857142857142855,NA,NA,-1.3051826127677424,-1.4499325315359062
H72,1,1,L2L 2nd,2,7,94,NA,NA,NA,3,4,2,8,Russian,No,Yes,Yes,Production,Prod-09,NA,0,1,NA,NA,NA,los están quitando,Gender,Clitics,Feminine,Plural,NA,NA,NA,L2L,2nd,Late,Yes,7,0,94,2023,0,0.42857142857142855,NA,NA,-1.3051826127677424,-1.4499325315359062
H72,1,1,L2L 2nd,2,7,94,NA,NA,NA,3,4,2,8,Russian,No,Yes,Yes,Production,Prod-11,NA,1,1,NA,NA,NA,están lavándolo,NA,Clitics,Masculine,Singular,NA,NA,NA,L2L,2nd,Late,Yes,7,0,94,2023,1,0.42857142857142855,NA,NA,-1.3051826127677424,-1.4499325315359062
H72,1,1,L2L 2nd,2,7,94,NA,NA,NA,3,4,2,8,Russian,No,Yes,Yes,Production,Prod-13,NA,1,1,NA,NA,NA,están escuchándola,NA,Clitics,Feminine,Singular,NA,NA,NA,L2L,2nd,Late,Yes,7,0,94,2023,1,0.42857142857142855,NA,NA,-1.3051826127677424,-1.4499325315359062
H72,1,1,L2L 2nd,2,7,94,NA,NA,NA,3,4,2,8,Russian,No,Yes,Yes,Production,Prod-15,NA,1,1,NA,NA,NA,los están poniendo,NA,Clitics,Masculine,Plural,NA,NA,NA,L2L,2nd,Late,Yes,7,0,94,2023,1,0.42857142857142855,NA,NA,-1.3051826127677424,-1.4499325315359062
H72,1,1,L2L 2nd,2,7,94,NA,NA,NA,3,4,2,8,Russian,No,Yes,Yes,Production,Prod-17,NA,1,1,NA,NA,NA,están decorándolas,NA,Clitics,Feminine,Plural,NA,NA,NA,L2L,2nd,Late,Yes,7,0,94,2023,1,0.42857142857142855,NA,NA,-1.3051826127677424,-1.4499325315359062
H72,1,1,L2L 2nd,2,7,94,NA,NA,NA,3,4,2,8,Russian,No,Yes,Yes,Production,Prod-19,NA,1,1,NA,NA,NA,están haciéndolo,NA,Clitics,Masculine,Singular,NA,NA,NA,L2L,2nd,Late,Yes,7,0,94,2023,1,0.42857142857142855,NA,NA,-1.3051826127677424,-1.4499325315359062
H72,1,1,L2L 2nd,2,7,94,NA,NA,NA,3,4,2,8,Russian,No,Yes,Yes,Production,Prod-21,NA,NA,NA,NA,NA,NA,están cerrando la puerta,DP,Clitics,Feminine,Singular,NA,NA,NA,L2L,2nd,Late,Yes,7,0,94,2023,NA,0.42857142857142855,NA,NA,-1.3051826127677424,-1.4499325315359062
H72,1,1,L2L 2nd,2,7,94,NA,NA,NA,3,4,2,8,Russian,No,Yes,Yes,Production,Prod-23,NA,1,1,NA,NA,NA,los están jugando,NA,Clitics,Masculine,Plural,NA,NA,NA,L2L,2nd,Late,Yes,7,0,94,2023,1,0.42857142857142855,NA,NA,-1.3051826127677424,-1.4499325315359062
H72,1,1,L2L 2nd,2,7,94,NA,NA,NA,3,4,2,8,Russian,No,Yes,Yes,Production,Prod-25,NA,1,0,NA,NA,NA,están poniéndola,Number,Clitics,Feminine,Plural,NA,NA,NA,L2L,2nd,Late,Yes,7,0,94,2023,1,0.42857142857142855,NA,NA,-1.3051826127677424,-1.4499325315359062
H72,1,2,L2L 4th/5th,5,7,94,NA,NA,NA,3,4,2,8,Russian,No,Yes,Yes,Production,Prod-03,NA,1,1,NA,NA,NA,lo está rompiendo,NA,Clitics,Masculine,Singular,NA,NA,NA,L2L,4th/5th,Late,Yes,7,36,130,2026,1,0.42857142857142855,NA,NA,-1.3051826127677424,-0.17801248447652016
H72,1,2,L2L 4th/5th,5,7,94,NA,NA,NA,3,4,2,8,Russian,No,Yes,Yes,Production,Prod-05,NA,0,1,NA,NA,NA,lo está comiendo,Gender,Clitics,Feminine,Singular,NA,NA,NA,L2L,4th/5th,Late,Yes,7,36,130,2026,0,0.42857142857142855,NA,NA,-1.3051826127677424,-0.17801248447652016
H72,1,2,L2L 4th/5th,5,7,94,NA,NA,NA,3,4,2,8,Russian,No,Yes,Yes,Production,Prod-07,NA,1,1,NA,NA,NA,los están contando,NA,Clitics,Masculine,Plural,NA,NA,NA,L2L,4th/5th,Late,Yes,7,36,130,2026,1,0.42857142857142855,NA,NA,-1.3051826127677424,-0.17801248447652016
H72,1,2,L2L 4th/5th,5,7,94,NA,NA,NA,3,4,2,8,Russian,No,Yes,Yes,Production,Prod-09,NA,1,1,NA,NA,NA,las están quitando,NA,Clitics,Feminine,Plural,NA,NA,NA,L2L,4th/5th,Late,Yes,7,36,130,2026,1,0.42857142857142855,NA,NA,-1.3051826127677424,-0.17801248447652016
H72,1,2,L2L 4th/5th,5,7,94,NA,NA,NA,3,4,2,8,Russian,No,Yes,Yes,Production,Prod-21,NA,1,1,NA,NA,NA,la están cerrando,NA,Clitics,Feminine,Singular,NA,NA,NA,L2L,4th/5th,Late,Yes,7,36,130,2026,1,0.42857142857142855,NA,NA,-1.3051826127677424,-0.17801248447652016
H73,1,1,L2L 4th/5th,4,10,125,NA,NA,NA,3,5,NA,6,"Mandarin, Cantonese, Fujianese",Yes,No,No,Production,Prod-03,NA,NA,NA,NA,NA,English,el niño rompio balloon,English,Clitics,Masculine,Singular,NA,NA,NA,L2L,4th/5th,Late,Yes,8,0,125,2023,NA,0.375,NA,NA,-0.11800069749271534,-0.3546680465681015
H73,1,1,L2L 4th/5th,4,10,125,NA,NA,NA,3,5,NA,6,"Mandarin, Cantonese, Fujianese",Yes,No,No,Production,Prod-09,NA,NA,NA,NA,NA,English,la niña es taking jacket off,English,Clitics,Feminine,Plural,NA,NA,NA,L2L,4th/5th,Late,Yes,8,0,125,2023,NA,0.375,NA,NA,-0.11800069749271534,-0.3546680465681015
H73,1,1,L2L 4th/5th,4,10,125,NA,NA,NA,3,5,NA,6,"Mandarin, Cantonese, Fujianese",Yes,No,No,Production,Prod-13,NA,NA,NA,NA,NA,NA,el niña feliz de la música,DP,Clitics,Feminine,Singular,NA,NA,NA,L2L,4th/5th,Late,Yes,8,0,125,2023,NA,0.375,NA,NA,-0.11800069749271534,-0.3546680465681015
H73,1,1,L2L 4th/5th,4,10,125,NA,NA,NA,3,5,NA,6,"Mandarin, Cantonese, Fujianese",Yes,No,No,Production,Prod-17,NA,NA,NA,NA,NA,NA,los niños comer galletas,BN,Clitics,Feminine,Plural,NA,NA,NA,L2L,4th/5th,Late,Yes,8,0,125,2023,NA,0.375,NA,NA,-0.11800069749271534,-0.3546680465681015
H73,1,1,L2L 4th/5th,4,10,125,NA,NA,NA,3,5,NA,6,"Mandarin, Cantonese, Fujianese",Yes,No,No,Production,Prod-19,NA,NA,NA,NA,NA,NA,el niños hace comida,BN,Clitics,Masculine,Singular,NA,NA,NA,L2L,4th/5th,Late,Yes,8,0,125,2023,NA,0.375,NA,NA,-0.11800069749271534,-0.3546680465681015
H73,1,1,L2L 4th/5th,4,10,125,NA,NA,NA,3,5,NA,6,"Mandarin, Cantonese, Fujianese",Yes,No,No,Production,Prod-23,NA,NA,NA,NA,NA,NA,el niños jugar con el instrumentos,DP,Clitics,Masculine,Plural,NA,NA,NA,L2L,4th/5th,Late,Yes,8,0,125,2023,NA,0.375,NA,NA,-0.11800069749271534,-0.3546680465681015
H73,1,1,L2L 4th/5th,4,10,125,NA,NA,NA,3,5,NA,6,"Mandarin, Cantonese, Fujianese",Yes,No,No,Production,Prod-25,NA,NA,NA,NA,NA,NA,NA,DP,Clitics,Feminine,Plural,NA,NA,NA,L2L,4th/5th,Late,Yes,8,0,125,2023,NA,0.375,NA,NA,-0.11800069749271534,-0.3546680465681015
H73,1,2,L2L 7th/8th,7,10,125,NA,NA,NA,3,5,NA,6,"Mandarin, Cantonese, Fujianese",Yes,No,No,Production,Prod-09,NA,NA,NA,NA,NA,NA,se disfrazan con sus chaquetas,Su,Clitics,Feminine,Plural,NA,NA,NA,L2L,7th/8th,Late,Yes,8,36,161,2026,NA,0.375,NA,NA,-0.11800069749271534,0.9172520004912844
H74,1,1,L2L 4th/5th,4,10,121,NA,NA,NA,5,4,NA,5,Tagalog,Yes,No,No,Production,Prod-03,NA,NA,NA,NA,NA,NA,están con los,Other,Clitics,Masculine,Singular,NA,NA,NA,L2L,4th/5th,Late,Yes,9,0,121,2023,NA,0.5555555555555556,NA,NA,-0.2711854607540091,-0.49599249624136665
H74,1,1,L2L 4th/5th,4,10,121,NA,NA,NA,5,4,NA,5,Tagalog,Yes,No,No,Production,Prod-05,NA,NA,NA,NA,NA,NA,comen,Omission,Clitics,Feminine,Singular,NA,NA,NA,L2L,4th/5th,Late,Yes,9,0,121,2023,NA,0.5555555555555556,NA,NA,-0.2711854607540091,-0.49599249624136665
H74,1,1,L2L 4th/5th,4,10,121,NA,NA,NA,5,4,NA,5,Tagalog,Yes,No,No,Production,Prod-09,NA,NA,NA,NA,NA,NA,NA,NO RESPONSE,Clitics,Feminine,Plural,NA,NA,NA,L2L,4th/5th,Late,Yes,9,0,121,2023,NA,0.5555555555555556,NA,NA,-0.2711854607540091,-0.49599249624136665
H74,1,1,L2L 4th/5th,4,10,121,NA,NA,NA,5,4,NA,5,Tagalog,Yes,No,No,Production,Prod-23,NA,NA,NA,NA,NA,NA,hacen música,DP,Clitics,Masculine,Plural,NA,NA,NA,L2L,4th/5th,Late,Yes,9,0,121,2023,NA,0.5555555555555556,NA,NA,-0.2711854607540091,-0.49599249624136665
H74,1,2,L2L 7th/8th,7,10,121,NA,NA,NA,5,4,NA,5,Tagalog,Yes,No,No,Production,Prod-03,NA,NA,NA,NA,NA,NA,se,Se,Clitics,Masculine,Singular,NA,NA,NA,L2L,7th/8th,Late,Yes,9,36,157,2026,NA,0.5555555555555556,NA,NA,-0.2711854607540091,0.7759275508180193
H74,1,2,L2L 7th/8th,7,10,121,NA,NA,NA,5,4,NA,5,Tagalog,Yes,No,No,Production,Prod-09,NA,NA,NA,NA,NA,NA,ponen sus chaquetas,Possessive,Clitics,Feminine,Plural,NA,NA,NA,L2L,7th/8th,Late,Yes,9,36,157,2026,NA,0.5555555555555556,NA,NA,-0.2711854607540091,0.7759275508180193
H75,1,1,L2L 4th/5th,4,10,120,NA,NA,NA,2,2,NA,8,L2 learner,L2,L2,L2,Production,Prod-03,NA,NA,NA,NA,NA,English,se popped,se,Clitics,Masculine,Singular,NA,NA,NA,L2L,4th/5th,Late,Yes,4,0,120,2023,NA,0.5,NA,NA,-0.3094816515693326,-0.531323608659683
H75,1,1,L2L 4th/5th,4,10,120,NA,NA,NA,2,2,NA,8,L2 learner,L2,L2,L2,Production,Prod-09,NA,NA,NA,NA,NA,NA,ponerse y,Omission,Clitics,Feminine,Plural,NA,NA,NA,L2L,4th/5th,Late,Yes,4,0,120,2023,NA,0.5,NA,NA,-0.3094816515693326,-0.531323608659683
H75,1,1,L2L 4th/5th,4,10,120,NA,NA,NA,2,2,NA,8,L2 learner,L2,L2,L2,Production,Prod-11,NA,NA,NA,NA,NA,Extra DOM,lavar a su perro,DP,Clitics,Masculine,Singular,NA,NA,NA,L2L,4th/5th,Late,Yes,4,0,120,2023,NA,0.5,NA,NA,-0.3094816515693326,-0.531323608659683
H75,1,1,L2L 4th/5th,4,10,120,NA,NA,NA,2,2,NA,8,L2 learner,L2,L2,L2,Production,Prod-23,NA,NA,NA,NA,NA,NA,se usar para hacer musica,se,Clitics,Masculine,Plural,NA,NA,NA,L2L,4th/5th,Late,Yes,4,0,120,2023,NA,0.5,NA,NA,-0.3094816515693326,-0.531323608659683
H75,1,1,L2L 4th/5th,4,10,120,NA,NA,NA,2,2,NA,8,L2 learner,L2,L2,L2,Production,Prod-25,NA,NA,NA,NA,NA,NA,se ponen a su cara,Omission,Clitics,Feminine,Plural,NA,NA,NA,L2L,4th/5th,Late,Yes,4,0,120,2023,NA,0.5,NA,NA,-0.3094816515693326,-0.531323608659683
H76,1,1,L2L 4th/5th,4,10,126,NA,NA,NA,1,4,3,8,Hindi,Yes,Yes,Yes,Production,Prod-03,NA,NA,NA,NA,NA,English,popped,English,Clitics,Masculine,Singular,NA,NA,NA,L2L,4th/5th,Late,Yes,5,0,126,2023,NA,0.2,NA,NA,-0.0797045066773919,-0.31933693414978526
H76,1,1,L2L 4th/5th,4,10,126,NA,NA,NA,1,4,3,8,Hindi,Yes,Yes,Yes,Production,Prod-05,NA,NA,NA,NA,NA,NA,se cortar pizza,se,Clitics,Feminine,Singular,NA,NA,NA,L2L,4th/5th,Late,Yes,5,0,126,2023,NA,0.2,NA,NA,-0.0797045066773919,-0.31933693414978526
H76,1,1,L2L 4th/5th,4,10,126,NA,NA,NA,1,4,3,8,Hindi,Yes,Yes,Yes,Production,Prod-07,NA,NA,NA,NA,NA,NA,se contaron,se,Clitics,Masculine,Plural,NA,NA,NA,L2L,4th/5th,Late,Yes,5,0,126,2023,NA,0.2,NA,NA,-0.0797045066773919,-0.31933693414978526
H76,1,1,L2L 4th/5th,4,10,126,NA,NA,NA,1,4,3,8,Hindi,Yes,Yes,Yes,Production,Prod-09,NA,NA,NA,NA,NA,English,take off,English,Clitics,Feminine,Plural,NA,NA,NA,L2L,4th/5th,Late,Yes,5,0,126,2023,NA,0.2,NA,NA,-0.0797045066773919,-0.31933693414978526
H76,1,1,L2L 4th/5th,4,10,126,NA,NA,NA,1,4,3,8,Hindi,Yes,Yes,Yes,Production,Prod-13,NA,NA,NA,NA,NA,NA,están escuchando música,DP,Clitics,Feminine,Singular,NA,NA,NA,L2L,4th/5th,Late,Yes,5,0,126,2023,NA,0.2,NA,NA,-0.0797045066773919,-0.31933693414978526
H76,1,1,L2L 4th/5th,4,10,126,NA,NA,NA,1,4,3,8,Hindi,Yes,Yes,Yes,Production,Prod-15,NA,NA,NA,NA,NA,English,put,English,Clitics,Masculine,Plural,NA,NA,NA,L2L,4th/5th,Late,Yes,5,0,126,2023,NA,0.2,NA,NA,-0.0797045066773919,-0.31933693414978526
H76,1,1,L2L 4th/5th,4,10,126,NA,NA,NA,1,4,3,8,Hindi,Yes,Yes,Yes,Production,Prod-17,NA,NA,NA,NA,NA,NA,están comiendo,Omission,Clitics,Feminine,Plural,NA,NA,NA,L2L,4th/5th,Late,Yes,5,0,126,2023,NA,0.2,NA,NA,-0.0797045066773919,-0.31933693414978526
H76,1,1,L2L 4th/5th,4,10,126,NA,NA,NA,1,4,3,8,Hindi,Yes,Yes,Yes,Production,Prod-19,NA,NA,NA,NA,NA,NA,están cocine,Omission,Clitics,Masculine,Singular,NA,NA,NA,L2L,4th/5th,Late,Yes,5,0,126,2023,NA,0.2,NA,NA,-0.0797045066773919,-0.31933693414978526
H76,1,1,L2L 4th/5th,4,10,126,NA,NA,NA,1,4,3,8,Hindi,Yes,Yes,Yes,Production,Prod-21,NA,NA,NA,NA,NA,NA,están abrir y cerrar,Omission,Clitics,Feminine,Singular,NA,NA,NA,L2L,4th/5th,Late,Yes,5,0,126,2023,NA,0.2,NA,NA,-0.0797045066773919,-0.31933693414978526
H76,1,1,L2L 4th/5th,4,10,126,NA,NA,NA,1,4,3,8,Hindi,Yes,Yes,Yes,Production,Prod-23,NA,NA,NA,NA,NA,NA,están jugando,Omission,Clitics,Masculine,Plural,NA,NA,NA,L2L,4th/5th,Late,Yes,5,0,126,2023,NA,0.2,NA,NA,-0.0797045066773919,-0.31933693414978526
H76,1,1,L2L 4th/5th,4,10,126,NA,NA,NA,1,4,3,8,Hindi,Yes,Yes,Yes,Production,Prod-25,NA,NA,NA,NA,NA,NA,están poniendo,Omission,Clitics,Feminine,Plural,NA,NA,NA,L2L,4th/5th,Late,Yes,5,0,126,2023,NA,0.2,NA,NA,-0.0797045066773919,-0.31933693414978526
H76,1,2,L2L 7th/8th,7,10,126,NA,NA,NA,1,4,3,8,Hindi,Yes,Yes,Yes,Production,Prod-09,NA,NA,NA,NA,NA,NA,está sacando su chaqueta,Possessive,Clitics,Feminine,Plural,NA,NA,NA,L2L,7th/8th,Late,Yes,5,36,162,2026,NA,0.2,NA,NA,-0.0797045066773919,0.9525831129096007
H76,1,2,L2L 7th/8th,7,10,126,NA,NA,NA,1,4,3,8,Hindi,Yes,Yes,Yes,Production,Prod-13,NA,NA,NA,NA,NA,NA,escuchando música,BN,Clitics,Feminine,Singular,NA,NA,NA,L2L,7th/8th,Late,Yes,5,36,162,2026,NA,0.2,NA,NA,-0.0797045066773919,0.9525831129096007
H76,1,2,L2L 7th/8th,7,10,126,NA,NA,NA,1,4,3,8,Hindi,Yes,Yes,Yes,Production,Prod-15,NA,NA,NA,NA,NA,NA,se ponen en una mesa,Prepositional phrase,Clitics,Masculine,Plural,NA,NA,NA,L2L,7th/8th,Late,Yes,5,36,162,2026,NA,0.2,NA,NA,-0.0797045066773919,0.9525831129096007
H76,1,2,L2L 7th/8th,7,10,126,NA,NA,NA,1,4,3,8,Hindi,Yes,Yes,Yes,Production,Prod-25,NA,NA,NA,NA,NA,NA,se ponen en su cara,Omission,Clitics,Feminine,Plural,NA,NA,NA,L2L,7th/8th,Late,Yes,5,36,162,2026,NA,0.2,NA,NA,-0.0797045066773919,0.9525831129096007
H77,1,1,HS 4th/5th,4,11,132,NA,NA,NA,5,5,NA,8,Heritage Spanish,NA,NA,NA,Production,Prod-03,NA,NA,NA,NA,NA,NA,se daña,se,Clitics,Masculine,Singular,NA,NA,NA,HS,4th/5th,Late,Yes,10,0,132,2023,NA,0.5,NA,NA,0.1500726382145488,-0.10735025963988762
H77,1,1,HS 4th/5th,4,11,132,NA,NA,NA,5,5,NA,8,Heritage Spanish,NA,NA,NA,Production,Prod-05,NA,NA,NA,NA,NA,NA,comen,Omission,Clitics,Feminine,Singular,NA,NA,NA,HS,4th/5th,Late,Yes,10,0,132,2023,NA,0.5,NA,NA,0.1500726382145488,-0.10735025963988762
H77,1,1,HS 4th/5th,4,11,132,NA,NA,NA,5,5,NA,8,Heritage Spanish,NA,NA,NA,Production,Prod-07,NA,NA,NA,NA,NA,English,count,English,Clitics,Masculine,Plural,NA,NA,NA,HS,4th/5th,Late,Yes,10,0,132,2023,NA,0.5,NA,NA,0.1500726382145488,-0.10735025963988762
H77,1,1,HS 4th/5th,4,11,132,NA,NA,NA,5,5,NA,8,Heritage Spanish,NA,NA,NA,Production,Prod-09,NA,NA,NA,NA,NA,NA,ponen,Omission,Clitics,Feminine,Plural,NA,NA,NA,HS,4th/5th,Late,Yes,10,0,132,2023,NA,0.5,NA,NA,0.1500726382145488,-0.10735025963988762
H77,1,1,HS 4th/5th,4,11,132,NA,NA,NA,5,5,NA,8,Heritage Spanish,NA,NA,NA,Production,Prod-11,NA,NA,NA,NA,NA,NA,se mojen,se,Clitics,Masculine,Singular,NA,NA,NA,HS,4th/5th,Late,Yes,10,0,132,2023,NA,0.5,NA,NA,0.1500726382145488,-0.10735025963988762
H77,1,1,HS 4th/5th,4,11,132,NA,NA,NA,5,5,NA,8,Heritage Spanish,NA,NA,NA,Production,Prod-13,NA,NA,NA,NA,NA,NA,oyen,Omission,Clitics,Feminine,Singular,NA,NA,NA,HS,4th/5th,Late,Yes,10,0,132,2023,NA,0.5,NA,NA,0.1500726382145488,-0.10735025963988762
H77,1,1,HS 4th/5th,4,11,132,NA,NA,NA,5,5,NA,8,Heritage Spanish,NA,NA,NA,Production,Prod-17,NA,NA,NA,NA,NA,NA,comen,Omission,Clitics,Feminine,Plural,NA,NA,NA,HS,4th/5th,Late,Yes,10,0,132,2023,NA,0.5,NA,NA,0.1500726382145488,-0.10735025963988762
H77,1,1,HS 4th/5th,4,11,132,NA,NA,NA,5,5,NA,8,Heritage Spanish,NA,NA,NA,Production,Prod-19,NA,NA,NA,NA,NA,NA,se ponen en fuego,se,Clitics,Masculine,Singular,NA,NA,NA,HS,4th/5th,Late,Yes,10,0,132,2023,NA,0.5,NA,NA,0.1500726382145488,-0.10735025963988762
H77,1,1,HS 4th/5th,4,11,132,NA,NA,NA,5,5,NA,8,Heritage Spanish,NA,NA,NA,Production,Prod-21,NA,NA,NA,NA,NA,NA,cierra,Omission,Clitics,Feminine,Singular,NA,NA,NA,HS,4th/5th,Late,Yes,10,0,132,2023,NA,0.5,NA,NA,0.1500726382145488,-0.10735025963988762
H77,1,1,HS 4th/5th,4,11,132,NA,NA,NA,5,5,NA,8,Heritage Spanish,NA,NA,NA,Production,Prod-23,NA,NA,NA,NA,NA,NA,tocan,Omission,Clitics,Masculine,Plural,NA,NA,NA,HS,4th/5th,Late,Yes,10,0,132,2023,NA,0.5,NA,NA,0.1500726382145488,-0.10735025963988762
H77,1,1,HS 4th/5th,4,11,132,NA,NA,NA,5,5,NA,8,Heritage Spanish,NA,NA,NA,Production,Prod-25,NA,NA,NA,NA,NA,NA,ponen,Omission,Clitics,Feminine,Plural,NA,NA,NA,HS,4th/5th,Late,Yes,10,0,132,2023,NA,0.5,NA,NA,0.1500726382145488,-0.10735025963988762
H78,1,1,L2L 4th/5th,4,10,123,NA,NA,NA,2,4,NA,8,L2 learner,L2,L2,L2,Production,Prod-03,NA,NA,NA,NA,NA,English,tiene un pin popping el globo,DP,Clitics,Masculine,Singular,NA,NA,NA,L2L,4th/5th,Late,Yes,6,0,123,2023,NA,0.3333333333333333,NA,NA,-0.19459307912336224,-0.4253302714047341
H78,1,1,L2L 4th/5th,4,10,123,NA,NA,NA,2,4,NA,8,L2 learner,L2,L2,L2,Production,Prod-07,NA,NA,NA,NA,NA,NA,están contando,Omission,Clitics,Masculine,Plural,NA,NA,NA,L2L,4th/5th,Late,Yes,6,0,123,2023,NA,0.3333333333333333,NA,NA,-0.19459307912336224,-0.4253302714047341
H78,1,1,L2L 4th/5th,4,10,123,NA,NA,NA,2,4,NA,8,L2 learner,L2,L2,L2,Production,Prod-17,NA,NA,NA,NA,NA,NA,están comiendo galletas,BN,Clitics,Feminine,Plural,NA,NA,NA,L2L,4th/5th,Late,Yes,6,0,123,2023,NA,0.3333333333333333,NA,NA,-0.19459307912336224,-0.4253302714047341
H78,1,1,L2L 4th/5th,4,10,123,NA,NA,NA,2,4,NA,8,L2 learner,L2,L2,L2,Production,Prod-21,0,NA,NA,NA,NA,NA,está ----,Other,Clitics,Feminine,Singular,NA,NA,NA,L2L,4th/5th,Late,Yes,6,0,123,2023,NA,0.3333333333333333,NA,NA,-0.19459307912336224,-0.4253302714047341
H79,2,1,L2L 7th/8th,7,NA,157,NA,NA,NA,NA,NA,NA,NA,L2 Learner,NA,NA,NA,Production,Prod-03,NA,NA,NA,NA,NA,NA,un niña rompió,Omission,Clitics,Masculine,Singular,NA,NA,NA,L2L,7th/8th,Late,Yes,NA,0,157,2026,NA,NA,NA,NA,1.107477408597635,0.7759275508180193
H79,2,1,L2L 7th/8th,7,NA,157,NA,NA,NA,NA,NA,NA,NA,L2 Learner,NA,NA,NA,Production,Prod-05,NA,NA,NA,NA,NA,NA,they're eating it,English,Clitics,Feminine,Singular,NA,NA,NA,L2L,7th/8th,Late,Yes,NA,0,157,2026,NA,NA,NA,NA,1.107477408597635,0.7759275508180193
H79,2,1,L2L 7th/8th,7,NA,157,NA,NA,NA,NA,NA,NA,NA,L2 Learner,NA,NA,NA,Production,Prod-07,NA,NA,NA,NA,NA,NA,ellos cuentan,Omission,Clitics,Masculine,Plural,NA,NA,NA,L2L,7th/8th,Late,Yes,NA,0,157,2026,NA,NA,NA,NA,1.107477408597635,0.7759275508180193
H79,2,1,L2L 7th/8th,7,NA,157,NA,NA,NA,NA,NA,NA,NA,L2 Learner,NA,NA,NA,Production,Prod-09,NA,NA,NA,NA,NA,NA,niña es removar,Omission,Clitics,Feminine,Plural,NA,NA,NA,L2L,7th/8th,Late,Yes,NA,0,157,2026,NA,NA,NA,NA,1.107477408597635,0.7759275508180193
H79,2,1,L2L 7th/8th,7,NA,157,NA,NA,NA,NA,NA,NA,NA,L2 Learner,NA,NA,NA,Production,Prod-11,NA,NA,NA,NA,NA,NA,bañar,Omission,Clitics,Masculine,Singular,NA,NA,NA,L2L,7th/8th,Late,Yes,NA,0,157,2026,NA,NA,NA,NA,1.107477408597635,0.7759275508180193
H79,2,1,L2L 7th/8th,7,NA,157,NA,NA,NA,NA,NA,NA,NA,L2 Learner,NA,NA,NA,Production,Prod-13,NA,NA,NA,NA,NA,NA,quiero un listening,Codeswitched,Clitics,Feminine,Singular,NA,NA,NA,L2L,7th/8th,Late,Yes,NA,0,157,2026,NA,NA,NA,NA,1.107477408597635,0.7759275508180193
H79,2,1,L2L 7th/8th,7,NA,157,NA,NA,NA,NA,NA,NA,NA,L2 Learner,NA,NA,NA,Production,Prod-17,NA,NA,NA,NA,NA,NA,they're eating it,English,Clitics,Feminine,Plural,NA,NA,NA,L2L,7th/8th,Late,Yes,NA,0,157,2026,NA,NA,NA,NA,1.107477408597635,0.7759275508180193
H79,2,1,L2L 7th/8th,7,NA,157,NA,NA,NA,NA,NA,NA,NA,L2 Learner,NA,NA,NA,Production,Prod-19,NA,NA,NA,NA,NA,NA,the fish,English,Clitics,Masculine,Singular,NA,NA,NA,L2L,7th/8th,Late,Yes,NA,0,157,2026,NA,NA,NA,NA,1.107477408597635,0.7759275508180193
H79,2,1,L2L 7th/8th,7,NA,157,NA,NA,NA,NA,NA,NA,NA,L2 Learner,NA,NA,NA,Production,Prod-21,NA,NA,NA,NA,NA,NA,los niños entrar,Unrelated,Clitics,Feminine,Singular,NA,NA,NA,L2L,7th/8th,Late,Yes,NA,0,157,2026,NA,NA,NA,NA,1.107477408597635,0.7759275508180193
H79,2,1,L2L 7th/8th,7,NA,157,NA,NA,NA,NA,NA,NA,NA,L2 Learner,NA,NA,NA,Production,Prod-23,NA,NA,NA,NA,NA,NA,they're playing the instruments,English,Clitics,Masculine,Plural,NA,NA,NA,L2L,7th/8th,Late,Yes,NA,0,157,2026,NA,NA,NA,NA,1.107477408597635,0.7759275508180193
H79,2,1,L2L 7th/8th,7,NA,157,NA,NA,NA,NA,NA,NA,NA,L2 Learner,NA,NA,NA,Production,Prod-25,NA,NA,NA,NA,NA,NA,put on a mask,English,Clitics,Feminine,Plural,NA,NA,NA,L2L,7th/8th,Late,Yes,NA,0,157,2026,NA,NA,NA,NA,1.107477408597635,0.7759275508180193
H80,2,1,HS 7th/8th,7,NA,156,NA,NA,NA,NA,NA,NA,NA,Heritage Spanish,NA,NA,NA,Production,Prod-05,NA,0,1,NA,NA,NA,compartiéndolo,Gender,Clitics,Feminine,Singular,NA,NA,NA,HS,7th/8th,Late,Yes,NA,0,156,2026,0,NA,NA,NA,1.0691812177823117,0.740596438399703
H80,2,1,HS 7th/8th,7,NA,156,NA,NA,NA,NA,NA,NA,NA,Heritage Spanish,NA,NA,NA,Production,Prod-19,NA,NA,NA,NA,NA,NA,cocinando el pescado,DP,Clitics,Masculine,Singular,NA,NA,NA,HS,7th/8th,Late,Yes,NA,0,156,2026,NA,NA,NA,NA,1.0691812177823117,0.740596438399703
H81,2,1,NA,6,NA,140,NA,NA,NA,NA,NA,NA,NA,Heritage Spanish,NA,NA,NA,Production,Prod-05,NA,0,1,NA,NA,NA,están comiendolo,Gender,Clitics,Feminine,Singular,NA,NA,NA,HS,NA,Late,Yes,NA,0,140,2026,0,NA,NA,NA,0.4564421647371364,0.1752986397066426
H81,2,1,NA,6,NA,140,NA,NA,NA,NA,NA,NA,NA,Heritage Spanish,NA,NA,NA,Production,Prod-07,NA,1,0,NA,NA,NA,lo están contando,Number,Clitics,Masculine,Plural,NA,NA,NA,HS,NA,Late,Yes,NA,0,140,2026,1,NA,NA,NA,0.4564421647371364,0.1752986397066426
H81,2,1,NA,6,NA,140,NA,NA,NA,NA,NA,NA,NA,Heritage Spanish,NA,NA,NA,Production,Prod-09,NA,NA,NA,NA,NA,NA,están quitando su chaqueta,Possesive,Clitics,Feminine,Plural,NA,NA,NA,HS,NA,Late,Yes,NA,0,140,2026,NA,NA,NA,NA,0.4564421647371364,0.1752986397066426
H81,2,1,NA,6,NA,140,NA,NA,NA,NA,NA,NA,NA,Heritage Spanish,NA,NA,NA,Production,Prod-17,NA,1,1,NA,NA,NA,lo están comiendo,Number/Gender,Clitics,Feminine,Plural,NA,NA,NA,HS,NA,Late,Yes,NA,0,140,2026,1,NA,NA,NA,0.4564421647371364,0.1752986397066426
H81,2,1,NA,6,NA,140,NA,NA,NA,NA,NA,NA,NA,Heritage Spanish,NA,NA,NA,Production,Prod-25,NA,0,1,NA,NA,NA,lo están poniendo sobre su boca,Gender,Clitics,Feminine,Plural,NA,NA,NA,HS,NA,Late,Yes,NA,0,140,2026,0,NA,NA,NA,0.4564421647371364,0.1752986397066426
H82,2,1,NA,6,NA,140,NA,NA,NA,NA,NA,NA,NA,Heritage Spanish,NA,NA,NA,Production,Prod-09,NA,NA,NA,NA,NA,NA,las niñas se visten,Se,Clitics,Feminine,Plural,NA,NA,NA,HS,NA,Late,Yes,NA,0,140,2026,NA,NA,NA,NA,0.4564421647371364,0.1752986397066426
H82,2,1,NA,6,NA,140,NA,NA,NA,NA,NA,NA,NA,Heritage Spanish,NA,NA,NA,Production,Prod-17,NA,1,1,NA,NA,NA,poniéndolas en sus caras,NA,Clitics,Feminine,Plural,NA,NA,NA,HS,NA,Late,Yes,NA,0,140,2026,1,NA,NA,NA,0.4564421647371364,0.1752986397066426
H84,2,1,L2L 7th/8th,7,NA,159,NA,NA,NA,NA,NA,NA,NA,"Russian, Turkish",NA,NA,NA,Production,Prod-03,NA,NA,NA,NA,NA,NA,pop it,English,Clitics,Masculine,Singular,NA,NA,NA,L2L,7th/8th,Late,Yes,NA,0,159,2026,NA,NA,NA,NA,1.184069790228282,0.8465897756546519
H84,2,1,L2L 7th/8th,7,NA,159,NA,NA,NA,NA,NA,NA,NA,"Russian, Turkish",NA,NA,NA,Production,Prod-05,NA,NA,NA,NA,NA,NA,comer,Omission,Clitics,Feminine,Singular,NA,NA,NA,L2L,7th/8th,Late,Yes,NA,0,159,2026,NA,NA,NA,NA,1.184069790228282,0.8465897756546519
H84,2,1,L2L 7th/8th,7,NA,159,NA,NA,NA,NA,NA,NA,NA,"Russian, Turkish",NA,NA,NA,Production,Prod-07,NA,NA,NA,NA,NA,NA,learn,English,Clitics,Masculine,Plural,NA,NA,NA,L2L,7th/8th,Late,Yes,NA,0,159,2026,NA,NA,NA,NA,1.184069790228282,0.8465897756546519
H84,2,1,L2L 7th/8th,7,NA,159,NA,NA,NA,NA,NA,NA,NA,"Russian, Turkish",NA,NA,NA,Production,Prod-09,NA,NA,NA,NA,NA,NA,ellos wear it,Codeswitched,Clitics,Feminine,Plural,NA,NA,NA,L2L,7th/8th,Late,Yes,NA,0,159,2026,NA,NA,NA,NA,1.184069790228282,0.8465897756546519
H84,2,1,L2L 7th/8th,7,NA,159,NA,NA,NA,NA,NA,NA,NA,"Russian, Turkish",NA,NA,NA,Production,Prod-11,NA,NA,NA,NA,NA,NA,ellos wash,Codeswitched,Clitics,Masculine,Singular,NA,NA,NA,L2L,7th/8th,Late,Yes,NA,0,159,2026,NA,NA,NA,NA,1.184069790228282,0.8465897756546519
H84,2,1,L2L 7th/8th,7,NA,159,NA,NA,NA,NA,NA,NA,NA,"Russian, Turkish",NA,NA,NA,Production,Prod-13,NA,NA,NA,NA,NA,NA,sing,English,Clitics,Feminine,Singular,NA,NA,NA,L2L,7th/8th,Late,Yes,NA,0,159,2026,NA,NA,NA,NA,1.184069790228282,0.8465897756546519
H84,2,1,L2L 7th/8th,7,NA,159,NA,NA,NA,NA,NA,NA,NA,"Russian, Turkish",NA,NA,NA,Production,Prod-15,NA,NA,NA,NA,NA,NA,el niñas es put it down,Codeswitched,Clitics,Masculine,Plural,NA,NA,NA,L2L,7th/8th,Late,Yes,NA,0,159,2026,NA,NA,NA,NA,1.184069790228282,0.8465897756546519
H84,2,1,L2L 7th/8th,7,NA,159,NA,NA,NA,NA,NA,NA,NA,"Russian, Turkish",NA,NA,NA,Production,Prod-17,NA,NA,NA,NA,NA,NA,eat,English,Clitics,Feminine,Plural,NA,NA,NA,L2L,7th/8th,Late,Yes,NA,0,159,2026,NA,NA,NA,NA,1.184069790228282,0.8465897756546519
H84,2,1,L2L 7th/8th,7,NA,159,NA,NA,NA,NA,NA,NA,NA,"Russian, Turkish",NA,NA,NA,Production,Prod-19,NA,NA,NA,NA,NA,NA,va a cook,Codeswitched,Clitics,Masculine,Singular,NA,NA,NA,L2L,7th/8th,Late,Yes,NA,0,159,2026,NA,NA,NA,NA,1.184069790228282,0.8465897756546519
H84,2,1,L2L 7th/8th,7,NA,159,NA,NA,NA,NA,NA,NA,NA,"Russian, Turkish",NA,NA,NA,Production,Prod-21,NA,NA,NA,NA,NA,NA,leave y close,Codeswitched,Clitics,Feminine,Singular,NA,NA,NA,L2L,7th/8th,Late,Yes,NA,0,159,2026,NA,NA,NA,NA,1.184069790228282,0.8465897756546519
H84,2,1,L2L 7th/8th,7,NA,159,NA,NA,NA,NA,NA,NA,NA,"Russian, Turkish",NA,NA,NA,Production,Prod-25,NA,NA,NA,NA,NA,NA,put them on,English,Clitics,Feminine,Plural,NA,NA,NA,L2L,7th/8th,Late,Yes,NA,0,159,2026,NA,NA,NA,NA,1.184069790228282,0.8465897756546519
H85,2,1,L2L 4th/5th,4,NA,120,NA,NA,NA,NA,NA,NA,NA,NA,NA,NA,NA,Production,Prod-07,NA,1,1,NA,NA,NA,está cocinándolos,NA,Clitics,Masculine,Plural,NA,NA,NA,L2L,4th/5th,Late,Yes,NA,0,120,2026,1,NA,NA,NA,-0.3094816515693326,-0.531323608659683
H85,2,1,L2L 4th/5th,4,NA,120,NA,NA,NA,NA,NA,NA,NA,NA,NA,NA,NA,Production,Prod-13,NA,NA,NA,NA,NA,NA,escuchando música,Bare noun,Clitics,Feminine,Singular,NA,NA,NA,L2L,4th/5th,Late,Yes,NA,0,120,2026,NA,NA,NA,NA,-0.3094816515693326,-0.531323608659683
H85,2,1,L2L 4th/5th,4,NA,120,NA,NA,NA,NA,NA,NA,NA,NA,NA,NA,NA,Production,Prod-15,NA,NA,NA,NA,NA,NA,poniendo en el mesa,Omission,Clitics,Masculine,Plural,NA,NA,NA,L2L,4th/5th,Late,Yes,NA,0,120,2026,NA,NA,NA,NA,-0.3094816515693326,-0.531323608659683
H85,2,1,L2L 4th/5th,4,NA,120,NA,NA,NA,NA,NA,NA,NA,NA,NA,NA,NA,Production,Prod-19,NA,NA,NA,NA,NA,NA,está cociendo,Omission,Clitics,Masculine,Singular,NA,NA,NA,L2L,4th/5th,Late,Yes,NA,0,120,2026,NA,NA,NA,NA,-0.3094816515693326,-0.531323608659683
H85,2,1,L2L 4th/5th,4,NA,120,NA,NA,NA,NA,NA,NA,NA,NA,NA,NA,NA,Production,Prod-25,NA,NA,NA,NA,NA,NA,poniendo en sus cosas,Possessive,Clitics,Feminine,Plural,NA,NA,NA,L2L,4th/5th,Late,Yes,NA,0,120,2026,NA,NA,NA,NA,-0.3094816515693326,-0.531323608659683
H86,2,1,L2L 2nd,2,NA,92,NA,NA,NA,NA,NA,NA,NA,NA,NA,NA,NA,Production,Prod-25,NA,NA,NA,NA,NA,NA,está poniendo,Omission,Clitics,Feminine,Plural,NA,NA,NA,L2L,2nd,Late,Yes,NA,0,92,2026,NA,NA,NA,NA,-1.3817749943983892,-1.5205947563725386
H87,2,1,NA,3,NA,110,NA,NA,NA,NA,NA,NA,NA,NA,NA,NA,NA,Production,Prod-09,NA,NA,NA,NA,NA,NA,se ponen su vestidos,Possessive,Clitics,Feminine,Plural,NA,NA,NA,L2L,NA,Late,Yes,NA,0,110,2026,NA,NA,NA,NA,-0.6924435597225671,-0.8846347328428457
H87,2,1,NA,3,NA,110,NA,NA,NA,NA,NA,NA,NA,NA,NA,NA,NA,Production,Prod-11,NA,NA,NA,NA,NA,NA,hacen un bath,Codeswitched,Clitics,Masculine,Singular,NA,NA,NA,L2L,NA,Late,Yes,NA,0,110,2026,NA,NA,NA,NA,-0.6924435597225671,-0.8846347328428457
H87,2,1,NA,3,NA,110,NA,NA,NA,NA,NA,NA,NA,NA,NA,NA,NA,Production,Prod-25,NA,NA,NA,NA,NA,NA,puse sus mascarillas,Possessive,Clitics,Feminine,Plural,NA,NA,NA,L2L,NA,Late,Yes,NA,0,110,2026,NA,NA,NA,NA,-0.6924435597225671,-0.8846347328428457
H88,2,1,NA,3,NA,109,NA,NA,NA,NA,NA,NA,NA,NA,NA,NA,NA,Production,Prod-03,NA,NA,NA,NA,NA,NA,está tirando cosas fluidos a los balloons,Codeswitched,Clitics,Masculine,Singular,NA,NA,NA,HS,NA,Late,Yes,NA,0,109,2026,NA,NA,NA,NA,-0.7307397505378905,-0.919965845261162
H88,2,1,NA,3,NA,109,NA,NA,NA,NA,NA,NA,NA,NA,NA,NA,NA,Production,Prod-23,NA,NA,NA,NA,NA,NA,jugando con los instrumentos,Grammatical alternative,Clitics,Masculine,Plural,NA,NA,NA,HS,NA,Late,Yes,NA,0,109,2026,NA,NA,NA,NA,-0.7307397505378905,-0.919965845261162
H89,2,1,L2L 4th/5th,4,NA,120,NA,NA,NA,NA,NA,NA,NA,NA,NA,NA,NA,Production,Prod-03,NA,1,1,NA,NA,NA,lo explota,NA,Clitics,Masculine,Singular,NA,NA,NA,L2L,4th/5th,Late,Yes,NA,0,120,2026,1,NA,NA,NA,-0.3094816515693326,-0.531323608659683
H89,2,1,L2L 4th/5th,4,NA,120,NA,NA,NA,NA,NA,NA,NA,NA,NA,NA,NA,Production,Prod-09,NA,NA,NA,NA,NA,NA,desabrocha su chaqueta,Possessive,Clitics,Feminine,Plural,NA,NA,NA,L2L,4th/5th,Late,Yes,NA,0,120,2026,NA,NA,NA,NA,-0.3094816515693326,-0.531323608659683
H89,2,1,L2L 4th/5th,4,NA,120,NA,NA,NA,NA,NA,NA,NA,NA,NA,NA,NA,Production,Prod-13,NA,NA,NA,NA,NA,NA,????,Cannot transcribe,Clitics,Feminine,Singular,NA,NA,NA,L2L,4th/5th,Late,Yes,NA,0,120,2026,NA,NA,NA,NA,-0.3094816515693326,-0.531323608659683
H89,2,1,L2L 4th/5th,4,NA,120,NA,NA,NA,NA,NA,NA,NA,NA,NA,NA,NA,Production,Prod-19,NA,NA,NA,NA,NA,NA,ponen debajo fuego,Omission,Clitics,Masculine,Singular,NA,NA,NA,L2L,4th/5th,Late,Yes,NA,0,120,2026,NA,NA,NA,NA,-0.3094816515693326,-0.531323608659683
H89,2,1,L2L 4th/5th,4,NA,120,NA,NA,NA,NA,NA,NA,NA,NA,NA,NA,NA,Production,Prod-21,0,NA,NA,NA,NA,NA,se salen y se cerran la puerta,Indicative,Clitics,Feminine,Singular,NA,NA,NA,L2L,4th/5th,Late,Yes,NA,0,120,2026,NA,NA,NA,NA,-0.3094816515693326,-0.531323608659683
H90,2,1,L2L 4th/5th,4,NA,122,NA,NA,NA,NA,NA,NA,NA,NA,NA,NA,NA,Production,Prod-07,NA,NA,NA,NA,NA,NA,estaban contando,Omission,Clitics,Masculine,Plural,NA,NA,NA,L2L,4th/5th,Late,Yes,NA,0,122,2026,NA,NA,NA,NA,-0.2328892699386857,-0.4606613838230504
H90,2,1,L2L 4th/5th,4,NA,122,NA,NA,NA,NA,NA,NA,NA,NA,NA,NA,NA,Production,Prod-09,NA,NA,NA,NA,NA,NA,están poniendo sus chaquetas,Possessive,Clitics,Feminine,Plural,NA,NA,NA,L2L,4th/5th,Late,Yes,NA,0,122,2026,NA,NA,NA,NA,-0.2328892699386857,-0.4606613838230504
H90,2,1,L2L 4th/5th,4,NA,122,NA,NA,NA,NA,NA,NA,NA,NA,NA,NA,NA,Production,Prod-17,NA,NA,NA,NA,NA,NA,los niños comiendo sus galletas,Possessive,Clitics,Feminine,Plural,NA,NA,NA,L2L,4th/5th,Late,Yes,NA,0,122,2026,NA,NA,NA,NA,-0.2328892699386857,-0.4606613838230504
H90,2,1,L2L 4th/5th,4,NA,122,NA,NA,NA,NA,NA,NA,NA,NA,NA,NA,NA,Production,Prod-19,NA,NA,NA,NA,NA,NA,estaba cocinando su pescado,Possessive,Clitics,Masculine,Singular,NA,NA,NA,L2L,4th/5th,Late,Yes,NA,0,122,2026,NA,NA,NA,NA,-0.2328892699386857,-0.4606613838230504
H90,2,1,L2L 4th/5th,4,NA,122,NA,NA,NA,NA,NA,NA,NA,NA,NA,NA,NA,Production,Prod-21,NA,0,0,NA,NA,NA,los abrió y cerró su puerta,Gender/number,Clitics,Feminine,Singular,NA,NA,NA,L2L,4th/5th,Late,Yes,NA,0,122,2026,0,NA,NA,NA,-0.2328892699386857,-0.4606613838230504
H90,2,1,L2L 4th/5th,4,NA,122,NA,NA,NA,NA,NA,NA,NA,NA,NA,NA,NA,Production,Prod-23,NA,NA,NA,NA,NA,NA,están haciendo música con sus instrumentos,Possessive,Clitics,Masculine,Plural,NA,NA,NA,L2L,4th/5th,Late,Yes,NA,0,122,2026,NA,NA,NA,NA,-0.2328892699386857,-0.4606613838230504
H90,2,1,L2L 4th/5th,4,NA,122,NA,NA,NA,NA,NA,NA,NA,NA,NA,NA,NA,Production,Prod-25,NA,NA,NA,NA,NA,NA,estaban poniendo sus mascarillas,Possessive,Clitics,Feminine,Plural,NA,NA,NA,L2L,4th/5th,Late,Yes,NA,0,122,2026,NA,NA,NA,NA,-0.2328892699386857,-0.4606613838230504
H91,1,1,L2L 2nd,2,NA,102,NA,NA,NA,NA,NA,NA,NA,NA,NA,NA,NA,Production,Prod-07,NA,NA,NA,NA,NA,NA,estaba contando,Omission,Clitics,Masculine,Plural,NA,NA,NA,L2L,2nd,Late,Yes,NA,0,102,2023,NA,NA,NA,NA,-0.9988130862451546,-1.1672836321893758
H91,1,1,L2L 2nd,2,NA,102,NA,NA,NA,NA,NA,NA,NA,NA,NA,NA,NA,Production,Prod-09,NA,NA,NA,NA,NA,NA,disponiendo sus chaquetas,Possessive,Clitics,Feminine,Plural,NA,NA,NA,L2L,2nd,Late,Yes,NA,0,102,2023,NA,NA,NA,NA,-0.9988130862451546,-1.1672836321893758
H93,2,1,NA,6,NA,146,NA,NA,NA,NA,NA,NA,NA,NA,NA,NA,NA,Production,Prod-03,NA,NA,NA,NA,NA,NA,se suelta del mano,Unrelated,Clitics,Masculine,Singular,NA,NA,NA,L2L,NA,Late,Yes,NA,0,146,2026,NA,NA,NA,NA,0.6862193096290771,0.3872853142165403
H93,2,1,NA,6,NA,146,NA,NA,NA,NA,NA,NA,NA,NA,NA,NA,NA,Production,Prod-07,NA,NA,NA,NA,NA,NA,dicen,Omission,Clitics,Masculine,Plural,NA,NA,NA,L2L,NA,Late,Yes,NA,0,146,2026,NA,NA,NA,NA,0.6862193096290771,0.3872853142165403
H93,2,1,NA,6,NA,146,NA,NA,NA,NA,NA,NA,NA,NA,NA,NA,NA,Production,Prod-09,NA,NA,NA,NA,NA,NA,se pone en el suelo,Se,Clitics,Feminine,Plural,NA,NA,NA,L2L,NA,Late,Yes,NA,0,146,2026,NA,NA,NA,NA,0.6862193096290771,0.3872853142165403
H93,2,1,NA,6,NA,146,NA,NA,NA,NA,NA,NA,NA,NA,NA,NA,NA,Production,Prod-13,NA,NA,NA,NA,NA,NA,escuchan,Omission,Clitics,Feminine,Singular,NA,NA,NA,L2L,NA,Late,Yes,NA,0,146,2026,NA,NA,NA,NA,0.6862193096290771,0.3872853142165403
H94,2,1,NA,6,NA,141,NA,NA,NA,NA,NA,NA,NA,NA,NA,NA,NA,Production,Prod-09,NA,NA,NA,NA,NA,NA,están,No response,Clitics,Feminine,Plural,NA,NA,NA,L2L,NA,Late,Yes,NA,0,141,2026,NA,NA,NA,NA,0.4947383555524599,0.21062975212495888
H95,2,1,L2L 7th/8th,8,NA,173,NA,NA,NA,NA,NA,NA,NA,NA,NA,NA,NA,Production,Prod-03,NA,NA,NA,NA,NA,NA,jugar con balloon,Codeswitched,Clitics,Masculine,Singular,NA,NA,NA,L2L,7th/8th,Late,Yes,NA,0,173,2026,NA,NA,NA,NA,1.7202164616428102,1.3412253495110797
H95,2,1,L2L 7th/8th,8,NA,173,NA,NA,NA,NA,NA,NA,NA,NA,NA,NA,NA,Production,Prod-07,NA,NA,NA,NA,NA,NA,practican sus números,Possessive,Clitics,Masculine,Plural,NA,NA,NA,L2L,7th/8th,Late,Yes,NA,0,173,2026,NA,NA,NA,NA,1.7202164616428102,1.3412253495110797
H95,2,1,L2L 7th/8th,8,NA,173,NA,NA,NA,NA,NA,NA,NA,NA,NA,NA,NA,Production,Prod-09,NA,NA,NA,NA,NA,NA,su chaqueta,Possessive,Clitics,Feminine,Plural,NA,NA,NA,L2L,7th/8th,Late,Yes,NA,0,173,2026,NA,NA,NA,NA,1.7202164616428102,1.3412253495110797
H95,2,1,L2L 7th/8th,8,NA,173,NA,NA,NA,NA,NA,NA,NA,NA,NA,NA,NA,Production,Prod-15,NA,NA,NA,NA,NA,NA,hacen en el mesa,Omission,Clitics,Masculine,Plural,NA,NA,NA,L2L,7th/8th,Late,Yes,NA,0,173,2026,NA,NA,NA,NA,1.7202164616428102,1.3412253495110797
H95,2,1,L2L 7th/8th,8,NA,173,NA,NA,NA,NA,NA,NA,NA,NA,NA,NA,NA,Production,Prod-23,NA,NA,NA,NA,NA,NA,crean música,BN,Clitics,Masculine,Plural,NA,NA,NA,L2L,7th/8th,Late,Yes,NA,0,173,2026,NA,NA,NA,NA,1.7202164616428102,1.3412253495110797
H95,2,1,L2L 7th/8th,8,NA,173,NA,NA,NA,NA,NA,NA,NA,NA,NA,NA,NA,Production,Prod-25,NA,NA,NA,NA,NA,NA,se preparan por,Se,Clitics,Feminine,Plural,NA,NA,NA,L2L,7th/8th,Late,Yes,NA,0,173,2026,NA,NA,NA,NA,1.7202164616428102,1.3412253495110797
H96,2,1,L2L 7th/8th,8,NA,175,NA,NA,NA,NA,NA,NA,NA,NA,NA,NA,NA,Production,Prod-09,NA,1,0,NA,NA,NA,la están poniendo,Number,Clitics,Feminine,Plural,NA,NA,NA,L2L,7th/8th,Late,Yes,NA,0,175,2026,1,NA,NA,NA,1.7968088432734572,1.4118875743477124
H96,2,1,L2L 7th/8th,8,NA,175,NA,NA,NA,NA,NA,NA,NA,NA,NA,NA,NA,Production,Prod-11,NA,1,1,NA,NA,NA,lo están lavando,NA,Clitics,Masculine,Singular,NA,NA,NA,L2L,7th/8th,Late,Yes,NA,0,175,2026,1,NA,NA,NA,1.7968088432734572,1.4118875743477124
H96,2,1,L2L 7th/8th,8,NA,175,NA,NA,NA,NA,NA,NA,NA,NA,NA,NA,NA,Production,Prod-13,NA,NA,NA,NA,NA,NA,están escuchando,Omission,Clitics,Feminine,Singular,NA,NA,NA,L2L,7th/8th,Late,Yes,NA,0,175,2026,NA,NA,NA,NA,1.7968088432734572,1.4118875743477124
H96,2,1,L2L 7th/8th,8,NA,175,NA,NA,NA,NA,NA,NA,NA,NA,NA,NA,NA,Production,Prod-15,NA,1,0,NA,NA,NA,lo ponen en la mesa,Number,Clitics,Masculine,Plural,NA,NA,NA,L2L,7th/8th,Late,Yes,NA,0,175,2026,1,NA,NA,NA,1.7968088432734572,1.4118875743477124
H96,2,1,L2L 7th/8th,8,NA,175,NA,NA,NA,NA,NA,NA,NA,NA,NA,NA,NA,Production,Prod-17,NA,NA,NA,NA,NA,NA,están comiendo,Omission,Clitics,Feminine,Plural,NA,NA,NA,L2L,7th/8th,Late,Yes,NA,0,175,2026,NA,NA,NA,NA,1.7968088432734572,1.4118875743477124
H96,2,1,L2L 7th/8th,8,NA,175,NA,NA,NA,NA,NA,NA,NA,NA,NA,NA,NA,Production,Prod-19,NA,1,1,NA,NA,NA,lo están cocinando,NA,Clitics,Masculine,Singular,NA,NA,NA,L2L,7th/8th,Late,Yes,NA,0,175,2026,1,NA,NA,NA,1.7968088432734572,1.4118875743477124
H96,2,1,L2L 7th/8th,8,NA,175,NA,NA,NA,NA,NA,NA,NA,NA,NA,NA,NA,Production,Prod-21,NA,0,1,NA,NA,NA,lo cierran,Gender,Clitics,Feminine,Singular,NA,NA,NA,L2L,7th/8th,Late,Yes,NA,0,175,2026,0,NA,NA,NA,1.7968088432734572,1.4118875743477124
H97,2,1,NA,6,NA,141,NA,NA,NA,NA,NA,NA,NA,NA,NA,NA,NA,Production,Prod-13,NA,NA,NA,NA,NA,NA,están poniendo sus cejas,Possessive,Clitics,Feminine,Singular,NA,NA,NA,L2L,NA,Late,Yes,NA,0,141,2026,NA,NA,NA,NA,0.4947383555524599,0.21062975212495888
H98,2,1,NA,6,NA,150,NA,NA,NA,NA,NA,NA,NA,Heritage Spanish,NA,NA,NA,Production,Prod-09,NA,NA,NA,NA,NA,NA,está sacando sus chaquetas,Possessive,Clitics,Feminine,Plural,NA,NA,NA,HS,NA,Late,Yes,NA,0,150,2026,NA,NA,NA,NA,0.8394040728903709,0.5286097638898054
H98,2,1,NA,6,NA,150,NA,NA,NA,NA,NA,NA,NA,Heritage Spanish,NA,NA,NA,Production,Prod-25,NA,NA,NA,NA,NA,NA,están poniendo sus mascarillas,Possessive,Clitics,Feminine,Plural,NA,NA,NA,HS,NA,Late,Yes,NA,0,150,2026,NA,NA,NA,NA,0.8394040728903709,0.5286097638898054
H99,2,1,NA,6,NA,144,NA,NA,NA,NA,NA,NA,NA,NA,NA,NA,NA,Production,Prod-03,NA,NA,NA,NA,NA,NA,No response,No response,Clitics,Masculine,Singular,NA,NA,NA,L2L,NA,Late,Yes,NA,0,144,2026,NA,NA,NA,NA,0.6096269279984302,0.3166230893799077
H99,2,1,NA,6,NA,144,NA,NA,NA,NA,NA,NA,NA,NA,NA,NA,NA,Production,Prod-07,NA,NA,NA,NA,NA,NA,contando,Omission,Clitics,Masculine,Plural,NA,NA,NA,L2L,NA,Late,Yes,NA,0,144,2026,NA,NA,NA,NA,0.6096269279984302,0.3166230893799077
H99,2,1,NA,6,NA,144,NA,NA,NA,NA,NA,NA,NA,NA,NA,NA,NA,Production,Prod-09,NA,NA,NA,NA,NA,NA,vestir,Omission,Clitics,Feminine,Plural,NA,NA,NA,L2L,NA,Late,Yes,NA,0,144,2026,NA,NA,NA,NA,0.6096269279984302,0.3166230893799077
H99,2,1,NA,6,NA,144,NA,NA,NA,NA,NA,NA,NA,NA,NA,NA,NA,Production,Prod-11,NA,NA,NA,NA,NA,NA,duchando,Omission,Clitics,Masculine,Singular,NA,NA,NA,L2L,NA,Late,Yes,NA,0,144,2026,NA,NA,NA,NA,0.6096269279984302,0.3166230893799077
H99,2,1,NA,6,NA,144,NA,NA,NA,NA,NA,NA,NA,NA,NA,NA,NA,Production,Prod-17,NA,NA,NA,NA,NA,NA,van a comer,Omission,Clitics,Feminine,Plural,NA,NA,NA,L2L,NA,Late,Yes,NA,0,144,2026,NA,NA,NA,NA,0.6096269279984302,0.3166230893799077
H99,2,1,NA,6,NA,144,NA,NA,NA,NA,NA,NA,NA,NA,NA,NA,NA,Production,Prod-19,NA,NA,NA,NA,NA,NA,cocinando,Omission,Clitics,Masculine,Singular,NA,NA,NA,L2L,NA,Late,Yes,NA,0,144,2026,NA,NA,NA,NA,0.6096269279984302,0.3166230893799077
H99,2,1,NA,6,NA,144,NA,NA,NA,NA,NA,NA,NA,NA,NA,NA,NA,Production,Prod-21,NA,NA,NA,NA,NA,NA,van a cerrar,Omission,Clitics,Feminine,Singular,NA,NA,NA,L2L,NA,Late,Yes,NA,0,144,2026,NA,NA,NA,NA,0.6096269279984302,0.3166230893799077
H99,2,1,NA,6,NA,144,NA,NA,NA,NA,NA,NA,NA,NA,NA,NA,NA,Production,Prod-25,NA,NA,NA,NA,NA,NA,está poniendo,Omission,Clitics,Feminine,Plural,NA,NA,NA,L2L,NA,Late,Yes,NA,0,144,2026,NA,NA,NA,NA,0.6096269279984302,0.3166230893799077
H100,2,1,NA,6,NA,150,NA,NA,NA,NA,NA,NA,NA,NA,NA,NA,NA,Production,Prod-05,NA,NA,NA,NA,NA,NA,comen pizza,BN,Clitics,Feminine,Singular,NA,NA,NA,L2L,NA,Late,Yes,NA,0,150,2026,NA,NA,NA,NA,0.8394040728903709,0.5286097638898054
H100,2,1,NA,6,NA,150,NA,NA,NA,NA,NA,NA,NA,NA,NA,NA,NA,Production,Prod-07,NA,NA,NA,NA,NA,NA,contan a las tres,Unrelated,Clitics,Masculine,Plural,NA,NA,NA,L2L,NA,Late,Yes,NA,0,150,2026,NA,NA,NA,NA,0.8394040728903709,0.5286097638898054
H100,2,1,NA,6,NA,150,NA,NA,NA,NA,NA,NA,NA,NA,NA,NA,NA,Production,Prod-09,NA,NA,NA,NA,NA,NA,está poniendo,Omission,Clitics,Feminine,Plural,NA,NA,NA,L2L,NA,Late,Yes,NA,0,150,2026,NA,NA,NA,NA,0.8394040728903709,0.5286097638898054
H100,2,1,NA,6,NA,150,NA,NA,NA,NA,NA,NA,NA,NA,NA,NA,NA,Production,Prod-11,NA,NA,NA,NA,NA,NA,está bañando,Omission,Clitics,Masculine,Singular,NA,NA,NA,L2L,NA,Late,Yes,NA,0,150,2026,NA,NA,NA,NA,0.8394040728903709,0.5286097638898054
H100,2,1,NA,6,NA,150,NA,NA,NA,NA,NA,NA,NA,NA,NA,NA,NA,Production,Prod-15,NA,NA,NA,NA,NA,NA,están poniendo,Omission,Clitics,Masculine,Plural,NA,NA,NA,L2L,NA,Late,Yes,NA,0,150,2026,NA,NA,NA,NA,0.8394040728903709,0.5286097638898054
H100,2,1,NA,6,NA,150,NA,NA,NA,NA,NA,NA,NA,NA,NA,NA,NA,Production,Prod-17,NA,NA,NA,NA,NA,NA,están comiendo,Omission,Clitics,Feminine,Plural,NA,NA,NA,L2L,NA,Late,Yes,NA,0,150,2026,NA,NA,NA,NA,0.8394040728903709,0.5286097638898054
H100,2,1,NA,6,NA,150,NA,NA,NA,NA,NA,NA,NA,NA,NA,NA,NA,Production,Prod-25,NA,NA,NA,NA,NA,NA,neceistan ponerse,Omission,Clitics,Feminine,Plural,NA,NA,NA,L2L,NA,Late,Yes,NA,0,150,2026,NA,NA,NA,NA,0.8394040728903709,0.5286097638898054
H101,2,1,L2L 7th/8th,7,NA,151,NA,NA,NA,NA,NA,NA,NA,"French, Italian",No,Yes,Yes,Production,Prod-09,NA,NA,NA,NA,NA,NA,las niñas están poniendo sus chaquetas,Possessive,Clitics,Feminine,Plural,NA,NA,NA,L2L,7th/8th,Late,Yes,NA,0,151,2026,NA,NA,NA,NA,0.8777002637056943,0.5639408763081216
H101,2,1,L2L 7th/8th,7,NA,151,NA,NA,NA,NA,NA,NA,NA,"French, Italian",No,Yes,Yes,Production,Prod-25,NA,NA,NA,NA,NA,NA,los niños ponen sus mascarillas,Possessive,Clitics,Feminine,Plural,NA,NA,NA,L2L,7th/8th,Late,Yes,NA,0,151,2026,NA,NA,NA,NA,0.8777002637056943,0.5639408763081216
H103,2,1,L2L 4th/5th,4,NA,127,NA,NA,NA,NA,NA,NA,NA,NA,NA,NA,NA,Production,Prod-07,NA,NA,NA,NA,NA,NA,"es hablando como 1, 2, 3",Unrelated,Clitics,Masculine,Plural,NA,NA,NA,L2L,4th/5th,Late,Yes,NA,0,127,2026,NA,NA,NA,NA,-0.041408315862068446,-0.284005821731469
H104,2,1,L2L 2nd,2,NA,96,NA,NA,NA,NA,NA,NA,NA,NA,NA,NA,NA,Production,Prod-03,NA,NA,NA,NA,NA,NA,le destruyen,le,Clitics,Masculine,Singular,NA,NA,NA,L2L,2nd,Late,Yes,NA,0,96,2026,NA,NA,NA,NA,-1.2285902311370953,-1.3792703066992735
H104,2,1,L2L 2nd,2,NA,96,NA,NA,NA,NA,NA,NA,NA,NA,NA,NA,NA,Production,Prod-05,NA,NA,NA,NA,NA,NA,cortan y comen,Omission,Clitics,Feminine,Singular,NA,NA,NA,L2L,2nd,Late,Yes,NA,0,96,2026,NA,NA,NA,NA,-1.2285902311370953,-1.3792703066992735
H104,2,1,L2L 2nd,2,NA,96,NA,NA,NA,NA,NA,NA,NA,NA,NA,NA,NA,Production,Prod-09,NA,NA,NA,NA,NA,NA,quitan sus chaquetas,Possessive,Clitics,Feminine,Plural,NA,NA,NA,L2L,2nd,Late,Yes,NA,0,96,2026,NA,NA,NA,NA,-1.2285902311370953,-1.3792703066992735
H104,2,1,L2L 2nd,2,NA,96,NA,NA,NA,NA,NA,NA,NA,NA,NA,NA,NA,Production,Prod-11,NA,NA,NA,NA,NA,NA,dan un baño,Grammatical alternative,Clitics,Masculine,Singular,NA,NA,NA,L2L,2nd,Late,Yes,NA,0,96,2026,NA,NA,NA,NA,-1.2285902311370953,-1.3792703066992735
H105,2,1,L2L 4th/5th,5,NA,129,NA,NA,NA,NA,NA,NA,NA,NA,NA,NA,NA,Production,Prod-09,NA,NA,NA,NA,NA,NA,se vestian en sus chaquetas,Se,Clitics,Feminine,Plural,NA,NA,NA,L2L,4th/5th,Late,Yes,NA,0,129,2026,NA,NA,NA,NA,0.03518406576857845,-0.21334359689483645
H105,2,1,L2L 4th/5th,5,NA,129,NA,NA,NA,NA,NA,NA,NA,NA,NA,NA,NA,Production,Prod-25,NA,NA,NA,NA,NA,NA,se ponen en su cara,Omission,Clitics,Feminine,Plural,NA,NA,NA,L2L,4th/5th,Late,Yes,NA,0,129,2026,NA,NA,NA,NA,0.03518406576857845,-0.21334359689483645
H106,2,1,L2L 7th/8th,7,NA,153,NA,NA,NA,NA,NA,NA,NA,NA,NA,NA,NA,Production,Prod-03,NA,NA,NA,NA,NA,NA,pop,English,Clitics,Masculine,Singular,NA,NA,NA,L2L,7th/8th,Late,Yes,NA,0,153,2026,NA,NA,NA,NA,0.9542926453363413,0.6346031011447542
H106,2,1,L2L 7th/8th,7,NA,153,NA,NA,NA,NA,NA,NA,NA,NA,NA,NA,NA,Production,Prod-05,NA,NA,NA,NA,NA,NA,comer,Omission,Clitics,Feminine,Singular,NA,NA,NA,L2L,7th/8th,Late,Yes,NA,0,153,2026,NA,NA,NA,NA,0.9542926453363413,0.6346031011447542
H106,2,1,L2L 7th/8th,7,NA,153,NA,NA,NA,NA,NA,NA,NA,NA,NA,NA,NA,Production,Prod-07,NA,NA,NA,NA,NA,NA,counting,English,Clitics,Masculine,Plural,NA,NA,NA,L2L,7th/8th,Late,Yes,NA,0,153,2026,NA,NA,NA,NA,0.9542926453363413,0.6346031011447542
H106,2,1,L2L 7th/8th,7,NA,153,NA,NA,NA,NA,NA,NA,NA,NA,NA,NA,NA,Production,Prod-09,NA,NA,NA,NA,NA,NA,van a taking it off,Codeswitched,Clitics,Feminine,Plural,NA,NA,NA,L2L,7th/8th,Late,Yes,NA,0,153,2026,NA,NA,NA,NA,0.9542926453363413,0.6346031011447542
H106,2,1,L2L 7th/8th,7,NA,153,NA,NA,NA,NA,NA,NA,NA,NA,NA,NA,NA,Production,Prod-13,NA,NA,NA,NA,NA,NA,los niñas música,Unrelated,Clitics,Feminine,Singular,NA,NA,NA,L2L,7th/8th,Late,Yes,NA,0,153,2026,NA,NA,NA,NA,0.9542926453363413,0.6346031011447542
H106,2,1,L2L 7th/8th,7,NA,153,NA,NA,NA,NA,NA,NA,NA,NA,NA,NA,NA,Production,Prod-15,NA,NA,NA,NA,NA,NA,putting back,English,Clitics,Masculine,Plural,NA,NA,NA,L2L,7th/8th,Late,Yes,NA,0,153,2026,NA,NA,NA,NA,0.9542926453363413,0.6346031011447542
H106,2,1,L2L 7th/8th,7,NA,153,NA,NA,NA,NA,NA,NA,NA,NA,NA,NA,NA,Production,Prod-25,NA,NA,NA,NA,NA,NA,putting on el mask,Codeswitched,Clitics,Feminine,Plural,NA,NA,NA,L2L,7th/8th,Late,Yes,NA,0,153,2026,NA,NA,NA,NA,0.9542926453363413,0.6346031011447542
H107,2,1,L2L 4th/5th,4,NA,117,NA,NA,NA,NA,NA,NA,NA,NA,NA,NA,NA,Production,Prod-05,NA,NA,NA,NA,NA,NA,comen pizza,Bare noun,Clitics,Feminine,Singular,NA,NA,NA,L2L,4th/5th,Late,Yes,NA,0,117,2026,NA,NA,NA,NA,-0.42437022401530294,-0.6373169459146317
H107,2,1,L2L 4th/5th,4,NA,117,NA,NA,NA,NA,NA,NA,NA,NA,NA,NA,NA,Production,Prod-09,NA,NA,NA,NA,NA,NA,es taking them off,Codeswitched,Clitics,Feminine,Plural,NA,NA,NA,L2L,4th/5th,Late,Yes,NA,0,117,2026,NA,NA,NA,NA,-0.42437022401530294,-0.6373169459146317
H107,2,1,L2L 4th/5th,4,NA,117,NA,NA,NA,NA,NA,NA,NA,NA,NA,NA,NA,Production,Prod-17,NA,NA,NA,NA,NA,NA,es comer estas,Other,Clitics,Feminine,Plural,NA,NA,NA,L2L,4th/5th,Late,Yes,NA,0,117,2026,NA,NA,NA,NA,-0.42437022401530294,-0.6373169459146317
H107,2,1,L2L 4th/5th,4,NA,117,NA,NA,NA,NA,NA,NA,NA,NA,NA,NA,NA,Production,Prod-21,NA,NA,NA,NA,NA,NA,es entrancing,Codeswitched,Clitics,Feminine,Singular,NA,NA,NA,L2L,4th/5th,Late,Yes,NA,0,117,2026,NA,NA,NA,NA,-0.42437022401530294,-0.6373169459146317
H107,2,1,L2L 4th/5th,4,NA,117,NA,NA,NA,NA,NA,NA,NA,NA,NA,NA,NA,Production,Prod-23,NA,NA,NA,NA,NA,NA,es jugar estas,Other,Clitics,Masculine,Plural,NA,NA,NA,L2L,4th/5th,Late,Yes,NA,0,117,2026,NA,NA,NA,NA,-0.42437022401530294,-0.6373169459146317
H107,2,1,L2L 4th/5th,4,NA,117,NA,NA,NA,NA,NA,NA,NA,NA,NA,NA,NA,Production,Prod-25,NA,NA,NA,NA,NA,NA,puse en el ??,Codeswitched,Clitics,Feminine,Plural,NA,NA,NA,L2L,4th/5th,Late,Yes,NA,0,117,2026,NA,NA,NA,NA,-0.42437022401530294,-0.6373169459146317
H108,2,1,NA,3,NA,102,NA,NA,NA,NA,NA,NA,NA,Romanian,Yes,Yes,Yes,Production,Prod-09,NA,NA,NA,NA,NA,NA,sacando sus chaquetas,Possessive,Clitics,Feminine,Plural,NA,NA,NA,L2L,NA,Late,Yes,NA,0,102,2026,NA,NA,NA,NA,-0.9988130862451546,-1.1672836321893758
H109,2,1,L2L 4th/5th,4,NA,119,NA,NA,NA,NA,NA,NA,NA,"Hindi, Malayalam, Marathi",Yes,Yes,Yes,Production,Prod-13,NA,NA,NA,NA,NA,NA,escuchar,Omission,Clitics,Feminine,Singular,NA,NA,NA,L2L,4th/5th,Late,Yes,NA,0,119,2026,NA,NA,NA,NA,-0.34777784238465603,-0.5666547210779992
H109,2,1,L2L 4th/5th,4,NA,119,NA,NA,NA,NA,NA,NA,NA,"Hindi, Malayalam, Marathi",Yes,Yes,Yes,Production,Prod-15,NA,NA,NA,NA,NA,NA,coge,Omission,Clitics,Masculine,Plural,NA,NA,NA,L2L,4th/5th,Late,Yes,NA,0,119,2026,NA,NA,NA,NA,-0.34777784238465603,-0.5666547210779992
H109,2,1,L2L 4th/5th,4,NA,119,NA,NA,NA,NA,NA,NA,NA,"Hindi, Malayalam, Marathi",Yes,Yes,Yes,Production,Prod-19,NA,NA,NA,NA,NA,NA,se cocinan,Omission,Clitics,Masculine,Singular,NA,NA,NA,L2L,4th/5th,Late,Yes,NA,0,119,2026,NA,NA,NA,NA,-0.34777784238465603,-0.5666547210779992
H109,2,1,L2L 4th/5th,4,NA,119,NA,NA,NA,NA,NA,NA,NA,"Hindi, Malayalam, Marathi",Yes,Yes,Yes,Production,Prod-21,NA,NA,NA,NA,NA,NA,cerrar,Omission,Clitics,Feminine,Singular,NA,NA,NA,L2L,4th/5th,Late,Yes,NA,0,119,2026,NA,NA,NA,NA,-0.34777784238465603,-0.5666547210779992
H109,2,1,L2L 4th/5th,4,NA,119,NA,NA,NA,NA,NA,NA,NA,"Hindi, Malayalam, Marathi",Yes,Yes,Yes,Production,Prod-23,NA,NA,NA,NA,NA,NA,se usar para hacer música,Omission,Clitics,Masculine,Plural,NA,NA,NA,L2L,4th/5th,Late,Yes,NA,0,119,2026,NA,NA,NA,NA,-0.34777784238465603,-0.5666547210779992
H110,2,1,L2L 2nd,2,NA,93,NA,NA,NA,NA,NA,NA,NA,Romanian,Yes,Yes,Yes,Production,Prod-09,NA,0,0,NA,NA,NA,lo take off,Gender/number,Clitics,Feminine,Plural,NA,NA,NA,L2L,2nd,Late,Yes,NA,0,93,2026,0,NA,NA,NA,-1.3434788035830658,-1.4852636439542224
H111,2,1,NA,3,NA,110,NA,NA,NA,NA,NA,NA,NA,NA,NA,NA,NA,Production,Prod-03,NA,NA,NA,NA,NA,NA,los niños pop it,Codeswitched,Clitics,Masculine,Singular,NA,NA,NA,L2L,NA,Late,Yes,NA,0,110,2026,NA,NA,NA,NA,-0.6924435597225671,-0.8846347328428457
H111,2,1,NA,3,NA,110,NA,NA,NA,NA,NA,NA,NA,NA,NA,NA,NA,Production,Prod-09,NA,NA,NA,NA,NA,NA,están taking them,Codeswitched,Clitics,Feminine,Plural,NA,NA,NA,L2L,NA,Late,Yes,NA,0,110,2026,NA,NA,NA,NA,-0.6924435597225671,-0.8846347328428457
H111,2,1,NA,3,NA,110,NA,NA,NA,NA,NA,NA,NA,NA,NA,NA,NA,Production,Prod-13,NA,NA,NA,NA,NA,NA,están escuchando y cantan,Omission,Clitics,Feminine,Singular,NA,NA,NA,L2L,NA,Late,Yes,NA,0,110,2026,NA,NA,NA,NA,-0.6924435597225671,-0.8846347328428457
H113,2,1,NA,3,NA,115,NA,NA,NA,NA,NA,NA,NA,NA,NA,NA,NA,Production,Prod-03,NA,NA,NA,NA,NA,NA,NA,No response,Clitics,Masculine,Singular,NA,NA,NA,L2L,NA,Late,Yes,NA,0,115,2026,NA,NA,NA,NA,-0.5009626056459499,-0.7079791707512643
H113,2,1,NA,3,NA,115,NA,NA,NA,NA,NA,NA,NA,NA,NA,NA,NA,Production,Prod-09,NA,NA,NA,NA,NA,NA,take the jacket off,English,Clitics,Feminine,Plural,NA,NA,NA,L2L,NA,Late,Yes,NA,0,115,2026,NA,NA,NA,NA,-0.5009626056459499,-0.7079791707512643
H113,2,1,NA,3,NA,115,NA,NA,NA,NA,NA,NA,NA,NA,NA,NA,NA,Production,Prod-13,NA,NA,NA,NA,NA,NA,escuche,Omission,Clitics,Feminine,Singular,NA,NA,NA,L2L,NA,Late,Yes,NA,0,115,2026,NA,NA,NA,NA,-0.5009626056459499,-0.7079791707512643
H113,2,1,NA,3,NA,115,NA,NA,NA,NA,NA,NA,NA,NA,NA,NA,NA,Production,Prod-15,NA,NA,NA,NA,NA,NA,ponen en la mesa,Omission,Clitics,Masculine,Plural,NA,NA,NA,L2L,NA,Late,Yes,NA,0,115,2026,NA,NA,NA,NA,-0.5009626056459499,-0.7079791707512643
H113,2,1,NA,3,NA,115,NA,NA,NA,NA,NA,NA,NA,NA,NA,NA,NA,Production,Prod-23,NA,NA,NA,NA,NA,NA,hacen música,Bare noun,Clitics,Masculine,Plural,NA,NA,NA,L2L,NA,Late,Yes,NA,0,115,2026,NA,NA,NA,NA,-0.5009626056459499,-0.7079791707512643
H114,2,1,L2L 7th/8th,7,NA,153,NA,NA,NA,NA,NA,NA,NA,NA,NA,NA,NA,Production,Prod-03,NA,NA,NA,NA,NA,NA,ponen un algo en el balón,Other,Clitics,Masculine,Singular,NA,NA,NA,L2L,7th/8th,Late,Yes,NA,0,153,2026,NA,NA,NA,NA,0.9542926453363413,0.6346031011447542
H114,2,1,L2L 7th/8th,7,NA,153,NA,NA,NA,NA,NA,NA,NA,NA,NA,NA,NA,Production,Prod-09,NA,NA,NA,NA,NA,NA,se ponen sus chaquetas,Possessive,Clitics,Feminine,Plural,NA,NA,NA,L2L,7th/8th,Late,Yes,NA,0,153,2026,NA,NA,NA,NA,0.9542926453363413,0.6346031011447542
H114,2,1,L2L 7th/8th,7,NA,153,NA,NA,NA,NA,NA,NA,NA,NA,NA,NA,NA,Production,Prod-15,NA,NA,NA,NA,NA,NA,se ponen en la mesa,Omission,Clitics,Masculine,Plural,NA,NA,NA,L2L,7th/8th,Late,Yes,NA,0,153,2026,NA,NA,NA,NA,0.9542926453363413,0.6346031011447542
H116,2,1,HS 7th/8th,8,NA,165,NA,NA,NA,NA,NA,NA,NA,NA,NA,NA,NA,Production,Prod-07,NA,NA,NA,NA,NA,NA,contando hasta once,Grammatical alternative,Clitics,Masculine,Plural,NA,NA,NA,HS,7th/8th,Late,Yes,NA,0,165,2026,NA,NA,NA,NA,1.4138469351202227,1.0585764501645496
H116,2,1,HS 7th/8th,8,NA,165,NA,NA,NA,NA,NA,NA,NA,NA,NA,NA,NA,Production,Prod-09,NA,NA,NA,NA,NA,NA,sacando su chaqueta,Possessive,Clitics,Feminine,Plural,NA,NA,NA,HS,7th/8th,Late,Yes,NA,0,165,2026,NA,NA,NA,NA,1.4138469351202227,1.0585764501645496
H116,2,1,HS 7th/8th,8,NA,165,NA,NA,NA,NA,NA,NA,NA,NA,NA,NA,NA,Production,Prod-13,NA,1,1,NA,NA,NA,la escuchan,NA,Clitics,Feminine,Singular,NA,NA,NA,HS,7th/8th,Late,Yes,NA,0,165,2026,1,NA,NA,NA,1.4138469351202227,1.0585764501645496
H116,2,1,HS 7th/8th,8,NA,165,NA,NA,NA,NA,NA,NA,NA,NA,NA,NA,NA,Production,Prod-19,NA,1,1,NA,NA,NA,lo están cocinando,NA,Clitics,Masculine,Singular,NA,NA,NA,HS,7th/8th,Late,Yes,NA,0,165,2026,1,NA,NA,NA,1.4138469351202227,1.0585764501645496
H116,2,1,HS 7th/8th,8,NA,165,NA,NA,NA,NA,NA,NA,NA,NA,NA,NA,NA,Production,Prod-25,NA,0,1,NA,NA,NA,se los ponen,Gender,Clitics,Feminine,Plural,NA,NA,NA,HS,7th/8th,Late,Yes,NA,0,165,2026,0,NA,NA,NA,1.4138469351202227,1.0585764501645496
H118,2,1,HS 4th/5th,4,NA,118,NA,NA,NA,NA,NA,NA,NA,Heritage Spanish,NA,NA,NA,Production,Prod-03,NA,NA,NA,NA,NA,NA,quiere romper the balloon,English,Clitics,Masculine,Singular,NA,NA,NA,HS,4th/5th,Late,Yes,NA,0,118,2026,NA,NA,NA,NA,-0.3860740331999795,-0.6019858334963155
H118,2,1,HS 4th/5th,4,NA,118,NA,NA,NA,NA,NA,NA,NA,Heritage Spanish,NA,NA,NA,Production,Prod-07,NA,NA,NA,NA,NA,NA,contando,Omission,Clitics,Masculine,Plural,NA,NA,NA,HS,4th/5th,Late,Yes,NA,0,118,2026,NA,NA,NA,NA,-0.3860740331999795,-0.6019858334963155
H118,2,1,HS 4th/5th,4,NA,118,NA,NA,NA,NA,NA,NA,NA,Heritage Spanish,NA,NA,NA,Production,Prod-13,NA,NA,NA,NA,NA,NA,escuchando,Omission,Clitics,Feminine,Singular,NA,NA,NA,HS,4th/5th,Late,Yes,NA,0,118,2026,NA,NA,NA,NA,-0.3860740331999795,-0.6019858334963155
H118,2,1,HS 4th/5th,4,NA,118,NA,NA,NA,NA,NA,NA,NA,Heritage Spanish,NA,NA,NA,Production,Prod-15,NA,NA,NA,NA,NA,NA,ponen en la mesa,Omission,Clitics,Masculine,Plural,NA,NA,NA,HS,4th/5th,Late,Yes,NA,0,118,2026,NA,NA,NA,NA,-0.3860740331999795,-0.6019858334963155
H118,2,1,HS 4th/5th,4,NA,118,NA,NA,NA,NA,NA,NA,NA,Heritage Spanish,NA,NA,NA,Production,Prod-23,NA,NA,NA,NA,NA,NA,los niños hacen ruido,Unrelated,Clitics,Masculine,Plural,NA,NA,NA,HS,4th/5th,Late,Yes,NA,0,118,2026,NA,NA,NA,NA,-0.3860740331999795,-0.6019858334963155
H119,2,1,HS 4th/5th,4,NA,122,NA,NA,NA,NA,NA,NA,NA,Heritage Spanish,NA,NA,NA,Production,Prod-07,NA,1,1,NA,NA,NA,contándolos,NA,Clitics,Masculine,Plural,NA,NA,NA,HS,4th/5th,Late,Yes,NA,0,122,2026,1,NA,NA,NA,-0.2328892699386857,-0.4606613838230504
H119,2,1,HS 4th/5th,4,NA,122,NA,NA,NA,NA,NA,NA,NA,Heritage Spanish,NA,NA,NA,Production,Prod-13,NA,NA,NA,NA,NA,NA,son escuchando,Omission,Clitics,Feminine,Singular,NA,NA,NA,HS,4th/5th,Late,Yes,NA,0,122,2026,NA,NA,NA,NA,-0.2328892699386857,-0.4606613838230504
H120,2,1,HS 4th/5th,4,NA,125,NA,NA,NA,NA,NA,NA,NA,Heritage Spanish,NA,NA,NA,Production,Prod-05,NA,0,1,NA,NA,NA,están cortándolo y comiéndolo,Gender,Clitics,Feminine,Singular,NA,NA,NA,HS,4th/5th,Late,Yes,NA,0,125,2026,0,NA,NA,NA,-0.11800069749271534,-0.3546680465681015
H120,2,1,HS 4th/5th,4,NA,125,NA,NA,NA,NA,NA,NA,NA,Heritage Spanish,NA,NA,NA,Production,Prod-07,NA,NA,NA,NA,NA,NA,están contando del 1 a 11,Grammatical alternative,Clitics,Masculine,Plural,NA,NA,NA,HS,4th/5th,Late,Yes,NA,0,125,2026,NA,NA,NA,NA,-0.11800069749271534,-0.3546680465681015
H120,2,1,HS 4th/5th,4,NA,125,NA,NA,NA,NA,NA,NA,NA,Heritage Spanish,NA,NA,NA,Production,Prod-09,NA,NA,NA,NA,NA,NA,están poniendo sus chaquetas,Possessive,Clitics,Feminine,Plural,NA,NA,NA,HS,4th/5th,Late,Yes,NA,0,125,2026,NA,NA,NA,NA,-0.11800069749271534,-0.3546680465681015
H120,2,1,HS 4th/5th,4,NA,125,NA,NA,NA,NA,NA,NA,NA,Heritage Spanish,NA,NA,NA,Production,Prod-11,NA,1,1,NA,NA,NA,están bañándolo,NA,Clitics,Masculine,Singular,NA,NA,NA,HS,4th/5th,Late,Yes,NA,0,125,2026,1,NA,NA,NA,-0.11800069749271534,-0.3546680465681015
H120,2,1,HS 4th/5th,4,NA,125,NA,NA,NA,NA,NA,NA,NA,Heritage Spanish,NA,NA,NA,Production,Prod-17,NA,0,1,NA,NA,NA,están comiéndolos,Gender,Clitics,Feminine,Plural,NA,NA,NA,HS,4th/5th,Late,Yes,NA,0,125,2026,0,NA,NA,NA,-0.11800069749271534,-0.3546680465681015
H120,2,1,HS 4th/5th,4,NA,125,NA,NA,NA,NA,NA,NA,NA,Heritage Spanish,NA,NA,NA,Production,Prod-19,NA,1,1,NA,NA,NA,está cociéndolo,NA,Clitics,Masculine,Singular,NA,NA,NA,HS,4th/5th,Late,Yes,NA,0,125,2026,1,NA,NA,NA,-0.11800069749271534,-0.3546680465681015
H120,2,1,HS 4th/5th,4,NA,125,NA,NA,NA,NA,NA,NA,NA,Heritage Spanish,NA,NA,NA,Production,Prod-23,NA,1,1,NA,NA,NA,están usándolos para hacer música,NA,Clitics,Masculine,Plural,NA,NA,NA,HS,4th/5th,Late,Yes,NA,0,125,2026,1,NA,NA,NA,-0.11800069749271534,-0.3546680465681015
H122,2,1,NA,3,NA,110,NA,NA,NA,NA,NA,NA,NA,Heritage Spanish,NA,NA,NA,Production,Prod-03,NA,NA,NA,NA,NA,NA,están explota,Omission,Clitics,Masculine,Singular,NA,NA,NA,HS,NA,Late,Yes,NA,0,110,2026,NA,NA,NA,NA,-0.6924435597225671,-0.8846347328428457
H122,2,1,NA,3,NA,110,NA,NA,NA,NA,NA,NA,NA,Heritage Spanish,NA,NA,NA,Production,Prod-15,NA,NA,NA,NA,NA,NA,ponen en el mesa,Omission,Clitics,Masculine,Plural,NA,NA,NA,HS,NA,Late,Yes,NA,0,110,2026,NA,NA,NA,NA,-0.6924435597225671,-0.8846347328428457
H123,2,1,NA,3,NA,114,NA,NA,NA,NA,NA,NA,NA,Heritage Spanish,NA,NA,NA,Production,Prod-15,NA,NA,NA,NA,NA,NA,dejan sus libros,Possessive,Clitics,Masculine,Plural,NA,NA,NA,L2L,NA,Late,Yes,NA,0,114,2026,NA,NA,NA,NA,-0.5392587964612733,-0.7433102831695806
H124,2,1,HS 2nd,2,NA,95,NA,NA,NA,NA,NA,NA,NA,Heritage Spanish,NA,NA,NA,Production,Prod-03,NA,NA,NA,NA,NA,NA,se como pop,Codeswitched,Clitics,Masculine,Singular,NA,NA,NA,HS,2nd,Late,Yes,NA,0,95,2026,NA,NA,NA,NA,-1.2668864219524187,-1.41460141911759
H124,2,1,HS 2nd,2,NA,95,NA,NA,NA,NA,NA,NA,NA,Heritage Spanish,NA,NA,NA,Production,Prod-05,NA,NA,NA,NA,NA,NA,van a comer,Omission,Clitics,Feminine,Singular,NA,NA,NA,HS,2nd,Late,Yes,NA,0,95,2026,NA,NA,NA,NA,-1.2668864219524187,-1.41460141911759
H124,2,1,HS 2nd,2,NA,95,NA,NA,NA,NA,NA,NA,NA,Heritage Spanish,NA,NA,NA,Production,Prod-07,NA,NA,NA,NA,NA,NA,va a contar,Omission,Clitics,Masculine,Plural,NA,NA,NA,HS,2nd,Late,Yes,NA,0,95,2026,NA,NA,NA,NA,-1.2668864219524187,-1.41460141911759
H124,2,1,HS 2nd,2,NA,95,NA,NA,NA,NA,NA,NA,NA,Heritage Spanish,NA,NA,NA,Production,Prod-15,NA,NA,NA,NA,NA,NA,va a poner,Omission,Clitics,Masculine,Plural,NA,NA,NA,HS,2nd,Late,Yes,NA,0,95,2026,NA,NA,NA,NA,-1.2668864219524187,-1.41460141911759
H124,2,1,HS 2nd,2,NA,95,NA,NA,NA,NA,NA,NA,NA,Heritage Spanish,NA,NA,NA,Production,Prod-19,NA,NA,NA,NA,NA,NA,va a cocinar,Omission,Clitics,Masculine,Singular,NA,NA,NA,HS,2nd,Late,Yes,NA,0,95,2026,NA,NA,NA,NA,-1.2668864219524187,-1.41460141911759
H124,2,1,HS 2nd,2,NA,95,NA,NA,NA,NA,NA,NA,NA,Heritage Spanish,NA,NA,NA,Production,Prod-21,NA,NA,NA,NA,NA,NA,va a abrir,Omission,Clitics,Feminine,Singular,NA,NA,NA,HS,2nd,Late,Yes,NA,0,95,2026,NA,NA,NA,NA,-1.2668864219524187,-1.41460141911759
H124,2,1,HS 2nd,2,NA,95,NA,NA,NA,NA,NA,NA,NA,Heritage Spanish,NA,NA,NA,Production,Prod-23,NA,NA,NA,NA,NA,NA,va a cantar,Unrelated,Clitics,Masculine,Plural,NA,NA,NA,HS,2nd,Late,Yes,NA,0,95,2026,NA,NA,NA,NA,-1.2668864219524187,-1.41460141911759
H124,2,1,HS 2nd,2,NA,95,NA,NA,NA,NA,NA,NA,NA,Heritage Spanish,NA,NA,NA,Production,Prod-25,NA,NA,NA,NA,NA,NA,va a poner en su boca,Omission,Clitics,Feminine,Plural,NA,NA,NA,HS,2nd,Late,Yes,NA,0,95,2026,NA,NA,NA,NA,-1.2668864219524187,-1.41460141911759
H125,2,1,L2L 4th/5th,4,NA,121,NA,NA,NA,NA,NA,NA,NA,L2,NA,NA,NA,Production,Prod-09,NA,NA,NA,NA,NA,NA,hace abrochando su chaqueta,Possessive,Clitics,Feminine,Plural,NA,NA,NA,L2L,4th/5th,Late,Yes,NA,0,121,2026,NA,NA,NA,NA,-0.2711854607540091,-0.49599249624136665
C01,C,C,Chile,NA,5,67,NA,NA,NA,NA,NA,Spanish,NA,Spanish,NA,NA,NA,Production,Prod-03,NA,1,1,NA,NA,NA,están jugando... lo trataron de hacer así,NA,Clitics,Masculine,Singular,NA,NA,NA,ML,NA,Late,Yes,NA,0,67,2026,1,NA,NA,NA,-2.3391797647814756,-2.4038725668304455
C01,C,C,Chile,NA,5,67,NA,NA,NA,NA,NA,Spanish,NA,Spanish,NA,NA,NA,Production,Prod-05,NA,1,1,NA,NA,NA,la están repartiendo,NA,Clitics,Feminine,Singular,NA,NA,NA,ML,NA,Late,Yes,NA,0,67,2026,1,NA,NA,NA,-2.3391797647814756,-2.4038725668304455
C01,C,C,Chile,NA,5,67,NA,NA,NA,NA,NA,Spanish,NA,Spanish,NA,NA,NA,Production,Prod-07,NA,1,1,NA,NA,NA,los están ordenando,NA,Clitics,Masculine,Plural,NA,NA,NA,ML,NA,Late,Yes,NA,0,67,2026,1,NA,NA,NA,-2.3391797647814756,-2.4038725668304455
C01,C,C,Chile,NA,5,67,NA,NA,NA,NA,NA,Spanish,NA,Spanish,NA,NA,NA,Production,Prod-09,NA,1,0,NA,NA,NA,se la están sacando,NA,Clitics,Feminine,Plural,NA,NA,NA,ML,NA,Late,Yes,NA,0,67,2026,1,NA,NA,NA,-2.3391797647814756,-2.4038725668304455
C01,C,C,Chile,NA,5,67,NA,NA,NA,NA,NA,Spanish,NA,Spanish,NA,NA,NA,Production,Prod-11,NA,1,1,NA,NA,NA,bañandolo,NA,Clitics,Masculine,Singular,NA,NA,NA,ML,NA,Late,Yes,NA,0,67,2026,1,NA,NA,NA,-2.3391797647814756,-2.4038725668304455
C01,C,C,Chile,NA,5,67,NA,NA,NA,NA,NA,Spanish,NA,Spanish,NA,NA,NA,Production,Prod-13,NA,NA,NA,NA,NA,NA,están bailando,Grammatical alternative,Clitics,Feminine,Singular,NA,NA,NA,ML,NA,Late,Yes,NA,0,67,2026,NA,NA,NA,NA,-2.3391797647814756,-2.4038725668304455
C01,C,C,Chile,NA,5,67,NA,NA,NA,NA,NA,Spanish,NA,Spanish,NA,NA,NA,Production,Prod-15,NA,1,1,NA,NA,NA,los están ordenando,NA,Clitics,Masculine,Plural,NA,NA,NA,ML,NA,Late,Yes,NA,0,67,2026,1,NA,NA,NA,-2.3391797647814756,-2.4038725668304455
C01,C,C,Chile,NA,5,67,NA,NA,NA,NA,NA,Spanish,NA,Spanish,NA,NA,NA,Production,Prod-17,NA,1,1,NA,NA,NA,se las están comiendo,NA,Clitics,Feminine,Plural,NA,NA,NA,ML,NA,Late,Yes,NA,0,67,2026,1,NA,NA,NA,-2.3391797647814756,-2.4038725668304455
C01,C,C,Chile,NA,5,67,NA,NA,NA,NA,NA,Spanish,NA,Spanish,NA,NA,NA,Production,Prod-19,NA,1,1,NA,NA,NA,lo están cocinando,NA,Clitics,Masculine,Singular,NA,NA,NA,ML,NA,Late,Yes,NA,0,67,2026,1,NA,NA,NA,-2.3391797647814756,-2.4038725668304455
C01,C,C,Chile,NA,5,67,NA,NA,NA,NA,NA,Spanish,NA,Spanish,NA,NA,NA,Production,Prod-21,NA,1,1,NA,NA,NA,la están cerrando,NA,Clitics,Feminine,Singular,NA,NA,NA,ML,NA,Late,Yes,NA,0,67,2026,1,NA,NA,NA,-2.3391797647814756,-2.4038725668304455
C01,C,C,Chile,NA,5,67,NA,NA,NA,NA,NA,Spanish,NA,Spanish,NA,NA,NA,Production,Prod-23,NA,NA,NA,NA,NA,NA,están haciendo música,Bare noun,Clitics,Masculine,Plural,NA,NA,NA,ML,NA,Late,Yes,NA,0,67,2026,NA,NA,NA,NA,-2.3391797647814756,-2.4038725668304455
C01,C,C,Chile,NA,5,67,NA,NA,NA,NA,NA,Spanish,NA,Spanish,NA,NA,NA,Production,Prod-25,NA,NA,NA,NA,NA,NA,para no contagiar,Grammatical alternative,Clitics,Feminine,Plural,NA,NA,NA,ML,NA,Late,Yes,NA,0,67,2026,NA,NA,NA,NA,-2.3391797647814756,-2.4038725668304455
C02,C,C,Chile,5,10,131,NA,NA,NA,NA,NA,Spanish,NA,Spanish,NA,NA,NA,Production,Prod-13,NA,NA,NA,NA,NA,NA,escuchando,Omission,Clitics,Feminine,Singular,NA,NA,NA,ML,4th/5th,Late,Yes,NA,0,131,2026,NA,NA,NA,NA,0.11177644739922535,-0.1426813720582039
C02,C,C,Chile,5,10,131,NA,NA,NA,NA,NA,Spanish,NA,Spanish,NA,NA,NA,Production,Prod-23,NA,NA,NA,NA,NA,NA,están tocando música,Bare noun,Clitics,Masculine,Plural,NA,NA,NA,ML,4th/5th,Late,Yes,NA,0,131,2026,NA,NA,NA,NA,0.11177644739922535,-0.1426813720582039
C03,C,C,Chile,3,8,101,NA,NA,NA,NA,NA,Spanish,NA,Spanish,NA,NA,NA,Production,Prod-03,1,1,1,NA,NA,NA,lo va a rebentar,NA,Clitics,Masculine,Singular,NA,NA,NA,ML,NA,Late,Yes,NA,0,101,2026,1,NA,NA,NA,-1.0371092770604782,-1.2026147446076922
C03,C,C,Chile,3,8,101,NA,NA,NA,NA,NA,Spanish,NA,Spanish,NA,NA,NA,Production,Prod-07,NA,NA,NA,NA,NA,NA,están contando del 1 hasta 11,Grammatical alternative,Clitics,Masculine,Plural,NA,NA,NA,ML,NA,Late,Yes,NA,0,101,2026,NA,NA,NA,NA,-1.0371092770604782,-1.2026147446076922
C03,C,C,Chile,3,8,101,NA,NA,NA,NA,NA,Spanish,NA,Spanish,NA,NA,NA,Production,Prod-09,1,1,0,NA,NA,NA,se la están poniendo,NA,Clitics,Feminine,Plural,NA,NA,NA,ML,NA,Late,Yes,NA,0,101,2026,1,NA,NA,NA,-1.0371092770604782,-1.2026147446076922
C03,C,C,Chile,3,8,101,NA,NA,NA,NA,NA,Spanish,NA,Spanish,NA,NA,NA,Production,Prod-15,1,1,0,NA,NA,NA,lo están llevando a la mesa,NA,Clitics,Masculine,Plural,NA,NA,NA,ML,NA,Late,Yes,NA,0,101,2026,1,NA,NA,NA,-1.0371092770604782,-1.2026147446076922
C03,C,C,Chile,3,8,101,NA,NA,NA,NA,NA,Spanish,NA,Spanish,NA,NA,NA,Production,Prod-17,1,1,1,NA,NA,NA,las están comiendo,NA,Clitics,Feminine,Plural,NA,NA,NA,ML,NA,Late,Yes,NA,0,101,2026,1,NA,NA,NA,-1.0371092770604782,-1.2026147446076922
C03,C,C,Chile,3,8,101,NA,NA,NA,NA,NA,Spanish,NA,Spanish,NA,NA,NA,Production,Prod-21,1,1,1,NA,NA,NA,la cierran,NA,Clitics,Feminine,Singular,NA,NA,NA,ML,NA,Late,Yes,NA,0,101,2026,1,NA,NA,NA,-1.0371092770604782,-1.2026147446076922
C03,C,C,Chile,3,8,101,NA,NA,NA,NA,NA,Spanish,NA,Spanish,NA,NA,NA,Production,Prod-25,1,1,0,NA,NA,NA,se la están poniendo,NA,Clitics,Feminine,Plural,NA,NA,NA,ML,NA,Late,Yes,NA,0,101,2026,1,NA,NA,NA,-1.0371092770604782,-1.2026147446076922
C04,C,C,Chile,1,6,83,NA,NA,NA,NA,NA,Spanish,NA,Spanish,NA,NA,NA,Production,Prod-03,NA,NA,NA,NA,NA,NA,se le rebentó,Se le,Clitics,Masculine,Singular,NA,NA,NA,ML,2nd,Late,Yes,NA,0,83,2026,NA,NA,NA,NA,-1.7264407117363003,-1.8385747681373852
C04,C,C,Chile,1,6,83,NA,NA,NA,NA,NA,Spanish,NA,Spanish,NA,NA,NA,Production,Prod-05,NA,1,1,NA,NA,NA,se la están comiendo,NA,Clitics,Feminine,Singular,NA,NA,NA,ML,2nd,Late,Yes,NA,0,83,2026,1,NA,NA,NA,-1.7264407117363003,-1.8385747681373852
C04,C,C,Chile,1,6,83,NA,NA,NA,NA,NA,Spanish,NA,Spanish,NA,NA,NA,Production,Prod-07,NA,NA,NA,NA,NA,NA,están contando,Omission,Clitics,Masculine,Plural,NA,NA,NA,ML,2nd,Late,Yes,NA,0,83,2026,NA,NA,NA,NA,-1.7264407117363003,-1.8385747681373852
C04,C,C,Chile,1,6,83,NA,NA,NA,NA,NA,Spanish,NA,Spanish,NA,NA,NA,Production,Prod-09,NA,1,1,NA,NA,NA,colocárselas,NA,Clitics,Feminine,Plural,NA,NA,NA,ML,2nd,Late,Yes,NA,0,83,2026,1,NA,NA,NA,-1.7264407117363003,-1.8385747681373852
C04,C,C,Chile,1,6,83,NA,NA,NA,NA,NA,Spanish,NA,Spanish,NA,NA,NA,Production,Prod-11,NA,1,1,NA,NA,NA,lo están bañando,NA,Clitics,Masculine,Singular,NA,NA,NA,ML,2nd,Late,Yes,NA,0,83,2026,1,NA,NA,NA,-1.7264407117363003,-1.8385747681373852
C04,C,C,Chile,1,6,83,NA,NA,NA,NA,NA,Spanish,NA,Spanish,NA,NA,NA,Production,Prod-13,NA,NA,NA,NA,NA,NA,están escuchando,Omission,Clitics,Feminine,Singular,NA,NA,NA,ML,2nd,Late,Yes,NA,0,83,2026,NA,NA,NA,NA,-1.7264407117363003,-1.8385747681373852
C04,C,C,Chile,1,6,83,NA,NA,NA,NA,NA,Spanish,NA,Spanish,NA,NA,NA,Production,Prod-15,NA,1,1,NA,NA,NA,los dejaron en la mesa,NA,Clitics,Masculine,Plural,NA,NA,NA,ML,2nd,Late,Yes,NA,0,83,2026,1,NA,NA,NA,-1.7264407117363003,-1.8385747681373852
C04,C,C,Chile,1,6,83,NA,NA,NA,NA,NA,Spanish,NA,Spanish,NA,NA,NA,Production,Prod-17,NA,1,1,NA,NA,NA,se las van a comer,NA,Clitics,Feminine,Plural,NA,NA,NA,ML,2nd,Late,Yes,NA,0,83,2026,1,NA,NA,NA,-1.7264407117363003,-1.8385747681373852
C04,C,C,Chile,1,6,83,NA,NA,NA,NA,NA,Spanish,NA,Spanish,NA,NA,NA,Production,Prod-19,NA,1,1,NA,NA,NA,lo van a cocinar,NA,Clitics,Masculine,Singular,NA,NA,NA,ML,2nd,Late,Yes,NA,0,83,2026,1,NA,NA,NA,-1.7264407117363003,-1.8385747681373852
C04,C,C,Chile,1,6,83,NA,NA,NA,NA,NA,Spanish,NA,Spanish,NA,NA,NA,Production,Prod-21,NA,1,1,NA,NA,NA,la cerraron,NA,Clitics,Feminine,Singular,NA,NA,NA,ML,2nd,Late,Yes,NA,0,83,2026,1,NA,NA,NA,-1.7264407117363003,-1.8385747681373852
C04,C,C,Chile,1,6,83,NA,NA,NA,NA,NA,Spanish,NA,Spanish,NA,NA,NA,Production,Prod-23,NA,1,1,NA,NA,NA,no los tocaron,NA,Clitics,Masculine,Plural,NA,NA,NA,ML,2nd,Late,Yes,NA,0,83,2026,1,NA,NA,NA,-1.7264407117363003,-1.8385747681373852
C04,C,C,Chile,1,6,83,NA,NA,NA,NA,NA,Spanish,NA,Spanish,NA,NA,NA,Production,Prod-25,NA,1,1,NA,NA,NA,se las van a colocar,NA,Clitics,Feminine,Plural,NA,NA,NA,ML,2nd,Late,Yes,NA,0,83,2026,1,NA,NA,NA,-1.7264407117363003,-1.8385747681373852
C05,C,C,Chile,4,10,120,NA,NA,NA,NA,NA,Spanish,NA,Spanish,NA,NA,NA,Production,Prod-03,NA,1,1,NA,NA,NA,pincharlo,NA,Clitics,Masculine,Singular,NA,NA,NA,ML,4th/5th,Late,Yes,NA,0,120,2026,1,NA,NA,NA,-0.3094816515693326,-0.531323608659683
C05,C,C,Chile,4,10,120,NA,NA,NA,NA,NA,Spanish,NA,Spanish,NA,NA,NA,Production,Prod-05,NA,1,1,NA,NA,NA,comerla y repartirla,NA,Clitics,Feminine,Singular,NA,NA,NA,ML,4th/5th,Late,Yes,NA,0,120,2026,1,NA,NA,NA,-0.3094816515693326,-0.531323608659683
C05,C,C,Chile,4,10,120,NA,NA,NA,NA,NA,Spanish,NA,Spanish,NA,NA,NA,Production,Prod-07,NA,1,1,NA,NA,NA,contarlos,NA,Clitics,Masculine,Plural,NA,NA,NA,ML,4th/5th,Late,Yes,NA,0,120,2026,1,NA,NA,NA,-0.3094816515693326,-0.531323608659683
C05,C,C,Chile,4,10,120,NA,NA,NA,NA,NA,Spanish,NA,Spanish,NA,NA,NA,Production,Prod-09,NA,1,1,NA,NA,NA,sacarlas,NA,Clitics,Feminine,Plural,NA,NA,NA,ML,4th/5th,Late,Yes,NA,0,120,2026,1,NA,NA,NA,-0.3094816515693326,-0.531323608659683
C05,C,C,Chile,4,10,120,NA,NA,NA,NA,NA,Spanish,NA,Spanish,NA,NA,NA,Production,Prod-13,NA,1,1,NA,NA,NA,escucharla,NA,Clitics,Feminine,Singular,NA,NA,NA,ML,4th/5th,Late,Yes,NA,0,120,2026,1,NA,NA,NA,-0.3094816515693326,-0.531323608659683
C05,C,C,Chile,4,10,120,NA,NA,NA,NA,NA,Spanish,NA,Spanish,NA,NA,NA,Production,Prod-15,NA,1,1,NA,NA,NA,los dejan en la mesa,NA,Clitics,Masculine,Plural,NA,NA,NA,ML,4th/5th,Late,Yes,NA,0,120,2026,1,NA,NA,NA,-0.3094816515693326,-0.531323608659683
C05,C,C,Chile,4,10,120,NA,NA,NA,NA,NA,Spanish,NA,Spanish,NA,NA,NA,Production,Prod-17,NA,1,1,NA,NA,NA,comerlas,NA,Clitics,Feminine,Plural,NA,NA,NA,ML,4th/5th,Late,Yes,NA,0,120,2026,1,NA,NA,NA,-0.3094816515693326,-0.531323608659683
C05,C,C,Chile,4,10,120,NA,NA,NA,NA,NA,Spanish,NA,Spanish,NA,NA,NA,Production,Prod-19,NA,1,1,NA,NA,NA,cocinarlo,NA,Clitics,Masculine,Singular,NA,NA,NA,ML,4th/5th,Late,Yes,NA,0,120,2026,1,NA,NA,NA,-0.3094816515693326,-0.531323608659683
C05,C,C,Chile,4,10,120,NA,NA,NA,NA,NA,Spanish,NA,Spanish,NA,NA,NA,Production,Prod-21,NA,1,1,NA,NA,NA,cerrrarla,NA,Clitics,Feminine,Singular,NA,NA,NA,ML,4th/5th,Late,Yes,NA,0,120,2026,1,NA,NA,NA,-0.3094816515693326,-0.531323608659683
C05,C,C,Chile,4,10,120,NA,NA,NA,NA,NA,Spanish,NA,Spanish,NA,NA,NA,Production,Prod-23,NA,1,0,NA,NA,NA,tocarlo,NA,Clitics,Masculine,Plural,NA,NA,NA,ML,4th/5th,Late,Yes,NA,0,120,2026,1,NA,NA,NA,-0.3094816515693326,-0.531323608659683
C05,C,C,Chile,4,10,120,NA,NA,NA,NA,NA,Spanish,NA,Spanish,NA,NA,NA,Production,Prod-25,NA,1,1,NA,NA,NA,ponérselas,NA,Clitics,Feminine,Plural,NA,NA,NA,ML,4th/5th,Late,Yes,NA,0,120,2026,1,NA,NA,NA,-0.3094816515693326,-0.531323608659683
C06,C,C,Chile,NA,5,68,NA,NA,NA,NA,NA,Spanish,NA,Spanish,NA,NA,NA,Production,Prod-03,NA,NA,NA,NA,NA,NA,jugar,Grammatical alternative,Clitics,Masculine,Singular,NA,NA,NA,ML,NA,Late,Yes,NA,0,68,2026,NA,NA,NA,NA,-2.300883573966152,-2.3685414544121293
C06,C,C,Chile,NA,5,68,NA,NA,NA,NA,NA,Spanish,NA,Spanish,NA,NA,NA,Production,Prod-05,NA,NA,NA,NA,NA,NA,comiendo pizza,Bare noun,Clitics,Feminine,Singular,NA,NA,NA,ML,NA,Late,Yes,NA,0,68,2026,NA,NA,NA,NA,-2.300883573966152,-2.3685414544121293
C06,C,C,Chile,NA,5,68,NA,NA,NA,NA,NA,Spanish,NA,Spanish,NA,NA,NA,Production,Prod-09,NA,1,0,NA,NA,NA,colocársela,NA,Clitics,Feminine,Plural,NA,NA,NA,ML,NA,Late,Yes,NA,0,68,2026,1,NA,NA,NA,-2.300883573966152,-2.3685414544121293
C06,C,C,Chile,NA,5,68,NA,NA,NA,NA,NA,Spanish,NA,Spanish,NA,NA,NA,Production,Prod-11,NA,NA,NA,NA,NA,NA,lavando porque está sucio,Omission,Clitics,Masculine,Singular,NA,NA,NA,ML,NA,Late,Yes,NA,0,68,2026,NA,NA,NA,NA,-2.300883573966152,-2.3685414544121293
C06,C,C,Chile,NA,5,68,NA,NA,NA,NA,NA,Spanish,NA,Spanish,NA,NA,NA,Production,Prod-13,NA,NA,NA,NA,NA,NA,escuchando y dos personas va a bailar,Grammatical alternative,Clitics,Feminine,Singular,NA,NA,NA,ML,NA,Late,Yes,NA,0,68,2026,NA,NA,NA,NA,-2.300883573966152,-2.3685414544121293
C06,C,C,Chile,NA,5,68,NA,NA,NA,NA,NA,Spanish,NA,Spanish,NA,NA,NA,Production,Prod-15,NA,NA,NA,NA,NA,NA,están - No response,No response,Clitics,Masculine,Plural,NA,NA,NA,ML,NA,Late,Yes,NA,0,68,2026,NA,NA,NA,NA,-2.300883573966152,-2.3685414544121293
C06,C,C,Chile,NA,5,68,NA,NA,NA,NA,NA,Spanish,NA,Spanish,NA,NA,NA,Production,Prod-17,NA,1,1,NA,NA,NA,se las comen,NA,Clitics,Feminine,Plural,NA,NA,NA,ML,NA,Late,Yes,NA,0,68,2026,1,NA,NA,NA,-2.300883573966152,-2.3685414544121293
C06,C,C,Chile,NA,5,68,NA,NA,NA,NA,NA,Spanish,NA,Spanish,NA,NA,NA,Production,Prod-19,NA,1,1,NA,NA,NA,lo están preparando,NA,Clitics,Masculine,Singular,NA,NA,NA,ML,NA,Late,Yes,NA,0,68,2026,1,NA,NA,NA,-2.300883573966152,-2.3685414544121293
C06,C,C,Chile,NA,5,68,NA,NA,NA,NA,NA,Spanish,NA,Spanish,NA,NA,NA,Production,Prod-21,NA,1,1,NA,NA,NA,cerrarla,NA,Clitics,Feminine,Singular,NA,NA,NA,ML,NA,Late,Yes,NA,0,68,2026,1,NA,NA,NA,-2.300883573966152,-2.3685414544121293
C06,C,C,Chile,NA,5,68,NA,NA,NA,NA,NA,Spanish,NA,Spanish,NA,NA,NA,Production,Prod-23,NA,NA,NA,NA,NA,NA,cantan y bailan,Grammatical alternative,Clitics,Masculine,Plural,NA,NA,NA,ML,NA,Late,Yes,NA,0,68,2026,NA,NA,NA,NA,-2.300883573966152,-2.3685414544121293
C06,C,C,Chile,NA,5,68,NA,NA,NA,NA,NA,Spanish,NA,Spanish,NA,NA,NA,Production,Prod-25,0,NA,NA,NA,NA,sheet says 1 but it is 0,se toman,Indicative,Clitics,Feminine,Plural,NA,NA,NA,ML,NA,Late,Yes,NA,0,68,2026,NA,NA,NA,NA,-2.300883573966152,-2.3685414544121293
C07,C,C,Chile,NA,6,75,NA,NA,NA,NA,NA,Spanish,NA,Spanish,NA,NA,NA,Production,Prod-03,NA,1,1,NA,NA,NA,lo están pintado,NA,Clitics,Masculine,Singular,NA,NA,NA,ML,NA,Late,Yes,NA,0,75,2026,1,NA,NA,NA,-2.0328102382588877,-2.1212236674839153
C07,C,C,Chile,NA,6,75,NA,NA,NA,NA,NA,Spanish,NA,Spanish,NA,NA,NA,Production,Prod-05,1,NA,NA,NA,NA,NA,la están comiendo,NA,Clitics,Feminine,Singular,NA,NA,NA,ML,NA,Late,Yes,NA,0,75,2026,NA,NA,NA,NA,-2.0328102382588877,-2.1212236674839153
C07,C,C,Chile,NA,6,75,NA,NA,NA,NA,NA,Spanish,NA,Spanish,NA,NA,NA,Production,Prod-07,NA,1,1,NA,NA,NA,lo están contando,Omission,Clitics,Masculine,Plural,NA,NA,NA,ML,NA,Late,Yes,NA,0,75,2026,1,NA,NA,NA,-2.0328102382588877,-2.1212236674839153
C07,C,C,Chile,NA,6,75,NA,NA,NA,NA,NA,Spanish,NA,Spanish,NA,NA,NA,Production,Prod-09,NA,1,0,NA,NA,NA,ponersela,num,Clitics,Feminine,Plural,NA,NA,NA,ML,NA,Late,Yes,NA,0,75,2026,1,NA,NA,NA,-2.0328102382588877,-2.1212236674839153
C07,C,C,Chile,NA,6,75,NA,NA,NA,NA,NA,Spanish,NA,Spanish,NA,NA,NA,Production,Prod-11,NA,1,1,NA,NA,NA,lavandolo,NA,Clitics,Masculine,Singular,NA,NA,NA,ML,NA,Late,Yes,NA,0,75,2026,1,NA,NA,NA,-2.0328102382588877,-2.1212236674839153
C07,C,C,Chile,NA,6,75,NA,NA,NA,NA,NA,Spanish,NA,Spanish,NA,NA,NA,Production,Prod-13,NA,NA,NA,NA,NA,NA,escuchando caciones,Noun,Clitics,Feminine,Singular,NA,NA,NA,ML,NA,Late,Yes,NA,0,75,2026,NA,NA,NA,NA,-2.0328102382588877,-2.1212236674839153
C07,C,C,Chile,NA,6,75,NA,NA,NA,NA,NA,Spanish,NA,Spanish,NA,NA,NA,Production,Prod-15,NA,0,0,NA,NA,NA,la guardan,Gen,Clitics,Masculine,Plural,NA,NA,NA,ML,NA,Late,Yes,NA,0,75,2026,0,NA,NA,NA,-2.0328102382588877,-2.1212236674839153
C07,C,C,Chile,NA,6,75,NA,NA,NA,NA,NA,Spanish,NA,Spanish,NA,NA,NA,Production,Prod-17,NA,1,0,NA,NA,NA,la están comiendo,num,Clitics,Feminine,Plural,NA,NA,NA,ML,NA,Late,Yes,NA,0,75,2026,1,NA,NA,NA,-2.0328102382588877,-2.1212236674839153
C07,C,C,Chile,NA,6,75,NA,NA,NA,NA,NA,Spanish,NA,Spanish,NA,NA,NA,Production,Prod-19,NA,NA,NA,NA,NA,NA,están cocinando,Omission,Clitics,Masculine,Singular,NA,NA,NA,ML,NA,Late,Yes,NA,0,75,2026,NA,NA,NA,NA,-2.0328102382588877,-2.1212236674839153
C07,C,C,Chile,NA,6,75,NA,NA,NA,NA,NA,Spanish,NA,Spanish,NA,NA,NA,Production,Prod-21,NA,NA,NA,NA,NA,NA,quieren entrar,Grammatical alternative,Clitics,Feminine,Singular,NA,NA,NA,ML,NA,Late,Yes,NA,0,75,2026,NA,NA,NA,NA,-2.0328102382588877,-2.1212236674839153
C07,C,C,Chile,NA,6,75,NA,NA,NA,NA,NA,Spanish,NA,Spanish,NA,NA,NA,Production,Prod-23,NA,NA,NA,NA,NA,NA,cantando,Grammatical alternative,Clitics,Masculine,Plural,NA,NA,NA,ML,NA,Late,Yes,NA,0,75,2026,NA,NA,NA,NA,-2.0328102382588877,-2.1212236674839153
C07,C,C,Chile,NA,6,75,NA,NA,NA,NA,NA,Spanish,NA,Spanish,NA,NA,NA,Production,Prod-25,NA,NA,NA,NA,NA,NA,se están tapando,Grammatical alternative,Clitics,Feminine,Plural,NA,NA,NA,ML,NA,Late,Yes,NA,0,75,2026,NA,NA,NA,NA,-2.0328102382588877,-2.1212236674839153
C08,C,C,Chile,2,7,95,NA,NA,NA,NA,NA,Spanish,NA,Spanish,NA,NA,NA,Production,Prod-03,NA,1,1,NA,NA,NA,rebentandolo,NA,Clitics,Masculine,Singular,NA,NA,NA,ML,2nd,Late,Yes,NA,0,95,2026,1,NA,NA,NA,-1.2668864219524187,-1.41460141911759
C08,C,C,Chile,2,7,95,NA,NA,NA,NA,NA,Spanish,NA,Spanish,NA,NA,NA,Production,Prod-05,NA,1,1,NA,NA,NA,comiendola,NA,Clitics,Feminine,Singular,NA,NA,NA,ML,2nd,Late,Yes,NA,0,95,2026,1,NA,NA,NA,-1.2668864219524187,-1.41460141911759
C08,C,C,Chile,2,7,95,NA,NA,NA,NA,NA,Spanish,NA,Spanish,NA,NA,NA,Production,Prod-07,NA,NA,NA,NA,NA,NA,contando,Omission,Clitics,Masculine,Plural,NA,NA,NA,ML,2nd,Late,Yes,NA,0,95,2026,NA,NA,NA,NA,-1.2668864219524187,-1.41460141911759
C08,C,C,Chile,2,7,95,NA,NA,NA,NA,NA,Spanish,NA,Spanish,NA,NA,NA,Production,Prod-09,NA,1,1,NA,NA,NA,se la están sacando,NA,Clitics,Feminine,Plural,NA,NA,NA,ML,2nd,Late,Yes,NA,0,95,2026,1,NA,NA,NA,-1.2668864219524187,-1.41460141911759
C08,C,C,Chile,2,7,95,NA,NA,NA,NA,NA,Spanish,NA,Spanish,NA,NA,NA,Production,Prod-11,NA,1,1,NA,NA,NA,bañándolo,NA,Clitics,Masculine,Singular,NA,NA,NA,ML,2nd,Late,Yes,NA,0,95,2026,1,NA,NA,NA,-1.2668864219524187,-1.41460141911759
C08,C,C,Chile,2,7,95,NA,NA,NA,NA,NA,Spanish,NA,Spanish,NA,NA,NA,Production,Prod-13,NA,1,1,NA,NA,NA,escuchándola,NA,Clitics,Feminine,Singular,NA,NA,NA,ML,2nd,Late,Yes,NA,0,95,2026,1,NA,NA,NA,-1.2668864219524187,-1.41460141911759
C08,C,C,Chile,2,7,95,NA,NA,NA,NA,NA,Spanish,NA,Spanish,NA,NA,NA,Production,Prod-15,NA,1,1,NA,NA,NA,agarrándolos,NA,Clitics,Masculine,Plural,NA,NA,NA,ML,2nd,Late,Yes,NA,0,95,2026,1,NA,NA,NA,-1.2668864219524187,-1.41460141911759
C08,C,C,Chile,2,7,95,NA,NA,NA,NA,NA,Spanish,NA,Spanish,NA,NA,NA,Production,Prod-17,NA,1,1,NA,NA,NA,comiéndolas,NA,Clitics,Feminine,Plural,NA,NA,NA,ML,2nd,Late,Yes,NA,0,95,2026,1,NA,NA,NA,-1.2668864219524187,-1.41460141911759
C08,C,C,Chile,2,7,95,NA,NA,NA,NA,NA,Spanish,NA,Spanish,NA,NA,NA,Production,Prod-19,NA,1,1,NA,NA,NA,cocinándolo,NA,Clitics,Masculine,Singular,NA,NA,NA,ML,2nd,Late,Yes,NA,0,95,2026,1,NA,NA,NA,-1.2668864219524187,-1.41460141911759
C08,C,C,Chile,2,7,95,NA,NA,NA,NA,NA,Spanish,NA,Spanish,NA,NA,NA,Production,Prod-21,NA,1,1,NA,NA,NA,abriéndola y cerrándola,NA,Clitics,Feminine,Singular,NA,NA,NA,ML,2nd,Late,Yes,NA,0,95,2026,1,NA,NA,NA,-1.2668864219524187,-1.41460141911759
C08,C,C,Chile,2,7,95,NA,NA,NA,NA,NA,Spanish,NA,Spanish,NA,NA,NA,Production,Prod-23,NA,1,1,NA,NA,NA,tocándolos,NA,Clitics,Masculine,Plural,NA,NA,NA,ML,2nd,Late,Yes,NA,0,95,2026,1,NA,NA,NA,-1.2668864219524187,-1.41460141911759
C08,C,C,Chile,2,7,95,NA,NA,NA,NA,NA,Spanish,NA,Spanish,NA,NA,NA,Production,Prod-25,NA,1,1,NA,NA,NA,poniéndoselas,NA,Clitics,Feminine,Plural,NA,NA,NA,ML,2nd,Late,Yes,NA,0,95,2026,1,NA,NA,NA,-1.2668864219524187,-1.41460141911759
C09,C,C,Chile,1,7,88,NA,NA,NA,NA,NA,Spanish,NA,Spanish,NA,NA,NA,Production,Prod-03,NA,1,1,NA,NA,NA,explotándolo,NA,Clitics,Masculine,Singular,NA,NA,NA,ML,2nd,Late,Yes,NA,0,88,2026,1,NA,NA,NA,-1.534959757659683,-1.661919206045804
C09,C,C,Chile,1,7,88,NA,NA,NA,NA,NA,Spanish,NA,Spanish,NA,NA,NA,Production,Prod-05,NA,1,1,NA,NA,NA,comiéndola,NA,Clitics,Feminine,Singular,NA,NA,NA,ML,2nd,Late,Yes,NA,0,88,2026,1,NA,NA,NA,-1.534959757659683,-1.661919206045804
C09,C,C,Chile,1,7,88,NA,NA,NA,NA,NA,Spanish,NA,Spanish,NA,NA,NA,Production,Prod-07,NA,1,1,NA,NA,NA,contándolos,NA,Clitics,Masculine,Plural,NA,NA,NA,ML,2nd,Late,Yes,NA,0,88,2026,1,NA,NA,NA,-1.534959757659683,-1.661919206045804
C09,C,C,Chile,1,7,88,NA,NA,NA,NA,NA,Spanish,NA,Spanish,NA,NA,NA,Production,Prod-09,NA,1,1,NA,NA,NA,colocándoselas,NA,Clitics,Feminine,Plural,NA,NA,NA,ML,2nd,Late,Yes,NA,0,88,2026,1,NA,NA,NA,-1.534959757659683,-1.661919206045804
C09,C,C,Chile,1,7,88,NA,NA,NA,NA,NA,Spanish,NA,Spanish,NA,NA,NA,Production,Prod-11,NA,1,1,NA,NA,NA,bañándolo,NA,Clitics,Masculine,Singular,NA,NA,NA,ML,2nd,Late,Yes,NA,0,88,2026,1,NA,NA,NA,-1.534959757659683,-1.661919206045804
C09,C,C,Chile,1,7,88,NA,NA,NA,NA,NA,Spanish,NA,Spanish,NA,NA,NA,Production,Prod-13,NA,1,1,NA,NA,NA,escuchándola,NA,Clitics,Feminine,Singular,NA,NA,NA,ML,2nd,Late,Yes,NA,0,88,2026,1,NA,NA,NA,-1.534959757659683,-1.661919206045804
C09,C,C,Chile,1,7,88,NA,NA,NA,NA,NA,Spanish,NA,Spanish,NA,NA,NA,Production,Prod-15,NA,1,1,NA,NA,NA,dejándolos arriba,NA,Clitics,Masculine,Plural,NA,NA,NA,ML,2nd,Late,Yes,NA,0,88,2026,1,NA,NA,NA,-1.534959757659683,-1.661919206045804
C09,C,C,Chile,1,7,88,NA,NA,NA,NA,NA,Spanish,NA,Spanish,NA,NA,NA,Production,Prod-17,NA,1,1,NA,NA,NA,comiéndoselos,NA,Clitics,Feminine,Plural,NA,NA,NA,ML,2nd,Late,Yes,NA,0,88,2026,1,NA,NA,NA,-1.534959757659683,-1.661919206045804
C09,C,C,Chile,1,7,88,NA,NA,NA,NA,NA,Spanish,NA,Spanish,NA,NA,NA,Production,Prod-19,NA,1,1,NA,NA,NA,cocinándolo,NA,Clitics,Masculine,Singular,NA,NA,NA,ML,2nd,Late,Yes,NA,0,88,2026,1,NA,NA,NA,-1.534959757659683,-1.661919206045804
C09,C,C,Chile,1,7,88,NA,NA,NA,NA,NA,Spanish,NA,Spanish,NA,NA,NA,Production,Prod-21,NA,1,1,NA,NA,NA,cerrándola,NA,Clitics,Feminine,Singular,NA,NA,NA,ML,2nd,Late,Yes,NA,0,88,2026,1,NA,NA,NA,-1.534959757659683,-1.661919206045804
C09,C,C,Chile,1,7,88,NA,NA,NA,NA,NA,Spanish,NA,Spanish,NA,NA,NA,Production,Prod-23,NA,1,0,NA,NA,NA,tocándolo,NA,Clitics,Masculine,Plural,NA,NA,NA,ML,2nd,Late,Yes,NA,0,88,2026,1,NA,NA,NA,-1.534959757659683,-1.661919206045804
C09,C,C,Chile,1,7,88,NA,NA,NA,NA,NA,Spanish,NA,Spanish,NA,NA,NA,Production,Prod-25,NA,1,1,NA,NA,NA,colocándoselas,NA,Clitics,Feminine,Plural,NA,NA,NA,ML,2nd,Late,Yes,NA,0,88,2026,1,NA,NA,NA,-1.534959757659683,-1.661919206045804
C10,C,C,Chile,7,13,157,NA,NA,NA,NA,NA,Spanish,NA,Spanish,NA,NA,NA,Production,Prod-03,NA,1,1,NA,NA,NA,lo están rebentando,NA,Clitics,Masculine,Singular,NA,NA,NA,ML,7th/8th,Late,Yes,NA,0,157,2026,1,NA,NA,NA,1.107477408597635,0.7759275508180193
C10,C,C,Chile,7,13,157,NA,NA,NA,NA,NA,Spanish,NA,Spanish,NA,NA,NA,Production,Prod-05,1,NA,NA,NA,NA,NA,la están cortando,NA,Clitics,Feminine,Singular,NA,NA,NA,ML,7th/8th,Late,Yes,NA,0,157,2026,NA,NA,NA,NA,1.107477408597635,0.7759275508180193
C10,C,C,Chile,7,13,157,NA,NA,NA,NA,NA,Spanish,NA,Spanish,NA,NA,NA,Production,Prod-07,0,NA,NA,NA,NA,NA,están contando,Omission,Clitics,Masculine,Plural,NA,NA,NA,ML,7th/8th,Late,Yes,NA,0,157,2026,NA,NA,NA,NA,1.107477408597635,0.7759275508180193
C10,C,C,Chile,7,13,157,NA,NA,NA,NA,NA,Spanish,NA,Spanish,NA,NA,NA,Production,Prod-09,NA,1,0,NA,NA,NA,se la están sacando,NA,Clitics,Feminine,Plural,NA,NA,NA,ML,7th/8th,Late,Yes,NA,0,157,2026,1,NA,NA,NA,1.107477408597635,0.7759275508180193
C10,C,C,Chile,7,13,157,NA,NA,NA,NA,NA,Spanish,NA,Spanish,NA,NA,NA,Production,Prod-11,NA,1,1,NA,NA,NA,lo están bañando,NA,Clitics,Masculine,Singular,NA,NA,NA,ML,7th/8th,Late,Yes,NA,0,157,2026,1,NA,NA,NA,1.107477408597635,0.7759275508180193
C10,C,C,Chile,7,13,157,NA,NA,NA,NA,NA,Spanish,NA,Spanish,NA,NA,NA,Production,Prod-13,NA,1,1,NA,NA,NA,la están escuchando,NA,Clitics,Feminine,Singular,NA,NA,NA,ML,7th/8th,Late,Yes,NA,0,157,2026,1,NA,NA,NA,1.107477408597635,0.7759275508180193
C10,C,C,Chile,7,13,157,NA,NA,NA,NA,NA,Spanish,NA,Spanish,NA,NA,NA,Production,Prod-15,NA,1,1,NA,NA,NA,los están acomodando,NA,Clitics,Masculine,Plural,NA,NA,NA,ML,7th/8th,Late,Yes,NA,0,157,2026,1,NA,NA,NA,1.107477408597635,0.7759275508180193
C10,C,C,Chile,7,13,157,NA,NA,NA,NA,NA,Spanish,NA,Spanish,NA,NA,NA,Production,Prod-17,NA,1,1,NA,NA,NA,las están comiendo,NA,Clitics,Feminine,Plural,NA,NA,NA,ML,7th/8th,Late,Yes,NA,0,157,2026,1,NA,NA,NA,1.107477408597635,0.7759275508180193
C10,C,C,Chile,7,13,157,NA,NA,NA,NA,NA,Spanish,NA,Spanish,NA,NA,NA,Production,Prod-19,NA,1,1,NA,NA,NA,lo están cocinando,NA,Clitics,Masculine,Singular,NA,NA,NA,ML,7th/8th,Late,Yes,NA,0,157,2026,1,NA,NA,NA,1.107477408597635,0.7759275508180193
C10,C,C,Chile,7,13,157,NA,NA,NA,NA,NA,Spanish,NA,Spanish,NA,NA,NA,Production,Prod-21,NA,1,1,NA,NA,NA,la están cerrando,NA,Clitics,Feminine,Singular,NA,NA,NA,ML,7th/8th,Late,Yes,NA,0,157,2026,1,NA,NA,NA,1.107477408597635,0.7759275508180193
C10,C,C,Chile,7,13,157,NA,NA,NA,NA,NA,Spanish,NA,Spanish,NA,NA,NA,Production,Prod-23,NA,1,1,NA,NA,NA,los están tocando,NA,Clitics,Masculine,Plural,NA,NA,NA,ML,7th/8th,Late,Yes,NA,0,157,2026,1,NA,NA,NA,1.107477408597635,0.7759275508180193
C10,C,C,Chile,7,13,157,NA,NA,NA,NA,NA,Spanish,NA,Spanish,NA,NA,NA,Production,Prod-25,NA,1,0,NA,NA,NA,se la están poniendo,NA,Clitics,Feminine,Plural,NA,NA,NA,ML,7th/8th,Late,Yes,NA,0,157,2026,1,NA,NA,NA,1.107477408597635,0.7759275508180193
C11,C,C,Chile,5,10,131,NA,NA,NA,NA,NA,Spanish,NA,Spanish,NA,NA,NA,Production,Prod-03,NA,1,1,NA,NA,NA,rebentarlo,NA,Clitics,Masculine,Singular,NA,NA,NA,ML,4th/5th,Late,Yes,NA,0,131,2026,1,NA,NA,NA,0.11177644739922535,-0.1426813720582039
C11,C,C,Chile,5,10,131,NA,NA,NA,NA,NA,Spanish,NA,Spanish,NA,NA,NA,Production,Prod-05,NA,1,1,NA,NA,NA,partiéndola y comiéndola,NA,Clitics,Feminine,Singular,NA,NA,NA,ML,4th/5th,Late,Yes,NA,0,131,2026,1,NA,NA,NA,0.11177644739922535,-0.1426813720582039
C11,C,C,Chile,5,10,131,NA,NA,NA,NA,NA,Spanish,NA,Spanish,NA,NA,NA,Production,Prod-07,NA,1,1,NA,NA,NA,contándolos,NA,Clitics,Masculine,Plural,NA,NA,NA,ML,4th/5th,Late,Yes,NA,0,131,2026,1,NA,NA,NA,0.11177644739922535,-0.1426813720582039
C11,C,C,Chile,5,10,131,NA,NA,NA,NA,NA,Spanish,NA,Spanish,NA,NA,NA,Production,Prod-09,NA,1,0,NA,NA,NA,quitándosela,num,Clitics,Feminine,Plural,NA,NA,NA,ML,4th/5th,Late,Yes,NA,0,131,2026,1,NA,NA,NA,0.11177644739922535,-0.1426813720582039
C11,C,C,Chile,5,10,131,NA,NA,NA,NA,NA,Spanish,NA,Spanish,NA,NA,NA,Production,Prod-11,NA,1,1,NA,NA,NA,lavándolo,NA,Clitics,Masculine,Singular,NA,NA,NA,ML,4th/5th,Late,Yes,NA,0,131,2026,1,NA,NA,NA,0.11177644739922535,-0.1426813720582039
C11,C,C,Chile,5,10,131,NA,NA,NA,NA,NA,Spanish,NA,Spanish,NA,NA,NA,Production,Prod-13,NA,1,1,NA,NA,NA,escuchándola,NA,Clitics,Feminine,Singular,NA,NA,NA,ML,4th/5th,Late,Yes,NA,0,131,2026,1,NA,NA,NA,0.11177644739922535,-0.1426813720582039
C11,C,C,Chile,5,10,131,NA,NA,NA,NA,NA,Spanish,NA,Spanish,NA,NA,NA,Production,Prod-15,NA,1,1,NA,NA,NA,colocarlos en la mesa,NA,Clitics,Masculine,Plural,NA,NA,NA,ML,4th/5th,Late,Yes,NA,0,131,2026,1,NA,NA,NA,0.11177644739922535,-0.1426813720582039
C11,C,C,Chile,5,10,131,NA,NA,NA,NA,NA,Spanish,NA,Spanish,NA,NA,NA,Production,Prod-17,NA,1,1,NA,NA,NA,comiéndolas,NA,Clitics,Feminine,Plural,NA,NA,NA,ML,4th/5th,Late,Yes,NA,0,131,2026,1,NA,NA,NA,0.11177644739922535,-0.1426813720582039
C11,C,C,Chile,5,10,131,NA,NA,NA,NA,NA,Spanish,NA,Spanish,NA,NA,NA,Production,Prod-19,NA,1,1,NA,NA,NA,friéndolo,NA,Clitics,Masculine,Singular,NA,NA,NA,ML,4th/5th,Late,Yes,NA,0,131,2026,1,NA,NA,NA,0.11177644739922535,-0.1426813720582039
C11,C,C,Chile,5,10,131,NA,NA,NA,NA,NA,Spanish,NA,Spanish,NA,NA,NA,Production,Prod-21,NA,1,1,NA,NA,NA,cerrándola,NA,Clitics,Feminine,Singular,NA,NA,NA,ML,4th/5th,Late,Yes,NA,0,131,2026,1,NA,NA,NA,0.11177644739922535,-0.1426813720582039
C11,C,C,Chile,5,10,131,NA,NA,NA,NA,NA,Spanish,NA,Spanish,NA,NA,NA,Production,Prod-23,NA,1,1,NA,NA,NA,usándolos,NA,Clitics,Masculine,Plural,NA,NA,NA,ML,4th/5th,Late,Yes,NA,0,131,2026,1,NA,NA,NA,0.11177644739922535,-0.1426813720582039
C11,C,C,Chile,5,10,131,NA,NA,NA,NA,NA,Spanish,NA,Spanish,NA,NA,NA,Production,Prod-25,NA,1,1,NA,NA,NA,se las ponen,NA,Clitics,Feminine,Plural,NA,NA,NA,ML,4th/5th,Late,Yes,NA,0,131,2026,1,NA,NA,NA,0.11177644739922535,-0.1426813720582039
C12,C,C,Chile,2,7,90,NA,NA,NA,NA,NA,Spanish,NA,Spanish,NA,NA,NA,Production,Prod-03,NA,1,1,NA,NA,NA,lo están rebentando,NA,Clitics,Masculine,Singular,NA,NA,NA,ML,2nd,Late,Yes,NA,0,90,2026,1,NA,NA,NA,-1.458367376029036,-1.5912569812091713
C12,C,C,Chile,2,7,90,NA,NA,NA,NA,NA,Spanish,NA,Spanish,NA,NA,NA,Production,Prod-05,NA,1,1,NA,NA,NA,se la están comiendo,NA,Clitics,Feminine,Singular,NA,NA,NA,ML,2nd,Late,Yes,NA,0,90,2026,1,NA,NA,NA,-1.458367376029036,-1.5912569812091713
C12,C,C,Chile,2,7,90,NA,NA,NA,NA,NA,Spanish,NA,Spanish,NA,NA,NA,Production,Prod-07,NA,NA,NA,NA,NA,NA,contando,Omission,Clitics,Masculine,Plural,NA,NA,NA,ML,2nd,Late,Yes,NA,0,90,2026,NA,NA,NA,NA,-1.458367376029036,-1.5912569812091713
C12,C,C,Chile,2,7,90,NA,NA,NA,NA,NA,Spanish,NA,Spanish,NA,NA,NA,Production,Prod-09,NA,1,0,NA,NA,NA,se la están colocando,num,Clitics,Feminine,Plural,NA,NA,NA,ML,2nd,Late,Yes,NA,0,90,2026,1,NA,NA,NA,-1.458367376029036,-1.5912569812091713
C12,C,C,Chile,2,7,90,NA,NA,NA,NA,NA,Spanish,NA,Spanish,NA,NA,NA,Production,Prod-11,NA,1,1,NA,NA,NA,lo están bañando,NA,Clitics,Masculine,Singular,NA,NA,NA,ML,2nd,Late,Yes,NA,0,90,2026,1,NA,NA,NA,-1.458367376029036,-1.5912569812091713
C12,C,C,Chile,2,7,90,NA,NA,NA,NA,NA,Spanish,NA,Spanish,NA,NA,NA,Production,Prod-13,NA,1,1,NA,NA,NA,la están escuchando,NA,Clitics,Feminine,Singular,NA,NA,NA,ML,2nd,Late,Yes,NA,0,90,2026,1,NA,NA,NA,-1.458367376029036,-1.5912569812091713
C12,C,C,Chile,2,7,90,NA,NA,NA,NA,NA,Spanish,NA,Spanish,NA,NA,NA,Production,Prod-15,NA,1,1,NA,NA,NA,los dejan sobre la mesa,NA,Clitics,Masculine,Plural,NA,NA,NA,ML,2nd,Late,Yes,NA,0,90,2026,1,NA,NA,NA,-1.458367376029036,-1.5912569812091713
C12,C,C,Chile,2,7,90,NA,NA,NA,NA,NA,Spanish,NA,Spanish,NA,NA,NA,Production,Prod-17,NA,1,1,NA,NA,NA,se lah están comiendo,NA,Clitics,Feminine,Plural,NA,NA,NA,ML,2nd,Late,Yes,NA,0,90,2026,1,NA,NA,NA,-1.458367376029036,-1.5912569812091713
C12,C,C,Chile,2,7,90,NA,NA,NA,NA,NA,Spanish,NA,Spanish,NA,NA,NA,Production,Prod-19,NA,1,1,NA,NA,NA,lo están cocinando,NA,Clitics,Masculine,Singular,NA,NA,NA,ML,2nd,Late,Yes,NA,0,90,2026,1,NA,NA,NA,-1.458367376029036,-1.5912569812091713
C12,C,C,Chile,2,7,90,NA,NA,NA,NA,NA,Spanish,NA,Spanish,NA,NA,NA,Production,Prod-21,NA,1,1,NA,NA,NA,la abrieron,NA,Clitics,Feminine,Singular,NA,NA,NA,ML,2nd,Late,Yes,NA,0,90,2026,1,NA,NA,NA,-1.458367376029036,-1.5912569812091713
C12,C,C,Chile,2,7,90,NA,NA,NA,NA,NA,Spanish,NA,Spanish,NA,NA,NA,Production,Prod-23,NA,1,1,NA,NA,NA,loh están tocando,NA,Clitics,Masculine,Plural,NA,NA,NA,ML,2nd,Late,Yes,NA,0,90,2026,1,NA,NA,NA,-1.458367376029036,-1.5912569812091713
C12,C,C,Chile,2,7,90,NA,NA,NA,NA,NA,Spanish,NA,Spanish,NA,NA,NA,Production,Prod-25,NA,1,0,NA,NA,NA,se la están colocando,num,Clitics,Feminine,Plural,NA,NA,NA,ML,2nd,Late,Yes,NA,0,90,2026,1,NA,NA,NA,-1.458367376029036,-1.5912569812091713
C13,C,C,Chile,NA,6,74,NA,NA,NA,NA,NA,Spanish,NA,Spanish,NA,NA,NA,Production,Prod-03,NA,1,1,NA,NA,NA,pinchándolo,NA,Clitics,Masculine,Singular,NA,NA,NA,ML,NA,Late,Yes,NA,0,74,2026,1,NA,NA,NA,-2.071106429074211,-2.1565547799022315
C13,C,C,Chile,NA,6,74,NA,NA,NA,NA,NA,Spanish,NA,Spanish,NA,NA,NA,Production,Prod-05,NA,1,1,NA,NA,NA,partiéndola,NA,Clitics,Feminine,Singular,NA,NA,NA,ML,NA,Late,Yes,NA,0,74,2026,1,NA,NA,NA,-2.071106429074211,-2.1565547799022315
C13,C,C,Chile,NA,6,74,NA,NA,NA,NA,NA,Spanish,NA,Spanish,NA,NA,NA,Production,Prod-07,NA,1,1,NA,NA,NA,contándolos,NA,Clitics,Masculine,Plural,NA,NA,NA,ML,NA,Late,Yes,NA,0,74,2026,1,NA,NA,NA,-2.071106429074211,-2.1565547799022315
C13,C,C,Chile,NA,6,74,NA,NA,NA,NA,NA,Spanish,NA,Spanish,NA,NA,NA,Production,Prod-09,1,NA,NA,NA,NA,NA,colocándoselas,NA,Clitics,Feminine,Plural,NA,NA,NA,ML,NA,Late,Yes,NA,0,74,2026,NA,NA,NA,NA,-2.071106429074211,-2.1565547799022315
C13,C,C,Chile,NA,6,74,NA,NA,NA,NA,NA,Spanish,NA,Spanish,NA,NA,NA,Production,Prod-11,NA,1,1,NA,NA,NA,bañándolo,NA,Clitics,Masculine,Singular,NA,NA,NA,ML,NA,Late,Yes,NA,0,74,2026,1,NA,NA,NA,-2.071106429074211,-2.1565547799022315
C13,C,C,Chile,NA,6,74,NA,NA,NA,NA,NA,Spanish,NA,Spanish,NA,NA,NA,Production,Prod-13,NA,1,1,NA,NA,NA,escuchándola,NA,Clitics,Feminine,Singular,NA,NA,NA,ML,NA,Late,Yes,NA,0,74,2026,1,NA,NA,NA,-2.071106429074211,-2.1565547799022315
C13,C,C,Chile,NA,6,74,NA,NA,NA,NA,NA,Spanish,NA,Spanish,NA,NA,NA,Production,Prod-15,NA,1,1,NA,NA,NA,viéndolos y tomándolos,NA,Clitics,Masculine,Plural,NA,NA,NA,ML,NA,Late,Yes,NA,0,74,2026,1,NA,NA,NA,-2.071106429074211,-2.1565547799022315
C13,C,C,Chile,NA,6,74,NA,NA,NA,NA,NA,Spanish,NA,Spanish,NA,NA,NA,Production,Prod-17,NA,1,1,NA,NA,NA,comiéndoselas,NA,Clitics,Feminine,Plural,NA,NA,NA,ML,NA,Late,Yes,NA,0,74,2026,1,NA,NA,NA,-2.071106429074211,-2.1565547799022315
C13,C,C,Chile,NA,6,74,NA,NA,NA,NA,NA,Spanish,NA,Spanish,NA,NA,NA,Production,Prod-19,NA,1,1,NA,NA,NA,cocinándolo,NA,Clitics,Masculine,Singular,NA,NA,NA,ML,NA,Late,Yes,NA,0,74,2026,1,NA,NA,NA,-2.071106429074211,-2.1565547799022315
C13,C,C,Chile,NA,6,74,NA,NA,NA,NA,NA,Spanish,NA,Spanish,NA,NA,NA,Production,Prod-21,NA,1,1,NA,NA,NA,cerrándola,NA,Clitics,Feminine,Singular,NA,NA,NA,ML,NA,Late,Yes,NA,0,74,2026,1,NA,NA,NA,-2.071106429074211,-2.1565547799022315
C13,C,C,Chile,NA,6,74,NA,NA,NA,NA,NA,Spanish,NA,Spanish,NA,NA,NA,Production,Prod-23,NA,1,1,NA,NA,NA,tocándolos,NA,Clitics,Masculine,Plural,NA,NA,NA,ML,NA,Late,Yes,NA,0,74,2026,1,NA,NA,NA,-2.071106429074211,-2.1565547799022315
C13,C,C,Chile,NA,6,74,NA,NA,NA,NA,NA,Spanish,NA,Spanish,NA,NA,NA,Production,Prod-25,NA,1,1,NA,NA,NA,se las pongan,NA,Clitics,Feminine,Plural,NA,NA,NA,ML,NA,Late,Yes,NA,0,74,2026,1,NA,NA,NA,-2.071106429074211,-2.1565547799022315
C14,C,C,Chile,NA,6,72,NA,NA,NA,NA,NA,Spanish,NA,Spanish,NA,NA,NA,Production,Prod-03,NA,1,1,NA,NA,NA,lo rebentaron,NA,Clitics,Masculine,Singular,NA,NA,NA,ML,NA,Late,Yes,NA,0,72,2026,1,NA,NA,NA,-2.147698810704858,-2.2272170047388644
C14,C,C,Chile,NA,6,72,NA,NA,NA,NA,NA,Spanish,NA,Spanish,NA,NA,NA,Production,Prod-05,NA,1,1,NA,NA,NA,lo están cortando para comerla,"grammar of the first clitic wrong, second good",Clitics,Feminine,Singular,NA,NA,NA,ML,NA,Late,Yes,NA,0,72,2026,1,NA,NA,NA,-2.147698810704858,-2.2272170047388644
C14,C,C,Chile,NA,6,72,NA,NA,NA,NA,NA,Spanish,NA,Spanish,NA,NA,NA,Production,Prod-07,NA,NA,NA,NA,NA,NA,contando el 1 al 11,Grammatical alternative,Clitics,Masculine,Plural,NA,NA,NA,ML,NA,Late,Yes,NA,0,72,2026,NA,NA,NA,NA,-2.147698810704858,-2.2272170047388644
C14,C,C,Chile,NA,6,72,NA,NA,NA,NA,NA,Spanish,NA,Spanish,NA,NA,NA,Production,Prod-09,NA,1,0,NA,NA,NA,se la saca,NA,Clitics,Feminine,Plural,NA,NA,NA,ML,NA,Late,Yes,NA,0,72,2026,1,NA,NA,NA,-2.147698810704858,-2.2272170047388644
C14,C,C,Chile,NA,6,72,NA,NA,NA,NA,NA,Spanish,NA,Spanish,NA,NA,NA,Production,Prod-11,0,NA,NA,NA,NA,NA,bañando,Omission,Clitics,Masculine,Singular,NA,NA,NA,ML,NA,Late,Yes,NA,0,72,2026,NA,NA,NA,NA,-2.147698810704858,-2.2272170047388644
C14,C,C,Chile,NA,6,72,NA,NA,NA,NA,NA,Spanish,NA,Spanish,NA,NA,NA,Production,Prod-13,NA,1,1,NA,NA,NA,la están cantando,NA,Clitics,Feminine,Singular,NA,NA,NA,ML,NA,Late,Yes,NA,0,72,2026,1,NA,NA,NA,-2.147698810704858,-2.2272170047388644
C14,C,C,Chile,NA,6,72,NA,NA,NA,NA,NA,Spanish,NA,Spanish,NA,NA,NA,Production,Prod-15,NA,1,0,NA,NA,NA,lo están dejando en la mesa,num,Clitics,Masculine,Plural,NA,NA,NA,ML,NA,Late,Yes,NA,0,72,2026,1,NA,NA,NA,-2.147698810704858,-2.2272170047388644
C14,C,C,Chile,NA,6,72,NA,NA,NA,NA,NA,Spanish,NA,Spanish,NA,NA,NA,Production,Prod-17,NA,1,0,NA,NA,NA,la están comiendo,num,Clitics,Feminine,Plural,NA,NA,NA,ML,NA,Late,Yes,NA,0,72,2026,1,NA,NA,NA,-2.147698810704858,-2.2272170047388644
C14,C,C,Chile,NA,6,72,NA,NA,NA,NA,NA,Spanish,NA,Spanish,NA,NA,NA,Production,Prod-19,NA,1,1,NA,NA,NA,lo están cocinando,NA,Clitics,Masculine,Singular,NA,NA,NA,ML,NA,Late,Yes,NA,0,72,2026,1,NA,NA,NA,-2.147698810704858,-2.2272170047388644
C14,C,C,Chile,NA,6,72,NA,NA,NA,NA,NA,Spanish,NA,Spanish,NA,NA,NA,Production,Prod-21,NA,1,1,NA,NA,NA,lo abren y la cierran,gender in the first clitic,Clitics,Feminine,Singular,NA,NA,NA,ML,NA,Late,Yes,NA,0,72,2026,1,NA,NA,NA,-2.147698810704858,-2.2272170047388644
C14,C,C,Chile,NA,6,72,NA,NA,NA,NA,NA,Spanish,NA,Spanish,NA,NA,NA,Production,Prod-23,NA,1,0,NA,NA,NA,lo dejan en su lugar,num,Clitics,Masculine,Plural,NA,NA,NA,ML,NA,Late,Yes,NA,0,72,2026,1,NA,NA,NA,-2.147698810704858,-2.2272170047388644
C14,C,C,Chile,NA,6,72,NA,NA,NA,NA,NA,Spanish,NA,Spanish,NA,NA,NA,Production,Prod-25,NA,1,0,NA,NA,NA,se la colocan,num,Clitics,Feminine,Plural,NA,NA,NA,ML,NA,Late,Yes,NA,0,72,2026,1,NA,NA,NA,-2.147698810704858,-2.2272170047388644
C15,C,C,Chile,5,11,136,NA,NA,NA,NA,NA,Spanish,NA,Spanish,NA,NA,NA,Production,Prod-03,NA,1,1,NA,NA,NA,lo rebientan,NA,Clitics,Masculine,Singular,NA,NA,NA,ML,4th/5th,Late,Yes,NA,0,136,2026,1,NA,NA,NA,0.3032574014758426,0.0339741900333775
C15,C,C,Chile,5,11,136,NA,NA,NA,NA,NA,Spanish,NA,Spanish,NA,NA,NA,Production,Prod-05,NA,1,1,NA,NA,NA,se la comen,NA,Clitics,Feminine,Singular,NA,NA,NA,ML,4th/5th,Late,Yes,NA,0,136,2026,1,NA,NA,NA,0.3032574014758426,0.0339741900333775
C15,C,C,Chile,5,11,136,NA,NA,NA,NA,NA,Spanish,NA,Spanish,NA,NA,NA,Production,Prod-07,NA,NA,NA,NA,NA,NA,contar,Omission,Clitics,Masculine,Plural,NA,NA,NA,ML,4th/5th,Late,Yes,NA,0,136,2026,NA,NA,NA,NA,0.3032574014758426,0.0339741900333775
C15,C,C,Chile,5,11,136,NA,NA,NA,NA,NA,Spanish,NA,Spanish,NA,NA,NA,Production,Prod-09,NA,1,1,NA,NA,NA,se las sacan,NA,Clitics,Feminine,Plural,NA,NA,NA,ML,4th/5th,Late,Yes,NA,0,136,2026,1,NA,NA,NA,0.3032574014758426,0.0339741900333775
C15,C,C,Chile,5,11,136,NA,NA,NA,NA,NA,Spanish,NA,Spanish,NA,NA,NA,Production,Prod-11,NA,1,1,NA,NA,NA,lo bañan,NA,Clitics,Masculine,Singular,NA,NA,NA,ML,4th/5th,Late,Yes,NA,0,136,2026,1,NA,NA,NA,0.3032574014758426,0.0339741900333775
C15,C,C,Chile,5,11,136,NA,NA,NA,NA,NA,Spanish,NA,Spanish,NA,NA,NA,Production,Prod-13,NA,1,1,NA,NA,NA,la escuchan,NA,Clitics,Feminine,Singular,NA,NA,NA,ML,4th/5th,Late,Yes,NA,0,136,2026,1,NA,NA,NA,0.3032574014758426,0.0339741900333775
C15,C,C,Chile,5,11,136,NA,NA,NA,NA,NA,Spanish,NA,Spanish,NA,NA,NA,Production,Prod-15,NA,1,1,NA,NA,NA,los apilan,NA,Clitics,Masculine,Plural,NA,NA,NA,ML,4th/5th,Late,Yes,NA,0,136,2026,1,NA,NA,NA,0.3032574014758426,0.0339741900333775
C15,C,C,Chile,5,11,136,NA,NA,NA,NA,NA,Spanish,NA,Spanish,NA,NA,NA,Production,Prod-17,NA,1,1,NA,NA,NA,se las comen,NA,Clitics,Feminine,Plural,NA,NA,NA,ML,4th/5th,Late,Yes,NA,0,136,2026,1,NA,NA,NA,0.3032574014758426,0.0339741900333775
C15,C,C,Chile,5,11,136,NA,NA,NA,NA,NA,Spanish,NA,Spanish,NA,NA,NA,Production,Prod-19,NA,1,1,NA,NA,NA,lo cocinan,NA,Clitics,Masculine,Singular,NA,NA,NA,ML,4th/5th,Late,Yes,NA,0,136,2026,1,NA,NA,NA,0.3032574014758426,0.0339741900333775
C15,C,C,Chile,5,11,136,NA,NA,NA,NA,NA,Spanish,NA,Spanish,NA,NA,NA,Production,Prod-21,NA,1,1,NA,NA,NA,la cierra,NA,Clitics,Feminine,Singular,NA,NA,NA,ML,4th/5th,Late,Yes,NA,0,136,2026,1,NA,NA,NA,0.3032574014758426,0.0339741900333775
C15,C,C,Chile,5,11,136,NA,NA,NA,NA,NA,Spanish,NA,Spanish,NA,NA,NA,Production,Prod-23,1,NA,NA,NA,NA,NA,tocan música,Omission,Clitics,Masculine,Plural,NA,NA,NA,ML,4th/5th,Late,Yes,NA,0,136,2026,NA,NA,NA,NA,0.3032574014758426,0.0339741900333775
C15,C,C,Chile,5,11,136,NA,NA,NA,NA,NA,Spanish,NA,Spanish,NA,NA,NA,Production,Prod-25,NA,1,1,NA,NA,NA,se las ponen,NA,Clitics,Feminine,Plural,NA,NA,NA,ML,4th/5th,Late,Yes,NA,0,136,2026,1,NA,NA,NA,0.3032574014758426,0.0339741900333775
C16,C,C,Chile,2,7,90,NA,NA,NA,NA,NA,Spanish,NA,Spanish,NA,NA,NA,Production,Prod-03,NA,1,1,NA,NA,NA,los pinchan,NA,Clitics,Masculine,Singular,NA,NA,NA,ML,2nd,Late,Yes,NA,0,90,2026,1,NA,NA,NA,-1.458367376029036,-1.5912569812091713
C16,C,C,Chile,2,7,90,NA,NA,NA,NA,NA,Spanish,NA,Spanish,NA,NA,NA,Production,Prod-05,NA,1,1,NA,NA,NA,se la están comiendo,NA,Clitics,Feminine,Singular,NA,NA,NA,ML,2nd,Late,Yes,NA,0,90,2026,1,NA,NA,NA,-1.458367376029036,-1.5912569812091713
C16,C,C,Chile,2,7,90,NA,NA,NA,NA,NA,Spanish,NA,Spanish,NA,NA,NA,Production,Prod-07,NA,1,1,NA,NA,NA,están contándolos,NA,Clitics,Masculine,Plural,NA,NA,NA,ML,2nd,Late,Yes,NA,0,90,2026,1,NA,NA,NA,-1.458367376029036,-1.5912569812091713
C16,C,C,Chile,2,7,90,NA,NA,NA,NA,NA,Spanish,NA,Spanish,NA,NA,NA,Production,Prod-09,NA,1,0,NA,NA,NA,se la ponen,num,Clitics,Feminine,Plural,NA,NA,NA,ML,2nd,Late,Yes,NA,0,90,2026,1,NA,NA,NA,-1.458367376029036,-1.5912569812091713
C16,C,C,Chile,2,7,90,NA,NA,NA,NA,NA,Spanish,NA,Spanish,NA,NA,NA,Production,Prod-11,NA,1,1,NA,NA,NA,lo están bañando,NA,Clitics,Masculine,Singular,NA,NA,NA,ML,2nd,Late,Yes,NA,0,90,2026,1,NA,NA,NA,-1.458367376029036,-1.5912569812091713
C16,C,C,Chile,2,7,90,NA,NA,NA,NA,NA,Spanish,NA,Spanish,NA,NA,NA,Production,Prod-15,NA,1,0,NA,NA,NA,lo taman,Number,Clitics,Masculine,Plural,NA,NA,NA,ML,2nd,Late,Yes,NA,0,90,2026,1,NA,NA,NA,-1.458367376029036,-1.5912569812091713
C16,C,C,Chile,2,7,90,NA,NA,NA,NA,NA,Spanish,NA,Spanish,NA,NA,NA,Production,Prod-17,NA,1,1,NA,NA,NA,se las comen,NA,Clitics,Feminine,Plural,NA,NA,NA,ML,2nd,Late,Yes,NA,0,90,2026,1,NA,NA,NA,-1.458367376029036,-1.5912569812091713
C16,C,C,Chile,2,7,90,NA,NA,NA,NA,NA,Spanish,NA,Spanish,NA,NA,NA,Production,Prod-19,NA,NA,NA,NA,NA,NA,están cocinando,Omission,Clitics,Masculine,Singular,NA,NA,NA,ML,2nd,Late,Yes,NA,0,90,2026,NA,NA,NA,NA,-1.458367376029036,-1.5912569812091713
C16,C,C,Chile,2,7,90,NA,NA,NA,NA,NA,Spanish,NA,Spanish,NA,NA,NA,Production,Prod-21,NA,1,1,NA,NA,NA,la abren y la cierran,NA,Clitics,Feminine,Singular,NA,NA,NA,ML,2nd,Late,Yes,NA,0,90,2026,1,NA,NA,NA,-1.458367376029036,-1.5912569812091713
C16,C,C,Chile,2,7,90,NA,NA,NA,NA,NA,Spanish,NA,Spanish,NA,NA,NA,Production,Prod-23,NA,1,0,NA,NA,NA,lo están tocando,num,Clitics,Masculine,Plural,NA,NA,NA,ML,2nd,Late,Yes,NA,0,90,2026,1,NA,NA,NA,-1.458367376029036,-1.5912569812091713
C16,C,C,Chile,2,7,90,NA,NA,NA,NA,NA,Spanish,NA,Spanish,NA,NA,NA,Production,Prod-25,NA,1,1,NA,NA,NA,se las ponen,NA,Clitics,Feminine,Plural,NA,NA,NA,ML,2nd,Late,Yes,NA,0,90,2026,1,NA,NA,NA,-1.458367376029036,-1.5912569812091713
C17,C,C,Chile,5,11,135,NA,NA,NA,NA,NA,Spanish,NA,Spanish,NA,NA,NA,Production,Prod-05,0,NA,NA,NA,NA,NA,comiendo pizza,noun,Clitics,Feminine,Singular,NA,NA,NA,ML,4th/5th,Late,Yes,NA,0,135,2026,NA,NA,NA,NA,0.26496121066051914,-0.001356922384938782
C17,C,C,Chile,5,11,135,NA,NA,NA,NA,NA,Spanish,NA,Spanish,NA,NA,NA,Production,Prod-07,NA,NA,NA,NA,NA,NA,contando números,noun,Clitics,Masculine,Plural,NA,NA,NA,ML,4th/5th,Late,Yes,NA,0,135,2026,NA,NA,NA,NA,0.26496121066051914,-0.001356922384938782
C17,C,C,Chile,5,11,135,NA,NA,NA,NA,NA,Spanish,NA,Spanish,NA,NA,NA,Production,Prod-13,NA,NA,NA,NA,NA,NA,cantan,Gramamtical alternative,Clitics,Feminine,Singular,NA,NA,NA,ML,4th/5th,Late,Yes,NA,0,135,2026,NA,NA,NA,NA,0.26496121066051914,-0.001356922384938782
C17,C,C,Chile,5,11,135,NA,NA,NA,NA,NA,Spanish,NA,Spanish,NA,NA,NA,Production,Prod-25,NA,1,0,NA,NA,NA,se la colocan,NA,Clitics,Feminine,Plural,NA,NA,NA,ML,4th/5th,Late,Yes,NA,0,135,2026,1,NA,NA,NA,0.26496121066051914,-0.001356922384938782
H01,1,1,L2L 4th/5th,5,NA,129,NA,NA,NA,1,5,NA,3,L2 learner,L2,L2,L2,Selection,FCT-03,1,NA,NA,NA,NA,NA,NA,NA,Clitics,Masculine,Singular,NA,NA,NA,L2L,4th/5th,Late,Yes,6,0,129,2023,1,0.16666666666666666,NA,NA,0.03518406576857845,-0.21334359689483645
H01,1,1,L2L 4th/5th,5,NA,129,NA,NA,NA,1,5,NA,3,L2 learner,L2,L2,L2,Selection,FCT-05,0,NA,NA,NA,NA,NA,NA,NA,Clitics,Feminine,Singular,NA,NA,NA,L2L,4th/5th,Late,Yes,6,0,129,2023,0,0.16666666666666666,NA,NA,0.03518406576857845,-0.21334359689483645
H01,1,1,L2L 4th/5th,5,NA,129,NA,NA,NA,1,5,NA,3,L2 learner,L2,L2,L2,Selection,FCT-07,1,NA,NA,NA,NA,NA,NA,NA,Clitics,Masculine,Plural,NA,NA,NA,L2L,4th/5th,Late,Yes,6,0,129,2023,1,0.16666666666666666,NA,NA,0.03518406576857845,-0.21334359689483645
H01,1,1,L2L 4th/5th,5,NA,129,NA,NA,NA,1,5,NA,3,L2 learner,L2,L2,L2,Selection,FCT-09,0,NA,NA,NA,NA,NA,NA,NA,Clitics,Feminine,Plural,NA,NA,NA,L2L,4th/5th,Late,Yes,6,0,129,2023,0,0.16666666666666666,NA,NA,0.03518406576857845,-0.21334359689483645
H01,1,1,L2L 4th/5th,5,NA,129,NA,NA,NA,1,5,NA,3,L2 learner,L2,L2,L2,Selection,FCT-11,1,NA,NA,NA,NA,NA,NA,NA,Clitics,Masculine,Singular,NA,NA,NA,L2L,4th/5th,Late,Yes,6,0,129,2023,1,0.16666666666666666,NA,NA,0.03518406576857845,-0.21334359689483645
H01,1,1,L2L 4th/5th,5,NA,129,NA,NA,NA,1,5,NA,3,L2 learner,L2,L2,L2,Selection,FCT-13,1,NA,NA,NA,NA,NA,NA,NA,Clitics,Feminine,Singular,NA,NA,NA,L2L,4th/5th,Late,Yes,6,0,129,2023,1,0.16666666666666666,NA,NA,0.03518406576857845,-0.21334359689483645
H01,1,1,L2L 4th/5th,5,NA,129,NA,NA,NA,1,5,NA,3,L2 learner,L2,L2,L2,Selection,FCT-15,0,NA,NA,NA,NA,NA,NA,NA,Clitics,Masculine,Plural,NA,NA,NA,L2L,4th/5th,Late,Yes,6,0,129,2023,0,0.16666666666666666,NA,NA,0.03518406576857845,-0.21334359689483645
H01,1,1,L2L 4th/5th,5,NA,129,NA,NA,NA,1,5,NA,3,L2 learner,L2,L2,L2,Selection,FCT-17,1,NA,NA,NA,NA,NA,NA,NA,Clitics,Feminine,Plural,NA,NA,NA,L2L,4th/5th,Late,Yes,6,0,129,2023,1,0.16666666666666666,NA,NA,0.03518406576857845,-0.21334359689483645
H01,1,1,L2L 4th/5th,5,NA,129,NA,NA,NA,1,5,NA,3,L2 learner,L2,L2,L2,Selection,FCT-19,1,NA,NA,NA,NA,NA,NA,NA,Clitics,Masculine,Singular,NA,NA,NA,L2L,4th/5th,Late,Yes,6,0,129,2023,1,0.16666666666666666,NA,NA,0.03518406576857845,-0.21334359689483645
H01,1,1,L2L 4th/5th,5,NA,129,NA,NA,NA,1,5,NA,3,L2 learner,L2,L2,L2,Selection,FCT-21,1,NA,NA,NA,NA,NA,NA,NA,Clitics,Feminine,Singular,NA,NA,NA,L2L,4th/5th,Late,Yes,6,0,129,2023,1,0.16666666666666666,NA,NA,0.03518406576857845,-0.21334359689483645
H01,1,1,L2L 4th/5th,5,NA,129,NA,NA,NA,1,5,NA,3,L2 learner,L2,L2,L2,Selection,FCT-23,1,NA,NA,NA,NA,NA,NA,NA,Clitics,Masculine,Plural,NA,NA,NA,L2L,4th/5th,Late,Yes,6,0,129,2023,1,0.16666666666666666,NA,NA,0.03518406576857845,-0.21334359689483645
H01,1,1,L2L 4th/5th,5,NA,129,NA,NA,NA,1,5,NA,3,L2 learner,L2,L2,L2,Selection,FCT-25,0,NA,NA,NA,NA,NA,NA,NA,Clitics,Feminine,Plural,NA,NA,NA,L2L,4th/5th,Late,Yes,6,0,129,2023,0,0.16666666666666666,NA,NA,0.03518406576857845,-0.21334359689483645
H02,1,1,L2L 7th/8th,8,NA,175,NA,NA,NA,2,4,NA,8,L2 learner,L2,L2,L2,Selection,FCT-03,0,NA,NA,NA,NA,NA,NA,NA,Clitics,Masculine,Singular,NA,NA,NA,L2L,7th/8th,Late,Yes,6,0,175,2023,0,0.3333333333333333,NA,NA,1.7968088432734572,1.4118875743477124
H02,1,1,L2L 7th/8th,8,NA,175,NA,NA,NA,2,4,NA,8,L2 learner,L2,L2,L2,Selection,FCT-05,0,NA,NA,NA,NA,NA,NA,NA,Clitics,Feminine,Singular,NA,NA,NA,L2L,7th/8th,Late,Yes,6,0,175,2023,0,0.3333333333333333,NA,NA,1.7968088432734572,1.4118875743477124
H02,1,1,L2L 7th/8th,8,NA,175,NA,NA,NA,2,4,NA,8,L2 learner,L2,L2,L2,Selection,FCT-07,1,NA,NA,NA,NA,NA,NA,NA,Clitics,Masculine,Plural,NA,NA,NA,L2L,7th/8th,Late,Yes,6,0,175,2023,1,0.3333333333333333,NA,NA,1.7968088432734572,1.4118875743477124
H02,1,1,L2L 7th/8th,8,NA,175,NA,NA,NA,2,4,NA,8,L2 learner,L2,L2,L2,Selection,FCT-09,1,NA,NA,NA,NA,NA,NA,NA,Clitics,Feminine,Plural,NA,NA,NA,L2L,7th/8th,Late,Yes,6,0,175,2023,1,0.3333333333333333,NA,NA,1.7968088432734572,1.4118875743477124
H02,1,1,L2L 7th/8th,8,NA,175,NA,NA,NA,2,4,NA,8,L2 learner,L2,L2,L2,Selection,FCT-11,0,NA,NA,NA,NA,NA,NA,NA,Clitics,Masculine,Singular,NA,NA,NA,L2L,7th/8th,Late,Yes,6,0,175,2023,0,0.3333333333333333,NA,NA,1.7968088432734572,1.4118875743477124
H02,1,1,L2L 7th/8th,8,NA,175,NA,NA,NA,2,4,NA,8,L2 learner,L2,L2,L2,Selection,FCT-13,1,NA,NA,NA,NA,NA,NA,NA,Clitics,Feminine,Singular,NA,NA,NA,L2L,7th/8th,Late,Yes,6,0,175,2023,1,0.3333333333333333,NA,NA,1.7968088432734572,1.4118875743477124
H02,1,1,L2L 7th/8th,8,NA,175,NA,NA,NA,2,4,NA,8,L2 learner,L2,L2,L2,Selection,FCT-15,0,NA,NA,NA,NA,NA,NA,NA,Clitics,Masculine,Plural,NA,NA,NA,L2L,7th/8th,Late,Yes,6,0,175,2023,0,0.3333333333333333,NA,NA,1.7968088432734572,1.4118875743477124
H02,1,1,L2L 7th/8th,8,NA,175,NA,NA,NA,2,4,NA,8,L2 learner,L2,L2,L2,Selection,FCT-17,1,NA,NA,NA,NA,NA,NA,NA,Clitics,Feminine,Plural,NA,NA,NA,L2L,7th/8th,Late,Yes,6,0,175,2023,1,0.3333333333333333,NA,NA,1.7968088432734572,1.4118875743477124
H02,1,1,L2L 7th/8th,8,NA,175,NA,NA,NA,2,4,NA,8,L2 learner,L2,L2,L2,Selection,FCT-19,1,NA,NA,NA,NA,NA,NA,NA,Clitics,Masculine,Singular,NA,NA,NA,L2L,7th/8th,Late,Yes,6,0,175,2023,1,0.3333333333333333,NA,NA,1.7968088432734572,1.4118875743477124
H02,1,1,L2L 7th/8th,8,NA,175,NA,NA,NA,2,4,NA,8,L2 learner,L2,L2,L2,Selection,FCT-21,1,NA,NA,NA,NA,NA,NA,NA,Clitics,Feminine,Singular,NA,NA,NA,L2L,7th/8th,Late,Yes,6,0,175,2023,1,0.3333333333333333,NA,NA,1.7968088432734572,1.4118875743477124
H02,1,1,L2L 7th/8th,8,NA,175,NA,NA,NA,2,4,NA,8,L2 learner,L2,L2,L2,Selection,FCT-23,1,NA,NA,NA,NA,NA,NA,NA,Clitics,Masculine,Plural,NA,NA,NA,L2L,7th/8th,Late,Yes,6,0,175,2023,1,0.3333333333333333,NA,NA,1.7968088432734572,1.4118875743477124
H02,1,1,L2L 7th/8th,8,NA,175,NA,NA,NA,2,4,NA,8,L2 learner,L2,L2,L2,Selection,FCT-25,0,NA,NA,NA,NA,NA,NA,NA,Clitics,Feminine,Plural,NA,NA,NA,L2L,7th/8th,Late,Yes,6,0,175,2023,0,0.3333333333333333,NA,NA,1.7968088432734572,1.4118875743477124
H03,1,1,L2L 7th/8th,8,14,170,NA,NA,NA,2,4,3,8,Portuguese,No,Yes,Yes,Selection,FCT-03,1,NA,NA,NA,NA,NA,NA,NA,Clitics,Masculine,Singular,NA,NA,NA,L2L,7th/8th,Late,Yes,6,0,170,2023,1,0.3333333333333333,NA,NA,1.6053278891968399,1.2352320122561309
H03,1,1,L2L 7th/8th,8,14,170,NA,NA,NA,2,4,3,8,Portuguese,No,Yes,Yes,Selection,FCT-05,0,NA,NA,NA,NA,NA,NA,NA,Clitics,Feminine,Singular,NA,NA,NA,L2L,7th/8th,Late,Yes,6,0,170,2023,0,0.3333333333333333,NA,NA,1.6053278891968399,1.2352320122561309
H03,1,1,L2L 7th/8th,8,14,170,NA,NA,NA,2,4,3,8,Portuguese,No,Yes,Yes,Selection,FCT-07,0,NA,NA,NA,NA,NA,NA,NA,Clitics,Masculine,Plural,NA,NA,NA,L2L,7th/8th,Late,Yes,6,0,170,2023,0,0.3333333333333333,NA,NA,1.6053278891968399,1.2352320122561309
H03,1,1,L2L 7th/8th,8,14,170,NA,NA,NA,2,4,3,8,Portuguese,No,Yes,Yes,Selection,FCT-09,1,NA,NA,NA,NA,NA,NA,NA,Clitics,Feminine,Plural,NA,NA,NA,L2L,7th/8th,Late,Yes,6,0,170,2023,1,0.3333333333333333,NA,NA,1.6053278891968399,1.2352320122561309
H03,1,1,L2L 7th/8th,8,14,170,NA,NA,NA,2,4,3,8,Portuguese,No,Yes,Yes,Selection,FCT-11,1,NA,NA,NA,NA,NA,NA,NA,Clitics,Masculine,Singular,NA,NA,NA,L2L,7th/8th,Late,Yes,6,0,170,2023,1,0.3333333333333333,NA,NA,1.6053278891968399,1.2352320122561309
H03,1,1,L2L 7th/8th,8,14,170,NA,NA,NA,2,4,3,8,Portuguese,No,Yes,Yes,Selection,FCT-13,1,NA,NA,NA,NA,NA,NA,NA,Clitics,Feminine,Singular,NA,NA,NA,L2L,7th/8th,Late,Yes,6,0,170,2023,1,0.3333333333333333,NA,NA,1.6053278891968399,1.2352320122561309
H03,1,1,L2L 7th/8th,8,14,170,NA,NA,NA,2,4,3,8,Portuguese,No,Yes,Yes,Selection,FCT-15,1,NA,NA,NA,NA,NA,NA,NA,Clitics,Masculine,Plural,NA,NA,NA,L2L,7th/8th,Late,Yes,6,0,170,2023,1,0.3333333333333333,NA,NA,1.6053278891968399,1.2352320122561309
H03,1,1,L2L 7th/8th,8,14,170,NA,NA,NA,2,4,3,8,Portuguese,No,Yes,Yes,Selection,FCT-17,1,NA,NA,NA,NA,NA,NA,NA,Clitics,Feminine,Plural,NA,NA,NA,L2L,7th/8th,Late,Yes,6,0,170,2023,1,0.3333333333333333,NA,NA,1.6053278891968399,1.2352320122561309
H03,1,1,L2L 7th/8th,8,14,170,NA,NA,NA,2,4,3,8,Portuguese,No,Yes,Yes,Selection,FCT-19,1,NA,NA,NA,NA,NA,NA,NA,Clitics,Masculine,Singular,NA,NA,NA,L2L,7th/8th,Late,Yes,6,0,170,2023,1,0.3333333333333333,NA,NA,1.6053278891968399,1.2352320122561309
H03,1,1,L2L 7th/8th,8,14,170,NA,NA,NA,2,4,3,8,Portuguese,No,Yes,Yes,Selection,FCT-21,0,NA,NA,NA,NA,NA,NA,NA,Clitics,Feminine,Singular,NA,NA,NA,L2L,7th/8th,Late,Yes,6,0,170,2023,0,0.3333333333333333,NA,NA,1.6053278891968399,1.2352320122561309
H03,1,1,L2L 7th/8th,8,14,170,NA,NA,NA,2,4,3,8,Portuguese,No,Yes,Yes,Selection,FCT-23,1,NA,NA,NA,NA,NA,NA,NA,Clitics,Masculine,Plural,NA,NA,NA,L2L,7th/8th,Late,Yes,6,0,170,2023,1,0.3333333333333333,NA,NA,1.6053278891968399,1.2352320122561309
H03,1,1,L2L 7th/8th,8,14,170,NA,NA,NA,2,4,3,8,Portuguese,No,Yes,Yes,Selection,FCT-25,1,NA,NA,NA,NA,NA,NA,NA,Clitics,Feminine,Plural,NA,NA,NA,L2L,7th/8th,Late,Yes,6,0,170,2023,1,0.3333333333333333,NA,NA,1.6053278891968399,1.2352320122561309
H04,1,1,L2L 7th/8th,8,NA,166,NA,NA,NA,1,4,NA,8,L2 learner,L2,L2,L2,Selection,FCT-03,1,NA,NA,NA,NA,NA,NA,NA,Clitics,Masculine,Singular,NA,NA,NA,L2L,7th/8th,Late,Yes,5,0,166,2023,1,0.2,NA,NA,1.4521431259355462,1.0939075625828658
H04,1,1,L2L 7th/8th,8,NA,166,NA,NA,NA,1,4,NA,8,L2 learner,L2,L2,L2,Selection,FCT-05,0,NA,NA,NA,NA,NA,NA,NA,Clitics,Feminine,Singular,NA,NA,NA,L2L,7th/8th,Late,Yes,5,0,166,2023,0,0.2,NA,NA,1.4521431259355462,1.0939075625828658
H04,1,1,L2L 7th/8th,8,NA,166,NA,NA,NA,1,4,NA,8,L2 learner,L2,L2,L2,Selection,FCT-07,1,NA,NA,NA,NA,NA,NA,NA,Clitics,Masculine,Plural,NA,NA,NA,L2L,7th/8th,Late,Yes,5,0,166,2023,1,0.2,NA,NA,1.4521431259355462,1.0939075625828658
H04,1,1,L2L 7th/8th,8,NA,166,NA,NA,NA,1,4,NA,8,L2 learner,L2,L2,L2,Selection,FCT-09,1,NA,NA,NA,NA,NA,NA,NA,Clitics,Feminine,Plural,NA,NA,NA,L2L,7th/8th,Late,Yes,5,0,166,2023,1,0.2,NA,NA,1.4521431259355462,1.0939075625828658
H04,1,1,L2L 7th/8th,8,NA,166,NA,NA,NA,1,4,NA,8,L2 learner,L2,L2,L2,Selection,FCT-11,1,NA,NA,NA,NA,NA,NA,NA,Clitics,Masculine,Singular,NA,NA,NA,L2L,7th/8th,Late,Yes,5,0,166,2023,1,0.2,NA,NA,1.4521431259355462,1.0939075625828658
H04,1,1,L2L 7th/8th,8,NA,166,NA,NA,NA,1,4,NA,8,L2 learner,L2,L2,L2,Selection,FCT-13,1,NA,NA,NA,NA,NA,NA,NA,Clitics,Feminine,Singular,NA,NA,NA,L2L,7th/8th,Late,Yes,5,0,166,2023,1,0.2,NA,NA,1.4521431259355462,1.0939075625828658
H04,1,1,L2L 7th/8th,8,NA,166,NA,NA,NA,1,4,NA,8,L2 learner,L2,L2,L2,Selection,FCT-15,1,NA,NA,NA,NA,NA,NA,NA,Clitics,Masculine,Plural,NA,NA,NA,L2L,7th/8th,Late,Yes,5,0,166,2023,1,0.2,NA,NA,1.4521431259355462,1.0939075625828658
H04,1,1,L2L 7th/8th,8,NA,166,NA,NA,NA,1,4,NA,8,L2 learner,L2,L2,L2,Selection,FCT-17,1,NA,NA,NA,NA,NA,NA,NA,Clitics,Feminine,Plural,NA,NA,NA,L2L,7th/8th,Late,Yes,5,0,166,2023,1,0.2,NA,NA,1.4521431259355462,1.0939075625828658
H04,1,1,L2L 7th/8th,8,NA,166,NA,NA,NA,1,4,NA,8,L2 learner,L2,L2,L2,Selection,FCT-19,1,NA,NA,NA,NA,NA,NA,NA,Clitics,Masculine,Singular,NA,NA,NA,L2L,7th/8th,Late,Yes,5,0,166,2023,1,0.2,NA,NA,1.4521431259355462,1.0939075625828658
H04,1,1,L2L 7th/8th,8,NA,166,NA,NA,NA,1,4,NA,8,L2 learner,L2,L2,L2,Selection,FCT-21,1,NA,NA,NA,NA,NA,NA,NA,Clitics,Feminine,Singular,NA,NA,NA,L2L,7th/8th,Late,Yes,5,0,166,2023,1,0.2,NA,NA,1.4521431259355462,1.0939075625828658
H04,1,1,L2L 7th/8th,8,NA,166,NA,NA,NA,1,4,NA,8,L2 learner,L2,L2,L2,Selection,FCT-23,1,NA,NA,NA,NA,NA,NA,NA,Clitics,Masculine,Plural,NA,NA,NA,L2L,7th/8th,Late,Yes,5,0,166,2023,1,0.2,NA,NA,1.4521431259355462,1.0939075625828658
H04,1,1,L2L 7th/8th,8,NA,166,NA,NA,NA,1,4,NA,8,L2 learner,L2,L2,L2,Selection,FCT-25,0,NA,NA,NA,NA,NA,NA,NA,Clitics,Feminine,Plural,NA,NA,NA,L2L,7th/8th,Late,Yes,5,0,166,2023,0,0.2,NA,NA,1.4521431259355462,1.0939075625828658
H05,1,1,HS 7th/8th,8,NA,174,NA,NA,NA,2,6,NA,8,Heritage Spanish,NA,NA,NA,Selection,FCT-03,0,NA,NA,NA,NA,NA,NA,NA,Clitics,Masculine,Singular,NA,NA,NA,HS,7th/8th,Late,Yes,8,0,174,2023,0,0.25,NA,NA,1.7585126524581336,1.376556461929396
H05,1,1,HS 7th/8th,8,NA,174,NA,NA,NA,2,6,NA,8,Heritage Spanish,NA,NA,NA,Selection,FCT-05,0,NA,NA,NA,NA,NA,NA,NA,Clitics,Feminine,Singular,NA,NA,NA,HS,7th/8th,Late,Yes,8,0,174,2023,0,0.25,NA,NA,1.7585126524581336,1.376556461929396
H05,1,1,HS 7th/8th,8,NA,174,NA,NA,NA,2,6,NA,8,Heritage Spanish,NA,NA,NA,Selection,FCT-07,1,NA,NA,NA,NA,NA,NA,NA,Clitics,Masculine,Plural,NA,NA,NA,HS,7th/8th,Late,Yes,8,0,174,2023,1,0.25,NA,NA,1.7585126524581336,1.376556461929396
H05,1,1,HS 7th/8th,8,NA,174,NA,NA,NA,2,6,NA,8,Heritage Spanish,NA,NA,NA,Selection,FCT-09,0,NA,NA,NA,NA,NA,NA,NA,Clitics,Feminine,Plural,NA,NA,NA,HS,7th/8th,Late,Yes,8,0,174,2023,0,0.25,NA,NA,1.7585126524581336,1.376556461929396
H05,1,1,HS 7th/8th,8,NA,174,NA,NA,NA,2,6,NA,8,Heritage Spanish,NA,NA,NA,Selection,FCT-11,1,NA,NA,NA,NA,NA,NA,NA,Clitics,Masculine,Singular,NA,NA,NA,HS,7th/8th,Late,Yes,8,0,174,2023,1,0.25,NA,NA,1.7585126524581336,1.376556461929396
H05,1,1,HS 7th/8th,8,NA,174,NA,NA,NA,2,6,NA,8,Heritage Spanish,NA,NA,NA,Selection,FCT-13,0,NA,NA,NA,NA,NA,NA,NA,Clitics,Feminine,Singular,NA,NA,NA,HS,7th/8th,Late,Yes,8,0,174,2023,0,0.25,NA,NA,1.7585126524581336,1.376556461929396
H05,1,1,HS 7th/8th,8,NA,174,NA,NA,NA,2,6,NA,8,Heritage Spanish,NA,NA,NA,Selection,FCT-15,1,NA,NA,NA,NA,NA,NA,NA,Clitics,Masculine,Plural,NA,NA,NA,HS,7th/8th,Late,Yes,8,0,174,2023,1,0.25,NA,NA,1.7585126524581336,1.376556461929396
H05,1,1,HS 7th/8th,8,NA,174,NA,NA,NA,2,6,NA,8,Heritage Spanish,NA,NA,NA,Selection,FCT-17,1,NA,NA,NA,NA,NA,NA,NA,Clitics,Feminine,Plural,NA,NA,NA,HS,7th/8th,Late,Yes,8,0,174,2023,1,0.25,NA,NA,1.7585126524581336,1.376556461929396
H05,1,1,HS 7th/8th,8,NA,174,NA,NA,NA,2,6,NA,8,Heritage Spanish,NA,NA,NA,Selection,FCT-19,1,NA,NA,NA,NA,NA,NA,NA,Clitics,Masculine,Singular,NA,NA,NA,HS,7th/8th,Late,Yes,8,0,174,2023,1,0.25,NA,NA,1.7585126524581336,1.376556461929396
H05,1,1,HS 7th/8th,8,NA,174,NA,NA,NA,2,6,NA,8,Heritage Spanish,NA,NA,NA,Selection,FCT-21,1,NA,NA,NA,NA,NA,NA,NA,Clitics,Feminine,Singular,NA,NA,NA,HS,7th/8th,Late,Yes,8,0,174,2023,1,0.25,NA,NA,1.7585126524581336,1.376556461929396
H05,1,1,HS 7th/8th,8,NA,174,NA,NA,NA,2,6,NA,8,Heritage Spanish,NA,NA,NA,Selection,FCT-23,1,NA,NA,NA,NA,NA,NA,NA,Clitics,Masculine,Plural,NA,NA,NA,HS,7th/8th,Late,Yes,8,0,174,2023,1,0.25,NA,NA,1.7585126524581336,1.376556461929396
H05,1,1,HS 7th/8th,8,NA,174,NA,NA,NA,2,6,NA,8,Heritage Spanish,NA,NA,NA,Selection,FCT-25,0,NA,NA,NA,NA,NA,NA,NA,Clitics,Feminine,Plural,NA,NA,NA,HS,7th/8th,Late,Yes,8,0,174,2023,0,0.25,NA,NA,1.7585126524581336,1.376556461929396
H06,1,1,L2L 7th/8th,8,NA,174,NA,NA,NA,2,4,NA,8,L2 learner,L2,L2,L2,Selection,FCT-03,0,NA,NA,NA,NA,NA,NA,NA,Clitics,Masculine,Singular,NA,NA,NA,L2L,7th/8th,Late,Yes,6,0,174,2023,0,0.3333333333333333,NA,NA,1.7585126524581336,1.376556461929396
H06,1,1,L2L 7th/8th,8,NA,174,NA,NA,NA,2,4,NA,8,L2 learner,L2,L2,L2,Selection,FCT-05,1,NA,NA,NA,NA,NA,NA,NA,Clitics,Feminine,Singular,NA,NA,NA,L2L,7th/8th,Late,Yes,6,0,174,2023,1,0.3333333333333333,NA,NA,1.7585126524581336,1.376556461929396
H06,1,1,L2L 7th/8th,8,NA,174,NA,NA,NA,2,4,NA,8,L2 learner,L2,L2,L2,Selection,FCT-07,1,NA,NA,NA,NA,NA,NA,NA,Clitics,Masculine,Plural,NA,NA,NA,L2L,7th/8th,Late,Yes,6,0,174,2023,1,0.3333333333333333,NA,NA,1.7585126524581336,1.376556461929396
H06,1,1,L2L 7th/8th,8,NA,174,NA,NA,NA,2,4,NA,8,L2 learner,L2,L2,L2,Selection,FCT-09,0,NA,NA,NA,NA,NA,NA,NA,Clitics,Feminine,Plural,NA,NA,NA,L2L,7th/8th,Late,Yes,6,0,174,2023,0,0.3333333333333333,NA,NA,1.7585126524581336,1.376556461929396
H06,1,1,L2L 7th/8th,8,NA,174,NA,NA,NA,2,4,NA,8,L2 learner,L2,L2,L2,Selection,FCT-11,1,NA,NA,NA,NA,NA,NA,NA,Clitics,Masculine,Singular,NA,NA,NA,L2L,7th/8th,Late,Yes,6,0,174,2023,1,0.3333333333333333,NA,NA,1.7585126524581336,1.376556461929396
H06,1,1,L2L 7th/8th,8,NA,174,NA,NA,NA,2,4,NA,8,L2 learner,L2,L2,L2,Selection,FCT-13,1,NA,NA,NA,NA,NA,NA,NA,Clitics,Feminine,Singular,NA,NA,NA,L2L,7th/8th,Late,Yes,6,0,174,2023,1,0.3333333333333333,NA,NA,1.7585126524581336,1.376556461929396
H06,1,1,L2L 7th/8th,8,NA,174,NA,NA,NA,2,4,NA,8,L2 learner,L2,L2,L2,Selection,FCT-15,1,NA,NA,NA,NA,NA,NA,NA,Clitics,Masculine,Plural,NA,NA,NA,L2L,7th/8th,Late,Yes,6,0,174,2023,1,0.3333333333333333,NA,NA,1.7585126524581336,1.376556461929396
H06,1,1,L2L 7th/8th,8,NA,174,NA,NA,NA,2,4,NA,8,L2 learner,L2,L2,L2,Selection,FCT-17,1,NA,NA,NA,NA,NA,NA,NA,Clitics,Feminine,Plural,NA,NA,NA,L2L,7th/8th,Late,Yes,6,0,174,2023,1,0.3333333333333333,NA,NA,1.7585126524581336,1.376556461929396
H06,1,1,L2L 7th/8th,8,NA,174,NA,NA,NA,2,4,NA,8,L2 learner,L2,L2,L2,Selection,FCT-19,1,NA,NA,NA,NA,NA,NA,NA,Clitics,Masculine,Singular,NA,NA,NA,L2L,7th/8th,Late,Yes,6,0,174,2023,1,0.3333333333333333,NA,NA,1.7585126524581336,1.376556461929396
H06,1,1,L2L 7th/8th,8,NA,174,NA,NA,NA,2,4,NA,8,L2 learner,L2,L2,L2,Selection,FCT-21,1,NA,NA,NA,NA,NA,NA,NA,Clitics,Feminine,Singular,NA,NA,NA,L2L,7th/8th,Late,Yes,6,0,174,2023,1,0.3333333333333333,NA,NA,1.7585126524581336,1.376556461929396
H06,1,1,L2L 7th/8th,8,NA,174,NA,NA,NA,2,4,NA,8,L2 learner,L2,L2,L2,Selection,FCT-23,1,NA,NA,NA,NA,NA,NA,NA,Clitics,Masculine,Plural,NA,NA,NA,L2L,7th/8th,Late,Yes,6,0,174,2023,1,0.3333333333333333,NA,NA,1.7585126524581336,1.376556461929396
H06,1,1,L2L 7th/8th,8,NA,174,NA,NA,NA,2,4,NA,8,L2 learner,L2,L2,L2,Selection,FCT-25,1,NA,NA,NA,NA,NA,NA,NA,Clitics,Feminine,Plural,NA,NA,NA,L2L,7th/8th,Late,Yes,6,0,174,2023,1,0.3333333333333333,NA,NA,1.7585126524581336,1.376556461929396
H07,1,1,HS 7th/8th,8,NA,171,NA,NA,NA,4,4,NA,8,Heritage Spanish,NA,NA,NA,Selection,FCT-03,1,NA,NA,NA,NA,NA,NA,NA,Clitics,Masculine,Singular,NA,NA,NA,HS,7th/8th,Late,Yes,8,0,171,2023,1,0.5,NA,NA,1.6436240800121633,1.270563124674447
H07,1,1,HS 7th/8th,8,NA,171,NA,NA,NA,4,4,NA,8,Heritage Spanish,NA,NA,NA,Selection,FCT-05,1,NA,NA,NA,NA,NA,NA,NA,Clitics,Feminine,Singular,NA,NA,NA,HS,7th/8th,Late,Yes,8,0,171,2023,1,0.5,NA,NA,1.6436240800121633,1.270563124674447
H07,1,1,HS 7th/8th,8,NA,171,NA,NA,NA,4,4,NA,8,Heritage Spanish,NA,NA,NA,Selection,FCT-07,1,NA,NA,NA,NA,NA,NA,NA,Clitics,Masculine,Plural,NA,NA,NA,HS,7th/8th,Late,Yes,8,0,171,2023,1,0.5,NA,NA,1.6436240800121633,1.270563124674447
H07,1,1,HS 7th/8th,8,NA,171,NA,NA,NA,4,4,NA,8,Heritage Spanish,NA,NA,NA,Selection,FCT-09,1,NA,NA,NA,NA,NA,NA,NA,Clitics,Feminine,Plural,NA,NA,NA,HS,7th/8th,Late,Yes,8,0,171,2023,1,0.5,NA,NA,1.6436240800121633,1.270563124674447
H07,1,1,HS 7th/8th,8,NA,171,NA,NA,NA,4,4,NA,8,Heritage Spanish,NA,NA,NA,Selection,FCT-11,1,NA,NA,NA,NA,NA,NA,NA,Clitics,Masculine,Singular,NA,NA,NA,HS,7th/8th,Late,Yes,8,0,171,2023,1,0.5,NA,NA,1.6436240800121633,1.270563124674447
H07,1,1,HS 7th/8th,8,NA,171,NA,NA,NA,4,4,NA,8,Heritage Spanish,NA,NA,NA,Selection,FCT-13,1,NA,NA,NA,NA,NA,NA,NA,Clitics,Feminine,Singular,NA,NA,NA,HS,7th/8th,Late,Yes,8,0,171,2023,1,0.5,NA,NA,1.6436240800121633,1.270563124674447
H07,1,1,HS 7th/8th,8,NA,171,NA,NA,NA,4,4,NA,8,Heritage Spanish,NA,NA,NA,Selection,FCT-15,1,NA,NA,NA,NA,NA,NA,NA,Clitics,Masculine,Plural,NA,NA,NA,HS,7th/8th,Late,Yes,8,0,171,2023,1,0.5,NA,NA,1.6436240800121633,1.270563124674447
H07,1,1,HS 7th/8th,8,NA,171,NA,NA,NA,4,4,NA,8,Heritage Spanish,NA,NA,NA,Selection,FCT-17,1,NA,NA,NA,NA,NA,NA,NA,Clitics,Feminine,Plural,NA,NA,NA,HS,7th/8th,Late,Yes,8,0,171,2023,1,0.5,NA,NA,1.6436240800121633,1.270563124674447
H07,1,1,HS 7th/8th,8,NA,171,NA,NA,NA,4,4,NA,8,Heritage Spanish,NA,NA,NA,Selection,FCT-19,1,NA,NA,NA,NA,NA,NA,NA,Clitics,Masculine,Singular,NA,NA,NA,HS,7th/8th,Late,Yes,8,0,171,2023,1,0.5,NA,NA,1.6436240800121633,1.270563124674447
H07,1,1,HS 7th/8th,8,NA,171,NA,NA,NA,4,4,NA,8,Heritage Spanish,NA,NA,NA,Selection,FCT-21,0,NA,NA,NA,NA,NA,NA,NA,Clitics,Feminine,Singular,NA,NA,NA,HS,7th/8th,Late,Yes,8,0,171,2023,0,0.5,NA,NA,1.6436240800121633,1.270563124674447
H07,1,1,HS 7th/8th,8,NA,171,NA,NA,NA,4,4,NA,8,Heritage Spanish,NA,NA,NA,Selection,FCT-23,1,NA,NA,NA,NA,NA,NA,NA,Clitics,Masculine,Plural,NA,NA,NA,HS,7th/8th,Late,Yes,8,0,171,2023,1,0.5,NA,NA,1.6436240800121633,1.270563124674447
H07,1,1,HS 7th/8th,8,NA,171,NA,NA,NA,4,4,NA,8,Heritage Spanish,NA,NA,NA,Selection,FCT-25,0,NA,NA,NA,NA,NA,NA,NA,Clitics,Feminine,Plural,NA,NA,NA,HS,7th/8th,Late,Yes,8,0,171,2023,0,0.5,NA,NA,1.6436240800121633,1.270563124674447
H08,1,1,L2L 7th/8th,8,NA,168,NA,NA,NA,1,6,NA,8,"Hindi, Mandarin",Yes,Yes,Yes,Selection,FCT-03,1,NA,NA,NA,NA,NA,NA,NA,Clitics,Masculine,Singular,NA,NA,NA,L2L,7th/8th,Late,Yes,7,0,168,2023,1,0.14285714285714285,NA,NA,1.528735507566193,1.1645697874194985
H08,1,1,L2L 7th/8th,8,NA,168,NA,NA,NA,1,6,NA,8,"Hindi, Mandarin",Yes,Yes,Yes,Selection,FCT-05,0,NA,NA,NA,NA,NA,NA,NA,Clitics,Feminine,Singular,NA,NA,NA,L2L,7th/8th,Late,Yes,7,0,168,2023,0,0.14285714285714285,NA,NA,1.528735507566193,1.1645697874194985
H08,1,1,L2L 7th/8th,8,NA,168,NA,NA,NA,1,6,NA,8,"Hindi, Mandarin",Yes,Yes,Yes,Selection,FCT-07,1,NA,NA,NA,NA,NA,NA,NA,Clitics,Masculine,Plural,NA,NA,NA,L2L,7th/8th,Late,Yes,7,0,168,2023,1,0.14285714285714285,NA,NA,1.528735507566193,1.1645697874194985
H08,1,1,L2L 7th/8th,8,NA,168,NA,NA,NA,1,6,NA,8,"Hindi, Mandarin",Yes,Yes,Yes,Selection,FCT-09,0,NA,NA,NA,NA,NA,NA,NA,Clitics,Feminine,Plural,NA,NA,NA,L2L,7th/8th,Late,Yes,7,0,168,2023,0,0.14285714285714285,NA,NA,1.528735507566193,1.1645697874194985
H08,1,1,L2L 7th/8th,8,NA,168,NA,NA,NA,1,6,NA,8,"Hindi, Mandarin",Yes,Yes,Yes,Selection,FCT-11,1,NA,NA,NA,NA,NA,NA,NA,Clitics,Masculine,Singular,NA,NA,NA,L2L,7th/8th,Late,Yes,7,0,168,2023,1,0.14285714285714285,NA,NA,1.528735507566193,1.1645697874194985
H08,1,1,L2L 7th/8th,8,NA,168,NA,NA,NA,1,6,NA,8,"Hindi, Mandarin",Yes,Yes,Yes,Selection,FCT-13,1,NA,NA,NA,NA,NA,NA,NA,Clitics,Feminine,Singular,NA,NA,NA,L2L,7th/8th,Late,Yes,7,0,168,2023,1,0.14285714285714285,NA,NA,1.528735507566193,1.1645697874194985
H08,1,1,L2L 7th/8th,8,NA,168,NA,NA,NA,1,6,NA,8,"Hindi, Mandarin",Yes,Yes,Yes,Selection,FCT-15,1,NA,NA,NA,NA,NA,NA,NA,Clitics,Masculine,Plural,NA,NA,NA,L2L,7th/8th,Late,Yes,7,0,168,2023,1,0.14285714285714285,NA,NA,1.528735507566193,1.1645697874194985
H08,1,1,L2L 7th/8th,8,NA,168,NA,NA,NA,1,6,NA,8,"Hindi, Mandarin",Yes,Yes,Yes,Selection,FCT-17,1,NA,NA,NA,NA,NA,NA,NA,Clitics,Feminine,Plural,NA,NA,NA,L2L,7th/8th,Late,Yes,7,0,168,2023,1,0.14285714285714285,NA,NA,1.528735507566193,1.1645697874194985
H08,1,1,L2L 7th/8th,8,NA,168,NA,NA,NA,1,6,NA,8,"Hindi, Mandarin",Yes,Yes,Yes,Selection,FCT-19,1,NA,NA,NA,NA,NA,NA,NA,Clitics,Masculine,Singular,NA,NA,NA,L2L,7th/8th,Late,Yes,7,0,168,2023,1,0.14285714285714285,NA,NA,1.528735507566193,1.1645697874194985
H08,1,1,L2L 7th/8th,8,NA,168,NA,NA,NA,1,6,NA,8,"Hindi, Mandarin",Yes,Yes,Yes,Selection,FCT-21,0,NA,NA,NA,NA,NA,NA,NA,Clitics,Feminine,Singular,NA,NA,NA,L2L,7th/8th,Late,Yes,7,0,168,2023,0,0.14285714285714285,NA,NA,1.528735507566193,1.1645697874194985
H08,1,1,L2L 7th/8th,8,NA,168,NA,NA,NA,1,6,NA,8,"Hindi, Mandarin",Yes,Yes,Yes,Selection,FCT-23,1,NA,NA,NA,NA,NA,NA,NA,Clitics,Masculine,Plural,NA,NA,NA,L2L,7th/8th,Late,Yes,7,0,168,2023,1,0.14285714285714285,NA,NA,1.528735507566193,1.1645697874194985
H08,1,1,L2L 7th/8th,8,NA,168,NA,NA,NA,1,6,NA,8,"Hindi, Mandarin",Yes,Yes,Yes,Selection,FCT-25,1,NA,NA,NA,NA,NA,NA,NA,Clitics,Feminine,Plural,NA,NA,NA,L2L,7th/8th,Late,Yes,7,0,168,2023,1,0.14285714285714285,NA,NA,1.528735507566193,1.1645697874194985
H09,1,1,L2L 7th/8th,8,NA,168,NA,NA,NA,1,4,NA,7,L2 learner,L2,L2,L2,Selection,FCT-03,0,NA,NA,NA,NA,NA,NA,NA,Clitics,Masculine,Singular,NA,NA,NA,L2L,7th/8th,Late,Yes,5,0,168,2023,0,0.2,NA,NA,1.528735507566193,1.1645697874194985
H09,1,1,L2L 7th/8th,8,NA,168,NA,NA,NA,1,4,NA,7,L2 learner,L2,L2,L2,Selection,FCT-05,0,NA,NA,NA,NA,NA,NA,NA,Clitics,Feminine,Singular,NA,NA,NA,L2L,7th/8th,Late,Yes,5,0,168,2023,0,0.2,NA,NA,1.528735507566193,1.1645697874194985
H09,1,1,L2L 7th/8th,8,NA,168,NA,NA,NA,1,4,NA,7,L2 learner,L2,L2,L2,Selection,FCT-07,1,NA,NA,NA,NA,NA,NA,NA,Clitics,Masculine,Plural,NA,NA,NA,L2L,7th/8th,Late,Yes,5,0,168,2023,1,0.2,NA,NA,1.528735507566193,1.1645697874194985
H09,1,1,L2L 7th/8th,8,NA,168,NA,NA,NA,1,4,NA,7,L2 learner,L2,L2,L2,Selection,FCT-09,0,NA,NA,NA,NA,NA,NA,NA,Clitics,Feminine,Plural,NA,NA,NA,L2L,7th/8th,Late,Yes,5,0,168,2023,0,0.2,NA,NA,1.528735507566193,1.1645697874194985
H09,1,1,L2L 7th/8th,8,NA,168,NA,NA,NA,1,4,NA,7,L2 learner,L2,L2,L2,Selection,FCT-11,0,NA,NA,NA,NA,NA,NA,NA,Clitics,Masculine,Singular,NA,NA,NA,L2L,7th/8th,Late,Yes,5,0,168,2023,0,0.2,NA,NA,1.528735507566193,1.1645697874194985
H09,1,1,L2L 7th/8th,8,NA,168,NA,NA,NA,1,4,NA,7,L2 learner,L2,L2,L2,Selection,FCT-13,1,NA,NA,NA,NA,NA,NA,NA,Clitics,Feminine,Singular,NA,NA,NA,L2L,7th/8th,Late,Yes,5,0,168,2023,1,0.2,NA,NA,1.528735507566193,1.1645697874194985
H09,1,1,L2L 7th/8th,8,NA,168,NA,NA,NA,1,4,NA,7,L2 learner,L2,L2,L2,Selection,FCT-15,0,NA,NA,NA,NA,NA,NA,NA,Clitics,Masculine,Plural,NA,NA,NA,L2L,7th/8th,Late,Yes,5,0,168,2023,0,0.2,NA,NA,1.528735507566193,1.1645697874194985
H09,1,1,L2L 7th/8th,8,NA,168,NA,NA,NA,1,4,NA,7,L2 learner,L2,L2,L2,Selection,FCT-17,1,NA,NA,NA,NA,NA,NA,NA,Clitics,Feminine,Plural,NA,NA,NA,L2L,7th/8th,Late,Yes,5,0,168,2023,1,0.2,NA,NA,1.528735507566193,1.1645697874194985
H09,1,1,L2L 7th/8th,8,NA,168,NA,NA,NA,1,4,NA,7,L2 learner,L2,L2,L2,Selection,FCT-19,0,NA,NA,NA,NA,NA,NA,NA,Clitics,Masculine,Singular,NA,NA,NA,L2L,7th/8th,Late,Yes,5,0,168,2023,0,0.2,NA,NA,1.528735507566193,1.1645697874194985
H09,1,1,L2L 7th/8th,8,NA,168,NA,NA,NA,1,4,NA,7,L2 learner,L2,L2,L2,Selection,FCT-21,1,NA,NA,NA,NA,NA,NA,NA,Clitics,Feminine,Singular,NA,NA,NA,L2L,7th/8th,Late,Yes,5,0,168,2023,1,0.2,NA,NA,1.528735507566193,1.1645697874194985
H09,1,1,L2L 7th/8th,8,NA,168,NA,NA,NA,1,4,NA,7,L2 learner,L2,L2,L2,Selection,FCT-23,1,NA,NA,NA,NA,NA,NA,NA,Clitics,Masculine,Plural,NA,NA,NA,L2L,7th/8th,Late,Yes,5,0,168,2023,1,0.2,NA,NA,1.528735507566193,1.1645697874194985
H09,1,1,L2L 7th/8th,8,NA,168,NA,NA,NA,1,4,NA,7,L2 learner,L2,L2,L2,Selection,FCT-25,0,NA,NA,NA,NA,NA,NA,NA,Clitics,Feminine,Plural,NA,NA,NA,L2L,7th/8th,Late,Yes,5,0,168,2023,0,0.2,NA,NA,1.528735507566193,1.1645697874194985
H10,1,1,L2L 7th/8th,8,NA,173,NA,NA,NA,2,4,3,8,Russian,No,Yes,Yes,Selection,FCT-03,1,NA,NA,NA,NA,NA,NA,NA,Clitics,Masculine,Singular,NA,NA,NA,L2L,7th/8th,Late,Yes,6,0,173,2023,1,0.3333333333333333,NA,NA,1.7202164616428102,1.3412253495110797
H10,1,1,L2L 7th/8th,8,NA,173,NA,NA,NA,2,4,3,8,Russian,No,Yes,Yes,Selection,FCT-05,1,NA,NA,NA,NA,NA,NA,NA,Clitics,Feminine,Singular,NA,NA,NA,L2L,7th/8th,Late,Yes,6,0,173,2023,1,0.3333333333333333,NA,NA,1.7202164616428102,1.3412253495110797
H10,1,1,L2L 7th/8th,8,NA,173,NA,NA,NA,2,4,3,8,Russian,No,Yes,Yes,Selection,FCT-07,1,NA,NA,NA,NA,NA,NA,NA,Clitics,Masculine,Plural,NA,NA,NA,L2L,7th/8th,Late,Yes,6,0,173,2023,1,0.3333333333333333,NA,NA,1.7202164616428102,1.3412253495110797
H10,1,1,L2L 7th/8th,8,NA,173,NA,NA,NA,2,4,3,8,Russian,No,Yes,Yes,Selection,FCT-09,1,NA,NA,NA,NA,NA,NA,NA,Clitics,Feminine,Plural,NA,NA,NA,L2L,7th/8th,Late,Yes,6,0,173,2023,1,0.3333333333333333,NA,NA,1.7202164616428102,1.3412253495110797
H10,1,1,L2L 7th/8th,8,NA,173,NA,NA,NA,2,4,3,8,Russian,No,Yes,Yes,Selection,FCT-11,1,NA,NA,NA,NA,NA,NA,NA,Clitics,Masculine,Singular,NA,NA,NA,L2L,7th/8th,Late,Yes,6,0,173,2023,1,0.3333333333333333,NA,NA,1.7202164616428102,1.3412253495110797
H10,1,1,L2L 7th/8th,8,NA,173,NA,NA,NA,2,4,3,8,Russian,No,Yes,Yes,Selection,FCT-13,0,NA,NA,NA,NA,NA,NA,NA,Clitics,Feminine,Singular,NA,NA,NA,L2L,7th/8th,Late,Yes,6,0,173,2023,0,0.3333333333333333,NA,NA,1.7202164616428102,1.3412253495110797
H10,1,1,L2L 7th/8th,8,NA,173,NA,NA,NA,2,4,3,8,Russian,No,Yes,Yes,Selection,FCT-15,1,NA,NA,NA,NA,NA,NA,NA,Clitics,Masculine,Plural,NA,NA,NA,L2L,7th/8th,Late,Yes,6,0,173,2023,1,0.3333333333333333,NA,NA,1.7202164616428102,1.3412253495110797
H10,1,1,L2L 7th/8th,8,NA,173,NA,NA,NA,2,4,3,8,Russian,No,Yes,Yes,Selection,FCT-17,1,NA,NA,NA,NA,NA,NA,NA,Clitics,Feminine,Plural,NA,NA,NA,L2L,7th/8th,Late,Yes,6,0,173,2023,1,0.3333333333333333,NA,NA,1.7202164616428102,1.3412253495110797
H10,1,1,L2L 7th/8th,8,NA,173,NA,NA,NA,2,4,3,8,Russian,No,Yes,Yes,Selection,FCT-19,1,NA,NA,NA,NA,NA,NA,NA,Clitics,Masculine,Singular,NA,NA,NA,L2L,7th/8th,Late,Yes,6,0,173,2023,1,0.3333333333333333,NA,NA,1.7202164616428102,1.3412253495110797
H10,1,1,L2L 7th/8th,8,NA,173,NA,NA,NA,2,4,3,8,Russian,No,Yes,Yes,Selection,FCT-21,1,NA,NA,NA,NA,NA,NA,NA,Clitics,Feminine,Singular,NA,NA,NA,L2L,7th/8th,Late,Yes,6,0,173,2023,1,0.3333333333333333,NA,NA,1.7202164616428102,1.3412253495110797
H10,1,1,L2L 7th/8th,8,NA,173,NA,NA,NA,2,4,3,8,Russian,No,Yes,Yes,Selection,FCT-23,1,NA,NA,NA,NA,NA,NA,NA,Clitics,Masculine,Plural,NA,NA,NA,L2L,7th/8th,Late,Yes,6,0,173,2023,1,0.3333333333333333,NA,NA,1.7202164616428102,1.3412253495110797
H10,1,1,L2L 7th/8th,8,NA,173,NA,NA,NA,2,4,3,8,Russian,No,Yes,Yes,Selection,FCT-25,1,NA,NA,NA,NA,NA,NA,NA,Clitics,Feminine,Plural,NA,NA,NA,L2L,7th/8th,Late,Yes,6,0,173,2023,1,0.3333333333333333,NA,NA,1.7202164616428102,1.3412253495110797
H11,1,1,L2L 7th/8th,8,NA,173,NA,NA,NA,2,4,3,8,Russian,No,Yes,Yes,Selection,FCT-03,1,NA,NA,NA,NA,NA,NA,NA,Clitics,Masculine,Singular,NA,NA,NA,L2L,7th/8th,Late,Yes,6,0,173,2023,1,0.3333333333333333,NA,NA,1.7202164616428102,1.3412253495110797
H11,1,1,L2L 7th/8th,8,NA,173,NA,NA,NA,2,4,3,8,Russian,No,Yes,Yes,Selection,FCT-05,1,NA,NA,NA,NA,NA,NA,NA,Clitics,Feminine,Singular,NA,NA,NA,L2L,7th/8th,Late,Yes,6,0,173,2023,1,0.3333333333333333,NA,NA,1.7202164616428102,1.3412253495110797
H11,1,1,L2L 7th/8th,8,NA,173,NA,NA,NA,2,4,3,8,Russian,No,Yes,Yes,Selection,FCT-07,1,NA,NA,NA,NA,NA,NA,NA,Clitics,Masculine,Plural,NA,NA,NA,L2L,7th/8th,Late,Yes,6,0,173,2023,1,0.3333333333333333,NA,NA,1.7202164616428102,1.3412253495110797
H11,1,1,L2L 7th/8th,8,NA,173,NA,NA,NA,2,4,3,8,Russian,No,Yes,Yes,Selection,FCT-09,1,NA,NA,NA,NA,NA,NA,NA,Clitics,Feminine,Plural,NA,NA,NA,L2L,7th/8th,Late,Yes,6,0,173,2023,1,0.3333333333333333,NA,NA,1.7202164616428102,1.3412253495110797
H11,1,1,L2L 7th/8th,8,NA,173,NA,NA,NA,2,4,3,8,Russian,No,Yes,Yes,Selection,FCT-11,1,NA,NA,NA,NA,NA,NA,NA,Clitics,Masculine,Singular,NA,NA,NA,L2L,7th/8th,Late,Yes,6,0,173,2023,1,0.3333333333333333,NA,NA,1.7202164616428102,1.3412253495110797
H11,1,1,L2L 7th/8th,8,NA,173,NA,NA,NA,2,4,3,8,Russian,No,Yes,Yes,Selection,FCT-13,1,NA,NA,NA,NA,NA,NA,NA,Clitics,Feminine,Singular,NA,NA,NA,L2L,7th/8th,Late,Yes,6,0,173,2023,1,0.3333333333333333,NA,NA,1.7202164616428102,1.3412253495110797
H11,1,1,L2L 7th/8th,8,NA,173,NA,NA,NA,2,4,3,8,Russian,No,Yes,Yes,Selection,FCT-15,1,NA,NA,NA,NA,NA,NA,NA,Clitics,Masculine,Plural,NA,NA,NA,L2L,7th/8th,Late,Yes,6,0,173,2023,1,0.3333333333333333,NA,NA,1.7202164616428102,1.3412253495110797
H11,1,1,L2L 7th/8th,8,NA,173,NA,NA,NA,2,4,3,8,Russian,No,Yes,Yes,Selection,FCT-17,1,NA,NA,NA,NA,NA,NA,NA,Clitics,Feminine,Plural,NA,NA,NA,L2L,7th/8th,Late,Yes,6,0,173,2023,1,0.3333333333333333,NA,NA,1.7202164616428102,1.3412253495110797
H11,1,1,L2L 7th/8th,8,NA,173,NA,NA,NA,2,4,3,8,Russian,No,Yes,Yes,Selection,FCT-19,1,NA,NA,NA,NA,NA,NA,NA,Clitics,Masculine,Singular,NA,NA,NA,L2L,7th/8th,Late,Yes,6,0,173,2023,1,0.3333333333333333,NA,NA,1.7202164616428102,1.3412253495110797
H11,1,1,L2L 7th/8th,8,NA,173,NA,NA,NA,2,4,3,8,Russian,No,Yes,Yes,Selection,FCT-21,1,NA,NA,NA,NA,NA,NA,NA,Clitics,Feminine,Singular,NA,NA,NA,L2L,7th/8th,Late,Yes,6,0,173,2023,1,0.3333333333333333,NA,NA,1.7202164616428102,1.3412253495110797
H11,1,1,L2L 7th/8th,8,NA,173,NA,NA,NA,2,4,3,8,Russian,No,Yes,Yes,Selection,FCT-23,1,NA,NA,NA,NA,NA,NA,NA,Clitics,Masculine,Plural,NA,NA,NA,L2L,7th/8th,Late,Yes,6,0,173,2023,1,0.3333333333333333,NA,NA,1.7202164616428102,1.3412253495110797
H11,1,1,L2L 7th/8th,8,NA,173,NA,NA,NA,2,4,3,8,Russian,No,Yes,Yes,Selection,FCT-25,1,NA,NA,NA,NA,NA,NA,NA,Clitics,Feminine,Plural,NA,NA,NA,L2L,7th/8th,Late,Yes,6,0,173,2023,1,0.3333333333333333,NA,NA,1.7202164616428102,1.3412253495110797
H12,1,1,L2L 7th/8th,8,NA,174,NA,NA,NA,2,2,NA,5,L2 learner,L2,L2,L2,Selection,FCT-03,0,NA,NA,NA,NA,NA,NA,NA,Clitics,Masculine,Singular,NA,NA,NA,L2L,7th/8th,Late,Yes,4,0,174,2023,0,0.5,NA,NA,1.7585126524581336,1.376556461929396
H12,1,1,L2L 7th/8th,8,NA,174,NA,NA,NA,2,2,NA,5,L2 learner,L2,L2,L2,Selection,FCT-05,0,NA,NA,NA,NA,NA,NA,NA,Clitics,Feminine,Singular,NA,NA,NA,L2L,7th/8th,Late,Yes,4,0,174,2023,0,0.5,NA,NA,1.7585126524581336,1.376556461929396
H12,1,1,L2L 7th/8th,8,NA,174,NA,NA,NA,2,2,NA,5,L2 learner,L2,L2,L2,Selection,FCT-07,1,NA,NA,NA,NA,NA,NA,NA,Clitics,Masculine,Plural,NA,NA,NA,L2L,7th/8th,Late,Yes,4,0,174,2023,1,0.5,NA,NA,1.7585126524581336,1.376556461929396
H12,1,1,L2L 7th/8th,8,NA,174,NA,NA,NA,2,2,NA,5,L2 learner,L2,L2,L2,Selection,FCT-09,1,NA,NA,NA,NA,NA,NA,NA,Clitics,Feminine,Plural,NA,NA,NA,L2L,7th/8th,Late,Yes,4,0,174,2023,1,0.5,NA,NA,1.7585126524581336,1.376556461929396
H12,1,1,L2L 7th/8th,8,NA,174,NA,NA,NA,2,2,NA,5,L2 learner,L2,L2,L2,Selection,FCT-11,1,NA,NA,NA,NA,NA,NA,NA,Clitics,Masculine,Singular,NA,NA,NA,L2L,7th/8th,Late,Yes,4,0,174,2023,1,0.5,NA,NA,1.7585126524581336,1.376556461929396
H12,1,1,L2L 7th/8th,8,NA,174,NA,NA,NA,2,2,NA,5,L2 learner,L2,L2,L2,Selection,FCT-13,1,NA,NA,NA,NA,NA,NA,NA,Clitics,Feminine,Singular,NA,NA,NA,L2L,7th/8th,Late,Yes,4,0,174,2023,1,0.5,NA,NA,1.7585126524581336,1.376556461929396
H12,1,1,L2L 7th/8th,8,NA,174,NA,NA,NA,2,2,NA,5,L2 learner,L2,L2,L2,Selection,FCT-15,0,NA,NA,NA,NA,NA,NA,NA,Clitics,Masculine,Plural,NA,NA,NA,L2L,7th/8th,Late,Yes,4,0,174,2023,0,0.5,NA,NA,1.7585126524581336,1.376556461929396
H12,1,1,L2L 7th/8th,8,NA,174,NA,NA,NA,2,2,NA,5,L2 learner,L2,L2,L2,Selection,FCT-17,1,NA,NA,NA,NA,NA,NA,NA,Clitics,Feminine,Plural,NA,NA,NA,L2L,7th/8th,Late,Yes,4,0,174,2023,1,0.5,NA,NA,1.7585126524581336,1.376556461929396
H12,1,1,L2L 7th/8th,8,NA,174,NA,NA,NA,2,2,NA,5,L2 learner,L2,L2,L2,Selection,FCT-19,1,NA,NA,NA,NA,NA,NA,NA,Clitics,Masculine,Singular,NA,NA,NA,L2L,7th/8th,Late,Yes,4,0,174,2023,1,0.5,NA,NA,1.7585126524581336,1.376556461929396
H12,1,1,L2L 7th/8th,8,NA,174,NA,NA,NA,2,2,NA,5,L2 learner,L2,L2,L2,Selection,FCT-21,1,NA,NA,NA,NA,NA,NA,NA,Clitics,Feminine,Singular,NA,NA,NA,L2L,7th/8th,Late,Yes,4,0,174,2023,1,0.5,NA,NA,1.7585126524581336,1.376556461929396
H12,1,1,L2L 7th/8th,8,NA,174,NA,NA,NA,2,2,NA,5,L2 learner,L2,L2,L2,Selection,FCT-23,1,NA,NA,NA,NA,NA,NA,NA,Clitics,Masculine,Plural,NA,NA,NA,L2L,7th/8th,Late,Yes,4,0,174,2023,1,0.5,NA,NA,1.7585126524581336,1.376556461929396
H12,1,1,L2L 7th/8th,8,NA,174,NA,NA,NA,2,2,NA,5,L2 learner,L2,L2,L2,Selection,FCT-25,0,NA,NA,NA,NA,NA,NA,NA,Clitics,Feminine,Plural,NA,NA,NA,L2L,7th/8th,Late,Yes,4,0,174,2023,0,0.5,NA,NA,1.7585126524581336,1.376556461929396
H13,1,1,L2L 7th/8th,8,NA,173,NA,NA,NA,3,4,NA,8,"Bulgarian, Russian",No,Yes,Yes,Selection,FCT-03,1,NA,NA,NA,NA,NA,NA,NA,Clitics,Masculine,Singular,NA,NA,NA,L2L,7th/8th,Late,Yes,7,0,173,2023,1,0.42857142857142855,NA,NA,1.7202164616428102,1.3412253495110797
H13,1,1,L2L 7th/8th,8,NA,173,NA,NA,NA,3,4,NA,8,"Bulgarian, Russian",No,Yes,Yes,Selection,FCT-05,1,NA,NA,NA,NA,NA,NA,NA,Clitics,Feminine,Singular,NA,NA,NA,L2L,7th/8th,Late,Yes,7,0,173,2023,1,0.42857142857142855,NA,NA,1.7202164616428102,1.3412253495110797
H13,1,1,L2L 7th/8th,8,NA,173,NA,NA,NA,3,4,NA,8,"Bulgarian, Russian",No,Yes,Yes,Selection,FCT-07,1,NA,NA,NA,NA,NA,NA,NA,Clitics,Masculine,Plural,NA,NA,NA,L2L,7th/8th,Late,Yes,7,0,173,2023,1,0.42857142857142855,NA,NA,1.7202164616428102,1.3412253495110797
H13,1,1,L2L 7th/8th,8,NA,173,NA,NA,NA,3,4,NA,8,"Bulgarian, Russian",No,Yes,Yes,Selection,FCT-09,1,NA,NA,NA,NA,NA,NA,NA,Clitics,Feminine,Plural,NA,NA,NA,L2L,7th/8th,Late,Yes,7,0,173,2023,1,0.42857142857142855,NA,NA,1.7202164616428102,1.3412253495110797
H13,1,1,L2L 7th/8th,8,NA,173,NA,NA,NA,3,4,NA,8,"Bulgarian, Russian",No,Yes,Yes,Selection,FCT-11,0,NA,NA,NA,NA,NA,NA,NA,Clitics,Masculine,Singular,NA,NA,NA,L2L,7th/8th,Late,Yes,7,0,173,2023,0,0.42857142857142855,NA,NA,1.7202164616428102,1.3412253495110797
H13,1,1,L2L 7th/8th,8,NA,173,NA,NA,NA,3,4,NA,8,"Bulgarian, Russian",No,Yes,Yes,Selection,FCT-13,1,NA,NA,NA,NA,NA,NA,NA,Clitics,Feminine,Singular,NA,NA,NA,L2L,7th/8th,Late,Yes,7,0,173,2023,1,0.42857142857142855,NA,NA,1.7202164616428102,1.3412253495110797
H13,1,1,L2L 7th/8th,8,NA,173,NA,NA,NA,3,4,NA,8,"Bulgarian, Russian",No,Yes,Yes,Selection,FCT-15,1,NA,NA,NA,NA,NA,NA,NA,Clitics,Masculine,Plural,NA,NA,NA,L2L,7th/8th,Late,Yes,7,0,173,2023,1,0.42857142857142855,NA,NA,1.7202164616428102,1.3412253495110797
H13,1,1,L2L 7th/8th,8,NA,173,NA,NA,NA,3,4,NA,8,"Bulgarian, Russian",No,Yes,Yes,Selection,FCT-17,1,NA,NA,NA,NA,NA,NA,NA,Clitics,Feminine,Plural,NA,NA,NA,L2L,7th/8th,Late,Yes,7,0,173,2023,1,0.42857142857142855,NA,NA,1.7202164616428102,1.3412253495110797
H13,1,1,L2L 7th/8th,8,NA,173,NA,NA,NA,3,4,NA,8,"Bulgarian, Russian",No,Yes,Yes,Selection,FCT-19,0,NA,NA,NA,NA,NA,NA,NA,Clitics,Masculine,Singular,NA,NA,NA,L2L,7th/8th,Late,Yes,7,0,173,2023,0,0.42857142857142855,NA,NA,1.7202164616428102,1.3412253495110797
H13,1,1,L2L 7th/8th,8,NA,173,NA,NA,NA,3,4,NA,8,"Bulgarian, Russian",No,Yes,Yes,Selection,FCT-21,1,NA,NA,NA,NA,NA,NA,NA,Clitics,Feminine,Singular,NA,NA,NA,L2L,7th/8th,Late,Yes,7,0,173,2023,1,0.42857142857142855,NA,NA,1.7202164616428102,1.3412253495110797
H13,1,1,L2L 7th/8th,8,NA,173,NA,NA,NA,3,4,NA,8,"Bulgarian, Russian",No,Yes,Yes,Selection,FCT-23,0,NA,NA,NA,NA,NA,NA,NA,Clitics,Masculine,Plural,NA,NA,NA,L2L,7th/8th,Late,Yes,7,0,173,2023,0,0.42857142857142855,NA,NA,1.7202164616428102,1.3412253495110797
H13,1,1,L2L 7th/8th,8,NA,173,NA,NA,NA,3,4,NA,8,"Bulgarian, Russian",No,Yes,Yes,Selection,FCT-25,1,NA,NA,NA,NA,NA,NA,NA,Clitics,Feminine,Plural,NA,NA,NA,L2L,7th/8th,Late,Yes,7,0,173,2023,1,0.42857142857142855,NA,NA,1.7202164616428102,1.3412253495110797
H14,1,1,L2L 7th/8th,8,NA,172,NA,NA,NA,2,4,NA,8,L2 learner,L2,L2,L2,Selection,FCT-03,1,NA,NA,NA,NA,NA,NA,NA,Clitics,Masculine,Singular,NA,NA,NA,L2L,7th/8th,Late,Yes,6,0,172,2023,1,0.3333333333333333,NA,NA,1.6819202708274867,1.3058942370927635
H14,1,1,L2L 7th/8th,8,NA,172,NA,NA,NA,2,4,NA,8,L2 learner,L2,L2,L2,Selection,FCT-05,0,NA,NA,NA,NA,NA,NA,NA,Clitics,Feminine,Singular,NA,NA,NA,L2L,7th/8th,Late,Yes,6,0,172,2023,0,0.3333333333333333,NA,NA,1.6819202708274867,1.3058942370927635
H14,1,1,L2L 7th/8th,8,NA,172,NA,NA,NA,2,4,NA,8,L2 learner,L2,L2,L2,Selection,FCT-07,1,NA,NA,NA,NA,NA,NA,NA,Clitics,Masculine,Plural,NA,NA,NA,L2L,7th/8th,Late,Yes,6,0,172,2023,1,0.3333333333333333,NA,NA,1.6819202708274867,1.3058942370927635
H14,1,1,L2L 7th/8th,8,NA,172,NA,NA,NA,2,4,NA,8,L2 learner,L2,L2,L2,Selection,FCT-09,0,NA,NA,NA,NA,NA,NA,NA,Clitics,Feminine,Plural,NA,NA,NA,L2L,7th/8th,Late,Yes,6,0,172,2023,0,0.3333333333333333,NA,NA,1.6819202708274867,1.3058942370927635
H14,1,1,L2L 7th/8th,8,NA,172,NA,NA,NA,2,4,NA,8,L2 learner,L2,L2,L2,Selection,FCT-11,1,NA,NA,NA,NA,NA,NA,NA,Clitics,Masculine,Singular,NA,NA,NA,L2L,7th/8th,Late,Yes,6,0,172,2023,1,0.3333333333333333,NA,NA,1.6819202708274867,1.3058942370927635
H14,1,1,L2L 7th/8th,8,NA,172,NA,NA,NA,2,4,NA,8,L2 learner,L2,L2,L2,Selection,FCT-13,1,NA,NA,NA,NA,NA,NA,NA,Clitics,Feminine,Singular,NA,NA,NA,L2L,7th/8th,Late,Yes,6,0,172,2023,1,0.3333333333333333,NA,NA,1.6819202708274867,1.3058942370927635
H14,1,1,L2L 7th/8th,8,NA,172,NA,NA,NA,2,4,NA,8,L2 learner,L2,L2,L2,Selection,FCT-15,1,NA,NA,NA,NA,NA,NA,NA,Clitics,Masculine,Plural,NA,NA,NA,L2L,7th/8th,Late,Yes,6,0,172,2023,1,0.3333333333333333,NA,NA,1.6819202708274867,1.3058942370927635
H14,1,1,L2L 7th/8th,8,NA,172,NA,NA,NA,2,4,NA,8,L2 learner,L2,L2,L2,Selection,FCT-17,1,NA,NA,NA,NA,NA,NA,NA,Clitics,Feminine,Plural,NA,NA,NA,L2L,7th/8th,Late,Yes,6,0,172,2023,1,0.3333333333333333,NA,NA,1.6819202708274867,1.3058942370927635
H14,1,1,L2L 7th/8th,8,NA,172,NA,NA,NA,2,4,NA,8,L2 learner,L2,L2,L2,Selection,FCT-19,1,NA,NA,NA,NA,NA,NA,NA,Clitics,Masculine,Singular,NA,NA,NA,L2L,7th/8th,Late,Yes,6,0,172,2023,1,0.3333333333333333,NA,NA,1.6819202708274867,1.3058942370927635
H14,1,1,L2L 7th/8th,8,NA,172,NA,NA,NA,2,4,NA,8,L2 learner,L2,L2,L2,Selection,FCT-21,1,NA,NA,NA,NA,NA,NA,NA,Clitics,Feminine,Singular,NA,NA,NA,L2L,7th/8th,Late,Yes,6,0,172,2023,1,0.3333333333333333,NA,NA,1.6819202708274867,1.3058942370927635
H14,1,1,L2L 7th/8th,8,NA,172,NA,NA,NA,2,4,NA,8,L2 learner,L2,L2,L2,Selection,FCT-23,1,NA,NA,NA,NA,NA,NA,NA,Clitics,Masculine,Plural,NA,NA,NA,L2L,7th/8th,Late,Yes,6,0,172,2023,1,0.3333333333333333,NA,NA,1.6819202708274867,1.3058942370927635
H14,1,1,L2L 7th/8th,8,NA,172,NA,NA,NA,2,4,NA,8,L2 learner,L2,L2,L2,Selection,FCT-25,0,NA,NA,NA,NA,NA,NA,NA,Clitics,Feminine,Plural,NA,NA,NA,L2L,7th/8th,Late,Yes,6,0,172,2023,0,0.3333333333333333,NA,NA,1.6819202708274867,1.3058942370927635
H15,1,1,HS 7th/8th,8,NA,172,NA,NA,NA,1,4,NA,8,Heritage Spanish,NA,NA,NA,Selection,FCT-03,0,NA,NA,NA,NA,NA,NA,NA,Clitics,Masculine,Singular,NA,NA,NA,HS,7th/8th,Late,Yes,5,0,172,2023,0,0.2,NA,NA,1.6819202708274867,1.3058942370927635
H15,1,1,HS 7th/8th,8,NA,172,NA,NA,NA,1,4,NA,8,Heritage Spanish,NA,NA,NA,Selection,FCT-05,0,NA,NA,NA,NA,NA,NA,NA,Clitics,Feminine,Singular,NA,NA,NA,HS,7th/8th,Late,Yes,5,0,172,2023,0,0.2,NA,NA,1.6819202708274867,1.3058942370927635
H15,1,1,HS 7th/8th,8,NA,172,NA,NA,NA,1,4,NA,8,Heritage Spanish,NA,NA,NA,Selection,FCT-07,1,NA,NA,NA,NA,NA,NA,NA,Clitics,Masculine,Plural,NA,NA,NA,HS,7th/8th,Late,Yes,5,0,172,2023,1,0.2,NA,NA,1.6819202708274867,1.3058942370927635
H15,1,1,HS 7th/8th,8,NA,172,NA,NA,NA,1,4,NA,8,Heritage Spanish,NA,NA,NA,Selection,FCT-09,1,NA,NA,NA,NA,NA,NA,NA,Clitics,Feminine,Plural,NA,NA,NA,HS,7th/8th,Late,Yes,5,0,172,2023,1,0.2,NA,NA,1.6819202708274867,1.3058942370927635
H15,1,1,HS 7th/8th,8,NA,172,NA,NA,NA,1,4,NA,8,Heritage Spanish,NA,NA,NA,Selection,FCT-11,0,NA,NA,NA,NA,NA,NA,NA,Clitics,Masculine,Singular,NA,NA,NA,HS,7th/8th,Late,Yes,5,0,172,2023,0,0.2,NA,NA,1.6819202708274867,1.3058942370927635
H15,1,1,HS 7th/8th,8,NA,172,NA,NA,NA,1,4,NA,8,Heritage Spanish,NA,NA,NA,Selection,FCT-13,1,NA,NA,NA,NA,NA,NA,NA,Clitics,Feminine,Singular,NA,NA,NA,HS,7th/8th,Late,Yes,5,0,172,2023,1,0.2,NA,NA,1.6819202708274867,1.3058942370927635
H15,1,1,HS 7th/8th,8,NA,172,NA,NA,NA,1,4,NA,8,Heritage Spanish,NA,NA,NA,Selection,FCT-15,0,NA,NA,NA,NA,NA,NA,NA,Clitics,Masculine,Plural,NA,NA,NA,HS,7th/8th,Late,Yes,5,0,172,2023,0,0.2,NA,NA,1.6819202708274867,1.3058942370927635
H15,1,1,HS 7th/8th,8,NA,172,NA,NA,NA,1,4,NA,8,Heritage Spanish,NA,NA,NA,Selection,FCT-17,0,NA,NA,NA,NA,NA,NA,NA,Clitics,Feminine,Plural,NA,NA,NA,HS,7th/8th,Late,Yes,5,0,172,2023,0,0.2,NA,NA,1.6819202708274867,1.3058942370927635
H15,1,1,HS 7th/8th,8,NA,172,NA,NA,NA,1,4,NA,8,Heritage Spanish,NA,NA,NA,Selection,FCT-19,1,NA,NA,NA,NA,NA,NA,NA,Clitics,Masculine,Singular,NA,NA,NA,HS,7th/8th,Late,Yes,5,0,172,2023,1,0.2,NA,NA,1.6819202708274867,1.3058942370927635
H15,1,1,HS 7th/8th,8,NA,172,NA,NA,NA,1,4,NA,8,Heritage Spanish,NA,NA,NA,Selection,FCT-21,1,NA,NA,NA,NA,NA,NA,NA,Clitics,Feminine,Singular,NA,NA,NA,HS,7th/8th,Late,Yes,5,0,172,2023,1,0.2,NA,NA,1.6819202708274867,1.3058942370927635
H15,1,1,HS 7th/8th,8,NA,172,NA,NA,NA,1,4,NA,8,Heritage Spanish,NA,NA,NA,Selection,FCT-23,0,NA,NA,NA,NA,NA,NA,NA,Clitics,Masculine,Plural,NA,NA,NA,HS,7th/8th,Late,Yes,5,0,172,2023,0,0.2,NA,NA,1.6819202708274867,1.3058942370927635
H15,1,1,HS 7th/8th,8,NA,172,NA,NA,NA,1,4,NA,8,Heritage Spanish,NA,NA,NA,Selection,FCT-25,0,NA,NA,NA,NA,NA,NA,NA,Clitics,Feminine,Plural,NA,NA,NA,HS,7th/8th,Late,Yes,5,0,172,2023,0,0.2,NA,NA,1.6819202708274867,1.3058942370927635
H16,1,1,L2L 7th/8th,8,NA,165,NA,NA,NA,2,5,NA,7,L2 learner,L2,L2,L2,Selection,FCT-03,0,NA,NA,NA,NA,NA,NA,NA,Clitics,Masculine,Singular,NA,NA,NA,L2L,7th/8th,Late,Yes,7,0,165,2023,0,0.2857142857142857,NA,NA,1.4138469351202227,1.0585764501645496
H16,1,1,L2L 7th/8th,8,NA,165,NA,NA,NA,2,5,NA,7,L2 learner,L2,L2,L2,Selection,FCT-05,0,NA,NA,NA,NA,NA,NA,NA,Clitics,Feminine,Singular,NA,NA,NA,L2L,7th/8th,Late,Yes,7,0,165,2023,0,0.2857142857142857,NA,NA,1.4138469351202227,1.0585764501645496
H16,1,1,L2L 7th/8th,8,NA,165,NA,NA,NA,2,5,NA,7,L2 learner,L2,L2,L2,Selection,FCT-07,1,NA,NA,NA,NA,NA,NA,NA,Clitics,Masculine,Plural,NA,NA,NA,L2L,7th/8th,Late,Yes,7,0,165,2023,1,0.2857142857142857,NA,NA,1.4138469351202227,1.0585764501645496
H16,1,1,L2L 7th/8th,8,NA,165,NA,NA,NA,2,5,NA,7,L2 learner,L2,L2,L2,Selection,FCT-09,1,NA,NA,NA,NA,NA,NA,NA,Clitics,Feminine,Plural,NA,NA,NA,L2L,7th/8th,Late,Yes,7,0,165,2023,1,0.2857142857142857,NA,NA,1.4138469351202227,1.0585764501645496
H16,1,1,L2L 7th/8th,8,NA,165,NA,NA,NA,2,5,NA,7,L2 learner,L2,L2,L2,Selection,FCT-11,1,NA,NA,NA,NA,NA,NA,NA,Clitics,Masculine,Singular,NA,NA,NA,L2L,7th/8th,Late,Yes,7,0,165,2023,1,0.2857142857142857,NA,NA,1.4138469351202227,1.0585764501645496
H16,1,1,L2L 7th/8th,8,NA,165,NA,NA,NA,2,5,NA,7,L2 learner,L2,L2,L2,Selection,FCT-13,0,NA,NA,NA,NA,NA,NA,NA,Clitics,Feminine,Singular,NA,NA,NA,L2L,7th/8th,Late,Yes,7,0,165,2023,0,0.2857142857142857,NA,NA,1.4138469351202227,1.0585764501645496
H16,1,1,L2L 7th/8th,8,NA,165,NA,NA,NA,2,5,NA,7,L2 learner,L2,L2,L2,Selection,FCT-15,1,NA,NA,NA,NA,NA,NA,NA,Clitics,Masculine,Plural,NA,NA,NA,L2L,7th/8th,Late,Yes,7,0,165,2023,1,0.2857142857142857,NA,NA,1.4138469351202227,1.0585764501645496
H16,1,1,L2L 7th/8th,8,NA,165,NA,NA,NA,2,5,NA,7,L2 learner,L2,L2,L2,Selection,FCT-17,1,NA,NA,NA,NA,NA,NA,NA,Clitics,Feminine,Plural,NA,NA,NA,L2L,7th/8th,Late,Yes,7,0,165,2023,1,0.2857142857142857,NA,NA,1.4138469351202227,1.0585764501645496
H16,1,1,L2L 7th/8th,8,NA,165,NA,NA,NA,2,5,NA,7,L2 learner,L2,L2,L2,Selection,FCT-19,1,NA,NA,NA,NA,NA,NA,NA,Clitics,Masculine,Singular,NA,NA,NA,L2L,7th/8th,Late,Yes,7,0,165,2023,1,0.2857142857142857,NA,NA,1.4138469351202227,1.0585764501645496
H16,1,1,L2L 7th/8th,8,NA,165,NA,NA,NA,2,5,NA,7,L2 learner,L2,L2,L2,Selection,FCT-21,1,NA,NA,NA,NA,NA,NA,NA,Clitics,Feminine,Singular,NA,NA,NA,L2L,7th/8th,Late,Yes,7,0,165,2023,1,0.2857142857142857,NA,NA,1.4138469351202227,1.0585764501645496
H16,1,1,L2L 7th/8th,8,NA,165,NA,NA,NA,2,5,NA,7,L2 learner,L2,L2,L2,Selection,FCT-23,1,NA,NA,NA,NA,NA,NA,NA,Clitics,Masculine,Plural,NA,NA,NA,L2L,7th/8th,Late,Yes,7,0,165,2023,1,0.2857142857142857,NA,NA,1.4138469351202227,1.0585764501645496
H16,1,1,L2L 7th/8th,8,NA,165,NA,NA,NA,2,5,NA,7,L2 learner,L2,L2,L2,Selection,FCT-25,0,NA,NA,NA,NA,NA,NA,NA,Clitics,Feminine,Plural,NA,NA,NA,L2L,7th/8th,Late,Yes,7,0,165,2023,0,0.2857142857142857,NA,NA,1.4138469351202227,1.0585764501645496
H17,1,1,HS 4th/5th,5,10,126,NA,NA,NA,2,6,NA,8,Heritage Spanish,NA,NA,NA,Selection,FCT-03,1,NA,NA,NA,NA,NA,NA,NA,Clitics,Masculine,Singular,NA,NA,NA,HS,4th/5th,Late,Yes,8,0,126,2023,1,0.25,NA,NA,-0.0797045066773919,-0.31933693414978526
H17,1,1,HS 4th/5th,5,10,126,NA,NA,NA,2,6,NA,8,Heritage Spanish,NA,NA,NA,Selection,FCT-05,0,NA,NA,NA,NA,NA,NA,NA,Clitics,Feminine,Singular,NA,NA,NA,HS,4th/5th,Late,Yes,8,0,126,2023,0,0.25,NA,NA,-0.0797045066773919,-0.31933693414978526
H17,1,1,HS 4th/5th,5,10,126,NA,NA,NA,2,6,NA,8,Heritage Spanish,NA,NA,NA,Selection,FCT-07,1,NA,NA,NA,NA,NA,NA,NA,Clitics,Masculine,Plural,NA,NA,NA,HS,4th/5th,Late,Yes,8,0,126,2023,1,0.25,NA,NA,-0.0797045066773919,-0.31933693414978526
H17,1,1,HS 4th/5th,5,10,126,NA,NA,NA,2,6,NA,8,Heritage Spanish,NA,NA,NA,Selection,FCT-09,1,NA,NA,NA,NA,NA,NA,NA,Clitics,Feminine,Plural,NA,NA,NA,HS,4th/5th,Late,Yes,8,0,126,2023,1,0.25,NA,NA,-0.0797045066773919,-0.31933693414978526
H17,1,1,HS 4th/5th,5,10,126,NA,NA,NA,2,6,NA,8,Heritage Spanish,NA,NA,NA,Selection,FCT-11,1,NA,NA,NA,NA,NA,NA,NA,Clitics,Masculine,Singular,NA,NA,NA,HS,4th/5th,Late,Yes,8,0,126,2023,1,0.25,NA,NA,-0.0797045066773919,-0.31933693414978526
H17,1,1,HS 4th/5th,5,10,126,NA,NA,NA,2,6,NA,8,Heritage Spanish,NA,NA,NA,Selection,FCT-13,0,NA,NA,NA,NA,NA,NA,NA,Clitics,Feminine,Singular,NA,NA,NA,HS,4th/5th,Late,Yes,8,0,126,2023,0,0.25,NA,NA,-0.0797045066773919,-0.31933693414978526
H17,1,1,HS 4th/5th,5,10,126,NA,NA,NA,2,6,NA,8,Heritage Spanish,NA,NA,NA,Selection,FCT-15,1,NA,NA,NA,NA,NA,NA,NA,Clitics,Masculine,Plural,NA,NA,NA,HS,4th/5th,Late,Yes,8,0,126,2023,1,0.25,NA,NA,-0.0797045066773919,-0.31933693414978526
H17,1,1,HS 4th/5th,5,10,126,NA,NA,NA,2,6,NA,8,Heritage Spanish,NA,NA,NA,Selection,FCT-17,0,NA,NA,NA,NA,NA,NA,NA,Clitics,Feminine,Plural,NA,NA,NA,HS,4th/5th,Late,Yes,8,0,126,2023,0,0.25,NA,NA,-0.0797045066773919,-0.31933693414978526
H17,1,1,HS 4th/5th,5,10,126,NA,NA,NA,2,6,NA,8,Heritage Spanish,NA,NA,NA,Selection,FCT-19,1,NA,NA,NA,NA,NA,NA,NA,Clitics,Masculine,Singular,NA,NA,NA,HS,4th/5th,Late,Yes,8,0,126,2023,1,0.25,NA,NA,-0.0797045066773919,-0.31933693414978526
H17,1,1,HS 4th/5th,5,10,126,NA,NA,NA,2,6,NA,8,Heritage Spanish,NA,NA,NA,Selection,FCT-21,0,NA,NA,NA,NA,NA,NA,NA,Clitics,Feminine,Singular,NA,NA,NA,HS,4th/5th,Late,Yes,8,0,126,2023,0,0.25,NA,NA,-0.0797045066773919,-0.31933693414978526
H17,1,1,HS 4th/5th,5,10,126,NA,NA,NA,2,6,NA,8,Heritage Spanish,NA,NA,NA,Selection,FCT-23,1,NA,NA,NA,NA,NA,NA,NA,Clitics,Masculine,Plural,NA,NA,NA,HS,4th/5th,Late,Yes,8,0,126,2023,1,0.25,NA,NA,-0.0797045066773919,-0.31933693414978526
H17,1,1,HS 4th/5th,5,10,126,NA,NA,NA,2,6,NA,8,Heritage Spanish,NA,NA,NA,Selection,FCT-25,0,NA,NA,NA,NA,NA,NA,NA,Clitics,Feminine,Plural,NA,NA,NA,HS,4th/5th,Late,Yes,8,0,126,2023,0,0.25,NA,NA,-0.0797045066773919,-0.31933693414978526
H17,1,2,HS 7th/8th,8,10,126,NA,NA,NA,2,6,NA,8,Heritage Spanish,NA,NA,NA,Selection,FCT-03,1,NA,NA,NA,NA,NA,NA,NA,Clitics,Masculine,Singular,NA,NA,NA,HS,7th/8th,Late,Yes,8,36,162,2026,1,0.25,NA,NA,-0.0797045066773919,0.9525831129096007
H17,1,2,HS 7th/8th,8,10,126,NA,NA,NA,2,6,NA,8,Heritage Spanish,NA,NA,NA,Selection,FCT-05,0,NA,NA,NA,NA,NA,NA,NA,Clitics,Feminine,Singular,NA,NA,NA,HS,7th/8th,Late,Yes,8,36,162,2026,0,0.25,NA,NA,-0.0797045066773919,0.9525831129096007
H17,1,2,HS 7th/8th,8,10,126,NA,NA,NA,2,6,NA,8,Heritage Spanish,NA,NA,NA,Selection,FCT-07,0,NA,NA,NA,NA,NA,NA,NA,Clitics,Masculine,Plural,NA,NA,NA,HS,7th/8th,Late,Yes,8,36,162,2026,0,0.25,NA,NA,-0.0797045066773919,0.9525831129096007
H17,1,2,HS 7th/8th,8,10,126,NA,NA,NA,2,6,NA,8,Heritage Spanish,NA,NA,NA,Selection,FCT-09,1,NA,NA,NA,NA,NA,NA,NA,Clitics,Feminine,Plural,NA,NA,NA,HS,7th/8th,Late,Yes,8,36,162,2026,1,0.25,NA,NA,-0.0797045066773919,0.9525831129096007
H17,1,2,HS 7th/8th,8,10,126,NA,NA,NA,2,6,NA,8,Heritage Spanish,NA,NA,NA,Selection,FCT-11,1,NA,NA,NA,NA,NA,NA,NA,Clitics,Masculine,Singular,NA,NA,NA,HS,7th/8th,Late,Yes,8,36,162,2026,1,0.25,NA,NA,-0.0797045066773919,0.9525831129096007
H17,1,2,HS 7th/8th,8,10,126,NA,NA,NA,2,6,NA,8,Heritage Spanish,NA,NA,NA,Selection,FCT-13,1,NA,NA,NA,NA,NA,NA,NA,Clitics,Feminine,Singular,NA,NA,NA,HS,7th/8th,Late,Yes,8,36,162,2026,1,0.25,NA,NA,-0.0797045066773919,0.9525831129096007
H17,1,2,HS 7th/8th,8,10,126,NA,NA,NA,2,6,NA,8,Heritage Spanish,NA,NA,NA,Selection,FCT-15,1,NA,NA,NA,NA,NA,NA,NA,Clitics,Masculine,Plural,NA,NA,NA,HS,7th/8th,Late,Yes,8,36,162,2026,1,0.25,NA,NA,-0.0797045066773919,0.9525831129096007
H17,1,2,HS 7th/8th,8,10,126,NA,NA,NA,2,6,NA,8,Heritage Spanish,NA,NA,NA,Selection,FCT-17,0,NA,NA,NA,NA,NA,NA,NA,Clitics,Feminine,Plural,NA,NA,NA,HS,7th/8th,Late,Yes,8,36,162,2026,0,0.25,NA,NA,-0.0797045066773919,0.9525831129096007
H17,1,2,HS 7th/8th,8,10,126,NA,NA,NA,2,6,NA,8,Heritage Spanish,NA,NA,NA,Selection,FCT-19,1,NA,NA,NA,NA,NA,NA,NA,Clitics,Masculine,Singular,NA,NA,NA,HS,7th/8th,Late,Yes,8,36,162,2026,1,0.25,NA,NA,-0.0797045066773919,0.9525831129096007
H17,1,2,HS 7th/8th,8,10,126,NA,NA,NA,2,6,NA,8,Heritage Spanish,NA,NA,NA,Selection,FCT-21,0,NA,NA,NA,NA,NA,NA,NA,Clitics,Feminine,Singular,NA,NA,NA,HS,7th/8th,Late,Yes,8,36,162,2026,0,0.25,NA,NA,-0.0797045066773919,0.9525831129096007
H17,1,2,HS 7th/8th,8,10,126,NA,NA,NA,2,6,NA,8,Heritage Spanish,NA,NA,NA,Selection,FCT-23,1,NA,NA,NA,NA,NA,NA,NA,Clitics,Masculine,Plural,NA,NA,NA,HS,7th/8th,Late,Yes,8,36,162,2026,1,0.25,NA,NA,-0.0797045066773919,0.9525831129096007
H17,1,2,HS 7th/8th,8,10,126,NA,NA,NA,2,6,NA,8,Heritage Spanish,NA,NA,NA,Selection,FCT-25,0,NA,NA,NA,NA,NA,NA,NA,Clitics,Feminine,Plural,NA,NA,NA,HS,7th/8th,Late,Yes,8,36,162,2026,0,0.25,NA,NA,-0.0797045066773919,0.9525831129096007
H18,1,1,L2L 4th/5th,5,10,130,NA,NA,NA,3,4,NA,8,"Russian, Lithuanian",No,Yes,Yes,Selection,FCT-03,1,NA,NA,NA,NA,NA,NA,NA,Clitics,Masculine,Singular,NA,NA,NA,L2L,4th/5th,Late,Yes,7,0,130,2023,1,0.42857142857142855,NA,NA,0.0734802565839019,-0.17801248447652016
H18,1,1,L2L 4th/5th,5,10,130,NA,NA,NA,3,4,NA,8,"Russian, Lithuanian",No,Yes,Yes,Selection,FCT-05,1,NA,NA,NA,NA,NA,NA,NA,Clitics,Feminine,Singular,NA,NA,NA,L2L,4th/5th,Late,Yes,7,0,130,2023,1,0.42857142857142855,NA,NA,0.0734802565839019,-0.17801248447652016
H18,1,1,L2L 4th/5th,5,10,130,NA,NA,NA,3,4,NA,8,"Russian, Lithuanian",No,Yes,Yes,Selection,FCT-07,1,NA,NA,NA,NA,NA,NA,NA,Clitics,Masculine,Plural,NA,NA,NA,L2L,4th/5th,Late,Yes,7,0,130,2023,1,0.42857142857142855,NA,NA,0.0734802565839019,-0.17801248447652016
H18,1,1,L2L 4th/5th,5,10,130,NA,NA,NA,3,4,NA,8,"Russian, Lithuanian",No,Yes,Yes,Selection,FCT-09,1,NA,NA,NA,NA,NA,NA,NA,Clitics,Feminine,Plural,NA,NA,NA,L2L,4th/5th,Late,Yes,7,0,130,2023,1,0.42857142857142855,NA,NA,0.0734802565839019,-0.17801248447652016
H18,1,1,L2L 4th/5th,5,10,130,NA,NA,NA,3,4,NA,8,"Russian, Lithuanian",No,Yes,Yes,Selection,FCT-11,1,NA,NA,NA,NA,NA,NA,NA,Clitics,Masculine,Singular,NA,NA,NA,L2L,4th/5th,Late,Yes,7,0,130,2023,1,0.42857142857142855,NA,NA,0.0734802565839019,-0.17801248447652016
H18,1,1,L2L 4th/5th,5,10,130,NA,NA,NA,3,4,NA,8,"Russian, Lithuanian",No,Yes,Yes,Selection,FCT-13,1,NA,NA,NA,NA,NA,NA,NA,Clitics,Feminine,Singular,NA,NA,NA,L2L,4th/5th,Late,Yes,7,0,130,2023,1,0.42857142857142855,NA,NA,0.0734802565839019,-0.17801248447652016
H18,1,1,L2L 4th/5th,5,10,130,NA,NA,NA,3,4,NA,8,"Russian, Lithuanian",No,Yes,Yes,Selection,FCT-15,1,NA,NA,NA,NA,NA,NA,NA,Clitics,Masculine,Plural,NA,NA,NA,L2L,4th/5th,Late,Yes,7,0,130,2023,1,0.42857142857142855,NA,NA,0.0734802565839019,-0.17801248447652016
H18,1,1,L2L 4th/5th,5,10,130,NA,NA,NA,3,4,NA,8,"Russian, Lithuanian",No,Yes,Yes,Selection,FCT-17,0,NA,NA,NA,NA,NA,NA,NA,Clitics,Feminine,Plural,NA,NA,NA,L2L,4th/5th,Late,Yes,7,0,130,2023,0,0.42857142857142855,NA,NA,0.0734802565839019,-0.17801248447652016
H18,1,1,L2L 4th/5th,5,10,130,NA,NA,NA,3,4,NA,8,"Russian, Lithuanian",No,Yes,Yes,Selection,FCT-19,1,NA,NA,NA,NA,NA,NA,NA,Clitics,Masculine,Singular,NA,NA,NA,L2L,4th/5th,Late,Yes,7,0,130,2023,1,0.42857142857142855,NA,NA,0.0734802565839019,-0.17801248447652016
H18,1,1,L2L 4th/5th,5,10,130,NA,NA,NA,3,4,NA,8,"Russian, Lithuanian",No,Yes,Yes,Selection,FCT-21,0,NA,NA,NA,NA,NA,NA,NA,Clitics,Feminine,Singular,NA,NA,NA,L2L,4th/5th,Late,Yes,7,0,130,2023,0,0.42857142857142855,NA,NA,0.0734802565839019,-0.17801248447652016
H18,1,1,L2L 4th/5th,5,10,130,NA,NA,NA,3,4,NA,8,"Russian, Lithuanian",No,Yes,Yes,Selection,FCT-23,1,NA,NA,NA,NA,NA,NA,NA,Clitics,Masculine,Plural,NA,NA,NA,L2L,4th/5th,Late,Yes,7,0,130,2023,1,0.42857142857142855,NA,NA,0.0734802565839019,-0.17801248447652016
H18,1,1,L2L 4th/5th,5,10,130,NA,NA,NA,3,4,NA,8,"Russian, Lithuanian",No,Yes,Yes,Selection,FCT-25,1,NA,NA,NA,NA,NA,NA,NA,Clitics,Feminine,Plural,NA,NA,NA,L2L,4th/5th,Late,Yes,7,0,130,2023,1,0.42857142857142855,NA,NA,0.0734802565839019,-0.17801248447652016
H18,1,2,L2L 7th/8th,8,NA,130,NA,NA,NA,3,4,NA,8,"Russian, Lithuanian",No,Yes,Yes,Selection,FCT-03,0,NA,NA,NA,NA,NA,NA,NA,Clitics,Masculine,Singular,NA,NA,NA,L2L,7th/8th,Late,Yes,7,36,166,2026,0,0.42857142857142855,NA,NA,0.0734802565839019,1.0939075625828658
H18,1,2,L2L 7th/8th,8,NA,130,NA,NA,NA,3,4,NA,8,"Russian, Lithuanian",No,Yes,Yes,Selection,FCT-05,0,NA,NA,NA,NA,NA,NA,NA,Clitics,Feminine,Singular,NA,NA,NA,L2L,7th/8th,Late,Yes,7,36,166,2026,0,0.42857142857142855,NA,NA,0.0734802565839019,1.0939075625828658
H18,1,2,L2L 7th/8th,8,NA,130,NA,NA,NA,3,4,NA,8,"Russian, Lithuanian",No,Yes,Yes,Selection,FCT-07,1,NA,NA,NA,NA,NA,NA,NA,Clitics,Masculine,Plural,NA,NA,NA,L2L,7th/8th,Late,Yes,7,36,166,2026,1,0.42857142857142855,NA,NA,0.0734802565839019,1.0939075625828658
H18,1,2,L2L 7th/8th,8,NA,130,NA,NA,NA,3,4,NA,8,"Russian, Lithuanian",No,Yes,Yes,Selection,FCT-09,1,NA,NA,NA,NA,NA,NA,NA,Clitics,Feminine,Plural,NA,NA,NA,L2L,7th/8th,Late,Yes,7,36,166,2026,1,0.42857142857142855,NA,NA,0.0734802565839019,1.0939075625828658
H18,1,2,L2L 7th/8th,8,NA,130,NA,NA,NA,3,4,NA,8,"Russian, Lithuanian",No,Yes,Yes,Selection,FCT-11,1,NA,NA,NA,NA,NA,NA,NA,Clitics,Masculine,Singular,NA,NA,NA,L2L,7th/8th,Late,Yes,7,36,166,2026,1,0.42857142857142855,NA,NA,0.0734802565839019,1.0939075625828658
H18,1,2,L2L 7th/8th,8,NA,130,NA,NA,NA,3,4,NA,8,"Russian, Lithuanian",No,Yes,Yes,Selection,FCT-13,1,NA,NA,NA,NA,NA,NA,NA,Clitics,Feminine,Singular,NA,NA,NA,L2L,7th/8th,Late,Yes,7,36,166,2026,1,0.42857142857142855,NA,NA,0.0734802565839019,1.0939075625828658
H18,1,2,L2L 7th/8th,8,NA,130,NA,NA,NA,3,4,NA,8,"Russian, Lithuanian",No,Yes,Yes,Selection,FCT-15,1,NA,NA,NA,NA,NA,NA,NA,Clitics,Masculine,Plural,NA,NA,NA,L2L,7th/8th,Late,Yes,7,36,166,2026,1,0.42857142857142855,NA,NA,0.0734802565839019,1.0939075625828658
H18,1,2,L2L 7th/8th,8,NA,130,NA,NA,NA,3,4,NA,8,"Russian, Lithuanian",No,Yes,Yes,Selection,FCT-17,1,NA,NA,NA,NA,NA,NA,NA,Clitics,Feminine,Plural,NA,NA,NA,L2L,7th/8th,Late,Yes,7,36,166,2026,1,0.42857142857142855,NA,NA,0.0734802565839019,1.0939075625828658
H18,1,2,L2L 7th/8th,8,NA,130,NA,NA,NA,3,4,NA,8,"Russian, Lithuanian",No,Yes,Yes,Selection,FCT-19,1,NA,NA,NA,NA,NA,NA,NA,Clitics,Masculine,Singular,NA,NA,NA,L2L,7th/8th,Late,Yes,7,36,166,2026,1,0.42857142857142855,NA,NA,0.0734802565839019,1.0939075625828658
H18,1,2,L2L 7th/8th,8,NA,130,NA,NA,NA,3,4,NA,8,"Russian, Lithuanian",No,Yes,Yes,Selection,FCT-21,0,NA,NA,NA,NA,NA,NA,NA,Clitics,Feminine,Singular,NA,NA,NA,L2L,7th/8th,Late,Yes,7,36,166,2026,0,0.42857142857142855,NA,NA,0.0734802565839019,1.0939075625828658
H18,1,2,L2L 7th/8th,8,NA,130,NA,NA,NA,3,4,NA,8,"Russian, Lithuanian",No,Yes,Yes,Selection,FCT-23,1,NA,NA,NA,NA,NA,NA,NA,Clitics,Masculine,Plural,NA,NA,NA,L2L,7th/8th,Late,Yes,7,36,166,2026,1,0.42857142857142855,NA,NA,0.0734802565839019,1.0939075625828658
H18,1,2,L2L 7th/8th,8,NA,130,NA,NA,NA,3,4,NA,8,"Russian, Lithuanian",No,Yes,Yes,Selection,FCT-25,0,NA,NA,NA,NA,NA,NA,NA,Clitics,Feminine,Plural,NA,NA,NA,L2L,7th/8th,Late,Yes,7,36,166,2026,0,0.42857142857142855,NA,NA,0.0734802565839019,1.0939075625828658
H19,1,1,L2L 4th/5th,5,10,129,NA,NA,NA,2,5,NA,4,Russian,No,Yes,Yes,Selection,FCT-03,0,NA,NA,NA,NA,NA,NA,NA,Clitics,Masculine,Singular,NA,NA,NA,L2L,4th/5th,Late,Yes,7,0,129,2023,0,0.2857142857142857,NA,NA,0.03518406576857845,-0.21334359689483645
H19,1,1,L2L 4th/5th,5,10,129,NA,NA,NA,2,5,NA,4,Russian,No,Yes,Yes,Selection,FCT-05,1,NA,NA,NA,NA,NA,NA,NA,Clitics,Feminine,Singular,NA,NA,NA,L2L,4th/5th,Late,Yes,7,0,129,2023,1,0.2857142857142857,NA,NA,0.03518406576857845,-0.21334359689483645
H19,1,1,L2L 4th/5th,5,10,129,NA,NA,NA,2,5,NA,4,Russian,No,Yes,Yes,Selection,FCT-07,1,NA,NA,NA,NA,NA,NA,NA,Clitics,Masculine,Plural,NA,NA,NA,L2L,4th/5th,Late,Yes,7,0,129,2023,1,0.2857142857142857,NA,NA,0.03518406576857845,-0.21334359689483645
H19,1,1,L2L 4th/5th,5,10,129,NA,NA,NA,2,5,NA,4,Russian,No,Yes,Yes,Selection,FCT-09,0,NA,NA,NA,NA,NA,NA,NA,Clitics,Feminine,Plural,NA,NA,NA,L2L,4th/5th,Late,Yes,7,0,129,2023,0,0.2857142857142857,NA,NA,0.03518406576857845,-0.21334359689483645
H19,1,1,L2L 4th/5th,5,10,129,NA,NA,NA,2,5,NA,4,Russian,No,Yes,Yes,Selection,FCT-11,1,NA,NA,NA,NA,NA,NA,NA,Clitics,Masculine,Singular,NA,NA,NA,L2L,4th/5th,Late,Yes,7,0,129,2023,1,0.2857142857142857,NA,NA,0.03518406576857845,-0.21334359689483645
H19,1,1,L2L 4th/5th,5,10,129,NA,NA,NA,2,5,NA,4,Russian,No,Yes,Yes,Selection,FCT-13,1,NA,NA,NA,NA,NA,NA,NA,Clitics,Feminine,Singular,NA,NA,NA,L2L,4th/5th,Late,Yes,7,0,129,2023,1,0.2857142857142857,NA,NA,0.03518406576857845,-0.21334359689483645
H19,1,1,L2L 4th/5th,5,10,129,NA,NA,NA,2,5,NA,4,Russian,No,Yes,Yes,Selection,FCT-15,0,NA,NA,NA,NA,NA,NA,NA,Clitics,Masculine,Plural,NA,NA,NA,L2L,4th/5th,Late,Yes,7,0,129,2023,0,0.2857142857142857,NA,NA,0.03518406576857845,-0.21334359689483645
H19,1,1,L2L 4th/5th,5,10,129,NA,NA,NA,2,5,NA,4,Russian,No,Yes,Yes,Selection,FCT-17,1,NA,NA,NA,NA,NA,NA,NA,Clitics,Feminine,Plural,NA,NA,NA,L2L,4th/5th,Late,Yes,7,0,129,2023,1,0.2857142857142857,NA,NA,0.03518406576857845,-0.21334359689483645
H19,1,1,L2L 4th/5th,5,10,129,NA,NA,NA,2,5,NA,4,Russian,No,Yes,Yes,Selection,FCT-19,0,NA,NA,NA,NA,NA,NA,NA,Clitics,Masculine,Singular,NA,NA,NA,L2L,4th/5th,Late,Yes,7,0,129,2023,0,0.2857142857142857,NA,NA,0.03518406576857845,-0.21334359689483645
H19,1,1,L2L 4th/5th,5,10,129,NA,NA,NA,2,5,NA,4,Russian,No,Yes,Yes,Selection,FCT-21,1,NA,NA,NA,NA,NA,NA,NA,Clitics,Feminine,Singular,NA,NA,NA,L2L,4th/5th,Late,Yes,7,0,129,2023,1,0.2857142857142857,NA,NA,0.03518406576857845,-0.21334359689483645
H19,1,1,L2L 4th/5th,5,10,129,NA,NA,NA,2,5,NA,4,Russian,No,Yes,Yes,Selection,FCT-23,0,NA,NA,NA,NA,NA,NA,NA,Clitics,Masculine,Plural,NA,NA,NA,L2L,4th/5th,Late,Yes,7,0,129,2023,0,0.2857142857142857,NA,NA,0.03518406576857845,-0.21334359689483645
H19,1,1,L2L 4th/5th,5,10,129,NA,NA,NA,2,5,NA,4,Russian,No,Yes,Yes,Selection,FCT-25,1,NA,NA,NA,NA,NA,NA,NA,Clitics,Feminine,Plural,NA,NA,NA,L2L,4th/5th,Late,Yes,7,0,129,2023,1,0.2857142857142857,NA,NA,0.03518406576857845,-0.21334359689483645
H19,1,2,L2L 7th/8th,8,10,129,NA,NA,NA,2,5,NA,4,Russian,No,Yes,Yes,Selection,FCT-03,0,NA,NA,NA,NA,NA,NA,NA,Clitics,Masculine,Singular,NA,NA,NA,L2L,7th/8th,Late,Yes,7,36,165,2026,0,0.2857142857142857,NA,NA,0.03518406576857845,1.0585764501645496
H19,1,2,L2L 7th/8th,8,10,129,NA,NA,NA,2,5,NA,4,Russian,No,Yes,Yes,Selection,FCT-05,0,NA,NA,NA,NA,NA,NA,NA,Clitics,Feminine,Singular,NA,NA,NA,L2L,7th/8th,Late,Yes,7,36,165,2026,0,0.2857142857142857,NA,NA,0.03518406576857845,1.0585764501645496
H19,1,2,L2L 7th/8th,8,10,129,NA,NA,NA,2,5,NA,4,Russian,No,Yes,Yes,Selection,FCT-07,1,NA,NA,NA,NA,NA,NA,NA,Clitics,Masculine,Plural,NA,NA,NA,L2L,7th/8th,Late,Yes,7,36,165,2026,1,0.2857142857142857,NA,NA,0.03518406576857845,1.0585764501645496
H19,1,2,L2L 7th/8th,8,10,129,NA,NA,NA,2,5,NA,4,Russian,No,Yes,Yes,Selection,FCT-09,1,NA,NA,NA,NA,NA,NA,NA,Clitics,Feminine,Plural,NA,NA,NA,L2L,7th/8th,Late,Yes,7,36,165,2026,1,0.2857142857142857,NA,NA,0.03518406576857845,1.0585764501645496
H19,1,2,L2L 7th/8th,8,10,129,NA,NA,NA,2,5,NA,4,Russian,No,Yes,Yes,Selection,FCT-11,1,NA,NA,NA,NA,NA,NA,NA,Clitics,Masculine,Singular,NA,NA,NA,L2L,7th/8th,Late,Yes,7,36,165,2026,1,0.2857142857142857,NA,NA,0.03518406576857845,1.0585764501645496
H19,1,2,L2L 7th/8th,8,10,129,NA,NA,NA,2,5,NA,4,Russian,No,Yes,Yes,Selection,FCT-13,1,NA,NA,NA,NA,NA,NA,NA,Clitics,Feminine,Singular,NA,NA,NA,L2L,7th/8th,Late,Yes,7,36,165,2026,1,0.2857142857142857,NA,NA,0.03518406576857845,1.0585764501645496
H19,1,2,L2L 7th/8th,8,10,129,NA,NA,NA,2,5,NA,4,Russian,No,Yes,Yes,Selection,FCT-15,1,NA,NA,NA,NA,NA,NA,NA,Clitics,Masculine,Plural,NA,NA,NA,L2L,7th/8th,Late,Yes,7,36,165,2026,1,0.2857142857142857,NA,NA,0.03518406576857845,1.0585764501645496
H19,1,2,L2L 7th/8th,8,10,129,NA,NA,NA,2,5,NA,4,Russian,No,Yes,Yes,Selection,FCT-17,1,NA,NA,NA,NA,NA,NA,NA,Clitics,Feminine,Plural,NA,NA,NA,L2L,7th/8th,Late,Yes,7,36,165,2026,1,0.2857142857142857,NA,NA,0.03518406576857845,1.0585764501645496
H19,1,2,L2L 7th/8th,8,10,129,NA,NA,NA,2,5,NA,4,Russian,No,Yes,Yes,Selection,FCT-19,1,NA,NA,NA,NA,NA,NA,NA,Clitics,Masculine,Singular,NA,NA,NA,L2L,7th/8th,Late,Yes,7,36,165,2026,1,0.2857142857142857,NA,NA,0.03518406576857845,1.0585764501645496
H19,1,2,L2L 7th/8th,8,10,129,NA,NA,NA,2,5,NA,4,Russian,No,Yes,Yes,Selection,FCT-21,0,NA,NA,NA,NA,NA,NA,NA,Clitics,Feminine,Singular,NA,NA,NA,L2L,7th/8th,Late,Yes,7,36,165,2026,0,0.2857142857142857,NA,NA,0.03518406576857845,1.0585764501645496
H19,1,2,L2L 7th/8th,8,10,129,NA,NA,NA,2,5,NA,4,Russian,No,Yes,Yes,Selection,FCT-23,1,NA,NA,NA,NA,NA,NA,NA,Clitics,Masculine,Plural,NA,NA,NA,L2L,7th/8th,Late,Yes,7,36,165,2026,1,0.2857142857142857,NA,NA,0.03518406576857845,1.0585764501645496
H19,1,2,L2L 7th/8th,8,10,129,NA,NA,NA,2,5,NA,4,Russian,No,Yes,Yes,Selection,FCT-25,0,NA,NA,NA,NA,NA,NA,NA,Clitics,Feminine,Plural,NA,NA,NA,L2L,7th/8th,Late,Yes,7,36,165,2026,0,0.2857142857142857,NA,NA,0.03518406576857845,1.0585764501645496
H20,1,1,HS 4th/5th,5,11,138,NA,NA,NA,5,5,NA,8,Heritage Spanish,NA,NA,NA,Selection,FCT-03,1,NA,NA,NA,NA,NA,NA,NA,Clitics,Masculine,Singular,NA,NA,NA,HS,4th/5th,Late,Yes,10,0,138,2023,1,0.5,NA,NA,0.3798497831064895,0.10463641487001005
H20,1,1,HS 4th/5th,5,11,138,NA,NA,NA,5,5,NA,8,Heritage Spanish,NA,NA,NA,Selection,FCT-05,1,NA,NA,NA,NA,NA,NA,NA,Clitics,Feminine,Singular,NA,NA,NA,HS,4th/5th,Late,Yes,10,0,138,2023,1,0.5,NA,NA,0.3798497831064895,0.10463641487001005
H20,1,1,HS 4th/5th,5,11,138,NA,NA,NA,5,5,NA,8,Heritage Spanish,NA,NA,NA,Selection,FCT-07,0,NA,NA,NA,NA,NA,NA,NA,Clitics,Masculine,Plural,NA,NA,NA,HS,4th/5th,Late,Yes,10,0,138,2023,0,0.5,NA,NA,0.3798497831064895,0.10463641487001005
H20,1,1,HS 4th/5th,5,11,138,NA,NA,NA,5,5,NA,8,Heritage Spanish,NA,NA,NA,Selection,FCT-09,0,NA,NA,NA,NA,NA,NA,NA,Clitics,Feminine,Plural,NA,NA,NA,HS,4th/5th,Late,Yes,10,0,138,2023,0,0.5,NA,NA,0.3798497831064895,0.10463641487001005
H20,1,1,HS 4th/5th,5,11,138,NA,NA,NA,5,5,NA,8,Heritage Spanish,NA,NA,NA,Selection,FCT-11,1,NA,NA,NA,NA,NA,NA,NA,Clitics,Masculine,Singular,NA,NA,NA,HS,4th/5th,Late,Yes,10,0,138,2023,1,0.5,NA,NA,0.3798497831064895,0.10463641487001005
H20,1,1,HS 4th/5th,5,11,138,NA,NA,NA,5,5,NA,8,Heritage Spanish,NA,NA,NA,Selection,FCT-13,1,NA,NA,NA,NA,NA,NA,NA,Clitics,Feminine,Singular,NA,NA,NA,HS,4th/5th,Late,Yes,10,0,138,2023,1,0.5,NA,NA,0.3798497831064895,0.10463641487001005
H20,1,1,HS 4th/5th,5,11,138,NA,NA,NA,5,5,NA,8,Heritage Spanish,NA,NA,NA,Selection,FCT-15,0,NA,NA,NA,NA,NA,NA,NA,Clitics,Masculine,Plural,NA,NA,NA,HS,4th/5th,Late,Yes,10,0,138,2023,0,0.5,NA,NA,0.3798497831064895,0.10463641487001005
H20,1,1,HS 4th/5th,5,11,138,NA,NA,NA,5,5,NA,8,Heritage Spanish,NA,NA,NA,Selection,FCT-17,0,NA,NA,NA,NA,NA,NA,NA,Clitics,Feminine,Plural,NA,NA,NA,HS,4th/5th,Late,Yes,10,0,138,2023,0,0.5,NA,NA,0.3798497831064895,0.10463641487001005
H20,1,1,HS 4th/5th,5,11,138,NA,NA,NA,5,5,NA,8,Heritage Spanish,NA,NA,NA,Selection,FCT-19,0,NA,NA,NA,NA,NA,NA,NA,Clitics,Masculine,Singular,NA,NA,NA,HS,4th/5th,Late,Yes,10,0,138,2023,0,0.5,NA,NA,0.3798497831064895,0.10463641487001005
H20,1,1,HS 4th/5th,5,11,138,NA,NA,NA,5,5,NA,8,Heritage Spanish,NA,NA,NA,Selection,FCT-21,1,NA,NA,NA,NA,NA,NA,NA,Clitics,Feminine,Singular,NA,NA,NA,HS,4th/5th,Late,Yes,10,0,138,2023,1,0.5,NA,NA,0.3798497831064895,0.10463641487001005
H20,1,1,HS 4th/5th,5,11,138,NA,NA,NA,5,5,NA,8,Heritage Spanish,NA,NA,NA,Selection,FCT-23,1,NA,NA,NA,NA,NA,NA,NA,Clitics,Masculine,Plural,NA,NA,NA,HS,4th/5th,Late,Yes,10,0,138,2023,1,0.5,NA,NA,0.3798497831064895,0.10463641487001005
H20,1,1,HS 4th/5th,5,11,138,NA,NA,NA,5,5,NA,8,Heritage Spanish,NA,NA,NA,Selection,FCT-25,1,NA,NA,NA,NA,NA,NA,NA,Clitics,Feminine,Plural,NA,NA,NA,HS,4th/5th,Late,Yes,10,0,138,2023,1,0.5,NA,NA,0.3798497831064895,0.10463641487001005
H21,1,1,L2L 4th/5th,5,11,139,NA,NA,NA,NA,NA,NA,8,L2 learner,L2,L2,L2,Selection,FCT-03,0,NA,NA,NA,NA,NA,NA,NA,Clitics,Masculine,Singular,NA,NA,NA,L2L,4th/5th,Late,Yes,NA,0,139,2023,0,NA,NA,NA,0.41814597392181296,0.13996752728832632
H21,1,1,L2L 4th/5th,5,11,139,NA,NA,NA,NA,NA,NA,8,L2 learner,L2,L2,L2,Selection,FCT-05,0,NA,NA,NA,NA,NA,NA,NA,Clitics,Feminine,Singular,NA,NA,NA,L2L,4th/5th,Late,Yes,NA,0,139,2023,0,NA,NA,NA,0.41814597392181296,0.13996752728832632
H21,1,1,L2L 4th/5th,5,11,139,NA,NA,NA,NA,NA,NA,8,L2 learner,L2,L2,L2,Selection,FCT-07,1,NA,NA,NA,NA,NA,NA,NA,Clitics,Masculine,Plural,NA,NA,NA,L2L,4th/5th,Late,Yes,NA,0,139,2023,1,NA,NA,NA,0.41814597392181296,0.13996752728832632
H21,1,1,L2L 4th/5th,5,11,139,NA,NA,NA,NA,NA,NA,8,L2 learner,L2,L2,L2,Selection,FCT-09,1,NA,NA,NA,NA,NA,NA,NA,Clitics,Feminine,Plural,NA,NA,NA,L2L,4th/5th,Late,Yes,NA,0,139,2023,1,NA,NA,NA,0.41814597392181296,0.13996752728832632
H21,1,1,L2L 4th/5th,5,11,139,NA,NA,NA,NA,NA,NA,8,L2 learner,L2,L2,L2,Selection,FCT-11,1,NA,NA,NA,NA,NA,NA,NA,Clitics,Masculine,Singular,NA,NA,NA,L2L,4th/5th,Late,Yes,NA,0,139,2023,1,NA,NA,NA,0.41814597392181296,0.13996752728832632
H21,1,1,L2L 4th/5th,5,11,139,NA,NA,NA,NA,NA,NA,8,L2 learner,L2,L2,L2,Selection,FCT-13,1,NA,NA,NA,NA,NA,NA,NA,Clitics,Feminine,Singular,NA,NA,NA,L2L,4th/5th,Late,Yes,NA,0,139,2023,1,NA,NA,NA,0.41814597392181296,0.13996752728832632
H21,1,1,L2L 4th/5th,5,11,139,NA,NA,NA,NA,NA,NA,8,L2 learner,L2,L2,L2,Selection,FCT-15,1,NA,NA,NA,NA,NA,NA,NA,Clitics,Masculine,Plural,NA,NA,NA,L2L,4th/5th,Late,Yes,NA,0,139,2023,1,NA,NA,NA,0.41814597392181296,0.13996752728832632
H21,1,1,L2L 4th/5th,5,11,139,NA,NA,NA,NA,NA,NA,8,L2 learner,L2,L2,L2,Selection,FCT-17,1,NA,NA,NA,NA,NA,NA,NA,Clitics,Feminine,Plural,NA,NA,NA,L2L,4th/5th,Late,Yes,NA,0,139,2023,1,NA,NA,NA,0.41814597392181296,0.13996752728832632
H21,1,1,L2L 4th/5th,5,11,139,NA,NA,NA,NA,NA,NA,8,L2 learner,L2,L2,L2,Selection,FCT-19,1,NA,NA,NA,NA,NA,NA,NA,Clitics,Masculine,Singular,NA,NA,NA,L2L,4th/5th,Late,Yes,NA,0,139,2023,1,NA,NA,NA,0.41814597392181296,0.13996752728832632
H21,1,1,L2L 4th/5th,5,11,139,NA,NA,NA,NA,NA,NA,8,L2 learner,L2,L2,L2,Selection,FCT-21,1,NA,NA,NA,NA,NA,NA,NA,Clitics,Feminine,Singular,NA,NA,NA,L2L,4th/5th,Late,Yes,NA,0,139,2023,1,NA,NA,NA,0.41814597392181296,0.13996752728832632
H21,1,1,L2L 4th/5th,5,11,139,NA,NA,NA,NA,NA,NA,8,L2 learner,L2,L2,L2,Selection,FCT-23,1,NA,NA,NA,NA,NA,NA,NA,Clitics,Masculine,Plural,NA,NA,NA,L2L,4th/5th,Late,Yes,NA,0,139,2023,1,NA,NA,NA,0.41814597392181296,0.13996752728832632
H21,1,1,L2L 4th/5th,5,11,139,NA,NA,NA,NA,NA,NA,8,L2 learner,L2,L2,L2,Selection,FCT-25,0,NA,NA,NA,NA,NA,NA,NA,Clitics,Feminine,Plural,NA,NA,NA,L2L,4th/5th,Late,Yes,NA,0,139,2023,0,NA,NA,NA,0.41814597392181296,0.13996752728832632
H22,1,1,HS 4th/5th,5,11,138,NA,NA,NA,4,3,NA,8,Heritage Spanish,NA,NA,NA,Selection,FCT-03,1,NA,NA,NA,NA,NA,NA,NA,Clitics,Masculine,Singular,NA,NA,NA,HS,4th/5th,Late,Yes,7,0,138,2023,1,0.5714285714285714,NA,NA,0.3798497831064895,0.10463641487001005
H22,1,1,HS 4th/5th,5,11,138,NA,NA,NA,4,3,NA,8,Heritage Spanish,NA,NA,NA,Selection,FCT-05,0,NA,NA,NA,NA,NA,NA,NA,Clitics,Feminine,Singular,NA,NA,NA,HS,4th/5th,Late,Yes,7,0,138,2023,0,0.5714285714285714,NA,NA,0.3798497831064895,0.10463641487001005
H22,1,1,HS 4th/5th,5,11,138,NA,NA,NA,4,3,NA,8,Heritage Spanish,NA,NA,NA,Selection,FCT-07,0,NA,NA,NA,NA,NA,NA,NA,Clitics,Masculine,Plural,NA,NA,NA,HS,4th/5th,Late,Yes,7,0,138,2023,0,0.5714285714285714,NA,NA,0.3798497831064895,0.10463641487001005
H22,1,1,HS 4th/5th,5,11,138,NA,NA,NA,4,3,NA,8,Heritage Spanish,NA,NA,NA,Selection,FCT-09,1,NA,NA,NA,NA,NA,NA,NA,Clitics,Feminine,Plural,NA,NA,NA,HS,4th/5th,Late,Yes,7,0,138,2023,1,0.5714285714285714,NA,NA,0.3798497831064895,0.10463641487001005
H22,1,1,HS 4th/5th,5,11,138,NA,NA,NA,4,3,NA,8,Heritage Spanish,NA,NA,NA,Selection,FCT-11,1,NA,NA,NA,NA,NA,NA,NA,Clitics,Masculine,Singular,NA,NA,NA,HS,4th/5th,Late,Yes,7,0,138,2023,1,0.5714285714285714,NA,NA,0.3798497831064895,0.10463641487001005
H22,1,1,HS 4th/5th,5,11,138,NA,NA,NA,4,3,NA,8,Heritage Spanish,NA,NA,NA,Selection,FCT-13,1,NA,NA,NA,NA,NA,NA,NA,Clitics,Feminine,Singular,NA,NA,NA,HS,4th/5th,Late,Yes,7,0,138,2023,1,0.5714285714285714,NA,NA,0.3798497831064895,0.10463641487001005
H22,1,1,HS 4th/5th,5,11,138,NA,NA,NA,4,3,NA,8,Heritage Spanish,NA,NA,NA,Selection,FCT-15,1,NA,NA,NA,NA,NA,NA,NA,Clitics,Masculine,Plural,NA,NA,NA,HS,4th/5th,Late,Yes,7,0,138,2023,1,0.5714285714285714,NA,NA,0.3798497831064895,0.10463641487001005
H22,1,1,HS 4th/5th,5,11,138,NA,NA,NA,4,3,NA,8,Heritage Spanish,NA,NA,NA,Selection,FCT-17,1,NA,NA,NA,NA,NA,NA,NA,Clitics,Feminine,Plural,NA,NA,NA,HS,4th/5th,Late,Yes,7,0,138,2023,1,0.5714285714285714,NA,NA,0.3798497831064895,0.10463641487001005
H22,1,1,HS 4th/5th,5,11,138,NA,NA,NA,4,3,NA,8,Heritage Spanish,NA,NA,NA,Selection,FCT-19,1,NA,NA,NA,NA,NA,NA,NA,Clitics,Masculine,Singular,NA,NA,NA,HS,4th/5th,Late,Yes,7,0,138,2023,1,0.5714285714285714,NA,NA,0.3798497831064895,0.10463641487001005
H22,1,1,HS 4th/5th,5,11,138,NA,NA,NA,4,3,NA,8,Heritage Spanish,NA,NA,NA,Selection,FCT-21,0,NA,NA,NA,NA,NA,NA,NA,Clitics,Feminine,Singular,NA,NA,NA,HS,4th/5th,Late,Yes,7,0,138,2023,0,0.5714285714285714,NA,NA,0.3798497831064895,0.10463641487001005
H22,1,1,HS 4th/5th,5,11,138,NA,NA,NA,4,3,NA,8,Heritage Spanish,NA,NA,NA,Selection,FCT-23,1,NA,NA,NA,NA,NA,NA,NA,Clitics,Masculine,Plural,NA,NA,NA,HS,4th/5th,Late,Yes,7,0,138,2023,1,0.5714285714285714,NA,NA,0.3798497831064895,0.10463641487001005
H22,1,1,HS 4th/5th,5,11,138,NA,NA,NA,4,3,NA,8,Heritage Spanish,NA,NA,NA,Selection,FCT-25,1,NA,NA,NA,NA,NA,NA,NA,Clitics,Feminine,Plural,NA,NA,NA,HS,4th/5th,Late,Yes,7,0,138,2023,1,0.5714285714285714,NA,NA,0.3798497831064895,0.10463641487001005
H22,1,2,HS 7th/8th,8,NA,138,NA,NA,NA,4,3,NA,8,Heritage Spanish,NA,NA,NA,Selection,FCT-03,1,NA,NA,NA,NA,NA,NA,NA,Clitics,Masculine,Singular,NA,NA,NA,HS,7th/8th,Late,Yes,7,36,174,2026,1,0.5714285714285714,NA,NA,0.3798497831064895,1.376556461929396
H22,1,2,HS 7th/8th,8,NA,138,NA,NA,NA,4,3,NA,8,Heritage Spanish,NA,NA,NA,Selection,FCT-05,0,NA,NA,NA,NA,NA,NA,NA,Clitics,Feminine,Singular,NA,NA,NA,HS,7th/8th,Late,Yes,7,36,174,2026,0,0.5714285714285714,NA,NA,0.3798497831064895,1.376556461929396
H22,1,2,HS 7th/8th,8,NA,138,NA,NA,NA,4,3,NA,8,Heritage Spanish,NA,NA,NA,Selection,FCT-07,0,NA,NA,NA,NA,NA,NA,NA,Clitics,Masculine,Plural,NA,NA,NA,HS,7th/8th,Late,Yes,7,36,174,2026,0,0.5714285714285714,NA,NA,0.3798497831064895,1.376556461929396
H22,1,2,HS 7th/8th,8,NA,138,NA,NA,NA,4,3,NA,8,Heritage Spanish,NA,NA,NA,Selection,FCT-09,1,NA,NA,NA,NA,NA,NA,NA,Clitics,Feminine,Plural,NA,NA,NA,HS,7th/8th,Late,Yes,7,36,174,2026,1,0.5714285714285714,NA,NA,0.3798497831064895,1.376556461929396
H22,1,2,HS 7th/8th,8,NA,138,NA,NA,NA,4,3,NA,8,Heritage Spanish,NA,NA,NA,Selection,FCT-11,1,NA,NA,NA,NA,NA,NA,NA,Clitics,Masculine,Singular,NA,NA,NA,HS,7th/8th,Late,Yes,7,36,174,2026,1,0.5714285714285714,NA,NA,0.3798497831064895,1.376556461929396
H22,1,2,HS 7th/8th,8,NA,138,NA,NA,NA,4,3,NA,8,Heritage Spanish,NA,NA,NA,Selection,FCT-13,0,NA,NA,NA,NA,NA,NA,NA,Clitics,Feminine,Singular,NA,NA,NA,HS,7th/8th,Late,Yes,7,36,174,2026,0,0.5714285714285714,NA,NA,0.3798497831064895,1.376556461929396
H22,1,2,HS 7th/8th,8,NA,138,NA,NA,NA,4,3,NA,8,Heritage Spanish,NA,NA,NA,Selection,FCT-15,1,NA,NA,NA,NA,NA,NA,NA,Clitics,Masculine,Plural,NA,NA,NA,HS,7th/8th,Late,Yes,7,36,174,2026,1,0.5714285714285714,NA,NA,0.3798497831064895,1.376556461929396
H22,1,2,HS 7th/8th,8,NA,138,NA,NA,NA,4,3,NA,8,Heritage Spanish,NA,NA,NA,Selection,FCT-17,1,NA,NA,NA,NA,NA,NA,NA,Clitics,Feminine,Plural,NA,NA,NA,HS,7th/8th,Late,Yes,7,36,174,2026,1,0.5714285714285714,NA,NA,0.3798497831064895,1.376556461929396
H22,1,2,HS 7th/8th,8,NA,138,NA,NA,NA,4,3,NA,8,Heritage Spanish,NA,NA,NA,Selection,FCT-19,1,NA,NA,NA,NA,NA,NA,NA,Clitics,Masculine,Singular,NA,NA,NA,HS,7th/8th,Late,Yes,7,36,174,2026,1,0.5714285714285714,NA,NA,0.3798497831064895,1.376556461929396
H22,1,2,HS 7th/8th,8,NA,138,NA,NA,NA,4,3,NA,8,Heritage Spanish,NA,NA,NA,Selection,FCT-21,1,NA,NA,NA,NA,NA,NA,NA,Clitics,Feminine,Singular,NA,NA,NA,HS,7th/8th,Late,Yes,7,36,174,2026,1,0.5714285714285714,NA,NA,0.3798497831064895,1.376556461929396
H22,1,2,HS 7th/8th,8,NA,138,NA,NA,NA,4,3,NA,8,Heritage Spanish,NA,NA,NA,Selection,FCT-23,1,NA,NA,NA,NA,NA,NA,NA,Clitics,Masculine,Plural,NA,NA,NA,HS,7th/8th,Late,Yes,7,36,174,2026,1,0.5714285714285714,NA,NA,0.3798497831064895,1.376556461929396
H22,1,2,HS 7th/8th,8,NA,138,NA,NA,NA,4,3,NA,8,Heritage Spanish,NA,NA,NA,Selection,FCT-25,0,NA,NA,NA,NA,NA,NA,NA,Clitics,Feminine,Plural,NA,NA,NA,HS,7th/8th,Late,Yes,7,36,174,2026,0,0.5714285714285714,NA,NA,0.3798497831064895,1.376556461929396
H23,1,1,L2L 4th/5th,5,11,137,NA,NA,NA,2,3,NA,8,L2 learner,L2,L2,L2,Selection,FCT-03,1,NA,NA,NA,NA,NA,NA,NA,Clitics,Masculine,Singular,NA,NA,NA,L2L,4th/5th,Late,Yes,5,0,137,2023,1,0.4,NA,NA,0.34155359229116605,0.06930530245169376
H23,1,1,L2L 4th/5th,5,11,137,NA,NA,NA,2,3,NA,8,L2 learner,L2,L2,L2,Selection,FCT-05,0,NA,NA,NA,NA,NA,NA,NA,Clitics,Feminine,Singular,NA,NA,NA,L2L,4th/5th,Late,Yes,5,0,137,2023,0,0.4,NA,NA,0.34155359229116605,0.06930530245169376
H23,1,1,L2L 4th/5th,5,11,137,NA,NA,NA,2,3,NA,8,L2 learner,L2,L2,L2,Selection,FCT-07,1,NA,NA,NA,NA,NA,NA,NA,Clitics,Masculine,Plural,NA,NA,NA,L2L,4th/5th,Late,Yes,5,0,137,2023,1,0.4,NA,NA,0.34155359229116605,0.06930530245169376
H23,1,1,L2L 4th/5th,5,11,137,NA,NA,NA,2,3,NA,8,L2 learner,L2,L2,L2,Selection,FCT-09,0,NA,NA,NA,NA,NA,NA,NA,Clitics,Feminine,Plural,NA,NA,NA,L2L,4th/5th,Late,Yes,5,0,137,2023,0,0.4,NA,NA,0.34155359229116605,0.06930530245169376
H23,1,1,L2L 4th/5th,5,11,137,NA,NA,NA,2,3,NA,8,L2 learner,L2,L2,L2,Selection,FCT-11,1,NA,NA,NA,NA,NA,NA,NA,Clitics,Masculine,Singular,NA,NA,NA,L2L,4th/5th,Late,Yes,5,0,137,2023,1,0.4,NA,NA,0.34155359229116605,0.06930530245169376
H23,1,1,L2L 4th/5th,5,11,137,NA,NA,NA,2,3,NA,8,L2 learner,L2,L2,L2,Selection,FCT-13,1,NA,NA,NA,NA,NA,NA,NA,Clitics,Feminine,Singular,NA,NA,NA,L2L,4th/5th,Late,Yes,5,0,137,2023,1,0.4,NA,NA,0.34155359229116605,0.06930530245169376
H23,1,1,L2L 4th/5th,5,11,137,NA,NA,NA,2,3,NA,8,L2 learner,L2,L2,L2,Selection,FCT-15,1,NA,NA,NA,NA,NA,NA,NA,Clitics,Masculine,Plural,NA,NA,NA,L2L,4th/5th,Late,Yes,5,0,137,2023,1,0.4,NA,NA,0.34155359229116605,0.06930530245169376
H23,1,1,L2L 4th/5th,5,11,137,NA,NA,NA,2,3,NA,8,L2 learner,L2,L2,L2,Selection,FCT-17,1,NA,NA,NA,NA,NA,NA,NA,Clitics,Feminine,Plural,NA,NA,NA,L2L,4th/5th,Late,Yes,5,0,137,2023,1,0.4,NA,NA,0.34155359229116605,0.06930530245169376
H23,1,1,L2L 4th/5th,5,11,137,NA,NA,NA,2,3,NA,8,L2 learner,L2,L2,L2,Selection,FCT-19,1,NA,NA,NA,NA,NA,NA,NA,Clitics,Masculine,Singular,NA,NA,NA,L2L,4th/5th,Late,Yes,5,0,137,2023,1,0.4,NA,NA,0.34155359229116605,0.06930530245169376
H23,1,1,L2L 4th/5th,5,11,137,NA,NA,NA,2,3,NA,8,L2 learner,L2,L2,L2,Selection,FCT-21,1,NA,NA,NA,NA,NA,NA,NA,Clitics,Feminine,Singular,NA,NA,NA,L2L,4th/5th,Late,Yes,5,0,137,2023,1,0.4,NA,NA,0.34155359229116605,0.06930530245169376
H23,1,1,L2L 4th/5th,5,11,137,NA,NA,NA,2,3,NA,8,L2 learner,L2,L2,L2,Selection,FCT-23,1,NA,NA,NA,NA,NA,NA,NA,Clitics,Masculine,Plural,NA,NA,NA,L2L,4th/5th,Late,Yes,5,0,137,2023,1,0.4,NA,NA,0.34155359229116605,0.06930530245169376
H23,1,1,L2L 4th/5th,5,11,137,NA,NA,NA,2,3,NA,8,L2 learner,L2,L2,L2,Selection,FCT-25,0,NA,NA,NA,NA,NA,NA,NA,Clitics,Feminine,Plural,NA,NA,NA,L2L,4th/5th,Late,Yes,5,0,137,2023,0,0.4,NA,NA,0.34155359229116605,0.06930530245169376
H23,1,2,L2L 7th/8th,8,NA,137,NA,NA,NA,2,3,NA,8,L2 learner,L2,L2,L2,Selection,FCT-03,1,NA,NA,NA,NA,NA,NA,NA,Clitics,Masculine,Singular,NA,NA,NA,L2L,7th/8th,Late,Yes,5,36,173,2026,1,0.4,NA,NA,0.34155359229116605,1.3412253495110797
H23,1,2,L2L 7th/8th,8,NA,137,NA,NA,NA,2,3,NA,8,L2 learner,L2,L2,L2,Selection,FCT-05,1,NA,NA,NA,NA,NA,NA,NA,Clitics,Feminine,Singular,NA,NA,NA,L2L,7th/8th,Late,Yes,5,36,173,2026,1,0.4,NA,NA,0.34155359229116605,1.3412253495110797
H23,1,2,L2L 7th/8th,8,NA,137,NA,NA,NA,2,3,NA,8,L2 learner,L2,L2,L2,Selection,FCT-07,1,NA,NA,NA,NA,NA,NA,NA,Clitics,Masculine,Plural,NA,NA,NA,L2L,7th/8th,Late,Yes,5,36,173,2026,1,0.4,NA,NA,0.34155359229116605,1.3412253495110797
H23,1,2,L2L 7th/8th,8,NA,137,NA,NA,NA,2,3,NA,8,L2 learner,L2,L2,L2,Selection,FCT-09,1,NA,NA,NA,NA,NA,NA,NA,Clitics,Feminine,Plural,NA,NA,NA,L2L,7th/8th,Late,Yes,5,36,173,2026,1,0.4,NA,NA,0.34155359229116605,1.3412253495110797
H23,1,2,L2L 7th/8th,8,NA,137,NA,NA,NA,2,3,NA,8,L2 learner,L2,L2,L2,Selection,FCT-11,1,NA,NA,NA,NA,NA,NA,NA,Clitics,Masculine,Singular,NA,NA,NA,L2L,7th/8th,Late,Yes,5,36,173,2026,1,0.4,NA,NA,0.34155359229116605,1.3412253495110797
H23,1,2,L2L 7th/8th,8,NA,137,NA,NA,NA,2,3,NA,8,L2 learner,L2,L2,L2,Selection,FCT-13,1,NA,NA,NA,NA,NA,NA,NA,Clitics,Feminine,Singular,NA,NA,NA,L2L,7th/8th,Late,Yes,5,36,173,2026,1,0.4,NA,NA,0.34155359229116605,1.3412253495110797
H23,1,2,L2L 7th/8th,8,NA,137,NA,NA,NA,2,3,NA,8,L2 learner,L2,L2,L2,Selection,FCT-15,1,NA,NA,NA,NA,NA,NA,NA,Clitics,Masculine,Plural,NA,NA,NA,L2L,7th/8th,Late,Yes,5,36,173,2026,1,0.4,NA,NA,0.34155359229116605,1.3412253495110797
H23,1,2,L2L 7th/8th,8,NA,137,NA,NA,NA,2,3,NA,8,L2 learner,L2,L2,L2,Selection,FCT-17,1,NA,NA,NA,NA,NA,NA,NA,Clitics,Feminine,Plural,NA,NA,NA,L2L,7th/8th,Late,Yes,5,36,173,2026,1,0.4,NA,NA,0.34155359229116605,1.3412253495110797
H23,1,2,L2L 7th/8th,8,NA,137,NA,NA,NA,2,3,NA,8,L2 learner,L2,L2,L2,Selection,FCT-19,1,NA,NA,NA,NA,NA,NA,NA,Clitics,Masculine,Singular,NA,NA,NA,L2L,7th/8th,Late,Yes,5,36,173,2026,1,0.4,NA,NA,0.34155359229116605,1.3412253495110797
H23,1,2,L2L 7th/8th,8,NA,137,NA,NA,NA,2,3,NA,8,L2 learner,L2,L2,L2,Selection,FCT-21,1,NA,NA,NA,NA,NA,NA,NA,Clitics,Feminine,Singular,NA,NA,NA,L2L,7th/8th,Late,Yes,5,36,173,2026,1,0.4,NA,NA,0.34155359229116605,1.3412253495110797
H23,1,2,L2L 7th/8th,8,NA,137,NA,NA,NA,2,3,NA,8,L2 learner,L2,L2,L2,Selection,FCT-23,1,NA,NA,NA,NA,NA,NA,NA,Clitics,Masculine,Plural,NA,NA,NA,L2L,7th/8th,Late,Yes,5,36,173,2026,1,0.4,NA,NA,0.34155359229116605,1.3412253495110797
H23,1,2,L2L 7th/8th,8,NA,137,NA,NA,NA,2,3,NA,8,L2 learner,L2,L2,L2,Selection,FCT-25,1,NA,NA,NA,NA,NA,NA,NA,Clitics,Feminine,Plural,NA,NA,NA,L2L,7th/8th,Late,Yes,5,36,173,2026,1,0.4,NA,NA,0.34155359229116605,1.3412253495110797
H24,1,1,HS 4th/5th,5,11,138,NA,NA,NA,2,3,NA,8,Heritage Spanish,NA,NA,NA,Selection,FCT-03,1,NA,NA,NA,NA,NA,NA,NA,Clitics,Masculine,Singular,NA,NA,NA,HS,4th/5th,Late,Yes,5,0,138,2023,1,0.4,NA,NA,0.3798497831064895,0.10463641487001005
H24,1,1,HS 4th/5th,5,11,138,NA,NA,NA,2,3,NA,8,Heritage Spanish,NA,NA,NA,Selection,FCT-05,0,NA,NA,NA,NA,NA,NA,NA,Clitics,Feminine,Singular,NA,NA,NA,HS,4th/5th,Late,Yes,5,0,138,2023,0,0.4,NA,NA,0.3798497831064895,0.10463641487001005
H24,1,1,HS 4th/5th,5,11,138,NA,NA,NA,2,3,NA,8,Heritage Spanish,NA,NA,NA,Selection,FCT-07,1,NA,NA,NA,NA,NA,NA,NA,Clitics,Masculine,Plural,NA,NA,NA,HS,4th/5th,Late,Yes,5,0,138,2023,1,0.4,NA,NA,0.3798497831064895,0.10463641487001005
H24,1,1,HS 4th/5th,5,11,138,NA,NA,NA,2,3,NA,8,Heritage Spanish,NA,NA,NA,Selection,FCT-09,0,NA,NA,NA,NA,NA,NA,NA,Clitics,Feminine,Plural,NA,NA,NA,HS,4th/5th,Late,Yes,5,0,138,2023,0,0.4,NA,NA,0.3798497831064895,0.10463641487001005
H24,1,1,HS 4th/5th,5,11,138,NA,NA,NA,2,3,NA,8,Heritage Spanish,NA,NA,NA,Selection,FCT-11,0,NA,NA,NA,NA,NA,NA,NA,Clitics,Masculine,Singular,NA,NA,NA,HS,4th/5th,Late,Yes,5,0,138,2023,0,0.4,NA,NA,0.3798497831064895,0.10463641487001005
H24,1,1,HS 4th/5th,5,11,138,NA,NA,NA,2,3,NA,8,Heritage Spanish,NA,NA,NA,Selection,FCT-13,1,NA,NA,NA,NA,NA,NA,NA,Clitics,Feminine,Singular,NA,NA,NA,HS,4th/5th,Late,Yes,5,0,138,2023,1,0.4,NA,NA,0.3798497831064895,0.10463641487001005
H24,1,1,HS 4th/5th,5,11,138,NA,NA,NA,2,3,NA,8,Heritage Spanish,NA,NA,NA,Selection,FCT-15,1,NA,NA,NA,NA,NA,NA,NA,Clitics,Masculine,Plural,NA,NA,NA,HS,4th/5th,Late,Yes,5,0,138,2023,1,0.4,NA,NA,0.3798497831064895,0.10463641487001005
H24,1,1,HS 4th/5th,5,11,138,NA,NA,NA,2,3,NA,8,Heritage Spanish,NA,NA,NA,Selection,FCT-17,0,NA,NA,NA,NA,NA,NA,NA,Clitics,Feminine,Plural,NA,NA,NA,HS,4th/5th,Late,Yes,5,0,138,2023,0,0.4,NA,NA,0.3798497831064895,0.10463641487001005
H24,1,1,HS 4th/5th,5,11,138,NA,NA,NA,2,3,NA,8,Heritage Spanish,NA,NA,NA,Selection,FCT-19,0,NA,NA,NA,NA,NA,NA,NA,Clitics,Masculine,Singular,NA,NA,NA,HS,4th/5th,Late,Yes,5,0,138,2023,0,0.4,NA,NA,0.3798497831064895,0.10463641487001005
H24,1,1,HS 4th/5th,5,11,138,NA,NA,NA,2,3,NA,8,Heritage Spanish,NA,NA,NA,Selection,FCT-21,0,NA,NA,NA,NA,NA,NA,NA,Clitics,Feminine,Singular,NA,NA,NA,HS,4th/5th,Late,Yes,5,0,138,2023,0,0.4,NA,NA,0.3798497831064895,0.10463641487001005
H24,1,1,HS 4th/5th,5,11,138,NA,NA,NA,2,3,NA,8,Heritage Spanish,NA,NA,NA,Selection,FCT-23,1,NA,NA,NA,NA,NA,NA,NA,Clitics,Masculine,Plural,NA,NA,NA,HS,4th/5th,Late,Yes,5,0,138,2023,1,0.4,NA,NA,0.3798497831064895,0.10463641487001005
H24,1,1,HS 4th/5th,5,11,138,NA,NA,NA,2,3,NA,8,Heritage Spanish,NA,NA,NA,Selection,FCT-25,0,NA,NA,NA,NA,NA,NA,NA,Clitics,Feminine,Plural,NA,NA,NA,HS,4th/5th,Late,Yes,5,0,138,2023,0,0.4,NA,NA,0.3798497831064895,0.10463641487001005
H24,1,2,HS 7th/8th,8,NA,138,NA,NA,NA,2,3,NA,8,Heritage Spanish,NA,NA,NA,Selection,FCT-03,0,NA,NA,NA,NA,NA,NA,NA,Clitics,Masculine,Singular,NA,NA,NA,HS,7th/8th,Late,Yes,5,36,174,2026,0,0.4,NA,NA,0.3798497831064895,1.376556461929396
H24,1,2,HS 7th/8th,8,NA,138,NA,NA,NA,2,3,NA,8,Heritage Spanish,NA,NA,NA,Selection,FCT-05,0,NA,NA,NA,NA,NA,NA,NA,Clitics,Feminine,Singular,NA,NA,NA,HS,7th/8th,Late,Yes,5,36,174,2026,0,0.4,NA,NA,0.3798497831064895,1.376556461929396
H24,1,2,HS 7th/8th,8,NA,138,NA,NA,NA,2,3,NA,8,Heritage Spanish,NA,NA,NA,Selection,FCT-07,1,NA,NA,NA,NA,NA,NA,NA,Clitics,Masculine,Plural,NA,NA,NA,HS,7th/8th,Late,Yes,5,36,174,2026,1,0.4,NA,NA,0.3798497831064895,1.376556461929396
H24,1,2,HS 7th/8th,8,NA,138,NA,NA,NA,2,3,NA,8,Heritage Spanish,NA,NA,NA,Selection,FCT-09,0,NA,NA,NA,NA,NA,NA,NA,Clitics,Feminine,Plural,NA,NA,NA,HS,7th/8th,Late,Yes,5,36,174,2026,0,0.4,NA,NA,0.3798497831064895,1.376556461929396
H24,1,2,HS 7th/8th,8,NA,138,NA,NA,NA,2,3,NA,8,Heritage Spanish,NA,NA,NA,Selection,FCT-11,0,NA,NA,NA,NA,NA,NA,NA,Clitics,Masculine,Singular,NA,NA,NA,HS,7th/8th,Late,Yes,5,36,174,2026,0,0.4,NA,NA,0.3798497831064895,1.376556461929396
H24,1,2,HS 7th/8th,8,NA,138,NA,NA,NA,2,3,NA,8,Heritage Spanish,NA,NA,NA,Selection,FCT-13,1,NA,NA,NA,NA,NA,NA,NA,Clitics,Feminine,Singular,NA,NA,NA,HS,7th/8th,Late,Yes,5,36,174,2026,1,0.4,NA,NA,0.3798497831064895,1.376556461929396
H24,1,2,HS 7th/8th,8,NA,138,NA,NA,NA,2,3,NA,8,Heritage Spanish,NA,NA,NA,Selection,FCT-15,1,NA,NA,NA,NA,NA,NA,NA,Clitics,Masculine,Plural,NA,NA,NA,HS,7th/8th,Late,Yes,5,36,174,2026,1,0.4,NA,NA,0.3798497831064895,1.376556461929396
H24,1,2,HS 7th/8th,8,NA,138,NA,NA,NA,2,3,NA,8,Heritage Spanish,NA,NA,NA,Selection,FCT-17,1,NA,NA,NA,NA,NA,NA,NA,Clitics,Feminine,Plural,NA,NA,NA,HS,7th/8th,Late,Yes,5,36,174,2026,1,0.4,NA,NA,0.3798497831064895,1.376556461929396
H24,1,2,HS 7th/8th,8,NA,138,NA,NA,NA,2,3,NA,8,Heritage Spanish,NA,NA,NA,Selection,FCT-19,0,NA,NA,NA,NA,NA,NA,NA,Clitics,Masculine,Singular,NA,NA,NA,HS,7th/8th,Late,Yes,5,36,174,2026,0,0.4,NA,NA,0.3798497831064895,1.376556461929396
H24,1,2,HS 7th/8th,8,NA,138,NA,NA,NA,2,3,NA,8,Heritage Spanish,NA,NA,NA,Selection,FCT-21,1,NA,NA,NA,NA,NA,NA,NA,Clitics,Feminine,Singular,NA,NA,NA,HS,7th/8th,Late,Yes,5,36,174,2026,1,0.4,NA,NA,0.3798497831064895,1.376556461929396
H24,1,2,HS 7th/8th,8,NA,138,NA,NA,NA,2,3,NA,8,Heritage Spanish,NA,NA,NA,Selection,FCT-23,1,NA,NA,NA,NA,NA,NA,NA,Clitics,Masculine,Plural,NA,NA,NA,HS,7th/8th,Late,Yes,5,36,174,2026,1,0.4,NA,NA,0.3798497831064895,1.376556461929396
H24,1,2,HS 7th/8th,8,NA,138,NA,NA,NA,2,3,NA,8,Heritage Spanish,NA,NA,NA,Selection,FCT-25,1,NA,NA,NA,NA,NA,NA,NA,Clitics,Feminine,Plural,NA,NA,NA,HS,7th/8th,Late,Yes,5,36,174,2026,1,0.4,NA,NA,0.3798497831064895,1.376556461929396
H25,1,1,HS 4th/5th,5,10,128,NA,NA,NA,4,2,NA,7,Heritage Spanish,NA,NA,NA,Selection,FCT-03,0,NA,NA,NA,NA,NA,NA,NA,Clitics,Masculine,Singular,NA,NA,NA,HS,4th/5th,Late,Yes,6,0,128,2023,0,0.6666666666666666,NA,NA,-0.0031121250467449975,-0.24867470931315272
H25,1,1,HS 4th/5th,5,10,128,NA,NA,NA,4,2,NA,7,Heritage Spanish,NA,NA,NA,Selection,FCT-05,1,NA,NA,NA,NA,NA,NA,NA,Clitics,Feminine,Singular,NA,NA,NA,HS,4th/5th,Late,Yes,6,0,128,2023,1,0.6666666666666666,NA,NA,-0.0031121250467449975,-0.24867470931315272
H25,1,1,HS 4th/5th,5,10,128,NA,NA,NA,4,2,NA,7,Heritage Spanish,NA,NA,NA,Selection,FCT-07,0,NA,NA,NA,NA,NA,NA,NA,Clitics,Masculine,Plural,NA,NA,NA,HS,4th/5th,Late,Yes,6,0,128,2023,0,0.6666666666666666,NA,NA,-0.0031121250467449975,-0.24867470931315272
H25,1,1,HS 4th/5th,5,10,128,NA,NA,NA,4,2,NA,7,Heritage Spanish,NA,NA,NA,Selection,FCT-09,1,NA,NA,NA,NA,NA,NA,NA,Clitics,Feminine,Plural,NA,NA,NA,HS,4th/5th,Late,Yes,6,0,128,2023,1,0.6666666666666666,NA,NA,-0.0031121250467449975,-0.24867470931315272
H25,1,1,HS 4th/5th,5,10,128,NA,NA,NA,4,2,NA,7,Heritage Spanish,NA,NA,NA,Selection,FCT-11,0,NA,NA,NA,NA,NA,NA,NA,Clitics,Masculine,Singular,NA,NA,NA,HS,4th/5th,Late,Yes,6,0,128,2023,0,0.6666666666666666,NA,NA,-0.0031121250467449975,-0.24867470931315272
H25,1,1,HS 4th/5th,5,10,128,NA,NA,NA,4,2,NA,7,Heritage Spanish,NA,NA,NA,Selection,FCT-13,1,NA,NA,NA,NA,NA,NA,NA,Clitics,Feminine,Singular,NA,NA,NA,HS,4th/5th,Late,Yes,6,0,128,2023,1,0.6666666666666666,NA,NA,-0.0031121250467449975,-0.24867470931315272
H25,1,1,HS 4th/5th,5,10,128,NA,NA,NA,4,2,NA,7,Heritage Spanish,NA,NA,NA,Selection,FCT-15,1,NA,NA,NA,NA,NA,NA,NA,Clitics,Masculine,Plural,NA,NA,NA,HS,4th/5th,Late,Yes,6,0,128,2023,1,0.6666666666666666,NA,NA,-0.0031121250467449975,-0.24867470931315272
H25,1,1,HS 4th/5th,5,10,128,NA,NA,NA,4,2,NA,7,Heritage Spanish,NA,NA,NA,Selection,FCT-17,1,NA,NA,NA,NA,NA,NA,NA,Clitics,Feminine,Plural,NA,NA,NA,HS,4th/5th,Late,Yes,6,0,128,2023,1,0.6666666666666666,NA,NA,-0.0031121250467449975,-0.24867470931315272
H25,1,1,HS 4th/5th,5,10,128,NA,NA,NA,4,2,NA,7,Heritage Spanish,NA,NA,NA,Selection,FCT-19,0,NA,NA,NA,NA,NA,NA,NA,Clitics,Masculine,Singular,NA,NA,NA,HS,4th/5th,Late,Yes,6,0,128,2023,0,0.6666666666666666,NA,NA,-0.0031121250467449975,-0.24867470931315272
H25,1,1,HS 4th/5th,5,10,128,NA,NA,NA,4,2,NA,7,Heritage Spanish,NA,NA,NA,Selection,FCT-21,1,NA,NA,NA,NA,NA,NA,NA,Clitics,Feminine,Singular,NA,NA,NA,HS,4th/5th,Late,Yes,6,0,128,2023,1,0.6666666666666666,NA,NA,-0.0031121250467449975,-0.24867470931315272
H25,1,1,HS 4th/5th,5,10,128,NA,NA,NA,4,2,NA,7,Heritage Spanish,NA,NA,NA,Selection,FCT-23,1,NA,NA,NA,NA,NA,NA,NA,Clitics,Masculine,Plural,NA,NA,NA,HS,4th/5th,Late,Yes,6,0,128,2023,1,0.6666666666666666,NA,NA,-0.0031121250467449975,-0.24867470931315272
H25,1,1,HS 4th/5th,5,10,128,NA,NA,NA,4,2,NA,7,Heritage Spanish,NA,NA,NA,Selection,FCT-25,1,NA,NA,NA,NA,NA,NA,NA,Clitics,Feminine,Plural,NA,NA,NA,HS,4th/5th,Late,Yes,6,0,128,2023,1,0.6666666666666666,NA,NA,-0.0031121250467449975,-0.24867470931315272
H25,1,2,HS 7th/8th,8,10,128,NA,NA,NA,4,2,NA,7,Heritage Spanish,NA,NA,NA,Selection,FCT-03,0,NA,NA,NA,NA,NA,NA,NA,Clitics,Masculine,Singular,NA,NA,NA,HS,7th/8th,Late,Yes,6,36,164,2026,0,0.6666666666666666,NA,NA,-0.0031121250467449975,1.0232453377462332
H25,1,2,HS 7th/8th,8,10,128,NA,NA,NA,4,2,NA,7,Heritage Spanish,NA,NA,NA,Selection,FCT-05,1,NA,NA,NA,NA,NA,NA,NA,Clitics,Feminine,Singular,NA,NA,NA,HS,7th/8th,Late,Yes,6,36,164,2026,1,0.6666666666666666,NA,NA,-0.0031121250467449975,1.0232453377462332
H25,1,2,HS 7th/8th,8,10,128,NA,NA,NA,4,2,NA,7,Heritage Spanish,NA,NA,NA,Selection,FCT-07,1,NA,NA,NA,NA,NA,NA,NA,Clitics,Masculine,Plural,NA,NA,NA,HS,7th/8th,Late,Yes,6,36,164,2026,1,0.6666666666666666,NA,NA,-0.0031121250467449975,1.0232453377462332
H25,1,2,HS 7th/8th,8,10,128,NA,NA,NA,4,2,NA,7,Heritage Spanish,NA,NA,NA,Selection,FCT-09,0,NA,NA,NA,NA,NA,NA,NA,Clitics,Feminine,Plural,NA,NA,NA,HS,7th/8th,Late,Yes,6,36,164,2026,0,0.6666666666666666,NA,NA,-0.0031121250467449975,1.0232453377462332
H25,1,2,HS 7th/8th,8,10,128,NA,NA,NA,4,2,NA,7,Heritage Spanish,NA,NA,NA,Selection,FCT-11,0,NA,NA,NA,NA,NA,NA,NA,Clitics,Masculine,Singular,NA,NA,NA,HS,7th/8th,Late,Yes,6,36,164,2026,0,0.6666666666666666,NA,NA,-0.0031121250467449975,1.0232453377462332
H25,1,2,HS 7th/8th,8,10,128,NA,NA,NA,4,2,NA,7,Heritage Spanish,NA,NA,NA,Selection,FCT-13,1,NA,NA,NA,NA,NA,NA,NA,Clitics,Feminine,Singular,NA,NA,NA,HS,7th/8th,Late,Yes,6,36,164,2026,1,0.6666666666666666,NA,NA,-0.0031121250467449975,1.0232453377462332
H25,1,2,HS 7th/8th,8,10,128,NA,NA,NA,4,2,NA,7,Heritage Spanish,NA,NA,NA,Selection,FCT-15,1,NA,NA,NA,NA,NA,NA,NA,Clitics,Masculine,Plural,NA,NA,NA,HS,7th/8th,Late,Yes,6,36,164,2026,1,0.6666666666666666,NA,NA,-0.0031121250467449975,1.0232453377462332
H25,1,2,HS 7th/8th,8,10,128,NA,NA,NA,4,2,NA,7,Heritage Spanish,NA,NA,NA,Selection,FCT-17,1,NA,NA,NA,NA,NA,NA,NA,Clitics,Feminine,Plural,NA,NA,NA,HS,7th/8th,Late,Yes,6,36,164,2026,1,0.6666666666666666,NA,NA,-0.0031121250467449975,1.0232453377462332
H25,1,2,HS 7th/8th,8,10,128,NA,NA,NA,4,2,NA,7,Heritage Spanish,NA,NA,NA,Selection,FCT-19,1,NA,NA,NA,NA,NA,NA,NA,Clitics,Masculine,Singular,NA,NA,NA,HS,7th/8th,Late,Yes,6,36,164,2026,1,0.6666666666666666,NA,NA,-0.0031121250467449975,1.0232453377462332
H25,1,2,HS 7th/8th,8,10,128,NA,NA,NA,4,2,NA,7,Heritage Spanish,NA,NA,NA,Selection,FCT-21,1,NA,NA,NA,NA,NA,NA,NA,Clitics,Feminine,Singular,NA,NA,NA,HS,7th/8th,Late,Yes,6,36,164,2026,1,0.6666666666666666,NA,NA,-0.0031121250467449975,1.0232453377462332
H25,1,2,HS 7th/8th,8,10,128,NA,NA,NA,4,2,NA,7,Heritage Spanish,NA,NA,NA,Selection,FCT-23,0,NA,NA,NA,NA,NA,NA,NA,Clitics,Masculine,Plural,NA,NA,NA,HS,7th/8th,Late,Yes,6,36,164,2026,0,0.6666666666666666,NA,NA,-0.0031121250467449975,1.0232453377462332
H25,1,2,HS 7th/8th,8,10,128,NA,NA,NA,4,2,NA,7,Heritage Spanish,NA,NA,NA,Selection,FCT-25,0,NA,NA,NA,NA,NA,NA,NA,Clitics,Feminine,Plural,NA,NA,NA,HS,7th/8th,Late,Yes,6,36,164,2026,0,0.6666666666666666,NA,NA,-0.0031121250467449975,1.0232453377462332
H26,1,1,HS 4th/5th,5,NA,132,NA,NA,NA,1,3,NA,8,Heritage Spanish,NA,NA,NA,Selection,FCT-03,0,NA,NA,NA,NA,NA,NA,NA,Clitics,Masculine,Singular,NA,NA,NA,HS,4th/5th,Late,Yes,4,0,132,2023,0,0.25,NA,NA,0.1500726382145488,-0.10735025963988762
H26,1,1,HS 4th/5th,5,NA,132,NA,NA,NA,1,3,NA,8,Heritage Spanish,NA,NA,NA,Selection,FCT-05,0,NA,NA,NA,NA,NA,NA,NA,Clitics,Feminine,Singular,NA,NA,NA,HS,4th/5th,Late,Yes,4,0,132,2023,0,0.25,NA,NA,0.1500726382145488,-0.10735025963988762
H26,1,1,HS 4th/5th,5,NA,132,NA,NA,NA,1,3,NA,8,Heritage Spanish,NA,NA,NA,Selection,FCT-07,1,NA,NA,NA,NA,NA,NA,NA,Clitics,Masculine,Plural,NA,NA,NA,HS,4th/5th,Late,Yes,4,0,132,2023,1,0.25,NA,NA,0.1500726382145488,-0.10735025963988762
H26,1,1,HS 4th/5th,5,NA,132,NA,NA,NA,1,3,NA,8,Heritage Spanish,NA,NA,NA,Selection,FCT-09,0,NA,NA,NA,NA,NA,NA,NA,Clitics,Feminine,Plural,NA,NA,NA,HS,4th/5th,Late,Yes,4,0,132,2023,0,0.25,NA,NA,0.1500726382145488,-0.10735025963988762
H26,1,1,HS 4th/5th,5,NA,132,NA,NA,NA,1,3,NA,8,Heritage Spanish,NA,NA,NA,Selection,FCT-11,1,NA,NA,NA,NA,NA,NA,NA,Clitics,Masculine,Singular,NA,NA,NA,HS,4th/5th,Late,Yes,4,0,132,2023,1,0.25,NA,NA,0.1500726382145488,-0.10735025963988762
H26,1,1,HS 4th/5th,5,NA,132,NA,NA,NA,1,3,NA,8,Heritage Spanish,NA,NA,NA,Selection,FCT-13,1,NA,NA,NA,NA,NA,NA,NA,Clitics,Feminine,Singular,NA,NA,NA,HS,4th/5th,Late,Yes,4,0,132,2023,1,0.25,NA,NA,0.1500726382145488,-0.10735025963988762
H26,1,1,HS 4th/5th,5,NA,132,NA,NA,NA,1,3,NA,8,Heritage Spanish,NA,NA,NA,Selection,FCT-15,0,NA,NA,NA,NA,NA,NA,NA,Clitics,Masculine,Plural,NA,NA,NA,HS,4th/5th,Late,Yes,4,0,132,2023,0,0.25,NA,NA,0.1500726382145488,-0.10735025963988762
H26,1,1,HS 4th/5th,5,NA,132,NA,NA,NA,1,3,NA,8,Heritage Spanish,NA,NA,NA,Selection,FCT-17,1,NA,NA,NA,NA,NA,NA,NA,Clitics,Feminine,Plural,NA,NA,NA,HS,4th/5th,Late,Yes,4,0,132,2023,1,0.25,NA,NA,0.1500726382145488,-0.10735025963988762
H26,1,1,HS 4th/5th,5,NA,132,NA,NA,NA,1,3,NA,8,Heritage Spanish,NA,NA,NA,Selection,FCT-19,0,NA,NA,NA,NA,NA,NA,NA,Clitics,Masculine,Singular,NA,NA,NA,HS,4th/5th,Late,Yes,4,0,132,2023,0,0.25,NA,NA,0.1500726382145488,-0.10735025963988762
H26,1,1,HS 4th/5th,5,NA,132,NA,NA,NA,1,3,NA,8,Heritage Spanish,NA,NA,NA,Selection,FCT-21,0,NA,NA,NA,NA,NA,NA,NA,Clitics,Feminine,Singular,NA,NA,NA,HS,4th/5th,Late,Yes,4,0,132,2023,0,0.25,NA,NA,0.1500726382145488,-0.10735025963988762
H26,1,1,HS 4th/5th,5,NA,132,NA,NA,NA,1,3,NA,8,Heritage Spanish,NA,NA,NA,Selection,FCT-23,0,NA,NA,NA,NA,NA,NA,NA,Clitics,Masculine,Plural,NA,NA,NA,HS,4th/5th,Late,Yes,4,0,132,2023,0,0.25,NA,NA,0.1500726382145488,-0.10735025963988762
H26,1,1,HS 4th/5th,5,NA,132,NA,NA,NA,1,3,NA,8,Heritage Spanish,NA,NA,NA,Selection,FCT-25,0,NA,NA,NA,NA,NA,NA,NA,Clitics,Feminine,Plural,NA,NA,NA,HS,4th/5th,Late,Yes,4,0,132,2023,0,0.25,NA,NA,0.1500726382145488,-0.10735025963988762
H27,1,1,L2L 4th/5th,5,11,133,NA,NA,NA,3,6,4,8,Japanese,Yes,No,No,Selection,FCT-03,0,NA,NA,NA,NA,NA,NA,NA,Clitics,Masculine,Singular,NA,NA,NA,L2L,4th/5th,Late,Yes,9,0,133,2023,0,0.3333333333333333,NA,NA,0.18836882902987226,-0.07201914722157134
H27,1,1,L2L 4th/5th,5,11,133,NA,NA,NA,3,6,4,8,Japanese,Yes,No,No,Selection,FCT-05,0,NA,NA,NA,NA,NA,NA,NA,Clitics,Feminine,Singular,NA,NA,NA,L2L,4th/5th,Late,Yes,9,0,133,2023,0,0.3333333333333333,NA,NA,0.18836882902987226,-0.07201914722157134
H27,1,1,L2L 4th/5th,5,11,133,NA,NA,NA,3,6,4,8,Japanese,Yes,No,No,Selection,FCT-07,1,NA,NA,NA,NA,NA,NA,NA,Clitics,Masculine,Plural,NA,NA,NA,L2L,4th/5th,Late,Yes,9,0,133,2023,1,0.3333333333333333,NA,NA,0.18836882902987226,-0.07201914722157134
H27,1,1,L2L 4th/5th,5,11,133,NA,NA,NA,3,6,4,8,Japanese,Yes,No,No,Selection,FCT-09,0,NA,NA,NA,NA,NA,NA,NA,Clitics,Feminine,Plural,NA,NA,NA,L2L,4th/5th,Late,Yes,9,0,133,2023,0,0.3333333333333333,NA,NA,0.18836882902987226,-0.07201914722157134
H27,1,1,L2L 4th/5th,5,11,133,NA,NA,NA,3,6,4,8,Japanese,Yes,No,No,Selection,FCT-11,1,NA,NA,NA,NA,NA,NA,NA,Clitics,Masculine,Singular,NA,NA,NA,L2L,4th/5th,Late,Yes,9,0,133,2023,1,0.3333333333333333,NA,NA,0.18836882902987226,-0.07201914722157134
H27,1,1,L2L 4th/5th,5,11,133,NA,NA,NA,3,6,4,8,Japanese,Yes,No,No,Selection,FCT-13,1,NA,NA,NA,NA,NA,NA,NA,Clitics,Feminine,Singular,NA,NA,NA,L2L,4th/5th,Late,Yes,9,0,133,2023,1,0.3333333333333333,NA,NA,0.18836882902987226,-0.07201914722157134
H27,1,1,L2L 4th/5th,5,11,133,NA,NA,NA,3,6,4,8,Japanese,Yes,No,No,Selection,FCT-15,1,NA,NA,NA,NA,NA,NA,NA,Clitics,Masculine,Plural,NA,NA,NA,L2L,4th/5th,Late,Yes,9,0,133,2023,1,0.3333333333333333,NA,NA,0.18836882902987226,-0.07201914722157134
H27,1,1,L2L 4th/5th,5,11,133,NA,NA,NA,3,6,4,8,Japanese,Yes,No,No,Selection,FCT-17,1,NA,NA,NA,NA,NA,NA,NA,Clitics,Feminine,Plural,NA,NA,NA,L2L,4th/5th,Late,Yes,9,0,133,2023,1,0.3333333333333333,NA,NA,0.18836882902987226,-0.07201914722157134
H27,1,1,L2L 4th/5th,5,11,133,NA,NA,NA,3,6,4,8,Japanese,Yes,No,No,Selection,FCT-19,1,NA,NA,NA,NA,NA,NA,NA,Clitics,Masculine,Singular,NA,NA,NA,L2L,4th/5th,Late,Yes,9,0,133,2023,1,0.3333333333333333,NA,NA,0.18836882902987226,-0.07201914722157134
H27,1,1,L2L 4th/5th,5,11,133,NA,NA,NA,3,6,4,8,Japanese,Yes,No,No,Selection,FCT-21,1,NA,NA,NA,NA,NA,NA,NA,Clitics,Feminine,Singular,NA,NA,NA,L2L,4th/5th,Late,Yes,9,0,133,2023,1,0.3333333333333333,NA,NA,0.18836882902987226,-0.07201914722157134
H27,1,1,L2L 4th/5th,5,11,133,NA,NA,NA,3,6,4,8,Japanese,Yes,No,No,Selection,FCT-23,1,NA,NA,NA,NA,NA,NA,NA,Clitics,Masculine,Plural,NA,NA,NA,L2L,4th/5th,Late,Yes,9,0,133,2023,1,0.3333333333333333,NA,NA,0.18836882902987226,-0.07201914722157134
H27,1,1,L2L 4th/5th,5,11,133,NA,NA,NA,3,6,4,8,Japanese,Yes,No,No,Selection,FCT-25,1,NA,NA,NA,NA,NA,NA,NA,Clitics,Feminine,Plural,NA,NA,NA,L2L,4th/5th,Late,Yes,9,0,133,2023,1,0.3333333333333333,NA,NA,0.18836882902987226,-0.07201914722157134
H27,1,2,L2L 7th/8th,8,11,133,NA,NA,NA,3,6,4,8,Japanese,Yes,No,No,Selection,FCT-03,0,NA,NA,NA,NA,NA,NA,NA,Clitics,Masculine,Singular,NA,NA,NA,L2L,7th/8th,Late,Yes,9,36,169,2026,0,0.3333333333333333,NA,NA,0.18836882902987226,1.1999008998378147
H27,1,2,L2L 7th/8th,8,11,133,NA,NA,NA,3,6,4,8,Japanese,Yes,No,No,Selection,FCT-05,0,NA,NA,NA,NA,NA,NA,NA,Clitics,Feminine,Singular,NA,NA,NA,L2L,7th/8th,Late,Yes,9,36,169,2026,0,0.3333333333333333,NA,NA,0.18836882902987226,1.1999008998378147
H27,1,2,L2L 7th/8th,8,11,133,NA,NA,NA,3,6,4,8,Japanese,Yes,No,No,Selection,FCT-07,1,NA,NA,NA,NA,NA,NA,NA,Clitics,Masculine,Plural,NA,NA,NA,L2L,7th/8th,Late,Yes,9,36,169,2026,1,0.3333333333333333,NA,NA,0.18836882902987226,1.1999008998378147
H27,1,2,L2L 7th/8th,8,11,133,NA,NA,NA,3,6,4,8,Japanese,Yes,No,No,Selection,FCT-09,0,NA,NA,NA,NA,NA,NA,NA,Clitics,Feminine,Plural,NA,NA,NA,L2L,7th/8th,Late,Yes,9,36,169,2026,0,0.3333333333333333,NA,NA,0.18836882902987226,1.1999008998378147
H27,1,2,L2L 7th/8th,8,11,133,NA,NA,NA,3,6,4,8,Japanese,Yes,No,No,Selection,FCT-11,1,NA,NA,NA,NA,NA,NA,NA,Clitics,Masculine,Singular,NA,NA,NA,L2L,7th/8th,Late,Yes,9,36,169,2026,1,0.3333333333333333,NA,NA,0.18836882902987226,1.1999008998378147
H27,1,2,L2L 7th/8th,8,11,133,NA,NA,NA,3,6,4,8,Japanese,Yes,No,No,Selection,FCT-13,0,NA,NA,NA,NA,NA,NA,NA,Clitics,Feminine,Singular,NA,NA,NA,L2L,7th/8th,Late,Yes,9,36,169,2026,0,0.3333333333333333,NA,NA,0.18836882902987226,1.1999008998378147
H27,1,2,L2L 7th/8th,8,11,133,NA,NA,NA,3,6,4,8,Japanese,Yes,No,No,Selection,FCT-15,1,NA,NA,NA,NA,NA,NA,NA,Clitics,Masculine,Plural,NA,NA,NA,L2L,7th/8th,Late,Yes,9,36,169,2026,1,0.3333333333333333,NA,NA,0.18836882902987226,1.1999008998378147
H27,1,2,L2L 7th/8th,8,11,133,NA,NA,NA,3,6,4,8,Japanese,Yes,No,No,Selection,FCT-17,1,NA,NA,NA,NA,NA,NA,NA,Clitics,Feminine,Plural,NA,NA,NA,L2L,7th/8th,Late,Yes,9,36,169,2026,1,0.3333333333333333,NA,NA,0.18836882902987226,1.1999008998378147
H27,1,2,L2L 7th/8th,8,11,133,NA,NA,NA,3,6,4,8,Japanese,Yes,No,No,Selection,FCT-19,0,NA,NA,NA,NA,NA,NA,NA,Clitics,Masculine,Singular,NA,NA,NA,L2L,7th/8th,Late,Yes,9,36,169,2026,0,0.3333333333333333,NA,NA,0.18836882902987226,1.1999008998378147
H27,1,2,L2L 7th/8th,8,11,133,NA,NA,NA,3,6,4,8,Japanese,Yes,No,No,Selection,FCT-21,0,NA,NA,NA,NA,NA,NA,NA,Clitics,Feminine,Singular,NA,NA,NA,L2L,7th/8th,Late,Yes,9,36,169,2026,0,0.3333333333333333,NA,NA,0.18836882902987226,1.1999008998378147
H27,1,2,L2L 7th/8th,8,11,133,NA,NA,NA,3,6,4,8,Japanese,Yes,No,No,Selection,FCT-23,1,NA,NA,NA,NA,NA,NA,NA,Clitics,Masculine,Plural,NA,NA,NA,L2L,7th/8th,Late,Yes,9,36,169,2026,1,0.3333333333333333,NA,NA,0.18836882902987226,1.1999008998378147
H27,1,2,L2L 7th/8th,8,11,133,NA,NA,NA,3,6,4,8,Japanese,Yes,No,No,Selection,FCT-25,1,NA,NA,NA,NA,NA,NA,NA,Clitics,Feminine,Plural,NA,NA,NA,L2L,7th/8th,Late,Yes,9,36,169,2026,1,0.3333333333333333,NA,NA,0.18836882902987226,1.1999008998378147
H28,1,1,L2L 4th/5th,5,NA,139,NA,NA,NA,2,4,NA,8,"French, Turkish",Yes,Yes,Yes,Selection,FCT-03,0,NA,NA,NA,NA,NA,NA,NA,Clitics,Masculine,Singular,NA,NA,NA,L2L,4th/5th,Late,Yes,6,0,139,2023,0,0.3333333333333333,NA,NA,0.41814597392181296,0.13996752728832632
H28,1,1,L2L 4th/5th,5,NA,139,NA,NA,NA,2,4,NA,8,"French, Turkish",Yes,Yes,Yes,Selection,FCT-05,0,NA,NA,NA,NA,NA,NA,NA,Clitics,Feminine,Singular,NA,NA,NA,L2L,4th/5th,Late,Yes,6,0,139,2023,0,0.3333333333333333,NA,NA,0.41814597392181296,0.13996752728832632
H28,1,1,L2L 4th/5th,5,NA,139,NA,NA,NA,2,4,NA,8,"French, Turkish",Yes,Yes,Yes,Selection,FCT-07,1,NA,NA,NA,NA,NA,NA,NA,Clitics,Masculine,Plural,NA,NA,NA,L2L,4th/5th,Late,Yes,6,0,139,2023,1,0.3333333333333333,NA,NA,0.41814597392181296,0.13996752728832632
H28,1,1,L2L 4th/5th,5,NA,139,NA,NA,NA,2,4,NA,8,"French, Turkish",Yes,Yes,Yes,Selection,FCT-09,0,NA,NA,NA,NA,NA,NA,NA,Clitics,Feminine,Plural,NA,NA,NA,L2L,4th/5th,Late,Yes,6,0,139,2023,0,0.3333333333333333,NA,NA,0.41814597392181296,0.13996752728832632
H28,1,1,L2L 4th/5th,5,NA,139,NA,NA,NA,2,4,NA,8,"French, Turkish",Yes,Yes,Yes,Selection,FCT-11,1,NA,NA,NA,NA,NA,NA,NA,Clitics,Masculine,Singular,NA,NA,NA,L2L,4th/5th,Late,Yes,6,0,139,2023,1,0.3333333333333333,NA,NA,0.41814597392181296,0.13996752728832632
H28,1,1,L2L 4th/5th,5,NA,139,NA,NA,NA,2,4,NA,8,"French, Turkish",Yes,Yes,Yes,Selection,FCT-13,1,NA,NA,NA,NA,NA,NA,NA,Clitics,Feminine,Singular,NA,NA,NA,L2L,4th/5th,Late,Yes,6,0,139,2023,1,0.3333333333333333,NA,NA,0.41814597392181296,0.13996752728832632
H28,1,1,L2L 4th/5th,5,NA,139,NA,NA,NA,2,4,NA,8,"French, Turkish",Yes,Yes,Yes,Selection,FCT-15,1,NA,NA,NA,NA,NA,NA,NA,Clitics,Masculine,Plural,NA,NA,NA,L2L,4th/5th,Late,Yes,6,0,139,2023,1,0.3333333333333333,NA,NA,0.41814597392181296,0.13996752728832632
H28,1,1,L2L 4th/5th,5,NA,139,NA,NA,NA,2,4,NA,8,"French, Turkish",Yes,Yes,Yes,Selection,FCT-17,1,NA,NA,NA,NA,NA,NA,NA,Clitics,Feminine,Plural,NA,NA,NA,L2L,4th/5th,Late,Yes,6,0,139,2023,1,0.3333333333333333,NA,NA,0.41814597392181296,0.13996752728832632
H28,1,1,L2L 4th/5th,5,NA,139,NA,NA,NA,2,4,NA,8,"French, Turkish",Yes,Yes,Yes,Selection,FCT-19,1,NA,NA,NA,NA,NA,NA,NA,Clitics,Masculine,Singular,NA,NA,NA,L2L,4th/5th,Late,Yes,6,0,139,2023,1,0.3333333333333333,NA,NA,0.41814597392181296,0.13996752728832632
H28,1,1,L2L 4th/5th,5,NA,139,NA,NA,NA,2,4,NA,8,"French, Turkish",Yes,Yes,Yes,Selection,FCT-21,1,NA,NA,NA,NA,NA,NA,NA,Clitics,Feminine,Singular,NA,NA,NA,L2L,4th/5th,Late,Yes,6,0,139,2023,1,0.3333333333333333,NA,NA,0.41814597392181296,0.13996752728832632
H28,1,1,L2L 4th/5th,5,NA,139,NA,NA,NA,2,4,NA,8,"French, Turkish",Yes,Yes,Yes,Selection,FCT-23,1,NA,NA,NA,NA,NA,NA,NA,Clitics,Masculine,Plural,NA,NA,NA,L2L,4th/5th,Late,Yes,6,0,139,2023,1,0.3333333333333333,NA,NA,0.41814597392181296,0.13996752728832632
H28,1,1,L2L 4th/5th,5,NA,139,NA,NA,NA,2,4,NA,8,"French, Turkish",Yes,Yes,Yes,Selection,FCT-25,0,NA,NA,NA,NA,NA,NA,NA,Clitics,Feminine,Plural,NA,NA,NA,L2L,4th/5th,Late,Yes,6,0,139,2023,0,0.3333333333333333,NA,NA,0.41814597392181296,0.13996752728832632
H28,1,2,L2L 7th/8th,8,NA,139,NA,NA,NA,2,4,NA,8,"French, Turkish",Yes,Yes,Yes,Selection,FCT-03,0,NA,NA,NA,NA,NA,NA,NA,Clitics,Masculine,Singular,NA,NA,NA,L2L,7th/8th,Late,Yes,6,36,175,2026,0,0.3333333333333333,NA,NA,0.41814597392181296,1.4118875743477124
H28,1,2,L2L 7th/8th,8,NA,139,NA,NA,NA,2,4,NA,8,"French, Turkish",Yes,Yes,Yes,Selection,FCT-05,1,NA,NA,NA,NA,NA,NA,NA,Clitics,Feminine,Singular,NA,NA,NA,L2L,7th/8th,Late,Yes,6,36,175,2026,1,0.3333333333333333,NA,NA,0.41814597392181296,1.4118875743477124
H28,1,2,L2L 7th/8th,8,NA,139,NA,NA,NA,2,4,NA,8,"French, Turkish",Yes,Yes,Yes,Selection,FCT-07,1,NA,NA,NA,NA,NA,NA,NA,Clitics,Masculine,Plural,NA,NA,NA,L2L,7th/8th,Late,Yes,6,36,175,2026,1,0.3333333333333333,NA,NA,0.41814597392181296,1.4118875743477124
H28,1,2,L2L 7th/8th,8,NA,139,NA,NA,NA,2,4,NA,8,"French, Turkish",Yes,Yes,Yes,Selection,FCT-09,1,NA,NA,NA,NA,NA,NA,NA,Clitics,Feminine,Plural,NA,NA,NA,L2L,7th/8th,Late,Yes,6,36,175,2026,1,0.3333333333333333,NA,NA,0.41814597392181296,1.4118875743477124
H28,1,2,L2L 7th/8th,8,NA,139,NA,NA,NA,2,4,NA,8,"French, Turkish",Yes,Yes,Yes,Selection,FCT-11,0,NA,NA,NA,NA,NA,NA,NA,Clitics,Masculine,Singular,NA,NA,NA,L2L,7th/8th,Late,Yes,6,36,175,2026,0,0.3333333333333333,NA,NA,0.41814597392181296,1.4118875743477124
H28,1,2,L2L 7th/8th,8,NA,139,NA,NA,NA,2,4,NA,8,"French, Turkish",Yes,Yes,Yes,Selection,FCT-13,1,NA,NA,NA,NA,NA,NA,NA,Clitics,Feminine,Singular,NA,NA,NA,L2L,7th/8th,Late,Yes,6,36,175,2026,1,0.3333333333333333,NA,NA,0.41814597392181296,1.4118875743477124
H28,1,2,L2L 7th/8th,8,NA,139,NA,NA,NA,2,4,NA,8,"French, Turkish",Yes,Yes,Yes,Selection,FCT-15,1,NA,NA,NA,NA,NA,NA,NA,Clitics,Masculine,Plural,NA,NA,NA,L2L,7th/8th,Late,Yes,6,36,175,2026,1,0.3333333333333333,NA,NA,0.41814597392181296,1.4118875743477124
H28,1,2,L2L 7th/8th,8,NA,139,NA,NA,NA,2,4,NA,8,"French, Turkish",Yes,Yes,Yes,Selection,FCT-17,1,NA,NA,NA,NA,NA,NA,NA,Clitics,Feminine,Plural,NA,NA,NA,L2L,7th/8th,Late,Yes,6,36,175,2026,1,0.3333333333333333,NA,NA,0.41814597392181296,1.4118875743477124
H28,1,2,L2L 7th/8th,8,NA,139,NA,NA,NA,2,4,NA,8,"French, Turkish",Yes,Yes,Yes,Selection,FCT-19,1,NA,NA,NA,NA,NA,NA,NA,Clitics,Masculine,Singular,NA,NA,NA,L2L,7th/8th,Late,Yes,6,36,175,2026,1,0.3333333333333333,NA,NA,0.41814597392181296,1.4118875743477124
H28,1,2,L2L 7th/8th,8,NA,139,NA,NA,NA,2,4,NA,8,"French, Turkish",Yes,Yes,Yes,Selection,FCT-21,1,NA,NA,NA,NA,NA,NA,NA,Clitics,Feminine,Singular,NA,NA,NA,L2L,7th/8th,Late,Yes,6,36,175,2026,1,0.3333333333333333,NA,NA,0.41814597392181296,1.4118875743477124
H28,1,2,L2L 7th/8th,8,NA,139,NA,NA,NA,2,4,NA,8,"French, Turkish",Yes,Yes,Yes,Selection,FCT-23,1,NA,NA,NA,NA,NA,NA,NA,Clitics,Masculine,Plural,NA,NA,NA,L2L,7th/8th,Late,Yes,6,36,175,2026,1,0.3333333333333333,NA,NA,0.41814597392181296,1.4118875743477124
H28,1,2,L2L 7th/8th,8,NA,139,NA,NA,NA,2,4,NA,8,"French, Turkish",Yes,Yes,Yes,Selection,FCT-25,1,NA,NA,NA,NA,NA,NA,NA,Clitics,Feminine,Plural,NA,NA,NA,L2L,7th/8th,Late,Yes,6,36,175,2026,1,0.3333333333333333,NA,NA,0.41814597392181296,1.4118875743477124
H29,1,1,L2L 4th/5th,5,11,138,NA,NA,NA,3,3,3,7,"Ukrainian, Russian",Yes,Yes,Yes,Selection,FCT-03,0,NA,NA,NA,NA,NA,NA,NA,Clitics,Masculine,Singular,NA,NA,NA,L2L,4th/5th,Late,Yes,6,0,138,2023,0,0.5,NA,NA,0.3798497831064895,0.10463641487001005
H29,1,1,L2L 4th/5th,5,11,138,NA,NA,NA,3,3,3,7,"Ukrainian, Russian",Yes,Yes,Yes,Selection,FCT-05,0,NA,NA,NA,NA,NA,NA,NA,Clitics,Feminine,Singular,NA,NA,NA,L2L,4th/5th,Late,Yes,6,0,138,2023,0,0.5,NA,NA,0.3798497831064895,0.10463641487001005
H29,1,1,L2L 4th/5th,5,11,138,NA,NA,NA,3,3,3,7,"Ukrainian, Russian",Yes,Yes,Yes,Selection,FCT-07,0,NA,NA,NA,NA,NA,NA,NA,Clitics,Masculine,Plural,NA,NA,NA,L2L,4th/5th,Late,Yes,6,0,138,2023,0,0.5,NA,NA,0.3798497831064895,0.10463641487001005
H29,1,1,L2L 4th/5th,5,11,138,NA,NA,NA,3,3,3,7,"Ukrainian, Russian",Yes,Yes,Yes,Selection,FCT-09,1,NA,NA,NA,NA,NA,NA,NA,Clitics,Feminine,Plural,NA,NA,NA,L2L,4th/5th,Late,Yes,6,0,138,2023,1,0.5,NA,NA,0.3798497831064895,0.10463641487001005
H29,1,1,L2L 4th/5th,5,11,138,NA,NA,NA,3,3,3,7,"Ukrainian, Russian",Yes,Yes,Yes,Selection,FCT-11,1,NA,NA,NA,NA,NA,NA,NA,Clitics,Masculine,Singular,NA,NA,NA,L2L,4th/5th,Late,Yes,6,0,138,2023,1,0.5,NA,NA,0.3798497831064895,0.10463641487001005
H29,1,1,L2L 4th/5th,5,11,138,NA,NA,NA,3,3,3,7,"Ukrainian, Russian",Yes,Yes,Yes,Selection,FCT-13,0,NA,NA,NA,NA,NA,NA,NA,Clitics,Feminine,Singular,NA,NA,NA,L2L,4th/5th,Late,Yes,6,0,138,2023,0,0.5,NA,NA,0.3798497831064895,0.10463641487001005
H29,1,1,L2L 4th/5th,5,11,138,NA,NA,NA,3,3,3,7,"Ukrainian, Russian",Yes,Yes,Yes,Selection,FCT-15,0,NA,NA,NA,NA,NA,NA,NA,Clitics,Masculine,Plural,NA,NA,NA,L2L,4th/5th,Late,Yes,6,0,138,2023,0,0.5,NA,NA,0.3798497831064895,0.10463641487001005
H29,1,1,L2L 4th/5th,5,11,138,NA,NA,NA,3,3,3,7,"Ukrainian, Russian",Yes,Yes,Yes,Selection,FCT-17,0,NA,NA,NA,NA,NA,NA,NA,Clitics,Feminine,Plural,NA,NA,NA,L2L,4th/5th,Late,Yes,6,0,138,2023,0,0.5,NA,NA,0.3798497831064895,0.10463641487001005
H29,1,1,L2L 4th/5th,5,11,138,NA,NA,NA,3,3,3,7,"Ukrainian, Russian",Yes,Yes,Yes,Selection,FCT-19,1,NA,NA,NA,NA,NA,NA,NA,Clitics,Masculine,Singular,NA,NA,NA,L2L,4th/5th,Late,Yes,6,0,138,2023,1,0.5,NA,NA,0.3798497831064895,0.10463641487001005
H29,1,1,L2L 4th/5th,5,11,138,NA,NA,NA,3,3,3,7,"Ukrainian, Russian",Yes,Yes,Yes,Selection,FCT-21,0,NA,NA,NA,NA,NA,NA,NA,Clitics,Feminine,Singular,NA,NA,NA,L2L,4th/5th,Late,Yes,6,0,138,2023,0,0.5,NA,NA,0.3798497831064895,0.10463641487001005
H29,1,1,L2L 4th/5th,5,11,138,NA,NA,NA,3,3,3,7,"Ukrainian, Russian",Yes,Yes,Yes,Selection,FCT-23,1,NA,NA,NA,NA,NA,NA,NA,Clitics,Masculine,Plural,NA,NA,NA,L2L,4th/5th,Late,Yes,6,0,138,2023,1,0.5,NA,NA,0.3798497831064895,0.10463641487001005
H29,1,1,L2L 4th/5th,5,11,138,NA,NA,NA,3,3,3,7,"Ukrainian, Russian",Yes,Yes,Yes,Selection,FCT-25,0,NA,NA,NA,NA,NA,NA,NA,Clitics,Feminine,Plural,NA,NA,NA,L2L,4th/5th,Late,Yes,6,0,138,2023,0,0.5,NA,NA,0.3798497831064895,0.10463641487001005
H29,1,2,L2L 7th/8th,8,NA,138,NA,NA,NA,3,3,3,7,"Ukrainian, Russian",Yes,Yes,Yes,Selection,FCT-03,1,NA,NA,NA,NA,NA,NA,NA,Clitics,Masculine,Singular,NA,NA,NA,L2L,7th/8th,Late,Yes,6,36,174,2026,1,0.5,NA,NA,0.3798497831064895,1.376556461929396
H29,1,2,L2L 7th/8th,8,NA,138,NA,NA,NA,3,3,3,7,"Ukrainian, Russian",Yes,Yes,Yes,Selection,FCT-05,0,NA,NA,NA,NA,NA,NA,NA,Clitics,Feminine,Singular,NA,NA,NA,L2L,7th/8th,Late,Yes,6,36,174,2026,0,0.5,NA,NA,0.3798497831064895,1.376556461929396
H29,1,2,L2L 7th/8th,8,NA,138,NA,NA,NA,3,3,3,7,"Ukrainian, Russian",Yes,Yes,Yes,Selection,FCT-07,1,NA,NA,NA,NA,NA,NA,NA,Clitics,Masculine,Plural,NA,NA,NA,L2L,7th/8th,Late,Yes,6,36,174,2026,1,0.5,NA,NA,0.3798497831064895,1.376556461929396
H29,1,2,L2L 7th/8th,8,NA,138,NA,NA,NA,3,3,3,7,"Ukrainian, Russian",Yes,Yes,Yes,Selection,FCT-09,1,NA,NA,NA,NA,NA,NA,NA,Clitics,Feminine,Plural,NA,NA,NA,L2L,7th/8th,Late,Yes,6,36,174,2026,1,0.5,NA,NA,0.3798497831064895,1.376556461929396
H29,1,2,L2L 7th/8th,8,NA,138,NA,NA,NA,3,3,3,7,"Ukrainian, Russian",Yes,Yes,Yes,Selection,FCT-11,1,NA,NA,NA,NA,NA,NA,NA,Clitics,Masculine,Singular,NA,NA,NA,L2L,7th/8th,Late,Yes,6,36,174,2026,1,0.5,NA,NA,0.3798497831064895,1.376556461929396
H29,1,2,L2L 7th/8th,8,NA,138,NA,NA,NA,3,3,3,7,"Ukrainian, Russian",Yes,Yes,Yes,Selection,FCT-13,1,NA,NA,NA,NA,NA,NA,NA,Clitics,Feminine,Singular,NA,NA,NA,L2L,7th/8th,Late,Yes,6,36,174,2026,1,0.5,NA,NA,0.3798497831064895,1.376556461929396
H29,1,2,L2L 7th/8th,8,NA,138,NA,NA,NA,3,3,3,7,"Ukrainian, Russian",Yes,Yes,Yes,Selection,FCT-15,1,NA,NA,NA,NA,NA,NA,NA,Clitics,Masculine,Plural,NA,NA,NA,L2L,7th/8th,Late,Yes,6,36,174,2026,1,0.5,NA,NA,0.3798497831064895,1.376556461929396
H29,1,2,L2L 7th/8th,8,NA,138,NA,NA,NA,3,3,3,7,"Ukrainian, Russian",Yes,Yes,Yes,Selection,FCT-17,0,NA,NA,NA,NA,NA,NA,NA,Clitics,Feminine,Plural,NA,NA,NA,L2L,7th/8th,Late,Yes,6,36,174,2026,0,0.5,NA,NA,0.3798497831064895,1.376556461929396
H29,1,2,L2L 7th/8th,8,NA,138,NA,NA,NA,3,3,3,7,"Ukrainian, Russian",Yes,Yes,Yes,Selection,FCT-19,1,NA,NA,NA,NA,NA,NA,NA,Clitics,Masculine,Singular,NA,NA,NA,L2L,7th/8th,Late,Yes,6,36,174,2026,1,0.5,NA,NA,0.3798497831064895,1.376556461929396
H29,1,2,L2L 7th/8th,8,NA,138,NA,NA,NA,3,3,3,7,"Ukrainian, Russian",Yes,Yes,Yes,Selection,FCT-21,1,NA,NA,NA,NA,NA,NA,NA,Clitics,Feminine,Singular,NA,NA,NA,L2L,7th/8th,Late,Yes,6,36,174,2026,1,0.5,NA,NA,0.3798497831064895,1.376556461929396
H29,1,2,L2L 7th/8th,8,NA,138,NA,NA,NA,3,3,3,7,"Ukrainian, Russian",Yes,Yes,Yes,Selection,FCT-23,1,NA,NA,NA,NA,NA,NA,NA,Clitics,Masculine,Plural,NA,NA,NA,L2L,7th/8th,Late,Yes,6,36,174,2026,1,0.5,NA,NA,0.3798497831064895,1.376556461929396
H29,1,2,L2L 7th/8th,8,NA,138,NA,NA,NA,3,3,3,7,"Ukrainian, Russian",Yes,Yes,Yes,Selection,FCT-25,1,NA,NA,NA,NA,NA,NA,NA,Clitics,Feminine,Plural,NA,NA,NA,L2L,7th/8th,Late,Yes,6,36,174,2026,1,0.5,NA,NA,0.3798497831064895,1.376556461929396
H30,1,1,L2L 4th/5th,5,NA,140,NA,NA,NA,2,5,NA,6,L2 learner,L2,L2,L2,Selection,FCT-03,1,NA,NA,NA,NA,NA,NA,NA,Clitics,Masculine,Singular,NA,NA,NA,L2L,4th/5th,Late,Yes,7,0,140,2023,1,0.2857142857142857,NA,NA,0.4564421647371364,0.1752986397066426
H30,1,1,L2L 4th/5th,5,NA,140,NA,NA,NA,2,5,NA,6,L2 learner,L2,L2,L2,Selection,FCT-05,0,NA,NA,NA,NA,NA,NA,NA,Clitics,Feminine,Singular,NA,NA,NA,L2L,4th/5th,Late,Yes,7,0,140,2023,0,0.2857142857142857,NA,NA,0.4564421647371364,0.1752986397066426
H30,1,1,L2L 4th/5th,5,NA,140,NA,NA,NA,2,5,NA,6,L2 learner,L2,L2,L2,Selection,FCT-07,1,NA,NA,NA,NA,NA,NA,NA,Clitics,Masculine,Plural,NA,NA,NA,L2L,4th/5th,Late,Yes,7,0,140,2023,1,0.2857142857142857,NA,NA,0.4564421647371364,0.1752986397066426
H30,1,1,L2L 4th/5th,5,NA,140,NA,NA,NA,2,5,NA,6,L2 learner,L2,L2,L2,Selection,FCT-09,0,NA,NA,NA,NA,NA,NA,NA,Clitics,Feminine,Plural,NA,NA,NA,L2L,4th/5th,Late,Yes,7,0,140,2023,0,0.2857142857142857,NA,NA,0.4564421647371364,0.1752986397066426
H30,1,1,L2L 4th/5th,5,NA,140,NA,NA,NA,2,5,NA,6,L2 learner,L2,L2,L2,Selection,FCT-11,1,NA,NA,NA,NA,NA,NA,NA,Clitics,Masculine,Singular,NA,NA,NA,L2L,4th/5th,Late,Yes,7,0,140,2023,1,0.2857142857142857,NA,NA,0.4564421647371364,0.1752986397066426
H30,1,1,L2L 4th/5th,5,NA,140,NA,NA,NA,2,5,NA,6,L2 learner,L2,L2,L2,Selection,FCT-13,1,NA,NA,NA,NA,NA,NA,NA,Clitics,Feminine,Singular,NA,NA,NA,L2L,4th/5th,Late,Yes,7,0,140,2023,1,0.2857142857142857,NA,NA,0.4564421647371364,0.1752986397066426
H30,1,1,L2L 4th/5th,5,NA,140,NA,NA,NA,2,5,NA,6,L2 learner,L2,L2,L2,Selection,FCT-15,1,NA,NA,NA,NA,NA,NA,NA,Clitics,Masculine,Plural,NA,NA,NA,L2L,4th/5th,Late,Yes,7,0,140,2023,1,0.2857142857142857,NA,NA,0.4564421647371364,0.1752986397066426
H30,1,1,L2L 4th/5th,5,NA,140,NA,NA,NA,2,5,NA,6,L2 learner,L2,L2,L2,Selection,FCT-17,0,NA,NA,NA,NA,NA,NA,NA,Clitics,Feminine,Plural,NA,NA,NA,L2L,4th/5th,Late,Yes,7,0,140,2023,0,0.2857142857142857,NA,NA,0.4564421647371364,0.1752986397066426
H30,1,1,L2L 4th/5th,5,NA,140,NA,NA,NA,2,5,NA,6,L2 learner,L2,L2,L2,Selection,FCT-19,1,NA,NA,NA,NA,NA,NA,NA,Clitics,Masculine,Singular,NA,NA,NA,L2L,4th/5th,Late,Yes,7,0,140,2023,1,0.2857142857142857,NA,NA,0.4564421647371364,0.1752986397066426
H30,1,1,L2L 4th/5th,5,NA,140,NA,NA,NA,2,5,NA,6,L2 learner,L2,L2,L2,Selection,FCT-21,0,NA,NA,NA,NA,NA,NA,NA,Clitics,Feminine,Singular,NA,NA,NA,L2L,4th/5th,Late,Yes,7,0,140,2023,0,0.2857142857142857,NA,NA,0.4564421647371364,0.1752986397066426
H30,1,1,L2L 4th/5th,5,NA,140,NA,NA,NA,2,5,NA,6,L2 learner,L2,L2,L2,Selection,FCT-23,1,NA,NA,NA,NA,NA,NA,NA,Clitics,Masculine,Plural,NA,NA,NA,L2L,4th/5th,Late,Yes,7,0,140,2023,1,0.2857142857142857,NA,NA,0.4564421647371364,0.1752986397066426
H30,1,1,L2L 4th/5th,5,NA,140,NA,NA,NA,2,5,NA,6,L2 learner,L2,L2,L2,Selection,FCT-25,0,NA,NA,NA,NA,NA,NA,NA,Clitics,Feminine,Plural,NA,NA,NA,L2L,4th/5th,Late,Yes,7,0,140,2023,0,0.2857142857142857,NA,NA,0.4564421647371364,0.1752986397066426
H31,1,1,L2L 4th/5th,5,NA,131,NA,NA,NA,2,5,NA,8,L2 learner,L2,L2,L2,Selection,FCT-03,0,NA,NA,NA,NA,NA,NA,NA,Clitics,Masculine,Singular,NA,NA,NA,L2L,4th/5th,Late,Yes,7,0,131,2023,0,0.2857142857142857,NA,NA,0.11177644739922535,-0.1426813720582039
H31,1,1,L2L 4th/5th,5,NA,131,NA,NA,NA,2,5,NA,8,L2 learner,L2,L2,L2,Selection,FCT-05,0,NA,NA,NA,NA,NA,NA,NA,Clitics,Feminine,Singular,NA,NA,NA,L2L,4th/5th,Late,Yes,7,0,131,2023,0,0.2857142857142857,NA,NA,0.11177644739922535,-0.1426813720582039
H31,1,1,L2L 4th/5th,5,NA,131,NA,NA,NA,2,5,NA,8,L2 learner,L2,L2,L2,Selection,FCT-07,1,NA,NA,NA,NA,NA,NA,NA,Clitics,Masculine,Plural,NA,NA,NA,L2L,4th/5th,Late,Yes,7,0,131,2023,1,0.2857142857142857,NA,NA,0.11177644739922535,-0.1426813720582039
H31,1,1,L2L 4th/5th,5,NA,131,NA,NA,NA,2,5,NA,8,L2 learner,L2,L2,L2,Selection,FCT-09,1,NA,NA,NA,NA,NA,NA,NA,Clitics,Feminine,Plural,NA,NA,NA,L2L,4th/5th,Late,Yes,7,0,131,2023,1,0.2857142857142857,NA,NA,0.11177644739922535,-0.1426813720582039
H31,1,1,L2L 4th/5th,5,NA,131,NA,NA,NA,2,5,NA,8,L2 learner,L2,L2,L2,Selection,FCT-11,1,NA,NA,NA,NA,NA,NA,NA,Clitics,Masculine,Singular,NA,NA,NA,L2L,4th/5th,Late,Yes,7,0,131,2023,1,0.2857142857142857,NA,NA,0.11177644739922535,-0.1426813720582039
H31,1,1,L2L 4th/5th,5,NA,131,NA,NA,NA,2,5,NA,8,L2 learner,L2,L2,L2,Selection,FCT-13,1,NA,NA,NA,NA,NA,NA,NA,Clitics,Feminine,Singular,NA,NA,NA,L2L,4th/5th,Late,Yes,7,0,131,2023,1,0.2857142857142857,NA,NA,0.11177644739922535,-0.1426813720582039
H31,1,1,L2L 4th/5th,5,NA,131,NA,NA,NA,2,5,NA,8,L2 learner,L2,L2,L2,Selection,FCT-15,1,NA,NA,NA,NA,NA,NA,NA,Clitics,Masculine,Plural,NA,NA,NA,L2L,4th/5th,Late,Yes,7,0,131,2023,1,0.2857142857142857,NA,NA,0.11177644739922535,-0.1426813720582039
H31,1,1,L2L 4th/5th,5,NA,131,NA,NA,NA,2,5,NA,8,L2 learner,L2,L2,L2,Selection,FCT-17,1,NA,NA,NA,NA,NA,NA,NA,Clitics,Feminine,Plural,NA,NA,NA,L2L,4th/5th,Late,Yes,7,0,131,2023,1,0.2857142857142857,NA,NA,0.11177644739922535,-0.1426813720582039
H31,1,1,L2L 4th/5th,5,NA,131,NA,NA,NA,2,5,NA,8,L2 learner,L2,L2,L2,Selection,FCT-19,1,NA,NA,NA,NA,NA,NA,NA,Clitics,Masculine,Singular,NA,NA,NA,L2L,4th/5th,Late,Yes,7,0,131,2023,1,0.2857142857142857,NA,NA,0.11177644739922535,-0.1426813720582039
H31,1,1,L2L 4th/5th,5,NA,131,NA,NA,NA,2,5,NA,8,L2 learner,L2,L2,L2,Selection,FCT-21,1,NA,NA,NA,NA,NA,NA,NA,Clitics,Feminine,Singular,NA,NA,NA,L2L,4th/5th,Late,Yes,7,0,131,2023,1,0.2857142857142857,NA,NA,0.11177644739922535,-0.1426813720582039
H31,1,1,L2L 4th/5th,5,NA,131,NA,NA,NA,2,5,NA,8,L2 learner,L2,L2,L2,Selection,FCT-23,1,NA,NA,NA,NA,NA,NA,NA,Clitics,Masculine,Plural,NA,NA,NA,L2L,4th/5th,Late,Yes,7,0,131,2023,1,0.2857142857142857,NA,NA,0.11177644739922535,-0.1426813720582039
H31,1,1,L2L 4th/5th,5,NA,131,NA,NA,NA,2,5,NA,8,L2 learner,L2,L2,L2,Selection,FCT-25,0,NA,NA,NA,NA,NA,NA,NA,Clitics,Feminine,Plural,NA,NA,NA,L2L,4th/5th,Late,Yes,7,0,131,2023,0,0.2857142857142857,NA,NA,0.11177644739922535,-0.1426813720582039
H31,1,2,L2L 7th/8th,8,NA,131,NA,NA,NA,2,5,NA,8,L2 learner,L2,L2,L2,Selection,FCT-03,1,NA,NA,NA,NA,NA,NA,NA,Clitics,Masculine,Singular,NA,NA,NA,L2L,7th/8th,Late,Yes,7,36,167,2026,1,0.2857142857142857,NA,NA,0.11177644739922535,1.129238675001182
H31,1,2,L2L 7th/8th,8,NA,131,NA,NA,NA,2,5,NA,8,L2 learner,L2,L2,L2,Selection,FCT-05,0,NA,NA,NA,NA,NA,NA,NA,Clitics,Feminine,Singular,NA,NA,NA,L2L,7th/8th,Late,Yes,7,36,167,2026,0,0.2857142857142857,NA,NA,0.11177644739922535,1.129238675001182
H31,1,2,L2L 7th/8th,8,NA,131,NA,NA,NA,2,5,NA,8,L2 learner,L2,L2,L2,Selection,FCT-07,1,NA,NA,NA,NA,NA,NA,NA,Clitics,Masculine,Plural,NA,NA,NA,L2L,7th/8th,Late,Yes,7,36,167,2026,1,0.2857142857142857,NA,NA,0.11177644739922535,1.129238675001182
H31,1,2,L2L 7th/8th,8,NA,131,NA,NA,NA,2,5,NA,8,L2 learner,L2,L2,L2,Selection,FCT-09,1,NA,NA,NA,NA,NA,NA,NA,Clitics,Feminine,Plural,NA,NA,NA,L2L,7th/8th,Late,Yes,7,36,167,2026,1,0.2857142857142857,NA,NA,0.11177644739922535,1.129238675001182
H31,1,2,L2L 7th/8th,8,NA,131,NA,NA,NA,2,5,NA,8,L2 learner,L2,L2,L2,Selection,FCT-11,1,NA,NA,NA,NA,NA,NA,NA,Clitics,Masculine,Singular,NA,NA,NA,L2L,7th/8th,Late,Yes,7,36,167,2026,1,0.2857142857142857,NA,NA,0.11177644739922535,1.129238675001182
H31,1,2,L2L 7th/8th,8,NA,131,NA,NA,NA,2,5,NA,8,L2 learner,L2,L2,L2,Selection,FCT-13,1,NA,NA,NA,NA,NA,NA,NA,Clitics,Feminine,Singular,NA,NA,NA,L2L,7th/8th,Late,Yes,7,36,167,2026,1,0.2857142857142857,NA,NA,0.11177644739922535,1.129238675001182
H31,1,2,L2L 7th/8th,8,NA,131,NA,NA,NA,2,5,NA,8,L2 learner,L2,L2,L2,Selection,FCT-15,1,NA,NA,NA,NA,NA,NA,NA,Clitics,Masculine,Plural,NA,NA,NA,L2L,7th/8th,Late,Yes,7,36,167,2026,1,0.2857142857142857,NA,NA,0.11177644739922535,1.129238675001182
H31,1,2,L2L 7th/8th,8,NA,131,NA,NA,NA,2,5,NA,8,L2 learner,L2,L2,L2,Selection,FCT-17,1,NA,NA,NA,NA,NA,NA,NA,Clitics,Feminine,Plural,NA,NA,NA,L2L,7th/8th,Late,Yes,7,36,167,2026,1,0.2857142857142857,NA,NA,0.11177644739922535,1.129238675001182
H31,1,2,L2L 7th/8th,8,NA,131,NA,NA,NA,2,5,NA,8,L2 learner,L2,L2,L2,Selection,FCT-19,1,NA,NA,NA,NA,NA,NA,NA,Clitics,Masculine,Singular,NA,NA,NA,L2L,7th/8th,Late,Yes,7,36,167,2026,1,0.2857142857142857,NA,NA,0.11177644739922535,1.129238675001182
H31,1,2,L2L 7th/8th,8,NA,131,NA,NA,NA,2,5,NA,8,L2 learner,L2,L2,L2,Selection,FCT-21,1,NA,NA,NA,NA,NA,NA,NA,Clitics,Feminine,Singular,NA,NA,NA,L2L,7th/8th,Late,Yes,7,36,167,2026,1,0.2857142857142857,NA,NA,0.11177644739922535,1.129238675001182
H31,1,2,L2L 7th/8th,8,NA,131,NA,NA,NA,2,5,NA,8,L2 learner,L2,L2,L2,Selection,FCT-23,1,NA,NA,NA,NA,NA,NA,NA,Clitics,Masculine,Plural,NA,NA,NA,L2L,7th/8th,Late,Yes,7,36,167,2026,1,0.2857142857142857,NA,NA,0.11177644739922535,1.129238675001182
H31,1,2,L2L 7th/8th,8,NA,131,NA,NA,NA,2,5,NA,8,L2 learner,L2,L2,L2,Selection,FCT-25,1,NA,NA,NA,NA,NA,NA,NA,Clitics,Feminine,Plural,NA,NA,NA,L2L,7th/8th,Late,Yes,7,36,167,2026,1,0.2857142857142857,NA,NA,0.11177644739922535,1.129238675001182
H32,1,1,L2L 4th/5th,5,NA,130,NA,NA,NA,1,5,NA,8,Russian,No,Yes,Yes,Selection,FCT-03,1,NA,NA,NA,NA,NA,NA,NA,Clitics,Masculine,Singular,NA,NA,NA,L2L,4th/5th,Late,Yes,6,0,130,2023,1,0.16666666666666666,NA,NA,0.0734802565839019,-0.17801248447652016
H32,1,1,L2L 4th/5th,5,NA,130,NA,NA,NA,1,5,NA,8,Russian,No,Yes,Yes,Selection,FCT-05,0,NA,NA,NA,NA,NA,NA,NA,Clitics,Feminine,Singular,NA,NA,NA,L2L,4th/5th,Late,Yes,6,0,130,2023,0,0.16666666666666666,NA,NA,0.0734802565839019,-0.17801248447652016
H32,1,1,L2L 4th/5th,5,NA,130,NA,NA,NA,1,5,NA,8,Russian,No,Yes,Yes,Selection,FCT-07,1,NA,NA,NA,NA,NA,NA,NA,Clitics,Masculine,Plural,NA,NA,NA,L2L,4th/5th,Late,Yes,6,0,130,2023,1,0.16666666666666666,NA,NA,0.0734802565839019,-0.17801248447652016
H32,1,1,L2L 4th/5th,5,NA,130,NA,NA,NA,1,5,NA,8,Russian,No,Yes,Yes,Selection,FCT-09,0,NA,NA,NA,NA,NA,NA,NA,Clitics,Feminine,Plural,NA,NA,NA,L2L,4th/5th,Late,Yes,6,0,130,2023,0,0.16666666666666666,NA,NA,0.0734802565839019,-0.17801248447652016
H32,1,1,L2L 4th/5th,5,NA,130,NA,NA,NA,1,5,NA,8,Russian,No,Yes,Yes,Selection,FCT-11,1,NA,NA,NA,NA,NA,NA,NA,Clitics,Masculine,Singular,NA,NA,NA,L2L,4th/5th,Late,Yes,6,0,130,2023,1,0.16666666666666666,NA,NA,0.0734802565839019,-0.17801248447652016
H32,1,1,L2L 4th/5th,5,NA,130,NA,NA,NA,1,5,NA,8,Russian,No,Yes,Yes,Selection,FCT-13,1,NA,NA,NA,NA,NA,NA,NA,Clitics,Feminine,Singular,NA,NA,NA,L2L,4th/5th,Late,Yes,6,0,130,2023,1,0.16666666666666666,NA,NA,0.0734802565839019,-0.17801248447652016
H32,1,1,L2L 4th/5th,5,NA,130,NA,NA,NA,1,5,NA,8,Russian,No,Yes,Yes,Selection,FCT-15,0,NA,NA,NA,NA,NA,NA,NA,Clitics,Masculine,Plural,NA,NA,NA,L2L,4th/5th,Late,Yes,6,0,130,2023,0,0.16666666666666666,NA,NA,0.0734802565839019,-0.17801248447652016
H32,1,1,L2L 4th/5th,5,NA,130,NA,NA,NA,1,5,NA,8,Russian,No,Yes,Yes,Selection,FCT-17,1,NA,NA,NA,NA,NA,NA,NA,Clitics,Feminine,Plural,NA,NA,NA,L2L,4th/5th,Late,Yes,6,0,130,2023,1,0.16666666666666666,NA,NA,0.0734802565839019,-0.17801248447652016
H32,1,1,L2L 4th/5th,5,NA,130,NA,NA,NA,1,5,NA,8,Russian,No,Yes,Yes,Selection,FCT-19,0,NA,NA,NA,NA,NA,NA,NA,Clitics,Masculine,Singular,NA,NA,NA,L2L,4th/5th,Late,Yes,6,0,130,2023,0,0.16666666666666666,NA,NA,0.0734802565839019,-0.17801248447652016
H32,1,1,L2L 4th/5th,5,NA,130,NA,NA,NA,1,5,NA,8,Russian,No,Yes,Yes,Selection,FCT-21,1,NA,NA,NA,NA,NA,NA,NA,Clitics,Feminine,Singular,NA,NA,NA,L2L,4th/5th,Late,Yes,6,0,130,2023,1,0.16666666666666666,NA,NA,0.0734802565839019,-0.17801248447652016
H32,1,1,L2L 4th/5th,5,NA,130,NA,NA,NA,1,5,NA,8,Russian,No,Yes,Yes,Selection,FCT-23,1,NA,NA,NA,NA,NA,NA,NA,Clitics,Masculine,Plural,NA,NA,NA,L2L,4th/5th,Late,Yes,6,0,130,2023,1,0.16666666666666666,NA,NA,0.0734802565839019,-0.17801248447652016
H32,1,1,L2L 4th/5th,5,NA,130,NA,NA,NA,1,5,NA,8,Russian,No,Yes,Yes,Selection,FCT-25,0,NA,NA,NA,NA,NA,NA,NA,Clitics,Feminine,Plural,NA,NA,NA,L2L,4th/5th,Late,Yes,6,0,130,2023,0,0.16666666666666666,NA,NA,0.0734802565839019,-0.17801248447652016
H32,1,2,L2L 7th/8th,8,NA,130,NA,NA,NA,1,5,NA,8,Russian,No,Yes,Yes,Selection,FCT-03,1,NA,NA,NA,NA,NA,NA,NA,Clitics,Masculine,Singular,NA,NA,NA,L2L,7th/8th,Late,Yes,6,36,166,2026,1,0.16666666666666666,NA,NA,0.0734802565839019,1.0939075625828658
H32,1,2,L2L 7th/8th,8,NA,130,NA,NA,NA,1,5,NA,8,Russian,No,Yes,Yes,Selection,FCT-05,0,NA,NA,NA,NA,NA,NA,NA,Clitics,Feminine,Singular,NA,NA,NA,L2L,7th/8th,Late,Yes,6,36,166,2026,0,0.16666666666666666,NA,NA,0.0734802565839019,1.0939075625828658
H32,1,2,L2L 7th/8th,8,NA,130,NA,NA,NA,1,5,NA,8,Russian,No,Yes,Yes,Selection,FCT-07,1,NA,NA,NA,NA,NA,NA,NA,Clitics,Masculine,Plural,NA,NA,NA,L2L,7th/8th,Late,Yes,6,36,166,2026,1,0.16666666666666666,NA,NA,0.0734802565839019,1.0939075625828658
H32,1,2,L2L 7th/8th,8,NA,130,NA,NA,NA,1,5,NA,8,Russian,No,Yes,Yes,Selection,FCT-09,0,NA,NA,NA,NA,NA,NA,NA,Clitics,Feminine,Plural,NA,NA,NA,L2L,7th/8th,Late,Yes,6,36,166,2026,0,0.16666666666666666,NA,NA,0.0734802565839019,1.0939075625828658
H32,1,2,L2L 7th/8th,8,NA,130,NA,NA,NA,1,5,NA,8,Russian,No,Yes,Yes,Selection,FCT-11,1,NA,NA,NA,NA,NA,NA,NA,Clitics,Masculine,Singular,NA,NA,NA,L2L,7th/8th,Late,Yes,6,36,166,2026,1,0.16666666666666666,NA,NA,0.0734802565839019,1.0939075625828658
H32,1,2,L2L 7th/8th,8,NA,130,NA,NA,NA,1,5,NA,8,Russian,No,Yes,Yes,Selection,FCT-13,1,NA,NA,NA,NA,NA,NA,NA,Clitics,Feminine,Singular,NA,NA,NA,L2L,7th/8th,Late,Yes,6,36,166,2026,1,0.16666666666666666,NA,NA,0.0734802565839019,1.0939075625828658
H32,1,2,L2L 7th/8th,8,NA,130,NA,NA,NA,1,5,NA,8,Russian,No,Yes,Yes,Selection,FCT-15,1,NA,NA,NA,NA,NA,NA,NA,Clitics,Masculine,Plural,NA,NA,NA,L2L,7th/8th,Late,Yes,6,36,166,2026,1,0.16666666666666666,NA,NA,0.0734802565839019,1.0939075625828658
H32,1,2,L2L 7th/8th,8,NA,130,NA,NA,NA,1,5,NA,8,Russian,No,Yes,Yes,Selection,FCT-17,0,NA,NA,NA,NA,NA,NA,NA,Clitics,Feminine,Plural,NA,NA,NA,L2L,7th/8th,Late,Yes,6,36,166,2026,0,0.16666666666666666,NA,NA,0.0734802565839019,1.0939075625828658
H32,1,2,L2L 7th/8th,8,NA,130,NA,NA,NA,1,5,NA,8,Russian,No,Yes,Yes,Selection,FCT-19,0,NA,NA,NA,NA,NA,NA,NA,Clitics,Masculine,Singular,NA,NA,NA,L2L,7th/8th,Late,Yes,6,36,166,2026,0,0.16666666666666666,NA,NA,0.0734802565839019,1.0939075625828658
H32,1,2,L2L 7th/8th,8,NA,130,NA,NA,NA,1,5,NA,8,Russian,No,Yes,Yes,Selection,FCT-21,0,NA,NA,NA,NA,NA,NA,NA,Clitics,Feminine,Singular,NA,NA,NA,L2L,7th/8th,Late,Yes,6,36,166,2026,0,0.16666666666666666,NA,NA,0.0734802565839019,1.0939075625828658
H32,1,2,L2L 7th/8th,8,NA,130,NA,NA,NA,1,5,NA,8,Russian,No,Yes,Yes,Selection,FCT-23,1,NA,NA,NA,NA,NA,NA,NA,Clitics,Masculine,Plural,NA,NA,NA,L2L,7th/8th,Late,Yes,6,36,166,2026,1,0.16666666666666666,NA,NA,0.0734802565839019,1.0939075625828658
H32,1,2,L2L 7th/8th,8,NA,130,NA,NA,NA,1,5,NA,8,Russian,No,Yes,Yes,Selection,FCT-25,0,NA,NA,NA,NA,NA,NA,NA,Clitics,Feminine,Plural,NA,NA,NA,L2L,7th/8th,Late,Yes,6,36,166,2026,0,0.16666666666666666,NA,NA,0.0734802565839019,1.0939075625828658
H33,1,1,L2L 4th/5th,5,NA,128,NA,NA,NA,2,4,NA,3,"Hindi, Marathi",Yes,Yes,Yes,Selection,FCT-03,1,NA,NA,NA,NA,NA,NA,NA,Clitics,Masculine,Singular,NA,NA,NA,L2L,4th/5th,Late,Yes,6,0,128,2023,1,0.3333333333333333,NA,NA,-0.0031121250467449975,-0.24867470931315272
H33,1,1,L2L 4th/5th,5,NA,128,NA,NA,NA,2,4,NA,3,"Hindi, Marathi",Yes,Yes,Yes,Selection,FCT-05,0,NA,NA,NA,NA,NA,NA,NA,Clitics,Feminine,Singular,NA,NA,NA,L2L,4th/5th,Late,Yes,6,0,128,2023,0,0.3333333333333333,NA,NA,-0.0031121250467449975,-0.24867470931315272
H33,1,1,L2L 4th/5th,5,NA,128,NA,NA,NA,2,4,NA,3,"Hindi, Marathi",Yes,Yes,Yes,Selection,FCT-07,1,NA,NA,NA,NA,NA,NA,NA,Clitics,Masculine,Plural,NA,NA,NA,L2L,4th/5th,Late,Yes,6,0,128,2023,1,0.3333333333333333,NA,NA,-0.0031121250467449975,-0.24867470931315272
H33,1,1,L2L 4th/5th,5,NA,128,NA,NA,NA,2,4,NA,3,"Hindi, Marathi",Yes,Yes,Yes,Selection,FCT-09,0,NA,NA,NA,NA,NA,NA,NA,Clitics,Feminine,Plural,NA,NA,NA,L2L,4th/5th,Late,Yes,6,0,128,2023,0,0.3333333333333333,NA,NA,-0.0031121250467449975,-0.24867470931315272
H33,1,1,L2L 4th/5th,5,NA,128,NA,NA,NA,2,4,NA,3,"Hindi, Marathi",Yes,Yes,Yes,Selection,FCT-11,1,NA,NA,NA,NA,NA,NA,NA,Clitics,Masculine,Singular,NA,NA,NA,L2L,4th/5th,Late,Yes,6,0,128,2023,1,0.3333333333333333,NA,NA,-0.0031121250467449975,-0.24867470931315272
H33,1,1,L2L 4th/5th,5,NA,128,NA,NA,NA,2,4,NA,3,"Hindi, Marathi",Yes,Yes,Yes,Selection,FCT-13,1,NA,NA,NA,NA,NA,NA,NA,Clitics,Feminine,Singular,NA,NA,NA,L2L,4th/5th,Late,Yes,6,0,128,2023,1,0.3333333333333333,NA,NA,-0.0031121250467449975,-0.24867470931315272
H33,1,1,L2L 4th/5th,5,NA,128,NA,NA,NA,2,4,NA,3,"Hindi, Marathi",Yes,Yes,Yes,Selection,FCT-15,1,NA,NA,NA,NA,NA,NA,NA,Clitics,Masculine,Plural,NA,NA,NA,L2L,4th/5th,Late,Yes,6,0,128,2023,1,0.3333333333333333,NA,NA,-0.0031121250467449975,-0.24867470931315272
H33,1,1,L2L 4th/5th,5,NA,128,NA,NA,NA,2,4,NA,3,"Hindi, Marathi",Yes,Yes,Yes,Selection,FCT-17,0,NA,NA,NA,NA,NA,NA,NA,Clitics,Feminine,Plural,NA,NA,NA,L2L,4th/5th,Late,Yes,6,0,128,2023,0,0.3333333333333333,NA,NA,-0.0031121250467449975,-0.24867470931315272
H33,1,1,L2L 4th/5th,5,NA,128,NA,NA,NA,2,4,NA,3,"Hindi, Marathi",Yes,Yes,Yes,Selection,FCT-19,1,NA,NA,NA,NA,NA,NA,NA,Clitics,Masculine,Singular,NA,NA,NA,L2L,4th/5th,Late,Yes,6,0,128,2023,1,0.3333333333333333,NA,NA,-0.0031121250467449975,-0.24867470931315272
H33,1,1,L2L 4th/5th,5,NA,128,NA,NA,NA,2,4,NA,3,"Hindi, Marathi",Yes,Yes,Yes,Selection,FCT-21,0,NA,NA,NA,NA,NA,NA,NA,Clitics,Feminine,Singular,NA,NA,NA,L2L,4th/5th,Late,Yes,6,0,128,2023,0,0.3333333333333333,NA,NA,-0.0031121250467449975,-0.24867470931315272
H33,1,1,L2L 4th/5th,5,NA,128,NA,NA,NA,2,4,NA,3,"Hindi, Marathi",Yes,Yes,Yes,Selection,FCT-23,1,NA,NA,NA,NA,NA,NA,NA,Clitics,Masculine,Plural,NA,NA,NA,L2L,4th/5th,Late,Yes,6,0,128,2023,1,0.3333333333333333,NA,NA,-0.0031121250467449975,-0.24867470931315272
H33,1,1,L2L 4th/5th,5,NA,128,NA,NA,NA,2,4,NA,3,"Hindi, Marathi",Yes,Yes,Yes,Selection,FCT-25,1,NA,NA,NA,NA,NA,NA,NA,Clitics,Feminine,Plural,NA,NA,NA,L2L,4th/5th,Late,Yes,6,0,128,2023,1,0.3333333333333333,NA,NA,-0.0031121250467449975,-0.24867470931315272
H33,1,2,L2L 7th/8th,8,NA,128,NA,NA,NA,2,4,NA,3,"Hindi, Marathi",Yes,Yes,Yes,Selection,FCT-03,1,NA,NA,NA,NA,NA,NA,NA,Clitics,Masculine,Singular,NA,NA,NA,L2L,7th/8th,Late,Yes,6,36,164,2026,1,0.3333333333333333,NA,NA,-0.0031121250467449975,1.0232453377462332
H33,1,2,L2L 7th/8th,8,NA,128,NA,NA,NA,2,4,NA,3,"Hindi, Marathi",Yes,Yes,Yes,Selection,FCT-05,0,NA,NA,NA,NA,NA,NA,NA,Clitics,Feminine,Singular,NA,NA,NA,L2L,7th/8th,Late,Yes,6,36,164,2026,0,0.3333333333333333,NA,NA,-0.0031121250467449975,1.0232453377462332
H33,1,2,L2L 7th/8th,8,NA,128,NA,NA,NA,2,4,NA,3,"Hindi, Marathi",Yes,Yes,Yes,Selection,FCT-07,0,NA,NA,NA,NA,NA,NA,NA,Clitics,Masculine,Plural,NA,NA,NA,L2L,7th/8th,Late,Yes,6,36,164,2026,0,0.3333333333333333,NA,NA,-0.0031121250467449975,1.0232453377462332
H33,1,2,L2L 7th/8th,8,NA,128,NA,NA,NA,2,4,NA,3,"Hindi, Marathi",Yes,Yes,Yes,Selection,FCT-09,1,NA,NA,NA,NA,NA,NA,NA,Clitics,Feminine,Plural,NA,NA,NA,L2L,7th/8th,Late,Yes,6,36,164,2026,1,0.3333333333333333,NA,NA,-0.0031121250467449975,1.0232453377462332
H33,1,2,L2L 7th/8th,8,NA,128,NA,NA,NA,2,4,NA,3,"Hindi, Marathi",Yes,Yes,Yes,Selection,FCT-11,1,NA,NA,NA,NA,NA,NA,NA,Clitics,Masculine,Singular,NA,NA,NA,L2L,7th/8th,Late,Yes,6,36,164,2026,1,0.3333333333333333,NA,NA,-0.0031121250467449975,1.0232453377462332
H33,1,2,L2L 7th/8th,8,NA,128,NA,NA,NA,2,4,NA,3,"Hindi, Marathi",Yes,Yes,Yes,Selection,FCT-13,1,NA,NA,NA,NA,NA,NA,NA,Clitics,Feminine,Singular,NA,NA,NA,L2L,7th/8th,Late,Yes,6,36,164,2026,1,0.3333333333333333,NA,NA,-0.0031121250467449975,1.0232453377462332
H33,1,2,L2L 7th/8th,8,NA,128,NA,NA,NA,2,4,NA,3,"Hindi, Marathi",Yes,Yes,Yes,Selection,FCT-15,1,NA,NA,NA,NA,NA,NA,NA,Clitics,Masculine,Plural,NA,NA,NA,L2L,7th/8th,Late,Yes,6,36,164,2026,1,0.3333333333333333,NA,NA,-0.0031121250467449975,1.0232453377462332
H33,1,2,L2L 7th/8th,8,NA,128,NA,NA,NA,2,4,NA,3,"Hindi, Marathi",Yes,Yes,Yes,Selection,FCT-17,1,NA,NA,NA,NA,NA,NA,NA,Clitics,Feminine,Plural,NA,NA,NA,L2L,7th/8th,Late,Yes,6,36,164,2026,1,0.3333333333333333,NA,NA,-0.0031121250467449975,1.0232453377462332
H33,1,2,L2L 7th/8th,8,NA,128,NA,NA,NA,2,4,NA,3,"Hindi, Marathi",Yes,Yes,Yes,Selection,FCT-19,0,NA,NA,NA,NA,NA,NA,NA,Clitics,Masculine,Singular,NA,NA,NA,L2L,7th/8th,Late,Yes,6,36,164,2026,0,0.3333333333333333,NA,NA,-0.0031121250467449975,1.0232453377462332
H33,1,2,L2L 7th/8th,8,NA,128,NA,NA,NA,2,4,NA,3,"Hindi, Marathi",Yes,Yes,Yes,Selection,FCT-21,1,NA,NA,NA,NA,NA,NA,NA,Clitics,Feminine,Singular,NA,NA,NA,L2L,7th/8th,Late,Yes,6,36,164,2026,1,0.3333333333333333,NA,NA,-0.0031121250467449975,1.0232453377462332
H33,1,2,L2L 7th/8th,8,NA,128,NA,NA,NA,2,4,NA,3,"Hindi, Marathi",Yes,Yes,Yes,Selection,FCT-23,1,NA,NA,NA,NA,NA,NA,NA,Clitics,Masculine,Plural,NA,NA,NA,L2L,7th/8th,Late,Yes,6,36,164,2026,1,0.3333333333333333,NA,NA,-0.0031121250467449975,1.0232453377462332
H33,1,2,L2L 7th/8th,8,NA,128,NA,NA,NA,2,4,NA,3,"Hindi, Marathi",Yes,Yes,Yes,Selection,FCT-25,1,NA,NA,NA,NA,NA,NA,NA,Clitics,Feminine,Plural,NA,NA,NA,L2L,7th/8th,Late,Yes,6,36,164,2026,1,0.3333333333333333,NA,NA,-0.0031121250467449975,1.0232453377462332
H34,1,1,L2L 4th/5th,5,11,132,NA,NA,NA,2,4,3,8,Sinhala,Yes,Yes,Yes,Selection,FCT-03,1,NA,NA,NA,NA,NA,NA,NA,Clitics,Masculine,Singular,NA,NA,NA,L2L,4th/5th,Late,Yes,6,0,132,2023,1,0.3333333333333333,NA,NA,0.1500726382145488,-0.10735025963988762
H34,1,1,L2L 4th/5th,5,11,132,NA,NA,NA,2,4,3,8,Sinhala,Yes,Yes,Yes,Selection,FCT-05,0,NA,NA,NA,NA,NA,NA,NA,Clitics,Feminine,Singular,NA,NA,NA,L2L,4th/5th,Late,Yes,6,0,132,2023,0,0.3333333333333333,NA,NA,0.1500726382145488,-0.10735025963988762
H34,1,1,L2L 4th/5th,5,11,132,NA,NA,NA,2,4,3,8,Sinhala,Yes,Yes,Yes,Selection,FCT-07,1,NA,NA,NA,NA,NA,NA,NA,Clitics,Masculine,Plural,NA,NA,NA,L2L,4th/5th,Late,Yes,6,0,132,2023,1,0.3333333333333333,NA,NA,0.1500726382145488,-0.10735025963988762
H34,1,1,L2L 4th/5th,5,11,132,NA,NA,NA,2,4,3,8,Sinhala,Yes,Yes,Yes,Selection,FCT-09,0,NA,NA,NA,NA,NA,NA,NA,Clitics,Feminine,Plural,NA,NA,NA,L2L,4th/5th,Late,Yes,6,0,132,2023,0,0.3333333333333333,NA,NA,0.1500726382145488,-0.10735025963988762
H34,1,1,L2L 4th/5th,5,11,132,NA,NA,NA,2,4,3,8,Sinhala,Yes,Yes,Yes,Selection,FCT-11,1,NA,NA,NA,NA,NA,NA,NA,Clitics,Masculine,Singular,NA,NA,NA,L2L,4th/5th,Late,Yes,6,0,132,2023,1,0.3333333333333333,NA,NA,0.1500726382145488,-0.10735025963988762
H34,1,1,L2L 4th/5th,5,11,132,NA,NA,NA,2,4,3,8,Sinhala,Yes,Yes,Yes,Selection,FCT-13,0,NA,NA,NA,NA,NA,NA,NA,Clitics,Feminine,Singular,NA,NA,NA,L2L,4th/5th,Late,Yes,6,0,132,2023,0,0.3333333333333333,NA,NA,0.1500726382145488,-0.10735025963988762
H34,1,1,L2L 4th/5th,5,11,132,NA,NA,NA,2,4,3,8,Sinhala,Yes,Yes,Yes,Selection,FCT-15,0,NA,NA,NA,NA,NA,NA,NA,Clitics,Masculine,Plural,NA,NA,NA,L2L,4th/5th,Late,Yes,6,0,132,2023,0,0.3333333333333333,NA,NA,0.1500726382145488,-0.10735025963988762
H34,1,1,L2L 4th/5th,5,11,132,NA,NA,NA,2,4,3,8,Sinhala,Yes,Yes,Yes,Selection,FCT-17,1,NA,NA,NA,NA,NA,NA,NA,Clitics,Feminine,Plural,NA,NA,NA,L2L,4th/5th,Late,Yes,6,0,132,2023,1,0.3333333333333333,NA,NA,0.1500726382145488,-0.10735025963988762
H34,1,1,L2L 4th/5th,5,11,132,NA,NA,NA,2,4,3,8,Sinhala,Yes,Yes,Yes,Selection,FCT-19,1,NA,NA,NA,NA,NA,NA,NA,Clitics,Masculine,Singular,NA,NA,NA,L2L,4th/5th,Late,Yes,6,0,132,2023,1,0.3333333333333333,NA,NA,0.1500726382145488,-0.10735025963988762
H34,1,1,L2L 4th/5th,5,11,132,NA,NA,NA,2,4,3,8,Sinhala,Yes,Yes,Yes,Selection,FCT-21,1,NA,NA,NA,NA,NA,NA,NA,Clitics,Feminine,Singular,NA,NA,NA,L2L,4th/5th,Late,Yes,6,0,132,2023,1,0.3333333333333333,NA,NA,0.1500726382145488,-0.10735025963988762
H34,1,1,L2L 4th/5th,5,11,132,NA,NA,NA,2,4,3,8,Sinhala,Yes,Yes,Yes,Selection,FCT-23,1,NA,NA,NA,NA,NA,NA,NA,Clitics,Masculine,Plural,NA,NA,NA,L2L,4th/5th,Late,Yes,6,0,132,2023,1,0.3333333333333333,NA,NA,0.1500726382145488,-0.10735025963988762
H34,1,1,L2L 4th/5th,5,11,132,NA,NA,NA,2,4,3,8,Sinhala,Yes,Yes,Yes,Selection,FCT-25,1,NA,NA,NA,NA,NA,NA,NA,Clitics,Feminine,Plural,NA,NA,NA,L2L,4th/5th,Late,Yes,6,0,132,2023,1,0.3333333333333333,NA,NA,0.1500726382145488,-0.10735025963988762
H34,1,2,L2L 7th/8th,8,11,132,NA,NA,NA,2,4,3,8,Sinhala,Yes,Yes,Yes,Selection,FCT-03,0,NA,NA,NA,NA,NA,NA,NA,Clitics,Masculine,Singular,NA,NA,NA,L2L,7th/8th,Late,Yes,6,36,168,2026,0,0.3333333333333333,NA,NA,0.1500726382145488,1.1645697874194985
H34,1,2,L2L 7th/8th,8,11,132,NA,NA,NA,2,4,3,8,Sinhala,Yes,Yes,Yes,Selection,FCT-05,0,NA,NA,NA,NA,NA,NA,NA,Clitics,Feminine,Singular,NA,NA,NA,L2L,7th/8th,Late,Yes,6,36,168,2026,0,0.3333333333333333,NA,NA,0.1500726382145488,1.1645697874194985
H34,1,2,L2L 7th/8th,8,11,132,NA,NA,NA,2,4,3,8,Sinhala,Yes,Yes,Yes,Selection,FCT-07,1,NA,NA,NA,NA,NA,NA,NA,Clitics,Masculine,Plural,NA,NA,NA,L2L,7th/8th,Late,Yes,6,36,168,2026,1,0.3333333333333333,NA,NA,0.1500726382145488,1.1645697874194985
H34,1,2,L2L 7th/8th,8,11,132,NA,NA,NA,2,4,3,8,Sinhala,Yes,Yes,Yes,Selection,FCT-09,1,NA,NA,NA,NA,NA,NA,NA,Clitics,Feminine,Plural,NA,NA,NA,L2L,7th/8th,Late,Yes,6,36,168,2026,1,0.3333333333333333,NA,NA,0.1500726382145488,1.1645697874194985
H34,1,2,L2L 7th/8th,8,11,132,NA,NA,NA,2,4,3,8,Sinhala,Yes,Yes,Yes,Selection,FCT-11,1,NA,NA,NA,NA,NA,NA,NA,Clitics,Masculine,Singular,NA,NA,NA,L2L,7th/8th,Late,Yes,6,36,168,2026,1,0.3333333333333333,NA,NA,0.1500726382145488,1.1645697874194985
H34,1,2,L2L 7th/8th,8,11,132,NA,NA,NA,2,4,3,8,Sinhala,Yes,Yes,Yes,Selection,FCT-13,1,NA,NA,NA,NA,NA,NA,NA,Clitics,Feminine,Singular,NA,NA,NA,L2L,7th/8th,Late,Yes,6,36,168,2026,1,0.3333333333333333,NA,NA,0.1500726382145488,1.1645697874194985
H34,1,2,L2L 7th/8th,8,11,132,NA,NA,NA,2,4,3,8,Sinhala,Yes,Yes,Yes,Selection,FCT-15,1,NA,NA,NA,NA,NA,NA,NA,Clitics,Masculine,Plural,NA,NA,NA,L2L,7th/8th,Late,Yes,6,36,168,2026,1,0.3333333333333333,NA,NA,0.1500726382145488,1.1645697874194985
H34,1,2,L2L 7th/8th,8,11,132,NA,NA,NA,2,4,3,8,Sinhala,Yes,Yes,Yes,Selection,FCT-17,0,NA,NA,NA,NA,NA,NA,NA,Clitics,Feminine,Plural,NA,NA,NA,L2L,7th/8th,Late,Yes,6,36,168,2026,0,0.3333333333333333,NA,NA,0.1500726382145488,1.1645697874194985
H34,1,2,L2L 7th/8th,8,11,132,NA,NA,NA,2,4,3,8,Sinhala,Yes,Yes,Yes,Selection,FCT-19,0,NA,NA,NA,NA,NA,NA,NA,Clitics,Masculine,Singular,NA,NA,NA,L2L,7th/8th,Late,Yes,6,36,168,2026,0,0.3333333333333333,NA,NA,0.1500726382145488,1.1645697874194985
H34,1,2,L2L 7th/8th,8,11,132,NA,NA,NA,2,4,3,8,Sinhala,Yes,Yes,Yes,Selection,FCT-21,0,NA,NA,NA,NA,NA,NA,NA,Clitics,Feminine,Singular,NA,NA,NA,L2L,7th/8th,Late,Yes,6,36,168,2026,0,0.3333333333333333,NA,NA,0.1500726382145488,1.1645697874194985
H34,1,2,L2L 7th/8th,8,11,132,NA,NA,NA,2,4,3,8,Sinhala,Yes,Yes,Yes,Selection,FCT-23,1,NA,NA,NA,NA,NA,NA,NA,Clitics,Masculine,Plural,NA,NA,NA,L2L,7th/8th,Late,Yes,6,36,168,2026,1,0.3333333333333333,NA,NA,0.1500726382145488,1.1645697874194985
H34,1,2,L2L 7th/8th,8,11,132,NA,NA,NA,2,4,3,8,Sinhala,Yes,Yes,Yes,Selection,FCT-25,1,NA,NA,NA,NA,NA,NA,NA,Clitics,Feminine,Plural,NA,NA,NA,L2L,7th/8th,Late,Yes,6,36,168,2026,1,0.3333333333333333,NA,NA,0.1500726382145488,1.1645697874194985
H35,1,1,L2L 4th/5th,5,NA,130,NA,NA,NA,2,2,NA,7,Romanian,Yes,Yes,Yes,Selection,FCT-03,1,NA,NA,NA,NA,NA,NA,NA,Clitics,Masculine,Singular,NA,NA,NA,L2L,4th/5th,Late,Yes,4,0,130,2023,1,0.5,NA,NA,0.0734802565839019,-0.17801248447652016
H35,1,1,L2L 4th/5th,5,NA,130,NA,NA,NA,2,2,NA,7,Romanian,Yes,Yes,Yes,Selection,FCT-05,0,NA,NA,NA,NA,NA,NA,NA,Clitics,Feminine,Singular,NA,NA,NA,L2L,4th/5th,Late,Yes,4,0,130,2023,0,0.5,NA,NA,0.0734802565839019,-0.17801248447652016
H35,1,1,L2L 4th/5th,5,NA,130,NA,NA,NA,2,2,NA,7,Romanian,Yes,Yes,Yes,Selection,FCT-07,1,NA,NA,NA,NA,NA,NA,NA,Clitics,Masculine,Plural,NA,NA,NA,L2L,4th/5th,Late,Yes,4,0,130,2023,1,0.5,NA,NA,0.0734802565839019,-0.17801248447652016
H35,1,1,L2L 4th/5th,5,NA,130,NA,NA,NA,2,2,NA,7,Romanian,Yes,Yes,Yes,Selection,FCT-09,1,NA,NA,NA,NA,NA,NA,NA,Clitics,Feminine,Plural,NA,NA,NA,L2L,4th/5th,Late,Yes,4,0,130,2023,1,0.5,NA,NA,0.0734802565839019,-0.17801248447652016
H35,1,1,L2L 4th/5th,5,NA,130,NA,NA,NA,2,2,NA,7,Romanian,Yes,Yes,Yes,Selection,FCT-11,1,NA,NA,NA,NA,NA,NA,NA,Clitics,Masculine,Singular,NA,NA,NA,L2L,4th/5th,Late,Yes,4,0,130,2023,1,0.5,NA,NA,0.0734802565839019,-0.17801248447652016
H35,1,1,L2L 4th/5th,5,NA,130,NA,NA,NA,2,2,NA,7,Romanian,Yes,Yes,Yes,Selection,FCT-13,0,NA,NA,NA,NA,NA,NA,NA,Clitics,Feminine,Singular,NA,NA,NA,L2L,4th/5th,Late,Yes,4,0,130,2023,0,0.5,NA,NA,0.0734802565839019,-0.17801248447652016
H35,1,1,L2L 4th/5th,5,NA,130,NA,NA,NA,2,2,NA,7,Romanian,Yes,Yes,Yes,Selection,FCT-15,1,NA,NA,NA,NA,NA,NA,NA,Clitics,Masculine,Plural,NA,NA,NA,L2L,4th/5th,Late,Yes,4,0,130,2023,1,0.5,NA,NA,0.0734802565839019,-0.17801248447652016
H35,1,1,L2L 4th/5th,5,NA,130,NA,NA,NA,2,2,NA,7,Romanian,Yes,Yes,Yes,Selection,FCT-17,1,NA,NA,NA,NA,NA,NA,NA,Clitics,Feminine,Plural,NA,NA,NA,L2L,4th/5th,Late,Yes,4,0,130,2023,1,0.5,NA,NA,0.0734802565839019,-0.17801248447652016
H35,1,1,L2L 4th/5th,5,NA,130,NA,NA,NA,2,2,NA,7,Romanian,Yes,Yes,Yes,Selection,FCT-19,0,NA,NA,NA,NA,NA,NA,NA,Clitics,Masculine,Singular,NA,NA,NA,L2L,4th/5th,Late,Yes,4,0,130,2023,0,0.5,NA,NA,0.0734802565839019,-0.17801248447652016
H35,1,1,L2L 4th/5th,5,NA,130,NA,NA,NA,2,2,NA,7,Romanian,Yes,Yes,Yes,Selection,FCT-21,0,NA,NA,NA,NA,NA,NA,NA,Clitics,Feminine,Singular,NA,NA,NA,L2L,4th/5th,Late,Yes,4,0,130,2023,0,0.5,NA,NA,0.0734802565839019,-0.17801248447652016
H35,1,1,L2L 4th/5th,5,NA,130,NA,NA,NA,2,2,NA,7,Romanian,Yes,Yes,Yes,Selection,FCT-23,1,NA,NA,NA,NA,NA,NA,NA,Clitics,Masculine,Plural,NA,NA,NA,L2L,4th/5th,Late,Yes,4,0,130,2023,1,0.5,NA,NA,0.0734802565839019,-0.17801248447652016
H35,1,1,L2L 4th/5th,5,NA,130,NA,NA,NA,2,2,NA,7,Romanian,Yes,Yes,Yes,Selection,FCT-25,0,NA,NA,NA,NA,NA,NA,NA,Clitics,Feminine,Plural,NA,NA,NA,L2L,4th/5th,Late,Yes,4,0,130,2023,0,0.5,NA,NA,0.0734802565839019,-0.17801248447652016
H35,1,2,L2L 7th/8th,8,NA,130,NA,NA,NA,2,2,NA,7,Romanian,Yes,Yes,Yes,Selection,FCT-03,1,NA,NA,NA,NA,NA,NA,NA,Clitics,Masculine,Singular,NA,NA,NA,L2L,7th/8th,Late,Yes,4,36,166,2026,1,0.5,NA,NA,0.0734802565839019,1.0939075625828658
H35,1,2,L2L 7th/8th,8,NA,130,NA,NA,NA,2,2,NA,7,Romanian,Yes,Yes,Yes,Selection,FCT-05,0,NA,NA,NA,NA,NA,NA,NA,Clitics,Feminine,Singular,NA,NA,NA,L2L,7th/8th,Late,Yes,4,36,166,2026,0,0.5,NA,NA,0.0734802565839019,1.0939075625828658
H35,1,2,L2L 7th/8th,8,NA,130,NA,NA,NA,2,2,NA,7,Romanian,Yes,Yes,Yes,Selection,FCT-07,1,NA,NA,NA,NA,NA,NA,NA,Clitics,Masculine,Plural,NA,NA,NA,L2L,7th/8th,Late,Yes,4,36,166,2026,1,0.5,NA,NA,0.0734802565839019,1.0939075625828658
H35,1,2,L2L 7th/8th,8,NA,130,NA,NA,NA,2,2,NA,7,Romanian,Yes,Yes,Yes,Selection,FCT-09,1,NA,NA,NA,NA,NA,NA,NA,Clitics,Feminine,Plural,NA,NA,NA,L2L,7th/8th,Late,Yes,4,36,166,2026,1,0.5,NA,NA,0.0734802565839019,1.0939075625828658
H35,1,2,L2L 7th/8th,8,NA,130,NA,NA,NA,2,2,NA,7,Romanian,Yes,Yes,Yes,Selection,FCT-11,1,NA,NA,NA,NA,NA,NA,NA,Clitics,Masculine,Singular,NA,NA,NA,L2L,7th/8th,Late,Yes,4,36,166,2026,1,0.5,NA,NA,0.0734802565839019,1.0939075625828658
H35,1,2,L2L 7th/8th,8,NA,130,NA,NA,NA,2,2,NA,7,Romanian,Yes,Yes,Yes,Selection,FCT-13,1,NA,NA,NA,NA,NA,NA,NA,Clitics,Feminine,Singular,NA,NA,NA,L2L,7th/8th,Late,Yes,4,36,166,2026,1,0.5,NA,NA,0.0734802565839019,1.0939075625828658
H35,1,2,L2L 7th/8th,8,NA,130,NA,NA,NA,2,2,NA,7,Romanian,Yes,Yes,Yes,Selection,FCT-15,1,NA,NA,NA,NA,NA,NA,NA,Clitics,Masculine,Plural,NA,NA,NA,L2L,7th/8th,Late,Yes,4,36,166,2026,1,0.5,NA,NA,0.0734802565839019,1.0939075625828658
H35,1,2,L2L 7th/8th,8,NA,130,NA,NA,NA,2,2,NA,7,Romanian,Yes,Yes,Yes,Selection,FCT-17,1,NA,NA,NA,NA,NA,NA,NA,Clitics,Feminine,Plural,NA,NA,NA,L2L,7th/8th,Late,Yes,4,36,166,2026,1,0.5,NA,NA,0.0734802565839019,1.0939075625828658
H35,1,2,L2L 7th/8th,8,NA,130,NA,NA,NA,2,2,NA,7,Romanian,Yes,Yes,Yes,Selection,FCT-19,1,NA,NA,NA,NA,NA,NA,NA,Clitics,Masculine,Singular,NA,NA,NA,L2L,7th/8th,Late,Yes,4,36,166,2026,1,0.5,NA,NA,0.0734802565839019,1.0939075625828658
H35,1,2,L2L 7th/8th,8,NA,130,NA,NA,NA,2,2,NA,7,Romanian,Yes,Yes,Yes,Selection,FCT-21,0,NA,NA,NA,NA,NA,NA,NA,Clitics,Feminine,Singular,NA,NA,NA,L2L,7th/8th,Late,Yes,4,36,166,2026,0,0.5,NA,NA,0.0734802565839019,1.0939075625828658
H35,1,2,L2L 7th/8th,8,NA,130,NA,NA,NA,2,2,NA,7,Romanian,Yes,Yes,Yes,Selection,FCT-23,1,NA,NA,NA,NA,NA,NA,NA,Clitics,Masculine,Plural,NA,NA,NA,L2L,7th/8th,Late,Yes,4,36,166,2026,1,0.5,NA,NA,0.0734802565839019,1.0939075625828658
H35,1,2,L2L 7th/8th,8,NA,130,NA,NA,NA,2,2,NA,7,Romanian,Yes,Yes,Yes,Selection,FCT-25,1,NA,NA,NA,NA,NA,NA,NA,Clitics,Feminine,Plural,NA,NA,NA,L2L,7th/8th,Late,Yes,4,36,166,2026,1,0.5,NA,NA,0.0734802565839019,1.0939075625828658
H36,1,1,L2L 7th/8th,7,NA,155,NA,NA,NA,2,4,NA,3,L2 learner,L2,L2,L2,Selection,FCT-03,1,NA,NA,NA,NA,NA,NA,NA,Clitics,Masculine,Singular,NA,NA,NA,L2L,7th/8th,Late,Yes,6,0,155,2023,1,0.3333333333333333,NA,NA,1.0308850269669882,0.7052653259813868
H36,1,1,L2L 7th/8th,7,NA,155,NA,NA,NA,2,4,NA,3,L2 learner,L2,L2,L2,Selection,FCT-05,0,NA,NA,NA,NA,NA,NA,NA,Clitics,Feminine,Singular,NA,NA,NA,L2L,7th/8th,Late,Yes,6,0,155,2023,0,0.3333333333333333,NA,NA,1.0308850269669882,0.7052653259813868
H36,1,1,L2L 7th/8th,7,NA,155,NA,NA,NA,2,4,NA,3,L2 learner,L2,L2,L2,Selection,FCT-07,1,NA,NA,NA,NA,NA,NA,NA,Clitics,Masculine,Plural,NA,NA,NA,L2L,7th/8th,Late,Yes,6,0,155,2023,1,0.3333333333333333,NA,NA,1.0308850269669882,0.7052653259813868
H36,1,1,L2L 7th/8th,7,NA,155,NA,NA,NA,2,4,NA,3,L2 learner,L2,L2,L2,Selection,FCT-09,0,NA,NA,NA,NA,NA,NA,NA,Clitics,Feminine,Plural,NA,NA,NA,L2L,7th/8th,Late,Yes,6,0,155,2023,0,0.3333333333333333,NA,NA,1.0308850269669882,0.7052653259813868
H36,1,1,L2L 7th/8th,7,NA,155,NA,NA,NA,2,4,NA,3,L2 learner,L2,L2,L2,Selection,FCT-11,1,NA,NA,NA,NA,NA,NA,NA,Clitics,Masculine,Singular,NA,NA,NA,L2L,7th/8th,Late,Yes,6,0,155,2023,1,0.3333333333333333,NA,NA,1.0308850269669882,0.7052653259813868
H36,1,1,L2L 7th/8th,7,NA,155,NA,NA,NA,2,4,NA,3,L2 learner,L2,L2,L2,Selection,FCT-13,0,NA,NA,NA,NA,NA,NA,NA,Clitics,Feminine,Singular,NA,NA,NA,L2L,7th/8th,Late,Yes,6,0,155,2023,0,0.3333333333333333,NA,NA,1.0308850269669882,0.7052653259813868
H36,1,1,L2L 7th/8th,7,NA,155,NA,NA,NA,2,4,NA,3,L2 learner,L2,L2,L2,Selection,FCT-15,1,NA,NA,NA,NA,NA,NA,NA,Clitics,Masculine,Plural,NA,NA,NA,L2L,7th/8th,Late,Yes,6,0,155,2023,1,0.3333333333333333,NA,NA,1.0308850269669882,0.7052653259813868
H36,1,1,L2L 7th/8th,7,NA,155,NA,NA,NA,2,4,NA,3,L2 learner,L2,L2,L2,Selection,FCT-17,1,NA,NA,NA,NA,NA,NA,NA,Clitics,Feminine,Plural,NA,NA,NA,L2L,7th/8th,Late,Yes,6,0,155,2023,1,0.3333333333333333,NA,NA,1.0308850269669882,0.7052653259813868
H36,1,1,L2L 7th/8th,7,NA,155,NA,NA,NA,2,4,NA,3,L2 learner,L2,L2,L2,Selection,FCT-19,1,NA,NA,NA,NA,NA,NA,NA,Clitics,Masculine,Singular,NA,NA,NA,L2L,7th/8th,Late,Yes,6,0,155,2023,1,0.3333333333333333,NA,NA,1.0308850269669882,0.7052653259813868
H36,1,1,L2L 7th/8th,7,NA,155,NA,NA,NA,2,4,NA,3,L2 learner,L2,L2,L2,Selection,FCT-21,0,NA,NA,NA,NA,NA,NA,NA,Clitics,Feminine,Singular,NA,NA,NA,L2L,7th/8th,Late,Yes,6,0,155,2023,0,0.3333333333333333,NA,NA,1.0308850269669882,0.7052653259813868
H36,1,1,L2L 7th/8th,7,NA,155,NA,NA,NA,2,4,NA,3,L2 learner,L2,L2,L2,Selection,FCT-23,1,NA,NA,NA,NA,NA,NA,NA,Clitics,Masculine,Plural,NA,NA,NA,L2L,7th/8th,Late,Yes,6,0,155,2023,1,0.3333333333333333,NA,NA,1.0308850269669882,0.7052653259813868
H36,1,1,L2L 7th/8th,7,NA,155,NA,NA,NA,2,4,NA,3,L2 learner,L2,L2,L2,Selection,FCT-25,1,NA,NA,NA,NA,NA,NA,NA,Clitics,Feminine,Plural,NA,NA,NA,L2L,7th/8th,Late,Yes,6,0,155,2023,1,0.3333333333333333,NA,NA,1.0308850269669882,0.7052653259813868
H37,1,1,L2L 7th/8th,8,NA,174,NA,NA,NA,3,3,NA,3,L2 learner,L2,L2,L2,Selection,FCT-03,0,NA,NA,NA,NA,NA,NA,NA,Clitics,Masculine,Singular,NA,NA,NA,L2L,7th/8th,Late,Yes,6,0,174,2023,0,0.5,NA,NA,1.7585126524581336,1.376556461929396
H37,1,1,L2L 7th/8th,8,NA,174,NA,NA,NA,3,3,NA,3,L2 learner,L2,L2,L2,Selection,FCT-05,0,NA,NA,NA,NA,NA,NA,NA,Clitics,Feminine,Singular,NA,NA,NA,L2L,7th/8th,Late,Yes,6,0,174,2023,0,0.5,NA,NA,1.7585126524581336,1.376556461929396
H37,1,1,L2L 7th/8th,8,NA,174,NA,NA,NA,3,3,NA,3,L2 learner,L2,L2,L2,Selection,FCT-07,1,NA,NA,NA,NA,NA,NA,NA,Clitics,Masculine,Plural,NA,NA,NA,L2L,7th/8th,Late,Yes,6,0,174,2023,1,0.5,NA,NA,1.7585126524581336,1.376556461929396
H37,1,1,L2L 7th/8th,8,NA,174,NA,NA,NA,3,3,NA,3,L2 learner,L2,L2,L2,Selection,FCT-09,1,NA,NA,NA,NA,NA,NA,NA,Clitics,Feminine,Plural,NA,NA,NA,L2L,7th/8th,Late,Yes,6,0,174,2023,1,0.5,NA,NA,1.7585126524581336,1.376556461929396
H37,1,1,L2L 7th/8th,8,NA,174,NA,NA,NA,3,3,NA,3,L2 learner,L2,L2,L2,Selection,FCT-11,0,NA,NA,NA,NA,NA,NA,NA,Clitics,Masculine,Singular,NA,NA,NA,L2L,7th/8th,Late,Yes,6,0,174,2023,0,0.5,NA,NA,1.7585126524581336,1.376556461929396
H37,1,1,L2L 7th/8th,8,NA,174,NA,NA,NA,3,3,NA,3,L2 learner,L2,L2,L2,Selection,FCT-13,1,NA,NA,NA,NA,NA,NA,NA,Clitics,Feminine,Singular,NA,NA,NA,L2L,7th/8th,Late,Yes,6,0,174,2023,1,0.5,NA,NA,1.7585126524581336,1.376556461929396
H37,1,1,L2L 7th/8th,8,NA,174,NA,NA,NA,3,3,NA,3,L2 learner,L2,L2,L2,Selection,FCT-15,1,NA,NA,NA,NA,NA,NA,NA,Clitics,Masculine,Plural,NA,NA,NA,L2L,7th/8th,Late,Yes,6,0,174,2023,1,0.5,NA,NA,1.7585126524581336,1.376556461929396
H37,1,1,L2L 7th/8th,8,NA,174,NA,NA,NA,3,3,NA,3,L2 learner,L2,L2,L2,Selection,FCT-17,1,NA,NA,NA,NA,NA,NA,NA,Clitics,Feminine,Plural,NA,NA,NA,L2L,7th/8th,Late,Yes,6,0,174,2023,1,0.5,NA,NA,1.7585126524581336,1.376556461929396
H37,1,1,L2L 7th/8th,8,NA,174,NA,NA,NA,3,3,NA,3,L2 learner,L2,L2,L2,Selection,FCT-19,0,NA,NA,NA,NA,NA,NA,NA,Clitics,Masculine,Singular,NA,NA,NA,L2L,7th/8th,Late,Yes,6,0,174,2023,0,0.5,NA,NA,1.7585126524581336,1.376556461929396
H37,1,1,L2L 7th/8th,8,NA,174,NA,NA,NA,3,3,NA,3,L2 learner,L2,L2,L2,Selection,FCT-21,1,NA,NA,NA,NA,NA,NA,NA,Clitics,Feminine,Singular,NA,NA,NA,L2L,7th/8th,Late,Yes,6,0,174,2023,1,0.5,NA,NA,1.7585126524581336,1.376556461929396
H37,1,1,L2L 7th/8th,8,NA,174,NA,NA,NA,3,3,NA,3,L2 learner,L2,L2,L2,Selection,FCT-23,1,NA,NA,NA,NA,NA,NA,NA,Clitics,Masculine,Plural,NA,NA,NA,L2L,7th/8th,Late,Yes,6,0,174,2023,1,0.5,NA,NA,1.7585126524581336,1.376556461929396
H37,1,1,L2L 7th/8th,8,NA,174,NA,NA,NA,3,3,NA,3,L2 learner,L2,L2,L2,Selection,FCT-25,1,NA,NA,NA,NA,NA,NA,NA,Clitics,Feminine,Plural,NA,NA,NA,L2L,7th/8th,Late,Yes,6,0,174,2023,1,0.5,NA,NA,1.7585126524581336,1.376556461929396
H38,1,1,HS 7th/8th,7,NA,159,NA,NA,NA,2,5,NA,8,Heritage Spanish,NA,NA,NA,Selection,FCT-03,0,NA,NA,NA,NA,NA,NA,NA,Clitics,Masculine,Singular,NA,NA,NA,HS,7th/8th,Late,Yes,7,0,159,2023,0,0.2857142857142857,NA,NA,1.184069790228282,0.8465897756546519
H38,1,1,HS 7th/8th,7,NA,159,NA,NA,NA,2,5,NA,8,Heritage Spanish,NA,NA,NA,Selection,FCT-05,1,NA,NA,NA,NA,NA,NA,NA,Clitics,Feminine,Singular,NA,NA,NA,HS,7th/8th,Late,Yes,7,0,159,2023,1,0.2857142857142857,NA,NA,1.184069790228282,0.8465897756546519
H38,1,1,HS 7th/8th,7,NA,159,NA,NA,NA,2,5,NA,8,Heritage Spanish,NA,NA,NA,Selection,FCT-07,1,NA,NA,NA,NA,NA,NA,NA,Clitics,Masculine,Plural,NA,NA,NA,HS,7th/8th,Late,Yes,7,0,159,2023,1,0.2857142857142857,NA,NA,1.184069790228282,0.8465897756546519
H38,1,1,HS 7th/8th,7,NA,159,NA,NA,NA,2,5,NA,8,Heritage Spanish,NA,NA,NA,Selection,FCT-09,1,NA,NA,NA,NA,NA,NA,NA,Clitics,Feminine,Plural,NA,NA,NA,HS,7th/8th,Late,Yes,7,0,159,2023,1,0.2857142857142857,NA,NA,1.184069790228282,0.8465897756546519
H38,1,1,HS 7th/8th,7,NA,159,NA,NA,NA,2,5,NA,8,Heritage Spanish,NA,NA,NA,Selection,FCT-11,1,NA,NA,NA,NA,NA,NA,NA,Clitics,Masculine,Singular,NA,NA,NA,HS,7th/8th,Late,Yes,7,0,159,2023,1,0.2857142857142857,NA,NA,1.184069790228282,0.8465897756546519
H38,1,1,HS 7th/8th,7,NA,159,NA,NA,NA,2,5,NA,8,Heritage Spanish,NA,NA,NA,Selection,FCT-13,1,NA,NA,NA,NA,NA,NA,NA,Clitics,Feminine,Singular,NA,NA,NA,HS,7th/8th,Late,Yes,7,0,159,2023,1,0.2857142857142857,NA,NA,1.184069790228282,0.8465897756546519
H38,1,1,HS 7th/8th,7,NA,159,NA,NA,NA,2,5,NA,8,Heritage Spanish,NA,NA,NA,Selection,FCT-15,1,NA,NA,NA,NA,NA,NA,NA,Clitics,Masculine,Plural,NA,NA,NA,HS,7th/8th,Late,Yes,7,0,159,2023,1,0.2857142857142857,NA,NA,1.184069790228282,0.8465897756546519
H38,1,1,HS 7th/8th,7,NA,159,NA,NA,NA,2,5,NA,8,Heritage Spanish,NA,NA,NA,Selection,FCT-17,1,NA,NA,NA,NA,NA,NA,NA,Clitics,Feminine,Plural,NA,NA,NA,HS,7th/8th,Late,Yes,7,0,159,2023,1,0.2857142857142857,NA,NA,1.184069790228282,0.8465897756546519
H38,1,1,HS 7th/8th,7,NA,159,NA,NA,NA,2,5,NA,8,Heritage Spanish,NA,NA,NA,Selection,FCT-19,1,NA,NA,NA,NA,NA,NA,NA,Clitics,Masculine,Singular,NA,NA,NA,HS,7th/8th,Late,Yes,7,0,159,2023,1,0.2857142857142857,NA,NA,1.184069790228282,0.8465897756546519
H38,1,1,HS 7th/8th,7,NA,159,NA,NA,NA,2,5,NA,8,Heritage Spanish,NA,NA,NA,Selection,FCT-21,1,NA,NA,NA,NA,NA,NA,NA,Clitics,Feminine,Singular,NA,NA,NA,HS,7th/8th,Late,Yes,7,0,159,2023,1,0.2857142857142857,NA,NA,1.184069790228282,0.8465897756546519
H38,1,1,HS 7th/8th,7,NA,159,NA,NA,NA,2,5,NA,8,Heritage Spanish,NA,NA,NA,Selection,FCT-23,0,NA,NA,NA,NA,NA,NA,NA,Clitics,Masculine,Plural,NA,NA,NA,HS,7th/8th,Late,Yes,7,0,159,2023,0,0.2857142857142857,NA,NA,1.184069790228282,0.8465897756546519
H38,1,1,HS 7th/8th,7,NA,159,NA,NA,NA,2,5,NA,8,Heritage Spanish,NA,NA,NA,Selection,FCT-25,0,NA,NA,NA,NA,NA,NA,NA,Clitics,Feminine,Plural,NA,NA,NA,HS,7th/8th,Late,Yes,7,0,159,2023,0,0.2857142857142857,NA,NA,1.184069790228282,0.8465897756546519
H39,1,1,L2L 7th/8th,7,NA,159,NA,NA,NA,4,3,NA,8,L2 learner,L2,L2,L2,Selection,FCT-03,0,NA,NA,NA,NA,NA,NA,NA,Clitics,Masculine,Singular,NA,NA,NA,L2L,7th/8th,Late,Yes,7,0,159,2023,0,0.5714285714285714,NA,NA,1.184069790228282,0.8465897756546519
H39,1,1,L2L 7th/8th,7,NA,159,NA,NA,NA,4,3,NA,8,L2 learner,L2,L2,L2,Selection,FCT-05,0,NA,NA,NA,NA,NA,NA,NA,Clitics,Feminine,Singular,NA,NA,NA,L2L,7th/8th,Late,Yes,7,0,159,2023,0,0.5714285714285714,NA,NA,1.184069790228282,0.8465897756546519
H39,1,1,L2L 7th/8th,7,NA,159,NA,NA,NA,4,3,NA,8,L2 learner,L2,L2,L2,Selection,FCT-07,1,NA,NA,NA,NA,NA,NA,NA,Clitics,Masculine,Plural,NA,NA,NA,L2L,7th/8th,Late,Yes,7,0,159,2023,1,0.5714285714285714,NA,NA,1.184069790228282,0.8465897756546519
H39,1,1,L2L 7th/8th,7,NA,159,NA,NA,NA,4,3,NA,8,L2 learner,L2,L2,L2,Selection,FCT-09,0,NA,NA,NA,NA,NA,NA,NA,Clitics,Feminine,Plural,NA,NA,NA,L2L,7th/8th,Late,Yes,7,0,159,2023,0,0.5714285714285714,NA,NA,1.184069790228282,0.8465897756546519
H39,1,1,L2L 7th/8th,7,NA,159,NA,NA,NA,4,3,NA,8,L2 learner,L2,L2,L2,Selection,FCT-11,1,NA,NA,NA,NA,NA,NA,NA,Clitics,Masculine,Singular,NA,NA,NA,L2L,7th/8th,Late,Yes,7,0,159,2023,1,0.5714285714285714,NA,NA,1.184069790228282,0.8465897756546519
H39,1,1,L2L 7th/8th,7,NA,159,NA,NA,NA,4,3,NA,8,L2 learner,L2,L2,L2,Selection,FCT-13,1,NA,NA,NA,NA,NA,NA,NA,Clitics,Feminine,Singular,NA,NA,NA,L2L,7th/8th,Late,Yes,7,0,159,2023,1,0.5714285714285714,NA,NA,1.184069790228282,0.8465897756546519
H39,1,1,L2L 7th/8th,7,NA,159,NA,NA,NA,4,3,NA,8,L2 learner,L2,L2,L2,Selection,FCT-15,1,NA,NA,NA,NA,NA,NA,NA,Clitics,Masculine,Plural,NA,NA,NA,L2L,7th/8th,Late,Yes,7,0,159,2023,1,0.5714285714285714,NA,NA,1.184069790228282,0.8465897756546519
H39,1,1,L2L 7th/8th,7,NA,159,NA,NA,NA,4,3,NA,8,L2 learner,L2,L2,L2,Selection,FCT-17,0,NA,NA,NA,NA,NA,NA,NA,Clitics,Feminine,Plural,NA,NA,NA,L2L,7th/8th,Late,Yes,7,0,159,2023,0,0.5714285714285714,NA,NA,1.184069790228282,0.8465897756546519
H39,1,1,L2L 7th/8th,7,NA,159,NA,NA,NA,4,3,NA,8,L2 learner,L2,L2,L2,Selection,FCT-19,1,NA,NA,NA,NA,NA,NA,NA,Clitics,Masculine,Singular,NA,NA,NA,L2L,7th/8th,Late,Yes,7,0,159,2023,1,0.5714285714285714,NA,NA,1.184069790228282,0.8465897756546519
H39,1,1,L2L 7th/8th,7,NA,159,NA,NA,NA,4,3,NA,8,L2 learner,L2,L2,L2,Selection,FCT-21,0,NA,NA,NA,NA,NA,NA,NA,Clitics,Feminine,Singular,NA,NA,NA,L2L,7th/8th,Late,Yes,7,0,159,2023,0,0.5714285714285714,NA,NA,1.184069790228282,0.8465897756546519
H39,1,1,L2L 7th/8th,7,NA,159,NA,NA,NA,4,3,NA,8,L2 learner,L2,L2,L2,Selection,FCT-23,1,NA,NA,NA,NA,NA,NA,NA,Clitics,Masculine,Plural,NA,NA,NA,L2L,7th/8th,Late,Yes,7,0,159,2023,1,0.5714285714285714,NA,NA,1.184069790228282,0.8465897756546519
H39,1,1,L2L 7th/8th,7,NA,159,NA,NA,NA,4,3,NA,8,L2 learner,L2,L2,L2,Selection,FCT-25,0,NA,NA,NA,NA,NA,NA,NA,Clitics,Feminine,Plural,NA,NA,NA,L2L,7th/8th,Late,Yes,7,0,159,2023,0,0.5714285714285714,NA,NA,1.184069790228282,0.8465897756546519
H40,1,1,L2L 7th/8th,7,NA,155,NA,NA,NA,4,4,NA,8,Sinhala,Yes,Yes,Yes,Selection,FCT-03,1,NA,NA,NA,NA,NA,NA,NA,Clitics,Masculine,Singular,NA,NA,NA,L2L,7th/8th,Late,Yes,8,0,155,2023,1,0.5,NA,NA,1.0308850269669882,0.7052653259813868
H40,1,1,L2L 7th/8th,7,NA,155,NA,NA,NA,4,4,NA,8,Sinhala,Yes,Yes,Yes,Selection,FCT-05,0,NA,NA,NA,NA,NA,NA,NA,Clitics,Feminine,Singular,NA,NA,NA,L2L,7th/8th,Late,Yes,8,0,155,2023,0,0.5,NA,NA,1.0308850269669882,0.7052653259813868
H40,1,1,L2L 7th/8th,7,NA,155,NA,NA,NA,4,4,NA,8,Sinhala,Yes,Yes,Yes,Selection,FCT-07,1,NA,NA,NA,NA,NA,NA,NA,Clitics,Masculine,Plural,NA,NA,NA,L2L,7th/8th,Late,Yes,8,0,155,2023,1,0.5,NA,NA,1.0308850269669882,0.7052653259813868
H40,1,1,L2L 7th/8th,7,NA,155,NA,NA,NA,4,4,NA,8,Sinhala,Yes,Yes,Yes,Selection,FCT-09,0,NA,NA,NA,NA,NA,NA,NA,Clitics,Feminine,Plural,NA,NA,NA,L2L,7th/8th,Late,Yes,8,0,155,2023,0,0.5,NA,NA,1.0308850269669882,0.7052653259813868
H40,1,1,L2L 7th/8th,7,NA,155,NA,NA,NA,4,4,NA,8,Sinhala,Yes,Yes,Yes,Selection,FCT-11,1,NA,NA,NA,NA,NA,NA,NA,Clitics,Masculine,Singular,NA,NA,NA,L2L,7th/8th,Late,Yes,8,0,155,2023,1,0.5,NA,NA,1.0308850269669882,0.7052653259813868
H40,1,1,L2L 7th/8th,7,NA,155,NA,NA,NA,4,4,NA,8,Sinhala,Yes,Yes,Yes,Selection,FCT-13,0,NA,NA,NA,NA,NA,NA,NA,Clitics,Feminine,Singular,NA,NA,NA,L2L,7th/8th,Late,Yes,8,0,155,2023,0,0.5,NA,NA,1.0308850269669882,0.7052653259813868
H40,1,1,L2L 7th/8th,7,NA,155,NA,NA,NA,4,4,NA,8,Sinhala,Yes,Yes,Yes,Selection,FCT-15,1,NA,NA,NA,NA,NA,NA,NA,Clitics,Masculine,Plural,NA,NA,NA,L2L,7th/8th,Late,Yes,8,0,155,2023,1,0.5,NA,NA,1.0308850269669882,0.7052653259813868
H40,1,1,L2L 7th/8th,7,NA,155,NA,NA,NA,4,4,NA,8,Sinhala,Yes,Yes,Yes,Selection,FCT-17,0,NA,NA,NA,NA,NA,NA,NA,Clitics,Feminine,Plural,NA,NA,NA,L2L,7th/8th,Late,Yes,8,0,155,2023,0,0.5,NA,NA,1.0308850269669882,0.7052653259813868
H40,1,1,L2L 7th/8th,7,NA,155,NA,NA,NA,4,4,NA,8,Sinhala,Yes,Yes,Yes,Selection,FCT-19,1,NA,NA,NA,NA,NA,NA,NA,Clitics,Masculine,Singular,NA,NA,NA,L2L,7th/8th,Late,Yes,8,0,155,2023,1,0.5,NA,NA,1.0308850269669882,0.7052653259813868
H40,1,1,L2L 7th/8th,7,NA,155,NA,NA,NA,4,4,NA,8,Sinhala,Yes,Yes,Yes,Selection,FCT-21,0,NA,NA,NA,NA,NA,NA,NA,Clitics,Feminine,Singular,NA,NA,NA,L2L,7th/8th,Late,Yes,8,0,155,2023,0,0.5,NA,NA,1.0308850269669882,0.7052653259813868
H40,1,1,L2L 7th/8th,7,NA,155,NA,NA,NA,4,4,NA,8,Sinhala,Yes,Yes,Yes,Selection,FCT-23,1,NA,NA,NA,NA,NA,NA,NA,Clitics,Masculine,Plural,NA,NA,NA,L2L,7th/8th,Late,Yes,8,0,155,2023,1,0.5,NA,NA,1.0308850269669882,0.7052653259813868
H40,1,1,L2L 7th/8th,7,NA,155,NA,NA,NA,4,4,NA,8,Sinhala,Yes,Yes,Yes,Selection,FCT-25,0,NA,NA,NA,NA,NA,NA,NA,Clitics,Feminine,Plural,NA,NA,NA,L2L,7th/8th,Late,Yes,8,0,155,2023,0,0.5,NA,NA,1.0308850269669882,0.7052653259813868
H41,1,1,L2L 4th/5th,5,NA,139,NA,NA,NA,2,1,NA,7,L2 learner,L2,L2,L2,Selection,FCT-03,0,NA,NA,NA,NA,NA,NA,NA,Clitics,Masculine,Singular,NA,NA,NA,L2L,4th/5th,Late,Yes,3,0,139,2023,0,0.6666666666666666,NA,NA,0.41814597392181296,0.13996752728832632
H41,1,1,L2L 4th/5th,5,NA,139,NA,NA,NA,2,1,NA,7,L2 learner,L2,L2,L2,Selection,FCT-05,0,NA,NA,NA,NA,NA,NA,NA,Clitics,Feminine,Singular,NA,NA,NA,L2L,4th/5th,Late,Yes,3,0,139,2023,0,0.6666666666666666,NA,NA,0.41814597392181296,0.13996752728832632
H41,1,1,L2L 4th/5th,5,NA,139,NA,NA,NA,2,1,NA,7,L2 learner,L2,L2,L2,Selection,FCT-07,0,NA,NA,NA,NA,NA,NA,NA,Clitics,Masculine,Plural,NA,NA,NA,L2L,4th/5th,Late,Yes,3,0,139,2023,0,0.6666666666666666,NA,NA,0.41814597392181296,0.13996752728832632
H41,1,1,L2L 4th/5th,5,NA,139,NA,NA,NA,2,1,NA,7,L2 learner,L2,L2,L2,Selection,FCT-09,0,NA,NA,NA,NA,NA,NA,NA,Clitics,Feminine,Plural,NA,NA,NA,L2L,4th/5th,Late,Yes,3,0,139,2023,0,0.6666666666666666,NA,NA,0.41814597392181296,0.13996752728832632
H41,1,1,L2L 4th/5th,5,NA,139,NA,NA,NA,2,1,NA,7,L2 learner,L2,L2,L2,Selection,FCT-11,1,NA,NA,NA,NA,NA,NA,NA,Clitics,Masculine,Singular,NA,NA,NA,L2L,4th/5th,Late,Yes,3,0,139,2023,1,0.6666666666666666,NA,NA,0.41814597392181296,0.13996752728832632
H41,1,1,L2L 4th/5th,5,NA,139,NA,NA,NA,2,1,NA,7,L2 learner,L2,L2,L2,Selection,FCT-13,1,NA,NA,NA,NA,NA,NA,NA,Clitics,Feminine,Singular,NA,NA,NA,L2L,4th/5th,Late,Yes,3,0,139,2023,1,0.6666666666666666,NA,NA,0.41814597392181296,0.13996752728832632
H41,1,1,L2L 4th/5th,5,NA,139,NA,NA,NA,2,1,NA,7,L2 learner,L2,L2,L2,Selection,FCT-15,0,NA,NA,NA,NA,NA,NA,NA,Clitics,Masculine,Plural,NA,NA,NA,L2L,4th/5th,Late,Yes,3,0,139,2023,0,0.6666666666666666,NA,NA,0.41814597392181296,0.13996752728832632
H41,1,1,L2L 4th/5th,5,NA,139,NA,NA,NA,2,1,NA,7,L2 learner,L2,L2,L2,Selection,FCT-17,0,NA,NA,NA,NA,NA,NA,NA,Clitics,Feminine,Plural,NA,NA,NA,L2L,4th/5th,Late,Yes,3,0,139,2023,0,0.6666666666666666,NA,NA,0.41814597392181296,0.13996752728832632
H41,1,1,L2L 4th/5th,5,NA,139,NA,NA,NA,2,1,NA,7,L2 learner,L2,L2,L2,Selection,FCT-19,1,NA,NA,NA,NA,NA,NA,NA,Clitics,Masculine,Singular,NA,NA,NA,L2L,4th/5th,Late,Yes,3,0,139,2023,1,0.6666666666666666,NA,NA,0.41814597392181296,0.13996752728832632
H41,1,1,L2L 4th/5th,5,NA,139,NA,NA,NA,2,1,NA,7,L2 learner,L2,L2,L2,Selection,FCT-21,1,NA,NA,NA,NA,NA,NA,NA,Clitics,Feminine,Singular,NA,NA,NA,L2L,4th/5th,Late,Yes,3,0,139,2023,1,0.6666666666666666,NA,NA,0.41814597392181296,0.13996752728832632
H41,1,1,L2L 4th/5th,5,NA,139,NA,NA,NA,2,1,NA,7,L2 learner,L2,L2,L2,Selection,FCT-23,1,NA,NA,NA,NA,NA,NA,NA,Clitics,Masculine,Plural,NA,NA,NA,L2L,4th/5th,Late,Yes,3,0,139,2023,1,0.6666666666666666,NA,NA,0.41814597392181296,0.13996752728832632
H41,1,1,L2L 4th/5th,5,NA,139,NA,NA,NA,2,1,NA,7,L2 learner,L2,L2,L2,Selection,FCT-25,1,NA,NA,NA,NA,NA,NA,NA,Clitics,Feminine,Plural,NA,NA,NA,L2L,4th/5th,Late,Yes,3,0,139,2023,1,0.6666666666666666,NA,NA,0.41814597392181296,0.13996752728832632
H41,1,2,L2L 7th/8th,8,NA,139,NA,NA,NA,2,1,NA,7,L2 learner,L2,L2,L2,Selection,FCT-03,0,NA,NA,NA,NA,NA,NA,NA,Clitics,Masculine,Singular,NA,NA,NA,L2L,7th/8th,Late,Yes,3,36,175,2026,0,0.6666666666666666,NA,NA,0.41814597392181296,1.4118875743477124
H41,1,2,L2L 7th/8th,8,NA,139,NA,NA,NA,2,1,NA,7,L2 learner,L2,L2,L2,Selection,FCT-05,1,NA,NA,NA,NA,NA,NA,NA,Clitics,Feminine,Singular,NA,NA,NA,L2L,7th/8th,Late,Yes,3,36,175,2026,1,0.6666666666666666,NA,NA,0.41814597392181296,1.4118875743477124
H41,1,2,L2L 7th/8th,8,NA,139,NA,NA,NA,2,1,NA,7,L2 learner,L2,L2,L2,Selection,FCT-07,1,NA,NA,NA,NA,NA,NA,NA,Clitics,Masculine,Plural,NA,NA,NA,L2L,7th/8th,Late,Yes,3,36,175,2026,1,0.6666666666666666,NA,NA,0.41814597392181296,1.4118875743477124
H41,1,2,L2L 7th/8th,8,NA,139,NA,NA,NA,2,1,NA,7,L2 learner,L2,L2,L2,Selection,FCT-09,1,NA,NA,NA,NA,NA,NA,NA,Clitics,Feminine,Plural,NA,NA,NA,L2L,7th/8th,Late,Yes,3,36,175,2026,1,0.6666666666666666,NA,NA,0.41814597392181296,1.4118875743477124
H41,1,2,L2L 7th/8th,8,NA,139,NA,NA,NA,2,1,NA,7,L2 learner,L2,L2,L2,Selection,FCT-11,1,NA,NA,NA,NA,NA,NA,NA,Clitics,Masculine,Singular,NA,NA,NA,L2L,7th/8th,Late,Yes,3,36,175,2026,1,0.6666666666666666,NA,NA,0.41814597392181296,1.4118875743477124
H41,1,2,L2L 7th/8th,8,NA,139,NA,NA,NA,2,1,NA,7,L2 learner,L2,L2,L2,Selection,FCT-13,1,NA,NA,NA,NA,NA,NA,NA,Clitics,Feminine,Singular,NA,NA,NA,L2L,7th/8th,Late,Yes,3,36,175,2026,1,0.6666666666666666,NA,NA,0.41814597392181296,1.4118875743477124
H41,1,2,L2L 7th/8th,8,NA,139,NA,NA,NA,2,1,NA,7,L2 learner,L2,L2,L2,Selection,FCT-15,1,NA,NA,NA,NA,NA,NA,NA,Clitics,Masculine,Plural,NA,NA,NA,L2L,7th/8th,Late,Yes,3,36,175,2026,1,0.6666666666666666,NA,NA,0.41814597392181296,1.4118875743477124
H41,1,2,L2L 7th/8th,8,NA,139,NA,NA,NA,2,1,NA,7,L2 learner,L2,L2,L2,Selection,FCT-17,0,NA,NA,NA,NA,NA,NA,NA,Clitics,Feminine,Plural,NA,NA,NA,L2L,7th/8th,Late,Yes,3,36,175,2026,0,0.6666666666666666,NA,NA,0.41814597392181296,1.4118875743477124
H41,1,2,L2L 7th/8th,8,NA,139,NA,NA,NA,2,1,NA,7,L2 learner,L2,L2,L2,Selection,FCT-19,1,NA,NA,NA,NA,NA,NA,NA,Clitics,Masculine,Singular,NA,NA,NA,L2L,7th/8th,Late,Yes,3,36,175,2026,1,0.6666666666666666,NA,NA,0.41814597392181296,1.4118875743477124
H41,1,2,L2L 7th/8th,8,NA,139,NA,NA,NA,2,1,NA,7,L2 learner,L2,L2,L2,Selection,FCT-21,1,NA,NA,NA,NA,NA,NA,NA,Clitics,Feminine,Singular,NA,NA,NA,L2L,7th/8th,Late,Yes,3,36,175,2026,1,0.6666666666666666,NA,NA,0.41814597392181296,1.4118875743477124
H41,1,2,L2L 7th/8th,8,NA,139,NA,NA,NA,2,1,NA,7,L2 learner,L2,L2,L2,Selection,FCT-23,1,NA,NA,NA,NA,NA,NA,NA,Clitics,Masculine,Plural,NA,NA,NA,L2L,7th/8th,Late,Yes,3,36,175,2026,1,0.6666666666666666,NA,NA,0.41814597392181296,1.4118875743477124
H41,1,2,L2L 7th/8th,8,NA,139,NA,NA,NA,2,1,NA,7,L2 learner,L2,L2,L2,Selection,FCT-25,1,NA,NA,NA,NA,NA,NA,NA,Clitics,Feminine,Plural,NA,NA,NA,L2L,7th/8th,Late,Yes,3,36,175,2026,1,0.6666666666666666,NA,NA,0.41814597392181296,1.4118875743477124
H42,1,1,L2L 4th/5th,5,NA,132,NA,NA,NA,2,5,NA,3,Mandarin,Yes,No,No,Selection,FCT-03,1,NA,NA,NA,NA,NA,NA,NA,Clitics,Masculine,Singular,NA,NA,NA,L2L,4th/5th,Late,Yes,7,0,132,2023,1,0.2857142857142857,NA,NA,0.1500726382145488,-0.10735025963988762
H42,1,1,L2L 4th/5th,5,NA,132,NA,NA,NA,2,5,NA,3,Mandarin,Yes,No,No,Selection,FCT-05,0,NA,NA,NA,NA,NA,NA,NA,Clitics,Feminine,Singular,NA,NA,NA,L2L,4th/5th,Late,Yes,7,0,132,2023,0,0.2857142857142857,NA,NA,0.1500726382145488,-0.10735025963988762
H42,1,1,L2L 4th/5th,5,NA,132,NA,NA,NA,2,5,NA,3,Mandarin,Yes,No,No,Selection,FCT-07,1,NA,NA,NA,NA,NA,NA,NA,Clitics,Masculine,Plural,NA,NA,NA,L2L,4th/5th,Late,Yes,7,0,132,2023,1,0.2857142857142857,NA,NA,0.1500726382145488,-0.10735025963988762
H42,1,1,L2L 4th/5th,5,NA,132,NA,NA,NA,2,5,NA,3,Mandarin,Yes,No,No,Selection,FCT-09,1,NA,NA,NA,NA,NA,NA,NA,Clitics,Feminine,Plural,NA,NA,NA,L2L,4th/5th,Late,Yes,7,0,132,2023,1,0.2857142857142857,NA,NA,0.1500726382145488,-0.10735025963988762
H42,1,1,L2L 4th/5th,5,NA,132,NA,NA,NA,2,5,NA,3,Mandarin,Yes,No,No,Selection,FCT-11,0,NA,NA,NA,NA,NA,NA,NA,Clitics,Masculine,Singular,NA,NA,NA,L2L,4th/5th,Late,Yes,7,0,132,2023,0,0.2857142857142857,NA,NA,0.1500726382145488,-0.10735025963988762
H42,1,1,L2L 4th/5th,5,NA,132,NA,NA,NA,2,5,NA,3,Mandarin,Yes,No,No,Selection,FCT-13,0,NA,NA,NA,NA,NA,NA,NA,Clitics,Feminine,Singular,NA,NA,NA,L2L,4th/5th,Late,Yes,7,0,132,2023,0,0.2857142857142857,NA,NA,0.1500726382145488,-0.10735025963988762
H42,1,1,L2L 4th/5th,5,NA,132,NA,NA,NA,2,5,NA,3,Mandarin,Yes,No,No,Selection,FCT-15,1,NA,NA,NA,NA,NA,NA,NA,Clitics,Masculine,Plural,NA,NA,NA,L2L,4th/5th,Late,Yes,7,0,132,2023,1,0.2857142857142857,NA,NA,0.1500726382145488,-0.10735025963988762
H42,1,1,L2L 4th/5th,5,NA,132,NA,NA,NA,2,5,NA,3,Mandarin,Yes,No,No,Selection,FCT-17,1,NA,NA,NA,NA,NA,NA,NA,Clitics,Feminine,Plural,NA,NA,NA,L2L,4th/5th,Late,Yes,7,0,132,2023,1,0.2857142857142857,NA,NA,0.1500726382145488,-0.10735025963988762
H42,1,1,L2L 4th/5th,5,NA,132,NA,NA,NA,2,5,NA,3,Mandarin,Yes,No,No,Selection,FCT-19,1,NA,NA,NA,NA,NA,NA,NA,Clitics,Masculine,Singular,NA,NA,NA,L2L,4th/5th,Late,Yes,7,0,132,2023,1,0.2857142857142857,NA,NA,0.1500726382145488,-0.10735025963988762
H42,1,1,L2L 4th/5th,5,NA,132,NA,NA,NA,2,5,NA,3,Mandarin,Yes,No,No,Selection,FCT-21,1,NA,NA,NA,NA,NA,NA,NA,Clitics,Feminine,Singular,NA,NA,NA,L2L,4th/5th,Late,Yes,7,0,132,2023,1,0.2857142857142857,NA,NA,0.1500726382145488,-0.10735025963988762
H42,1,1,L2L 4th/5th,5,NA,132,NA,NA,NA,2,5,NA,3,Mandarin,Yes,No,No,Selection,FCT-23,1,NA,NA,NA,NA,NA,NA,NA,Clitics,Masculine,Plural,NA,NA,NA,L2L,4th/5th,Late,Yes,7,0,132,2023,1,0.2857142857142857,NA,NA,0.1500726382145488,-0.10735025963988762
H42,1,1,L2L 4th/5th,5,NA,132,NA,NA,NA,2,5,NA,3,Mandarin,Yes,No,No,Selection,FCT-25,1,NA,NA,NA,NA,NA,NA,NA,Clitics,Feminine,Plural,NA,NA,NA,L2L,4th/5th,Late,Yes,7,0,132,2023,1,0.2857142857142857,NA,NA,0.1500726382145488,-0.10735025963988762
H42,1,2,L2L 7th/8th,8,NA,132,NA,NA,NA,2,5,NA,3,Mandarin,Yes,No,No,Selection,FCT-03,1,NA,NA,NA,NA,NA,NA,NA,Clitics,Masculine,Singular,NA,NA,NA,L2L,7th/8th,Late,Yes,7,36,168,2026,1,0.2857142857142857,NA,NA,0.1500726382145488,1.1645697874194985
H42,1,2,L2L 7th/8th,8,NA,132,NA,NA,NA,2,5,NA,3,Mandarin,Yes,No,No,Selection,FCT-05,0,NA,NA,NA,NA,NA,NA,NA,Clitics,Feminine,Singular,NA,NA,NA,L2L,7th/8th,Late,Yes,7,36,168,2026,0,0.2857142857142857,NA,NA,0.1500726382145488,1.1645697874194985
H42,1,2,L2L 7th/8th,8,NA,132,NA,NA,NA,2,5,NA,3,Mandarin,Yes,No,No,Selection,FCT-07,1,NA,NA,NA,NA,NA,NA,NA,Clitics,Masculine,Plural,NA,NA,NA,L2L,7th/8th,Late,Yes,7,36,168,2026,1,0.2857142857142857,NA,NA,0.1500726382145488,1.1645697874194985
H42,1,2,L2L 7th/8th,8,NA,132,NA,NA,NA,2,5,NA,3,Mandarin,Yes,No,No,Selection,FCT-09,0,NA,NA,NA,NA,NA,NA,NA,Clitics,Feminine,Plural,NA,NA,NA,L2L,7th/8th,Late,Yes,7,36,168,2026,0,0.2857142857142857,NA,NA,0.1500726382145488,1.1645697874194985
H42,1,2,L2L 7th/8th,8,NA,132,NA,NA,NA,2,5,NA,3,Mandarin,Yes,No,No,Selection,FCT-11,1,NA,NA,NA,NA,NA,NA,NA,Clitics,Masculine,Singular,NA,NA,NA,L2L,7th/8th,Late,Yes,7,36,168,2026,1,0.2857142857142857,NA,NA,0.1500726382145488,1.1645697874194985
H42,1,2,L2L 7th/8th,8,NA,132,NA,NA,NA,2,5,NA,3,Mandarin,Yes,No,No,Selection,FCT-13,0,NA,NA,NA,NA,NA,NA,NA,Clitics,Feminine,Singular,NA,NA,NA,L2L,7th/8th,Late,Yes,7,36,168,2026,0,0.2857142857142857,NA,NA,0.1500726382145488,1.1645697874194985
H42,1,2,L2L 7th/8th,8,NA,132,NA,NA,NA,2,5,NA,3,Mandarin,Yes,No,No,Selection,FCT-15,1,NA,NA,NA,NA,NA,NA,NA,Clitics,Masculine,Plural,NA,NA,NA,L2L,7th/8th,Late,Yes,7,36,168,2026,1,0.2857142857142857,NA,NA,0.1500726382145488,1.1645697874194985
H42,1,2,L2L 7th/8th,8,NA,132,NA,NA,NA,2,5,NA,3,Mandarin,Yes,No,No,Selection,FCT-17,0,NA,NA,NA,NA,NA,NA,NA,Clitics,Feminine,Plural,NA,NA,NA,L2L,7th/8th,Late,Yes,7,36,168,2026,0,0.2857142857142857,NA,NA,0.1500726382145488,1.1645697874194985
H42,1,2,L2L 7th/8th,8,NA,132,NA,NA,NA,2,5,NA,3,Mandarin,Yes,No,No,Selection,FCT-19,1,NA,NA,NA,NA,NA,NA,NA,Clitics,Masculine,Singular,NA,NA,NA,L2L,7th/8th,Late,Yes,7,36,168,2026,1,0.2857142857142857,NA,NA,0.1500726382145488,1.1645697874194985
H42,1,2,L2L 7th/8th,8,NA,132,NA,NA,NA,2,5,NA,3,Mandarin,Yes,No,No,Selection,FCT-21,0,NA,NA,NA,NA,NA,NA,NA,Clitics,Feminine,Singular,NA,NA,NA,L2L,7th/8th,Late,Yes,7,36,168,2026,0,0.2857142857142857,NA,NA,0.1500726382145488,1.1645697874194985
H42,1,2,L2L 7th/8th,8,NA,132,NA,NA,NA,2,5,NA,3,Mandarin,Yes,No,No,Selection,FCT-23,1,NA,NA,NA,NA,NA,NA,NA,Clitics,Masculine,Plural,NA,NA,NA,L2L,7th/8th,Late,Yes,7,36,168,2026,1,0.2857142857142857,NA,NA,0.1500726382145488,1.1645697874194985
H42,1,2,L2L 7th/8th,8,NA,132,NA,NA,NA,2,5,NA,3,Mandarin,Yes,No,No,Selection,FCT-25,1,NA,NA,NA,NA,NA,NA,NA,Clitics,Feminine,Plural,NA,NA,NA,L2L,7th/8th,Late,Yes,7,36,168,2026,1,0.2857142857142857,NA,NA,0.1500726382145488,1.1645697874194985
H43,1,1,L2L 4th/5th,5,NA,136,NA,NA,NA,3,4,NA,8,L2 learner,L2,L2,L2,Selection,FCT-03,1,NA,NA,NA,NA,NA,NA,NA,Clitics,Masculine,Singular,NA,NA,NA,L2L,4th/5th,Late,Yes,7,0,136,2023,1,0.42857142857142855,NA,NA,0.3032574014758426,0.0339741900333775
H43,1,1,L2L 4th/5th,5,NA,136,NA,NA,NA,3,4,NA,8,L2 learner,L2,L2,L2,Selection,FCT-05,1,NA,NA,NA,NA,NA,NA,NA,Clitics,Feminine,Singular,NA,NA,NA,L2L,4th/5th,Late,Yes,7,0,136,2023,1,0.42857142857142855,NA,NA,0.3032574014758426,0.0339741900333775
H43,1,1,L2L 4th/5th,5,NA,136,NA,NA,NA,3,4,NA,8,L2 learner,L2,L2,L2,Selection,FCT-07,0,NA,NA,NA,NA,NA,NA,NA,Clitics,Masculine,Plural,NA,NA,NA,L2L,4th/5th,Late,Yes,7,0,136,2023,0,0.42857142857142855,NA,NA,0.3032574014758426,0.0339741900333775
H43,1,1,L2L 4th/5th,5,NA,136,NA,NA,NA,3,4,NA,8,L2 learner,L2,L2,L2,Selection,FCT-09,0,NA,NA,NA,NA,NA,NA,NA,Clitics,Feminine,Plural,NA,NA,NA,L2L,4th/5th,Late,Yes,7,0,136,2023,0,0.42857142857142855,NA,NA,0.3032574014758426,0.0339741900333775
H43,1,1,L2L 4th/5th,5,NA,136,NA,NA,NA,3,4,NA,8,L2 learner,L2,L2,L2,Selection,FCT-11,1,NA,NA,NA,NA,NA,NA,NA,Clitics,Masculine,Singular,NA,NA,NA,L2L,4th/5th,Late,Yes,7,0,136,2023,1,0.42857142857142855,NA,NA,0.3032574014758426,0.0339741900333775
H43,1,1,L2L 4th/5th,5,NA,136,NA,NA,NA,3,4,NA,8,L2 learner,L2,L2,L2,Selection,FCT-13,1,NA,NA,NA,NA,NA,NA,NA,Clitics,Feminine,Singular,NA,NA,NA,L2L,4th/5th,Late,Yes,7,0,136,2023,1,0.42857142857142855,NA,NA,0.3032574014758426,0.0339741900333775
H43,1,1,L2L 4th/5th,5,NA,136,NA,NA,NA,3,4,NA,8,L2 learner,L2,L2,L2,Selection,FCT-15,0,NA,NA,NA,NA,NA,NA,NA,Clitics,Masculine,Plural,NA,NA,NA,L2L,4th/5th,Late,Yes,7,0,136,2023,0,0.42857142857142855,NA,NA,0.3032574014758426,0.0339741900333775
H43,1,1,L2L 4th/5th,5,NA,136,NA,NA,NA,3,4,NA,8,L2 learner,L2,L2,L2,Selection,FCT-17,0,NA,NA,NA,NA,NA,NA,NA,Clitics,Feminine,Plural,NA,NA,NA,L2L,4th/5th,Late,Yes,7,0,136,2023,0,0.42857142857142855,NA,NA,0.3032574014758426,0.0339741900333775
H43,1,1,L2L 4th/5th,5,NA,136,NA,NA,NA,3,4,NA,8,L2 learner,L2,L2,L2,Selection,FCT-19,0,NA,NA,NA,NA,NA,NA,NA,Clitics,Masculine,Singular,NA,NA,NA,L2L,4th/5th,Late,Yes,7,0,136,2023,0,0.42857142857142855,NA,NA,0.3032574014758426,0.0339741900333775
H43,1,1,L2L 4th/5th,5,NA,136,NA,NA,NA,3,4,NA,8,L2 learner,L2,L2,L2,Selection,FCT-21,0,NA,NA,NA,NA,NA,NA,NA,Clitics,Feminine,Singular,NA,NA,NA,L2L,4th/5th,Late,Yes,7,0,136,2023,0,0.42857142857142855,NA,NA,0.3032574014758426,0.0339741900333775
H43,1,1,L2L 4th/5th,5,NA,136,NA,NA,NA,3,4,NA,8,L2 learner,L2,L2,L2,Selection,FCT-23,0,NA,NA,NA,NA,NA,NA,NA,Clitics,Masculine,Plural,NA,NA,NA,L2L,4th/5th,Late,Yes,7,0,136,2023,0,0.42857142857142855,NA,NA,0.3032574014758426,0.0339741900333775
H43,1,1,L2L 4th/5th,5,NA,136,NA,NA,NA,3,4,NA,8,L2 learner,L2,L2,L2,Selection,FCT-25,0,NA,NA,NA,NA,NA,NA,NA,Clitics,Feminine,Plural,NA,NA,NA,L2L,4th/5th,Late,Yes,7,0,136,2023,0,0.42857142857142855,NA,NA,0.3032574014758426,0.0339741900333775
H43,1,2,L2L 7th/8th,8,NA,136,NA,NA,NA,3,4,NA,8,L2 learner,L2,L2,L2,Selection,FCT-03,1,NA,NA,NA,NA,NA,NA,NA,Clitics,Masculine,Singular,NA,NA,NA,L2L,7th/8th,Late,Yes,7,36,172,2026,1,0.42857142857142855,NA,NA,0.3032574014758426,1.3058942370927635
H43,1,2,L2L 7th/8th,8,NA,136,NA,NA,NA,3,4,NA,8,L2 learner,L2,L2,L2,Selection,FCT-05,1,NA,NA,NA,NA,NA,NA,NA,Clitics,Feminine,Singular,NA,NA,NA,L2L,7th/8th,Late,Yes,7,36,172,2026,1,0.42857142857142855,NA,NA,0.3032574014758426,1.3058942370927635
H43,1,2,L2L 7th/8th,8,NA,136,NA,NA,NA,3,4,NA,8,L2 learner,L2,L2,L2,Selection,FCT-07,1,NA,NA,NA,NA,NA,NA,NA,Clitics,Masculine,Plural,NA,NA,NA,L2L,7th/8th,Late,Yes,7,36,172,2026,1,0.42857142857142855,NA,NA,0.3032574014758426,1.3058942370927635
H43,1,2,L2L 7th/8th,8,NA,136,NA,NA,NA,3,4,NA,8,L2 learner,L2,L2,L2,Selection,FCT-09,1,NA,NA,NA,NA,NA,NA,NA,Clitics,Feminine,Plural,NA,NA,NA,L2L,7th/8th,Late,Yes,7,36,172,2026,1,0.42857142857142855,NA,NA,0.3032574014758426,1.3058942370927635
H43,1,2,L2L 7th/8th,8,NA,136,NA,NA,NA,3,4,NA,8,L2 learner,L2,L2,L2,Selection,FCT-11,1,NA,NA,NA,NA,NA,NA,NA,Clitics,Masculine,Singular,NA,NA,NA,L2L,7th/8th,Late,Yes,7,36,172,2026,1,0.42857142857142855,NA,NA,0.3032574014758426,1.3058942370927635
H43,1,2,L2L 7th/8th,8,NA,136,NA,NA,NA,3,4,NA,8,L2 learner,L2,L2,L2,Selection,FCT-13,1,NA,NA,NA,NA,NA,NA,NA,Clitics,Feminine,Singular,NA,NA,NA,L2L,7th/8th,Late,Yes,7,36,172,2026,1,0.42857142857142855,NA,NA,0.3032574014758426,1.3058942370927635
H43,1,2,L2L 7th/8th,8,NA,136,NA,NA,NA,3,4,NA,8,L2 learner,L2,L2,L2,Selection,FCT-15,1,NA,NA,NA,NA,NA,NA,NA,Clitics,Masculine,Plural,NA,NA,NA,L2L,7th/8th,Late,Yes,7,36,172,2026,1,0.42857142857142855,NA,NA,0.3032574014758426,1.3058942370927635
H43,1,2,L2L 7th/8th,8,NA,136,NA,NA,NA,3,4,NA,8,L2 learner,L2,L2,L2,Selection,FCT-17,1,NA,NA,NA,NA,NA,NA,NA,Clitics,Feminine,Plural,NA,NA,NA,L2L,7th/8th,Late,Yes,7,36,172,2026,1,0.42857142857142855,NA,NA,0.3032574014758426,1.3058942370927635
H43,1,2,L2L 7th/8th,8,NA,136,NA,NA,NA,3,4,NA,8,L2 learner,L2,L2,L2,Selection,FCT-19,1,NA,NA,NA,NA,NA,NA,NA,Clitics,Masculine,Singular,NA,NA,NA,L2L,7th/8th,Late,Yes,7,36,172,2026,1,0.42857142857142855,NA,NA,0.3032574014758426,1.3058942370927635
H43,1,2,L2L 7th/8th,8,NA,136,NA,NA,NA,3,4,NA,8,L2 learner,L2,L2,L2,Selection,FCT-21,1,NA,NA,NA,NA,NA,NA,NA,Clitics,Feminine,Singular,NA,NA,NA,L2L,7th/8th,Late,Yes,7,36,172,2026,1,0.42857142857142855,NA,NA,0.3032574014758426,1.3058942370927635
H43,1,2,L2L 7th/8th,8,NA,136,NA,NA,NA,3,4,NA,8,L2 learner,L2,L2,L2,Selection,FCT-23,1,NA,NA,NA,NA,NA,NA,NA,Clitics,Masculine,Plural,NA,NA,NA,L2L,7th/8th,Late,Yes,7,36,172,2026,1,0.42857142857142855,NA,NA,0.3032574014758426,1.3058942370927635
H43,1,2,L2L 7th/8th,8,NA,136,NA,NA,NA,3,4,NA,8,L2 learner,L2,L2,L2,Selection,FCT-25,1,NA,NA,NA,NA,NA,NA,NA,Clitics,Feminine,Plural,NA,NA,NA,L2L,7th/8th,Late,Yes,7,36,172,2026,1,0.42857142857142855,NA,NA,0.3032574014758426,1.3058942370927635
H44,1,1,HS 4th/5th,5,NA,137,NA,NA,NA,2,6,NA,4,Heritage Spanish,NA,NA,NA,Selection,FCT-03,0,NA,NA,NA,NA,NA,NA,NA,Clitics,Masculine,Singular,NA,NA,NA,HS,4th/5th,Late,Yes,8,0,137,2023,0,0.25,NA,NA,0.34155359229116605,0.06930530245169376
H44,1,1,HS 4th/5th,5,NA,137,NA,NA,NA,2,6,NA,4,Heritage Spanish,NA,NA,NA,Selection,FCT-05,0,NA,NA,NA,NA,NA,NA,NA,Clitics,Feminine,Singular,NA,NA,NA,HS,4th/5th,Late,Yes,8,0,137,2023,0,0.25,NA,NA,0.34155359229116605,0.06930530245169376
H44,1,1,HS 4th/5th,5,NA,137,NA,NA,NA,2,6,NA,4,Heritage Spanish,NA,NA,NA,Selection,FCT-07,0,NA,NA,NA,NA,NA,NA,NA,Clitics,Masculine,Plural,NA,NA,NA,HS,4th/5th,Late,Yes,8,0,137,2023,0,0.25,NA,NA,0.34155359229116605,0.06930530245169376
H44,1,1,HS 4th/5th,5,NA,137,NA,NA,NA,2,6,NA,4,Heritage Spanish,NA,NA,NA,Selection,FCT-09,0,NA,NA,NA,NA,NA,NA,NA,Clitics,Feminine,Plural,NA,NA,NA,HS,4th/5th,Late,Yes,8,0,137,2023,0,0.25,NA,NA,0.34155359229116605,0.06930530245169376
H44,1,1,HS 4th/5th,5,NA,137,NA,NA,NA,2,6,NA,4,Heritage Spanish,NA,NA,NA,Selection,FCT-11,1,NA,NA,NA,NA,NA,NA,NA,Clitics,Masculine,Singular,NA,NA,NA,HS,4th/5th,Late,Yes,8,0,137,2023,1,0.25,NA,NA,0.34155359229116605,0.06930530245169376
H44,1,1,HS 4th/5th,5,NA,137,NA,NA,NA,2,6,NA,4,Heritage Spanish,NA,NA,NA,Selection,FCT-13,0,NA,NA,NA,NA,NA,NA,NA,Clitics,Feminine,Singular,NA,NA,NA,HS,4th/5th,Late,Yes,8,0,137,2023,0,0.25,NA,NA,0.34155359229116605,0.06930530245169376
H44,1,1,HS 4th/5th,5,NA,137,NA,NA,NA,2,6,NA,4,Heritage Spanish,NA,NA,NA,Selection,FCT-15,0,NA,NA,NA,NA,NA,NA,NA,Clitics,Masculine,Plural,NA,NA,NA,HS,4th/5th,Late,Yes,8,0,137,2023,0,0.25,NA,NA,0.34155359229116605,0.06930530245169376
H44,1,1,HS 4th/5th,5,NA,137,NA,NA,NA,2,6,NA,4,Heritage Spanish,NA,NA,NA,Selection,FCT-17,0,NA,NA,NA,NA,NA,NA,NA,Clitics,Feminine,Plural,NA,NA,NA,HS,4th/5th,Late,Yes,8,0,137,2023,0,0.25,NA,NA,0.34155359229116605,0.06930530245169376
H44,1,1,HS 4th/5th,5,NA,137,NA,NA,NA,2,6,NA,4,Heritage Spanish,NA,NA,NA,Selection,FCT-19,1,NA,NA,NA,NA,NA,NA,NA,Clitics,Masculine,Singular,NA,NA,NA,HS,4th/5th,Late,Yes,8,0,137,2023,1,0.25,NA,NA,0.34155359229116605,0.06930530245169376
H44,1,1,HS 4th/5th,5,NA,137,NA,NA,NA,2,6,NA,4,Heritage Spanish,NA,NA,NA,Selection,FCT-21,1,NA,NA,NA,NA,NA,NA,NA,Clitics,Feminine,Singular,NA,NA,NA,HS,4th/5th,Late,Yes,8,0,137,2023,1,0.25,NA,NA,0.34155359229116605,0.06930530245169376
H44,1,1,HS 4th/5th,5,NA,137,NA,NA,NA,2,6,NA,4,Heritage Spanish,NA,NA,NA,Selection,FCT-23,0,NA,NA,NA,NA,NA,NA,NA,Clitics,Masculine,Plural,NA,NA,NA,HS,4th/5th,Late,Yes,8,0,137,2023,0,0.25,NA,NA,0.34155359229116605,0.06930530245169376
H44,1,1,HS 4th/5th,5,NA,137,NA,NA,NA,2,6,NA,4,Heritage Spanish,NA,NA,NA,Selection,FCT-25,1,NA,NA,NA,NA,NA,NA,NA,Clitics,Feminine,Plural,NA,NA,NA,HS,4th/5th,Late,Yes,8,0,137,2023,1,0.25,NA,NA,0.34155359229116605,0.06930530245169376
H45,1,1,HS 4th/5th,5,NA,136,NA,NA,NA,4,4,NA,3,Heritage Spanish,NA,NA,NA,Selection,FCT-03,1,NA,NA,NA,NA,NA,NA,NA,Clitics,Masculine,Singular,NA,NA,NA,HS,4th/5th,Late,Yes,8,0,136,2023,1,0.5,NA,NA,0.3032574014758426,0.0339741900333775
H45,1,1,HS 4th/5th,5,NA,136,NA,NA,NA,4,4,NA,3,Heritage Spanish,NA,NA,NA,Selection,FCT-05,1,NA,NA,NA,NA,NA,NA,NA,Clitics,Feminine,Singular,NA,NA,NA,HS,4th/5th,Late,Yes,8,0,136,2023,1,0.5,NA,NA,0.3032574014758426,0.0339741900333775
H45,1,1,HS 4th/5th,5,NA,136,NA,NA,NA,4,4,NA,3,Heritage Spanish,NA,NA,NA,Selection,FCT-07,1,NA,NA,NA,NA,NA,NA,NA,Clitics,Masculine,Plural,NA,NA,NA,HS,4th/5th,Late,Yes,8,0,136,2023,1,0.5,NA,NA,0.3032574014758426,0.0339741900333775
H45,1,1,HS 4th/5th,5,NA,136,NA,NA,NA,4,4,NA,3,Heritage Spanish,NA,NA,NA,Selection,FCT-09,1,NA,NA,NA,NA,NA,NA,NA,Clitics,Feminine,Plural,NA,NA,NA,HS,4th/5th,Late,Yes,8,0,136,2023,1,0.5,NA,NA,0.3032574014758426,0.0339741900333775
H45,1,1,HS 4th/5th,5,NA,136,NA,NA,NA,4,4,NA,3,Heritage Spanish,NA,NA,NA,Selection,FCT-11,0,NA,NA,NA,NA,NA,NA,NA,Clitics,Masculine,Singular,NA,NA,NA,HS,4th/5th,Late,Yes,8,0,136,2023,0,0.5,NA,NA,0.3032574014758426,0.0339741900333775
H45,1,1,HS 4th/5th,5,NA,136,NA,NA,NA,4,4,NA,3,Heritage Spanish,NA,NA,NA,Selection,FCT-13,1,NA,NA,NA,NA,NA,NA,NA,Clitics,Feminine,Singular,NA,NA,NA,HS,4th/5th,Late,Yes,8,0,136,2023,1,0.5,NA,NA,0.3032574014758426,0.0339741900333775
H45,1,1,HS 4th/5th,5,NA,136,NA,NA,NA,4,4,NA,3,Heritage Spanish,NA,NA,NA,Selection,FCT-15,1,NA,NA,NA,NA,NA,NA,NA,Clitics,Masculine,Plural,NA,NA,NA,HS,4th/5th,Late,Yes,8,0,136,2023,1,0.5,NA,NA,0.3032574014758426,0.0339741900333775
H45,1,1,HS 4th/5th,5,NA,136,NA,NA,NA,4,4,NA,3,Heritage Spanish,NA,NA,NA,Selection,FCT-17,0,NA,NA,NA,NA,NA,NA,NA,Clitics,Feminine,Plural,NA,NA,NA,HS,4th/5th,Late,Yes,8,0,136,2023,0,0.5,NA,NA,0.3032574014758426,0.0339741900333775
H45,1,1,HS 4th/5th,5,NA,136,NA,NA,NA,4,4,NA,3,Heritage Spanish,NA,NA,NA,Selection,FCT-19,1,NA,NA,NA,NA,NA,NA,NA,Clitics,Masculine,Singular,NA,NA,NA,HS,4th/5th,Late,Yes,8,0,136,2023,1,0.5,NA,NA,0.3032574014758426,0.0339741900333775
H45,1,1,HS 4th/5th,5,NA,136,NA,NA,NA,4,4,NA,3,Heritage Spanish,NA,NA,NA,Selection,FCT-21,1,NA,NA,NA,NA,NA,NA,NA,Clitics,Feminine,Singular,NA,NA,NA,HS,4th/5th,Late,Yes,8,0,136,2023,1,0.5,NA,NA,0.3032574014758426,0.0339741900333775
H45,1,1,HS 4th/5th,5,NA,136,NA,NA,NA,4,4,NA,3,Heritage Spanish,NA,NA,NA,Selection,FCT-23,1,NA,NA,NA,NA,NA,NA,NA,Clitics,Masculine,Plural,NA,NA,NA,HS,4th/5th,Late,Yes,8,0,136,2023,1,0.5,NA,NA,0.3032574014758426,0.0339741900333775
H45,1,1,HS 4th/5th,5,NA,136,NA,NA,NA,4,4,NA,3,Heritage Spanish,NA,NA,NA,Selection,FCT-25,0,NA,NA,NA,NA,NA,NA,NA,Clitics,Feminine,Plural,NA,NA,NA,HS,4th/5th,Late,Yes,8,0,136,2023,0,0.5,NA,NA,0.3032574014758426,0.0339741900333775
H46,1,1,HS 4th/5th,5,NA,146,NA,NA,NA,2,3,NA,6,Heritage Spanish,NA,NA,NA,Selection,FCT-03,0,NA,NA,NA,NA,NA,NA,NA,Clitics,Masculine,Singular,NA,NA,NA,HS,4th/5th,Late,Yes,5,0,146,2023,0,0.4,NA,NA,0.6862193096290771,0.3872853142165403
H46,1,1,HS 4th/5th,5,NA,146,NA,NA,NA,2,3,NA,6,Heritage Spanish,NA,NA,NA,Selection,FCT-05,0,NA,NA,NA,NA,NA,NA,NA,Clitics,Feminine,Singular,NA,NA,NA,HS,4th/5th,Late,Yes,5,0,146,2023,0,0.4,NA,NA,0.6862193096290771,0.3872853142165403
H46,1,1,HS 4th/5th,5,NA,146,NA,NA,NA,2,3,NA,6,Heritage Spanish,NA,NA,NA,Selection,FCT-07,1,NA,NA,NA,NA,NA,NA,NA,Clitics,Masculine,Plural,NA,NA,NA,HS,4th/5th,Late,Yes,5,0,146,2023,1,0.4,NA,NA,0.6862193096290771,0.3872853142165403
H46,1,1,HS 4th/5th,5,NA,146,NA,NA,NA,2,3,NA,6,Heritage Spanish,NA,NA,NA,Selection,FCT-09,1,NA,NA,NA,NA,NA,NA,NA,Clitics,Feminine,Plural,NA,NA,NA,HS,4th/5th,Late,Yes,5,0,146,2023,1,0.4,NA,NA,0.6862193096290771,0.3872853142165403
H46,1,1,HS 4th/5th,5,NA,146,NA,NA,NA,2,3,NA,6,Heritage Spanish,NA,NA,NA,Selection,FCT-11,1,NA,NA,NA,NA,NA,NA,NA,Clitics,Masculine,Singular,NA,NA,NA,HS,4th/5th,Late,Yes,5,0,146,2023,1,0.4,NA,NA,0.6862193096290771,0.3872853142165403
H46,1,1,HS 4th/5th,5,NA,146,NA,NA,NA,2,3,NA,6,Heritage Spanish,NA,NA,NA,Selection,FCT-13,1,NA,NA,NA,NA,NA,NA,NA,Clitics,Feminine,Singular,NA,NA,NA,HS,4th/5th,Late,Yes,5,0,146,2023,1,0.4,NA,NA,0.6862193096290771,0.3872853142165403
H46,1,1,HS 4th/5th,5,NA,146,NA,NA,NA,2,3,NA,6,Heritage Spanish,NA,NA,NA,Selection,FCT-15,1,NA,NA,NA,NA,NA,NA,NA,Clitics,Masculine,Plural,NA,NA,NA,HS,4th/5th,Late,Yes,5,0,146,2023,1,0.4,NA,NA,0.6862193096290771,0.3872853142165403
H46,1,1,HS 4th/5th,5,NA,146,NA,NA,NA,2,3,NA,6,Heritage Spanish,NA,NA,NA,Selection,FCT-17,1,NA,NA,NA,NA,NA,NA,NA,Clitics,Feminine,Plural,NA,NA,NA,HS,4th/5th,Late,Yes,5,0,146,2023,1,0.4,NA,NA,0.6862193096290771,0.3872853142165403
H46,1,1,HS 4th/5th,5,NA,146,NA,NA,NA,2,3,NA,6,Heritage Spanish,NA,NA,NA,Selection,FCT-19,1,NA,NA,NA,NA,NA,NA,NA,Clitics,Masculine,Singular,NA,NA,NA,HS,4th/5th,Late,Yes,5,0,146,2023,1,0.4,NA,NA,0.6862193096290771,0.3872853142165403
H46,1,1,HS 4th/5th,5,NA,146,NA,NA,NA,2,3,NA,6,Heritage Spanish,NA,NA,NA,Selection,FCT-21,1,NA,NA,NA,NA,NA,NA,NA,Clitics,Feminine,Singular,NA,NA,NA,HS,4th/5th,Late,Yes,5,0,146,2023,1,0.4,NA,NA,0.6862193096290771,0.3872853142165403
H46,1,1,HS 4th/5th,5,NA,146,NA,NA,NA,2,3,NA,6,Heritage Spanish,NA,NA,NA,Selection,FCT-23,1,NA,NA,NA,NA,NA,NA,NA,Clitics,Masculine,Plural,NA,NA,NA,HS,4th/5th,Late,Yes,5,0,146,2023,1,0.4,NA,NA,0.6862193096290771,0.3872853142165403
H46,1,1,HS 4th/5th,5,NA,146,NA,NA,NA,2,3,NA,6,Heritage Spanish,NA,NA,NA,Selection,FCT-25,0,NA,NA,NA,NA,NA,NA,NA,Clitics,Feminine,Plural,NA,NA,NA,HS,4th/5th,Late,Yes,5,0,146,2023,0,0.4,NA,NA,0.6862193096290771,0.3872853142165403
H46,1,2,HS 7th/8th,8,NA,146,NA,NA,NA,2,3,NA,6,Heritage Spanish,NA,NA,NA,Selection,FCT-03,0,NA,NA,NA,NA,NA,NA,NA,Clitics,Masculine,Singular,NA,NA,NA,HS,7th/8th,Late,Yes,5,36,182,2026,0,0.4,NA,NA,0.6862193096290771,1.6592053612759263
H46,1,2,HS 7th/8th,8,NA,146,NA,NA,NA,2,3,NA,6,Heritage Spanish,NA,NA,NA,Selection,FCT-05,0,NA,NA,NA,NA,NA,NA,NA,Clitics,Feminine,Singular,NA,NA,NA,HS,7th/8th,Late,Yes,5,36,182,2026,0,0.4,NA,NA,0.6862193096290771,1.6592053612759263
H46,1,2,HS 7th/8th,8,NA,146,NA,NA,NA,2,3,NA,6,Heritage Spanish,NA,NA,NA,Selection,FCT-07,1,NA,NA,NA,NA,NA,NA,NA,Clitics,Masculine,Plural,NA,NA,NA,HS,7th/8th,Late,Yes,5,36,182,2026,1,0.4,NA,NA,0.6862193096290771,1.6592053612759263
H46,1,2,HS 7th/8th,8,NA,146,NA,NA,NA,2,3,NA,6,Heritage Spanish,NA,NA,NA,Selection,FCT-09,0,NA,NA,NA,NA,NA,NA,NA,Clitics,Feminine,Plural,NA,NA,NA,HS,7th/8th,Late,Yes,5,36,182,2026,0,0.4,NA,NA,0.6862193096290771,1.6592053612759263
H46,1,2,HS 7th/8th,8,NA,146,NA,NA,NA,2,3,NA,6,Heritage Spanish,NA,NA,NA,Selection,FCT-11,1,NA,NA,NA,NA,NA,NA,NA,Clitics,Masculine,Singular,NA,NA,NA,HS,7th/8th,Late,Yes,5,36,182,2026,1,0.4,NA,NA,0.6862193096290771,1.6592053612759263
H46,1,2,HS 7th/8th,8,NA,146,NA,NA,NA,2,3,NA,6,Heritage Spanish,NA,NA,NA,Selection,FCT-13,1,NA,NA,NA,NA,NA,NA,NA,Clitics,Feminine,Singular,NA,NA,NA,HS,7th/8th,Late,Yes,5,36,182,2026,1,0.4,NA,NA,0.6862193096290771,1.6592053612759263
H46,1,2,HS 7th/8th,8,NA,146,NA,NA,NA,2,3,NA,6,Heritage Spanish,NA,NA,NA,Selection,FCT-15,1,NA,NA,NA,NA,NA,NA,NA,Clitics,Masculine,Plural,NA,NA,NA,HS,7th/8th,Late,Yes,5,36,182,2026,1,0.4,NA,NA,0.6862193096290771,1.6592053612759263
H46,1,2,HS 7th/8th,8,NA,146,NA,NA,NA,2,3,NA,6,Heritage Spanish,NA,NA,NA,Selection,FCT-17,0,NA,NA,NA,NA,NA,NA,NA,Clitics,Feminine,Plural,NA,NA,NA,HS,7th/8th,Late,Yes,5,36,182,2026,0,0.4,NA,NA,0.6862193096290771,1.6592053612759263
H46,1,2,HS 7th/8th,8,NA,146,NA,NA,NA,2,3,NA,6,Heritage Spanish,NA,NA,NA,Selection,FCT-19,1,NA,NA,NA,NA,NA,NA,NA,Clitics,Masculine,Singular,NA,NA,NA,HS,7th/8th,Late,Yes,5,36,182,2026,1,0.4,NA,NA,0.6862193096290771,1.6592053612759263
H46,1,2,HS 7th/8th,8,NA,146,NA,NA,NA,2,3,NA,6,Heritage Spanish,NA,NA,NA,Selection,FCT-21,1,NA,NA,NA,NA,NA,NA,NA,Clitics,Feminine,Singular,NA,NA,NA,HS,7th/8th,Late,Yes,5,36,182,2026,1,0.4,NA,NA,0.6862193096290771,1.6592053612759263
H46,1,2,HS 7th/8th,8,NA,146,NA,NA,NA,2,3,NA,6,Heritage Spanish,NA,NA,NA,Selection,FCT-23,1,NA,NA,NA,NA,NA,NA,NA,Clitics,Masculine,Plural,NA,NA,NA,HS,7th/8th,Late,Yes,5,36,182,2026,1,0.4,NA,NA,0.6862193096290771,1.6592053612759263
H46,1,2,HS 7th/8th,8,NA,146,NA,NA,NA,2,3,NA,6,Heritage Spanish,NA,NA,NA,Selection,FCT-25,1,NA,NA,NA,NA,NA,NA,NA,Clitics,Feminine,Plural,NA,NA,NA,HS,7th/8th,Late,Yes,5,36,182,2026,1,0.4,NA,NA,0.6862193096290771,1.6592053612759263
H47,1,1,HS 2nd,2,8,99,NA,NA,NA,2,6,NA,8,Heritage Spanish,NA,NA,NA,Selection,FCT-03,0,NA,NA,NA,NA,NA,NA,NA,Clitics,Masculine,Singular,NA,NA,NA,HS,2nd,Late,Yes,8,0,99,2023,0,0.25,NA,NA,-1.113701658691125,-1.2732769694443247
H47,1,1,HS 2nd,2,8,99,NA,NA,NA,2,6,NA,8,Heritage Spanish,NA,NA,NA,Selection,FCT-05,0,NA,NA,NA,NA,NA,NA,NA,Clitics,Feminine,Singular,NA,NA,NA,HS,2nd,Late,Yes,8,0,99,2023,0,0.25,NA,NA,-1.113701658691125,-1.2732769694443247
H47,1,1,HS 2nd,2,8,99,NA,NA,NA,2,6,NA,8,Heritage Spanish,NA,NA,NA,Selection,FCT-07,0,NA,NA,NA,NA,NA,NA,NA,Clitics,Masculine,Plural,NA,NA,NA,HS,2nd,Late,Yes,8,0,99,2023,0,0.25,NA,NA,-1.113701658691125,-1.2732769694443247
H47,1,1,HS 2nd,2,8,99,NA,NA,NA,2,6,NA,8,Heritage Spanish,NA,NA,NA,Selection,FCT-09,0,NA,NA,NA,NA,NA,NA,NA,Clitics,Feminine,Plural,NA,NA,NA,HS,2nd,Late,Yes,8,0,99,2023,0,0.25,NA,NA,-1.113701658691125,-1.2732769694443247
H47,1,1,HS 2nd,2,8,99,NA,NA,NA,2,6,NA,8,Heritage Spanish,NA,NA,NA,Selection,FCT-11,1,NA,NA,NA,NA,NA,NA,NA,Clitics,Masculine,Singular,NA,NA,NA,HS,2nd,Late,Yes,8,0,99,2023,1,0.25,NA,NA,-1.113701658691125,-1.2732769694443247
H47,1,1,HS 2nd,2,8,99,NA,NA,NA,2,6,NA,8,Heritage Spanish,NA,NA,NA,Selection,FCT-13,1,NA,NA,NA,NA,NA,NA,NA,Clitics,Feminine,Singular,NA,NA,NA,HS,2nd,Late,Yes,8,0,99,2023,1,0.25,NA,NA,-1.113701658691125,-1.2732769694443247
H47,1,1,HS 2nd,2,8,99,NA,NA,NA,2,6,NA,8,Heritage Spanish,NA,NA,NA,Selection,FCT-15,0,NA,NA,NA,NA,NA,NA,NA,Clitics,Masculine,Plural,NA,NA,NA,HS,2nd,Late,Yes,8,0,99,2023,0,0.25,NA,NA,-1.113701658691125,-1.2732769694443247
H47,1,1,HS 2nd,2,8,99,NA,NA,NA,2,6,NA,8,Heritage Spanish,NA,NA,NA,Selection,FCT-17,0,NA,NA,NA,NA,NA,NA,NA,Clitics,Feminine,Plural,NA,NA,NA,HS,2nd,Late,Yes,8,0,99,2023,0,0.25,NA,NA,-1.113701658691125,-1.2732769694443247
H47,1,1,HS 2nd,2,8,99,NA,NA,NA,2,6,NA,8,Heritage Spanish,NA,NA,NA,Selection,FCT-19,1,NA,NA,NA,NA,NA,NA,NA,Clitics,Masculine,Singular,NA,NA,NA,HS,2nd,Late,Yes,8,0,99,2023,1,0.25,NA,NA,-1.113701658691125,-1.2732769694443247
H47,1,1,HS 2nd,2,8,99,NA,NA,NA,2,6,NA,8,Heritage Spanish,NA,NA,NA,Selection,FCT-21,0,NA,NA,NA,NA,NA,NA,NA,Clitics,Feminine,Singular,NA,NA,NA,HS,2nd,Late,Yes,8,0,99,2023,0,0.25,NA,NA,-1.113701658691125,-1.2732769694443247
H47,1,1,HS 2nd,2,8,99,NA,NA,NA,2,6,NA,8,Heritage Spanish,NA,NA,NA,Selection,FCT-23,0,NA,NA,NA,NA,NA,NA,NA,Clitics,Masculine,Plural,NA,NA,NA,HS,2nd,Late,Yes,8,0,99,2023,0,0.25,NA,NA,-1.113701658691125,-1.2732769694443247
H47,1,1,HS 2nd,2,8,99,NA,NA,NA,2,6,NA,8,Heritage Spanish,NA,NA,NA,Selection,FCT-25,0,NA,NA,NA,NA,NA,NA,NA,Clitics,Feminine,Plural,NA,NA,NA,HS,2nd,Late,Yes,8,0,99,2023,0,0.25,NA,NA,-1.113701658691125,-1.2732769694443247
H47,1,2,HS 4th/5th,5,8,99,NA,NA,NA,2,6,NA,8,Heritage Spanish,NA,NA,NA,Selection,FCT-03,0,NA,NA,NA,NA,NA,NA,NA,Clitics,Masculine,Singular,NA,NA,NA,HS,4th/5th,Late,Yes,8,36,135,2026,0,0.25,NA,NA,-1.113701658691125,-0.001356922384938782
H47,1,2,HS 4th/5th,5,8,99,NA,NA,NA,2,6,NA,8,Heritage Spanish,NA,NA,NA,Selection,FCT-05,0,NA,NA,NA,NA,NA,NA,NA,Clitics,Feminine,Singular,NA,NA,NA,HS,4th/5th,Late,Yes,8,36,135,2026,0,0.25,NA,NA,-1.113701658691125,-0.001356922384938782
H47,1,2,HS 4th/5th,5,8,99,NA,NA,NA,2,6,NA,8,Heritage Spanish,NA,NA,NA,Selection,FCT-07,1,NA,NA,NA,NA,NA,NA,NA,Clitics,Masculine,Plural,NA,NA,NA,HS,4th/5th,Late,Yes,8,36,135,2026,1,0.25,NA,NA,-1.113701658691125,-0.001356922384938782
H47,1,2,HS 4th/5th,5,8,99,NA,NA,NA,2,6,NA,8,Heritage Spanish,NA,NA,NA,Selection,FCT-09,1,NA,NA,NA,NA,NA,NA,NA,Clitics,Feminine,Plural,NA,NA,NA,HS,4th/5th,Late,Yes,8,36,135,2026,1,0.25,NA,NA,-1.113701658691125,-0.001356922384938782
H47,1,2,HS 4th/5th,5,8,99,NA,NA,NA,2,6,NA,8,Heritage Spanish,NA,NA,NA,Selection,FCT-11,1,NA,NA,NA,NA,NA,NA,NA,Clitics,Masculine,Singular,NA,NA,NA,HS,4th/5th,Late,Yes,8,36,135,2026,1,0.25,NA,NA,-1.113701658691125,-0.001356922384938782
H47,1,2,HS 4th/5th,5,8,99,NA,NA,NA,2,6,NA,8,Heritage Spanish,NA,NA,NA,Selection,FCT-13,1,NA,NA,NA,NA,NA,NA,NA,Clitics,Feminine,Singular,NA,NA,NA,HS,4th/5th,Late,Yes,8,36,135,2026,1,0.25,NA,NA,-1.113701658691125,-0.001356922384938782
H47,1,2,HS 4th/5th,5,8,99,NA,NA,NA,2,6,NA,8,Heritage Spanish,NA,NA,NA,Selection,FCT-15,1,NA,NA,NA,NA,NA,NA,NA,Clitics,Masculine,Plural,NA,NA,NA,HS,4th/5th,Late,Yes,8,36,135,2026,1,0.25,NA,NA,-1.113701658691125,-0.001356922384938782
H47,1,2,HS 4th/5th,5,8,99,NA,NA,NA,2,6,NA,8,Heritage Spanish,NA,NA,NA,Selection,FCT-17,1,NA,NA,NA,NA,NA,NA,NA,Clitics,Feminine,Plural,NA,NA,NA,HS,4th/5th,Late,Yes,8,36,135,2026,1,0.25,NA,NA,-1.113701658691125,-0.001356922384938782
H47,1,2,HS 4th/5th,5,8,99,NA,NA,NA,2,6,NA,8,Heritage Spanish,NA,NA,NA,Selection,FCT-19,1,NA,NA,NA,NA,NA,NA,NA,Clitics,Masculine,Singular,NA,NA,NA,HS,4th/5th,Late,Yes,8,36,135,2026,1,0.25,NA,NA,-1.113701658691125,-0.001356922384938782
H47,1,2,HS 4th/5th,5,8,99,NA,NA,NA,2,6,NA,8,Heritage Spanish,NA,NA,NA,Selection,FCT-21,1,NA,NA,NA,NA,NA,NA,NA,Clitics,Feminine,Singular,NA,NA,NA,HS,4th/5th,Late,Yes,8,36,135,2026,1,0.25,NA,NA,-1.113701658691125,-0.001356922384938782
H47,1,2,HS 4th/5th,5,8,99,NA,NA,NA,2,6,NA,8,Heritage Spanish,NA,NA,NA,Selection,FCT-23,1,NA,NA,NA,NA,NA,NA,NA,Clitics,Masculine,Plural,NA,NA,NA,HS,4th/5th,Late,Yes,8,36,135,2026,1,0.25,NA,NA,-1.113701658691125,-0.001356922384938782
H47,1,2,HS 4th/5th,5,8,99,NA,NA,NA,2,6,NA,8,Heritage Spanish,NA,NA,NA,Selection,FCT-25,1,NA,NA,NA,NA,NA,NA,NA,Clitics,Feminine,Plural,NA,NA,NA,HS,4th/5th,Late,Yes,8,36,135,2026,1,0.25,NA,NA,-1.113701658691125,-0.001356922384938782
H48,1,1,HS 2nd,2,8,100,NA,NA,NA,1,4,NA,8,Heritage Spanish,NA,NA,NA,Selection,FCT-03,1,NA,NA,NA,NA,NA,NA,NA,Clitics,Masculine,Singular,NA,NA,NA,HS,2nd,Late,Yes,5,0,100,2023,1,0.2,NA,NA,-1.0754054678758016,-1.2379458570260085
H48,1,1,HS 2nd,2,8,100,NA,NA,NA,1,4,NA,8,Heritage Spanish,NA,NA,NA,Selection,FCT-05,0,NA,NA,NA,NA,NA,NA,NA,Clitics,Feminine,Singular,NA,NA,NA,HS,2nd,Late,Yes,5,0,100,2023,0,0.2,NA,NA,-1.0754054678758016,-1.2379458570260085
H48,1,1,HS 2nd,2,8,100,NA,NA,NA,1,4,NA,8,Heritage Spanish,NA,NA,NA,Selection,FCT-07,1,NA,NA,NA,NA,NA,NA,NA,Clitics,Masculine,Plural,NA,NA,NA,HS,2nd,Late,Yes,5,0,100,2023,1,0.2,NA,NA,-1.0754054678758016,-1.2379458570260085
H48,1,1,HS 2nd,2,8,100,NA,NA,NA,1,4,NA,8,Heritage Spanish,NA,NA,NA,Selection,FCT-09,0,NA,NA,NA,NA,NA,NA,NA,Clitics,Feminine,Plural,NA,NA,NA,HS,2nd,Late,Yes,5,0,100,2023,0,0.2,NA,NA,-1.0754054678758016,-1.2379458570260085
H48,1,1,HS 2nd,2,8,100,NA,NA,NA,1,4,NA,8,Heritage Spanish,NA,NA,NA,Selection,FCT-11,1,NA,NA,NA,NA,NA,NA,NA,Clitics,Masculine,Singular,NA,NA,NA,HS,2nd,Late,Yes,5,0,100,2023,1,0.2,NA,NA,-1.0754054678758016,-1.2379458570260085
H48,1,1,HS 2nd,2,8,100,NA,NA,NA,1,4,NA,8,Heritage Spanish,NA,NA,NA,Selection,FCT-13,1,NA,NA,NA,NA,NA,NA,NA,Clitics,Feminine,Singular,NA,NA,NA,HS,2nd,Late,Yes,5,0,100,2023,1,0.2,NA,NA,-1.0754054678758016,-1.2379458570260085
H48,1,1,HS 2nd,2,8,100,NA,NA,NA,1,4,NA,8,Heritage Spanish,NA,NA,NA,Selection,FCT-15,0,NA,NA,NA,NA,NA,NA,NA,Clitics,Masculine,Plural,NA,NA,NA,HS,2nd,Late,Yes,5,0,100,2023,0,0.2,NA,NA,-1.0754054678758016,-1.2379458570260085
H48,1,1,HS 2nd,2,8,100,NA,NA,NA,1,4,NA,8,Heritage Spanish,NA,NA,NA,Selection,FCT-17,0,NA,NA,NA,NA,NA,NA,NA,Clitics,Feminine,Plural,NA,NA,NA,HS,2nd,Late,Yes,5,0,100,2023,0,0.2,NA,NA,-1.0754054678758016,-1.2379458570260085
H48,1,1,HS 2nd,2,8,100,NA,NA,NA,1,4,NA,8,Heritage Spanish,NA,NA,NA,Selection,FCT-19,1,NA,NA,NA,NA,NA,NA,NA,Clitics,Masculine,Singular,NA,NA,NA,HS,2nd,Late,Yes,5,0,100,2023,1,0.2,NA,NA,-1.0754054678758016,-1.2379458570260085
H48,1,1,HS 2nd,2,8,100,NA,NA,NA,1,4,NA,8,Heritage Spanish,NA,NA,NA,Selection,FCT-21,1,NA,NA,NA,NA,NA,NA,NA,Clitics,Feminine,Singular,NA,NA,NA,HS,2nd,Late,Yes,5,0,100,2023,1,0.2,NA,NA,-1.0754054678758016,-1.2379458570260085
H48,1,1,HS 2nd,2,8,100,NA,NA,NA,1,4,NA,8,Heritage Spanish,NA,NA,NA,Selection,FCT-23,0,NA,NA,NA,NA,NA,NA,NA,Clitics,Masculine,Plural,NA,NA,NA,HS,2nd,Late,Yes,5,0,100,2023,0,0.2,NA,NA,-1.0754054678758016,-1.2379458570260085
H48,1,1,HS 2nd,2,8,100,NA,NA,NA,1,4,NA,8,Heritage Spanish,NA,NA,NA,Selection,FCT-25,1,NA,NA,NA,NA,NA,NA,NA,Clitics,Feminine,Plural,NA,NA,NA,HS,2nd,Late,Yes,5,0,100,2023,1,0.2,NA,NA,-1.0754054678758016,-1.2379458570260085
H49,1,1,L2L 2nd,2,8,89,NA,NA,NA,4,5,NA,6,L2 learner,L2,L2,L2,Selection,FCT-03,1,NA,NA,NA,NA,NA,NA,NA,Clitics,Masculine,Singular,NA,NA,NA,L2L,2nd,Late,Yes,9,0,89,2023,1,0.4444444444444444,NA,NA,-1.4966635668443595,-1.6265880936274875
H49,1,1,L2L 2nd,2,8,89,NA,NA,NA,4,5,NA,6,L2 learner,L2,L2,L2,Selection,FCT-05,0,NA,NA,NA,NA,NA,NA,NA,Clitics,Feminine,Singular,NA,NA,NA,L2L,2nd,Late,Yes,9,0,89,2023,0,0.4444444444444444,NA,NA,-1.4966635668443595,-1.6265880936274875
H49,1,1,L2L 2nd,2,8,89,NA,NA,NA,4,5,NA,6,L2 learner,L2,L2,L2,Selection,FCT-07,0,NA,NA,NA,NA,NA,NA,NA,Clitics,Masculine,Plural,NA,NA,NA,L2L,2nd,Late,Yes,9,0,89,2023,0,0.4444444444444444,NA,NA,-1.4966635668443595,-1.6265880936274875
H49,1,1,L2L 2nd,2,8,89,NA,NA,NA,4,5,NA,6,L2 learner,L2,L2,L2,Selection,FCT-09,1,NA,NA,NA,NA,NA,NA,NA,Clitics,Feminine,Plural,NA,NA,NA,L2L,2nd,Late,Yes,9,0,89,2023,1,0.4444444444444444,NA,NA,-1.4966635668443595,-1.6265880936274875
H49,1,1,L2L 2nd,2,8,89,NA,NA,NA,4,5,NA,6,L2 learner,L2,L2,L2,Selection,FCT-11,1,NA,NA,NA,NA,NA,NA,NA,Clitics,Masculine,Singular,NA,NA,NA,L2L,2nd,Late,Yes,9,0,89,2023,1,0.4444444444444444,NA,NA,-1.4966635668443595,-1.6265880936274875
H49,1,1,L2L 2nd,2,8,89,NA,NA,NA,4,5,NA,6,L2 learner,L2,L2,L2,Selection,FCT-13,1,NA,NA,NA,NA,NA,NA,NA,Clitics,Feminine,Singular,NA,NA,NA,L2L,2nd,Late,Yes,9,0,89,2023,1,0.4444444444444444,NA,NA,-1.4966635668443595,-1.6265880936274875
H49,1,1,L2L 2nd,2,8,89,NA,NA,NA,4,5,NA,6,L2 learner,L2,L2,L2,Selection,FCT-15,1,NA,NA,NA,NA,NA,NA,NA,Clitics,Masculine,Plural,NA,NA,NA,L2L,2nd,Late,Yes,9,0,89,2023,1,0.4444444444444444,NA,NA,-1.4966635668443595,-1.6265880936274875
H49,1,1,L2L 2nd,2,8,89,NA,NA,NA,4,5,NA,6,L2 learner,L2,L2,L2,Selection,FCT-17,0,NA,NA,NA,NA,NA,NA,NA,Clitics,Feminine,Plural,NA,NA,NA,L2L,2nd,Late,Yes,9,0,89,2023,0,0.4444444444444444,NA,NA,-1.4966635668443595,-1.6265880936274875
H49,1,1,L2L 2nd,2,8,89,NA,NA,NA,4,5,NA,6,L2 learner,L2,L2,L2,Selection,FCT-19,1,NA,NA,NA,NA,NA,NA,NA,Clitics,Masculine,Singular,NA,NA,NA,L2L,2nd,Late,Yes,9,0,89,2023,1,0.4444444444444444,NA,NA,-1.4966635668443595,-1.6265880936274875
H49,1,1,L2L 2nd,2,8,89,NA,NA,NA,4,5,NA,6,L2 learner,L2,L2,L2,Selection,FCT-21,0,NA,NA,NA,NA,NA,NA,NA,Clitics,Feminine,Singular,NA,NA,NA,L2L,2nd,Late,Yes,9,0,89,2023,0,0.4444444444444444,NA,NA,-1.4966635668443595,-1.6265880936274875
H49,1,1,L2L 2nd,2,8,89,NA,NA,NA,4,5,NA,6,L2 learner,L2,L2,L2,Selection,FCT-23,1,NA,NA,NA,NA,NA,NA,NA,Clitics,Masculine,Plural,NA,NA,NA,L2L,2nd,Late,Yes,9,0,89,2023,1,0.4444444444444444,NA,NA,-1.4966635668443595,-1.6265880936274875
H49,1,1,L2L 2nd,2,8,89,NA,NA,NA,4,5,NA,6,L2 learner,L2,L2,L2,Selection,FCT-25,0,NA,NA,NA,NA,NA,NA,NA,Clitics,Feminine,Plural,NA,NA,NA,L2L,2nd,Late,Yes,9,0,89,2023,0,0.4444444444444444,NA,NA,-1.4966635668443595,-1.6265880936274875
H49,1,2,L2L 4th/5th,5,8,89,NA,NA,NA,4,5,NA,6,L2 learner,L2,L2,L2,Selection,FCT-03,1,NA,NA,NA,NA,NA,NA,NA,Clitics,Masculine,Singular,NA,NA,NA,L2L,4th/5th,Late,Yes,9,36,125,2026,1,0.4444444444444444,NA,NA,-1.4966635668443595,-0.3546680465681015
H49,1,2,L2L 4th/5th,5,8,89,NA,NA,NA,4,5,NA,6,L2 learner,L2,L2,L2,Selection,FCT-05,0,NA,NA,NA,NA,NA,NA,NA,Clitics,Feminine,Singular,NA,NA,NA,L2L,4th/5th,Late,Yes,9,36,125,2026,0,0.4444444444444444,NA,NA,-1.4966635668443595,-0.3546680465681015
H49,1,2,L2L 4th/5th,5,8,89,NA,NA,NA,4,5,NA,6,L2 learner,L2,L2,L2,Selection,FCT-07,0,NA,NA,NA,NA,NA,NA,NA,Clitics,Masculine,Plural,NA,NA,NA,L2L,4th/5th,Late,Yes,9,36,125,2026,0,0.4444444444444444,NA,NA,-1.4966635668443595,-0.3546680465681015
H49,1,2,L2L 4th/5th,5,8,89,NA,NA,NA,4,5,NA,6,L2 learner,L2,L2,L2,Selection,FCT-09,1,NA,NA,NA,NA,NA,NA,NA,Clitics,Feminine,Plural,NA,NA,NA,L2L,4th/5th,Late,Yes,9,36,125,2026,1,0.4444444444444444,NA,NA,-1.4966635668443595,-0.3546680465681015
H49,1,2,L2L 4th/5th,5,8,89,NA,NA,NA,4,5,NA,6,L2 learner,L2,L2,L2,Selection,FCT-11,1,NA,NA,NA,NA,NA,NA,NA,Clitics,Masculine,Singular,NA,NA,NA,L2L,4th/5th,Late,Yes,9,36,125,2026,1,0.4444444444444444,NA,NA,-1.4966635668443595,-0.3546680465681015
H49,1,2,L2L 4th/5th,5,8,89,NA,NA,NA,4,5,NA,6,L2 learner,L2,L2,L2,Selection,FCT-13,1,NA,NA,NA,NA,NA,NA,NA,Clitics,Feminine,Singular,NA,NA,NA,L2L,4th/5th,Late,Yes,9,36,125,2026,1,0.4444444444444444,NA,NA,-1.4966635668443595,-0.3546680465681015
H49,1,2,L2L 4th/5th,5,8,89,NA,NA,NA,4,5,NA,6,L2 learner,L2,L2,L2,Selection,FCT-15,0,NA,NA,NA,NA,NA,NA,NA,Clitics,Masculine,Plural,NA,NA,NA,L2L,4th/5th,Late,Yes,9,36,125,2026,0,0.4444444444444444,NA,NA,-1.4966635668443595,-0.3546680465681015
H49,1,2,L2L 4th/5th,5,8,89,NA,NA,NA,4,5,NA,6,L2 learner,L2,L2,L2,Selection,FCT-17,0,NA,NA,NA,NA,NA,NA,NA,Clitics,Feminine,Plural,NA,NA,NA,L2L,4th/5th,Late,Yes,9,36,125,2026,0,0.4444444444444444,NA,NA,-1.4966635668443595,-0.3546680465681015
H49,1,2,L2L 4th/5th,5,8,89,NA,NA,NA,4,5,NA,6,L2 learner,L2,L2,L2,Selection,FCT-19,1,NA,NA,NA,NA,NA,NA,NA,Clitics,Masculine,Singular,NA,NA,NA,L2L,4th/5th,Late,Yes,9,36,125,2026,1,0.4444444444444444,NA,NA,-1.4966635668443595,-0.3546680465681015
H49,1,2,L2L 4th/5th,5,8,89,NA,NA,NA,4,5,NA,6,L2 learner,L2,L2,L2,Selection,FCT-21,1,NA,NA,NA,NA,NA,NA,NA,Clitics,Feminine,Singular,NA,NA,NA,L2L,4th/5th,Late,Yes,9,36,125,2026,1,0.4444444444444444,NA,NA,-1.4966635668443595,-0.3546680465681015
H49,1,2,L2L 4th/5th,5,8,89,NA,NA,NA,4,5,NA,6,L2 learner,L2,L2,L2,Selection,FCT-23,1,NA,NA,NA,NA,NA,NA,NA,Clitics,Masculine,Plural,NA,NA,NA,L2L,4th/5th,Late,Yes,9,36,125,2026,1,0.4444444444444444,NA,NA,-1.4966635668443595,-0.3546680465681015
H49,1,2,L2L 4th/5th,5,8,89,NA,NA,NA,4,5,NA,6,L2 learner,L2,L2,L2,Selection,FCT-25,0,NA,NA,NA,NA,NA,NA,NA,Clitics,Feminine,Plural,NA,NA,NA,L2L,4th/5th,Late,Yes,9,36,125,2026,0,0.4444444444444444,NA,NA,-1.4966635668443595,-0.3546680465681015
H50,1,1,HS 2nd,2,8,96,NA,NA,NA,3,3,NA,3,Heritage Spanish,NA,NA,NA,Selection,FCT-03,1,NA,NA,NA,NA,NA,NA,NA,Clitics,Masculine,Singular,NA,NA,NA,HS,2nd,Late,Yes,6,0,96,2023,1,0.5,NA,NA,-1.2285902311370953,-1.3792703066992735
H50,1,1,HS 2nd,2,8,96,NA,NA,NA,3,3,NA,3,Heritage Spanish,NA,NA,NA,Selection,FCT-05,0,NA,NA,NA,NA,NA,NA,NA,Clitics,Feminine,Singular,NA,NA,NA,HS,2nd,Late,Yes,6,0,96,2023,0,0.5,NA,NA,-1.2285902311370953,-1.3792703066992735
H50,1,1,HS 2nd,2,8,96,NA,NA,NA,3,3,NA,3,Heritage Spanish,NA,NA,NA,Selection,FCT-07,1,NA,NA,NA,NA,NA,NA,NA,Clitics,Masculine,Plural,NA,NA,NA,HS,2nd,Late,Yes,6,0,96,2023,1,0.5,NA,NA,-1.2285902311370953,-1.3792703066992735
H50,1,1,HS 2nd,2,8,96,NA,NA,NA,3,3,NA,3,Heritage Spanish,NA,NA,NA,Selection,FCT-09,0,NA,NA,NA,NA,NA,NA,NA,Clitics,Feminine,Plural,NA,NA,NA,HS,2nd,Late,Yes,6,0,96,2023,0,0.5,NA,NA,-1.2285902311370953,-1.3792703066992735
H50,1,1,HS 2nd,2,8,96,NA,NA,NA,3,3,NA,3,Heritage Spanish,NA,NA,NA,Selection,FCT-11,0,NA,NA,NA,NA,NA,NA,NA,Clitics,Masculine,Singular,NA,NA,NA,HS,2nd,Late,Yes,6,0,96,2023,0,0.5,NA,NA,-1.2285902311370953,-1.3792703066992735
H50,1,1,HS 2nd,2,8,96,NA,NA,NA,3,3,NA,3,Heritage Spanish,NA,NA,NA,Selection,FCT-13,0,NA,NA,NA,NA,NA,NA,NA,Clitics,Feminine,Singular,NA,NA,NA,HS,2nd,Late,Yes,6,0,96,2023,0,0.5,NA,NA,-1.2285902311370953,-1.3792703066992735
H50,1,1,HS 2nd,2,8,96,NA,NA,NA,3,3,NA,3,Heritage Spanish,NA,NA,NA,Selection,FCT-15,1,NA,NA,NA,NA,NA,NA,NA,Clitics,Masculine,Plural,NA,NA,NA,HS,2nd,Late,Yes,6,0,96,2023,1,0.5,NA,NA,-1.2285902311370953,-1.3792703066992735
H50,1,1,HS 2nd,2,8,96,NA,NA,NA,3,3,NA,3,Heritage Spanish,NA,NA,NA,Selection,FCT-17,0,NA,NA,NA,NA,NA,NA,NA,Clitics,Feminine,Plural,NA,NA,NA,HS,2nd,Late,Yes,6,0,96,2023,0,0.5,NA,NA,-1.2285902311370953,-1.3792703066992735
H50,1,1,HS 2nd,2,8,96,NA,NA,NA,3,3,NA,3,Heritage Spanish,NA,NA,NA,Selection,FCT-19,1,NA,NA,NA,NA,NA,NA,NA,Clitics,Masculine,Singular,NA,NA,NA,HS,2nd,Late,Yes,6,0,96,2023,1,0.5,NA,NA,-1.2285902311370953,-1.3792703066992735
H50,1,1,HS 2nd,2,8,96,NA,NA,NA,3,3,NA,3,Heritage Spanish,NA,NA,NA,Selection,FCT-21,1,NA,NA,NA,NA,NA,NA,NA,Clitics,Feminine,Singular,NA,NA,NA,HS,2nd,Late,Yes,6,0,96,2023,1,0.5,NA,NA,-1.2285902311370953,-1.3792703066992735
H50,1,1,HS 2nd,2,8,96,NA,NA,NA,3,3,NA,3,Heritage Spanish,NA,NA,NA,Selection,FCT-23,0,NA,NA,NA,NA,NA,NA,NA,Clitics,Masculine,Plural,NA,NA,NA,HS,2nd,Late,Yes,6,0,96,2023,0,0.5,NA,NA,-1.2285902311370953,-1.3792703066992735
H50,1,1,HS 2nd,2,8,96,NA,NA,NA,3,3,NA,3,Heritage Spanish,NA,NA,NA,Selection,FCT-25,0,NA,NA,NA,NA,NA,NA,NA,Clitics,Feminine,Plural,NA,NA,NA,HS,2nd,Late,Yes,6,0,96,2023,0,0.5,NA,NA,-1.2285902311370953,-1.3792703066992735
H50,1,2,HS 4th/5th,5,8,96,NA,NA,NA,3,3,NA,3,Heritage Spanish,NA,NA,NA,Selection,FCT-03,1,NA,NA,NA,NA,NA,NA,NA,Clitics,Masculine,Singular,NA,NA,NA,HS,4th/5th,Late,Yes,6,36,132,2026,1,0.5,NA,NA,-1.2285902311370953,-0.10735025963988762
H50,1,2,HS 4th/5th,5,8,96,NA,NA,NA,3,3,NA,3,Heritage Spanish,NA,NA,NA,Selection,FCT-05,0,NA,NA,NA,NA,NA,NA,NA,Clitics,Feminine,Singular,NA,NA,NA,HS,4th/5th,Late,Yes,6,36,132,2026,0,0.5,NA,NA,-1.2285902311370953,-0.10735025963988762
H50,1,2,HS 4th/5th,5,8,96,NA,NA,NA,3,3,NA,3,Heritage Spanish,NA,NA,NA,Selection,FCT-07,0,NA,NA,NA,NA,NA,NA,NA,Clitics,Masculine,Plural,NA,NA,NA,HS,4th/5th,Late,Yes,6,36,132,2026,0,0.5,NA,NA,-1.2285902311370953,-0.10735025963988762
H50,1,2,HS 4th/5th,5,8,96,NA,NA,NA,3,3,NA,3,Heritage Spanish,NA,NA,NA,Selection,FCT-09,1,NA,NA,NA,NA,NA,NA,NA,Clitics,Feminine,Plural,NA,NA,NA,HS,4th/5th,Late,Yes,6,36,132,2026,1,0.5,NA,NA,-1.2285902311370953,-0.10735025963988762
H50,1,2,HS 4th/5th,5,8,96,NA,NA,NA,3,3,NA,3,Heritage Spanish,NA,NA,NA,Selection,FCT-11,1,NA,NA,NA,NA,NA,NA,NA,Clitics,Masculine,Singular,NA,NA,NA,HS,4th/5th,Late,Yes,6,36,132,2026,1,0.5,NA,NA,-1.2285902311370953,-0.10735025963988762
H50,1,2,HS 4th/5th,5,8,96,NA,NA,NA,3,3,NA,3,Heritage Spanish,NA,NA,NA,Selection,FCT-13,1,NA,NA,NA,NA,NA,NA,NA,Clitics,Feminine,Singular,NA,NA,NA,HS,4th/5th,Late,Yes,6,36,132,2026,1,0.5,NA,NA,-1.2285902311370953,-0.10735025963988762
H50,1,2,HS 4th/5th,5,8,96,NA,NA,NA,3,3,NA,3,Heritage Spanish,NA,NA,NA,Selection,FCT-15,0,NA,NA,NA,NA,NA,NA,NA,Clitics,Masculine,Plural,NA,NA,NA,HS,4th/5th,Late,Yes,6,36,132,2026,0,0.5,NA,NA,-1.2285902311370953,-0.10735025963988762
H50,1,2,HS 4th/5th,5,8,96,NA,NA,NA,3,3,NA,3,Heritage Spanish,NA,NA,NA,Selection,FCT-17,0,NA,NA,NA,NA,NA,NA,NA,Clitics,Feminine,Plural,NA,NA,NA,HS,4th/5th,Late,Yes,6,36,132,2026,0,0.5,NA,NA,-1.2285902311370953,-0.10735025963988762
H50,1,2,HS 4th/5th,5,8,96,NA,NA,NA,3,3,NA,3,Heritage Spanish,NA,NA,NA,Selection,FCT-19,1,NA,NA,NA,NA,NA,NA,NA,Clitics,Masculine,Singular,NA,NA,NA,HS,4th/5th,Late,Yes,6,36,132,2026,1,0.5,NA,NA,-1.2285902311370953,-0.10735025963988762
H50,1,2,HS 4th/5th,5,8,96,NA,NA,NA,3,3,NA,3,Heritage Spanish,NA,NA,NA,Selection,FCT-21,1,NA,NA,NA,NA,NA,NA,NA,Clitics,Feminine,Singular,NA,NA,NA,HS,4th/5th,Late,Yes,6,36,132,2026,1,0.5,NA,NA,-1.2285902311370953,-0.10735025963988762
H50,1,2,HS 4th/5th,5,8,96,NA,NA,NA,3,3,NA,3,Heritage Spanish,NA,NA,NA,Selection,FCT-23,1,NA,NA,NA,NA,NA,NA,NA,Clitics,Masculine,Plural,NA,NA,NA,HS,4th/5th,Late,Yes,6,36,132,2026,1,0.5,NA,NA,-1.2285902311370953,-0.10735025963988762
H50,1,2,HS 4th/5th,5,8,96,NA,NA,NA,3,3,NA,3,Heritage Spanish,NA,NA,NA,Selection,FCT-25,0,NA,NA,NA,NA,NA,NA,NA,Clitics,Feminine,Plural,NA,NA,NA,HS,4th/5th,Late,Yes,6,36,132,2026,0,0.5,NA,NA,-1.2285902311370953,-0.10735025963988762
H51,1,1,L2L 2nd,2,8,100,NA,NA,NA,2,6,NA,3,L2 learner,L2,L2,L2,Selection,FCT-03,1,NA,NA,NA,NA,NA,NA,NA,Clitics,Masculine,Singular,NA,NA,NA,L2L,2nd,Late,Yes,8,0,100,2023,1,0.25,NA,NA,-1.0754054678758016,-1.2379458570260085
H51,1,1,L2L 2nd,2,8,100,NA,NA,NA,2,6,NA,3,L2 learner,L2,L2,L2,Selection,FCT-05,1,NA,NA,NA,NA,NA,NA,NA,Clitics,Feminine,Singular,NA,NA,NA,L2L,2nd,Late,Yes,8,0,100,2023,1,0.25,NA,NA,-1.0754054678758016,-1.2379458570260085
H51,1,1,L2L 2nd,2,8,100,NA,NA,NA,2,6,NA,3,L2 learner,L2,L2,L2,Selection,FCT-07,1,NA,NA,NA,NA,NA,NA,NA,Clitics,Masculine,Plural,NA,NA,NA,L2L,2nd,Late,Yes,8,0,100,2023,1,0.25,NA,NA,-1.0754054678758016,-1.2379458570260085
H51,1,1,L2L 2nd,2,8,100,NA,NA,NA,2,6,NA,3,L2 learner,L2,L2,L2,Selection,FCT-09,0,NA,NA,NA,NA,NA,NA,NA,Clitics,Feminine,Plural,NA,NA,NA,L2L,2nd,Late,Yes,8,0,100,2023,0,0.25,NA,NA,-1.0754054678758016,-1.2379458570260085
H51,1,1,L2L 2nd,2,8,100,NA,NA,NA,2,6,NA,3,L2 learner,L2,L2,L2,Selection,FCT-11,1,NA,NA,NA,NA,NA,NA,NA,Clitics,Masculine,Singular,NA,NA,NA,L2L,2nd,Late,Yes,8,0,100,2023,1,0.25,NA,NA,-1.0754054678758016,-1.2379458570260085
H51,1,1,L2L 2nd,2,8,100,NA,NA,NA,2,6,NA,3,L2 learner,L2,L2,L2,Selection,FCT-13,1,NA,NA,NA,NA,NA,NA,NA,Clitics,Feminine,Singular,NA,NA,NA,L2L,2nd,Late,Yes,8,0,100,2023,1,0.25,NA,NA,-1.0754054678758016,-1.2379458570260085
H51,1,1,L2L 2nd,2,8,100,NA,NA,NA,2,6,NA,3,L2 learner,L2,L2,L2,Selection,FCT-15,1,NA,NA,NA,NA,NA,NA,NA,Clitics,Masculine,Plural,NA,NA,NA,L2L,2nd,Late,Yes,8,0,100,2023,1,0.25,NA,NA,-1.0754054678758016,-1.2379458570260085
H51,1,1,L2L 2nd,2,8,100,NA,NA,NA,2,6,NA,3,L2 learner,L2,L2,L2,Selection,FCT-17,1,NA,NA,NA,NA,NA,NA,NA,Clitics,Feminine,Plural,NA,NA,NA,L2L,2nd,Late,Yes,8,0,100,2023,1,0.25,NA,NA,-1.0754054678758016,-1.2379458570260085
H51,1,1,L2L 2nd,2,8,100,NA,NA,NA,2,6,NA,3,L2 learner,L2,L2,L2,Selection,FCT-19,1,NA,NA,NA,NA,NA,NA,NA,Clitics,Masculine,Singular,NA,NA,NA,L2L,2nd,Late,Yes,8,0,100,2023,1,0.25,NA,NA,-1.0754054678758016,-1.2379458570260085
H51,1,1,L2L 2nd,2,8,100,NA,NA,NA,2,6,NA,3,L2 learner,L2,L2,L2,Selection,FCT-21,1,NA,NA,NA,NA,NA,NA,NA,Clitics,Feminine,Singular,NA,NA,NA,L2L,2nd,Late,Yes,8,0,100,2023,1,0.25,NA,NA,-1.0754054678758016,-1.2379458570260085
H51,1,1,L2L 2nd,2,8,100,NA,NA,NA,2,6,NA,3,L2 learner,L2,L2,L2,Selection,FCT-23,1,NA,NA,NA,NA,NA,NA,NA,Clitics,Masculine,Plural,NA,NA,NA,L2L,2nd,Late,Yes,8,0,100,2023,1,0.25,NA,NA,-1.0754054678758016,-1.2379458570260085
H51,1,1,L2L 2nd,2,8,100,NA,NA,NA,2,6,NA,3,L2 learner,L2,L2,L2,Selection,FCT-25,1,NA,NA,NA,NA,NA,NA,NA,Clitics,Feminine,Plural,NA,NA,NA,L2L,2nd,Late,Yes,8,0,100,2023,1,0.25,NA,NA,-1.0754054678758016,-1.2379458570260085
H52,1,1,L2L 2nd,2,8,98,NA,NA,NA,0,6,NA,3,"German, Russian",No,Yes,Yes,Selection,FCT-03,1,NA,NA,NA,NA,NA,NA,NA,Clitics,Masculine,Singular,NA,NA,NA,L2L,2nd,Late,Yes,6,0,98,2023,1,0,NA,NA,-1.1519978495064485,-1.308608081862641
H52,1,1,L2L 2nd,2,8,98,NA,NA,NA,0,6,NA,3,"German, Russian",No,Yes,Yes,Selection,FCT-05,1,NA,NA,NA,NA,NA,NA,NA,Clitics,Feminine,Singular,NA,NA,NA,L2L,2nd,Late,Yes,6,0,98,2023,1,0,NA,NA,-1.1519978495064485,-1.308608081862641
H52,1,1,L2L 2nd,2,8,98,NA,NA,NA,0,6,NA,3,"German, Russian",No,Yes,Yes,Selection,FCT-07,1,NA,NA,NA,NA,NA,NA,NA,Clitics,Masculine,Plural,NA,NA,NA,L2L,2nd,Late,Yes,6,0,98,2023,1,0,NA,NA,-1.1519978495064485,-1.308608081862641
H52,1,1,L2L 2nd,2,8,98,NA,NA,NA,0,6,NA,3,"German, Russian",No,Yes,Yes,Selection,FCT-09,1,NA,NA,NA,NA,NA,NA,NA,Clitics,Feminine,Plural,NA,NA,NA,L2L,2nd,Late,Yes,6,0,98,2023,1,0,NA,NA,-1.1519978495064485,-1.308608081862641
H52,1,1,L2L 2nd,2,8,98,NA,NA,NA,0,6,NA,3,"German, Russian",No,Yes,Yes,Selection,FCT-11,0,NA,NA,NA,NA,NA,NA,NA,Clitics,Masculine,Singular,NA,NA,NA,L2L,2nd,Late,Yes,6,0,98,2023,0,0,NA,NA,-1.1519978495064485,-1.308608081862641
H52,1,1,L2L 2nd,2,8,98,NA,NA,NA,0,6,NA,3,"German, Russian",No,Yes,Yes,Selection,FCT-13,0,NA,NA,NA,NA,NA,NA,NA,Clitics,Feminine,Singular,NA,NA,NA,L2L,2nd,Late,Yes,6,0,98,2023,0,0,NA,NA,-1.1519978495064485,-1.308608081862641
H52,1,1,L2L 2nd,2,8,98,NA,NA,NA,0,6,NA,3,"German, Russian",No,Yes,Yes,Selection,FCT-15,1,NA,NA,NA,NA,NA,NA,NA,Clitics,Masculine,Plural,NA,NA,NA,L2L,2nd,Late,Yes,6,0,98,2023,1,0,NA,NA,-1.1519978495064485,-1.308608081862641
H52,1,1,L2L 2nd,2,8,98,NA,NA,NA,0,6,NA,3,"German, Russian",No,Yes,Yes,Selection,FCT-17,1,NA,NA,NA,NA,NA,NA,NA,Clitics,Feminine,Plural,NA,NA,NA,L2L,2nd,Late,Yes,6,0,98,2023,1,0,NA,NA,-1.1519978495064485,-1.308608081862641
H52,1,1,L2L 2nd,2,8,98,NA,NA,NA,0,6,NA,3,"German, Russian",No,Yes,Yes,Selection,FCT-19,1,NA,NA,NA,NA,NA,NA,NA,Clitics,Masculine,Singular,NA,NA,NA,L2L,2nd,Late,Yes,6,0,98,2023,1,0,NA,NA,-1.1519978495064485,-1.308608081862641
H52,1,1,L2L 2nd,2,8,98,NA,NA,NA,0,6,NA,3,"German, Russian",No,Yes,Yes,Selection,FCT-21,1,NA,NA,NA,NA,NA,NA,NA,Clitics,Feminine,Singular,NA,NA,NA,L2L,2nd,Late,Yes,6,0,98,2023,1,0,NA,NA,-1.1519978495064485,-1.308608081862641
H52,1,1,L2L 2nd,2,8,98,NA,NA,NA,0,6,NA,3,"German, Russian",No,Yes,Yes,Selection,FCT-23,1,NA,NA,NA,NA,NA,NA,NA,Clitics,Masculine,Plural,NA,NA,NA,L2L,2nd,Late,Yes,6,0,98,2023,1,0,NA,NA,-1.1519978495064485,-1.308608081862641
H52,1,1,L2L 2nd,2,8,98,NA,NA,NA,0,6,NA,3,"German, Russian",No,Yes,Yes,Selection,FCT-25,0,NA,NA,NA,NA,NA,NA,NA,Clitics,Feminine,Plural,NA,NA,NA,L2L,2nd,Late,Yes,6,0,98,2023,0,0,NA,NA,-1.1519978495064485,-1.308608081862641
H53,1,1,L2L 2nd,2,8,97,NA,NA,NA,3,4,NA,7,Turkish,Yes,Yes,Yes,Selection,FCT-03,1,NA,NA,NA,NA,NA,NA,NA,Clitics,Masculine,Singular,NA,NA,NA,L2L,2nd,Late,Yes,7,0,97,2023,1,0.42857142857142855,NA,NA,-1.1902940403217719,-1.3439391942809573
H53,1,1,L2L 2nd,2,8,97,NA,NA,NA,3,4,NA,7,Turkish,Yes,Yes,Yes,Selection,FCT-05,1,NA,NA,NA,NA,NA,NA,NA,Clitics,Feminine,Singular,NA,NA,NA,L2L,2nd,Late,Yes,7,0,97,2023,1,0.42857142857142855,NA,NA,-1.1902940403217719,-1.3439391942809573
H53,1,1,L2L 2nd,2,8,97,NA,NA,NA,3,4,NA,7,Turkish,Yes,Yes,Yes,Selection,FCT-07,1,NA,NA,NA,NA,NA,NA,NA,Clitics,Masculine,Plural,NA,NA,NA,L2L,2nd,Late,Yes,7,0,97,2023,1,0.42857142857142855,NA,NA,-1.1902940403217719,-1.3439391942809573
H53,1,1,L2L 2nd,2,8,97,NA,NA,NA,3,4,NA,7,Turkish,Yes,Yes,Yes,Selection,FCT-09,1,NA,NA,NA,NA,NA,NA,NA,Clitics,Feminine,Plural,NA,NA,NA,L2L,2nd,Late,Yes,7,0,97,2023,1,0.42857142857142855,NA,NA,-1.1902940403217719,-1.3439391942809573
H53,1,1,L2L 2nd,2,8,97,NA,NA,NA,3,4,NA,7,Turkish,Yes,Yes,Yes,Selection,FCT-11,0,NA,NA,NA,NA,NA,NA,NA,Clitics,Masculine,Singular,NA,NA,NA,L2L,2nd,Late,Yes,7,0,97,2023,0,0.42857142857142855,NA,NA,-1.1902940403217719,-1.3439391942809573
H53,1,1,L2L 2nd,2,8,97,NA,NA,NA,3,4,NA,7,Turkish,Yes,Yes,Yes,Selection,FCT-13,1,NA,NA,NA,NA,NA,NA,NA,Clitics,Feminine,Singular,NA,NA,NA,L2L,2nd,Late,Yes,7,0,97,2023,1,0.42857142857142855,NA,NA,-1.1902940403217719,-1.3439391942809573
H53,1,1,L2L 2nd,2,8,97,NA,NA,NA,3,4,NA,7,Turkish,Yes,Yes,Yes,Selection,FCT-15,1,NA,NA,NA,NA,NA,NA,NA,Clitics,Masculine,Plural,NA,NA,NA,L2L,2nd,Late,Yes,7,0,97,2023,1,0.42857142857142855,NA,NA,-1.1902940403217719,-1.3439391942809573
H53,1,1,L2L 2nd,2,8,97,NA,NA,NA,3,4,NA,7,Turkish,Yes,Yes,Yes,Selection,FCT-17,0,NA,NA,NA,NA,NA,NA,NA,Clitics,Feminine,Plural,NA,NA,NA,L2L,2nd,Late,Yes,7,0,97,2023,0,0.42857142857142855,NA,NA,-1.1902940403217719,-1.3439391942809573
H53,1,1,L2L 2nd,2,8,97,NA,NA,NA,3,4,NA,7,Turkish,Yes,Yes,Yes,Selection,FCT-19,0,NA,NA,NA,NA,NA,NA,NA,Clitics,Masculine,Singular,NA,NA,NA,L2L,2nd,Late,Yes,7,0,97,2023,0,0.42857142857142855,NA,NA,-1.1902940403217719,-1.3439391942809573
H53,1,1,L2L 2nd,2,8,97,NA,NA,NA,3,4,NA,7,Turkish,Yes,Yes,Yes,Selection,FCT-21,1,NA,NA,NA,NA,NA,NA,NA,Clitics,Feminine,Singular,NA,NA,NA,L2L,2nd,Late,Yes,7,0,97,2023,1,0.42857142857142855,NA,NA,-1.1902940403217719,-1.3439391942809573
H53,1,1,L2L 2nd,2,8,97,NA,NA,NA,3,4,NA,7,Turkish,Yes,Yes,Yes,Selection,FCT-23,1,NA,NA,NA,NA,NA,NA,NA,Clitics,Masculine,Plural,NA,NA,NA,L2L,2nd,Late,Yes,7,0,97,2023,1,0.42857142857142855,NA,NA,-1.1902940403217719,-1.3439391942809573
H53,1,1,L2L 2nd,2,8,97,NA,NA,NA,3,4,NA,7,Turkish,Yes,Yes,Yes,Selection,FCT-25,1,NA,NA,NA,NA,NA,NA,NA,Clitics,Feminine,Plural,NA,NA,NA,L2L,2nd,Late,Yes,7,0,97,2023,1,0.42857142857142855,NA,NA,-1.1902940403217719,-1.3439391942809573
H54,1,1,HS 2nd,2,8,99,NA,NA,NA,4,4,NA,7,Heritage Spanish,NA,NA,NA,Selection,FCT-03,1,NA,NA,NA,NA,NA,NA,NA,Clitics,Masculine,Singular,NA,NA,NA,HS,2nd,Late,Yes,8,0,99,2023,1,0.5,NA,NA,-1.113701658691125,-1.2732769694443247
H54,1,1,HS 2nd,2,8,99,NA,NA,NA,4,4,NA,7,Heritage Spanish,NA,NA,NA,Selection,FCT-05,0,NA,NA,NA,NA,NA,NA,NA,Clitics,Feminine,Singular,NA,NA,NA,HS,2nd,Late,Yes,8,0,99,2023,0,0.5,NA,NA,-1.113701658691125,-1.2732769694443247
H54,1,1,HS 2nd,2,8,99,NA,NA,NA,4,4,NA,7,Heritage Spanish,NA,NA,NA,Selection,FCT-07,1,NA,NA,NA,NA,NA,NA,NA,Clitics,Masculine,Plural,NA,NA,NA,HS,2nd,Late,Yes,8,0,99,2023,1,0.5,NA,NA,-1.113701658691125,-1.2732769694443247
H54,1,1,HS 2nd,2,8,99,NA,NA,NA,4,4,NA,7,Heritage Spanish,NA,NA,NA,Selection,FCT-09,1,NA,NA,NA,NA,NA,NA,NA,Clitics,Feminine,Plural,NA,NA,NA,HS,2nd,Late,Yes,8,0,99,2023,1,0.5,NA,NA,-1.113701658691125,-1.2732769694443247
H54,1,1,HS 2nd,2,8,99,NA,NA,NA,4,4,NA,7,Heritage Spanish,NA,NA,NA,Selection,FCT-11,0,NA,NA,NA,NA,NA,NA,NA,Clitics,Masculine,Singular,NA,NA,NA,HS,2nd,Late,Yes,8,0,99,2023,0,0.5,NA,NA,-1.113701658691125,-1.2732769694443247
H54,1,1,HS 2nd,2,8,99,NA,NA,NA,4,4,NA,7,Heritage Spanish,NA,NA,NA,Selection,FCT-13,1,NA,NA,NA,NA,NA,NA,NA,Clitics,Feminine,Singular,NA,NA,NA,HS,2nd,Late,Yes,8,0,99,2023,1,0.5,NA,NA,-1.113701658691125,-1.2732769694443247
H54,1,1,HS 2nd,2,8,99,NA,NA,NA,4,4,NA,7,Heritage Spanish,NA,NA,NA,Selection,FCT-15,0,NA,NA,NA,NA,NA,NA,NA,Clitics,Masculine,Plural,NA,NA,NA,HS,2nd,Late,Yes,8,0,99,2023,0,0.5,NA,NA,-1.113701658691125,-1.2732769694443247
H54,1,1,HS 2nd,2,8,99,NA,NA,NA,4,4,NA,7,Heritage Spanish,NA,NA,NA,Selection,FCT-17,0,NA,NA,NA,NA,NA,NA,NA,Clitics,Feminine,Plural,NA,NA,NA,HS,2nd,Late,Yes,8,0,99,2023,0,0.5,NA,NA,-1.113701658691125,-1.2732769694443247
H54,1,1,HS 2nd,2,8,99,NA,NA,NA,4,4,NA,7,Heritage Spanish,NA,NA,NA,Selection,FCT-19,1,NA,NA,NA,NA,NA,NA,NA,Clitics,Masculine,Singular,NA,NA,NA,HS,2nd,Late,Yes,8,0,99,2023,1,0.5,NA,NA,-1.113701658691125,-1.2732769694443247
H54,1,1,HS 2nd,2,8,99,NA,NA,NA,4,4,NA,7,Heritage Spanish,NA,NA,NA,Selection,FCT-21,1,NA,NA,NA,NA,NA,NA,NA,Clitics,Feminine,Singular,NA,NA,NA,HS,2nd,Late,Yes,8,0,99,2023,1,0.5,NA,NA,-1.113701658691125,-1.2732769694443247
H54,1,1,HS 2nd,2,8,99,NA,NA,NA,4,4,NA,7,Heritage Spanish,NA,NA,NA,Selection,FCT-23,1,NA,NA,NA,NA,NA,NA,NA,Clitics,Masculine,Plural,NA,NA,NA,HS,2nd,Late,Yes,8,0,99,2023,1,0.5,NA,NA,-1.113701658691125,-1.2732769694443247
H54,1,1,HS 2nd,2,8,99,NA,NA,NA,4,4,NA,7,Heritage Spanish,NA,NA,NA,Selection,FCT-25,1,NA,NA,NA,NA,NA,NA,NA,Clitics,Feminine,Plural,NA,NA,NA,HS,2nd,Late,Yes,8,0,99,2023,1,0.5,NA,NA,-1.113701658691125,-1.2732769694443247
H55,1,1,L2L 2nd,2,8,102,NA,NA,NA,1,5,NA,3,L2 learner,L2,L2,L2,Selection,FCT-03,1,NA,NA,NA,NA,NA,NA,NA,Clitics,Masculine,Singular,NA,NA,NA,L2L,2nd,Late,Yes,6,0,102,2023,1,0.16666666666666666,NA,NA,-0.9988130862451546,-1.1672836321893758
H55,1,1,L2L 2nd,2,8,102,NA,NA,NA,1,5,NA,3,L2 learner,L2,L2,L2,Selection,FCT-05,0,NA,NA,NA,NA,NA,NA,NA,Clitics,Feminine,Singular,NA,NA,NA,L2L,2nd,Late,Yes,6,0,102,2023,0,0.16666666666666666,NA,NA,-0.9988130862451546,-1.1672836321893758
H55,1,1,L2L 2nd,2,8,102,NA,NA,NA,1,5,NA,3,L2 learner,L2,L2,L2,Selection,FCT-07,0,NA,NA,NA,NA,NA,NA,NA,Clitics,Masculine,Plural,NA,NA,NA,L2L,2nd,Late,Yes,6,0,102,2023,0,0.16666666666666666,NA,NA,-0.9988130862451546,-1.1672836321893758
H55,1,1,L2L 2nd,2,8,102,NA,NA,NA,1,5,NA,3,L2 learner,L2,L2,L2,Selection,FCT-09,0,NA,NA,NA,NA,NA,NA,NA,Clitics,Feminine,Plural,NA,NA,NA,L2L,2nd,Late,Yes,6,0,102,2023,0,0.16666666666666666,NA,NA,-0.9988130862451546,-1.1672836321893758
H55,1,1,L2L 2nd,2,8,102,NA,NA,NA,1,5,NA,3,L2 learner,L2,L2,L2,Selection,FCT-11,0,NA,NA,NA,NA,NA,NA,NA,Clitics,Masculine,Singular,NA,NA,NA,L2L,2nd,Late,Yes,6,0,102,2023,0,0.16666666666666666,NA,NA,-0.9988130862451546,-1.1672836321893758
H55,1,1,L2L 2nd,2,8,102,NA,NA,NA,1,5,NA,3,L2 learner,L2,L2,L2,Selection,FCT-13,0,NA,NA,NA,NA,NA,NA,NA,Clitics,Feminine,Singular,NA,NA,NA,L2L,2nd,Late,Yes,6,0,102,2023,0,0.16666666666666666,NA,NA,-0.9988130862451546,-1.1672836321893758
H55,1,1,L2L 2nd,2,8,102,NA,NA,NA,1,5,NA,3,L2 learner,L2,L2,L2,Selection,FCT-15,0,NA,NA,NA,NA,NA,NA,NA,Clitics,Masculine,Plural,NA,NA,NA,L2L,2nd,Late,Yes,6,0,102,2023,0,0.16666666666666666,NA,NA,-0.9988130862451546,-1.1672836321893758
H55,1,1,L2L 2nd,2,8,102,NA,NA,NA,1,5,NA,3,L2 learner,L2,L2,L2,Selection,FCT-17,0,NA,NA,NA,NA,NA,NA,NA,Clitics,Feminine,Plural,NA,NA,NA,L2L,2nd,Late,Yes,6,0,102,2023,0,0.16666666666666666,NA,NA,-0.9988130862451546,-1.1672836321893758
H55,1,1,L2L 2nd,2,8,102,NA,NA,NA,1,5,NA,3,L2 learner,L2,L2,L2,Selection,FCT-19,0,NA,NA,NA,NA,NA,NA,NA,Clitics,Masculine,Singular,NA,NA,NA,L2L,2nd,Late,Yes,6,0,102,2023,0,0.16666666666666666,NA,NA,-0.9988130862451546,-1.1672836321893758
H55,1,1,L2L 2nd,2,8,102,NA,NA,NA,1,5,NA,3,L2 learner,L2,L2,L2,Selection,FCT-21,1,NA,NA,NA,NA,NA,NA,NA,Clitics,Feminine,Singular,NA,NA,NA,L2L,2nd,Late,Yes,6,0,102,2023,1,0.16666666666666666,NA,NA,-0.9988130862451546,-1.1672836321893758
H55,1,1,L2L 2nd,2,8,102,NA,NA,NA,1,5,NA,3,L2 learner,L2,L2,L2,Selection,FCT-23,1,NA,NA,NA,NA,NA,NA,NA,Clitics,Masculine,Plural,NA,NA,NA,L2L,2nd,Late,Yes,6,0,102,2023,1,0.16666666666666666,NA,NA,-0.9988130862451546,-1.1672836321893758
H55,1,1,L2L 2nd,2,8,102,NA,NA,NA,1,5,NA,3,L2 learner,L2,L2,L2,Selection,FCT-25,1,NA,NA,NA,NA,NA,NA,NA,Clitics,Feminine,Plural,NA,NA,NA,L2L,2nd,Late,Yes,6,0,102,2023,1,0.16666666666666666,NA,NA,-0.9988130862451546,-1.1672836321893758
H56,1,1,L2L 2nd,2,8,101,NA,NA,NA,3,6,NA,3,"Gujarathi, French, Malayalam",Yes,Yes,Yes,Selection,FCT-03,1,NA,NA,NA,NA,NA,NA,NA,Clitics,Masculine,Singular,NA,NA,NA,L2L,2nd,Late,Yes,9,0,101,2023,1,0.3333333333333333,NA,NA,-1.0371092770604782,-1.2026147446076922
H56,1,1,L2L 2nd,2,8,101,NA,NA,NA,3,6,NA,3,"Gujarathi, French, Malayalam",Yes,Yes,Yes,Selection,FCT-05,0,NA,NA,NA,NA,NA,NA,NA,Clitics,Feminine,Singular,NA,NA,NA,L2L,2nd,Late,Yes,9,0,101,2023,0,0.3333333333333333,NA,NA,-1.0371092770604782,-1.2026147446076922
H56,1,1,L2L 2nd,2,8,101,NA,NA,NA,3,6,NA,3,"Gujarathi, French, Malayalam",Yes,Yes,Yes,Selection,FCT-07,0,NA,NA,NA,NA,NA,NA,NA,Clitics,Masculine,Plural,NA,NA,NA,L2L,2nd,Late,Yes,9,0,101,2023,0,0.3333333333333333,NA,NA,-1.0371092770604782,-1.2026147446076922
H56,1,1,L2L 2nd,2,8,101,NA,NA,NA,3,6,NA,3,"Gujarathi, French, Malayalam",Yes,Yes,Yes,Selection,FCT-09,1,NA,NA,NA,NA,NA,NA,NA,Clitics,Feminine,Plural,NA,NA,NA,L2L,2nd,Late,Yes,9,0,101,2023,1,0.3333333333333333,NA,NA,-1.0371092770604782,-1.2026147446076922
H56,1,1,L2L 2nd,2,8,101,NA,NA,NA,3,6,NA,3,"Gujarathi, French, Malayalam",Yes,Yes,Yes,Selection,FCT-11,1,NA,NA,NA,NA,NA,NA,NA,Clitics,Masculine,Singular,NA,NA,NA,L2L,2nd,Late,Yes,9,0,101,2023,1,0.3333333333333333,NA,NA,-1.0371092770604782,-1.2026147446076922
H56,1,1,L2L 2nd,2,8,101,NA,NA,NA,3,6,NA,3,"Gujarathi, French, Malayalam",Yes,Yes,Yes,Selection,FCT-13,0,NA,NA,NA,NA,NA,NA,NA,Clitics,Feminine,Singular,NA,NA,NA,L2L,2nd,Late,Yes,9,0,101,2023,0,0.3333333333333333,NA,NA,-1.0371092770604782,-1.2026147446076922
H56,1,1,L2L 2nd,2,8,101,NA,NA,NA,3,6,NA,3,"Gujarathi, French, Malayalam",Yes,Yes,Yes,Selection,FCT-15,1,NA,NA,NA,NA,NA,NA,NA,Clitics,Masculine,Plural,NA,NA,NA,L2L,2nd,Late,Yes,9,0,101,2023,1,0.3333333333333333,NA,NA,-1.0371092770604782,-1.2026147446076922
H56,1,1,L2L 2nd,2,8,101,NA,NA,NA,3,6,NA,3,"Gujarathi, French, Malayalam",Yes,Yes,Yes,Selection,FCT-17,0,NA,NA,NA,NA,NA,NA,NA,Clitics,Feminine,Plural,NA,NA,NA,L2L,2nd,Late,Yes,9,0,101,2023,0,0.3333333333333333,NA,NA,-1.0371092770604782,-1.2026147446076922
H56,1,1,L2L 2nd,2,8,101,NA,NA,NA,3,6,NA,3,"Gujarathi, French, Malayalam",Yes,Yes,Yes,Selection,FCT-19,0,NA,NA,NA,NA,NA,NA,NA,Clitics,Masculine,Singular,NA,NA,NA,L2L,2nd,Late,Yes,9,0,101,2023,0,0.3333333333333333,NA,NA,-1.0371092770604782,-1.2026147446076922
H56,1,1,L2L 2nd,2,8,101,NA,NA,NA,3,6,NA,3,"Gujarathi, French, Malayalam",Yes,Yes,Yes,Selection,FCT-21,0,NA,NA,NA,NA,NA,NA,NA,Clitics,Feminine,Singular,NA,NA,NA,L2L,2nd,Late,Yes,9,0,101,2023,0,0.3333333333333333,NA,NA,-1.0371092770604782,-1.2026147446076922
H56,1,1,L2L 2nd,2,8,101,NA,NA,NA,3,6,NA,3,"Gujarathi, French, Malayalam",Yes,Yes,Yes,Selection,FCT-23,1,NA,NA,NA,NA,NA,NA,NA,Clitics,Masculine,Plural,NA,NA,NA,L2L,2nd,Late,Yes,9,0,101,2023,1,0.3333333333333333,NA,NA,-1.0371092770604782,-1.2026147446076922
H56,1,1,L2L 2nd,2,8,101,NA,NA,NA,3,6,NA,3,"Gujarathi, French, Malayalam",Yes,Yes,Yes,Selection,FCT-25,1,NA,NA,NA,NA,NA,NA,NA,Clitics,Feminine,Plural,NA,NA,NA,L2L,2nd,Late,Yes,9,0,101,2023,1,0.3333333333333333,NA,NA,-1.0371092770604782,-1.2026147446076922
H57,1,1,L2L 2nd,2,NA,102,NA,NA,NA,NA,NA,3,4,L2 learner,L2,L2,L2,Selection,FCT-03,1,NA,NA,NA,NA,NA,NA,NA,Clitics,Masculine,Singular,NA,NA,NA,L2L,2nd,Late,Yes,NA,0,102,2023,1,NA,NA,NA,-0.9988130862451546,-1.1672836321893758
H57,1,1,L2L 2nd,2,NA,102,NA,NA,NA,NA,NA,3,4,L2 learner,L2,L2,L2,Selection,FCT-05,0,NA,NA,NA,NA,NA,NA,NA,Clitics,Feminine,Singular,NA,NA,NA,L2L,2nd,Late,Yes,NA,0,102,2023,0,NA,NA,NA,-0.9988130862451546,-1.1672836321893758
H57,1,1,L2L 2nd,2,NA,102,NA,NA,NA,NA,NA,3,4,L2 learner,L2,L2,L2,Selection,FCT-07,1,NA,NA,NA,NA,NA,NA,NA,Clitics,Masculine,Plural,NA,NA,NA,L2L,2nd,Late,Yes,NA,0,102,2023,1,NA,NA,NA,-0.9988130862451546,-1.1672836321893758
H57,1,1,L2L 2nd,2,NA,102,NA,NA,NA,NA,NA,3,4,L2 learner,L2,L2,L2,Selection,FCT-09,1,NA,NA,NA,NA,NA,NA,NA,Clitics,Feminine,Plural,NA,NA,NA,L2L,2nd,Late,Yes,NA,0,102,2023,1,NA,NA,NA,-0.9988130862451546,-1.1672836321893758
H57,1,1,L2L 2nd,2,NA,102,NA,NA,NA,NA,NA,3,4,L2 learner,L2,L2,L2,Selection,FCT-11,1,NA,NA,NA,NA,NA,NA,NA,Clitics,Masculine,Singular,NA,NA,NA,L2L,2nd,Late,Yes,NA,0,102,2023,1,NA,NA,NA,-0.9988130862451546,-1.1672836321893758
H57,1,1,L2L 2nd,2,NA,102,NA,NA,NA,NA,NA,3,4,L2 learner,L2,L2,L2,Selection,FCT-13,0,NA,NA,NA,NA,NA,NA,NA,Clitics,Feminine,Singular,NA,NA,NA,L2L,2nd,Late,Yes,NA,0,102,2023,0,NA,NA,NA,-0.9988130862451546,-1.1672836321893758
H57,1,1,L2L 2nd,2,NA,102,NA,NA,NA,NA,NA,3,4,L2 learner,L2,L2,L2,Selection,FCT-15,1,NA,NA,NA,NA,NA,NA,NA,Clitics,Masculine,Plural,NA,NA,NA,L2L,2nd,Late,Yes,NA,0,102,2023,1,NA,NA,NA,-0.9988130862451546,-1.1672836321893758
H57,1,1,L2L 2nd,2,NA,102,NA,NA,NA,NA,NA,3,4,L2 learner,L2,L2,L2,Selection,FCT-17,1,NA,NA,NA,NA,NA,NA,NA,Clitics,Feminine,Plural,NA,NA,NA,L2L,2nd,Late,Yes,NA,0,102,2023,1,NA,NA,NA,-0.9988130862451546,-1.1672836321893758
H57,1,1,L2L 2nd,2,NA,102,NA,NA,NA,NA,NA,3,4,L2 learner,L2,L2,L2,Selection,FCT-19,1,NA,NA,NA,NA,NA,NA,NA,Clitics,Masculine,Singular,NA,NA,NA,L2L,2nd,Late,Yes,NA,0,102,2023,1,NA,NA,NA,-0.9988130862451546,-1.1672836321893758
H57,1,1,L2L 2nd,2,NA,102,NA,NA,NA,NA,NA,3,4,L2 learner,L2,L2,L2,Selection,FCT-21,0,NA,NA,NA,NA,NA,NA,NA,Clitics,Feminine,Singular,NA,NA,NA,L2L,2nd,Late,Yes,NA,0,102,2023,0,NA,NA,NA,-0.9988130862451546,-1.1672836321893758
H57,1,1,L2L 2nd,2,NA,102,NA,NA,NA,NA,NA,3,4,L2 learner,L2,L2,L2,Selection,FCT-23,1,NA,NA,NA,NA,NA,NA,NA,Clitics,Masculine,Plural,NA,NA,NA,L2L,2nd,Late,Yes,NA,0,102,2023,1,NA,NA,NA,-0.9988130862451546,-1.1672836321893758
H57,1,1,L2L 2nd,2,NA,102,NA,NA,NA,NA,NA,3,4,L2 learner,L2,L2,L2,Selection,FCT-25,1,NA,NA,NA,NA,NA,NA,NA,Clitics,Feminine,Plural,NA,NA,NA,L2L,2nd,Late,Yes,NA,0,102,2023,1,NA,NA,NA,-0.9988130862451546,-1.1672836321893758
H57,1,2,L2L 4th/5th,5,NA,102,NA,NA,NA,NA,NA,3,4,L2 learner,L2,L2,L2,Selection,FCT-03,0,NA,NA,NA,NA,NA,NA,NA,Clitics,Masculine,Singular,NA,NA,NA,L2L,4th/5th,Late,Yes,NA,36,138,2026,0,NA,NA,NA,-0.9988130862451546,0.10463641487001005
H57,1,2,L2L 4th/5th,5,NA,102,NA,NA,NA,NA,NA,3,4,L2 learner,L2,L2,L2,Selection,FCT-05,0,NA,NA,NA,NA,NA,NA,NA,Clitics,Feminine,Singular,NA,NA,NA,L2L,4th/5th,Late,Yes,NA,36,138,2026,0,NA,NA,NA,-0.9988130862451546,0.10463641487001005
H57,1,2,L2L 4th/5th,5,NA,102,NA,NA,NA,NA,NA,3,4,L2 learner,L2,L2,L2,Selection,FCT-07,1,NA,NA,NA,NA,NA,NA,NA,Clitics,Masculine,Plural,NA,NA,NA,L2L,4th/5th,Late,Yes,NA,36,138,2026,1,NA,NA,NA,-0.9988130862451546,0.10463641487001005
H57,1,2,L2L 4th/5th,5,NA,102,NA,NA,NA,NA,NA,3,4,L2 learner,L2,L2,L2,Selection,FCT-09,1,NA,NA,NA,NA,NA,NA,NA,Clitics,Feminine,Plural,NA,NA,NA,L2L,4th/5th,Late,Yes,NA,36,138,2026,1,NA,NA,NA,-0.9988130862451546,0.10463641487001005
H57,1,2,L2L 4th/5th,5,NA,102,NA,NA,NA,NA,NA,3,4,L2 learner,L2,L2,L2,Selection,FCT-11,1,NA,NA,NA,NA,NA,NA,NA,Clitics,Masculine,Singular,NA,NA,NA,L2L,4th/5th,Late,Yes,NA,36,138,2026,1,NA,NA,NA,-0.9988130862451546,0.10463641487001005
H57,1,2,L2L 4th/5th,5,NA,102,NA,NA,NA,NA,NA,3,4,L2 learner,L2,L2,L2,Selection,FCT-13,1,NA,NA,NA,NA,NA,NA,NA,Clitics,Feminine,Singular,NA,NA,NA,L2L,4th/5th,Late,Yes,NA,36,138,2026,1,NA,NA,NA,-0.9988130862451546,0.10463641487001005
H57,1,2,L2L 4th/5th,5,NA,102,NA,NA,NA,NA,NA,3,4,L2 learner,L2,L2,L2,Selection,FCT-15,1,NA,NA,NA,NA,NA,NA,NA,Clitics,Masculine,Plural,NA,NA,NA,L2L,4th/5th,Late,Yes,NA,36,138,2026,1,NA,NA,NA,-0.9988130862451546,0.10463641487001005
H57,1,2,L2L 4th/5th,5,NA,102,NA,NA,NA,NA,NA,3,4,L2 learner,L2,L2,L2,Selection,FCT-17,1,NA,NA,NA,NA,NA,NA,NA,Clitics,Feminine,Plural,NA,NA,NA,L2L,4th/5th,Late,Yes,NA,36,138,2026,1,NA,NA,NA,-0.9988130862451546,0.10463641487001005
H57,1,2,L2L 4th/5th,5,NA,102,NA,NA,NA,NA,NA,3,4,L2 learner,L2,L2,L2,Selection,FCT-19,1,NA,NA,NA,NA,NA,NA,NA,Clitics,Masculine,Singular,NA,NA,NA,L2L,4th/5th,Late,Yes,NA,36,138,2026,1,NA,NA,NA,-0.9988130862451546,0.10463641487001005
H57,1,2,L2L 4th/5th,5,NA,102,NA,NA,NA,NA,NA,3,4,L2 learner,L2,L2,L2,Selection,FCT-21,1,NA,NA,NA,NA,NA,NA,NA,Clitics,Feminine,Singular,NA,NA,NA,L2L,4th/5th,Late,Yes,NA,36,138,2026,1,NA,NA,NA,-0.9988130862451546,0.10463641487001005
H57,1,2,L2L 4th/5th,5,NA,102,NA,NA,NA,NA,NA,3,4,L2 learner,L2,L2,L2,Selection,FCT-23,1,NA,NA,NA,NA,NA,NA,NA,Clitics,Masculine,Plural,NA,NA,NA,L2L,4th/5th,Late,Yes,NA,36,138,2026,1,NA,NA,NA,-0.9988130862451546,0.10463641487001005
H57,1,2,L2L 4th/5th,5,NA,102,NA,NA,NA,NA,NA,3,4,L2 learner,L2,L2,L2,Selection,FCT-25,1,NA,NA,NA,NA,NA,NA,NA,Clitics,Feminine,Plural,NA,NA,NA,L2L,4th/5th,Late,Yes,NA,36,138,2026,1,NA,NA,NA,-0.9988130862451546,0.10463641487001005
H58,1,1,HS 2nd,2,NA,95,NA,NA,NA,4,5,2,8,Heritage Spanish,NA,NA,NA,Selection,FCT-03,1,NA,NA,NA,NA,NA,NA,NA,Clitics,Masculine,Singular,NA,NA,NA,HS,2nd,Late,Yes,9,0,95,2023,1,0.4444444444444444,NA,NA,-1.2668864219524187,-1.41460141911759
H58,1,1,HS 2nd,2,NA,95,NA,NA,NA,4,5,2,8,Heritage Spanish,NA,NA,NA,Selection,FCT-05,0,NA,NA,NA,NA,NA,NA,NA,Clitics,Feminine,Singular,NA,NA,NA,HS,2nd,Late,Yes,9,0,95,2023,0,0.4444444444444444,NA,NA,-1.2668864219524187,-1.41460141911759
H58,1,1,HS 2nd,2,NA,95,NA,NA,NA,4,5,2,8,Heritage Spanish,NA,NA,NA,Selection,FCT-07,0,NA,NA,NA,NA,NA,NA,NA,Clitics,Masculine,Plural,NA,NA,NA,HS,2nd,Late,Yes,9,0,95,2023,0,0.4444444444444444,NA,NA,-1.2668864219524187,-1.41460141911759
H58,1,1,HS 2nd,2,NA,95,NA,NA,NA,4,5,2,8,Heritage Spanish,NA,NA,NA,Selection,FCT-09,1,NA,NA,NA,NA,NA,NA,NA,Clitics,Feminine,Plural,NA,NA,NA,HS,2nd,Late,Yes,9,0,95,2023,1,0.4444444444444444,NA,NA,-1.2668864219524187,-1.41460141911759
H58,1,1,HS 2nd,2,NA,95,NA,NA,NA,4,5,2,8,Heritage Spanish,NA,NA,NA,Selection,FCT-11,0,NA,NA,NA,NA,NA,NA,NA,Clitics,Masculine,Singular,NA,NA,NA,HS,2nd,Late,Yes,9,0,95,2023,0,0.4444444444444444,NA,NA,-1.2668864219524187,-1.41460141911759
H58,1,1,HS 2nd,2,NA,95,NA,NA,NA,4,5,2,8,Heritage Spanish,NA,NA,NA,Selection,FCT-13,1,NA,NA,NA,NA,NA,NA,NA,Clitics,Feminine,Singular,NA,NA,NA,HS,2nd,Late,Yes,9,0,95,2023,1,0.4444444444444444,NA,NA,-1.2668864219524187,-1.41460141911759
H58,1,1,HS 2nd,2,NA,95,NA,NA,NA,4,5,2,8,Heritage Spanish,NA,NA,NA,Selection,FCT-15,0,NA,NA,NA,NA,NA,NA,NA,Clitics,Masculine,Plural,NA,NA,NA,HS,2nd,Late,Yes,9,0,95,2023,0,0.4444444444444444,NA,NA,-1.2668864219524187,-1.41460141911759
H58,1,1,HS 2nd,2,NA,95,NA,NA,NA,4,5,2,8,Heritage Spanish,NA,NA,NA,Selection,FCT-17,1,NA,NA,NA,NA,NA,NA,NA,Clitics,Feminine,Plural,NA,NA,NA,HS,2nd,Late,Yes,9,0,95,2023,1,0.4444444444444444,NA,NA,-1.2668864219524187,-1.41460141911759
H58,1,1,HS 2nd,2,NA,95,NA,NA,NA,4,5,2,8,Heritage Spanish,NA,NA,NA,Selection,FCT-19,1,NA,NA,NA,NA,NA,NA,NA,Clitics,Masculine,Singular,NA,NA,NA,HS,2nd,Late,Yes,9,0,95,2023,1,0.4444444444444444,NA,NA,-1.2668864219524187,-1.41460141911759
H58,1,1,HS 2nd,2,NA,95,NA,NA,NA,4,5,2,8,Heritage Spanish,NA,NA,NA,Selection,FCT-21,1,NA,NA,NA,NA,NA,NA,NA,Clitics,Feminine,Singular,NA,NA,NA,HS,2nd,Late,Yes,9,0,95,2023,1,0.4444444444444444,NA,NA,-1.2668864219524187,-1.41460141911759
H58,1,1,HS 2nd,2,NA,95,NA,NA,NA,4,5,2,8,Heritage Spanish,NA,NA,NA,Selection,FCT-23,1,NA,NA,NA,NA,NA,NA,NA,Clitics,Masculine,Plural,NA,NA,NA,HS,2nd,Late,Yes,9,0,95,2023,1,0.4444444444444444,NA,NA,-1.2668864219524187,-1.41460141911759
H58,1,1,HS 2nd,2,NA,95,NA,NA,NA,4,5,2,8,Heritage Spanish,NA,NA,NA,Selection,FCT-25,1,NA,NA,NA,NA,NA,NA,NA,Clitics,Feminine,Plural,NA,NA,NA,HS,2nd,Late,Yes,9,0,95,2023,1,0.4444444444444444,NA,NA,-1.2668864219524187,-1.41460141911759
H58,1,2,HS 4th/5th,5,NA,95,NA,NA,NA,4,5,2,8,Heritage Spanish,NA,NA,NA,Selection,FCT-03,0,NA,NA,NA,NA,NA,NA,NA,Clitics,Masculine,Singular,NA,NA,NA,HS,4th/5th,Late,Yes,9,36,131,2026,0,0.4444444444444444,NA,NA,-1.2668864219524187,-0.1426813720582039
H58,1,2,HS 4th/5th,5,NA,95,NA,NA,NA,4,5,2,8,Heritage Spanish,NA,NA,NA,Selection,FCT-05,0,NA,NA,NA,NA,NA,NA,NA,Clitics,Feminine,Singular,NA,NA,NA,HS,4th/5th,Late,Yes,9,36,131,2026,0,0.4444444444444444,NA,NA,-1.2668864219524187,-0.1426813720582039
H58,1,2,HS 4th/5th,5,NA,95,NA,NA,NA,4,5,2,8,Heritage Spanish,NA,NA,NA,Selection,FCT-07,1,NA,NA,NA,NA,NA,NA,NA,Clitics,Masculine,Plural,NA,NA,NA,HS,4th/5th,Late,Yes,9,36,131,2026,1,0.4444444444444444,NA,NA,-1.2668864219524187,-0.1426813720582039
H58,1,2,HS 4th/5th,5,NA,95,NA,NA,NA,4,5,2,8,Heritage Spanish,NA,NA,NA,Selection,FCT-09,1,NA,NA,NA,NA,NA,NA,NA,Clitics,Feminine,Plural,NA,NA,NA,HS,4th/5th,Late,Yes,9,36,131,2026,1,0.4444444444444444,NA,NA,-1.2668864219524187,-0.1426813720582039
H58,1,2,HS 4th/5th,5,NA,95,NA,NA,NA,4,5,2,8,Heritage Spanish,NA,NA,NA,Selection,FCT-11,1,NA,NA,NA,NA,NA,NA,NA,Clitics,Masculine,Singular,NA,NA,NA,HS,4th/5th,Late,Yes,9,36,131,2026,1,0.4444444444444444,NA,NA,-1.2668864219524187,-0.1426813720582039
H58,1,2,HS 4th/5th,5,NA,95,NA,NA,NA,4,5,2,8,Heritage Spanish,NA,NA,NA,Selection,FCT-13,0,NA,NA,NA,NA,NA,NA,NA,Clitics,Feminine,Singular,NA,NA,NA,HS,4th/5th,Late,Yes,9,36,131,2026,0,0.4444444444444444,NA,NA,-1.2668864219524187,-0.1426813720582039
H58,1,2,HS 4th/5th,5,NA,95,NA,NA,NA,4,5,2,8,Heritage Spanish,NA,NA,NA,Selection,FCT-15,1,NA,NA,NA,NA,NA,NA,NA,Clitics,Masculine,Plural,NA,NA,NA,HS,4th/5th,Late,Yes,9,36,131,2026,1,0.4444444444444444,NA,NA,-1.2668864219524187,-0.1426813720582039
H58,1,2,HS 4th/5th,5,NA,95,NA,NA,NA,4,5,2,8,Heritage Spanish,NA,NA,NA,Selection,FCT-17,0,NA,NA,NA,NA,NA,NA,NA,Clitics,Feminine,Plural,NA,NA,NA,HS,4th/5th,Late,Yes,9,36,131,2026,0,0.4444444444444444,NA,NA,-1.2668864219524187,-0.1426813720582039
H58,1,2,HS 4th/5th,5,NA,95,NA,NA,NA,4,5,2,8,Heritage Spanish,NA,NA,NA,Selection,FCT-19,1,NA,NA,NA,NA,NA,NA,NA,Clitics,Masculine,Singular,NA,NA,NA,HS,4th/5th,Late,Yes,9,36,131,2026,1,0.4444444444444444,NA,NA,-1.2668864219524187,-0.1426813720582039
H58,1,2,HS 4th/5th,5,NA,95,NA,NA,NA,4,5,2,8,Heritage Spanish,NA,NA,NA,Selection,FCT-21,0,NA,NA,NA,NA,NA,NA,NA,Clitics,Feminine,Singular,NA,NA,NA,HS,4th/5th,Late,Yes,9,36,131,2026,0,0.4444444444444444,NA,NA,-1.2668864219524187,-0.1426813720582039
H58,1,2,HS 4th/5th,5,NA,95,NA,NA,NA,4,5,2,8,Heritage Spanish,NA,NA,NA,Selection,FCT-23,1,NA,NA,NA,NA,NA,NA,NA,Clitics,Masculine,Plural,NA,NA,NA,HS,4th/5th,Late,Yes,9,36,131,2026,1,0.4444444444444444,NA,NA,-1.2668864219524187,-0.1426813720582039
H58,1,2,HS 4th/5th,5,NA,95,NA,NA,NA,4,5,2,8,Heritage Spanish,NA,NA,NA,Selection,FCT-25,0,NA,NA,NA,NA,NA,NA,NA,Clitics,Feminine,Plural,NA,NA,NA,HS,4th/5th,Late,Yes,9,36,131,2026,0,0.4444444444444444,NA,NA,-1.2668864219524187,-0.1426813720582039
H59,1,1,L2L 2nd,2,NA,101,NA,NA,NA,1,2,3,3,Mandarin,Yes,No,No,Selection,FCT-03,1,NA,NA,NA,NA,NA,NA,NA,Clitics,Masculine,Singular,NA,NA,NA,L2L,2nd,Late,Yes,3,0,101,2023,1,0.3333333333333333,NA,NA,-1.0371092770604782,-1.2026147446076922
H59,1,1,L2L 2nd,2,NA,101,NA,NA,NA,1,2,3,3,Mandarin,Yes,No,No,Selection,FCT-05,1,NA,NA,NA,NA,NA,NA,NA,Clitics,Feminine,Singular,NA,NA,NA,L2L,2nd,Late,Yes,3,0,101,2023,1,0.3333333333333333,NA,NA,-1.0371092770604782,-1.2026147446076922
H59,1,1,L2L 2nd,2,NA,101,NA,NA,NA,1,2,3,3,Mandarin,Yes,No,No,Selection,FCT-07,1,NA,NA,NA,NA,NA,NA,NA,Clitics,Masculine,Plural,NA,NA,NA,L2L,2nd,Late,Yes,3,0,101,2023,1,0.3333333333333333,NA,NA,-1.0371092770604782,-1.2026147446076922
H59,1,1,L2L 2nd,2,NA,101,NA,NA,NA,1,2,3,3,Mandarin,Yes,No,No,Selection,FCT-09,1,NA,NA,NA,NA,NA,NA,NA,Clitics,Feminine,Plural,NA,NA,NA,L2L,2nd,Late,Yes,3,0,101,2023,1,0.3333333333333333,NA,NA,-1.0371092770604782,-1.2026147446076922
H59,1,1,L2L 2nd,2,NA,101,NA,NA,NA,1,2,3,3,Mandarin,Yes,No,No,Selection,FCT-11,0,NA,NA,NA,NA,NA,NA,NA,Clitics,Masculine,Singular,NA,NA,NA,L2L,2nd,Late,Yes,3,0,101,2023,0,0.3333333333333333,NA,NA,-1.0371092770604782,-1.2026147446076922
H59,1,1,L2L 2nd,2,NA,101,NA,NA,NA,1,2,3,3,Mandarin,Yes,No,No,Selection,FCT-13,0,NA,NA,NA,NA,NA,NA,NA,Clitics,Feminine,Singular,NA,NA,NA,L2L,2nd,Late,Yes,3,0,101,2023,0,0.3333333333333333,NA,NA,-1.0371092770604782,-1.2026147446076922
H59,1,1,L2L 2nd,2,NA,101,NA,NA,NA,1,2,3,3,Mandarin,Yes,No,No,Selection,FCT-15,0,NA,NA,NA,NA,NA,NA,NA,Clitics,Masculine,Plural,NA,NA,NA,L2L,2nd,Late,Yes,3,0,101,2023,0,0.3333333333333333,NA,NA,-1.0371092770604782,-1.2026147446076922
H59,1,1,L2L 2nd,2,NA,101,NA,NA,NA,1,2,3,3,Mandarin,Yes,No,No,Selection,FCT-17,1,NA,NA,NA,NA,NA,NA,NA,Clitics,Feminine,Plural,NA,NA,NA,L2L,2nd,Late,Yes,3,0,101,2023,1,0.3333333333333333,NA,NA,-1.0371092770604782,-1.2026147446076922
H59,1,1,L2L 2nd,2,NA,101,NA,NA,NA,1,2,3,3,Mandarin,Yes,No,No,Selection,FCT-19,0,NA,NA,NA,NA,NA,NA,NA,Clitics,Masculine,Singular,NA,NA,NA,L2L,2nd,Late,Yes,3,0,101,2023,0,0.3333333333333333,NA,NA,-1.0371092770604782,-1.2026147446076922
H59,1,1,L2L 2nd,2,NA,101,NA,NA,NA,1,2,3,3,Mandarin,Yes,No,No,Selection,FCT-21,1,NA,NA,NA,NA,NA,NA,NA,Clitics,Feminine,Singular,NA,NA,NA,L2L,2nd,Late,Yes,3,0,101,2023,1,0.3333333333333333,NA,NA,-1.0371092770604782,-1.2026147446076922
H59,1,1,L2L 2nd,2,NA,101,NA,NA,NA,1,2,3,3,Mandarin,Yes,No,No,Selection,FCT-23,1,NA,NA,NA,NA,NA,NA,NA,Clitics,Masculine,Plural,NA,NA,NA,L2L,2nd,Late,Yes,3,0,101,2023,1,0.3333333333333333,NA,NA,-1.0371092770604782,-1.2026147446076922
H59,1,1,L2L 2nd,2,NA,101,NA,NA,NA,1,2,3,3,Mandarin,Yes,No,No,Selection,FCT-25,1,NA,NA,NA,NA,NA,NA,NA,Clitics,Feminine,Plural,NA,NA,NA,L2L,2nd,Late,Yes,3,0,101,2023,1,0.3333333333333333,NA,NA,-1.0371092770604782,-1.2026147446076922
H59,1,2,L2L 4th/5th,5,NA,101,NA,NA,NA,1,2,3,3,Mandarin,Yes,No,No,Selection,FCT-03,0,NA,NA,NA,NA,NA,NA,NA,Clitics,Masculine,Singular,NA,NA,NA,L2L,4th/5th,Late,Yes,3,36,137,2026,0,0.3333333333333333,NA,NA,-1.0371092770604782,0.06930530245169376
H59,1,2,L2L 4th/5th,5,NA,101,NA,NA,NA,1,2,3,3,Mandarin,Yes,No,No,Selection,FCT-05,0,NA,NA,NA,NA,NA,NA,NA,Clitics,Feminine,Singular,NA,NA,NA,L2L,4th/5th,Late,Yes,3,36,137,2026,0,0.3333333333333333,NA,NA,-1.0371092770604782,0.06930530245169376
H59,1,2,L2L 4th/5th,5,NA,101,NA,NA,NA,1,2,3,3,Mandarin,Yes,No,No,Selection,FCT-07,1,NA,NA,NA,NA,NA,NA,NA,Clitics,Masculine,Plural,NA,NA,NA,L2L,4th/5th,Late,Yes,3,36,137,2026,1,0.3333333333333333,NA,NA,-1.0371092770604782,0.06930530245169376
H59,1,2,L2L 4th/5th,5,NA,101,NA,NA,NA,1,2,3,3,Mandarin,Yes,No,No,Selection,FCT-09,1,NA,NA,NA,NA,NA,NA,NA,Clitics,Feminine,Plural,NA,NA,NA,L2L,4th/5th,Late,Yes,3,36,137,2026,1,0.3333333333333333,NA,NA,-1.0371092770604782,0.06930530245169376
H59,1,2,L2L 4th/5th,5,NA,101,NA,NA,NA,1,2,3,3,Mandarin,Yes,No,No,Selection,FCT-11,0,NA,NA,NA,NA,NA,NA,NA,Clitics,Masculine,Singular,NA,NA,NA,L2L,4th/5th,Late,Yes,3,36,137,2026,0,0.3333333333333333,NA,NA,-1.0371092770604782,0.06930530245169376
H59,1,2,L2L 4th/5th,5,NA,101,NA,NA,NA,1,2,3,3,Mandarin,Yes,No,No,Selection,FCT-13,1,NA,NA,NA,NA,NA,NA,NA,Clitics,Feminine,Singular,NA,NA,NA,L2L,4th/5th,Late,Yes,3,36,137,2026,1,0.3333333333333333,NA,NA,-1.0371092770604782,0.06930530245169376
H59,1,2,L2L 4th/5th,5,NA,101,NA,NA,NA,1,2,3,3,Mandarin,Yes,No,No,Selection,FCT-15,0,NA,NA,NA,NA,NA,NA,NA,Clitics,Masculine,Plural,NA,NA,NA,L2L,4th/5th,Late,Yes,3,36,137,2026,0,0.3333333333333333,NA,NA,-1.0371092770604782,0.06930530245169376
H59,1,2,L2L 4th/5th,5,NA,101,NA,NA,NA,1,2,3,3,Mandarin,Yes,No,No,Selection,FCT-17,1,NA,NA,NA,NA,NA,NA,NA,Clitics,Feminine,Plural,NA,NA,NA,L2L,4th/5th,Late,Yes,3,36,137,2026,1,0.3333333333333333,NA,NA,-1.0371092770604782,0.06930530245169376
H59,1,2,L2L 4th/5th,5,NA,101,NA,NA,NA,1,2,3,3,Mandarin,Yes,No,No,Selection,FCT-19,0,NA,NA,NA,NA,NA,NA,NA,Clitics,Masculine,Singular,NA,NA,NA,L2L,4th/5th,Late,Yes,3,36,137,2026,0,0.3333333333333333,NA,NA,-1.0371092770604782,0.06930530245169376
H59,1,2,L2L 4th/5th,5,NA,101,NA,NA,NA,1,2,3,3,Mandarin,Yes,No,No,Selection,FCT-21,0,NA,NA,NA,NA,NA,NA,NA,Clitics,Feminine,Singular,NA,NA,NA,L2L,4th/5th,Late,Yes,3,36,137,2026,0,0.3333333333333333,NA,NA,-1.0371092770604782,0.06930530245169376
H59,1,2,L2L 4th/5th,5,NA,101,NA,NA,NA,1,2,3,3,Mandarin,Yes,No,No,Selection,FCT-23,1,NA,NA,NA,NA,NA,NA,NA,Clitics,Masculine,Plural,NA,NA,NA,L2L,4th/5th,Late,Yes,3,36,137,2026,1,0.3333333333333333,NA,NA,-1.0371092770604782,0.06930530245169376
H59,1,2,L2L 4th/5th,5,NA,101,NA,NA,NA,1,2,3,3,Mandarin,Yes,No,No,Selection,FCT-25,1,NA,NA,NA,NA,NA,NA,NA,Clitics,Feminine,Plural,NA,NA,NA,L2L,4th/5th,Late,Yes,3,36,137,2026,1,0.3333333333333333,NA,NA,-1.0371092770604782,0.06930530245169376
H60,1,1,L2L 2nd,2,NA,101,NA,NA,NA,2,5,2,8,L2 learner,L2,L2,L2,Selection,FCT-03,0,NA,NA,NA,NA,NA,NA,NA,Clitics,Masculine,Singular,NA,NA,NA,L2L,2nd,Late,Yes,7,0,101,2023,0,0.2857142857142857,NA,NA,-1.0371092770604782,-1.2026147446076922
H60,1,1,L2L 2nd,2,NA,101,NA,NA,NA,2,5,2,8,L2 learner,L2,L2,L2,Selection,FCT-05,0,NA,NA,NA,NA,NA,NA,NA,Clitics,Feminine,Singular,NA,NA,NA,L2L,2nd,Late,Yes,7,0,101,2023,0,0.2857142857142857,NA,NA,-1.0371092770604782,-1.2026147446076922
H60,1,1,L2L 2nd,2,NA,101,NA,NA,NA,2,5,2,8,L2 learner,L2,L2,L2,Selection,FCT-07,0,NA,NA,NA,NA,NA,NA,NA,Clitics,Masculine,Plural,NA,NA,NA,L2L,2nd,Late,Yes,7,0,101,2023,0,0.2857142857142857,NA,NA,-1.0371092770604782,-1.2026147446076922
H60,1,1,L2L 2nd,2,NA,101,NA,NA,NA,2,5,2,8,L2 learner,L2,L2,L2,Selection,FCT-09,0,NA,NA,NA,NA,NA,NA,NA,Clitics,Feminine,Plural,NA,NA,NA,L2L,2nd,Late,Yes,7,0,101,2023,0,0.2857142857142857,NA,NA,-1.0371092770604782,-1.2026147446076922
H60,1,1,L2L 2nd,2,NA,101,NA,NA,NA,2,5,2,8,L2 learner,L2,L2,L2,Selection,FCT-11,0,NA,NA,NA,NA,NA,NA,NA,Clitics,Masculine,Singular,NA,NA,NA,L2L,2nd,Late,Yes,7,0,101,2023,0,0.2857142857142857,NA,NA,-1.0371092770604782,-1.2026147446076922
H60,1,1,L2L 2nd,2,NA,101,NA,NA,NA,2,5,2,8,L2 learner,L2,L2,L2,Selection,FCT-13,0,NA,NA,NA,NA,NA,NA,NA,Clitics,Feminine,Singular,NA,NA,NA,L2L,2nd,Late,Yes,7,0,101,2023,0,0.2857142857142857,NA,NA,-1.0371092770604782,-1.2026147446076922
H60,1,1,L2L 2nd,2,NA,101,NA,NA,NA,2,5,2,8,L2 learner,L2,L2,L2,Selection,FCT-15,1,NA,NA,NA,NA,NA,NA,NA,Clitics,Masculine,Plural,NA,NA,NA,L2L,2nd,Late,Yes,7,0,101,2023,1,0.2857142857142857,NA,NA,-1.0371092770604782,-1.2026147446076922
H60,1,1,L2L 2nd,2,NA,101,NA,NA,NA,2,5,2,8,L2 learner,L2,L2,L2,Selection,FCT-17,1,NA,NA,NA,NA,NA,NA,NA,Clitics,Feminine,Plural,NA,NA,NA,L2L,2nd,Late,Yes,7,0,101,2023,1,0.2857142857142857,NA,NA,-1.0371092770604782,-1.2026147446076922
H60,1,1,L2L 2nd,2,NA,101,NA,NA,NA,2,5,2,8,L2 learner,L2,L2,L2,Selection,FCT-19,1,NA,NA,NA,NA,NA,NA,NA,Clitics,Masculine,Singular,NA,NA,NA,L2L,2nd,Late,Yes,7,0,101,2023,1,0.2857142857142857,NA,NA,-1.0371092770604782,-1.2026147446076922
H60,1,1,L2L 2nd,2,NA,101,NA,NA,NA,2,5,2,8,L2 learner,L2,L2,L2,Selection,FCT-21,1,NA,NA,NA,NA,NA,NA,NA,Clitics,Feminine,Singular,NA,NA,NA,L2L,2nd,Late,Yes,7,0,101,2023,1,0.2857142857142857,NA,NA,-1.0371092770604782,-1.2026147446076922
H60,1,1,L2L 2nd,2,NA,101,NA,NA,NA,2,5,2,8,L2 learner,L2,L2,L2,Selection,FCT-23,1,NA,NA,NA,NA,NA,NA,NA,Clitics,Masculine,Plural,NA,NA,NA,L2L,2nd,Late,Yes,7,0,101,2023,1,0.2857142857142857,NA,NA,-1.0371092770604782,-1.2026147446076922
H60,1,1,L2L 2nd,2,NA,101,NA,NA,NA,2,5,2,8,L2 learner,L2,L2,L2,Selection,FCT-25,1,NA,NA,NA,NA,NA,NA,NA,Clitics,Feminine,Plural,NA,NA,NA,L2L,2nd,Late,Yes,7,0,101,2023,1,0.2857142857142857,NA,NA,-1.0371092770604782,-1.2026147446076922
H61,1,1,L2L 2nd,2,NA,103,NA,NA,NA,2,6,NA,4,L2 learner,L2,L2,L2,Selection,FCT-03,1,NA,NA,NA,NA,NA,NA,NA,Clitics,Masculine,Singular,NA,NA,NA,L2L,2nd,Late,Yes,8,0,103,2023,1,0.25,NA,NA,-0.9605168954298312,-1.1319525197710596
H61,1,1,L2L 2nd,2,NA,103,NA,NA,NA,2,6,NA,4,L2 learner,L2,L2,L2,Selection,FCT-05,0,NA,NA,NA,NA,NA,NA,NA,Clitics,Feminine,Singular,NA,NA,NA,L2L,2nd,Late,Yes,8,0,103,2023,0,0.25,NA,NA,-0.9605168954298312,-1.1319525197710596
H61,1,1,L2L 2nd,2,NA,103,NA,NA,NA,2,6,NA,4,L2 learner,L2,L2,L2,Selection,FCT-07,1,NA,NA,NA,NA,NA,NA,NA,Clitics,Masculine,Plural,NA,NA,NA,L2L,2nd,Late,Yes,8,0,103,2023,1,0.25,NA,NA,-0.9605168954298312,-1.1319525197710596
H61,1,1,L2L 2nd,2,NA,103,NA,NA,NA,2,6,NA,4,L2 learner,L2,L2,L2,Selection,FCT-09,0,NA,NA,NA,NA,NA,NA,NA,Clitics,Feminine,Plural,NA,NA,NA,L2L,2nd,Late,Yes,8,0,103,2023,0,0.25,NA,NA,-0.9605168954298312,-1.1319525197710596
H61,1,1,L2L 2nd,2,NA,103,NA,NA,NA,2,6,NA,4,L2 learner,L2,L2,L2,Selection,FCT-11,1,NA,NA,NA,NA,NA,NA,NA,Clitics,Masculine,Singular,NA,NA,NA,L2L,2nd,Late,Yes,8,0,103,2023,1,0.25,NA,NA,-0.9605168954298312,-1.1319525197710596
H61,1,1,L2L 2nd,2,NA,103,NA,NA,NA,2,6,NA,4,L2 learner,L2,L2,L2,Selection,FCT-13,1,NA,NA,NA,NA,NA,NA,NA,Clitics,Feminine,Singular,NA,NA,NA,L2L,2nd,Late,Yes,8,0,103,2023,1,0.25,NA,NA,-0.9605168954298312,-1.1319525197710596
H61,1,1,L2L 2nd,2,NA,103,NA,NA,NA,2,6,NA,4,L2 learner,L2,L2,L2,Selection,FCT-15,0,NA,NA,NA,NA,NA,NA,NA,Clitics,Masculine,Plural,NA,NA,NA,L2L,2nd,Late,Yes,8,0,103,2023,0,0.25,NA,NA,-0.9605168954298312,-1.1319525197710596
H61,1,1,L2L 2nd,2,NA,103,NA,NA,NA,2,6,NA,4,L2 learner,L2,L2,L2,Selection,FCT-17,1,NA,NA,NA,NA,NA,NA,NA,Clitics,Feminine,Plural,NA,NA,NA,L2L,2nd,Late,Yes,8,0,103,2023,1,0.25,NA,NA,-0.9605168954298312,-1.1319525197710596
H61,1,1,L2L 2nd,2,NA,103,NA,NA,NA,2,6,NA,4,L2 learner,L2,L2,L2,Selection,FCT-19,0,NA,NA,NA,NA,NA,NA,NA,Clitics,Masculine,Singular,NA,NA,NA,L2L,2nd,Late,Yes,8,0,103,2023,0,0.25,NA,NA,-0.9605168954298312,-1.1319525197710596
H61,1,1,L2L 2nd,2,NA,103,NA,NA,NA,2,6,NA,4,L2 learner,L2,L2,L2,Selection,FCT-21,1,NA,NA,NA,NA,NA,NA,NA,Clitics,Feminine,Singular,NA,NA,NA,L2L,2nd,Late,Yes,8,0,103,2023,1,0.25,NA,NA,-0.9605168954298312,-1.1319525197710596
H61,1,1,L2L 2nd,2,NA,103,NA,NA,NA,2,6,NA,4,L2 learner,L2,L2,L2,Selection,FCT-23,0,NA,NA,NA,NA,NA,NA,NA,Clitics,Masculine,Plural,NA,NA,NA,L2L,2nd,Late,Yes,8,0,103,2023,0,0.25,NA,NA,-0.9605168954298312,-1.1319525197710596
H61,1,1,L2L 2nd,2,NA,103,NA,NA,NA,2,6,NA,4,L2 learner,L2,L2,L2,Selection,FCT-25,1,NA,NA,NA,NA,NA,NA,NA,Clitics,Feminine,Plural,NA,NA,NA,L2L,2nd,Late,Yes,8,0,103,2023,1,0.25,NA,NA,-0.9605168954298312,-1.1319525197710596
H61,1,2,L2L 4th/5th,5,NA,103,NA,NA,NA,2,6,NA,4,Heritage Spanish,NA,NA,NA,Selection,FCT-03,1,NA,NA,NA,NA,NA,NA,NA,Clitics,Masculine,Singular,NA,NA,NA,L2L,4th/5th,Late,Yes,8,36,139,2026,1,0.25,NA,NA,-0.9605168954298312,0.13996752728832632
H61,1,2,L2L 4th/5th,5,NA,103,NA,NA,NA,2,6,NA,4,Heritage Spanish,NA,NA,NA,Selection,FCT-05,1,NA,NA,NA,NA,NA,NA,NA,Clitics,Feminine,Singular,NA,NA,NA,L2L,4th/5th,Late,Yes,8,36,139,2026,1,0.25,NA,NA,-0.9605168954298312,0.13996752728832632
H61,1,2,L2L 4th/5th,5,NA,103,NA,NA,NA,2,6,NA,4,Heritage Spanish,NA,NA,NA,Selection,FCT-07,0,NA,NA,NA,NA,NA,NA,NA,Clitics,Masculine,Plural,NA,NA,NA,L2L,4th/5th,Late,Yes,8,36,139,2026,0,0.25,NA,NA,-0.9605168954298312,0.13996752728832632
H61,1,2,L2L 4th/5th,5,NA,103,NA,NA,NA,2,6,NA,4,Heritage Spanish,NA,NA,NA,Selection,FCT-09,1,NA,NA,NA,NA,NA,NA,NA,Clitics,Feminine,Plural,NA,NA,NA,L2L,4th/5th,Late,Yes,8,36,139,2026,1,0.25,NA,NA,-0.9605168954298312,0.13996752728832632
H61,1,2,L2L 4th/5th,5,NA,103,NA,NA,NA,2,6,NA,4,Heritage Spanish,NA,NA,NA,Selection,FCT-11,0,NA,NA,NA,NA,NA,NA,NA,Clitics,Masculine,Singular,NA,NA,NA,L2L,4th/5th,Late,Yes,8,36,139,2026,0,0.25,NA,NA,-0.9605168954298312,0.13996752728832632
H61,1,2,L2L 4th/5th,5,NA,103,NA,NA,NA,2,6,NA,4,Heritage Spanish,NA,NA,NA,Selection,FCT-13,0,NA,NA,NA,NA,NA,NA,NA,Clitics,Feminine,Singular,NA,NA,NA,L2L,4th/5th,Late,Yes,8,36,139,2026,0,0.25,NA,NA,-0.9605168954298312,0.13996752728832632
H61,1,2,L2L 4th/5th,5,NA,103,NA,NA,NA,2,6,NA,4,Heritage Spanish,NA,NA,NA,Selection,FCT-15,0,NA,NA,NA,NA,NA,NA,NA,Clitics,Masculine,Plural,NA,NA,NA,L2L,4th/5th,Late,Yes,8,36,139,2026,0,0.25,NA,NA,-0.9605168954298312,0.13996752728832632
H61,1,2,L2L 4th/5th,5,NA,103,NA,NA,NA,2,6,NA,4,Heritage Spanish,NA,NA,NA,Selection,FCT-17,0,NA,NA,NA,NA,NA,NA,NA,Clitics,Feminine,Plural,NA,NA,NA,L2L,4th/5th,Late,Yes,8,36,139,2026,0,0.25,NA,NA,-0.9605168954298312,0.13996752728832632
H61,1,2,L2L 4th/5th,5,NA,103,NA,NA,NA,2,6,NA,4,Heritage Spanish,NA,NA,NA,Selection,FCT-19,1,NA,NA,NA,NA,NA,NA,NA,Clitics,Masculine,Singular,NA,NA,NA,L2L,4th/5th,Late,Yes,8,36,139,2026,1,0.25,NA,NA,-0.9605168954298312,0.13996752728832632
H61,1,2,L2L 4th/5th,5,NA,103,NA,NA,NA,2,6,NA,4,Heritage Spanish,NA,NA,NA,Selection,FCT-21,0,NA,NA,NA,NA,NA,NA,NA,Clitics,Feminine,Singular,NA,NA,NA,L2L,4th/5th,Late,Yes,8,36,139,2026,0,0.25,NA,NA,-0.9605168954298312,0.13996752728832632
H61,1,2,L2L 4th/5th,5,NA,103,NA,NA,NA,2,6,NA,4,Heritage Spanish,NA,NA,NA,Selection,FCT-23,1,NA,NA,NA,NA,NA,NA,NA,Clitics,Masculine,Plural,NA,NA,NA,L2L,4th/5th,Late,Yes,8,36,139,2026,1,0.25,NA,NA,-0.9605168954298312,0.13996752728832632
H61,1,2,L2L 4th/5th,5,NA,103,NA,NA,NA,2,6,NA,4,Heritage Spanish,NA,NA,NA,Selection,FCT-25,1,NA,NA,NA,NA,NA,NA,NA,Clitics,Feminine,Plural,NA,NA,NA,L2L,4th/5th,Late,Yes,8,36,139,2026,1,0.25,NA,NA,-0.9605168954298312,0.13996752728832632
H62,1,1,L2L 2nd,2,NA,92,NA,NA,NA,1,5,3,3,L2 learner,L2,L2,L2,Selection,FCT-03,1,NA,NA,NA,NA,NA,NA,NA,Clitics,Masculine,Singular,NA,NA,NA,L2L,2nd,Late,Yes,6,0,92,2023,1,0.16666666666666666,NA,NA,-1.3817749943983892,-1.5205947563725386
H62,1,1,L2L 2nd,2,NA,92,NA,NA,NA,1,5,3,3,L2 learner,L2,L2,L2,Selection,FCT-05,1,NA,NA,NA,NA,NA,NA,NA,Clitics,Feminine,Singular,NA,NA,NA,L2L,2nd,Late,Yes,6,0,92,2023,1,0.16666666666666666,NA,NA,-1.3817749943983892,-1.5205947563725386
H62,1,1,L2L 2nd,2,NA,92,NA,NA,NA,1,5,3,3,L2 learner,L2,L2,L2,Selection,FCT-07,0,NA,NA,NA,NA,NA,NA,NA,Clitics,Masculine,Plural,NA,NA,NA,L2L,2nd,Late,Yes,6,0,92,2023,0,0.16666666666666666,NA,NA,-1.3817749943983892,-1.5205947563725386
H62,1,1,L2L 2nd,2,NA,92,NA,NA,NA,1,5,3,3,L2 learner,L2,L2,L2,Selection,FCT-09,1,NA,NA,NA,NA,NA,NA,NA,Clitics,Feminine,Plural,NA,NA,NA,L2L,2nd,Late,Yes,6,0,92,2023,1,0.16666666666666666,NA,NA,-1.3817749943983892,-1.5205947563725386
H62,1,1,L2L 2nd,2,NA,92,NA,NA,NA,1,5,3,3,L2 learner,L2,L2,L2,Selection,FCT-11,1,NA,NA,NA,NA,NA,NA,NA,Clitics,Masculine,Singular,NA,NA,NA,L2L,2nd,Late,Yes,6,0,92,2023,1,0.16666666666666666,NA,NA,-1.3817749943983892,-1.5205947563725386
H62,1,1,L2L 2nd,2,NA,92,NA,NA,NA,1,5,3,3,L2 learner,L2,L2,L2,Selection,FCT-13,0,NA,NA,NA,NA,NA,NA,NA,Clitics,Feminine,Singular,NA,NA,NA,L2L,2nd,Late,Yes,6,0,92,2023,0,0.16666666666666666,NA,NA,-1.3817749943983892,-1.5205947563725386
H62,1,1,L2L 2nd,2,NA,92,NA,NA,NA,1,5,3,3,L2 learner,L2,L2,L2,Selection,FCT-15,1,NA,NA,NA,NA,NA,NA,NA,Clitics,Masculine,Plural,NA,NA,NA,L2L,2nd,Late,Yes,6,0,92,2023,1,0.16666666666666666,NA,NA,-1.3817749943983892,-1.5205947563725386
H62,1,1,L2L 2nd,2,NA,92,NA,NA,NA,1,5,3,3,L2 learner,L2,L2,L2,Selection,FCT-17,0,NA,NA,NA,NA,NA,NA,NA,Clitics,Feminine,Plural,NA,NA,NA,L2L,2nd,Late,Yes,6,0,92,2023,0,0.16666666666666666,NA,NA,-1.3817749943983892,-1.5205947563725386
H62,1,1,L2L 2nd,2,NA,92,NA,NA,NA,1,5,3,3,L2 learner,L2,L2,L2,Selection,FCT-19,1,NA,NA,NA,NA,NA,NA,NA,Clitics,Masculine,Singular,NA,NA,NA,L2L,2nd,Late,Yes,6,0,92,2023,1,0.16666666666666666,NA,NA,-1.3817749943983892,-1.5205947563725386
H62,1,1,L2L 2nd,2,NA,92,NA,NA,NA,1,5,3,3,L2 learner,L2,L2,L2,Selection,FCT-21,1,NA,NA,NA,NA,NA,NA,NA,Clitics,Feminine,Singular,NA,NA,NA,L2L,2nd,Late,Yes,6,0,92,2023,1,0.16666666666666666,NA,NA,-1.3817749943983892,-1.5205947563725386
H62,1,1,L2L 2nd,2,NA,92,NA,NA,NA,1,5,3,3,L2 learner,L2,L2,L2,Selection,FCT-23,1,NA,NA,NA,NA,NA,NA,NA,Clitics,Masculine,Plural,NA,NA,NA,L2L,2nd,Late,Yes,6,0,92,2023,1,0.16666666666666666,NA,NA,-1.3817749943983892,-1.5205947563725386
H62,1,1,L2L 2nd,2,NA,92,NA,NA,NA,1,5,3,3,L2 learner,L2,L2,L2,Selection,FCT-25,0,NA,NA,NA,NA,NA,NA,NA,Clitics,Feminine,Plural,NA,NA,NA,L2L,2nd,Late,Yes,6,0,92,2023,0,0.16666666666666666,NA,NA,-1.3817749943983892,-1.5205947563725386
H63,1,1,L2L 7th/8th,7,13,156,NA,NA,NA,2,4,7,7,"Mandarin, Cantonese, Malay, Romanian",Yes,Yes,Yes,Selection,FCT-03,1,NA,NA,NA,NA,NA,NA,NA,Clitics,Masculine,Singular,NA,NA,NA,L2L,7th/8th,Late,Yes,6,0,156,2023,1,0.3333333333333333,NA,NA,1.0691812177823117,0.740596438399703
H63,1,1,L2L 7th/8th,7,13,156,NA,NA,NA,2,4,7,7,"Mandarin, Cantonese, Malay, Romanian",Yes,Yes,Yes,Selection,FCT-05,0,NA,NA,NA,NA,NA,NA,NA,Clitics,Feminine,Singular,NA,NA,NA,L2L,7th/8th,Late,Yes,6,0,156,2023,0,0.3333333333333333,NA,NA,1.0691812177823117,0.740596438399703
H63,1,1,L2L 7th/8th,7,13,156,NA,NA,NA,2,4,7,7,"Mandarin, Cantonese, Malay, Romanian",Yes,Yes,Yes,Selection,FCT-07,0,NA,NA,NA,NA,NA,NA,NA,Clitics,Masculine,Plural,NA,NA,NA,L2L,7th/8th,Late,Yes,6,0,156,2023,0,0.3333333333333333,NA,NA,1.0691812177823117,0.740596438399703
H63,1,1,L2L 7th/8th,7,13,156,NA,NA,NA,2,4,7,7,"Mandarin, Cantonese, Malay, Romanian",Yes,Yes,Yes,Selection,FCT-09,1,NA,NA,NA,NA,NA,NA,NA,Clitics,Feminine,Plural,NA,NA,NA,L2L,7th/8th,Late,Yes,6,0,156,2023,1,0.3333333333333333,NA,NA,1.0691812177823117,0.740596438399703
H63,1,1,L2L 7th/8th,7,13,156,NA,NA,NA,2,4,7,7,"Mandarin, Cantonese, Malay, Romanian",Yes,Yes,Yes,Selection,FCT-11,0,NA,NA,NA,NA,NA,NA,NA,Clitics,Masculine,Singular,NA,NA,NA,L2L,7th/8th,Late,Yes,6,0,156,2023,0,0.3333333333333333,NA,NA,1.0691812177823117,0.740596438399703
H63,1,1,L2L 7th/8th,7,13,156,NA,NA,NA,2,4,7,7,"Mandarin, Cantonese, Malay, Romanian",Yes,Yes,Yes,Selection,FCT-13,0,NA,NA,NA,NA,NA,NA,NA,Clitics,Feminine,Singular,NA,NA,NA,L2L,7th/8th,Late,Yes,6,0,156,2023,0,0.3333333333333333,NA,NA,1.0691812177823117,0.740596438399703
H63,1,1,L2L 7th/8th,7,13,156,NA,NA,NA,2,4,7,7,"Mandarin, Cantonese, Malay, Romanian",Yes,Yes,Yes,Selection,FCT-15,0,NA,NA,NA,NA,NA,NA,NA,Clitics,Masculine,Plural,NA,NA,NA,L2L,7th/8th,Late,Yes,6,0,156,2023,0,0.3333333333333333,NA,NA,1.0691812177823117,0.740596438399703
H63,1,1,L2L 7th/8th,7,13,156,NA,NA,NA,2,4,7,7,"Mandarin, Cantonese, Malay, Romanian",Yes,Yes,Yes,Selection,FCT-17,1,NA,NA,NA,NA,NA,NA,NA,Clitics,Feminine,Plural,NA,NA,NA,L2L,7th/8th,Late,Yes,6,0,156,2023,1,0.3333333333333333,NA,NA,1.0691812177823117,0.740596438399703
H63,1,1,L2L 7th/8th,7,13,156,NA,NA,NA,2,4,7,7,"Mandarin, Cantonese, Malay, Romanian",Yes,Yes,Yes,Selection,FCT-19,1,NA,NA,NA,NA,NA,NA,NA,Clitics,Masculine,Singular,NA,NA,NA,L2L,7th/8th,Late,Yes,6,0,156,2023,1,0.3333333333333333,NA,NA,1.0691812177823117,0.740596438399703
H63,1,1,L2L 7th/8th,7,13,156,NA,NA,NA,2,4,7,7,"Mandarin, Cantonese, Malay, Romanian",Yes,Yes,Yes,Selection,FCT-21,0,NA,NA,NA,NA,NA,NA,NA,Clitics,Feminine,Singular,NA,NA,NA,L2L,7th/8th,Late,Yes,6,0,156,2023,0,0.3333333333333333,NA,NA,1.0691812177823117,0.740596438399703
H63,1,1,L2L 7th/8th,7,13,156,NA,NA,NA,2,4,7,7,"Mandarin, Cantonese, Malay, Romanian",Yes,Yes,Yes,Selection,FCT-23,1,NA,NA,NA,NA,NA,NA,NA,Clitics,Masculine,Plural,NA,NA,NA,L2L,7th/8th,Late,Yes,6,0,156,2023,1,0.3333333333333333,NA,NA,1.0691812177823117,0.740596438399703
H63,1,1,L2L 7th/8th,7,13,156,NA,NA,NA,2,4,7,7,"Mandarin, Cantonese, Malay, Romanian",Yes,Yes,Yes,Selection,FCT-25,1,NA,NA,NA,NA,NA,NA,NA,Clitics,Feminine,Plural,NA,NA,NA,L2L,7th/8th,Late,Yes,6,0,156,2023,1,0.3333333333333333,NA,NA,1.0691812177823117,0.740596438399703
H64,1,1,HS 7th/8th,7,13,NA,NA,NA,NA,NA,NA,NA,8,Heritage Spanish,NA,NA,NA,Selection,FCT-03,1,NA,NA,NA,NA,NA,NA,NA,Clitics,Masculine,Singular,NA,NA,NA,HS,7th/8th,Late,Yes,NA,0,NA,2023,1,NA,NA,NA,NA,NA
H64,1,1,HS 7th/8th,7,13,NA,NA,NA,NA,NA,NA,NA,8,Heritage Spanish,NA,NA,NA,Selection,FCT-05,0,NA,NA,NA,NA,NA,NA,NA,Clitics,Feminine,Singular,NA,NA,NA,HS,7th/8th,Late,Yes,NA,0,NA,2023,0,NA,NA,NA,NA,NA
H64,1,1,HS 7th/8th,7,13,NA,NA,NA,NA,NA,NA,NA,8,Heritage Spanish,NA,NA,NA,Selection,FCT-07,1,NA,NA,NA,NA,NA,NA,NA,Clitics,Masculine,Plural,NA,NA,NA,HS,7th/8th,Late,Yes,NA,0,NA,2023,1,NA,NA,NA,NA,NA
H64,1,1,HS 7th/8th,7,13,NA,NA,NA,NA,NA,NA,NA,8,Heritage Spanish,NA,NA,NA,Selection,FCT-09,0,NA,NA,NA,NA,NA,NA,NA,Clitics,Feminine,Plural,NA,NA,NA,HS,7th/8th,Late,Yes,NA,0,NA,2023,0,NA,NA,NA,NA,NA
H64,1,1,HS 7th/8th,7,13,NA,NA,NA,NA,NA,NA,NA,8,Heritage Spanish,NA,NA,NA,Selection,FCT-11,0,NA,NA,NA,NA,NA,NA,NA,Clitics,Masculine,Singular,NA,NA,NA,HS,7th/8th,Late,Yes,NA,0,NA,2023,0,NA,NA,NA,NA,NA
H64,1,1,HS 7th/8th,7,13,NA,NA,NA,NA,NA,NA,NA,8,Heritage Spanish,NA,NA,NA,Selection,FCT-13,0,NA,NA,NA,NA,NA,NA,NA,Clitics,Feminine,Singular,NA,NA,NA,HS,7th/8th,Late,Yes,NA,0,NA,2023,0,NA,NA,NA,NA,NA
H64,1,1,HS 7th/8th,7,13,NA,NA,NA,NA,NA,NA,NA,8,Heritage Spanish,NA,NA,NA,Selection,FCT-15,1,NA,NA,NA,NA,NA,NA,NA,Clitics,Masculine,Plural,NA,NA,NA,HS,7th/8th,Late,Yes,NA,0,NA,2023,1,NA,NA,NA,NA,NA
H64,1,1,HS 7th/8th,7,13,NA,NA,NA,NA,NA,NA,NA,8,Heritage Spanish,NA,NA,NA,Selection,FCT-17,0,NA,NA,NA,NA,NA,NA,NA,Clitics,Feminine,Plural,NA,NA,NA,HS,7th/8th,Late,Yes,NA,0,NA,2023,0,NA,NA,NA,NA,NA
H64,1,1,HS 7th/8th,7,13,NA,NA,NA,NA,NA,NA,NA,8,Heritage Spanish,NA,NA,NA,Selection,FCT-19,1,NA,NA,NA,NA,NA,NA,NA,Clitics,Masculine,Singular,NA,NA,NA,HS,7th/8th,Late,Yes,NA,0,NA,2023,1,NA,NA,NA,NA,NA
H64,1,1,HS 7th/8th,7,13,NA,NA,NA,NA,NA,NA,NA,8,Heritage Spanish,NA,NA,NA,Selection,FCT-21,1,NA,NA,NA,NA,NA,NA,NA,Clitics,Feminine,Singular,NA,NA,NA,HS,7th/8th,Late,Yes,NA,0,NA,2023,1,NA,NA,NA,NA,NA
H64,1,1,HS 7th/8th,7,13,NA,NA,NA,NA,NA,NA,NA,8,Heritage Spanish,NA,NA,NA,Selection,FCT-23,1,NA,NA,NA,NA,NA,NA,NA,Clitics,Masculine,Plural,NA,NA,NA,HS,7th/8th,Late,Yes,NA,0,NA,2023,1,NA,NA,NA,NA,NA
H64,1,1,HS 7th/8th,7,13,NA,NA,NA,NA,NA,NA,NA,8,Heritage Spanish,NA,NA,NA,Selection,FCT-25,0,NA,NA,NA,NA,NA,NA,NA,Clitics,Feminine,Plural,NA,NA,NA,HS,7th/8th,Late,Yes,NA,0,NA,2023,0,NA,NA,NA,NA,NA
H65,1,1,HS 7th/8th,7,13,164,NA,NA,NA,2,3,2,8,Heritage Spanish,NA,NA,NA,Selection,FCT-03,1,NA,NA,NA,NA,NA,NA,NA,Clitics,Masculine,Singular,NA,NA,NA,HS,7th/8th,Late,Yes,5,0,164,2023,1,0.4,NA,NA,1.375550744304899,1.0232453377462332
H65,1,1,HS 7th/8th,7,13,164,NA,NA,NA,2,3,2,8,Heritage Spanish,NA,NA,NA,Selection,FCT-05,0,NA,NA,NA,NA,NA,NA,NA,Clitics,Feminine,Singular,NA,NA,NA,HS,7th/8th,Late,Yes,5,0,164,2023,0,0.4,NA,NA,1.375550744304899,1.0232453377462332
H65,1,1,HS 7th/8th,7,13,164,NA,NA,NA,2,3,2,8,Heritage Spanish,NA,NA,NA,Selection,FCT-07,1,NA,NA,NA,NA,NA,NA,NA,Clitics,Masculine,Plural,NA,NA,NA,HS,7th/8th,Late,Yes,5,0,164,2023,1,0.4,NA,NA,1.375550744304899,1.0232453377462332
H65,1,1,HS 7th/8th,7,13,164,NA,NA,NA,2,3,2,8,Heritage Spanish,NA,NA,NA,Selection,FCT-09,0,NA,NA,NA,NA,NA,NA,NA,Clitics,Feminine,Plural,NA,NA,NA,HS,7th/8th,Late,Yes,5,0,164,2023,0,0.4,NA,NA,1.375550744304899,1.0232453377462332
H65,1,1,HS 7th/8th,7,13,164,NA,NA,NA,2,3,2,8,Heritage Spanish,NA,NA,NA,Selection,FCT-11,1,NA,NA,NA,NA,NA,NA,NA,Clitics,Masculine,Singular,NA,NA,NA,HS,7th/8th,Late,Yes,5,0,164,2023,1,0.4,NA,NA,1.375550744304899,1.0232453377462332
H65,1,1,HS 7th/8th,7,13,164,NA,NA,NA,2,3,2,8,Heritage Spanish,NA,NA,NA,Selection,FCT-13,1,NA,NA,NA,NA,NA,NA,NA,Clitics,Feminine,Singular,NA,NA,NA,HS,7th/8th,Late,Yes,5,0,164,2023,1,0.4,NA,NA,1.375550744304899,1.0232453377462332
H65,1,1,HS 7th/8th,7,13,164,NA,NA,NA,2,3,2,8,Heritage Spanish,NA,NA,NA,Selection,FCT-15,1,NA,NA,NA,NA,NA,NA,NA,Clitics,Masculine,Plural,NA,NA,NA,HS,7th/8th,Late,Yes,5,0,164,2023,1,0.4,NA,NA,1.375550744304899,1.0232453377462332
H65,1,1,HS 7th/8th,7,13,164,NA,NA,NA,2,3,2,8,Heritage Spanish,NA,NA,NA,Selection,FCT-17,0,NA,NA,NA,NA,NA,NA,NA,Clitics,Feminine,Plural,NA,NA,NA,HS,7th/8th,Late,Yes,5,0,164,2023,0,0.4,NA,NA,1.375550744304899,1.0232453377462332
H65,1,1,HS 7th/8th,7,13,164,NA,NA,NA,2,3,2,8,Heritage Spanish,NA,NA,NA,Selection,FCT-19,1,NA,NA,NA,NA,NA,NA,NA,Clitics,Masculine,Singular,NA,NA,NA,HS,7th/8th,Late,Yes,5,0,164,2023,1,0.4,NA,NA,1.375550744304899,1.0232453377462332
H65,1,1,HS 7th/8th,7,13,164,NA,NA,NA,2,3,2,8,Heritage Spanish,NA,NA,NA,Selection,FCT-21,1,NA,NA,NA,NA,NA,NA,NA,Clitics,Feminine,Singular,NA,NA,NA,HS,7th/8th,Late,Yes,5,0,164,2023,1,0.4,NA,NA,1.375550744304899,1.0232453377462332
H65,1,1,HS 7th/8th,7,13,164,NA,NA,NA,2,3,2,8,Heritage Spanish,NA,NA,NA,Selection,FCT-23,1,NA,NA,NA,NA,NA,NA,NA,Clitics,Masculine,Plural,NA,NA,NA,HS,7th/8th,Late,Yes,5,0,164,2023,1,0.4,NA,NA,1.375550744304899,1.0232453377462332
H65,1,1,HS 7th/8th,7,13,164,NA,NA,NA,2,3,2,8,Heritage Spanish,NA,NA,NA,Selection,FCT-25,1,NA,NA,NA,NA,NA,NA,NA,Clitics,Feminine,Plural,NA,NA,NA,HS,7th/8th,Late,Yes,5,0,164,2023,1,0.4,NA,NA,1.375550744304899,1.0232453377462332
H66,1,1,HS 7th/8th,7,12,154,NA,NA,NA,2,6,2,8,Heritage Spanish,NA,NA,NA,Selection,FCT-03,1,NA,NA,NA,NA,NA,NA,NA,Clitics,Masculine,Singular,NA,NA,NA,HS,7th/8th,Late,Yes,8,0,154,2023,1,0.25,NA,NA,0.9925888361516647,0.6699342135630705
H66,1,1,HS 7th/8th,7,12,154,NA,NA,NA,2,6,2,8,Heritage Spanish,NA,NA,NA,Selection,FCT-05,0,NA,NA,NA,NA,NA,NA,NA,Clitics,Feminine,Singular,NA,NA,NA,HS,7th/8th,Late,Yes,8,0,154,2023,0,0.25,NA,NA,0.9925888361516647,0.6699342135630705
H66,1,1,HS 7th/8th,7,12,154,NA,NA,NA,2,6,2,8,Heritage Spanish,NA,NA,NA,Selection,FCT-07,1,NA,NA,NA,NA,NA,NA,NA,Clitics,Masculine,Plural,NA,NA,NA,HS,7th/8th,Late,Yes,8,0,154,2023,1,0.25,NA,NA,0.9925888361516647,0.6699342135630705
H66,1,1,HS 7th/8th,7,12,154,NA,NA,NA,2,6,2,8,Heritage Spanish,NA,NA,NA,Selection,FCT-09,0,NA,NA,NA,NA,NA,NA,NA,Clitics,Feminine,Plural,NA,NA,NA,HS,7th/8th,Late,Yes,8,0,154,2023,0,0.25,NA,NA,0.9925888361516647,0.6699342135630705
H66,1,1,HS 7th/8th,7,12,154,NA,NA,NA,2,6,2,8,Heritage Spanish,NA,NA,NA,Selection,FCT-11,1,NA,NA,NA,NA,NA,NA,NA,Clitics,Masculine,Singular,NA,NA,NA,HS,7th/8th,Late,Yes,8,0,154,2023,1,0.25,NA,NA,0.9925888361516647,0.6699342135630705
H66,1,1,HS 7th/8th,7,12,154,NA,NA,NA,2,6,2,8,Heritage Spanish,NA,NA,NA,Selection,FCT-13,0,NA,NA,NA,NA,NA,NA,NA,Clitics,Feminine,Singular,NA,NA,NA,HS,7th/8th,Late,Yes,8,0,154,2023,0,0.25,NA,NA,0.9925888361516647,0.6699342135630705
H66,1,1,HS 7th/8th,7,12,154,NA,NA,NA,2,6,2,8,Heritage Spanish,NA,NA,NA,Selection,FCT-15,1,NA,NA,NA,NA,NA,NA,NA,Clitics,Masculine,Plural,NA,NA,NA,HS,7th/8th,Late,Yes,8,0,154,2023,1,0.25,NA,NA,0.9925888361516647,0.6699342135630705
H66,1,1,HS 7th/8th,7,12,154,NA,NA,NA,2,6,2,8,Heritage Spanish,NA,NA,NA,Selection,FCT-17,0,NA,NA,NA,NA,NA,NA,NA,Clitics,Feminine,Plural,NA,NA,NA,HS,7th/8th,Late,Yes,8,0,154,2023,0,0.25,NA,NA,0.9925888361516647,0.6699342135630705
H66,1,1,HS 7th/8th,7,12,154,NA,NA,NA,2,6,2,8,Heritage Spanish,NA,NA,NA,Selection,FCT-19,1,NA,NA,NA,NA,NA,NA,NA,Clitics,Masculine,Singular,NA,NA,NA,HS,7th/8th,Late,Yes,8,0,154,2023,1,0.25,NA,NA,0.9925888361516647,0.6699342135630705
H66,1,1,HS 7th/8th,7,12,154,NA,NA,NA,2,6,2,8,Heritage Spanish,NA,NA,NA,Selection,FCT-21,0,NA,NA,NA,NA,NA,NA,NA,Clitics,Feminine,Singular,NA,NA,NA,HS,7th/8th,Late,Yes,8,0,154,2023,0,0.25,NA,NA,0.9925888361516647,0.6699342135630705
H66,1,1,HS 7th/8th,7,12,154,NA,NA,NA,2,6,2,8,Heritage Spanish,NA,NA,NA,Selection,FCT-23,1,NA,NA,NA,NA,NA,NA,NA,Clitics,Masculine,Plural,NA,NA,NA,HS,7th/8th,Late,Yes,8,0,154,2023,1,0.25,NA,NA,0.9925888361516647,0.6699342135630705
H66,1,1,HS 7th/8th,7,12,154,NA,NA,NA,2,6,2,8,Heritage Spanish,NA,NA,NA,Selection,FCT-25,1,NA,NA,NA,NA,NA,NA,NA,Clitics,Feminine,Plural,NA,NA,NA,HS,7th/8th,Late,Yes,8,0,154,2023,1,0.25,NA,NA,0.9925888361516647,0.6699342135630705
H67,1,1,L2L 7th/8th,7,13,160,NA,NA,NA,2,4,3,8,Gujarati,Yes,Yes,No,Selection,FCT-03,0,NA,NA,NA,NA,NA,NA,NA,Clitics,Masculine,Singular,NA,NA,NA,L2L,7th/8th,Late,Yes,6,0,160,2023,0,0.3333333333333333,NA,NA,1.2223659810436054,0.8819208880729681
H67,1,1,L2L 7th/8th,7,13,160,NA,NA,NA,2,4,3,8,Gujarati,Yes,Yes,No,Selection,FCT-05,0,NA,NA,NA,NA,NA,NA,NA,Clitics,Feminine,Singular,NA,NA,NA,L2L,7th/8th,Late,Yes,6,0,160,2023,0,0.3333333333333333,NA,NA,1.2223659810436054,0.8819208880729681
H67,1,1,L2L 7th/8th,7,13,160,NA,NA,NA,2,4,3,8,Gujarati,Yes,Yes,No,Selection,FCT-07,0,NA,NA,NA,NA,NA,NA,NA,Clitics,Masculine,Plural,NA,NA,NA,L2L,7th/8th,Late,Yes,6,0,160,2023,0,0.3333333333333333,NA,NA,1.2223659810436054,0.8819208880729681
H67,1,1,L2L 7th/8th,7,13,160,NA,NA,NA,2,4,3,8,Gujarati,Yes,Yes,No,Selection,FCT-09,1,NA,NA,NA,NA,NA,NA,NA,Clitics,Feminine,Plural,NA,NA,NA,L2L,7th/8th,Late,Yes,6,0,160,2023,1,0.3333333333333333,NA,NA,1.2223659810436054,0.8819208880729681
H67,1,1,L2L 7th/8th,7,13,160,NA,NA,NA,2,4,3,8,Gujarati,Yes,Yes,No,Selection,FCT-11,0,NA,NA,NA,NA,NA,NA,NA,Clitics,Masculine,Singular,NA,NA,NA,L2L,7th/8th,Late,Yes,6,0,160,2023,0,0.3333333333333333,NA,NA,1.2223659810436054,0.8819208880729681
H67,1,1,L2L 7th/8th,7,13,160,NA,NA,NA,2,4,3,8,Gujarati,Yes,Yes,No,Selection,FCT-13,1,NA,NA,NA,NA,NA,NA,NA,Clitics,Feminine,Singular,NA,NA,NA,L2L,7th/8th,Late,Yes,6,0,160,2023,1,0.3333333333333333,NA,NA,1.2223659810436054,0.8819208880729681
H67,1,1,L2L 7th/8th,7,13,160,NA,NA,NA,2,4,3,8,Gujarati,Yes,Yes,No,Selection,FCT-15,0,NA,NA,NA,NA,NA,NA,NA,Clitics,Masculine,Plural,NA,NA,NA,L2L,7th/8th,Late,Yes,6,0,160,2023,0,0.3333333333333333,NA,NA,1.2223659810436054,0.8819208880729681
H67,1,1,L2L 7th/8th,7,13,160,NA,NA,NA,2,4,3,8,Gujarati,Yes,Yes,No,Selection,FCT-17,1,NA,NA,NA,NA,NA,NA,NA,Clitics,Feminine,Plural,NA,NA,NA,L2L,7th/8th,Late,Yes,6,0,160,2023,1,0.3333333333333333,NA,NA,1.2223659810436054,0.8819208880729681
H67,1,1,L2L 7th/8th,7,13,160,NA,NA,NA,2,4,3,8,Gujarati,Yes,Yes,No,Selection,FCT-19,1,NA,NA,NA,NA,NA,NA,NA,Clitics,Masculine,Singular,NA,NA,NA,L2L,7th/8th,Late,Yes,6,0,160,2023,1,0.3333333333333333,NA,NA,1.2223659810436054,0.8819208880729681
H67,1,1,L2L 7th/8th,7,13,160,NA,NA,NA,2,4,3,8,Gujarati,Yes,Yes,No,Selection,FCT-21,0,NA,NA,NA,NA,NA,NA,NA,Clitics,Feminine,Singular,NA,NA,NA,L2L,7th/8th,Late,Yes,6,0,160,2023,0,0.3333333333333333,NA,NA,1.2223659810436054,0.8819208880729681
H67,1,1,L2L 7th/8th,7,13,160,NA,NA,NA,2,4,3,8,Gujarati,Yes,Yes,No,Selection,FCT-23,0,NA,NA,NA,NA,NA,NA,NA,Clitics,Masculine,Plural,NA,NA,NA,L2L,7th/8th,Late,Yes,6,0,160,2023,0,0.3333333333333333,NA,NA,1.2223659810436054,0.8819208880729681
H67,1,1,L2L 7th/8th,7,13,160,NA,NA,NA,2,4,3,8,Gujarati,Yes,Yes,No,Selection,FCT-25,0,NA,NA,NA,NA,NA,NA,NA,Clitics,Feminine,Plural,NA,NA,NA,L2L,7th/8th,Late,Yes,6,0,160,2023,0,0.3333333333333333,NA,NA,1.2223659810436054,0.8819208880729681
H68,1,1,L2L 2nd,2,7,94,NA,NA,NA,1,2,2,3,L2 learner,L2,L2,L2,Selection,FCT-03,1,NA,NA,NA,NA,NA,NA,NA,Clitics,Masculine,Singular,NA,NA,NA,L2L,2nd,Late,Yes,3,0,94,2023,1,0.3333333333333333,NA,NA,-1.3051826127677424,-1.4499325315359062
H68,1,1,L2L 2nd,2,7,94,NA,NA,NA,1,2,2,3,L2 learner,L2,L2,L2,Selection,FCT-05,0,NA,NA,NA,NA,NA,NA,NA,Clitics,Feminine,Singular,NA,NA,NA,L2L,2nd,Late,Yes,3,0,94,2023,0,0.3333333333333333,NA,NA,-1.3051826127677424,-1.4499325315359062
H68,1,1,L2L 2nd,2,7,94,NA,NA,NA,1,2,2,3,L2 learner,L2,L2,L2,Selection,FCT-07,1,NA,NA,NA,NA,NA,NA,NA,Clitics,Masculine,Plural,NA,NA,NA,L2L,2nd,Late,Yes,3,0,94,2023,1,0.3333333333333333,NA,NA,-1.3051826127677424,-1.4499325315359062
H68,1,1,L2L 2nd,2,7,94,NA,NA,NA,1,2,2,3,L2 learner,L2,L2,L2,Selection,FCT-09,1,NA,NA,NA,NA,NA,NA,NA,Clitics,Feminine,Plural,NA,NA,NA,L2L,2nd,Late,Yes,3,0,94,2023,1,0.3333333333333333,NA,NA,-1.3051826127677424,-1.4499325315359062
H68,1,1,L2L 2nd,2,7,94,NA,NA,NA,1,2,2,3,L2 learner,L2,L2,L2,Selection,FCT-11,0,NA,NA,NA,NA,NA,NA,NA,Clitics,Masculine,Singular,NA,NA,NA,L2L,2nd,Late,Yes,3,0,94,2023,0,0.3333333333333333,NA,NA,-1.3051826127677424,-1.4499325315359062
H68,1,1,L2L 2nd,2,7,94,NA,NA,NA,1,2,2,3,L2 learner,L2,L2,L2,Selection,FCT-13,0,NA,NA,NA,NA,NA,NA,NA,Clitics,Feminine,Singular,NA,NA,NA,L2L,2nd,Late,Yes,3,0,94,2023,0,0.3333333333333333,NA,NA,-1.3051826127677424,-1.4499325315359062
H68,1,1,L2L 2nd,2,7,94,NA,NA,NA,1,2,2,3,L2 learner,L2,L2,L2,Selection,FCT-15,1,NA,NA,NA,NA,NA,NA,NA,Clitics,Masculine,Plural,NA,NA,NA,L2L,2nd,Late,Yes,3,0,94,2023,1,0.3333333333333333,NA,NA,-1.3051826127677424,-1.4499325315359062
H68,1,1,L2L 2nd,2,7,94,NA,NA,NA,1,2,2,3,L2 learner,L2,L2,L2,Selection,FCT-17,1,NA,NA,NA,NA,NA,NA,NA,Clitics,Feminine,Plural,NA,NA,NA,L2L,2nd,Late,Yes,3,0,94,2023,1,0.3333333333333333,NA,NA,-1.3051826127677424,-1.4499325315359062
H68,1,1,L2L 2nd,2,7,94,NA,NA,NA,1,2,2,3,L2 learner,L2,L2,L2,Selection,FCT-19,0,NA,NA,NA,NA,NA,NA,NA,Clitics,Masculine,Singular,NA,NA,NA,L2L,2nd,Late,Yes,3,0,94,2023,0,0.3333333333333333,NA,NA,-1.3051826127677424,-1.4499325315359062
H68,1,1,L2L 2nd,2,7,94,NA,NA,NA,1,2,2,3,L2 learner,L2,L2,L2,Selection,FCT-21,0,NA,NA,NA,NA,NA,NA,NA,Clitics,Feminine,Singular,NA,NA,NA,L2L,2nd,Late,Yes,3,0,94,2023,0,0.3333333333333333,NA,NA,-1.3051826127677424,-1.4499325315359062
H68,1,1,L2L 2nd,2,7,94,NA,NA,NA,1,2,2,3,L2 learner,L2,L2,L2,Selection,FCT-23,0,NA,NA,NA,NA,NA,NA,NA,Clitics,Masculine,Plural,NA,NA,NA,L2L,2nd,Late,Yes,3,0,94,2023,0,0.3333333333333333,NA,NA,-1.3051826127677424,-1.4499325315359062
H68,1,1,L2L 2nd,2,7,94,NA,NA,NA,1,2,2,3,L2 learner,L2,L2,L2,Selection,FCT-25,0,NA,NA,NA,NA,NA,NA,NA,Clitics,Feminine,Plural,NA,NA,NA,L2L,2nd,Late,Yes,3,0,94,2023,0,0.3333333333333333,NA,NA,-1.3051826127677424,-1.4499325315359062
H69,1,1,HS 2nd,2,8,102,NA,NA,NA,5,4,2,8,Heritage Spanish,NA,NA,NA,Selection,FCT-03,0,NA,NA,NA,NA,NA,NA,NA,Clitics,Masculine,Singular,NA,NA,NA,HS,2nd,Late,Yes,9,0,102,2023,0,0.5555555555555556,NA,NA,-0.9988130862451546,-1.1672836321893758
H69,1,1,HS 2nd,2,8,102,NA,NA,NA,5,4,2,8,Heritage Spanish,NA,NA,NA,Selection,FCT-05,1,NA,NA,NA,NA,NA,NA,NA,Clitics,Feminine,Singular,NA,NA,NA,HS,2nd,Late,Yes,9,0,102,2023,1,0.5555555555555556,NA,NA,-0.9988130862451546,-1.1672836321893758
H69,1,1,HS 2nd,2,8,102,NA,NA,NA,5,4,2,8,Heritage Spanish,NA,NA,NA,Selection,FCT-07,0,NA,NA,NA,NA,NA,NA,NA,Clitics,Masculine,Plural,NA,NA,NA,HS,2nd,Late,Yes,9,0,102,2023,0,0.5555555555555556,NA,NA,-0.9988130862451546,-1.1672836321893758
H69,1,1,HS 2nd,2,8,102,NA,NA,NA,5,4,2,8,Heritage Spanish,NA,NA,NA,Selection,FCT-09,0,NA,NA,NA,NA,NA,NA,NA,Clitics,Feminine,Plural,NA,NA,NA,HS,2nd,Late,Yes,9,0,102,2023,0,0.5555555555555556,NA,NA,-0.9988130862451546,-1.1672836321893758
H69,1,1,HS 2nd,2,8,102,NA,NA,NA,5,4,2,8,Heritage Spanish,NA,NA,NA,Selection,FCT-11,0,NA,NA,NA,NA,NA,NA,NA,Clitics,Masculine,Singular,NA,NA,NA,HS,2nd,Late,Yes,9,0,102,2023,0,0.5555555555555556,NA,NA,-0.9988130862451546,-1.1672836321893758
H69,1,1,HS 2nd,2,8,102,NA,NA,NA,5,4,2,8,Heritage Spanish,NA,NA,NA,Selection,FCT-13,1,NA,NA,NA,NA,NA,NA,NA,Clitics,Feminine,Singular,NA,NA,NA,HS,2nd,Late,Yes,9,0,102,2023,1,0.5555555555555556,NA,NA,-0.9988130862451546,-1.1672836321893758
H69,1,1,HS 2nd,2,8,102,NA,NA,NA,5,4,2,8,Heritage Spanish,NA,NA,NA,Selection,FCT-15,1,NA,NA,NA,NA,NA,NA,NA,Clitics,Masculine,Plural,NA,NA,NA,HS,2nd,Late,Yes,9,0,102,2023,1,0.5555555555555556,NA,NA,-0.9988130862451546,-1.1672836321893758
H69,1,1,HS 2nd,2,8,102,NA,NA,NA,5,4,2,8,Heritage Spanish,NA,NA,NA,Selection,FCT-17,1,NA,NA,NA,NA,NA,NA,NA,Clitics,Feminine,Plural,NA,NA,NA,HS,2nd,Late,Yes,9,0,102,2023,1,0.5555555555555556,NA,NA,-0.9988130862451546,-1.1672836321893758
H69,1,1,HS 2nd,2,8,102,NA,NA,NA,5,4,2,8,Heritage Spanish,NA,NA,NA,Selection,FCT-19,1,NA,NA,NA,NA,NA,NA,NA,Clitics,Masculine,Singular,NA,NA,NA,HS,2nd,Late,Yes,9,0,102,2023,1,0.5555555555555556,NA,NA,-0.9988130862451546,-1.1672836321893758
H69,1,1,HS 2nd,2,8,102,NA,NA,NA,5,4,2,8,Heritage Spanish,NA,NA,NA,Selection,FCT-21,1,NA,NA,NA,NA,NA,NA,NA,Clitics,Feminine,Singular,NA,NA,NA,HS,2nd,Late,Yes,9,0,102,2023,1,0.5555555555555556,NA,NA,-0.9988130862451546,-1.1672836321893758
H69,1,1,HS 2nd,2,8,102,NA,NA,NA,5,4,2,8,Heritage Spanish,NA,NA,NA,Selection,FCT-23,0,NA,NA,NA,NA,NA,NA,NA,Clitics,Masculine,Plural,NA,NA,NA,HS,2nd,Late,Yes,9,0,102,2023,0,0.5555555555555556,NA,NA,-0.9988130862451546,-1.1672836321893758
H69,1,1,HS 2nd,2,8,102,NA,NA,NA,5,4,2,8,Heritage Spanish,NA,NA,NA,Selection,FCT-25,0,NA,NA,NA,NA,NA,NA,NA,Clitics,Feminine,Plural,NA,NA,NA,HS,2nd,Late,Yes,9,0,102,2023,0,0.5555555555555556,NA,NA,-0.9988130862451546,-1.1672836321893758
H70,1,1,HS 2nd,2,7,95,NA,NA,NA,2,6,2,8,Heritage Spanish,NA,NA,NA,Selection,FCT-03,1,NA,NA,NA,NA,NA,NA,NA,Clitics,Masculine,Singular,NA,NA,NA,HS,2nd,Late,Yes,8,0,95,2023,1,0.25,NA,NA,-1.2668864219524187,-1.41460141911759
H70,1,1,HS 2nd,2,7,95,NA,NA,NA,2,6,2,8,Heritage Spanish,NA,NA,NA,Selection,FCT-05,1,NA,NA,NA,NA,NA,NA,NA,Clitics,Feminine,Singular,NA,NA,NA,HS,2nd,Late,Yes,8,0,95,2023,1,0.25,NA,NA,-1.2668864219524187,-1.41460141911759
H70,1,1,HS 2nd,2,7,95,NA,NA,NA,2,6,2,8,Heritage Spanish,NA,NA,NA,Selection,FCT-07,0,NA,NA,NA,NA,NA,NA,NA,Clitics,Masculine,Plural,NA,NA,NA,HS,2nd,Late,Yes,8,0,95,2023,0,0.25,NA,NA,-1.2668864219524187,-1.41460141911759
H70,1,1,HS 2nd,2,7,95,NA,NA,NA,2,6,2,8,Heritage Spanish,NA,NA,NA,Selection,FCT-09,1,NA,NA,NA,NA,NA,NA,NA,Clitics,Feminine,Plural,NA,NA,NA,HS,2nd,Late,Yes,8,0,95,2023,1,0.25,NA,NA,-1.2668864219524187,-1.41460141911759
H70,1,1,HS 2nd,2,7,95,NA,NA,NA,2,6,2,8,Heritage Spanish,NA,NA,NA,Selection,FCT-11,1,NA,NA,NA,NA,NA,NA,NA,Clitics,Masculine,Singular,NA,NA,NA,HS,2nd,Late,Yes,8,0,95,2023,1,0.25,NA,NA,-1.2668864219524187,-1.41460141911759
H70,1,1,HS 2nd,2,7,95,NA,NA,NA,2,6,2,8,Heritage Spanish,NA,NA,NA,Selection,FCT-13,1,NA,NA,NA,NA,NA,NA,NA,Clitics,Feminine,Singular,NA,NA,NA,HS,2nd,Late,Yes,8,0,95,2023,1,0.25,NA,NA,-1.2668864219524187,-1.41460141911759
H70,1,1,HS 2nd,2,7,95,NA,NA,NA,2,6,2,8,Heritage Spanish,NA,NA,NA,Selection,FCT-15,1,NA,NA,NA,NA,NA,NA,NA,Clitics,Masculine,Plural,NA,NA,NA,HS,2nd,Late,Yes,8,0,95,2023,1,0.25,NA,NA,-1.2668864219524187,-1.41460141911759
H70,1,1,HS 2nd,2,7,95,NA,NA,NA,2,6,2,8,Heritage Spanish,NA,NA,NA,Selection,FCT-17,0,NA,NA,NA,NA,NA,NA,NA,Clitics,Feminine,Plural,NA,NA,NA,HS,2nd,Late,Yes,8,0,95,2023,0,0.25,NA,NA,-1.2668864219524187,-1.41460141911759
H70,1,1,HS 2nd,2,7,95,NA,NA,NA,2,6,2,8,Heritage Spanish,NA,NA,NA,Selection,FCT-19,1,NA,NA,NA,NA,NA,NA,NA,Clitics,Masculine,Singular,NA,NA,NA,HS,2nd,Late,Yes,8,0,95,2023,1,0.25,NA,NA,-1.2668864219524187,-1.41460141911759
H70,1,1,HS 2nd,2,7,95,NA,NA,NA,2,6,2,8,Heritage Spanish,NA,NA,NA,Selection,FCT-21,0,NA,NA,NA,NA,NA,NA,NA,Clitics,Feminine,Singular,NA,NA,NA,HS,2nd,Late,Yes,8,0,95,2023,0,0.25,NA,NA,-1.2668864219524187,-1.41460141911759
H70,1,1,HS 2nd,2,7,95,NA,NA,NA,2,6,2,8,Heritage Spanish,NA,NA,NA,Selection,FCT-23,1,NA,NA,NA,NA,NA,NA,NA,Clitics,Masculine,Plural,NA,NA,NA,HS,2nd,Late,Yes,8,0,95,2023,1,0.25,NA,NA,-1.2668864219524187,-1.41460141911759
H70,1,1,HS 2nd,2,7,95,NA,NA,NA,2,6,2,8,Heritage Spanish,NA,NA,NA,Selection,FCT-25,1,NA,NA,NA,NA,NA,NA,NA,Clitics,Feminine,Plural,NA,NA,NA,HS,2nd,Late,Yes,8,0,95,2023,1,0.25,NA,NA,-1.2668864219524187,-1.41460141911759
H70,1,2,HS 4th/5th,5,7,95,NA,NA,NA,2,6,2,8,Heritage Spanish,NA,NA,NA,Selection,FCT-03,1,NA,NA,NA,NA,NA,NA,NA,Clitics,Masculine,Singular,NA,NA,NA,HS,4th/5th,Late,Yes,8,36,131,2026,1,0.25,NA,NA,-1.2668864219524187,-0.1426813720582039
H70,1,2,HS 4th/5th,5,7,95,NA,NA,NA,2,6,2,8,Heritage Spanish,NA,NA,NA,Selection,FCT-05,1,NA,NA,NA,NA,NA,NA,NA,Clitics,Feminine,Singular,NA,NA,NA,HS,4th/5th,Late,Yes,8,36,131,2026,1,0.25,NA,NA,-1.2668864219524187,-0.1426813720582039
H70,1,2,HS 4th/5th,5,7,95,NA,NA,NA,2,6,2,8,Heritage Spanish,NA,NA,NA,Selection,FCT-07,1,NA,NA,NA,NA,NA,NA,NA,Clitics,Masculine,Plural,NA,NA,NA,HS,4th/5th,Late,Yes,8,36,131,2026,1,0.25,NA,NA,-1.2668864219524187,-0.1426813720582039
H70,1,2,HS 4th/5th,5,7,95,NA,NA,NA,2,6,2,8,Heritage Spanish,NA,NA,NA,Selection,FCT-09,1,NA,NA,NA,NA,NA,NA,NA,Clitics,Feminine,Plural,NA,NA,NA,HS,4th/5th,Late,Yes,8,36,131,2026,1,0.25,NA,NA,-1.2668864219524187,-0.1426813720582039
H70,1,2,HS 4th/5th,5,7,95,NA,NA,NA,2,6,2,8,Heritage Spanish,NA,NA,NA,Selection,FCT-11,1,NA,NA,NA,NA,NA,NA,NA,Clitics,Masculine,Singular,NA,NA,NA,HS,4th/5th,Late,Yes,8,36,131,2026,1,0.25,NA,NA,-1.2668864219524187,-0.1426813720582039
H70,1,2,HS 4th/5th,5,7,95,NA,NA,NA,2,6,2,8,Heritage Spanish,NA,NA,NA,Selection,FCT-13,1,NA,NA,NA,NA,NA,NA,NA,Clitics,Feminine,Singular,NA,NA,NA,HS,4th/5th,Late,Yes,8,36,131,2026,1,0.25,NA,NA,-1.2668864219524187,-0.1426813720582039
H70,1,2,HS 4th/5th,5,7,95,NA,NA,NA,2,6,2,8,Heritage Spanish,NA,NA,NA,Selection,FCT-15,1,NA,NA,NA,NA,NA,NA,NA,Clitics,Masculine,Plural,NA,NA,NA,HS,4th/5th,Late,Yes,8,36,131,2026,1,0.25,NA,NA,-1.2668864219524187,-0.1426813720582039
H70,1,2,HS 4th/5th,5,7,95,NA,NA,NA,2,6,2,8,Heritage Spanish,NA,NA,NA,Selection,FCT-17,1,NA,NA,NA,NA,NA,NA,NA,Clitics,Feminine,Plural,NA,NA,NA,HS,4th/5th,Late,Yes,8,36,131,2026,1,0.25,NA,NA,-1.2668864219524187,-0.1426813720582039
H70,1,2,HS 4th/5th,5,7,95,NA,NA,NA,2,6,2,8,Heritage Spanish,NA,NA,NA,Selection,FCT-19,1,NA,NA,NA,NA,NA,NA,NA,Clitics,Masculine,Singular,NA,NA,NA,HS,4th/5th,Late,Yes,8,36,131,2026,1,0.25,NA,NA,-1.2668864219524187,-0.1426813720582039
H70,1,2,HS 4th/5th,5,7,95,NA,NA,NA,2,6,2,8,Heritage Spanish,NA,NA,NA,Selection,FCT-21,1,NA,NA,NA,NA,NA,NA,NA,Clitics,Feminine,Singular,NA,NA,NA,HS,4th/5th,Late,Yes,8,36,131,2026,1,0.25,NA,NA,-1.2668864219524187,-0.1426813720582039
H70,1,2,HS 4th/5th,5,7,95,NA,NA,NA,2,6,2,8,Heritage Spanish,NA,NA,NA,Selection,FCT-23,1,NA,NA,NA,NA,NA,NA,NA,Clitics,Masculine,Plural,NA,NA,NA,HS,4th/5th,Late,Yes,8,36,131,2026,1,0.25,NA,NA,-1.2668864219524187,-0.1426813720582039
H70,1,2,HS 4th/5th,5,7,95,NA,NA,NA,2,6,2,8,Heritage Spanish,NA,NA,NA,Selection,FCT-25,1,NA,NA,NA,NA,NA,NA,NA,Clitics,Feminine,Plural,NA,NA,NA,HS,4th/5th,Late,Yes,8,36,131,2026,1,0.25,NA,NA,-1.2668864219524187,-0.1426813720582039
H71,1,1,L2L 2nd,2,7,94,NA,NA,NA,1,4,2,7,L2 learner,L2,L2,L2,Selection,FCT-03,0,NA,NA,NA,NA,NA,NA,NA,Clitics,Masculine,Singular,NA,NA,NA,L2L,2nd,Late,Yes,5,0,94,2023,0,0.2,NA,NA,-1.3051826127677424,-1.4499325315359062
H71,1,1,L2L 2nd,2,7,94,NA,NA,NA,1,4,2,7,L2 learner,L2,L2,L2,Selection,FCT-05,1,NA,NA,NA,NA,NA,NA,NA,Clitics,Feminine,Singular,NA,NA,NA,L2L,2nd,Late,Yes,5,0,94,2023,1,0.2,NA,NA,-1.3051826127677424,-1.4499325315359062
H71,1,1,L2L 2nd,2,7,94,NA,NA,NA,1,4,2,7,L2 learner,L2,L2,L2,Selection,FCT-07,1,NA,NA,NA,NA,NA,NA,NA,Clitics,Masculine,Plural,NA,NA,NA,L2L,2nd,Late,Yes,5,0,94,2023,1,0.2,NA,NA,-1.3051826127677424,-1.4499325315359062
H71,1,1,L2L 2nd,2,7,94,NA,NA,NA,1,4,2,7,L2 learner,L2,L2,L2,Selection,FCT-09,1,NA,NA,NA,NA,NA,NA,NA,Clitics,Feminine,Plural,NA,NA,NA,L2L,2nd,Late,Yes,5,0,94,2023,1,0.2,NA,NA,-1.3051826127677424,-1.4499325315359062
H71,1,1,L2L 2nd,2,7,94,NA,NA,NA,1,4,2,7,L2 learner,L2,L2,L2,Selection,FCT-11,1,NA,NA,NA,NA,NA,NA,NA,Clitics,Masculine,Singular,NA,NA,NA,L2L,2nd,Late,Yes,5,0,94,2023,1,0.2,NA,NA,-1.3051826127677424,-1.4499325315359062
H71,1,1,L2L 2nd,2,7,94,NA,NA,NA,1,4,2,7,L2 learner,L2,L2,L2,Selection,FCT-13,1,NA,NA,NA,NA,NA,NA,NA,Clitics,Feminine,Singular,NA,NA,NA,L2L,2nd,Late,Yes,5,0,94,2023,1,0.2,NA,NA,-1.3051826127677424,-1.4499325315359062
H71,1,1,L2L 2nd,2,7,94,NA,NA,NA,1,4,2,7,L2 learner,L2,L2,L2,Selection,FCT-15,1,NA,NA,NA,NA,NA,NA,NA,Clitics,Masculine,Plural,NA,NA,NA,L2L,2nd,Late,Yes,5,0,94,2023,1,0.2,NA,NA,-1.3051826127677424,-1.4499325315359062
H71,1,1,L2L 2nd,2,7,94,NA,NA,NA,1,4,2,7,L2 learner,L2,L2,L2,Selection,FCT-17,1,NA,NA,NA,NA,NA,NA,NA,Clitics,Feminine,Plural,NA,NA,NA,L2L,2nd,Late,Yes,5,0,94,2023,1,0.2,NA,NA,-1.3051826127677424,-1.4499325315359062
H71,1,1,L2L 2nd,2,7,94,NA,NA,NA,1,4,2,7,L2 learner,L2,L2,L2,Selection,FCT-19,1,NA,NA,NA,NA,NA,NA,NA,Clitics,Masculine,Singular,NA,NA,NA,L2L,2nd,Late,Yes,5,0,94,2023,1,0.2,NA,NA,-1.3051826127677424,-1.4499325315359062
H71,1,1,L2L 2nd,2,7,94,NA,NA,NA,1,4,2,7,L2 learner,L2,L2,L2,Selection,FCT-21,1,NA,NA,NA,NA,NA,NA,NA,Clitics,Feminine,Singular,NA,NA,NA,L2L,2nd,Late,Yes,5,0,94,2023,1,0.2,NA,NA,-1.3051826127677424,-1.4499325315359062
H71,1,1,L2L 2nd,2,7,94,NA,NA,NA,1,4,2,7,L2 learner,L2,L2,L2,Selection,FCT-23,1,NA,NA,NA,NA,NA,NA,NA,Clitics,Masculine,Plural,NA,NA,NA,L2L,2nd,Late,Yes,5,0,94,2023,1,0.2,NA,NA,-1.3051826127677424,-1.4499325315359062
H71,1,1,L2L 2nd,2,7,94,NA,NA,NA,1,4,2,7,L2 learner,L2,L2,L2,Selection,FCT-25,1,NA,NA,NA,NA,NA,NA,NA,Clitics,Feminine,Plural,NA,NA,NA,L2L,2nd,Late,Yes,5,0,94,2023,1,0.2,NA,NA,-1.3051826127677424,-1.4499325315359062
H72,1,1,L2L 2nd,2,7,94,NA,NA,NA,3,4,2,8,Russian,No,Yes,Yes,Selection,FCT-03,1,NA,NA,NA,NA,NA,NA,NA,Clitics,Masculine,Singular,NA,NA,NA,L2L,2nd,Late,Yes,7,0,94,2023,1,0.42857142857142855,NA,NA,-1.3051826127677424,-1.4499325315359062
H72,1,1,L2L 2nd,2,7,94,NA,NA,NA,3,4,2,8,Russian,No,Yes,Yes,Selection,FCT-05,0,NA,NA,NA,NA,NA,NA,NA,Clitics,Feminine,Singular,NA,NA,NA,L2L,2nd,Late,Yes,7,0,94,2023,0,0.42857142857142855,NA,NA,-1.3051826127677424,-1.4499325315359062
H72,1,1,L2L 2nd,2,7,94,NA,NA,NA,3,4,2,8,Russian,No,Yes,Yes,Selection,FCT-07,0,NA,NA,NA,NA,NA,NA,NA,Clitics,Masculine,Plural,NA,NA,NA,L2L,2nd,Late,Yes,7,0,94,2023,0,0.42857142857142855,NA,NA,-1.3051826127677424,-1.4499325315359062
H72,1,1,L2L 2nd,2,7,94,NA,NA,NA,3,4,2,8,Russian,No,Yes,Yes,Selection,FCT-09,1,NA,NA,NA,NA,NA,NA,NA,Clitics,Feminine,Plural,NA,NA,NA,L2L,2nd,Late,Yes,7,0,94,2023,1,0.42857142857142855,NA,NA,-1.3051826127677424,-1.4499325315359062
H72,1,1,L2L 2nd,2,7,94,NA,NA,NA,3,4,2,8,Russian,No,Yes,Yes,Selection,FCT-11,0,NA,NA,NA,NA,NA,NA,NA,Clitics,Masculine,Singular,NA,NA,NA,L2L,2nd,Late,Yes,7,0,94,2023,0,0.42857142857142855,NA,NA,-1.3051826127677424,-1.4499325315359062
H72,1,1,L2L 2nd,2,7,94,NA,NA,NA,3,4,2,8,Russian,No,Yes,Yes,Selection,FCT-13,1,NA,NA,NA,NA,NA,NA,NA,Clitics,Feminine,Singular,NA,NA,NA,L2L,2nd,Late,Yes,7,0,94,2023,1,0.42857142857142855,NA,NA,-1.3051826127677424,-1.4499325315359062
H72,1,1,L2L 2nd,2,7,94,NA,NA,NA,3,4,2,8,Russian,No,Yes,Yes,Selection,FCT-15,0,NA,NA,NA,NA,NA,NA,NA,Clitics,Masculine,Plural,NA,NA,NA,L2L,2nd,Late,Yes,7,0,94,2023,0,0.42857142857142855,NA,NA,-1.3051826127677424,-1.4499325315359062
H72,1,1,L2L 2nd,2,7,94,NA,NA,NA,3,4,2,8,Russian,No,Yes,Yes,Selection,FCT-17,1,NA,NA,NA,NA,NA,NA,NA,Clitics,Feminine,Plural,NA,NA,NA,L2L,2nd,Late,Yes,7,0,94,2023,1,0.42857142857142855,NA,NA,-1.3051826127677424,-1.4499325315359062
H72,1,1,L2L 2nd,2,7,94,NA,NA,NA,3,4,2,8,Russian,No,Yes,Yes,Selection,FCT-19,1,NA,NA,NA,NA,NA,NA,NA,Clitics,Masculine,Singular,NA,NA,NA,L2L,2nd,Late,Yes,7,0,94,2023,1,0.42857142857142855,NA,NA,-1.3051826127677424,-1.4499325315359062
H72,1,1,L2L 2nd,2,7,94,NA,NA,NA,3,4,2,8,Russian,No,Yes,Yes,Selection,FCT-21,0,NA,NA,NA,NA,NA,NA,NA,Clitics,Feminine,Singular,NA,NA,NA,L2L,2nd,Late,Yes,7,0,94,2023,0,0.42857142857142855,NA,NA,-1.3051826127677424,-1.4499325315359062
H72,1,1,L2L 2nd,2,7,94,NA,NA,NA,3,4,2,8,Russian,No,Yes,Yes,Selection,FCT-23,0,NA,NA,NA,NA,NA,NA,NA,Clitics,Masculine,Plural,NA,NA,NA,L2L,2nd,Late,Yes,7,0,94,2023,0,0.42857142857142855,NA,NA,-1.3051826127677424,-1.4499325315359062
H72,1,1,L2L 2nd,2,7,94,NA,NA,NA,3,4,2,8,Russian,No,Yes,Yes,Selection,FCT-25,0,NA,NA,NA,NA,NA,NA,NA,Clitics,Feminine,Plural,NA,NA,NA,L2L,2nd,Late,Yes,7,0,94,2023,0,0.42857142857142855,NA,NA,-1.3051826127677424,-1.4499325315359062
H72,1,2,L2L 4th/5th,5,7,94,NA,NA,NA,3,4,2,8,Russian,No,Yes,Yes,Selection,FCT-03,1,NA,NA,NA,NA,NA,NA,NA,Clitics,Masculine,Singular,NA,NA,NA,L2L,4th/5th,Late,Yes,7,36,130,2026,1,0.42857142857142855,NA,NA,-1.3051826127677424,-0.17801248447652016
H72,1,2,L2L 4th/5th,5,7,94,NA,NA,NA,3,4,2,8,Russian,No,Yes,Yes,Selection,FCT-05,0,NA,NA,NA,NA,NA,NA,NA,Clitics,Feminine,Singular,NA,NA,NA,L2L,4th/5th,Late,Yes,7,36,130,2026,0,0.42857142857142855,NA,NA,-1.3051826127677424,-0.17801248447652016
H72,1,2,L2L 4th/5th,5,7,94,NA,NA,NA,3,4,2,8,Russian,No,Yes,Yes,Selection,FCT-07,0,NA,NA,NA,NA,NA,NA,NA,Clitics,Masculine,Plural,NA,NA,NA,L2L,4th/5th,Late,Yes,7,36,130,2026,0,0.42857142857142855,NA,NA,-1.3051826127677424,-0.17801248447652016
H72,1,2,L2L 4th/5th,5,7,94,NA,NA,NA,3,4,2,8,Russian,No,Yes,Yes,Selection,FCT-09,0,NA,NA,NA,NA,NA,NA,NA,Clitics,Feminine,Plural,NA,NA,NA,L2L,4th/5th,Late,Yes,7,36,130,2026,0,0.42857142857142855,NA,NA,-1.3051826127677424,-0.17801248447652016
H72,1,2,L2L 4th/5th,5,7,94,NA,NA,NA,3,4,2,8,Russian,No,Yes,Yes,Selection,FCT-11,1,NA,NA,NA,NA,NA,NA,NA,Clitics,Masculine,Singular,NA,NA,NA,L2L,4th/5th,Late,Yes,7,36,130,2026,1,0.42857142857142855,NA,NA,-1.3051826127677424,-0.17801248447652016
H72,1,2,L2L 4th/5th,5,7,94,NA,NA,NA,3,4,2,8,Russian,No,Yes,Yes,Selection,FCT-13,1,NA,NA,NA,NA,NA,NA,NA,Clitics,Feminine,Singular,NA,NA,NA,L2L,4th/5th,Late,Yes,7,36,130,2026,1,0.42857142857142855,NA,NA,-1.3051826127677424,-0.17801248447652016
H72,1,2,L2L 4th/5th,5,7,94,NA,NA,NA,3,4,2,8,Russian,No,Yes,Yes,Selection,FCT-15,1,NA,NA,NA,NA,NA,NA,NA,Clitics,Masculine,Plural,NA,NA,NA,L2L,4th/5th,Late,Yes,7,36,130,2026,1,0.42857142857142855,NA,NA,-1.3051826127677424,-0.17801248447652016
H72,1,2,L2L 4th/5th,5,7,94,NA,NA,NA,3,4,2,8,Russian,No,Yes,Yes,Selection,FCT-17,1,NA,NA,NA,NA,NA,NA,NA,Clitics,Feminine,Plural,NA,NA,NA,L2L,4th/5th,Late,Yes,7,36,130,2026,1,0.42857142857142855,NA,NA,-1.3051826127677424,-0.17801248447652016
H72,1,2,L2L 4th/5th,5,7,94,NA,NA,NA,3,4,2,8,Russian,No,Yes,Yes,Selection,FCT-19,0,NA,NA,NA,NA,NA,NA,NA,Clitics,Masculine,Singular,NA,NA,NA,L2L,4th/5th,Late,Yes,7,36,130,2026,0,0.42857142857142855,NA,NA,-1.3051826127677424,-0.17801248447652016
H72,1,2,L2L 4th/5th,5,7,94,NA,NA,NA,3,4,2,8,Russian,No,Yes,Yes,Selection,FCT-21,0,NA,NA,NA,NA,NA,NA,NA,Clitics,Feminine,Singular,NA,NA,NA,L2L,4th/5th,Late,Yes,7,36,130,2026,0,0.42857142857142855,NA,NA,-1.3051826127677424,-0.17801248447652016
H72,1,2,L2L 4th/5th,5,7,94,NA,NA,NA,3,4,2,8,Russian,No,Yes,Yes,Selection,FCT-23,1,NA,NA,NA,NA,NA,NA,NA,Clitics,Masculine,Plural,NA,NA,NA,L2L,4th/5th,Late,Yes,7,36,130,2026,1,0.42857142857142855,NA,NA,-1.3051826127677424,-0.17801248447652016
H72,1,2,L2L 4th/5th,5,7,94,NA,NA,NA,3,4,2,8,Russian,No,Yes,Yes,Selection,FCT-25,1,NA,NA,NA,NA,NA,NA,NA,Clitics,Feminine,Plural,NA,NA,NA,L2L,4th/5th,Late,Yes,7,36,130,2026,1,0.42857142857142855,NA,NA,-1.3051826127677424,-0.17801248447652016
H73,1,1,L2L 4th/5th,4,10,125,NA,NA,NA,3,5,NA,6,"Mandarin, Cantonese, Fujianese",Yes,No,No,Selection,FCT-03,0,NA,NA,NA,NA,NA,NA,NA,Clitics,Masculine,Singular,NA,NA,NA,L2L,4th/5th,Late,Yes,8,0,125,2023,0,0.375,NA,NA,-0.11800069749271534,-0.3546680465681015
H73,1,1,L2L 4th/5th,4,10,125,NA,NA,NA,3,5,NA,6,"Mandarin, Cantonese, Fujianese",Yes,No,No,Selection,FCT-05,1,NA,NA,NA,NA,NA,NA,NA,Clitics,Feminine,Singular,NA,NA,NA,L2L,4th/5th,Late,Yes,8,0,125,2023,1,0.375,NA,NA,-0.11800069749271534,-0.3546680465681015
H73,1,1,L2L 4th/5th,4,10,125,NA,NA,NA,3,5,NA,6,"Mandarin, Cantonese, Fujianese",Yes,No,No,Selection,FCT-07,1,NA,NA,NA,NA,NA,NA,NA,Clitics,Masculine,Plural,NA,NA,NA,L2L,4th/5th,Late,Yes,8,0,125,2023,1,0.375,NA,NA,-0.11800069749271534,-0.3546680465681015
H73,1,1,L2L 4th/5th,4,10,125,NA,NA,NA,3,5,NA,6,"Mandarin, Cantonese, Fujianese",Yes,No,No,Selection,FCT-09,0,NA,NA,NA,NA,NA,NA,NA,Clitics,Feminine,Plural,NA,NA,NA,L2L,4th/5th,Late,Yes,8,0,125,2023,0,0.375,NA,NA,-0.11800069749271534,-0.3546680465681015
H73,1,1,L2L 4th/5th,4,10,125,NA,NA,NA,3,5,NA,6,"Mandarin, Cantonese, Fujianese",Yes,No,No,Selection,FCT-11,1,NA,NA,NA,NA,NA,NA,NA,Clitics,Masculine,Singular,NA,NA,NA,L2L,4th/5th,Late,Yes,8,0,125,2023,1,0.375,NA,NA,-0.11800069749271534,-0.3546680465681015
H73,1,1,L2L 4th/5th,4,10,125,NA,NA,NA,3,5,NA,6,"Mandarin, Cantonese, Fujianese",Yes,No,No,Selection,FCT-13,1,NA,NA,NA,NA,NA,NA,NA,Clitics,Feminine,Singular,NA,NA,NA,L2L,4th/5th,Late,Yes,8,0,125,2023,1,0.375,NA,NA,-0.11800069749271534,-0.3546680465681015
H73,1,1,L2L 4th/5th,4,10,125,NA,NA,NA,3,5,NA,6,"Mandarin, Cantonese, Fujianese",Yes,No,No,Selection,FCT-15,1,NA,NA,NA,NA,NA,NA,NA,Clitics,Masculine,Plural,NA,NA,NA,L2L,4th/5th,Late,Yes,8,0,125,2023,1,0.375,NA,NA,-0.11800069749271534,-0.3546680465681015
H73,1,1,L2L 4th/5th,4,10,125,NA,NA,NA,3,5,NA,6,"Mandarin, Cantonese, Fujianese",Yes,No,No,Selection,FCT-17,1,NA,NA,NA,NA,NA,NA,NA,Clitics,Feminine,Plural,NA,NA,NA,L2L,4th/5th,Late,Yes,8,0,125,2023,1,0.375,NA,NA,-0.11800069749271534,-0.3546680465681015
H73,1,1,L2L 4th/5th,4,10,125,NA,NA,NA,3,5,NA,6,"Mandarin, Cantonese, Fujianese",Yes,No,No,Selection,FCT-19,1,NA,NA,NA,NA,NA,NA,NA,Clitics,Masculine,Singular,NA,NA,NA,L2L,4th/5th,Late,Yes,8,0,125,2023,1,0.375,NA,NA,-0.11800069749271534,-0.3546680465681015
H73,1,1,L2L 4th/5th,4,10,125,NA,NA,NA,3,5,NA,6,"Mandarin, Cantonese, Fujianese",Yes,No,No,Selection,FCT-21,1,NA,NA,NA,NA,NA,NA,NA,Clitics,Feminine,Singular,NA,NA,NA,L2L,4th/5th,Late,Yes,8,0,125,2023,1,0.375,NA,NA,-0.11800069749271534,-0.3546680465681015
H73,1,1,L2L 4th/5th,4,10,125,NA,NA,NA,3,5,NA,6,"Mandarin, Cantonese, Fujianese",Yes,No,No,Selection,FCT-23,1,NA,NA,NA,NA,NA,NA,NA,Clitics,Masculine,Plural,NA,NA,NA,L2L,4th/5th,Late,Yes,8,0,125,2023,1,0.375,NA,NA,-0.11800069749271534,-0.3546680465681015
H73,1,1,L2L 4th/5th,4,10,125,NA,NA,NA,3,5,NA,6,"Mandarin, Cantonese, Fujianese",Yes,No,No,Selection,FCT-25,0,NA,NA,NA,NA,NA,NA,NA,Clitics,Feminine,Plural,NA,NA,NA,L2L,4th/5th,Late,Yes,8,0,125,2023,0,0.375,NA,NA,-0.11800069749271534,-0.3546680465681015
H73,1,2,L2L 7th/8th,7,10,125,NA,NA,NA,3,5,NA,6,"Mandarin, Cantonese, Fujianese",Yes,No,No,Selection,FCT-03,0,NA,NA,NA,NA,NA,NA,NA,Clitics,Masculine,Singular,NA,NA,NA,L2L,7th/8th,Late,Yes,8,36,161,2026,0,0.375,NA,NA,-0.11800069749271534,0.9172520004912844
H73,1,2,L2L 7th/8th,7,10,125,NA,NA,NA,3,5,NA,6,"Mandarin, Cantonese, Fujianese",Yes,No,No,Selection,FCT-05,1,NA,NA,NA,NA,NA,NA,NA,Clitics,Feminine,Singular,NA,NA,NA,L2L,7th/8th,Late,Yes,8,36,161,2026,1,0.375,NA,NA,-0.11800069749271534,0.9172520004912844
H73,1,2,L2L 7th/8th,7,10,125,NA,NA,NA,3,5,NA,6,"Mandarin, Cantonese, Fujianese",Yes,No,No,Selection,FCT-07,0,NA,NA,NA,NA,NA,NA,NA,Clitics,Masculine,Plural,NA,NA,NA,L2L,7th/8th,Late,Yes,8,36,161,2026,0,0.375,NA,NA,-0.11800069749271534,0.9172520004912844
H73,1,2,L2L 7th/8th,7,10,125,NA,NA,NA,3,5,NA,6,"Mandarin, Cantonese, Fujianese",Yes,No,No,Selection,FCT-09,1,NA,NA,NA,NA,NA,NA,NA,Clitics,Feminine,Plural,NA,NA,NA,L2L,7th/8th,Late,Yes,8,36,161,2026,1,0.375,NA,NA,-0.11800069749271534,0.9172520004912844
H73,1,2,L2L 7th/8th,7,10,125,NA,NA,NA,3,5,NA,6,"Mandarin, Cantonese, Fujianese",Yes,No,No,Selection,FCT-11,1,NA,NA,NA,NA,NA,NA,NA,Clitics,Masculine,Singular,NA,NA,NA,L2L,7th/8th,Late,Yes,8,36,161,2026,1,0.375,NA,NA,-0.11800069749271534,0.9172520004912844
H73,1,2,L2L 7th/8th,7,10,125,NA,NA,NA,3,5,NA,6,"Mandarin, Cantonese, Fujianese",Yes,No,No,Selection,FCT-13,1,NA,NA,NA,NA,NA,NA,NA,Clitics,Feminine,Singular,NA,NA,NA,L2L,7th/8th,Late,Yes,8,36,161,2026,1,0.375,NA,NA,-0.11800069749271534,0.9172520004912844
H73,1,2,L2L 7th/8th,7,10,125,NA,NA,NA,3,5,NA,6,"Mandarin, Cantonese, Fujianese",Yes,No,No,Selection,FCT-15,0,NA,NA,NA,NA,NA,NA,NA,Clitics,Masculine,Plural,NA,NA,NA,L2L,7th/8th,Late,Yes,8,36,161,2026,0,0.375,NA,NA,-0.11800069749271534,0.9172520004912844
H73,1,2,L2L 7th/8th,7,10,125,NA,NA,NA,3,5,NA,6,"Mandarin, Cantonese, Fujianese",Yes,No,No,Selection,FCT-17,1,NA,NA,NA,NA,NA,NA,NA,Clitics,Feminine,Plural,NA,NA,NA,L2L,7th/8th,Late,Yes,8,36,161,2026,1,0.375,NA,NA,-0.11800069749271534,0.9172520004912844
H73,1,2,L2L 7th/8th,7,10,125,NA,NA,NA,3,5,NA,6,"Mandarin, Cantonese, Fujianese",Yes,No,No,Selection,FCT-19,0,NA,NA,NA,NA,NA,NA,NA,Clitics,Masculine,Singular,NA,NA,NA,L2L,7th/8th,Late,Yes,8,36,161,2026,0,0.375,NA,NA,-0.11800069749271534,0.9172520004912844
H73,1,2,L2L 7th/8th,7,10,125,NA,NA,NA,3,5,NA,6,"Mandarin, Cantonese, Fujianese",Yes,No,No,Selection,FCT-21,1,NA,NA,NA,NA,NA,NA,NA,Clitics,Feminine,Singular,NA,NA,NA,L2L,7th/8th,Late,Yes,8,36,161,2026,1,0.375,NA,NA,-0.11800069749271534,0.9172520004912844
H73,1,2,L2L 7th/8th,7,10,125,NA,NA,NA,3,5,NA,6,"Mandarin, Cantonese, Fujianese",Yes,No,No,Selection,FCT-23,0,NA,NA,NA,NA,NA,NA,NA,Clitics,Masculine,Plural,NA,NA,NA,L2L,7th/8th,Late,Yes,8,36,161,2026,0,0.375,NA,NA,-0.11800069749271534,0.9172520004912844
H73,1,2,L2L 7th/8th,7,10,125,NA,NA,NA,3,5,NA,6,"Mandarin, Cantonese, Fujianese",Yes,No,No,Selection,FCT-25,0,NA,NA,NA,NA,NA,NA,NA,Clitics,Feminine,Plural,NA,NA,NA,L2L,7th/8th,Late,Yes,8,36,161,2026,0,0.375,NA,NA,-0.11800069749271534,0.9172520004912844
H74,1,1,L2L 4th/5th,4,10,121,NA,NA,NA,5,4,NA,5,Tagalog,Yes,No,No,Selection,FCT-03,1,NA,NA,NA,NA,NA,NA,NA,Clitics,Masculine,Singular,NA,NA,NA,L2L,4th/5th,Late,Yes,9,0,121,2023,1,0.5555555555555556,NA,NA,-0.2711854607540091,-0.49599249624136665
H74,1,1,L2L 4th/5th,4,10,121,NA,NA,NA,5,4,NA,5,Tagalog,Yes,No,No,Selection,FCT-05,0,NA,NA,NA,NA,NA,NA,NA,Clitics,Feminine,Singular,NA,NA,NA,L2L,4th/5th,Late,Yes,9,0,121,2023,0,0.5555555555555556,NA,NA,-0.2711854607540091,-0.49599249624136665
H74,1,1,L2L 4th/5th,4,10,121,NA,NA,NA,5,4,NA,5,Tagalog,Yes,No,No,Selection,FCT-07,0,NA,NA,NA,NA,NA,NA,NA,Clitics,Masculine,Plural,NA,NA,NA,L2L,4th/5th,Late,Yes,9,0,121,2023,0,0.5555555555555556,NA,NA,-0.2711854607540091,-0.49599249624136665
H74,1,1,L2L 4th/5th,4,10,121,NA,NA,NA,5,4,NA,5,Tagalog,Yes,No,No,Selection,FCT-09,1,NA,NA,NA,NA,NA,NA,NA,Clitics,Feminine,Plural,NA,NA,NA,L2L,4th/5th,Late,Yes,9,0,121,2023,1,0.5555555555555556,NA,NA,-0.2711854607540091,-0.49599249624136665
H74,1,1,L2L 4th/5th,4,10,121,NA,NA,NA,5,4,NA,5,Tagalog,Yes,No,No,Selection,FCT-11,1,NA,NA,NA,NA,NA,NA,NA,Clitics,Masculine,Singular,NA,NA,NA,L2L,4th/5th,Late,Yes,9,0,121,2023,1,0.5555555555555556,NA,NA,-0.2711854607540091,-0.49599249624136665
H74,1,1,L2L 4th/5th,4,10,121,NA,NA,NA,5,4,NA,5,Tagalog,Yes,No,No,Selection,FCT-13,0,NA,NA,NA,NA,NA,NA,NA,Clitics,Feminine,Singular,NA,NA,NA,L2L,4th/5th,Late,Yes,9,0,121,2023,0,0.5555555555555556,NA,NA,-0.2711854607540091,-0.49599249624136665
H74,1,1,L2L 4th/5th,4,10,121,NA,NA,NA,5,4,NA,5,Tagalog,Yes,No,No,Selection,FCT-15,1,NA,NA,NA,NA,NA,NA,NA,Clitics,Masculine,Plural,NA,NA,NA,L2L,4th/5th,Late,Yes,9,0,121,2023,1,0.5555555555555556,NA,NA,-0.2711854607540091,-0.49599249624136665
H74,1,1,L2L 4th/5th,4,10,121,NA,NA,NA,5,4,NA,5,Tagalog,Yes,No,No,Selection,FCT-17,0,NA,NA,NA,NA,NA,NA,NA,Clitics,Feminine,Plural,NA,NA,NA,L2L,4th/5th,Late,Yes,9,0,121,2023,0,0.5555555555555556,NA,NA,-0.2711854607540091,-0.49599249624136665
H74,1,1,L2L 4th/5th,4,10,121,NA,NA,NA,5,4,NA,5,Tagalog,Yes,No,No,Selection,FCT-19,1,NA,NA,NA,NA,NA,NA,NA,Clitics,Masculine,Singular,NA,NA,NA,L2L,4th/5th,Late,Yes,9,0,121,2023,1,0.5555555555555556,NA,NA,-0.2711854607540091,-0.49599249624136665
H74,1,1,L2L 4th/5th,4,10,121,NA,NA,NA,5,4,NA,5,Tagalog,Yes,No,No,Selection,FCT-21,1,NA,NA,NA,NA,NA,NA,NA,Clitics,Feminine,Singular,NA,NA,NA,L2L,4th/5th,Late,Yes,9,0,121,2023,1,0.5555555555555556,NA,NA,-0.2711854607540091,-0.49599249624136665
H74,1,1,L2L 4th/5th,4,10,121,NA,NA,NA,5,4,NA,5,Tagalog,Yes,No,No,Selection,FCT-23,1,NA,NA,NA,NA,NA,NA,NA,Clitics,Masculine,Plural,NA,NA,NA,L2L,4th/5th,Late,Yes,9,0,121,2023,1,0.5555555555555556,NA,NA,-0.2711854607540091,-0.49599249624136665
H74,1,1,L2L 4th/5th,4,10,121,NA,NA,NA,5,4,NA,5,Tagalog,Yes,No,No,Selection,FCT-25,0,NA,NA,NA,NA,NA,NA,NA,Clitics,Feminine,Plural,NA,NA,NA,L2L,4th/5th,Late,Yes,9,0,121,2023,0,0.5555555555555556,NA,NA,-0.2711854607540091,-0.49599249624136665
H74,1,2,L2L 7th/8th,7,10,121,NA,NA,NA,5,4,NA,5,Tagalog,Yes,No,No,Selection,FCT-03,1,NA,NA,NA,NA,NA,NA,NA,Clitics,Masculine,Singular,NA,NA,NA,L2L,7th/8th,Late,Yes,9,36,157,2026,1,0.5555555555555556,NA,NA,-0.2711854607540091,0.7759275508180193
H74,1,2,L2L 7th/8th,7,10,121,NA,NA,NA,5,4,NA,5,Tagalog,Yes,No,No,Selection,FCT-05,0,NA,NA,NA,NA,NA,NA,NA,Clitics,Feminine,Singular,NA,NA,NA,L2L,7th/8th,Late,Yes,9,36,157,2026,0,0.5555555555555556,NA,NA,-0.2711854607540091,0.7759275508180193
H74,1,2,L2L 7th/8th,7,10,121,NA,NA,NA,5,4,NA,5,Tagalog,Yes,No,No,Selection,FCT-07,1,NA,NA,NA,NA,NA,NA,NA,Clitics,Masculine,Plural,NA,NA,NA,L2L,7th/8th,Late,Yes,9,36,157,2026,1,0.5555555555555556,NA,NA,-0.2711854607540091,0.7759275508180193
H74,1,2,L2L 7th/8th,7,10,121,NA,NA,NA,5,4,NA,5,Tagalog,Yes,No,No,Selection,FCT-09,1,NA,NA,NA,NA,NA,NA,NA,Clitics,Feminine,Plural,NA,NA,NA,L2L,7th/8th,Late,Yes,9,36,157,2026,1,0.5555555555555556,NA,NA,-0.2711854607540091,0.7759275508180193
H74,1,2,L2L 7th/8th,7,10,121,NA,NA,NA,5,4,NA,5,Tagalog,Yes,No,No,Selection,FCT-11,1,NA,NA,NA,NA,NA,NA,NA,Clitics,Masculine,Singular,NA,NA,NA,L2L,7th/8th,Late,Yes,9,36,157,2026,1,0.5555555555555556,NA,NA,-0.2711854607540091,0.7759275508180193
H74,1,2,L2L 7th/8th,7,10,121,NA,NA,NA,5,4,NA,5,Tagalog,Yes,No,No,Selection,FCT-13,0,NA,NA,NA,NA,NA,NA,NA,Clitics,Feminine,Singular,NA,NA,NA,L2L,7th/8th,Late,Yes,9,36,157,2026,0,0.5555555555555556,NA,NA,-0.2711854607540091,0.7759275508180193
H74,1,2,L2L 7th/8th,7,10,121,NA,NA,NA,5,4,NA,5,Tagalog,Yes,No,No,Selection,FCT-15,1,NA,NA,NA,NA,NA,NA,NA,Clitics,Masculine,Plural,NA,NA,NA,L2L,7th/8th,Late,Yes,9,36,157,2026,1,0.5555555555555556,NA,NA,-0.2711854607540091,0.7759275508180193
H74,1,2,L2L 7th/8th,7,10,121,NA,NA,NA,5,4,NA,5,Tagalog,Yes,No,No,Selection,FCT-17,0,NA,NA,NA,NA,NA,NA,NA,Clitics,Feminine,Plural,NA,NA,NA,L2L,7th/8th,Late,Yes,9,36,157,2026,0,0.5555555555555556,NA,NA,-0.2711854607540091,0.7759275508180193
H74,1,2,L2L 7th/8th,7,10,121,NA,NA,NA,5,4,NA,5,Tagalog,Yes,No,No,Selection,FCT-19,1,NA,NA,NA,NA,NA,NA,NA,Clitics,Masculine,Singular,NA,NA,NA,L2L,7th/8th,Late,Yes,9,36,157,2026,1,0.5555555555555556,NA,NA,-0.2711854607540091,0.7759275508180193
H74,1,2,L2L 7th/8th,7,10,121,NA,NA,NA,5,4,NA,5,Tagalog,Yes,No,No,Selection,FCT-21,0,NA,NA,NA,NA,NA,NA,NA,Clitics,Feminine,Singular,NA,NA,NA,L2L,7th/8th,Late,Yes,9,36,157,2026,0,0.5555555555555556,NA,NA,-0.2711854607540091,0.7759275508180193
H74,1,2,L2L 7th/8th,7,10,121,NA,NA,NA,5,4,NA,5,Tagalog,Yes,No,No,Selection,FCT-23,1,NA,NA,NA,NA,NA,NA,NA,Clitics,Masculine,Plural,NA,NA,NA,L2L,7th/8th,Late,Yes,9,36,157,2026,1,0.5555555555555556,NA,NA,-0.2711854607540091,0.7759275508180193
H74,1,2,L2L 7th/8th,7,10,121,NA,NA,NA,5,4,NA,5,Tagalog,Yes,No,No,Selection,FCT-25,1,NA,NA,NA,NA,NA,NA,NA,Clitics,Feminine,Plural,NA,NA,NA,L2L,7th/8th,Late,Yes,9,36,157,2026,1,0.5555555555555556,NA,NA,-0.2711854607540091,0.7759275508180193
H75,1,1,L2L 4th/5th,4,10,120,NA,NA,NA,2,2,NA,8,L2 learner,L2,L2,L2,Selection,FCT-03,NA,NA,NA,NA,NA,NA,NA,NA,Clitics,Masculine,Singular,NA,NA,NA,L2L,4th/5th,Late,Yes,4,0,120,2023,NA,0.5,NA,NA,-0.3094816515693326,-0.531323608659683
H75,1,1,L2L 4th/5th,4,10,120,NA,NA,NA,2,2,NA,8,L2 learner,L2,L2,L2,Selection,FCT-05,0,NA,NA,NA,NA,NA,NA,NA,Clitics,Feminine,Singular,NA,NA,NA,L2L,4th/5th,Late,Yes,4,0,120,2023,0,0.5,NA,NA,-0.3094816515693326,-0.531323608659683
H75,1,1,L2L 4th/5th,4,10,120,NA,NA,NA,2,2,NA,8,L2 learner,L2,L2,L2,Selection,FCT-07,0,NA,NA,NA,NA,NA,NA,NA,Clitics,Masculine,Plural,NA,NA,NA,L2L,4th/5th,Late,Yes,4,0,120,2023,0,0.5,NA,NA,-0.3094816515693326,-0.531323608659683
H75,1,1,L2L 4th/5th,4,10,120,NA,NA,NA,2,2,NA,8,L2 learner,L2,L2,L2,Selection,FCT-09,1,NA,NA,NA,NA,NA,NA,NA,Clitics,Feminine,Plural,NA,NA,NA,L2L,4th/5th,Late,Yes,4,0,120,2023,1,0.5,NA,NA,-0.3094816515693326,-0.531323608659683
H75,1,1,L2L 4th/5th,4,10,120,NA,NA,NA,2,2,NA,8,L2 learner,L2,L2,L2,Selection,FCT-11,1,NA,NA,NA,NA,NA,NA,NA,Clitics,Masculine,Singular,NA,NA,NA,L2L,4th/5th,Late,Yes,4,0,120,2023,1,0.5,NA,NA,-0.3094816515693326,-0.531323608659683
H75,1,1,L2L 4th/5th,4,10,120,NA,NA,NA,2,2,NA,8,L2 learner,L2,L2,L2,Selection,FCT-13,1,NA,NA,NA,NA,NA,NA,NA,Clitics,Feminine,Singular,NA,NA,NA,L2L,4th/5th,Late,Yes,4,0,120,2023,1,0.5,NA,NA,-0.3094816515693326,-0.531323608659683
H75,1,1,L2L 4th/5th,4,10,120,NA,NA,NA,2,2,NA,8,L2 learner,L2,L2,L2,Selection,FCT-15,1,NA,NA,NA,NA,NA,NA,NA,Clitics,Masculine,Plural,NA,NA,NA,L2L,4th/5th,Late,Yes,4,0,120,2023,1,0.5,NA,NA,-0.3094816515693326,-0.531323608659683
H75,1,1,L2L 4th/5th,4,10,120,NA,NA,NA,2,2,NA,8,L2 learner,L2,L2,L2,Selection,FCT-17,0,NA,NA,NA,NA,NA,NA,NA,Clitics,Feminine,Plural,NA,NA,NA,L2L,4th/5th,Late,Yes,4,0,120,2023,0,0.5,NA,NA,-0.3094816515693326,-0.531323608659683
H75,1,1,L2L 4th/5th,4,10,120,NA,NA,NA,2,2,NA,8,L2 learner,L2,L2,L2,Selection,FCT-19,1,NA,NA,NA,NA,NA,NA,NA,Clitics,Masculine,Singular,NA,NA,NA,L2L,4th/5th,Late,Yes,4,0,120,2023,1,0.5,NA,NA,-0.3094816515693326,-0.531323608659683
H75,1,1,L2L 4th/5th,4,10,120,NA,NA,NA,2,2,NA,8,L2 learner,L2,L2,L2,Selection,FCT-21,1,NA,NA,NA,NA,NA,NA,NA,Clitics,Feminine,Singular,NA,NA,NA,L2L,4th/5th,Late,Yes,4,0,120,2023,1,0.5,NA,NA,-0.3094816515693326,-0.531323608659683
H75,1,1,L2L 4th/5th,4,10,120,NA,NA,NA,2,2,NA,8,L2 learner,L2,L2,L2,Selection,FCT-23,1,NA,NA,NA,NA,NA,NA,NA,Clitics,Masculine,Plural,NA,NA,NA,L2L,4th/5th,Late,Yes,4,0,120,2023,1,0.5,NA,NA,-0.3094816515693326,-0.531323608659683
H75,1,1,L2L 4th/5th,4,10,120,NA,NA,NA,2,2,NA,8,L2 learner,L2,L2,L2,Selection,FCT-25,0,NA,NA,NA,NA,NA,NA,NA,Clitics,Feminine,Plural,NA,NA,NA,L2L,4th/5th,Late,Yes,4,0,120,2023,0,0.5,NA,NA,-0.3094816515693326,-0.531323608659683
H76,1,1,L2L 4th/5th,4,10,126,NA,NA,NA,1,4,3,8,Hindi,Yes,Yes,Yes,Selection,FCT-03,0,NA,NA,NA,NA,NA,NA,NA,Clitics,Masculine,Singular,NA,NA,NA,L2L,4th/5th,Late,Yes,5,0,126,2023,0,0.2,NA,NA,-0.0797045066773919,-0.31933693414978526
H76,1,1,L2L 4th/5th,4,10,126,NA,NA,NA,1,4,3,8,Hindi,Yes,Yes,Yes,Selection,FCT-05,0,NA,NA,NA,NA,NA,NA,NA,Clitics,Feminine,Singular,NA,NA,NA,L2L,4th/5th,Late,Yes,5,0,126,2023,0,0.2,NA,NA,-0.0797045066773919,-0.31933693414978526
H76,1,1,L2L 4th/5th,4,10,126,NA,NA,NA,1,4,3,8,Hindi,Yes,Yes,Yes,Selection,FCT-07,1,NA,NA,NA,NA,NA,NA,NA,Clitics,Masculine,Plural,NA,NA,NA,L2L,4th/5th,Late,Yes,5,0,126,2023,1,0.2,NA,NA,-0.0797045066773919,-0.31933693414978526
H76,1,1,L2L 4th/5th,4,10,126,NA,NA,NA,1,4,3,8,Hindi,Yes,Yes,Yes,Selection,FCT-09,1,NA,NA,NA,NA,NA,NA,NA,Clitics,Feminine,Plural,NA,NA,NA,L2L,4th/5th,Late,Yes,5,0,126,2023,1,0.2,NA,NA,-0.0797045066773919,-0.31933693414978526
H76,1,1,L2L 4th/5th,4,10,126,NA,NA,NA,1,4,3,8,Hindi,Yes,Yes,Yes,Selection,FCT-11,1,NA,NA,NA,NA,NA,NA,NA,Clitics,Masculine,Singular,NA,NA,NA,L2L,4th/5th,Late,Yes,5,0,126,2023,1,0.2,NA,NA,-0.0797045066773919,-0.31933693414978526
H76,1,1,L2L 4th/5th,4,10,126,NA,NA,NA,1,4,3,8,Hindi,Yes,Yes,Yes,Selection,FCT-13,0,NA,NA,NA,NA,NA,NA,NA,Clitics,Feminine,Singular,NA,NA,NA,L2L,4th/5th,Late,Yes,5,0,126,2023,0,0.2,NA,NA,-0.0797045066773919,-0.31933693414978526
H76,1,1,L2L 4th/5th,4,10,126,NA,NA,NA,1,4,3,8,Hindi,Yes,Yes,Yes,Selection,FCT-15,1,NA,NA,NA,NA,NA,NA,NA,Clitics,Masculine,Plural,NA,NA,NA,L2L,4th/5th,Late,Yes,5,0,126,2023,1,0.2,NA,NA,-0.0797045066773919,-0.31933693414978526
H76,1,1,L2L 4th/5th,4,10,126,NA,NA,NA,1,4,3,8,Hindi,Yes,Yes,Yes,Selection,FCT-17,0,NA,NA,NA,NA,NA,NA,NA,Clitics,Feminine,Plural,NA,NA,NA,L2L,4th/5th,Late,Yes,5,0,126,2023,0,0.2,NA,NA,-0.0797045066773919,-0.31933693414978526
H76,1,1,L2L 4th/5th,4,10,126,NA,NA,NA,1,4,3,8,Hindi,Yes,Yes,Yes,Selection,FCT-19,1,NA,NA,NA,NA,NA,NA,NA,Clitics,Masculine,Singular,NA,NA,NA,L2L,4th/5th,Late,Yes,5,0,126,2023,1,0.2,NA,NA,-0.0797045066773919,-0.31933693414978526
H76,1,1,L2L 4th/5th,4,10,126,NA,NA,NA,1,4,3,8,Hindi,Yes,Yes,Yes,Selection,FCT-21,0,NA,NA,NA,NA,NA,NA,NA,Clitics,Feminine,Singular,NA,NA,NA,L2L,4th/5th,Late,Yes,5,0,126,2023,0,0.2,NA,NA,-0.0797045066773919,-0.31933693414978526
H76,1,1,L2L 4th/5th,4,10,126,NA,NA,NA,1,4,3,8,Hindi,Yes,Yes,Yes,Selection,FCT-23,1,NA,NA,NA,NA,NA,NA,NA,Clitics,Masculine,Plural,NA,NA,NA,L2L,4th/5th,Late,Yes,5,0,126,2023,1,0.2,NA,NA,-0.0797045066773919,-0.31933693414978526
H76,1,1,L2L 4th/5th,4,10,126,NA,NA,NA,1,4,3,8,Hindi,Yes,Yes,Yes,Selection,FCT-25,0,NA,NA,NA,NA,NA,NA,NA,Clitics,Feminine,Plural,NA,NA,NA,L2L,4th/5th,Late,Yes,5,0,126,2023,0,0.2,NA,NA,-0.0797045066773919,-0.31933693414978526
H76,1,2,L2L 7th/8th,7,10,126,NA,NA,NA,1,4,3,8,Hindi,Yes,Yes,Yes,Selection,FCT-03,1,NA,NA,NA,NA,NA,NA,NA,Clitics,Masculine,Singular,NA,NA,NA,L2L,7th/8th,Late,Yes,5,36,162,2026,1,0.2,NA,NA,-0.0797045066773919,0.9525831129096007
H76,1,2,L2L 7th/8th,7,10,126,NA,NA,NA,1,4,3,8,Hindi,Yes,Yes,Yes,Selection,FCT-05,0,NA,NA,NA,NA,NA,NA,NA,Clitics,Feminine,Singular,NA,NA,NA,L2L,7th/8th,Late,Yes,5,36,162,2026,0,0.2,NA,NA,-0.0797045066773919,0.9525831129096007
H76,1,2,L2L 7th/8th,7,10,126,NA,NA,NA,1,4,3,8,Hindi,Yes,Yes,Yes,Selection,FCT-07,1,NA,NA,NA,NA,NA,NA,NA,Clitics,Masculine,Plural,NA,NA,NA,L2L,7th/8th,Late,Yes,5,36,162,2026,1,0.2,NA,NA,-0.0797045066773919,0.9525831129096007
H76,1,2,L2L 7th/8th,7,10,126,NA,NA,NA,1,4,3,8,Hindi,Yes,Yes,Yes,Selection,FCT-09,0,NA,NA,NA,NA,NA,NA,NA,Clitics,Feminine,Plural,NA,NA,NA,L2L,7th/8th,Late,Yes,5,36,162,2026,0,0.2,NA,NA,-0.0797045066773919,0.9525831129096007
H76,1,2,L2L 7th/8th,7,10,126,NA,NA,NA,1,4,3,8,Hindi,Yes,Yes,Yes,Selection,FCT-11,1,NA,NA,NA,NA,NA,NA,NA,Clitics,Masculine,Singular,NA,NA,NA,L2L,7th/8th,Late,Yes,5,36,162,2026,1,0.2,NA,NA,-0.0797045066773919,0.9525831129096007
H76,1,2,L2L 7th/8th,7,10,126,NA,NA,NA,1,4,3,8,Hindi,Yes,Yes,Yes,Selection,FCT-13,1,NA,NA,NA,NA,NA,NA,NA,Clitics,Feminine,Singular,NA,NA,NA,L2L,7th/8th,Late,Yes,5,36,162,2026,1,0.2,NA,NA,-0.0797045066773919,0.9525831129096007
H76,1,2,L2L 7th/8th,7,10,126,NA,NA,NA,1,4,3,8,Hindi,Yes,Yes,Yes,Selection,FCT-15,1,NA,NA,NA,NA,NA,NA,NA,Clitics,Masculine,Plural,NA,NA,NA,L2L,7th/8th,Late,Yes,5,36,162,2026,1,0.2,NA,NA,-0.0797045066773919,0.9525831129096007
H76,1,2,L2L 7th/8th,7,10,126,NA,NA,NA,1,4,3,8,Hindi,Yes,Yes,Yes,Selection,FCT-17,1,NA,NA,NA,NA,NA,NA,NA,Clitics,Feminine,Plural,NA,NA,NA,L2L,7th/8th,Late,Yes,5,36,162,2026,1,0.2,NA,NA,-0.0797045066773919,0.9525831129096007
H76,1,2,L2L 7th/8th,7,10,126,NA,NA,NA,1,4,3,8,Hindi,Yes,Yes,Yes,Selection,FCT-19,1,NA,NA,NA,NA,NA,NA,NA,Clitics,Masculine,Singular,NA,NA,NA,L2L,7th/8th,Late,Yes,5,36,162,2026,1,0.2,NA,NA,-0.0797045066773919,0.9525831129096007
H76,1,2,L2L 7th/8th,7,10,126,NA,NA,NA,1,4,3,8,Hindi,Yes,Yes,Yes,Selection,FCT-21,1,NA,NA,NA,NA,NA,NA,NA,Clitics,Feminine,Singular,NA,NA,NA,L2L,7th/8th,Late,Yes,5,36,162,2026,1,0.2,NA,NA,-0.0797045066773919,0.9525831129096007
H76,1,2,L2L 7th/8th,7,10,126,NA,NA,NA,1,4,3,8,Hindi,Yes,Yes,Yes,Selection,FCT-23,1,NA,NA,NA,NA,NA,NA,NA,Clitics,Masculine,Plural,NA,NA,NA,L2L,7th/8th,Late,Yes,5,36,162,2026,1,0.2,NA,NA,-0.0797045066773919,0.9525831129096007
H76,1,2,L2L 7th/8th,7,10,126,NA,NA,NA,1,4,3,8,Hindi,Yes,Yes,Yes,Selection,FCT-25,0,NA,NA,NA,NA,NA,NA,NA,Clitics,Feminine,Plural,NA,NA,NA,L2L,7th/8th,Late,Yes,5,36,162,2026,0,0.2,NA,NA,-0.0797045066773919,0.9525831129096007
H77,1,1,HS 4th/5th,4,11,132,NA,NA,NA,5,5,NA,8,Heritage Spanish,NA,NA,NA,Selection,FCT-03,1,NA,NA,NA,NA,NA,NA,NA,Clitics,Masculine,Singular,NA,NA,NA,HS,4th/5th,Late,Yes,10,0,132,2023,1,0.5,NA,NA,0.1500726382145488,-0.10735025963988762
H77,1,1,HS 4th/5th,4,11,132,NA,NA,NA,5,5,NA,8,Heritage Spanish,NA,NA,NA,Selection,FCT-05,1,NA,NA,NA,NA,NA,NA,NA,Clitics,Feminine,Singular,NA,NA,NA,HS,4th/5th,Late,Yes,10,0,132,2023,1,0.5,NA,NA,0.1500726382145488,-0.10735025963988762
H77,1,1,HS 4th/5th,4,11,132,NA,NA,NA,5,5,NA,8,Heritage Spanish,NA,NA,NA,Selection,FCT-07,0,NA,NA,NA,NA,NA,NA,NA,Clitics,Masculine,Plural,NA,NA,NA,HS,4th/5th,Late,Yes,10,0,132,2023,0,0.5,NA,NA,0.1500726382145488,-0.10735025963988762
H77,1,1,HS 4th/5th,4,11,132,NA,NA,NA,5,5,NA,8,Heritage Spanish,NA,NA,NA,Selection,FCT-09,1,NA,NA,NA,NA,NA,NA,NA,Clitics,Feminine,Plural,NA,NA,NA,HS,4th/5th,Late,Yes,10,0,132,2023,1,0.5,NA,NA,0.1500726382145488,-0.10735025963988762
H77,1,1,HS 4th/5th,4,11,132,NA,NA,NA,5,5,NA,8,Heritage Spanish,NA,NA,NA,Selection,FCT-11,1,NA,NA,NA,NA,NA,NA,NA,Clitics,Masculine,Singular,NA,NA,NA,HS,4th/5th,Late,Yes,10,0,132,2023,1,0.5,NA,NA,0.1500726382145488,-0.10735025963988762
H77,1,1,HS 4th/5th,4,11,132,NA,NA,NA,5,5,NA,8,Heritage Spanish,NA,NA,NA,Selection,FCT-13,1,NA,NA,NA,NA,NA,NA,NA,Clitics,Feminine,Singular,NA,NA,NA,HS,4th/5th,Late,Yes,10,0,132,2023,1,0.5,NA,NA,0.1500726382145488,-0.10735025963988762
H77,1,1,HS 4th/5th,4,11,132,NA,NA,NA,5,5,NA,8,Heritage Spanish,NA,NA,NA,Selection,FCT-15,0,NA,NA,NA,NA,NA,NA,NA,Clitics,Masculine,Plural,NA,NA,NA,HS,4th/5th,Late,Yes,10,0,132,2023,0,0.5,NA,NA,0.1500726382145488,-0.10735025963988762
H77,1,1,HS 4th/5th,4,11,132,NA,NA,NA,5,5,NA,8,Heritage Spanish,NA,NA,NA,Selection,FCT-17,1,NA,NA,NA,NA,NA,NA,NA,Clitics,Feminine,Plural,NA,NA,NA,HS,4th/5th,Late,Yes,10,0,132,2023,1,0.5,NA,NA,0.1500726382145488,-0.10735025963988762
H77,1,1,HS 4th/5th,4,11,132,NA,NA,NA,5,5,NA,8,Heritage Spanish,NA,NA,NA,Selection,FCT-19,1,NA,NA,NA,NA,NA,NA,NA,Clitics,Masculine,Singular,NA,NA,NA,HS,4th/5th,Late,Yes,10,0,132,2023,1,0.5,NA,NA,0.1500726382145488,-0.10735025963988762
H77,1,1,HS 4th/5th,4,11,132,NA,NA,NA,5,5,NA,8,Heritage Spanish,NA,NA,NA,Selection,FCT-21,1,NA,NA,NA,NA,NA,NA,NA,Clitics,Feminine,Singular,NA,NA,NA,HS,4th/5th,Late,Yes,10,0,132,2023,1,0.5,NA,NA,0.1500726382145488,-0.10735025963988762
H77,1,1,HS 4th/5th,4,11,132,NA,NA,NA,5,5,NA,8,Heritage Spanish,NA,NA,NA,Selection,FCT-23,0,NA,NA,NA,NA,NA,NA,NA,Clitics,Masculine,Plural,NA,NA,NA,HS,4th/5th,Late,Yes,10,0,132,2023,0,0.5,NA,NA,0.1500726382145488,-0.10735025963988762
H77,1,1,HS 4th/5th,4,11,132,NA,NA,NA,5,5,NA,8,Heritage Spanish,NA,NA,NA,Selection,FCT-25,1,NA,NA,NA,NA,NA,NA,NA,Clitics,Feminine,Plural,NA,NA,NA,HS,4th/5th,Late,Yes,10,0,132,2023,1,0.5,NA,NA,0.1500726382145488,-0.10735025963988762
H78,1,1,L2L 4th/5th,4,10,123,NA,NA,NA,2,4,NA,8,L2 learner,L2,L2,L2,Selection,FCT-03,1,NA,NA,NA,NA,NA,NA,NA,Clitics,Masculine,Singular,NA,NA,NA,L2L,4th/5th,Late,Yes,6,0,123,2023,1,0.3333333333333333,NA,NA,-0.19459307912336224,-0.4253302714047341
H78,1,1,L2L 4th/5th,4,10,123,NA,NA,NA,2,4,NA,8,L2 learner,L2,L2,L2,Selection,FCT-05,0,NA,NA,NA,NA,NA,NA,NA,Clitics,Feminine,Singular,NA,NA,NA,L2L,4th/5th,Late,Yes,6,0,123,2023,0,0.3333333333333333,NA,NA,-0.19459307912336224,-0.4253302714047341
H78,1,1,L2L 4th/5th,4,10,123,NA,NA,NA,2,4,NA,8,L2 learner,L2,L2,L2,Selection,FCT-07,1,NA,NA,NA,NA,NA,NA,NA,Clitics,Masculine,Plural,NA,NA,NA,L2L,4th/5th,Late,Yes,6,0,123,2023,1,0.3333333333333333,NA,NA,-0.19459307912336224,-0.4253302714047341
H78,1,1,L2L 4th/5th,4,10,123,NA,NA,NA,2,4,NA,8,L2 learner,L2,L2,L2,Selection,FCT-09,0,NA,NA,NA,NA,NA,NA,NA,Clitics,Feminine,Plural,NA,NA,NA,L2L,4th/5th,Late,Yes,6,0,123,2023,0,0.3333333333333333,NA,NA,-0.19459307912336224,-0.4253302714047341
H78,1,1,L2L 4th/5th,4,10,123,NA,NA,NA,2,4,NA,8,L2 learner,L2,L2,L2,Selection,FCT-11,1,NA,NA,NA,NA,NA,NA,NA,Clitics,Masculine,Singular,NA,NA,NA,L2L,4th/5th,Late,Yes,6,0,123,2023,1,0.3333333333333333,NA,NA,-0.19459307912336224,-0.4253302714047341
H78,1,1,L2L 4th/5th,4,10,123,NA,NA,NA,2,4,NA,8,L2 learner,L2,L2,L2,Selection,FCT-13,0,NA,NA,NA,NA,NA,NA,NA,Clitics,Feminine,Singular,NA,NA,NA,L2L,4th/5th,Late,Yes,6,0,123,2023,0,0.3333333333333333,NA,NA,-0.19459307912336224,-0.4253302714047341
H78,1,1,L2L 4th/5th,4,10,123,NA,NA,NA,2,4,NA,8,L2 learner,L2,L2,L2,Selection,FCT-15,1,NA,NA,NA,NA,NA,NA,NA,Clitics,Masculine,Plural,NA,NA,NA,L2L,4th/5th,Late,Yes,6,0,123,2023,1,0.3333333333333333,NA,NA,-0.19459307912336224,-0.4253302714047341
H78,1,1,L2L 4th/5th,4,10,123,NA,NA,NA,2,4,NA,8,L2 learner,L2,L2,L2,Selection,FCT-17,1,NA,NA,NA,NA,NA,NA,NA,Clitics,Feminine,Plural,NA,NA,NA,L2L,4th/5th,Late,Yes,6,0,123,2023,1,0.3333333333333333,NA,NA,-0.19459307912336224,-0.4253302714047341
H78,1,1,L2L 4th/5th,4,10,123,NA,NA,NA,2,4,NA,8,L2 learner,L2,L2,L2,Selection,FCT-19,1,NA,NA,NA,NA,NA,NA,NA,Clitics,Masculine,Singular,NA,NA,NA,L2L,4th/5th,Late,Yes,6,0,123,2023,1,0.3333333333333333,NA,NA,-0.19459307912336224,-0.4253302714047341
H78,1,1,L2L 4th/5th,4,10,123,NA,NA,NA,2,4,NA,8,L2 learner,L2,L2,L2,Selection,FCT-21,0,NA,NA,NA,NA,NA,NA,NA,Clitics,Feminine,Singular,NA,NA,NA,L2L,4th/5th,Late,Yes,6,0,123,2023,0,0.3333333333333333,NA,NA,-0.19459307912336224,-0.4253302714047341
H78,1,1,L2L 4th/5th,4,10,123,NA,NA,NA,2,4,NA,8,L2 learner,L2,L2,L2,Selection,FCT-23,1,NA,NA,NA,NA,NA,NA,NA,Clitics,Masculine,Plural,NA,NA,NA,L2L,4th/5th,Late,Yes,6,0,123,2023,1,0.3333333333333333,NA,NA,-0.19459307912336224,-0.4253302714047341
H78,1,1,L2L 4th/5th,4,10,123,NA,NA,NA,2,4,NA,8,L2 learner,L2,L2,L2,Selection,FCT-25,1,NA,NA,NA,NA,NA,NA,NA,Clitics,Feminine,Plural,NA,NA,NA,L2L,4th/5th,Late,Yes,6,0,123,2023,1,0.3333333333333333,NA,NA,-0.19459307912336224,-0.4253302714047341
H79,2,1,L2L 7th/8th,7,NA,157,NA,NA,NA,NA,NA,NA,NA,L2 Learner,NA,NA,NA,Selection,FCT-03,0,NA,NA,NA,NA,NA,NA,NA,Clitics,Masculine,Singular,NA,NA,NA,L2L,7th/8th,Late,Yes,NA,0,157,2026,0,NA,NA,NA,1.107477408597635,0.7759275508180193
H79,2,1,L2L 7th/8th,7,NA,157,NA,NA,NA,NA,NA,NA,NA,L2 Learner,NA,NA,NA,Selection,FCT-05,1,NA,NA,NA,NA,NA,NA,NA,Clitics,Feminine,Singular,NA,NA,NA,L2L,7th/8th,Late,Yes,NA,0,157,2026,1,NA,NA,NA,1.107477408597635,0.7759275508180193
H79,2,1,L2L 7th/8th,7,NA,157,NA,NA,NA,NA,NA,NA,NA,L2 Learner,NA,NA,NA,Selection,FCT-07,0,NA,NA,NA,NA,NA,NA,NA,Clitics,Masculine,Plural,NA,NA,NA,L2L,7th/8th,Late,Yes,NA,0,157,2026,0,NA,NA,NA,1.107477408597635,0.7759275508180193
H79,2,1,L2L 7th/8th,7,NA,157,NA,NA,NA,NA,NA,NA,NA,L2 Learner,NA,NA,NA,Selection,FCT-09,1,NA,NA,NA,NA,NA,NA,NA,Clitics,Feminine,Plural,NA,NA,NA,L2L,7th/8th,Late,Yes,NA,0,157,2026,1,NA,NA,NA,1.107477408597635,0.7759275508180193
H79,2,1,L2L 7th/8th,7,NA,157,NA,NA,NA,NA,NA,NA,NA,L2 Learner,NA,NA,NA,Selection,FCT-11,0,NA,NA,NA,NA,NA,NA,NA,Clitics,Masculine,Singular,NA,NA,NA,L2L,7th/8th,Late,Yes,NA,0,157,2026,0,NA,NA,NA,1.107477408597635,0.7759275508180193
H79,2,1,L2L 7th/8th,7,NA,157,NA,NA,NA,NA,NA,NA,NA,L2 Learner,NA,NA,NA,Selection,FCT-13,1,NA,NA,NA,NA,NA,NA,NA,Clitics,Feminine,Singular,NA,NA,NA,L2L,7th/8th,Late,Yes,NA,0,157,2026,1,NA,NA,NA,1.107477408597635,0.7759275508180193
H79,2,1,L2L 7th/8th,7,NA,157,NA,NA,NA,NA,NA,NA,NA,L2 Learner,NA,NA,NA,Selection,FCT-15,0,NA,NA,NA,NA,NA,NA,NA,Clitics,Masculine,Plural,NA,NA,NA,L2L,7th/8th,Late,Yes,NA,0,157,2026,0,NA,NA,NA,1.107477408597635,0.7759275508180193
H79,2,1,L2L 7th/8th,7,NA,157,NA,NA,NA,NA,NA,NA,NA,L2 Learner,NA,NA,NA,Selection,FCT-17,1,NA,NA,NA,NA,NA,NA,NA,Clitics,Feminine,Plural,NA,NA,NA,L2L,7th/8th,Late,Yes,NA,0,157,2026,1,NA,NA,NA,1.107477408597635,0.7759275508180193
H79,2,1,L2L 7th/8th,7,NA,157,NA,NA,NA,NA,NA,NA,NA,L2 Learner,NA,NA,NA,Selection,FCT-19,0,NA,NA,NA,NA,NA,NA,NA,Clitics,Masculine,Singular,NA,NA,NA,L2L,7th/8th,Late,Yes,NA,0,157,2026,0,NA,NA,NA,1.107477408597635,0.7759275508180193
H79,2,1,L2L 7th/8th,7,NA,157,NA,NA,NA,NA,NA,NA,NA,L2 Learner,NA,NA,NA,Selection,FCT-21,1,NA,NA,NA,NA,NA,NA,NA,Clitics,Feminine,Singular,NA,NA,NA,L2L,7th/8th,Late,Yes,NA,0,157,2026,1,NA,NA,NA,1.107477408597635,0.7759275508180193
H79,2,1,L2L 7th/8th,7,NA,157,NA,NA,NA,NA,NA,NA,NA,L2 Learner,NA,NA,NA,Selection,FCT-23,1,NA,NA,NA,NA,NA,NA,NA,Clitics,Masculine,Plural,NA,NA,NA,L2L,7th/8th,Late,Yes,NA,0,157,2026,1,NA,NA,NA,1.107477408597635,0.7759275508180193
H79,2,1,L2L 7th/8th,7,NA,157,NA,NA,NA,NA,NA,NA,NA,L2 Learner,NA,NA,NA,Selection,FCT-25,1,NA,NA,NA,NA,NA,NA,NA,Clitics,Feminine,Plural,NA,NA,NA,L2L,7th/8th,Late,Yes,NA,0,157,2026,1,NA,NA,NA,1.107477408597635,0.7759275508180193
H80,2,1,HS 7th/8th,7,NA,156,NA,NA,NA,NA,NA,NA,NA,Heritage Spanish,NA,NA,NA,Selection,FCT-03,0,NA,NA,NA,NA,NA,NA,NA,Clitics,Masculine,Singular,NA,NA,NA,HS,7th/8th,Late,Yes,NA,0,156,2026,0,NA,NA,NA,1.0691812177823117,0.740596438399703
H80,2,1,HS 7th/8th,7,NA,156,NA,NA,NA,NA,NA,NA,NA,Heritage Spanish,NA,NA,NA,Selection,FCT-05,0,NA,NA,NA,NA,NA,NA,NA,Clitics,Feminine,Singular,NA,NA,NA,HS,7th/8th,Late,Yes,NA,0,156,2026,0,NA,NA,NA,1.0691812177823117,0.740596438399703
H80,2,1,HS 7th/8th,7,NA,156,NA,NA,NA,NA,NA,NA,NA,Heritage Spanish,NA,NA,NA,Selection,FCT-07,1,NA,NA,NA,NA,NA,NA,NA,Clitics,Masculine,Plural,NA,NA,NA,HS,7th/8th,Late,Yes,NA,0,156,2026,1,NA,NA,NA,1.0691812177823117,0.740596438399703
H80,2,1,HS 7th/8th,7,NA,156,NA,NA,NA,NA,NA,NA,NA,Heritage Spanish,NA,NA,NA,Selection,FCT-09,0,NA,NA,NA,NA,NA,NA,NA,Clitics,Feminine,Plural,NA,NA,NA,HS,7th/8th,Late,Yes,NA,0,156,2026,0,NA,NA,NA,1.0691812177823117,0.740596438399703
H80,2,1,HS 7th/8th,7,NA,156,NA,NA,NA,NA,NA,NA,NA,Heritage Spanish,NA,NA,NA,Selection,FCT-11,1,NA,NA,NA,NA,NA,NA,NA,Clitics,Masculine,Singular,NA,NA,NA,HS,7th/8th,Late,Yes,NA,0,156,2026,1,NA,NA,NA,1.0691812177823117,0.740596438399703
H80,2,1,HS 7th/8th,7,NA,156,NA,NA,NA,NA,NA,NA,NA,Heritage Spanish,NA,NA,NA,Selection,FCT-13,1,NA,NA,NA,NA,NA,NA,NA,Clitics,Feminine,Singular,NA,NA,NA,HS,7th/8th,Late,Yes,NA,0,156,2026,1,NA,NA,NA,1.0691812177823117,0.740596438399703
H80,2,1,HS 7th/8th,7,NA,156,NA,NA,NA,NA,NA,NA,NA,Heritage Spanish,NA,NA,NA,Selection,FCT-15,1,NA,NA,NA,NA,NA,NA,NA,Clitics,Masculine,Plural,NA,NA,NA,HS,7th/8th,Late,Yes,NA,0,156,2026,1,NA,NA,NA,1.0691812177823117,0.740596438399703
H80,2,1,HS 7th/8th,7,NA,156,NA,NA,NA,NA,NA,NA,NA,Heritage Spanish,NA,NA,NA,Selection,FCT-17,0,NA,NA,NA,NA,NA,NA,NA,Clitics,Feminine,Plural,NA,NA,NA,HS,7th/8th,Late,Yes,NA,0,156,2026,0,NA,NA,NA,1.0691812177823117,0.740596438399703
H80,2,1,HS 7th/8th,7,NA,156,NA,NA,NA,NA,NA,NA,NA,Heritage Spanish,NA,NA,NA,Selection,FCT-19,0,NA,NA,NA,NA,NA,NA,NA,Clitics,Masculine,Singular,NA,NA,NA,HS,7th/8th,Late,Yes,NA,0,156,2026,0,NA,NA,NA,1.0691812177823117,0.740596438399703
H80,2,1,HS 7th/8th,7,NA,156,NA,NA,NA,NA,NA,NA,NA,Heritage Spanish,NA,NA,NA,Selection,FCT-21,1,NA,NA,NA,NA,NA,NA,NA,Clitics,Feminine,Singular,NA,NA,NA,HS,7th/8th,Late,Yes,NA,0,156,2026,1,NA,NA,NA,1.0691812177823117,0.740596438399703
H80,2,1,HS 7th/8th,7,NA,156,NA,NA,NA,NA,NA,NA,NA,Heritage Spanish,NA,NA,NA,Selection,FCT-23,1,NA,NA,NA,NA,NA,NA,NA,Clitics,Masculine,Plural,NA,NA,NA,HS,7th/8th,Late,Yes,NA,0,156,2026,1,NA,NA,NA,1.0691812177823117,0.740596438399703
H80,2,1,HS 7th/8th,7,NA,156,NA,NA,NA,NA,NA,NA,NA,Heritage Spanish,NA,NA,NA,Selection,FCT-25,1,NA,NA,NA,NA,NA,NA,NA,Clitics,Feminine,Plural,NA,NA,NA,HS,7th/8th,Late,Yes,NA,0,156,2026,1,NA,NA,NA,1.0691812177823117,0.740596438399703
H81,2,1,NA,6,NA,140,NA,NA,NA,NA,NA,NA,NA,Heritage Spanish,NA,NA,NA,Selection,FCT-03,1,NA,NA,NA,NA,NA,NA,NA,Clitics,Masculine,Singular,NA,NA,NA,HS,NA,Late,Yes,NA,0,140,2026,1,NA,NA,NA,0.4564421647371364,0.1752986397066426
H81,2,1,NA,6,NA,140,NA,NA,NA,NA,NA,NA,NA,Heritage Spanish,NA,NA,NA,Selection,FCT-05,0,NA,NA,NA,NA,NA,NA,NA,Clitics,Feminine,Singular,NA,NA,NA,HS,NA,Late,Yes,NA,0,140,2026,0,NA,NA,NA,0.4564421647371364,0.1752986397066426
H81,2,1,NA,6,NA,140,NA,NA,NA,NA,NA,NA,NA,Heritage Spanish,NA,NA,NA,Selection,FCT-07,1,NA,NA,NA,NA,NA,NA,NA,Clitics,Masculine,Plural,NA,NA,NA,HS,NA,Late,Yes,NA,0,140,2026,1,NA,NA,NA,0.4564421647371364,0.1752986397066426
H81,2,1,NA,6,NA,140,NA,NA,NA,NA,NA,NA,NA,Heritage Spanish,NA,NA,NA,Selection,FCT-09,1,NA,NA,NA,NA,NA,NA,NA,Clitics,Feminine,Plural,NA,NA,NA,HS,NA,Late,Yes,NA,0,140,2026,1,NA,NA,NA,0.4564421647371364,0.1752986397066426
H81,2,1,NA,6,NA,140,NA,NA,NA,NA,NA,NA,NA,Heritage Spanish,NA,NA,NA,Selection,FCT-11,0,NA,NA,NA,NA,NA,NA,NA,Clitics,Masculine,Singular,NA,NA,NA,HS,NA,Late,Yes,NA,0,140,2026,0,NA,NA,NA,0.4564421647371364,0.1752986397066426
H81,2,1,NA,6,NA,140,NA,NA,NA,NA,NA,NA,NA,Heritage Spanish,NA,NA,NA,Selection,FCT-13,1,NA,NA,NA,NA,NA,NA,NA,Clitics,Feminine,Singular,NA,NA,NA,HS,NA,Late,Yes,NA,0,140,2026,1,NA,NA,NA,0.4564421647371364,0.1752986397066426
H81,2,1,NA,6,NA,140,NA,NA,NA,NA,NA,NA,NA,Heritage Spanish,NA,NA,NA,Selection,FCT-15,1,NA,NA,NA,NA,NA,NA,NA,Clitics,Masculine,Plural,NA,NA,NA,HS,NA,Late,Yes,NA,0,140,2026,1,NA,NA,NA,0.4564421647371364,0.1752986397066426
H81,2,1,NA,6,NA,140,NA,NA,NA,NA,NA,NA,NA,Heritage Spanish,NA,NA,NA,Selection,FCT-17,1,NA,NA,NA,NA,NA,NA,NA,Clitics,Feminine,Plural,NA,NA,NA,HS,NA,Late,Yes,NA,0,140,2026,1,NA,NA,NA,0.4564421647371364,0.1752986397066426
H81,2,1,NA,6,NA,140,NA,NA,NA,NA,NA,NA,NA,Heritage Spanish,NA,NA,NA,Selection,FCT-19,1,NA,NA,NA,NA,NA,NA,NA,Clitics,Masculine,Singular,NA,NA,NA,HS,NA,Late,Yes,NA,0,140,2026,1,NA,NA,NA,0.4564421647371364,0.1752986397066426
H81,2,1,NA,6,NA,140,NA,NA,NA,NA,NA,NA,NA,Heritage Spanish,NA,NA,NA,Selection,FCT-21,1,NA,NA,NA,NA,NA,NA,NA,Clitics,Feminine,Singular,NA,NA,NA,HS,NA,Late,Yes,NA,0,140,2026,1,NA,NA,NA,0.4564421647371364,0.1752986397066426
H81,2,1,NA,6,NA,140,NA,NA,NA,NA,NA,NA,NA,Heritage Spanish,NA,NA,NA,Selection,FCT-23,1,NA,NA,NA,NA,NA,NA,NA,Clitics,Masculine,Plural,NA,NA,NA,HS,NA,Late,Yes,NA,0,140,2026,1,NA,NA,NA,0.4564421647371364,0.1752986397066426
H81,2,1,NA,6,NA,140,NA,NA,NA,NA,NA,NA,NA,Heritage Spanish,NA,NA,NA,Selection,FCT-25,1,NA,NA,NA,NA,NA,NA,NA,Clitics,Feminine,Plural,NA,NA,NA,HS,NA,Late,Yes,NA,0,140,2026,1,NA,NA,NA,0.4564421647371364,0.1752986397066426
H82,2,1,NA,6,NA,140,NA,NA,NA,NA,NA,NA,NA,Heritage Spanish,NA,NA,NA,Selection,FCT-03,1,NA,NA,NA,NA,NA,NA,NA,Clitics,Masculine,Singular,NA,NA,NA,HS,NA,Late,Yes,NA,0,140,2026,1,NA,NA,NA,0.4564421647371364,0.1752986397066426
H82,2,1,NA,6,NA,140,NA,NA,NA,NA,NA,NA,NA,Heritage Spanish,NA,NA,NA,Selection,FCT-05,1,NA,NA,NA,NA,NA,NA,NA,Clitics,Feminine,Singular,NA,NA,NA,HS,NA,Late,Yes,NA,0,140,2026,1,NA,NA,NA,0.4564421647371364,0.1752986397066426
H82,2,1,NA,6,NA,140,NA,NA,NA,NA,NA,NA,NA,Heritage Spanish,NA,NA,NA,Selection,FCT-07,1,NA,NA,NA,NA,NA,NA,NA,Clitics,Masculine,Plural,NA,NA,NA,HS,NA,Late,Yes,NA,0,140,2026,1,NA,NA,NA,0.4564421647371364,0.1752986397066426
H82,2,1,NA,6,NA,140,NA,NA,NA,NA,NA,NA,NA,Heritage Spanish,NA,NA,NA,Selection,FCT-09,0,NA,NA,NA,NA,NA,NA,NA,Clitics,Feminine,Plural,NA,NA,NA,HS,NA,Late,Yes,NA,0,140,2026,0,NA,NA,NA,0.4564421647371364,0.1752986397066426
H82,2,1,NA,6,NA,140,NA,NA,NA,NA,NA,NA,NA,Heritage Spanish,NA,NA,NA,Selection,FCT-11,0,NA,NA,NA,NA,NA,NA,NA,Clitics,Masculine,Singular,NA,NA,NA,HS,NA,Late,Yes,NA,0,140,2026,0,NA,NA,NA,0.4564421647371364,0.1752986397066426
H82,2,1,NA,6,NA,140,NA,NA,NA,NA,NA,NA,NA,Heritage Spanish,NA,NA,NA,Selection,FCT-13,1,NA,NA,NA,NA,NA,NA,NA,Clitics,Feminine,Singular,NA,NA,NA,HS,NA,Late,Yes,NA,0,140,2026,1,NA,NA,NA,0.4564421647371364,0.1752986397066426
H82,2,1,NA,6,NA,140,NA,NA,NA,NA,NA,NA,NA,Heritage Spanish,NA,NA,NA,Selection,FCT-15,1,NA,NA,NA,NA,NA,NA,NA,Clitics,Masculine,Plural,NA,NA,NA,HS,NA,Late,Yes,NA,0,140,2026,1,NA,NA,NA,0.4564421647371364,0.1752986397066426
H82,2,1,NA,6,NA,140,NA,NA,NA,NA,NA,NA,NA,Heritage Spanish,NA,NA,NA,Selection,FCT-17,1,NA,NA,NA,NA,NA,NA,NA,Clitics,Feminine,Plural,NA,NA,NA,HS,NA,Late,Yes,NA,0,140,2026,1,NA,NA,NA,0.4564421647371364,0.1752986397066426
H82,2,1,NA,6,NA,140,NA,NA,NA,NA,NA,NA,NA,Heritage Spanish,NA,NA,NA,Selection,FCT-19,1,NA,NA,NA,NA,NA,NA,NA,Clitics,Masculine,Singular,NA,NA,NA,HS,NA,Late,Yes,NA,0,140,2026,1,NA,NA,NA,0.4564421647371364,0.1752986397066426
H82,2,1,NA,6,NA,140,NA,NA,NA,NA,NA,NA,NA,Heritage Spanish,NA,NA,NA,Selection,FCT-21,1,NA,NA,NA,NA,NA,NA,NA,Clitics,Feminine,Singular,NA,NA,NA,HS,NA,Late,Yes,NA,0,140,2026,1,NA,NA,NA,0.4564421647371364,0.1752986397066426
H82,2,1,NA,6,NA,140,NA,NA,NA,NA,NA,NA,NA,Heritage Spanish,NA,NA,NA,Selection,FCT-23,1,NA,NA,NA,NA,NA,NA,NA,Clitics,Masculine,Plural,NA,NA,NA,HS,NA,Late,Yes,NA,0,140,2026,1,NA,NA,NA,0.4564421647371364,0.1752986397066426
H82,2,1,NA,6,NA,140,NA,NA,NA,NA,NA,NA,NA,Heritage Spanish,NA,NA,NA,Selection,FCT-25,1,NA,NA,NA,NA,NA,NA,NA,Clitics,Feminine,Plural,NA,NA,NA,HS,NA,Late,Yes,NA,0,140,2026,1,NA,NA,NA,0.4564421647371364,0.1752986397066426
H84,2,1,L2L 7th/8th,7,NA,159,NA,NA,NA,NA,NA,NA,NA,"Russian, Turkish",NA,NA,NA,Selection,FCT-03,1,NA,NA,NA,NA,NA,NA,NA,Clitics,Masculine,Singular,NA,NA,NA,L2L,7th/8th,Late,Yes,NA,0,159,2026,1,NA,NA,NA,1.184069790228282,0.8465897756546519
H84,2,1,L2L 7th/8th,7,NA,159,NA,NA,NA,NA,NA,NA,NA,"Russian, Turkish",NA,NA,NA,Selection,FCT-05,1,NA,NA,NA,NA,NA,NA,NA,Clitics,Feminine,Singular,NA,NA,NA,L2L,7th/8th,Late,Yes,NA,0,159,2026,1,NA,NA,NA,1.184069790228282,0.8465897756546519
H84,2,1,L2L 7th/8th,7,NA,159,NA,NA,NA,NA,NA,NA,NA,"Russian, Turkish",NA,NA,NA,Selection,FCT-07,0,NA,NA,NA,NA,NA,NA,NA,Clitics,Masculine,Plural,NA,NA,NA,L2L,7th/8th,Late,Yes,NA,0,159,2026,0,NA,NA,NA,1.184069790228282,0.8465897756546519
H84,2,1,L2L 7th/8th,7,NA,159,NA,NA,NA,NA,NA,NA,NA,"Russian, Turkish",NA,NA,NA,Selection,FCT-09,1,NA,NA,NA,NA,NA,NA,NA,Clitics,Feminine,Plural,NA,NA,NA,L2L,7th/8th,Late,Yes,NA,0,159,2026,1,NA,NA,NA,1.184069790228282,0.8465897756546519
H84,2,1,L2L 7th/8th,7,NA,159,NA,NA,NA,NA,NA,NA,NA,"Russian, Turkish",NA,NA,NA,Selection,FCT-11,0,NA,NA,NA,NA,NA,NA,NA,Clitics,Masculine,Singular,NA,NA,NA,L2L,7th/8th,Late,Yes,NA,0,159,2026,0,NA,NA,NA,1.184069790228282,0.8465897756546519
H84,2,1,L2L 7th/8th,7,NA,159,NA,NA,NA,NA,NA,NA,NA,"Russian, Turkish",NA,NA,NA,Selection,FCT-13,0,NA,NA,NA,NA,NA,NA,NA,Clitics,Feminine,Singular,NA,NA,NA,L2L,7th/8th,Late,Yes,NA,0,159,2026,0,NA,NA,NA,1.184069790228282,0.8465897756546519
H84,2,1,L2L 7th/8th,7,NA,159,NA,NA,NA,NA,NA,NA,NA,"Russian, Turkish",NA,NA,NA,Selection,FCT-15,0,NA,NA,NA,NA,NA,NA,NA,Clitics,Masculine,Plural,NA,NA,NA,L2L,7th/8th,Late,Yes,NA,0,159,2026,0,NA,NA,NA,1.184069790228282,0.8465897756546519
H84,2,1,L2L 7th/8th,7,NA,159,NA,NA,NA,NA,NA,NA,NA,"Russian, Turkish",NA,NA,NA,Selection,FCT-17,1,NA,NA,NA,NA,NA,NA,NA,Clitics,Feminine,Plural,NA,NA,NA,L2L,7th/8th,Late,Yes,NA,0,159,2026,1,NA,NA,NA,1.184069790228282,0.8465897756546519
H84,2,1,L2L 7th/8th,7,NA,159,NA,NA,NA,NA,NA,NA,NA,"Russian, Turkish",NA,NA,NA,Selection,FCT-19,0,NA,NA,NA,NA,NA,NA,NA,Clitics,Masculine,Singular,NA,NA,NA,L2L,7th/8th,Late,Yes,NA,0,159,2026,0,NA,NA,NA,1.184069790228282,0.8465897756546519
H84,2,1,L2L 7th/8th,7,NA,159,NA,NA,NA,NA,NA,NA,NA,"Russian, Turkish",NA,NA,NA,Selection,FCT-21,1,NA,NA,NA,NA,NA,NA,NA,Clitics,Feminine,Singular,NA,NA,NA,L2L,7th/8th,Late,Yes,NA,0,159,2026,1,NA,NA,NA,1.184069790228282,0.8465897756546519
H84,2,1,L2L 7th/8th,7,NA,159,NA,NA,NA,NA,NA,NA,NA,"Russian, Turkish",NA,NA,NA,Selection,FCT-23,0,NA,NA,NA,NA,NA,NA,NA,Clitics,Masculine,Plural,NA,NA,NA,L2L,7th/8th,Late,Yes,NA,0,159,2026,0,NA,NA,NA,1.184069790228282,0.8465897756546519
H84,2,1,L2L 7th/8th,7,NA,159,NA,NA,NA,NA,NA,NA,NA,"Russian, Turkish",NA,NA,NA,Selection,FCT-25,1,NA,NA,NA,NA,NA,NA,NA,Clitics,Feminine,Plural,NA,NA,NA,L2L,7th/8th,Late,Yes,NA,0,159,2026,1,NA,NA,NA,1.184069790228282,0.8465897756546519
H85,2,1,L2L 4th/5th,4,NA,120,NA,NA,NA,NA,NA,NA,NA,NA,NA,NA,NA,Selection,FCT-03,1,NA,NA,NA,NA,NA,NA,NA,Clitics,Masculine,Singular,NA,NA,NA,L2L,4th/5th,Late,Yes,NA,0,120,2026,1,NA,NA,NA,-0.3094816515693326,-0.531323608659683
H85,2,1,L2L 4th/5th,4,NA,120,NA,NA,NA,NA,NA,NA,NA,NA,NA,NA,NA,Selection,FCT-05,0,NA,NA,NA,NA,NA,NA,NA,Clitics,Feminine,Singular,NA,NA,NA,L2L,4th/5th,Late,Yes,NA,0,120,2026,0,NA,NA,NA,-0.3094816515693326,-0.531323608659683
H85,2,1,L2L 4th/5th,4,NA,120,NA,NA,NA,NA,NA,NA,NA,NA,NA,NA,NA,Selection,FCT-07,0,NA,NA,NA,NA,NA,NA,NA,Clitics,Masculine,Plural,NA,NA,NA,L2L,4th/5th,Late,Yes,NA,0,120,2026,0,NA,NA,NA,-0.3094816515693326,-0.531323608659683
H85,2,1,L2L 4th/5th,4,NA,120,NA,NA,NA,NA,NA,NA,NA,NA,NA,NA,NA,Selection,FCT-09,1,NA,NA,NA,NA,NA,NA,NA,Clitics,Feminine,Plural,NA,NA,NA,L2L,4th/5th,Late,Yes,NA,0,120,2026,1,NA,NA,NA,-0.3094816515693326,-0.531323608659683
H85,2,1,L2L 4th/5th,4,NA,120,NA,NA,NA,NA,NA,NA,NA,NA,NA,NA,NA,Selection,FCT-11,1,NA,NA,NA,NA,NA,NA,NA,Clitics,Masculine,Singular,NA,NA,NA,L2L,4th/5th,Late,Yes,NA,0,120,2026,1,NA,NA,NA,-0.3094816515693326,-0.531323608659683
H85,2,1,L2L 4th/5th,4,NA,120,NA,NA,NA,NA,NA,NA,NA,NA,NA,NA,NA,Selection,FCT-13,1,NA,NA,NA,NA,NA,NA,NA,Clitics,Feminine,Singular,NA,NA,NA,L2L,4th/5th,Late,Yes,NA,0,120,2026,1,NA,NA,NA,-0.3094816515693326,-0.531323608659683
H85,2,1,L2L 4th/5th,4,NA,120,NA,NA,NA,NA,NA,NA,NA,NA,NA,NA,NA,Selection,FCT-15,1,NA,NA,NA,NA,NA,NA,NA,Clitics,Masculine,Plural,NA,NA,NA,L2L,4th/5th,Late,Yes,NA,0,120,2026,1,NA,NA,NA,-0.3094816515693326,-0.531323608659683
H85,2,1,L2L 4th/5th,4,NA,120,NA,NA,NA,NA,NA,NA,NA,NA,NA,NA,NA,Selection,FCT-17,0,NA,NA,NA,NA,NA,NA,NA,Clitics,Feminine,Plural,NA,NA,NA,L2L,4th/5th,Late,Yes,NA,0,120,2026,0,NA,NA,NA,-0.3094816515693326,-0.531323608659683
H85,2,1,L2L 4th/5th,4,NA,120,NA,NA,NA,NA,NA,NA,NA,NA,NA,NA,NA,Selection,FCT-19,1,NA,NA,NA,NA,NA,NA,NA,Clitics,Masculine,Singular,NA,NA,NA,L2L,4th/5th,Late,Yes,NA,0,120,2026,1,NA,NA,NA,-0.3094816515693326,-0.531323608659683
H85,2,1,L2L 4th/5th,4,NA,120,NA,NA,NA,NA,NA,NA,NA,NA,NA,NA,NA,Selection,FCT-21,0,NA,NA,NA,NA,NA,NA,NA,Clitics,Feminine,Singular,NA,NA,NA,L2L,4th/5th,Late,Yes,NA,0,120,2026,0,NA,NA,NA,-0.3094816515693326,-0.531323608659683
H85,2,1,L2L 4th/5th,4,NA,120,NA,NA,NA,NA,NA,NA,NA,NA,NA,NA,NA,Selection,FCT-23,1,NA,NA,NA,NA,NA,NA,NA,Clitics,Masculine,Plural,NA,NA,NA,L2L,4th/5th,Late,Yes,NA,0,120,2026,1,NA,NA,NA,-0.3094816515693326,-0.531323608659683
H85,2,1,L2L 4th/5th,4,NA,120,NA,NA,NA,NA,NA,NA,NA,NA,NA,NA,NA,Selection,FCT-25,1,NA,NA,NA,NA,NA,NA,NA,Clitics,Feminine,Plural,NA,NA,NA,L2L,4th/5th,Late,Yes,NA,0,120,2026,1,NA,NA,NA,-0.3094816515693326,-0.531323608659683
H86,2,1,L2L 2nd,2,NA,92,NA,NA,NA,NA,NA,NA,NA,NA,NA,NA,NA,Selection,FCT-03,1,NA,NA,NA,NA,NA,NA,NA,Clitics,Masculine,Singular,NA,NA,NA,L2L,2nd,Late,Yes,NA,0,92,2026,1,NA,NA,NA,-1.3817749943983892,-1.5205947563725386
H86,2,1,L2L 2nd,2,NA,92,NA,NA,NA,NA,NA,NA,NA,NA,NA,NA,NA,Selection,FCT-05,0,NA,NA,NA,NA,NA,NA,NA,Clitics,Feminine,Singular,NA,NA,NA,L2L,2nd,Late,Yes,NA,0,92,2026,0,NA,NA,NA,-1.3817749943983892,-1.5205947563725386
H86,2,1,L2L 2nd,2,NA,92,NA,NA,NA,NA,NA,NA,NA,NA,NA,NA,NA,Selection,FCT-07,1,NA,NA,NA,NA,NA,NA,NA,Clitics,Masculine,Plural,NA,NA,NA,L2L,2nd,Late,Yes,NA,0,92,2026,1,NA,NA,NA,-1.3817749943983892,-1.5205947563725386
H86,2,1,L2L 2nd,2,NA,92,NA,NA,NA,NA,NA,NA,NA,NA,NA,NA,NA,Selection,FCT-09,1,NA,NA,NA,NA,NA,NA,NA,Clitics,Feminine,Plural,NA,NA,NA,L2L,2nd,Late,Yes,NA,0,92,2026,1,NA,NA,NA,-1.3817749943983892,-1.5205947563725386
H86,2,1,L2L 2nd,2,NA,92,NA,NA,NA,NA,NA,NA,NA,NA,NA,NA,NA,Selection,FCT-11,1,NA,NA,NA,NA,NA,NA,NA,Clitics,Masculine,Singular,NA,NA,NA,L2L,2nd,Late,Yes,NA,0,92,2026,1,NA,NA,NA,-1.3817749943983892,-1.5205947563725386
H86,2,1,L2L 2nd,2,NA,92,NA,NA,NA,NA,NA,NA,NA,NA,NA,NA,NA,Selection,FCT-13,1,NA,NA,NA,NA,NA,NA,NA,Clitics,Feminine,Singular,NA,NA,NA,L2L,2nd,Late,Yes,NA,0,92,2026,1,NA,NA,NA,-1.3817749943983892,-1.5205947563725386
H86,2,1,L2L 2nd,2,NA,92,NA,NA,NA,NA,NA,NA,NA,NA,NA,NA,NA,Selection,FCT-15,0,NA,NA,NA,NA,NA,NA,NA,Clitics,Masculine,Plural,NA,NA,NA,L2L,2nd,Late,Yes,NA,0,92,2026,0,NA,NA,NA,-1.3817749943983892,-1.5205947563725386
H86,2,1,L2L 2nd,2,NA,92,NA,NA,NA,NA,NA,NA,NA,NA,NA,NA,NA,Selection,FCT-17,0,NA,NA,NA,NA,NA,NA,NA,Clitics,Feminine,Plural,NA,NA,NA,L2L,2nd,Late,Yes,NA,0,92,2026,0,NA,NA,NA,-1.3817749943983892,-1.5205947563725386
H86,2,1,L2L 2nd,2,NA,92,NA,NA,NA,NA,NA,NA,NA,NA,NA,NA,NA,Selection,FCT-19,0,NA,NA,NA,NA,NA,NA,NA,Clitics,Masculine,Singular,NA,NA,NA,L2L,2nd,Late,Yes,NA,0,92,2026,0,NA,NA,NA,-1.3817749943983892,-1.5205947563725386
H86,2,1,L2L 2nd,2,NA,92,NA,NA,NA,NA,NA,NA,NA,NA,NA,NA,NA,Selection,FCT-21,0,NA,NA,NA,NA,NA,NA,NA,Clitics,Feminine,Singular,NA,NA,NA,L2L,2nd,Late,Yes,NA,0,92,2026,0,NA,NA,NA,-1.3817749943983892,-1.5205947563725386
H86,2,1,L2L 2nd,2,NA,92,NA,NA,NA,NA,NA,NA,NA,NA,NA,NA,NA,Selection,FCT-23,1,NA,NA,NA,NA,NA,NA,NA,Clitics,Masculine,Plural,NA,NA,NA,L2L,2nd,Late,Yes,NA,0,92,2026,1,NA,NA,NA,-1.3817749943983892,-1.5205947563725386
H86,2,1,L2L 2nd,2,NA,92,NA,NA,NA,NA,NA,NA,NA,NA,NA,NA,NA,Selection,FCT-25,0,NA,NA,NA,NA,NA,NA,NA,Clitics,Feminine,Plural,NA,NA,NA,L2L,2nd,Late,Yes,NA,0,92,2026,0,NA,NA,NA,-1.3817749943983892,-1.5205947563725386
H87,2,1,NA,3,NA,110,NA,NA,NA,NA,NA,NA,NA,NA,NA,NA,NA,Selection,FCT-03,1,NA,NA,NA,NA,NA,NA,NA,Clitics,Masculine,Singular,NA,NA,NA,L2L,NA,Late,Yes,NA,0,110,2026,1,NA,NA,NA,-0.6924435597225671,-0.8846347328428457
H87,2,1,NA,3,NA,110,NA,NA,NA,NA,NA,NA,NA,NA,NA,NA,NA,Selection,FCT-05,1,NA,NA,NA,NA,NA,NA,NA,Clitics,Feminine,Singular,NA,NA,NA,L2L,NA,Late,Yes,NA,0,110,2026,1,NA,NA,NA,-0.6924435597225671,-0.8846347328428457
H87,2,1,NA,3,NA,110,NA,NA,NA,NA,NA,NA,NA,NA,NA,NA,NA,Selection,FCT-07,0,NA,NA,NA,NA,NA,NA,NA,Clitics,Masculine,Plural,NA,NA,NA,L2L,NA,Late,Yes,NA,0,110,2026,0,NA,NA,NA,-0.6924435597225671,-0.8846347328428457
H87,2,1,NA,3,NA,110,NA,NA,NA,NA,NA,NA,NA,NA,NA,NA,NA,Selection,FCT-09,1,NA,NA,NA,NA,NA,NA,NA,Clitics,Feminine,Plural,NA,NA,NA,L2L,NA,Late,Yes,NA,0,110,2026,1,NA,NA,NA,-0.6924435597225671,-0.8846347328428457
H87,2,1,NA,3,NA,110,NA,NA,NA,NA,NA,NA,NA,NA,NA,NA,NA,Selection,FCT-11,1,NA,NA,NA,NA,NA,NA,NA,Clitics,Masculine,Singular,NA,NA,NA,L2L,NA,Late,Yes,NA,0,110,2026,1,NA,NA,NA,-0.6924435597225671,-0.8846347328428457
H87,2,1,NA,3,NA,110,NA,NA,NA,NA,NA,NA,NA,NA,NA,NA,NA,Selection,FCT-13,0,NA,NA,NA,NA,NA,NA,NA,Clitics,Feminine,Singular,NA,NA,NA,L2L,NA,Late,Yes,NA,0,110,2026,0,NA,NA,NA,-0.6924435597225671,-0.8846347328428457
H87,2,1,NA,3,NA,110,NA,NA,NA,NA,NA,NA,NA,NA,NA,NA,NA,Selection,FCT-15,1,NA,NA,NA,NA,NA,NA,NA,Clitics,Masculine,Plural,NA,NA,NA,L2L,NA,Late,Yes,NA,0,110,2026,1,NA,NA,NA,-0.6924435597225671,-0.8846347328428457
H87,2,1,NA,3,NA,110,NA,NA,NA,NA,NA,NA,NA,NA,NA,NA,NA,Selection,FCT-17,0,NA,NA,NA,NA,NA,NA,NA,Clitics,Feminine,Plural,NA,NA,NA,L2L,NA,Late,Yes,NA,0,110,2026,0,NA,NA,NA,-0.6924435597225671,-0.8846347328428457
H87,2,1,NA,3,NA,110,NA,NA,NA,NA,NA,NA,NA,NA,NA,NA,NA,Selection,FCT-19,1,NA,NA,NA,NA,NA,NA,NA,Clitics,Masculine,Singular,NA,NA,NA,L2L,NA,Late,Yes,NA,0,110,2026,1,NA,NA,NA,-0.6924435597225671,-0.8846347328428457
H87,2,1,NA,3,NA,110,NA,NA,NA,NA,NA,NA,NA,NA,NA,NA,NA,Selection,FCT-21,0,NA,NA,NA,NA,NA,NA,NA,Clitics,Feminine,Singular,NA,NA,NA,L2L,NA,Late,Yes,NA,0,110,2026,0,NA,NA,NA,-0.6924435597225671,-0.8846347328428457
H87,2,1,NA,3,NA,110,NA,NA,NA,NA,NA,NA,NA,NA,NA,NA,NA,Selection,FCT-23,1,NA,NA,NA,NA,NA,NA,NA,Clitics,Masculine,Plural,NA,NA,NA,L2L,NA,Late,Yes,NA,0,110,2026,1,NA,NA,NA,-0.6924435597225671,-0.8846347328428457
H87,2,1,NA,3,NA,110,NA,NA,NA,NA,NA,NA,NA,NA,NA,NA,NA,Selection,FCT-25,0,NA,NA,NA,NA,NA,NA,NA,Clitics,Feminine,Plural,NA,NA,NA,L2L,NA,Late,Yes,NA,0,110,2026,0,NA,NA,NA,-0.6924435597225671,-0.8846347328428457
H88,2,1,NA,3,NA,109,NA,NA,NA,NA,NA,NA,NA,NA,NA,NA,NA,Selection,FCT-03,1,NA,NA,NA,NA,NA,NA,NA,Clitics,Masculine,Singular,NA,NA,NA,HS,NA,Late,Yes,NA,0,109,2026,1,NA,NA,NA,-0.7307397505378905,-0.919965845261162
H88,2,1,NA,3,NA,109,NA,NA,NA,NA,NA,NA,NA,NA,NA,NA,NA,Selection,FCT-05,0,NA,NA,NA,NA,NA,NA,NA,Clitics,Feminine,Singular,NA,NA,NA,HS,NA,Late,Yes,NA,0,109,2026,0,NA,NA,NA,-0.7307397505378905,-0.919965845261162
H88,2,1,NA,3,NA,109,NA,NA,NA,NA,NA,NA,NA,NA,NA,NA,NA,Selection,FCT-07,0,NA,NA,NA,NA,NA,NA,NA,Clitics,Masculine,Plural,NA,NA,NA,HS,NA,Late,Yes,NA,0,109,2026,0,NA,NA,NA,-0.7307397505378905,-0.919965845261162
H88,2,1,NA,3,NA,109,NA,NA,NA,NA,NA,NA,NA,NA,NA,NA,NA,Selection,FCT-09,0,NA,NA,NA,NA,NA,NA,NA,Clitics,Feminine,Plural,NA,NA,NA,HS,NA,Late,Yes,NA,0,109,2026,0,NA,NA,NA,-0.7307397505378905,-0.919965845261162
H88,2,1,NA,3,NA,109,NA,NA,NA,NA,NA,NA,NA,NA,NA,NA,NA,Selection,FCT-11,1,NA,NA,NA,NA,NA,NA,NA,Clitics,Masculine,Singular,NA,NA,NA,HS,NA,Late,Yes,NA,0,109,2026,1,NA,NA,NA,-0.7307397505378905,-0.919965845261162
H88,2,1,NA,3,NA,109,NA,NA,NA,NA,NA,NA,NA,NA,NA,NA,NA,Selection,FCT-13,1,NA,NA,NA,NA,NA,NA,NA,Clitics,Feminine,Singular,NA,NA,NA,HS,NA,Late,Yes,NA,0,109,2026,1,NA,NA,NA,-0.7307397505378905,-0.919965845261162
H88,2,1,NA,3,NA,109,NA,NA,NA,NA,NA,NA,NA,NA,NA,NA,NA,Selection,FCT-15,0,NA,NA,NA,NA,NA,NA,NA,Clitics,Masculine,Plural,NA,NA,NA,HS,NA,Late,Yes,NA,0,109,2026,0,NA,NA,NA,-0.7307397505378905,-0.919965845261162
H88,2,1,NA,3,NA,109,NA,NA,NA,NA,NA,NA,NA,NA,NA,NA,NA,Selection,FCT-17,0,NA,NA,NA,NA,NA,NA,NA,Clitics,Feminine,Plural,NA,NA,NA,HS,NA,Late,Yes,NA,0,109,2026,0,NA,NA,NA,-0.7307397505378905,-0.919965845261162
H88,2,1,NA,3,NA,109,NA,NA,NA,NA,NA,NA,NA,NA,NA,NA,NA,Selection,FCT-19,1,NA,NA,NA,NA,NA,NA,NA,Clitics,Masculine,Singular,NA,NA,NA,HS,NA,Late,Yes,NA,0,109,2026,1,NA,NA,NA,-0.7307397505378905,-0.919965845261162
H88,2,1,NA,3,NA,109,NA,NA,NA,NA,NA,NA,NA,NA,NA,NA,NA,Selection,FCT-21,0,NA,NA,NA,NA,NA,NA,NA,Clitics,Feminine,Singular,NA,NA,NA,HS,NA,Late,Yes,NA,0,109,2026,0,NA,NA,NA,-0.7307397505378905,-0.919965845261162
H88,2,1,NA,3,NA,109,NA,NA,NA,NA,NA,NA,NA,NA,NA,NA,NA,Selection,FCT-23,1,NA,NA,NA,NA,NA,NA,NA,Clitics,Masculine,Plural,NA,NA,NA,HS,NA,Late,Yes,NA,0,109,2026,1,NA,NA,NA,-0.7307397505378905,-0.919965845261162
H88,2,1,NA,3,NA,109,NA,NA,NA,NA,NA,NA,NA,NA,NA,NA,NA,Selection,FCT-25,1,NA,NA,NA,NA,NA,NA,NA,Clitics,Feminine,Plural,NA,NA,NA,HS,NA,Late,Yes,NA,0,109,2026,1,NA,NA,NA,-0.7307397505378905,-0.919965845261162
H89,2,1,L2L 4th/5th,4,NA,120,NA,NA,NA,NA,NA,NA,NA,NA,NA,NA,NA,Selection,FCT-03,0,NA,NA,NA,NA,NA,NA,NA,Clitics,Masculine,Singular,NA,NA,NA,L2L,4th/5th,Late,Yes,NA,0,120,2026,0,NA,NA,NA,-0.3094816515693326,-0.531323608659683
H89,2,1,L2L 4th/5th,4,NA,120,NA,NA,NA,NA,NA,NA,NA,NA,NA,NA,NA,Selection,FCT-05,0,NA,NA,NA,NA,NA,NA,NA,Clitics,Feminine,Singular,NA,NA,NA,L2L,4th/5th,Late,Yes,NA,0,120,2026,0,NA,NA,NA,-0.3094816515693326,-0.531323608659683
H89,2,1,L2L 4th/5th,4,NA,120,NA,NA,NA,NA,NA,NA,NA,NA,NA,NA,NA,Selection,FCT-07,1,NA,NA,NA,NA,NA,NA,NA,Clitics,Masculine,Plural,NA,NA,NA,L2L,4th/5th,Late,Yes,NA,0,120,2026,1,NA,NA,NA,-0.3094816515693326,-0.531323608659683
H89,2,1,L2L 4th/5th,4,NA,120,NA,NA,NA,NA,NA,NA,NA,NA,NA,NA,NA,Selection,FCT-09,0,NA,NA,NA,NA,NA,NA,NA,Clitics,Feminine,Plural,NA,NA,NA,L2L,4th/5th,Late,Yes,NA,0,120,2026,0,NA,NA,NA,-0.3094816515693326,-0.531323608659683
H89,2,1,L2L 4th/5th,4,NA,120,NA,NA,NA,NA,NA,NA,NA,NA,NA,NA,NA,Selection,FCT-11,1,NA,NA,NA,NA,NA,NA,NA,Clitics,Masculine,Singular,NA,NA,NA,L2L,4th/5th,Late,Yes,NA,0,120,2026,1,NA,NA,NA,-0.3094816515693326,-0.531323608659683
H89,2,1,L2L 4th/5th,4,NA,120,NA,NA,NA,NA,NA,NA,NA,NA,NA,NA,NA,Selection,FCT-13,1,NA,NA,NA,NA,NA,NA,NA,Clitics,Feminine,Singular,NA,NA,NA,L2L,4th/5th,Late,Yes,NA,0,120,2026,1,NA,NA,NA,-0.3094816515693326,-0.531323608659683
H89,2,1,L2L 4th/5th,4,NA,120,NA,NA,NA,NA,NA,NA,NA,NA,NA,NA,NA,Selection,FCT-15,1,NA,NA,NA,NA,NA,NA,NA,Clitics,Masculine,Plural,NA,NA,NA,L2L,4th/5th,Late,Yes,NA,0,120,2026,1,NA,NA,NA,-0.3094816515693326,-0.531323608659683
H89,2,1,L2L 4th/5th,4,NA,120,NA,NA,NA,NA,NA,NA,NA,NA,NA,NA,NA,Selection,FCT-17,1,NA,NA,NA,NA,NA,NA,NA,Clitics,Feminine,Plural,NA,NA,NA,L2L,4th/5th,Late,Yes,NA,0,120,2026,1,NA,NA,NA,-0.3094816515693326,-0.531323608659683
H89,2,1,L2L 4th/5th,4,NA,120,NA,NA,NA,NA,NA,NA,NA,NA,NA,NA,NA,Selection,FCT-19,1,NA,NA,NA,NA,NA,NA,NA,Clitics,Masculine,Singular,NA,NA,NA,L2L,4th/5th,Late,Yes,NA,0,120,2026,1,NA,NA,NA,-0.3094816515693326,-0.531323608659683
H89,2,1,L2L 4th/5th,4,NA,120,NA,NA,NA,NA,NA,NA,NA,NA,NA,NA,NA,Selection,FCT-21,1,NA,NA,NA,NA,NA,NA,NA,Clitics,Feminine,Singular,NA,NA,NA,L2L,4th/5th,Late,Yes,NA,0,120,2026,1,NA,NA,NA,-0.3094816515693326,-0.531323608659683
H89,2,1,L2L 4th/5th,4,NA,120,NA,NA,NA,NA,NA,NA,NA,NA,NA,NA,NA,Selection,FCT-23,1,NA,NA,NA,NA,NA,NA,NA,Clitics,Masculine,Plural,NA,NA,NA,L2L,4th/5th,Late,Yes,NA,0,120,2026,1,NA,NA,NA,-0.3094816515693326,-0.531323608659683
H89,2,1,L2L 4th/5th,4,NA,120,NA,NA,NA,NA,NA,NA,NA,NA,NA,NA,NA,Selection,FCT-25,0,NA,NA,NA,NA,NA,NA,NA,Clitics,Feminine,Plural,NA,NA,NA,L2L,4th/5th,Late,Yes,NA,0,120,2026,0,NA,NA,NA,-0.3094816515693326,-0.531323608659683
H90,2,1,L2L 4th/5th,4,NA,122,NA,NA,NA,NA,NA,NA,NA,NA,NA,NA,NA,Selection,FCT-03,1,NA,NA,NA,NA,NA,NA,NA,Clitics,Masculine,Singular,NA,NA,NA,L2L,4th/5th,Late,Yes,NA,0,122,2026,1,NA,NA,NA,-0.2328892699386857,-0.4606613838230504
H90,2,1,L2L 4th/5th,4,NA,122,NA,NA,NA,NA,NA,NA,NA,NA,NA,NA,NA,Selection,FCT-05,0,NA,NA,NA,NA,NA,NA,NA,Clitics,Feminine,Singular,NA,NA,NA,L2L,4th/5th,Late,Yes,NA,0,122,2026,0,NA,NA,NA,-0.2328892699386857,-0.4606613838230504
H90,2,1,L2L 4th/5th,4,NA,122,NA,NA,NA,NA,NA,NA,NA,NA,NA,NA,NA,Selection,FCT-07,1,NA,NA,NA,NA,NA,NA,NA,Clitics,Masculine,Plural,NA,NA,NA,L2L,4th/5th,Late,Yes,NA,0,122,2026,1,NA,NA,NA,-0.2328892699386857,-0.4606613838230504
H90,2,1,L2L 4th/5th,4,NA,122,NA,NA,NA,NA,NA,NA,NA,NA,NA,NA,NA,Selection,FCT-09,0,NA,NA,NA,NA,NA,NA,NA,Clitics,Feminine,Plural,NA,NA,NA,L2L,4th/5th,Late,Yes,NA,0,122,2026,0,NA,NA,NA,-0.2328892699386857,-0.4606613838230504
H90,2,1,L2L 4th/5th,4,NA,122,NA,NA,NA,NA,NA,NA,NA,NA,NA,NA,NA,Selection,FCT-11,1,NA,NA,NA,NA,NA,NA,NA,Clitics,Masculine,Singular,NA,NA,NA,L2L,4th/5th,Late,Yes,NA,0,122,2026,1,NA,NA,NA,-0.2328892699386857,-0.4606613838230504
H90,2,1,L2L 4th/5th,4,NA,122,NA,NA,NA,NA,NA,NA,NA,NA,NA,NA,NA,Selection,FCT-13,0,NA,NA,NA,NA,NA,NA,NA,Clitics,Feminine,Singular,NA,NA,NA,L2L,4th/5th,Late,Yes,NA,0,122,2026,0,NA,NA,NA,-0.2328892699386857,-0.4606613838230504
H90,2,1,L2L 4th/5th,4,NA,122,NA,NA,NA,NA,NA,NA,NA,NA,NA,NA,NA,Selection,FCT-15,1,NA,NA,NA,NA,NA,NA,NA,Clitics,Masculine,Plural,NA,NA,NA,L2L,4th/5th,Late,Yes,NA,0,122,2026,1,NA,NA,NA,-0.2328892699386857,-0.4606613838230504
H90,2,1,L2L 4th/5th,4,NA,122,NA,NA,NA,NA,NA,NA,NA,NA,NA,NA,NA,Selection,FCT-17,0,NA,NA,NA,NA,NA,NA,NA,Clitics,Feminine,Plural,NA,NA,NA,L2L,4th/5th,Late,Yes,NA,0,122,2026,0,NA,NA,NA,-0.2328892699386857,-0.4606613838230504
H90,2,1,L2L 4th/5th,4,NA,122,NA,NA,NA,NA,NA,NA,NA,NA,NA,NA,NA,Selection,FCT-19,1,NA,NA,NA,NA,NA,NA,NA,Clitics,Masculine,Singular,NA,NA,NA,L2L,4th/5th,Late,Yes,NA,0,122,2026,1,NA,NA,NA,-0.2328892699386857,-0.4606613838230504
H90,2,1,L2L 4th/5th,4,NA,122,NA,NA,NA,NA,NA,NA,NA,NA,NA,NA,NA,Selection,FCT-21,0,NA,NA,NA,NA,NA,NA,NA,Clitics,Feminine,Singular,NA,NA,NA,L2L,4th/5th,Late,Yes,NA,0,122,2026,0,NA,NA,NA,-0.2328892699386857,-0.4606613838230504
H90,2,1,L2L 4th/5th,4,NA,122,NA,NA,NA,NA,NA,NA,NA,NA,NA,NA,NA,Selection,FCT-23,1,NA,NA,NA,NA,NA,NA,NA,Clitics,Masculine,Plural,NA,NA,NA,L2L,4th/5th,Late,Yes,NA,0,122,2026,1,NA,NA,NA,-0.2328892699386857,-0.4606613838230504
H90,2,1,L2L 4th/5th,4,NA,122,NA,NA,NA,NA,NA,NA,NA,NA,NA,NA,NA,Selection,FCT-25,0,NA,NA,NA,NA,NA,NA,NA,Clitics,Feminine,Plural,NA,NA,NA,L2L,4th/5th,Late,Yes,NA,0,122,2026,0,NA,NA,NA,-0.2328892699386857,-0.4606613838230504
H91,1,1,L2L 2nd,2,NA,102,NA,NA,NA,NA,NA,NA,NA,NA,NA,NA,NA,Selection,FCT-03,1,NA,NA,NA,NA,NA,NA,NA,Clitics,Masculine,Singular,NA,NA,NA,L2L,2nd,Late,Yes,NA,0,102,2023,1,NA,NA,NA,-0.9988130862451546,-1.1672836321893758
H91,1,1,L2L 2nd,2,NA,102,NA,NA,NA,NA,NA,NA,NA,NA,NA,NA,NA,Selection,FCT-05,0,NA,NA,NA,NA,NA,NA,NA,Clitics,Feminine,Singular,NA,NA,NA,L2L,2nd,Late,Yes,NA,0,102,2023,0,NA,NA,NA,-0.9988130862451546,-1.1672836321893758
H91,1,1,L2L 2nd,2,NA,102,NA,NA,NA,NA,NA,NA,NA,NA,NA,NA,NA,Selection,FCT-07,1,NA,NA,NA,NA,NA,NA,NA,Clitics,Masculine,Plural,NA,NA,NA,L2L,2nd,Late,Yes,NA,0,102,2023,1,NA,NA,NA,-0.9988130862451546,-1.1672836321893758
H91,1,1,L2L 2nd,2,NA,102,NA,NA,NA,NA,NA,NA,NA,NA,NA,NA,NA,Selection,FCT-09,1,NA,NA,NA,NA,NA,NA,NA,Clitics,Feminine,Plural,NA,NA,NA,L2L,2nd,Late,Yes,NA,0,102,2023,1,NA,NA,NA,-0.9988130862451546,-1.1672836321893758
H91,1,1,L2L 2nd,2,NA,102,NA,NA,NA,NA,NA,NA,NA,NA,NA,NA,NA,Selection,FCT-11,1,NA,NA,NA,NA,NA,NA,NA,Clitics,Masculine,Singular,NA,NA,NA,L2L,2nd,Late,Yes,NA,0,102,2023,1,NA,NA,NA,-0.9988130862451546,-1.1672836321893758
H91,1,1,L2L 2nd,2,NA,102,NA,NA,NA,NA,NA,NA,NA,NA,NA,NA,NA,Selection,FCT-13,1,NA,NA,NA,NA,NA,NA,NA,Clitics,Feminine,Singular,NA,NA,NA,L2L,2nd,Late,Yes,NA,0,102,2023,1,NA,NA,NA,-0.9988130862451546,-1.1672836321893758
H91,1,1,L2L 2nd,2,NA,102,NA,NA,NA,NA,NA,NA,NA,NA,NA,NA,NA,Selection,FCT-15,1,NA,NA,NA,NA,NA,NA,NA,Clitics,Masculine,Plural,NA,NA,NA,L2L,2nd,Late,Yes,NA,0,102,2023,1,NA,NA,NA,-0.9988130862451546,-1.1672836321893758
H91,1,1,L2L 2nd,2,NA,102,NA,NA,NA,NA,NA,NA,NA,NA,NA,NA,NA,Selection,FCT-17,0,NA,NA,NA,NA,NA,NA,NA,Clitics,Feminine,Plural,NA,NA,NA,L2L,2nd,Late,Yes,NA,0,102,2023,0,NA,NA,NA,-0.9988130862451546,-1.1672836321893758
H91,1,1,L2L 2nd,2,NA,102,NA,NA,NA,NA,NA,NA,NA,NA,NA,NA,NA,Selection,FCT-19,1,NA,NA,NA,NA,NA,NA,NA,Clitics,Masculine,Singular,NA,NA,NA,L2L,2nd,Late,Yes,NA,0,102,2023,1,NA,NA,NA,-0.9988130862451546,-1.1672836321893758
H91,1,1,L2L 2nd,2,NA,102,NA,NA,NA,NA,NA,NA,NA,NA,NA,NA,NA,Selection,FCT-21,0,NA,NA,NA,NA,NA,NA,NA,Clitics,Feminine,Singular,NA,NA,NA,L2L,2nd,Late,Yes,NA,0,102,2023,0,NA,NA,NA,-0.9988130862451546,-1.1672836321893758
H91,1,1,L2L 2nd,2,NA,102,NA,NA,NA,NA,NA,NA,NA,NA,NA,NA,NA,Selection,FCT-23,0,NA,NA,NA,NA,NA,NA,NA,Clitics,Masculine,Plural,NA,NA,NA,L2L,2nd,Late,Yes,NA,0,102,2023,0,NA,NA,NA,-0.9988130862451546,-1.1672836321893758
H91,1,1,L2L 2nd,2,NA,102,NA,NA,NA,NA,NA,NA,NA,NA,NA,NA,NA,Selection,FCT-25,1,NA,NA,NA,NA,NA,NA,NA,Clitics,Feminine,Plural,NA,NA,NA,L2L,2nd,Late,Yes,NA,0,102,2023,1,NA,NA,NA,-0.9988130862451546,-1.1672836321893758
H93,2,1,NA,6,NA,146,NA,NA,NA,NA,NA,NA,NA,NA,NA,NA,NA,Selection,FCT-03,1,NA,NA,NA,NA,NA,NA,NA,Clitics,Masculine,Singular,NA,NA,NA,L2L,NA,Late,Yes,NA,0,146,2026,1,NA,NA,NA,0.6862193096290771,0.3872853142165403
H93,2,1,NA,6,NA,146,NA,NA,NA,NA,NA,NA,NA,NA,NA,NA,NA,Selection,FCT-05,0,NA,NA,NA,NA,NA,NA,NA,Clitics,Feminine,Singular,NA,NA,NA,L2L,NA,Late,Yes,NA,0,146,2026,0,NA,NA,NA,0.6862193096290771,0.3872853142165403
H93,2,1,NA,6,NA,146,NA,NA,NA,NA,NA,NA,NA,NA,NA,NA,NA,Selection,FCT-07,1,NA,NA,NA,NA,NA,NA,NA,Clitics,Masculine,Plural,NA,NA,NA,L2L,NA,Late,Yes,NA,0,146,2026,1,NA,NA,NA,0.6862193096290771,0.3872853142165403
H93,2,1,NA,6,NA,146,NA,NA,NA,NA,NA,NA,NA,NA,NA,NA,NA,Selection,FCT-09,1,NA,NA,NA,NA,NA,NA,NA,Clitics,Feminine,Plural,NA,NA,NA,L2L,NA,Late,Yes,NA,0,146,2026,1,NA,NA,NA,0.6862193096290771,0.3872853142165403
H93,2,1,NA,6,NA,146,NA,NA,NA,NA,NA,NA,NA,NA,NA,NA,NA,Selection,FCT-11,1,NA,NA,NA,NA,NA,NA,NA,Clitics,Masculine,Singular,NA,NA,NA,L2L,NA,Late,Yes,NA,0,146,2026,1,NA,NA,NA,0.6862193096290771,0.3872853142165403
H93,2,1,NA,6,NA,146,NA,NA,NA,NA,NA,NA,NA,NA,NA,NA,NA,Selection,FCT-13,0,NA,NA,NA,NA,NA,NA,NA,Clitics,Feminine,Singular,NA,NA,NA,L2L,NA,Late,Yes,NA,0,146,2026,0,NA,NA,NA,0.6862193096290771,0.3872853142165403
H93,2,1,NA,6,NA,146,NA,NA,NA,NA,NA,NA,NA,NA,NA,NA,NA,Selection,FCT-15,0,NA,NA,NA,NA,NA,NA,NA,Clitics,Masculine,Plural,NA,NA,NA,L2L,NA,Late,Yes,NA,0,146,2026,0,NA,NA,NA,0.6862193096290771,0.3872853142165403
H93,2,1,NA,6,NA,146,NA,NA,NA,NA,NA,NA,NA,NA,NA,NA,NA,Selection,FCT-17,0,NA,NA,NA,NA,NA,NA,NA,Clitics,Feminine,Plural,NA,NA,NA,L2L,NA,Late,Yes,NA,0,146,2026,0,NA,NA,NA,0.6862193096290771,0.3872853142165403
H93,2,1,NA,6,NA,146,NA,NA,NA,NA,NA,NA,NA,NA,NA,NA,NA,Selection,FCT-19,1,NA,NA,NA,NA,NA,NA,NA,Clitics,Masculine,Singular,NA,NA,NA,L2L,NA,Late,Yes,NA,0,146,2026,1,NA,NA,NA,0.6862193096290771,0.3872853142165403
H93,2,1,NA,6,NA,146,NA,NA,NA,NA,NA,NA,NA,NA,NA,NA,NA,Selection,FCT-21,0,NA,NA,NA,NA,NA,NA,NA,Clitics,Feminine,Singular,NA,NA,NA,L2L,NA,Late,Yes,NA,0,146,2026,0,NA,NA,NA,0.6862193096290771,0.3872853142165403
H93,2,1,NA,6,NA,146,NA,NA,NA,NA,NA,NA,NA,NA,NA,NA,NA,Selection,FCT-23,1,NA,NA,NA,NA,NA,NA,NA,Clitics,Masculine,Plural,NA,NA,NA,L2L,NA,Late,Yes,NA,0,146,2026,1,NA,NA,NA,0.6862193096290771,0.3872853142165403
H93,2,1,NA,6,NA,146,NA,NA,NA,NA,NA,NA,NA,NA,NA,NA,NA,Selection,FCT-25,0,NA,NA,NA,NA,NA,NA,NA,Clitics,Feminine,Plural,NA,NA,NA,L2L,NA,Late,Yes,NA,0,146,2026,0,NA,NA,NA,0.6862193096290771,0.3872853142165403
H94,2,1,NA,6,NA,141,NA,NA,NA,NA,NA,NA,NA,NA,NA,NA,NA,Selection,FCT-03,0,NA,NA,NA,NA,NA,NA,NA,Clitics,Masculine,Singular,NA,NA,NA,L2L,NA,Late,Yes,NA,0,141,2026,0,NA,NA,NA,0.4947383555524599,0.21062975212495888
H94,2,1,NA,6,NA,141,NA,NA,NA,NA,NA,NA,NA,NA,NA,NA,NA,Selection,FCT-05,0,NA,NA,NA,NA,NA,NA,NA,Clitics,Feminine,Singular,NA,NA,NA,L2L,NA,Late,Yes,NA,0,141,2026,0,NA,NA,NA,0.4947383555524599,0.21062975212495888
H94,2,1,NA,6,NA,141,NA,NA,NA,NA,NA,NA,NA,NA,NA,NA,NA,Selection,FCT-07,1,NA,NA,NA,NA,NA,NA,NA,Clitics,Masculine,Plural,NA,NA,NA,L2L,NA,Late,Yes,NA,0,141,2026,1,NA,NA,NA,0.4947383555524599,0.21062975212495888
H94,2,1,NA,6,NA,141,NA,NA,NA,NA,NA,NA,NA,NA,NA,NA,NA,Selection,FCT-09,0,NA,NA,NA,NA,NA,NA,NA,Clitics,Feminine,Plural,NA,NA,NA,L2L,NA,Late,Yes,NA,0,141,2026,0,NA,NA,NA,0.4947383555524599,0.21062975212495888
H94,2,1,NA,6,NA,141,NA,NA,NA,NA,NA,NA,NA,NA,NA,NA,NA,Selection,FCT-11,1,NA,NA,NA,NA,NA,NA,NA,Clitics,Masculine,Singular,NA,NA,NA,L2L,NA,Late,Yes,NA,0,141,2026,1,NA,NA,NA,0.4947383555524599,0.21062975212495888
H94,2,1,NA,6,NA,141,NA,NA,NA,NA,NA,NA,NA,NA,NA,NA,NA,Selection,FCT-13,0,NA,NA,NA,NA,NA,NA,NA,Clitics,Feminine,Singular,NA,NA,NA,L2L,NA,Late,Yes,NA,0,141,2026,0,NA,NA,NA,0.4947383555524599,0.21062975212495888
H94,2,1,NA,6,NA,141,NA,NA,NA,NA,NA,NA,NA,NA,NA,NA,NA,Selection,FCT-15,0,NA,NA,NA,NA,NA,NA,NA,Clitics,Masculine,Plural,NA,NA,NA,L2L,NA,Late,Yes,NA,0,141,2026,0,NA,NA,NA,0.4947383555524599,0.21062975212495888
H94,2,1,NA,6,NA,141,NA,NA,NA,NA,NA,NA,NA,NA,NA,NA,NA,Selection,FCT-17,1,NA,NA,NA,NA,NA,NA,NA,Clitics,Feminine,Plural,NA,NA,NA,L2L,NA,Late,Yes,NA,0,141,2026,1,NA,NA,NA,0.4947383555524599,0.21062975212495888
H94,2,1,NA,6,NA,141,NA,NA,NA,NA,NA,NA,NA,NA,NA,NA,NA,Selection,FCT-19,1,NA,NA,NA,NA,NA,NA,NA,Clitics,Masculine,Singular,NA,NA,NA,L2L,NA,Late,Yes,NA,0,141,2026,1,NA,NA,NA,0.4947383555524599,0.21062975212495888
H94,2,1,NA,6,NA,141,NA,NA,NA,NA,NA,NA,NA,NA,NA,NA,NA,Selection,FCT-21,1,NA,NA,NA,NA,NA,NA,NA,Clitics,Feminine,Singular,NA,NA,NA,L2L,NA,Late,Yes,NA,0,141,2026,1,NA,NA,NA,0.4947383555524599,0.21062975212495888
H94,2,1,NA,6,NA,141,NA,NA,NA,NA,NA,NA,NA,NA,NA,NA,NA,Selection,FCT-23,0,NA,NA,NA,NA,NA,NA,NA,Clitics,Masculine,Plural,NA,NA,NA,L2L,NA,Late,Yes,NA,0,141,2026,0,NA,NA,NA,0.4947383555524599,0.21062975212495888
H94,2,1,NA,6,NA,141,NA,NA,NA,NA,NA,NA,NA,NA,NA,NA,NA,Selection,FCT-25,1,NA,NA,NA,NA,NA,NA,NA,Clitics,Feminine,Plural,NA,NA,NA,L2L,NA,Late,Yes,NA,0,141,2026,1,NA,NA,NA,0.4947383555524599,0.21062975212495888
H95,2,1,L2L 7th/8th,8,NA,173,NA,NA,NA,NA,NA,NA,NA,NA,NA,NA,NA,Selection,FCT-03,0,NA,NA,NA,NA,NA,NA,NA,Clitics,Masculine,Singular,NA,NA,NA,L2L,7th/8th,Late,Yes,NA,0,173,2026,0,NA,NA,NA,1.7202164616428102,1.3412253495110797
H95,2,1,L2L 7th/8th,8,NA,173,NA,NA,NA,NA,NA,NA,NA,NA,NA,NA,NA,Selection,FCT-05,0,NA,NA,NA,NA,NA,NA,NA,Clitics,Feminine,Singular,NA,NA,NA,L2L,7th/8th,Late,Yes,NA,0,173,2026,0,NA,NA,NA,1.7202164616428102,1.3412253495110797
H95,2,1,L2L 7th/8th,8,NA,173,NA,NA,NA,NA,NA,NA,NA,NA,NA,NA,NA,Selection,FCT-07,1,NA,NA,NA,NA,NA,NA,NA,Clitics,Masculine,Plural,NA,NA,NA,L2L,7th/8th,Late,Yes,NA,0,173,2026,1,NA,NA,NA,1.7202164616428102,1.3412253495110797
H95,2,1,L2L 7th/8th,8,NA,173,NA,NA,NA,NA,NA,NA,NA,NA,NA,NA,NA,Selection,FCT-09,0,NA,NA,NA,NA,NA,NA,NA,Clitics,Feminine,Plural,NA,NA,NA,L2L,7th/8th,Late,Yes,NA,0,173,2026,0,NA,NA,NA,1.7202164616428102,1.3412253495110797
H95,2,1,L2L 7th/8th,8,NA,173,NA,NA,NA,NA,NA,NA,NA,NA,NA,NA,NA,Selection,FCT-11,1,NA,NA,NA,NA,NA,NA,NA,Clitics,Masculine,Singular,NA,NA,NA,L2L,7th/8th,Late,Yes,NA,0,173,2026,1,NA,NA,NA,1.7202164616428102,1.3412253495110797
H95,2,1,L2L 7th/8th,8,NA,173,NA,NA,NA,NA,NA,NA,NA,NA,NA,NA,NA,Selection,FCT-13,0,NA,NA,NA,NA,NA,NA,NA,Clitics,Feminine,Singular,NA,NA,NA,L2L,7th/8th,Late,Yes,NA,0,173,2026,0,NA,NA,NA,1.7202164616428102,1.3412253495110797
H95,2,1,L2L 7th/8th,8,NA,173,NA,NA,NA,NA,NA,NA,NA,NA,NA,NA,NA,Selection,FCT-15,0,NA,NA,NA,NA,NA,NA,NA,Clitics,Masculine,Plural,NA,NA,NA,L2L,7th/8th,Late,Yes,NA,0,173,2026,0,NA,NA,NA,1.7202164616428102,1.3412253495110797
H95,2,1,L2L 7th/8th,8,NA,173,NA,NA,NA,NA,NA,NA,NA,NA,NA,NA,NA,Selection,FCT-17,1,NA,NA,NA,NA,NA,NA,NA,Clitics,Feminine,Plural,NA,NA,NA,L2L,7th/8th,Late,Yes,NA,0,173,2026,1,NA,NA,NA,1.7202164616428102,1.3412253495110797
H95,2,1,L2L 7th/8th,8,NA,173,NA,NA,NA,NA,NA,NA,NA,NA,NA,NA,NA,Selection,FCT-19,1,NA,NA,NA,NA,NA,NA,NA,Clitics,Masculine,Singular,NA,NA,NA,L2L,7th/8th,Late,Yes,NA,0,173,2026,1,NA,NA,NA,1.7202164616428102,1.3412253495110797
H95,2,1,L2L 7th/8th,8,NA,173,NA,NA,NA,NA,NA,NA,NA,NA,NA,NA,NA,Selection,FCT-21,0,NA,NA,NA,NA,NA,NA,NA,Clitics,Feminine,Singular,NA,NA,NA,L2L,7th/8th,Late,Yes,NA,0,173,2026,0,NA,NA,NA,1.7202164616428102,1.3412253495110797
H95,2,1,L2L 7th/8th,8,NA,173,NA,NA,NA,NA,NA,NA,NA,NA,NA,NA,NA,Selection,FCT-23,0,NA,NA,NA,NA,NA,NA,NA,Clitics,Masculine,Plural,NA,NA,NA,L2L,7th/8th,Late,Yes,NA,0,173,2026,0,NA,NA,NA,1.7202164616428102,1.3412253495110797
H95,2,1,L2L 7th/8th,8,NA,173,NA,NA,NA,NA,NA,NA,NA,NA,NA,NA,NA,Selection,FCT-25,0,NA,NA,NA,NA,NA,NA,NA,Clitics,Feminine,Plural,NA,NA,NA,L2L,7th/8th,Late,Yes,NA,0,173,2026,0,NA,NA,NA,1.7202164616428102,1.3412253495110797
H96,2,1,L2L 7th/8th,8,NA,175,NA,NA,NA,NA,NA,NA,NA,NA,NA,NA,NA,Selection,FCT-03,0,NA,NA,NA,NA,NA,NA,NA,Clitics,Masculine,Singular,NA,NA,NA,L2L,7th/8th,Late,Yes,NA,0,175,2026,0,NA,NA,NA,1.7968088432734572,1.4118875743477124
H96,2,1,L2L 7th/8th,8,NA,175,NA,NA,NA,NA,NA,NA,NA,NA,NA,NA,NA,Selection,FCT-05,0,NA,NA,NA,NA,NA,NA,NA,Clitics,Feminine,Singular,NA,NA,NA,L2L,7th/8th,Late,Yes,NA,0,175,2026,0,NA,NA,NA,1.7968088432734572,1.4118875743477124
H96,2,1,L2L 7th/8th,8,NA,175,NA,NA,NA,NA,NA,NA,NA,NA,NA,NA,NA,Selection,FCT-07,1,NA,NA,NA,NA,NA,NA,NA,Clitics,Masculine,Plural,NA,NA,NA,L2L,7th/8th,Late,Yes,NA,0,175,2026,1,NA,NA,NA,1.7968088432734572,1.4118875743477124
H96,2,1,L2L 7th/8th,8,NA,175,NA,NA,NA,NA,NA,NA,NA,NA,NA,NA,NA,Selection,FCT-09,1,NA,NA,NA,NA,NA,NA,NA,Clitics,Feminine,Plural,NA,NA,NA,L2L,7th/8th,Late,Yes,NA,0,175,2026,1,NA,NA,NA,1.7968088432734572,1.4118875743477124
H96,2,1,L2L 7th/8th,8,NA,175,NA,NA,NA,NA,NA,NA,NA,NA,NA,NA,NA,Selection,FCT-11,1,NA,NA,NA,NA,NA,NA,NA,Clitics,Masculine,Singular,NA,NA,NA,L2L,7th/8th,Late,Yes,NA,0,175,2026,1,NA,NA,NA,1.7968088432734572,1.4118875743477124
H96,2,1,L2L 7th/8th,8,NA,175,NA,NA,NA,NA,NA,NA,NA,NA,NA,NA,NA,Selection,FCT-13,1,NA,NA,NA,NA,NA,NA,NA,Clitics,Feminine,Singular,NA,NA,NA,L2L,7th/8th,Late,Yes,NA,0,175,2026,1,NA,NA,NA,1.7968088432734572,1.4118875743477124
H96,2,1,L2L 7th/8th,8,NA,175,NA,NA,NA,NA,NA,NA,NA,NA,NA,NA,NA,Selection,FCT-15,1,NA,NA,NA,NA,NA,NA,NA,Clitics,Masculine,Plural,NA,NA,NA,L2L,7th/8th,Late,Yes,NA,0,175,2026,1,NA,NA,NA,1.7968088432734572,1.4118875743477124
H96,2,1,L2L 7th/8th,8,NA,175,NA,NA,NA,NA,NA,NA,NA,NA,NA,NA,NA,Selection,FCT-17,1,NA,NA,NA,NA,NA,NA,NA,Clitics,Feminine,Plural,NA,NA,NA,L2L,7th/8th,Late,Yes,NA,0,175,2026,1,NA,NA,NA,1.7968088432734572,1.4118875743477124
H96,2,1,L2L 7th/8th,8,NA,175,NA,NA,NA,NA,NA,NA,NA,NA,NA,NA,NA,Selection,FCT-19,1,NA,NA,NA,NA,NA,NA,NA,Clitics,Masculine,Singular,NA,NA,NA,L2L,7th/8th,Late,Yes,NA,0,175,2026,1,NA,NA,NA,1.7968088432734572,1.4118875743477124
H96,2,1,L2L 7th/8th,8,NA,175,NA,NA,NA,NA,NA,NA,NA,NA,NA,NA,NA,Selection,FCT-21,1,NA,NA,NA,NA,NA,NA,NA,Clitics,Feminine,Singular,NA,NA,NA,L2L,7th/8th,Late,Yes,NA,0,175,2026,1,NA,NA,NA,1.7968088432734572,1.4118875743477124
H96,2,1,L2L 7th/8th,8,NA,175,NA,NA,NA,NA,NA,NA,NA,NA,NA,NA,NA,Selection,FCT-23,1,NA,NA,NA,NA,NA,NA,NA,Clitics,Masculine,Plural,NA,NA,NA,L2L,7th/8th,Late,Yes,NA,0,175,2026,1,NA,NA,NA,1.7968088432734572,1.4118875743477124
H96,2,1,L2L 7th/8th,8,NA,175,NA,NA,NA,NA,NA,NA,NA,NA,NA,NA,NA,Selection,FCT-25,1,NA,NA,NA,NA,NA,NA,NA,Clitics,Feminine,Plural,NA,NA,NA,L2L,7th/8th,Late,Yes,NA,0,175,2026,1,NA,NA,NA,1.7968088432734572,1.4118875743477124
H97,2,1,NA,6,NA,141,NA,NA,NA,NA,NA,NA,NA,NA,NA,NA,NA,Selection,FCT-03,1,NA,NA,NA,NA,NA,NA,NA,Clitics,Masculine,Singular,NA,NA,NA,L2L,NA,Late,Yes,NA,0,141,2026,1,NA,NA,NA,0.4947383555524599,0.21062975212495888
H97,2,1,NA,6,NA,141,NA,NA,NA,NA,NA,NA,NA,NA,NA,NA,NA,Selection,FCT-05,0,NA,NA,NA,NA,NA,NA,NA,Clitics,Feminine,Singular,NA,NA,NA,L2L,NA,Late,Yes,NA,0,141,2026,0,NA,NA,NA,0.4947383555524599,0.21062975212495888
H97,2,1,NA,6,NA,141,NA,NA,NA,NA,NA,NA,NA,NA,NA,NA,NA,Selection,FCT-07,0,NA,NA,NA,NA,NA,NA,NA,Clitics,Masculine,Plural,NA,NA,NA,L2L,NA,Late,Yes,NA,0,141,2026,0,NA,NA,NA,0.4947383555524599,0.21062975212495888
H97,2,1,NA,6,NA,141,NA,NA,NA,NA,NA,NA,NA,NA,NA,NA,NA,Selection,FCT-09,0,NA,NA,NA,NA,NA,NA,NA,Clitics,Feminine,Plural,NA,NA,NA,L2L,NA,Late,Yes,NA,0,141,2026,0,NA,NA,NA,0.4947383555524599,0.21062975212495888
H97,2,1,NA,6,NA,141,NA,NA,NA,NA,NA,NA,NA,NA,NA,NA,NA,Selection,FCT-11,0,NA,NA,NA,NA,NA,NA,NA,Clitics,Masculine,Singular,NA,NA,NA,L2L,NA,Late,Yes,NA,0,141,2026,0,NA,NA,NA,0.4947383555524599,0.21062975212495888
H97,2,1,NA,6,NA,141,NA,NA,NA,NA,NA,NA,NA,NA,NA,NA,NA,Selection,FCT-13,1,NA,NA,NA,NA,NA,NA,NA,Clitics,Feminine,Singular,NA,NA,NA,L2L,NA,Late,Yes,NA,0,141,2026,1,NA,NA,NA,0.4947383555524599,0.21062975212495888
H97,2,1,NA,6,NA,141,NA,NA,NA,NA,NA,NA,NA,NA,NA,NA,NA,Selection,FCT-15,1,NA,NA,NA,NA,NA,NA,NA,Clitics,Masculine,Plural,NA,NA,NA,L2L,NA,Late,Yes,NA,0,141,2026,1,NA,NA,NA,0.4947383555524599,0.21062975212495888
H97,2,1,NA,6,NA,141,NA,NA,NA,NA,NA,NA,NA,NA,NA,NA,NA,Selection,FCT-17,1,NA,NA,NA,NA,NA,NA,NA,Clitics,Feminine,Plural,NA,NA,NA,L2L,NA,Late,Yes,NA,0,141,2026,1,NA,NA,NA,0.4947383555524599,0.21062975212495888
H97,2,1,NA,6,NA,141,NA,NA,NA,NA,NA,NA,NA,NA,NA,NA,NA,Selection,FCT-19,1,NA,NA,NA,NA,NA,NA,NA,Clitics,Masculine,Singular,NA,NA,NA,L2L,NA,Late,Yes,NA,0,141,2026,1,NA,NA,NA,0.4947383555524599,0.21062975212495888
H97,2,1,NA,6,NA,141,NA,NA,NA,NA,NA,NA,NA,NA,NA,NA,NA,Selection,FCT-21,1,NA,NA,NA,NA,NA,NA,NA,Clitics,Feminine,Singular,NA,NA,NA,L2L,NA,Late,Yes,NA,0,141,2026,1,NA,NA,NA,0.4947383555524599,0.21062975212495888
H97,2,1,NA,6,NA,141,NA,NA,NA,NA,NA,NA,NA,NA,NA,NA,NA,Selection,FCT-23,1,NA,NA,NA,NA,NA,NA,NA,Clitics,Masculine,Plural,NA,NA,NA,L2L,NA,Late,Yes,NA,0,141,2026,1,NA,NA,NA,0.4947383555524599,0.21062975212495888
H97,2,1,NA,6,NA,141,NA,NA,NA,NA,NA,NA,NA,NA,NA,NA,NA,Selection,FCT-25,1,NA,NA,NA,NA,NA,NA,NA,Clitics,Feminine,Plural,NA,NA,NA,L2L,NA,Late,Yes,NA,0,141,2026,1,NA,NA,NA,0.4947383555524599,0.21062975212495888
H98,2,1,NA,6,NA,150,NA,NA,NA,NA,NA,NA,NA,Heritage Spanish,NA,NA,NA,Selection,FCT-03,0,NA,NA,NA,NA,NA,NA,NA,Clitics,Masculine,Singular,NA,NA,NA,HS,NA,Late,Yes,NA,0,150,2026,0,NA,NA,NA,0.8394040728903709,0.5286097638898054
H98,2,1,NA,6,NA,150,NA,NA,NA,NA,NA,NA,NA,Heritage Spanish,NA,NA,NA,Selection,FCT-05,0,NA,NA,NA,NA,NA,NA,NA,Clitics,Feminine,Singular,NA,NA,NA,HS,NA,Late,Yes,NA,0,150,2026,0,NA,NA,NA,0.8394040728903709,0.5286097638898054
H98,2,1,NA,6,NA,150,NA,NA,NA,NA,NA,NA,NA,Heritage Spanish,NA,NA,NA,Selection,FCT-07,1,NA,NA,NA,NA,NA,NA,NA,Clitics,Masculine,Plural,NA,NA,NA,HS,NA,Late,Yes,NA,0,150,2026,1,NA,NA,NA,0.8394040728903709,0.5286097638898054
H98,2,1,NA,6,NA,150,NA,NA,NA,NA,NA,NA,NA,Heritage Spanish,NA,NA,NA,Selection,FCT-09,0,NA,NA,NA,NA,NA,NA,NA,Clitics,Feminine,Plural,NA,NA,NA,HS,NA,Late,Yes,NA,0,150,2026,0,NA,NA,NA,0.8394040728903709,0.5286097638898054
H98,2,1,NA,6,NA,150,NA,NA,NA,NA,NA,NA,NA,Heritage Spanish,NA,NA,NA,Selection,FCT-11,1,NA,NA,NA,NA,NA,NA,NA,Clitics,Masculine,Singular,NA,NA,NA,HS,NA,Late,Yes,NA,0,150,2026,1,NA,NA,NA,0.8394040728903709,0.5286097638898054
H98,2,1,NA,6,NA,150,NA,NA,NA,NA,NA,NA,NA,Heritage Spanish,NA,NA,NA,Selection,FCT-13,1,NA,NA,NA,NA,NA,NA,NA,Clitics,Feminine,Singular,NA,NA,NA,HS,NA,Late,Yes,NA,0,150,2026,1,NA,NA,NA,0.8394040728903709,0.5286097638898054
H98,2,1,NA,6,NA,150,NA,NA,NA,NA,NA,NA,NA,Heritage Spanish,NA,NA,NA,Selection,FCT-15,0,NA,NA,NA,NA,NA,NA,NA,Clitics,Masculine,Plural,NA,NA,NA,HS,NA,Late,Yes,NA,0,150,2026,0,NA,NA,NA,0.8394040728903709,0.5286097638898054
H98,2,1,NA,6,NA,150,NA,NA,NA,NA,NA,NA,NA,Heritage Spanish,NA,NA,NA,Selection,FCT-17,1,NA,NA,NA,NA,NA,NA,NA,Clitics,Feminine,Plural,NA,NA,NA,HS,NA,Late,Yes,NA,0,150,2026,1,NA,NA,NA,0.8394040728903709,0.5286097638898054
H98,2,1,NA,6,NA,150,NA,NA,NA,NA,NA,NA,NA,Heritage Spanish,NA,NA,NA,Selection,FCT-19,1,NA,NA,NA,NA,NA,NA,NA,Clitics,Masculine,Singular,NA,NA,NA,HS,NA,Late,Yes,NA,0,150,2026,1,NA,NA,NA,0.8394040728903709,0.5286097638898054
H98,2,1,NA,6,NA,150,NA,NA,NA,NA,NA,NA,NA,Heritage Spanish,NA,NA,NA,Selection,FCT-21,1,NA,NA,NA,NA,NA,NA,NA,Clitics,Feminine,Singular,NA,NA,NA,HS,NA,Late,Yes,NA,0,150,2026,1,NA,NA,NA,0.8394040728903709,0.5286097638898054
H98,2,1,NA,6,NA,150,NA,NA,NA,NA,NA,NA,NA,Heritage Spanish,NA,NA,NA,Selection,FCT-23,1,NA,NA,NA,NA,NA,NA,NA,Clitics,Masculine,Plural,NA,NA,NA,HS,NA,Late,Yes,NA,0,150,2026,1,NA,NA,NA,0.8394040728903709,0.5286097638898054
H98,2,1,NA,6,NA,150,NA,NA,NA,NA,NA,NA,NA,Heritage Spanish,NA,NA,NA,Selection,FCT-25,1,NA,NA,NA,NA,NA,NA,NA,Clitics,Feminine,Plural,NA,NA,NA,HS,NA,Late,Yes,NA,0,150,2026,1,NA,NA,NA,0.8394040728903709,0.5286097638898054
H99,2,1,NA,6,NA,144,NA,NA,NA,NA,NA,NA,NA,NA,NA,NA,NA,Selection,FCT-03,1,NA,NA,NA,NA,NA,NA,NA,Clitics,Masculine,Singular,NA,NA,NA,L2L,NA,Late,Yes,NA,0,144,2026,1,NA,NA,NA,0.6096269279984302,0.3166230893799077
H99,2,1,NA,6,NA,144,NA,NA,NA,NA,NA,NA,NA,NA,NA,NA,NA,Selection,FCT-05,1,NA,NA,NA,NA,NA,NA,NA,Clitics,Feminine,Singular,NA,NA,NA,L2L,NA,Late,Yes,NA,0,144,2026,1,NA,NA,NA,0.6096269279984302,0.3166230893799077
H99,2,1,NA,6,NA,144,NA,NA,NA,NA,NA,NA,NA,NA,NA,NA,NA,Selection,FCT-07,1,NA,NA,NA,NA,NA,NA,NA,Clitics,Masculine,Plural,NA,NA,NA,L2L,NA,Late,Yes,NA,0,144,2026,1,NA,NA,NA,0.6096269279984302,0.3166230893799077
H99,2,1,NA,6,NA,144,NA,NA,NA,NA,NA,NA,NA,NA,NA,NA,NA,Selection,FCT-09,0,NA,NA,NA,NA,NA,NA,NA,Clitics,Feminine,Plural,NA,NA,NA,L2L,NA,Late,Yes,NA,0,144,2026,0,NA,NA,NA,0.6096269279984302,0.3166230893799077
H99,2,1,NA,6,NA,144,NA,NA,NA,NA,NA,NA,NA,NA,NA,NA,NA,Selection,FCT-11,1,NA,NA,NA,NA,NA,NA,NA,Clitics,Masculine,Singular,NA,NA,NA,L2L,NA,Late,Yes,NA,0,144,2026,1,NA,NA,NA,0.6096269279984302,0.3166230893799077
H99,2,1,NA,6,NA,144,NA,NA,NA,NA,NA,NA,NA,NA,NA,NA,NA,Selection,FCT-13,0,NA,NA,NA,NA,NA,NA,NA,Clitics,Feminine,Singular,NA,NA,NA,L2L,NA,Late,Yes,NA,0,144,2026,0,NA,NA,NA,0.6096269279984302,0.3166230893799077
H99,2,1,NA,6,NA,144,NA,NA,NA,NA,NA,NA,NA,NA,NA,NA,NA,Selection,FCT-15,0,NA,NA,NA,NA,NA,NA,NA,Clitics,Masculine,Plural,NA,NA,NA,L2L,NA,Late,Yes,NA,0,144,2026,0,NA,NA,NA,0.6096269279984302,0.3166230893799077
H99,2,1,NA,6,NA,144,NA,NA,NA,NA,NA,NA,NA,NA,NA,NA,NA,Selection,FCT-17,1,NA,NA,NA,NA,NA,NA,NA,Clitics,Feminine,Plural,NA,NA,NA,L2L,NA,Late,Yes,NA,0,144,2026,1,NA,NA,NA,0.6096269279984302,0.3166230893799077
H99,2,1,NA,6,NA,144,NA,NA,NA,NA,NA,NA,NA,NA,NA,NA,NA,Selection,FCT-19,1,NA,NA,NA,NA,NA,NA,NA,Clitics,Masculine,Singular,NA,NA,NA,L2L,NA,Late,Yes,NA,0,144,2026,1,NA,NA,NA,0.6096269279984302,0.3166230893799077
H99,2,1,NA,6,NA,144,NA,NA,NA,NA,NA,NA,NA,NA,NA,NA,NA,Selection,FCT-21,1,NA,NA,NA,NA,NA,NA,NA,Clitics,Feminine,Singular,NA,NA,NA,L2L,NA,Late,Yes,NA,0,144,2026,1,NA,NA,NA,0.6096269279984302,0.3166230893799077
H99,2,1,NA,6,NA,144,NA,NA,NA,NA,NA,NA,NA,NA,NA,NA,NA,Selection,FCT-23,0,NA,NA,NA,NA,NA,NA,NA,Clitics,Masculine,Plural,NA,NA,NA,L2L,NA,Late,Yes,NA,0,144,2026,0,NA,NA,NA,0.6096269279984302,0.3166230893799077
H99,2,1,NA,6,NA,144,NA,NA,NA,NA,NA,NA,NA,NA,NA,NA,NA,Selection,FCT-25,0,NA,NA,NA,NA,NA,NA,NA,Clitics,Feminine,Plural,NA,NA,NA,L2L,NA,Late,Yes,NA,0,144,2026,0,NA,NA,NA,0.6096269279984302,0.3166230893799077
H100,2,1,NA,6,NA,150,NA,NA,NA,NA,NA,NA,NA,NA,NA,NA,NA,Selection,FCT-03,0,NA,NA,NA,NA,NA,NA,NA,Clitics,Masculine,Singular,NA,NA,NA,L2L,NA,Late,Yes,NA,0,150,2026,0,NA,NA,NA,0.8394040728903709,0.5286097638898054
H100,2,1,NA,6,NA,150,NA,NA,NA,NA,NA,NA,NA,NA,NA,NA,NA,Selection,FCT-05,1,NA,NA,NA,NA,NA,NA,NA,Clitics,Feminine,Singular,NA,NA,NA,L2L,NA,Late,Yes,NA,0,150,2026,1,NA,NA,NA,0.8394040728903709,0.5286097638898054
H100,2,1,NA,6,NA,150,NA,NA,NA,NA,NA,NA,NA,NA,NA,NA,NA,Selection,FCT-07,1,NA,NA,NA,NA,NA,NA,NA,Clitics,Masculine,Plural,NA,NA,NA,L2L,NA,Late,Yes,NA,0,150,2026,1,NA,NA,NA,0.8394040728903709,0.5286097638898054
H100,2,1,NA,6,NA,150,NA,NA,NA,NA,NA,NA,NA,NA,NA,NA,NA,Selection,FCT-09,0,NA,NA,NA,NA,NA,NA,NA,Clitics,Feminine,Plural,NA,NA,NA,L2L,NA,Late,Yes,NA,0,150,2026,0,NA,NA,NA,0.8394040728903709,0.5286097638898054
H100,2,1,NA,6,NA,150,NA,NA,NA,NA,NA,NA,NA,NA,NA,NA,NA,Selection,FCT-11,1,NA,NA,NA,NA,NA,NA,NA,Clitics,Masculine,Singular,NA,NA,NA,L2L,NA,Late,Yes,NA,0,150,2026,1,NA,NA,NA,0.8394040728903709,0.5286097638898054
H100,2,1,NA,6,NA,150,NA,NA,NA,NA,NA,NA,NA,NA,NA,NA,NA,Selection,FCT-13,1,NA,NA,NA,NA,NA,NA,NA,Clitics,Feminine,Singular,NA,NA,NA,L2L,NA,Late,Yes,NA,0,150,2026,1,NA,NA,NA,0.8394040728903709,0.5286097638898054
H100,2,1,NA,6,NA,150,NA,NA,NA,NA,NA,NA,NA,NA,NA,NA,NA,Selection,FCT-15,1,NA,NA,NA,NA,NA,NA,NA,Clitics,Masculine,Plural,NA,NA,NA,L2L,NA,Late,Yes,NA,0,150,2026,1,NA,NA,NA,0.8394040728903709,0.5286097638898054
H100,2,1,NA,6,NA,150,NA,NA,NA,NA,NA,NA,NA,NA,NA,NA,NA,Selection,FCT-17,1,NA,NA,NA,NA,NA,NA,NA,Clitics,Feminine,Plural,NA,NA,NA,L2L,NA,Late,Yes,NA,0,150,2026,1,NA,NA,NA,0.8394040728903709,0.5286097638898054
H100,2,1,NA,6,NA,150,NA,NA,NA,NA,NA,NA,NA,NA,NA,NA,NA,Selection,FCT-19,1,NA,NA,NA,NA,NA,NA,NA,Clitics,Masculine,Singular,NA,NA,NA,L2L,NA,Late,Yes,NA,0,150,2026,1,NA,NA,NA,0.8394040728903709,0.5286097638898054
H100,2,1,NA,6,NA,150,NA,NA,NA,NA,NA,NA,NA,NA,NA,NA,NA,Selection,FCT-21,0,NA,NA,NA,NA,NA,NA,NA,Clitics,Feminine,Singular,NA,NA,NA,L2L,NA,Late,Yes,NA,0,150,2026,0,NA,NA,NA,0.8394040728903709,0.5286097638898054
H100,2,1,NA,6,NA,150,NA,NA,NA,NA,NA,NA,NA,NA,NA,NA,NA,Selection,FCT-23,1,NA,NA,NA,NA,NA,NA,NA,Clitics,Masculine,Plural,NA,NA,NA,L2L,NA,Late,Yes,NA,0,150,2026,1,NA,NA,NA,0.8394040728903709,0.5286097638898054
H100,2,1,NA,6,NA,150,NA,NA,NA,NA,NA,NA,NA,NA,NA,NA,NA,Selection,FCT-25,1,NA,NA,NA,NA,NA,NA,NA,Clitics,Feminine,Plural,NA,NA,NA,L2L,NA,Late,Yes,NA,0,150,2026,1,NA,NA,NA,0.8394040728903709,0.5286097638898054
H101,2,1,L2L 7th/8th,7,NA,151,NA,NA,NA,NA,NA,NA,NA,"French, Italian",No,Yes,Yes,Selection,FCT-03,1,NA,NA,NA,NA,NA,NA,NA,Clitics,Masculine,Singular,NA,NA,NA,L2L,7th/8th,Late,Yes,NA,0,151,2026,1,NA,NA,NA,0.8777002637056943,0.5639408763081216
H101,2,1,L2L 7th/8th,7,NA,151,NA,NA,NA,NA,NA,NA,NA,"French, Italian",No,Yes,Yes,Selection,FCT-05,0,NA,NA,NA,NA,NA,NA,NA,Clitics,Feminine,Singular,NA,NA,NA,L2L,7th/8th,Late,Yes,NA,0,151,2026,0,NA,NA,NA,0.8777002637056943,0.5639408763081216
H101,2,1,L2L 7th/8th,7,NA,151,NA,NA,NA,NA,NA,NA,NA,"French, Italian",No,Yes,Yes,Selection,FCT-07,1,NA,NA,NA,NA,NA,NA,NA,Clitics,Masculine,Plural,NA,NA,NA,L2L,7th/8th,Late,Yes,NA,0,151,2026,1,NA,NA,NA,0.8777002637056943,0.5639408763081216
H101,2,1,L2L 7th/8th,7,NA,151,NA,NA,NA,NA,NA,NA,NA,"French, Italian",No,Yes,Yes,Selection,FCT-09,1,NA,NA,NA,NA,NA,NA,NA,Clitics,Feminine,Plural,NA,NA,NA,L2L,7th/8th,Late,Yes,NA,0,151,2026,1,NA,NA,NA,0.8777002637056943,0.5639408763081216
H101,2,1,L2L 7th/8th,7,NA,151,NA,NA,NA,NA,NA,NA,NA,"French, Italian",No,Yes,Yes,Selection,FCT-11,1,NA,NA,NA,NA,NA,NA,NA,Clitics,Masculine,Singular,NA,NA,NA,L2L,7th/8th,Late,Yes,NA,0,151,2026,1,NA,NA,NA,0.8777002637056943,0.5639408763081216
H101,2,1,L2L 7th/8th,7,NA,151,NA,NA,NA,NA,NA,NA,NA,"French, Italian",No,Yes,Yes,Selection,FCT-13,0,NA,NA,NA,NA,NA,NA,NA,Clitics,Feminine,Singular,NA,NA,NA,L2L,7th/8th,Late,Yes,NA,0,151,2026,0,NA,NA,NA,0.8777002637056943,0.5639408763081216
H101,2,1,L2L 7th/8th,7,NA,151,NA,NA,NA,NA,NA,NA,NA,"French, Italian",No,Yes,Yes,Selection,FCT-15,1,NA,NA,NA,NA,NA,NA,NA,Clitics,Masculine,Plural,NA,NA,NA,L2L,7th/8th,Late,Yes,NA,0,151,2026,1,NA,NA,NA,0.8777002637056943,0.5639408763081216
H101,2,1,L2L 7th/8th,7,NA,151,NA,NA,NA,NA,NA,NA,NA,"French, Italian",No,Yes,Yes,Selection,FCT-17,0,NA,NA,NA,NA,NA,NA,NA,Clitics,Feminine,Plural,NA,NA,NA,L2L,7th/8th,Late,Yes,NA,0,151,2026,0,NA,NA,NA,0.8777002637056943,0.5639408763081216
H101,2,1,L2L 7th/8th,7,NA,151,NA,NA,NA,NA,NA,NA,NA,"French, Italian",No,Yes,Yes,Selection,FCT-19,1,NA,NA,NA,NA,NA,NA,NA,Clitics,Masculine,Singular,NA,NA,NA,L2L,7th/8th,Late,Yes,NA,0,151,2026,1,NA,NA,NA,0.8777002637056943,0.5639408763081216
H101,2,1,L2L 7th/8th,7,NA,151,NA,NA,NA,NA,NA,NA,NA,"French, Italian",No,Yes,Yes,Selection,FCT-21,0,NA,NA,NA,NA,NA,NA,NA,Clitics,Feminine,Singular,NA,NA,NA,L2L,7th/8th,Late,Yes,NA,0,151,2026,0,NA,NA,NA,0.8777002637056943,0.5639408763081216
H101,2,1,L2L 7th/8th,7,NA,151,NA,NA,NA,NA,NA,NA,NA,"French, Italian",No,Yes,Yes,Selection,FCT-23,1,NA,NA,NA,NA,NA,NA,NA,Clitics,Masculine,Plural,NA,NA,NA,L2L,7th/8th,Late,Yes,NA,0,151,2026,1,NA,NA,NA,0.8777002637056943,0.5639408763081216
H101,2,1,L2L 7th/8th,7,NA,151,NA,NA,NA,NA,NA,NA,NA,"French, Italian",No,Yes,Yes,Selection,FCT-25,0,NA,NA,NA,NA,NA,NA,NA,Clitics,Feminine,Plural,NA,NA,NA,L2L,7th/8th,Late,Yes,NA,0,151,2026,0,NA,NA,NA,0.8777002637056943,0.5639408763081216
H102,2,1,NA,3,NA,112,NA,NA,NA,NA,NA,NA,NA,NA,NA,NA,NA,Selection,FCT-03,1,NA,NA,NA,NA,NA,NA,NA,Clitics,Masculine,Singular,NA,NA,NA,L2L,NA,Late,Yes,NA,0,112,2026,1,NA,NA,NA,-0.6158511780919201,-0.8139725080062131
H102,2,1,NA,3,NA,112,NA,NA,NA,NA,NA,NA,NA,NA,NA,NA,NA,Selection,FCT-05,0,NA,NA,NA,NA,NA,NA,NA,Clitics,Feminine,Singular,NA,NA,NA,L2L,NA,Late,Yes,NA,0,112,2026,0,NA,NA,NA,-0.6158511780919201,-0.8139725080062131
H102,2,1,NA,3,NA,112,NA,NA,NA,NA,NA,NA,NA,NA,NA,NA,NA,Selection,FCT-07,1,NA,NA,NA,NA,NA,NA,NA,Clitics,Masculine,Plural,NA,NA,NA,L2L,NA,Late,Yes,NA,0,112,2026,1,NA,NA,NA,-0.6158511780919201,-0.8139725080062131
H102,2,1,NA,3,NA,112,NA,NA,NA,NA,NA,NA,NA,NA,NA,NA,NA,Selection,FCT-09,1,NA,NA,NA,NA,NA,NA,NA,Clitics,Feminine,Plural,NA,NA,NA,L2L,NA,Late,Yes,NA,0,112,2026,1,NA,NA,NA,-0.6158511780919201,-0.8139725080062131
H102,2,1,NA,3,NA,112,NA,NA,NA,NA,NA,NA,NA,NA,NA,NA,NA,Selection,FCT-11,1,NA,NA,NA,NA,NA,NA,NA,Clitics,Masculine,Singular,NA,NA,NA,L2L,NA,Late,Yes,NA,0,112,2026,1,NA,NA,NA,-0.6158511780919201,-0.8139725080062131
H102,2,1,NA,3,NA,112,NA,NA,NA,NA,NA,NA,NA,NA,NA,NA,NA,Selection,FCT-13,0,NA,NA,NA,NA,NA,NA,NA,Clitics,Feminine,Singular,NA,NA,NA,L2L,NA,Late,Yes,NA,0,112,2026,0,NA,NA,NA,-0.6158511780919201,-0.8139725080062131
H102,2,1,NA,3,NA,112,NA,NA,NA,NA,NA,NA,NA,NA,NA,NA,NA,Selection,FCT-15,0,NA,NA,NA,NA,NA,NA,NA,Clitics,Masculine,Plural,NA,NA,NA,L2L,NA,Late,Yes,NA,0,112,2026,0,NA,NA,NA,-0.6158511780919201,-0.8139725080062131
H102,2,1,NA,3,NA,112,NA,NA,NA,NA,NA,NA,NA,NA,NA,NA,NA,Selection,FCT-17,1,NA,NA,NA,NA,NA,NA,NA,Clitics,Feminine,Plural,NA,NA,NA,L2L,NA,Late,Yes,NA,0,112,2026,1,NA,NA,NA,-0.6158511780919201,-0.8139725080062131
H102,2,1,NA,3,NA,112,NA,NA,NA,NA,NA,NA,NA,NA,NA,NA,NA,Selection,FCT-19,1,NA,NA,NA,NA,NA,NA,NA,Clitics,Masculine,Singular,NA,NA,NA,L2L,NA,Late,Yes,NA,0,112,2026,1,NA,NA,NA,-0.6158511780919201,-0.8139725080062131
H102,2,1,NA,3,NA,112,NA,NA,NA,NA,NA,NA,NA,NA,NA,NA,NA,Selection,FCT-21,0,NA,NA,NA,NA,NA,NA,NA,Clitics,Feminine,Singular,NA,NA,NA,L2L,NA,Late,Yes,NA,0,112,2026,0,NA,NA,NA,-0.6158511780919201,-0.8139725080062131
H102,2,1,NA,3,NA,112,NA,NA,NA,NA,NA,NA,NA,NA,NA,NA,NA,Selection,FCT-23,1,NA,NA,NA,NA,NA,NA,NA,Clitics,Masculine,Plural,NA,NA,NA,L2L,NA,Late,Yes,NA,0,112,2026,1,NA,NA,NA,-0.6158511780919201,-0.8139725080062131
H102,2,1,NA,3,NA,112,NA,NA,NA,NA,NA,NA,NA,NA,NA,NA,NA,Selection,FCT-25,1,NA,NA,NA,NA,NA,NA,NA,Clitics,Feminine,Plural,NA,NA,NA,L2L,NA,Late,Yes,NA,0,112,2026,1,NA,NA,NA,-0.6158511780919201,-0.8139725080062131
H103,2,1,L2L 4th/5th,4,NA,127,NA,NA,NA,NA,NA,NA,NA,NA,NA,NA,NA,Selection,FCT-03,1,NA,NA,NA,NA,NA,NA,NA,Clitics,Masculine,Singular,NA,NA,NA,L2L,4th/5th,Late,Yes,NA,0,127,2026,1,NA,NA,NA,-0.041408315862068446,-0.284005821731469
H103,2,1,L2L 4th/5th,4,NA,127,NA,NA,NA,NA,NA,NA,NA,NA,NA,NA,NA,Selection,FCT-05,0,NA,NA,NA,NA,NA,NA,NA,Clitics,Feminine,Singular,NA,NA,NA,L2L,4th/5th,Late,Yes,NA,0,127,2026,0,NA,NA,NA,-0.041408315862068446,-0.284005821731469
H103,2,1,L2L 4th/5th,4,NA,127,NA,NA,NA,NA,NA,NA,NA,NA,NA,NA,NA,Selection,FCT-07,0,NA,NA,NA,NA,NA,NA,NA,Clitics,Masculine,Plural,NA,NA,NA,L2L,4th/5th,Late,Yes,NA,0,127,2026,0,NA,NA,NA,-0.041408315862068446,-0.284005821731469
H103,2,1,L2L 4th/5th,4,NA,127,NA,NA,NA,NA,NA,NA,NA,NA,NA,NA,NA,Selection,FCT-09,1,NA,NA,NA,NA,NA,NA,NA,Clitics,Feminine,Plural,NA,NA,NA,L2L,4th/5th,Late,Yes,NA,0,127,2026,1,NA,NA,NA,-0.041408315862068446,-0.284005821731469
H103,2,1,L2L 4th/5th,4,NA,127,NA,NA,NA,NA,NA,NA,NA,NA,NA,NA,NA,Selection,FCT-11,0,NA,NA,NA,NA,NA,NA,NA,Clitics,Masculine,Singular,NA,NA,NA,L2L,4th/5th,Late,Yes,NA,0,127,2026,0,NA,NA,NA,-0.041408315862068446,-0.284005821731469
H103,2,1,L2L 4th/5th,4,NA,127,NA,NA,NA,NA,NA,NA,NA,NA,NA,NA,NA,Selection,FCT-13,0,NA,NA,NA,NA,NA,NA,NA,Clitics,Feminine,Singular,NA,NA,NA,L2L,4th/5th,Late,Yes,NA,0,127,2026,0,NA,NA,NA,-0.041408315862068446,-0.284005821731469
H103,2,1,L2L 4th/5th,4,NA,127,NA,NA,NA,NA,NA,NA,NA,NA,NA,NA,NA,Selection,FCT-15,0,NA,NA,NA,NA,NA,NA,NA,Clitics,Masculine,Plural,NA,NA,NA,L2L,4th/5th,Late,Yes,NA,0,127,2026,0,NA,NA,NA,-0.041408315862068446,-0.284005821731469
H103,2,1,L2L 4th/5th,4,NA,127,NA,NA,NA,NA,NA,NA,NA,NA,NA,NA,NA,Selection,FCT-17,1,NA,NA,NA,NA,NA,NA,NA,Clitics,Feminine,Plural,NA,NA,NA,L2L,4th/5th,Late,Yes,NA,0,127,2026,1,NA,NA,NA,-0.041408315862068446,-0.284005821731469
H103,2,1,L2L 4th/5th,4,NA,127,NA,NA,NA,NA,NA,NA,NA,NA,NA,NA,NA,Selection,FCT-19,0,NA,NA,NA,NA,NA,NA,NA,Clitics,Masculine,Singular,NA,NA,NA,L2L,4th/5th,Late,Yes,NA,0,127,2026,0,NA,NA,NA,-0.041408315862068446,-0.284005821731469
H103,2,1,L2L 4th/5th,4,NA,127,NA,NA,NA,NA,NA,NA,NA,NA,NA,NA,NA,Selection,FCT-21,1,NA,NA,NA,NA,NA,NA,NA,Clitics,Feminine,Singular,NA,NA,NA,L2L,4th/5th,Late,Yes,NA,0,127,2026,1,NA,NA,NA,-0.041408315862068446,-0.284005821731469
H103,2,1,L2L 4th/5th,4,NA,127,NA,NA,NA,NA,NA,NA,NA,NA,NA,NA,NA,Selection,FCT-23,1,NA,NA,NA,NA,NA,NA,NA,Clitics,Masculine,Plural,NA,NA,NA,L2L,4th/5th,Late,Yes,NA,0,127,2026,1,NA,NA,NA,-0.041408315862068446,-0.284005821731469
H103,2,1,L2L 4th/5th,4,NA,127,NA,NA,NA,NA,NA,NA,NA,NA,NA,NA,NA,Selection,FCT-25,1,NA,NA,NA,NA,NA,NA,NA,Clitics,Feminine,Plural,NA,NA,NA,L2L,4th/5th,Late,Yes,NA,0,127,2026,1,NA,NA,NA,-0.041408315862068446,-0.284005821731469
H104,2,1,L2L 2nd,2,NA,96,NA,NA,NA,NA,NA,NA,NA,NA,NA,NA,NA,Selection,FCT-03,1,NA,NA,NA,NA,NA,NA,NA,Clitics,Masculine,Singular,NA,NA,NA,L2L,2nd,Late,Yes,NA,0,96,2026,1,NA,NA,NA,-1.2285902311370953,-1.3792703066992735
H104,2,1,L2L 2nd,2,NA,96,NA,NA,NA,NA,NA,NA,NA,NA,NA,NA,NA,Selection,FCT-05,0,NA,NA,NA,NA,NA,NA,NA,Clitics,Feminine,Singular,NA,NA,NA,L2L,2nd,Late,Yes,NA,0,96,2026,0,NA,NA,NA,-1.2285902311370953,-1.3792703066992735
H104,2,1,L2L 2nd,2,NA,96,NA,NA,NA,NA,NA,NA,NA,NA,NA,NA,NA,Selection,FCT-07,0,NA,NA,NA,NA,NA,NA,NA,Clitics,Masculine,Plural,NA,NA,NA,L2L,2nd,Late,Yes,NA,0,96,2026,0,NA,NA,NA,-1.2285902311370953,-1.3792703066992735
H104,2,1,L2L 2nd,2,NA,96,NA,NA,NA,NA,NA,NA,NA,NA,NA,NA,NA,Selection,FCT-09,1,NA,NA,NA,NA,NA,NA,NA,Clitics,Feminine,Plural,NA,NA,NA,L2L,2nd,Late,Yes,NA,0,96,2026,1,NA,NA,NA,-1.2285902311370953,-1.3792703066992735
H104,2,1,L2L 2nd,2,NA,96,NA,NA,NA,NA,NA,NA,NA,NA,NA,NA,NA,Selection,FCT-11,1,NA,NA,NA,NA,NA,NA,NA,Clitics,Masculine,Singular,NA,NA,NA,L2L,2nd,Late,Yes,NA,0,96,2026,1,NA,NA,NA,-1.2285902311370953,-1.3792703066992735
H104,2,1,L2L 2nd,2,NA,96,NA,NA,NA,NA,NA,NA,NA,NA,NA,NA,NA,Selection,FCT-13,1,NA,NA,NA,NA,NA,NA,NA,Clitics,Feminine,Singular,NA,NA,NA,L2L,2nd,Late,Yes,NA,0,96,2026,1,NA,NA,NA,-1.2285902311370953,-1.3792703066992735
H104,2,1,L2L 2nd,2,NA,96,NA,NA,NA,NA,NA,NA,NA,NA,NA,NA,NA,Selection,FCT-15,1,NA,NA,NA,NA,NA,NA,NA,Clitics,Masculine,Plural,NA,NA,NA,L2L,2nd,Late,Yes,NA,0,96,2026,1,NA,NA,NA,-1.2285902311370953,-1.3792703066992735
H104,2,1,L2L 2nd,2,NA,96,NA,NA,NA,NA,NA,NA,NA,NA,NA,NA,NA,Selection,FCT-17,1,NA,NA,NA,NA,NA,NA,NA,Clitics,Feminine,Plural,NA,NA,NA,L2L,2nd,Late,Yes,NA,0,96,2026,1,NA,NA,NA,-1.2285902311370953,-1.3792703066992735
H104,2,1,L2L 2nd,2,NA,96,NA,NA,NA,NA,NA,NA,NA,NA,NA,NA,NA,Selection,FCT-19,1,NA,NA,NA,NA,NA,NA,NA,Clitics,Masculine,Singular,NA,NA,NA,L2L,2nd,Late,Yes,NA,0,96,2026,1,NA,NA,NA,-1.2285902311370953,-1.3792703066992735
H104,2,1,L2L 2nd,2,NA,96,NA,NA,NA,NA,NA,NA,NA,NA,NA,NA,NA,Selection,FCT-21,0,NA,NA,NA,NA,NA,NA,NA,Clitics,Feminine,Singular,NA,NA,NA,L2L,2nd,Late,Yes,NA,0,96,2026,0,NA,NA,NA,-1.2285902311370953,-1.3792703066992735
H104,2,1,L2L 2nd,2,NA,96,NA,NA,NA,NA,NA,NA,NA,NA,NA,NA,NA,Selection,FCT-23,0,NA,NA,NA,NA,NA,NA,NA,Clitics,Masculine,Plural,NA,NA,NA,L2L,2nd,Late,Yes,NA,0,96,2026,0,NA,NA,NA,-1.2285902311370953,-1.3792703066992735
H104,2,1,L2L 2nd,2,NA,96,NA,NA,NA,NA,NA,NA,NA,NA,NA,NA,NA,Selection,FCT-25,1,NA,NA,NA,NA,NA,NA,NA,Clitics,Feminine,Plural,NA,NA,NA,L2L,2nd,Late,Yes,NA,0,96,2026,1,NA,NA,NA,-1.2285902311370953,-1.3792703066992735
H105,2,1,L2L 4th/5th,5,NA,129,NA,NA,NA,NA,NA,NA,NA,NA,NA,NA,NA,Selection,FCT-03,0,NA,NA,NA,NA,NA,NA,NA,Clitics,Masculine,Singular,NA,NA,NA,L2L,4th/5th,Late,Yes,NA,0,129,2026,0,NA,NA,NA,0.03518406576857845,-0.21334359689483645
H105,2,1,L2L 4th/5th,5,NA,129,NA,NA,NA,NA,NA,NA,NA,NA,NA,NA,NA,Selection,FCT-05,0,NA,NA,NA,NA,NA,NA,NA,Clitics,Feminine,Singular,NA,NA,NA,L2L,4th/5th,Late,Yes,NA,0,129,2026,0,NA,NA,NA,0.03518406576857845,-0.21334359689483645
H105,2,1,L2L 4th/5th,5,NA,129,NA,NA,NA,NA,NA,NA,NA,NA,NA,NA,NA,Selection,FCT-07,1,NA,NA,NA,NA,NA,NA,NA,Clitics,Masculine,Plural,NA,NA,NA,L2L,4th/5th,Late,Yes,NA,0,129,2026,1,NA,NA,NA,0.03518406576857845,-0.21334359689483645
H105,2,1,L2L 4th/5th,5,NA,129,NA,NA,NA,NA,NA,NA,NA,NA,NA,NA,NA,Selection,FCT-09,0,NA,NA,NA,NA,NA,NA,NA,Clitics,Feminine,Plural,NA,NA,NA,L2L,4th/5th,Late,Yes,NA,0,129,2026,0,NA,NA,NA,0.03518406576857845,-0.21334359689483645
H105,2,1,L2L 4th/5th,5,NA,129,NA,NA,NA,NA,NA,NA,NA,NA,NA,NA,NA,Selection,FCT-11,1,NA,NA,NA,NA,NA,NA,NA,Clitics,Masculine,Singular,NA,NA,NA,L2L,4th/5th,Late,Yes,NA,0,129,2026,1,NA,NA,NA,0.03518406576857845,-0.21334359689483645
H105,2,1,L2L 4th/5th,5,NA,129,NA,NA,NA,NA,NA,NA,NA,NA,NA,NA,NA,Selection,FCT-13,1,NA,NA,NA,NA,NA,NA,NA,Clitics,Feminine,Singular,NA,NA,NA,L2L,4th/5th,Late,Yes,NA,0,129,2026,1,NA,NA,NA,0.03518406576857845,-0.21334359689483645
H105,2,1,L2L 4th/5th,5,NA,129,NA,NA,NA,NA,NA,NA,NA,NA,NA,NA,NA,Selection,FCT-15,1,NA,NA,NA,NA,NA,NA,NA,Clitics,Masculine,Plural,NA,NA,NA,L2L,4th/5th,Late,Yes,NA,0,129,2026,1,NA,NA,NA,0.03518406576857845,-0.21334359689483645
H105,2,1,L2L 4th/5th,5,NA,129,NA,NA,NA,NA,NA,NA,NA,NA,NA,NA,NA,Selection,FCT-17,0,NA,NA,NA,NA,NA,NA,NA,Clitics,Feminine,Plural,NA,NA,NA,L2L,4th/5th,Late,Yes,NA,0,129,2026,0,NA,NA,NA,0.03518406576857845,-0.21334359689483645
H105,2,1,L2L 4th/5th,5,NA,129,NA,NA,NA,NA,NA,NA,NA,NA,NA,NA,NA,Selection,FCT-19,1,NA,NA,NA,NA,NA,NA,NA,Clitics,Masculine,Singular,NA,NA,NA,L2L,4th/5th,Late,Yes,NA,0,129,2026,1,NA,NA,NA,0.03518406576857845,-0.21334359689483645
H105,2,1,L2L 4th/5th,5,NA,129,NA,NA,NA,NA,NA,NA,NA,NA,NA,NA,NA,Selection,FCT-21,1,NA,NA,NA,NA,NA,NA,NA,Clitics,Feminine,Singular,NA,NA,NA,L2L,4th/5th,Late,Yes,NA,0,129,2026,1,NA,NA,NA,0.03518406576857845,-0.21334359689483645
H105,2,1,L2L 4th/5th,5,NA,129,NA,NA,NA,NA,NA,NA,NA,NA,NA,NA,NA,Selection,FCT-23,1,NA,NA,NA,NA,NA,NA,NA,Clitics,Masculine,Plural,NA,NA,NA,L2L,4th/5th,Late,Yes,NA,0,129,2026,1,NA,NA,NA,0.03518406576857845,-0.21334359689483645
H105,2,1,L2L 4th/5th,5,NA,129,NA,NA,NA,NA,NA,NA,NA,NA,NA,NA,NA,Selection,FCT-25,0,NA,NA,NA,NA,NA,NA,NA,Clitics,Feminine,Plural,NA,NA,NA,L2L,4th/5th,Late,Yes,NA,0,129,2026,0,NA,NA,NA,0.03518406576857845,-0.21334359689483645
H106,2,1,L2L 7th/8th,7,NA,153,NA,NA,NA,NA,NA,NA,NA,NA,NA,NA,NA,Selection,FCT-03,0,NA,NA,NA,NA,NA,NA,NA,Clitics,Masculine,Singular,NA,NA,NA,L2L,7th/8th,Late,Yes,NA,0,153,2026,0,NA,NA,NA,0.9542926453363413,0.6346031011447542
H106,2,1,L2L 7th/8th,7,NA,153,NA,NA,NA,NA,NA,NA,NA,NA,NA,NA,NA,Selection,FCT-05,0,NA,NA,NA,NA,NA,NA,NA,Clitics,Feminine,Singular,NA,NA,NA,L2L,7th/8th,Late,Yes,NA,0,153,2026,0,NA,NA,NA,0.9542926453363413,0.6346031011447542
H106,2,1,L2L 7th/8th,7,NA,153,NA,NA,NA,NA,NA,NA,NA,NA,NA,NA,NA,Selection,FCT-07,0,NA,NA,NA,NA,NA,NA,NA,Clitics,Masculine,Plural,NA,NA,NA,L2L,7th/8th,Late,Yes,NA,0,153,2026,0,NA,NA,NA,0.9542926453363413,0.6346031011447542
H106,2,1,L2L 7th/8th,7,NA,153,NA,NA,NA,NA,NA,NA,NA,NA,NA,NA,NA,Selection,FCT-09,1,NA,NA,NA,NA,NA,NA,NA,Clitics,Feminine,Plural,NA,NA,NA,L2L,7th/8th,Late,Yes,NA,0,153,2026,1,NA,NA,NA,0.9542926453363413,0.6346031011447542
H106,2,1,L2L 7th/8th,7,NA,153,NA,NA,NA,NA,NA,NA,NA,NA,NA,NA,NA,Selection,FCT-11,1,NA,NA,NA,NA,NA,NA,NA,Clitics,Masculine,Singular,NA,NA,NA,L2L,7th/8th,Late,Yes,NA,0,153,2026,1,NA,NA,NA,0.9542926453363413,0.6346031011447542
H106,2,1,L2L 7th/8th,7,NA,153,NA,NA,NA,NA,NA,NA,NA,NA,NA,NA,NA,Selection,FCT-13,1,NA,NA,NA,NA,NA,NA,NA,Clitics,Feminine,Singular,NA,NA,NA,L2L,7th/8th,Late,Yes,NA,0,153,2026,1,NA,NA,NA,0.9542926453363413,0.6346031011447542
H106,2,1,L2L 7th/8th,7,NA,153,NA,NA,NA,NA,NA,NA,NA,NA,NA,NA,NA,Selection,FCT-15,0,NA,NA,NA,NA,NA,NA,NA,Clitics,Masculine,Plural,NA,NA,NA,L2L,7th/8th,Late,Yes,NA,0,153,2026,0,NA,NA,NA,0.9542926453363413,0.6346031011447542
H106,2,1,L2L 7th/8th,7,NA,153,NA,NA,NA,NA,NA,NA,NA,NA,NA,NA,NA,Selection,FCT-17,1,NA,NA,NA,NA,NA,NA,NA,Clitics,Feminine,Plural,NA,NA,NA,L2L,7th/8th,Late,Yes,NA,0,153,2026,1,NA,NA,NA,0.9542926453363413,0.6346031011447542
H106,2,1,L2L 7th/8th,7,NA,153,NA,NA,NA,NA,NA,NA,NA,NA,NA,NA,NA,Selection,FCT-19,0,NA,NA,NA,NA,NA,NA,NA,Clitics,Masculine,Singular,NA,NA,NA,L2L,7th/8th,Late,Yes,NA,0,153,2026,0,NA,NA,NA,0.9542926453363413,0.6346031011447542
H106,2,1,L2L 7th/8th,7,NA,153,NA,NA,NA,NA,NA,NA,NA,NA,NA,NA,NA,Selection,FCT-21,1,NA,NA,NA,NA,NA,NA,NA,Clitics,Feminine,Singular,NA,NA,NA,L2L,7th/8th,Late,Yes,NA,0,153,2026,1,NA,NA,NA,0.9542926453363413,0.6346031011447542
H106,2,1,L2L 7th/8th,7,NA,153,NA,NA,NA,NA,NA,NA,NA,NA,NA,NA,NA,Selection,FCT-23,1,NA,NA,NA,NA,NA,NA,NA,Clitics,Masculine,Plural,NA,NA,NA,L2L,7th/8th,Late,Yes,NA,0,153,2026,1,NA,NA,NA,0.9542926453363413,0.6346031011447542
H106,2,1,L2L 7th/8th,7,NA,153,NA,NA,NA,NA,NA,NA,NA,NA,NA,NA,NA,Selection,FCT-25,0,NA,NA,NA,NA,NA,NA,NA,Clitics,Feminine,Plural,NA,NA,NA,L2L,7th/8th,Late,Yes,NA,0,153,2026,0,NA,NA,NA,0.9542926453363413,0.6346031011447542
H107,2,1,L2L 4th/5th,4,NA,117,NA,NA,NA,NA,NA,NA,NA,NA,NA,NA,NA,Selection,FCT-03,1,NA,NA,NA,NA,NA,NA,NA,Clitics,Masculine,Singular,NA,NA,NA,L2L,4th/5th,Late,Yes,NA,0,117,2026,1,NA,NA,NA,-0.42437022401530294,-0.6373169459146317
H107,2,1,L2L 4th/5th,4,NA,117,NA,NA,NA,NA,NA,NA,NA,NA,NA,NA,NA,Selection,FCT-05,0,NA,NA,NA,NA,NA,NA,NA,Clitics,Feminine,Singular,NA,NA,NA,L2L,4th/5th,Late,Yes,NA,0,117,2026,0,NA,NA,NA,-0.42437022401530294,-0.6373169459146317
H107,2,1,L2L 4th/5th,4,NA,117,NA,NA,NA,NA,NA,NA,NA,NA,NA,NA,NA,Selection,FCT-07,1,NA,NA,NA,NA,NA,NA,NA,Clitics,Masculine,Plural,NA,NA,NA,L2L,4th/5th,Late,Yes,NA,0,117,2026,1,NA,NA,NA,-0.42437022401530294,-0.6373169459146317
H107,2,1,L2L 4th/5th,4,NA,117,NA,NA,NA,NA,NA,NA,NA,NA,NA,NA,NA,Selection,FCT-09,1,NA,NA,NA,NA,NA,NA,NA,Clitics,Feminine,Plural,NA,NA,NA,L2L,4th/5th,Late,Yes,NA,0,117,2026,1,NA,NA,NA,-0.42437022401530294,-0.6373169459146317
H107,2,1,L2L 4th/5th,4,NA,117,NA,NA,NA,NA,NA,NA,NA,NA,NA,NA,NA,Selection,FCT-11,1,NA,NA,NA,NA,NA,NA,NA,Clitics,Masculine,Singular,NA,NA,NA,L2L,4th/5th,Late,Yes,NA,0,117,2026,1,NA,NA,NA,-0.42437022401530294,-0.6373169459146317
H107,2,1,L2L 4th/5th,4,NA,117,NA,NA,NA,NA,NA,NA,NA,NA,NA,NA,NA,Selection,FCT-13,1,NA,NA,NA,NA,NA,NA,NA,Clitics,Feminine,Singular,NA,NA,NA,L2L,4th/5th,Late,Yes,NA,0,117,2026,1,NA,NA,NA,-0.42437022401530294,-0.6373169459146317
H107,2,1,L2L 4th/5th,4,NA,117,NA,NA,NA,NA,NA,NA,NA,NA,NA,NA,NA,Selection,FCT-15,0,NA,NA,NA,NA,NA,NA,NA,Clitics,Masculine,Plural,NA,NA,NA,L2L,4th/5th,Late,Yes,NA,0,117,2026,0,NA,NA,NA,-0.42437022401530294,-0.6373169459146317
H107,2,1,L2L 4th/5th,4,NA,117,NA,NA,NA,NA,NA,NA,NA,NA,NA,NA,NA,Selection,FCT-17,1,NA,NA,NA,NA,NA,NA,NA,Clitics,Feminine,Plural,NA,NA,NA,L2L,4th/5th,Late,Yes,NA,0,117,2026,1,NA,NA,NA,-0.42437022401530294,-0.6373169459146317
H107,2,1,L2L 4th/5th,4,NA,117,NA,NA,NA,NA,NA,NA,NA,NA,NA,NA,NA,Selection,FCT-19,1,NA,NA,NA,NA,NA,NA,NA,Clitics,Masculine,Singular,NA,NA,NA,L2L,4th/5th,Late,Yes,NA,0,117,2026,1,NA,NA,NA,-0.42437022401530294,-0.6373169459146317
H107,2,1,L2L 4th/5th,4,NA,117,NA,NA,NA,NA,NA,NA,NA,NA,NA,NA,NA,Selection,FCT-21,1,NA,NA,NA,NA,NA,NA,NA,Clitics,Feminine,Singular,NA,NA,NA,L2L,4th/5th,Late,Yes,NA,0,117,2026,1,NA,NA,NA,-0.42437022401530294,-0.6373169459146317
H107,2,1,L2L 4th/5th,4,NA,117,NA,NA,NA,NA,NA,NA,NA,NA,NA,NA,NA,Selection,FCT-23,1,NA,NA,NA,NA,NA,NA,NA,Clitics,Masculine,Plural,NA,NA,NA,L2L,4th/5th,Late,Yes,NA,0,117,2026,1,NA,NA,NA,-0.42437022401530294,-0.6373169459146317
H107,2,1,L2L 4th/5th,4,NA,117,NA,NA,NA,NA,NA,NA,NA,NA,NA,NA,NA,Selection,FCT-25,1,NA,NA,NA,NA,NA,NA,NA,Clitics,Feminine,Plural,NA,NA,NA,L2L,4th/5th,Late,Yes,NA,0,117,2026,1,NA,NA,NA,-0.42437022401530294,-0.6373169459146317
H108,2,1,NA,3,NA,102,NA,NA,NA,NA,NA,NA,NA,Romanian,Yes,Yes,Yes,Selection,FCT-03,1,NA,NA,NA,NA,NA,NA,NA,Clitics,Masculine,Singular,NA,NA,NA,L2L,NA,Late,Yes,NA,0,102,2026,1,NA,NA,NA,-0.9988130862451546,-1.1672836321893758
H108,2,1,NA,3,NA,102,NA,NA,NA,NA,NA,NA,NA,Romanian,Yes,Yes,Yes,Selection,FCT-05,0,NA,NA,NA,NA,NA,NA,NA,Clitics,Feminine,Singular,NA,NA,NA,L2L,NA,Late,Yes,NA,0,102,2026,0,NA,NA,NA,-0.9988130862451546,-1.1672836321893758
H108,2,1,NA,3,NA,102,NA,NA,NA,NA,NA,NA,NA,Romanian,Yes,Yes,Yes,Selection,FCT-07,1,NA,NA,NA,NA,NA,NA,NA,Clitics,Masculine,Plural,NA,NA,NA,L2L,NA,Late,Yes,NA,0,102,2026,1,NA,NA,NA,-0.9988130862451546,-1.1672836321893758
H108,2,1,NA,3,NA,102,NA,NA,NA,NA,NA,NA,NA,Romanian,Yes,Yes,Yes,Selection,FCT-09,0,NA,NA,NA,NA,NA,NA,NA,Clitics,Feminine,Plural,NA,NA,NA,L2L,NA,Late,Yes,NA,0,102,2026,0,NA,NA,NA,-0.9988130862451546,-1.1672836321893758
H108,2,1,NA,3,NA,102,NA,NA,NA,NA,NA,NA,NA,Romanian,Yes,Yes,Yes,Selection,FCT-11,1,NA,NA,NA,NA,NA,NA,NA,Clitics,Masculine,Singular,NA,NA,NA,L2L,NA,Late,Yes,NA,0,102,2026,1,NA,NA,NA,-0.9988130862451546,-1.1672836321893758
H108,2,1,NA,3,NA,102,NA,NA,NA,NA,NA,NA,NA,Romanian,Yes,Yes,Yes,Selection,FCT-13,0,NA,NA,NA,NA,NA,NA,NA,Clitics,Feminine,Singular,NA,NA,NA,L2L,NA,Late,Yes,NA,0,102,2026,0,NA,NA,NA,-0.9988130862451546,-1.1672836321893758
H108,2,1,NA,3,NA,102,NA,NA,NA,NA,NA,NA,NA,Romanian,Yes,Yes,Yes,Selection,FCT-15,1,NA,NA,NA,NA,NA,NA,NA,Clitics,Masculine,Plural,NA,NA,NA,L2L,NA,Late,Yes,NA,0,102,2026,1,NA,NA,NA,-0.9988130862451546,-1.1672836321893758
H108,2,1,NA,3,NA,102,NA,NA,NA,NA,NA,NA,NA,Romanian,Yes,Yes,Yes,Selection,FCT-17,0,NA,NA,NA,NA,NA,NA,NA,Clitics,Feminine,Plural,NA,NA,NA,L2L,NA,Late,Yes,NA,0,102,2026,0,NA,NA,NA,-0.9988130862451546,-1.1672836321893758
H108,2,1,NA,3,NA,102,NA,NA,NA,NA,NA,NA,NA,Romanian,Yes,Yes,Yes,Selection,FCT-19,1,NA,NA,NA,NA,NA,NA,NA,Clitics,Masculine,Singular,NA,NA,NA,L2L,NA,Late,Yes,NA,0,102,2026,1,NA,NA,NA,-0.9988130862451546,-1.1672836321893758
H108,2,1,NA,3,NA,102,NA,NA,NA,NA,NA,NA,NA,Romanian,Yes,Yes,Yes,Selection,FCT-21,0,NA,NA,NA,NA,NA,NA,NA,Clitics,Feminine,Singular,NA,NA,NA,L2L,NA,Late,Yes,NA,0,102,2026,0,NA,NA,NA,-0.9988130862451546,-1.1672836321893758
H108,2,1,NA,3,NA,102,NA,NA,NA,NA,NA,NA,NA,Romanian,Yes,Yes,Yes,Selection,FCT-23,1,NA,NA,NA,NA,NA,NA,NA,Clitics,Masculine,Plural,NA,NA,NA,L2L,NA,Late,Yes,NA,0,102,2026,1,NA,NA,NA,-0.9988130862451546,-1.1672836321893758
H108,2,1,NA,3,NA,102,NA,NA,NA,NA,NA,NA,NA,Romanian,Yes,Yes,Yes,Selection,FCT-25,0,NA,NA,NA,NA,NA,NA,NA,Clitics,Feminine,Plural,NA,NA,NA,L2L,NA,Late,Yes,NA,0,102,2026,0,NA,NA,NA,-0.9988130862451546,-1.1672836321893758
H109,2,1,L2L 4th/5th,4,NA,119,NA,NA,NA,NA,NA,NA,NA,"Hindi, Malayalam, Marathi",Yes,Yes,Yes,Selection,FCT-03,1,NA,NA,NA,NA,NA,NA,NA,Clitics,Masculine,Singular,NA,NA,NA,L2L,4th/5th,Late,Yes,NA,0,119,2026,1,NA,NA,NA,-0.34777784238465603,-0.5666547210779992
H109,2,1,L2L 4th/5th,4,NA,119,NA,NA,NA,NA,NA,NA,NA,"Hindi, Malayalam, Marathi",Yes,Yes,Yes,Selection,FCT-05,1,NA,NA,NA,NA,NA,NA,NA,Clitics,Feminine,Singular,NA,NA,NA,L2L,4th/5th,Late,Yes,NA,0,119,2026,1,NA,NA,NA,-0.34777784238465603,-0.5666547210779992
H109,2,1,L2L 4th/5th,4,NA,119,NA,NA,NA,NA,NA,NA,NA,"Hindi, Malayalam, Marathi",Yes,Yes,Yes,Selection,FCT-07,1,NA,NA,NA,NA,NA,NA,NA,Clitics,Masculine,Plural,NA,NA,NA,L2L,4th/5th,Late,Yes,NA,0,119,2026,1,NA,NA,NA,-0.34777784238465603,-0.5666547210779992
H109,2,1,L2L 4th/5th,4,NA,119,NA,NA,NA,NA,NA,NA,NA,"Hindi, Malayalam, Marathi",Yes,Yes,Yes,Selection,FCT-09,0,NA,NA,NA,NA,NA,NA,NA,Clitics,Feminine,Plural,NA,NA,NA,L2L,4th/5th,Late,Yes,NA,0,119,2026,0,NA,NA,NA,-0.34777784238465603,-0.5666547210779992
H109,2,1,L2L 4th/5th,4,NA,119,NA,NA,NA,NA,NA,NA,NA,"Hindi, Malayalam, Marathi",Yes,Yes,Yes,Selection,FCT-11,0,NA,NA,NA,NA,NA,NA,NA,Clitics,Masculine,Singular,NA,NA,NA,L2L,4th/5th,Late,Yes,NA,0,119,2026,0,NA,NA,NA,-0.34777784238465603,-0.5666547210779992
H109,2,1,L2L 4th/5th,4,NA,119,NA,NA,NA,NA,NA,NA,NA,"Hindi, Malayalam, Marathi",Yes,Yes,Yes,Selection,FCT-13,0,NA,NA,NA,NA,NA,NA,NA,Clitics,Feminine,Singular,NA,NA,NA,L2L,4th/5th,Late,Yes,NA,0,119,2026,0,NA,NA,NA,-0.34777784238465603,-0.5666547210779992
H109,2,1,L2L 4th/5th,4,NA,119,NA,NA,NA,NA,NA,NA,NA,"Hindi, Malayalam, Marathi",Yes,Yes,Yes,Selection,FCT-15,0,NA,NA,NA,NA,NA,NA,NA,Clitics,Masculine,Plural,NA,NA,NA,L2L,4th/5th,Late,Yes,NA,0,119,2026,0,NA,NA,NA,-0.34777784238465603,-0.5666547210779992
H109,2,1,L2L 4th/5th,4,NA,119,NA,NA,NA,NA,NA,NA,NA,"Hindi, Malayalam, Marathi",Yes,Yes,Yes,Selection,FCT-17,0,NA,NA,NA,NA,NA,NA,NA,Clitics,Feminine,Plural,NA,NA,NA,L2L,4th/5th,Late,Yes,NA,0,119,2026,0,NA,NA,NA,-0.34777784238465603,-0.5666547210779992
H109,2,1,L2L 4th/5th,4,NA,119,NA,NA,NA,NA,NA,NA,NA,"Hindi, Malayalam, Marathi",Yes,Yes,Yes,Selection,FCT-19,1,NA,NA,NA,NA,NA,NA,NA,Clitics,Masculine,Singular,NA,NA,NA,L2L,4th/5th,Late,Yes,NA,0,119,2026,1,NA,NA,NA,-0.34777784238465603,-0.5666547210779992
H109,2,1,L2L 4th/5th,4,NA,119,NA,NA,NA,NA,NA,NA,NA,"Hindi, Malayalam, Marathi",Yes,Yes,Yes,Selection,FCT-21,0,NA,NA,NA,NA,NA,NA,NA,Clitics,Feminine,Singular,NA,NA,NA,L2L,4th/5th,Late,Yes,NA,0,119,2026,0,NA,NA,NA,-0.34777784238465603,-0.5666547210779992
H109,2,1,L2L 4th/5th,4,NA,119,NA,NA,NA,NA,NA,NA,NA,"Hindi, Malayalam, Marathi",Yes,Yes,Yes,Selection,FCT-23,1,NA,NA,NA,NA,NA,NA,NA,Clitics,Masculine,Plural,NA,NA,NA,L2L,4th/5th,Late,Yes,NA,0,119,2026,1,NA,NA,NA,-0.34777784238465603,-0.5666547210779992
H109,2,1,L2L 4th/5th,4,NA,119,NA,NA,NA,NA,NA,NA,NA,"Hindi, Malayalam, Marathi",Yes,Yes,Yes,Selection,FCT-25,1,NA,NA,NA,NA,NA,NA,NA,Clitics,Feminine,Plural,NA,NA,NA,L2L,4th/5th,Late,Yes,NA,0,119,2026,1,NA,NA,NA,-0.34777784238465603,-0.5666547210779992
H110,2,1,L2L 2nd,2,NA,93,NA,NA,NA,NA,NA,NA,NA,Romanian,Yes,Yes,Yes,Selection,FCT-03,0,NA,NA,NA,NA,NA,NA,NA,Clitics,Masculine,Singular,NA,NA,NA,L2L,2nd,Late,Yes,NA,0,93,2026,0,NA,NA,NA,-1.3434788035830658,-1.4852636439542224
H110,2,1,L2L 2nd,2,NA,93,NA,NA,NA,NA,NA,NA,NA,Romanian,Yes,Yes,Yes,Selection,FCT-05,1,NA,NA,NA,NA,NA,NA,NA,Clitics,Feminine,Singular,NA,NA,NA,L2L,2nd,Late,Yes,NA,0,93,2026,1,NA,NA,NA,-1.3434788035830658,-1.4852636439542224
H110,2,1,L2L 2nd,2,NA,93,NA,NA,NA,NA,NA,NA,NA,Romanian,Yes,Yes,Yes,Selection,FCT-07,0,NA,NA,NA,NA,NA,NA,NA,Clitics,Masculine,Plural,NA,NA,NA,L2L,2nd,Late,Yes,NA,0,93,2026,0,NA,NA,NA,-1.3434788035830658,-1.4852636439542224
H110,2,1,L2L 2nd,2,NA,93,NA,NA,NA,NA,NA,NA,NA,Romanian,Yes,Yes,Yes,Selection,FCT-09,0,NA,NA,NA,NA,NA,NA,NA,Clitics,Feminine,Plural,NA,NA,NA,L2L,2nd,Late,Yes,NA,0,93,2026,0,NA,NA,NA,-1.3434788035830658,-1.4852636439542224
H110,2,1,L2L 2nd,2,NA,93,NA,NA,NA,NA,NA,NA,NA,Romanian,Yes,Yes,Yes,Selection,FCT-11,0,NA,NA,NA,NA,NA,NA,NA,Clitics,Masculine,Singular,NA,NA,NA,L2L,2nd,Late,Yes,NA,0,93,2026,0,NA,NA,NA,-1.3434788035830658,-1.4852636439542224
H110,2,1,L2L 2nd,2,NA,93,NA,NA,NA,NA,NA,NA,NA,Romanian,Yes,Yes,Yes,Selection,FCT-13,1,NA,NA,NA,NA,NA,NA,NA,Clitics,Feminine,Singular,NA,NA,NA,L2L,2nd,Late,Yes,NA,0,93,2026,1,NA,NA,NA,-1.3434788035830658,-1.4852636439542224
H110,2,1,L2L 2nd,2,NA,93,NA,NA,NA,NA,NA,NA,NA,Romanian,Yes,Yes,Yes,Selection,FCT-15,1,NA,NA,NA,NA,NA,NA,NA,Clitics,Masculine,Plural,NA,NA,NA,L2L,2nd,Late,Yes,NA,0,93,2026,1,NA,NA,NA,-1.3434788035830658,-1.4852636439542224
H110,2,1,L2L 2nd,2,NA,93,NA,NA,NA,NA,NA,NA,NA,Romanian,Yes,Yes,Yes,Selection,FCT-17,1,NA,NA,NA,NA,NA,NA,NA,Clitics,Feminine,Plural,NA,NA,NA,L2L,2nd,Late,Yes,NA,0,93,2026,1,NA,NA,NA,-1.3434788035830658,-1.4852636439542224
H110,2,1,L2L 2nd,2,NA,93,NA,NA,NA,NA,NA,NA,NA,Romanian,Yes,Yes,Yes,Selection,FCT-19,1,NA,NA,NA,NA,NA,NA,NA,Clitics,Masculine,Singular,NA,NA,NA,L2L,2nd,Late,Yes,NA,0,93,2026,1,NA,NA,NA,-1.3434788035830658,-1.4852636439542224
H110,2,1,L2L 2nd,2,NA,93,NA,NA,NA,NA,NA,NA,NA,Romanian,Yes,Yes,Yes,Selection,FCT-21,1,NA,NA,NA,NA,NA,NA,NA,Clitics,Feminine,Singular,NA,NA,NA,L2L,2nd,Late,Yes,NA,0,93,2026,1,NA,NA,NA,-1.3434788035830658,-1.4852636439542224
H110,2,1,L2L 2nd,2,NA,93,NA,NA,NA,NA,NA,NA,NA,Romanian,Yes,Yes,Yes,Selection,FCT-23,1,NA,NA,NA,NA,NA,NA,NA,Clitics,Masculine,Plural,NA,NA,NA,L2L,2nd,Late,Yes,NA,0,93,2026,1,NA,NA,NA,-1.3434788035830658,-1.4852636439542224
H110,2,1,L2L 2nd,2,NA,93,NA,NA,NA,NA,NA,NA,NA,Romanian,Yes,Yes,Yes,Selection,FCT-25,0,NA,NA,NA,NA,NA,NA,NA,Clitics,Feminine,Plural,NA,NA,NA,L2L,2nd,Late,Yes,NA,0,93,2026,0,NA,NA,NA,-1.3434788035830658,-1.4852636439542224
H111,2,1,NA,3,NA,110,NA,NA,NA,NA,NA,NA,NA,NA,NA,NA,NA,Selection,FCT-03,1,NA,NA,NA,NA,NA,NA,NA,Clitics,Masculine,Singular,NA,NA,NA,L2L,NA,Late,Yes,NA,0,110,2026,1,NA,NA,NA,-0.6924435597225671,-0.8846347328428457
H111,2,1,NA,3,NA,110,NA,NA,NA,NA,NA,NA,NA,NA,NA,NA,NA,Selection,FCT-05,1,NA,NA,NA,NA,NA,NA,NA,Clitics,Feminine,Singular,NA,NA,NA,L2L,NA,Late,Yes,NA,0,110,2026,1,NA,NA,NA,-0.6924435597225671,-0.8846347328428457
H111,2,1,NA,3,NA,110,NA,NA,NA,NA,NA,NA,NA,NA,NA,NA,NA,Selection,FCT-07,0,NA,NA,NA,NA,NA,NA,NA,Clitics,Masculine,Plural,NA,NA,NA,L2L,NA,Late,Yes,NA,0,110,2026,0,NA,NA,NA,-0.6924435597225671,-0.8846347328428457
H111,2,1,NA,3,NA,110,NA,NA,NA,NA,NA,NA,NA,NA,NA,NA,NA,Selection,FCT-09,0,NA,NA,NA,NA,NA,NA,NA,Clitics,Feminine,Plural,NA,NA,NA,L2L,NA,Late,Yes,NA,0,110,2026,0,NA,NA,NA,-0.6924435597225671,-0.8846347328428457
H111,2,1,NA,3,NA,110,NA,NA,NA,NA,NA,NA,NA,NA,NA,NA,NA,Selection,FCT-11,0,NA,NA,NA,NA,NA,NA,NA,Clitics,Masculine,Singular,NA,NA,NA,L2L,NA,Late,Yes,NA,0,110,2026,0,NA,NA,NA,-0.6924435597225671,-0.8846347328428457
H111,2,1,NA,3,NA,110,NA,NA,NA,NA,NA,NA,NA,NA,NA,NA,NA,Selection,FCT-13,1,NA,NA,NA,NA,NA,NA,NA,Clitics,Feminine,Singular,NA,NA,NA,L2L,NA,Late,Yes,NA,0,110,2026,1,NA,NA,NA,-0.6924435597225671,-0.8846347328428457
H111,2,1,NA,3,NA,110,NA,NA,NA,NA,NA,NA,NA,NA,NA,NA,NA,Selection,FCT-15,0,NA,NA,NA,NA,NA,NA,NA,Clitics,Masculine,Plural,NA,NA,NA,L2L,NA,Late,Yes,NA,0,110,2026,0,NA,NA,NA,-0.6924435597225671,-0.8846347328428457
H111,2,1,NA,3,NA,110,NA,NA,NA,NA,NA,NA,NA,NA,NA,NA,NA,Selection,FCT-17,1,NA,NA,NA,NA,NA,NA,NA,Clitics,Feminine,Plural,NA,NA,NA,L2L,NA,Late,Yes,NA,0,110,2026,1,NA,NA,NA,-0.6924435597225671,-0.8846347328428457
H111,2,1,NA,3,NA,110,NA,NA,NA,NA,NA,NA,NA,NA,NA,NA,NA,Selection,FCT-19,1,NA,NA,NA,NA,NA,NA,NA,Clitics,Masculine,Singular,NA,NA,NA,L2L,NA,Late,Yes,NA,0,110,2026,1,NA,NA,NA,-0.6924435597225671,-0.8846347328428457
H111,2,1,NA,3,NA,110,NA,NA,NA,NA,NA,NA,NA,NA,NA,NA,NA,Selection,FCT-21,0,NA,NA,NA,NA,NA,NA,NA,Clitics,Feminine,Singular,NA,NA,NA,L2L,NA,Late,Yes,NA,0,110,2026,0,NA,NA,NA,-0.6924435597225671,-0.8846347328428457
H111,2,1,NA,3,NA,110,NA,NA,NA,NA,NA,NA,NA,NA,NA,NA,NA,Selection,FCT-23,1,NA,NA,NA,NA,NA,NA,NA,Clitics,Masculine,Plural,NA,NA,NA,L2L,NA,Late,Yes,NA,0,110,2026,1,NA,NA,NA,-0.6924435597225671,-0.8846347328428457
H111,2,1,NA,3,NA,110,NA,NA,NA,NA,NA,NA,NA,NA,NA,NA,NA,Selection,FCT-25,1,NA,NA,NA,NA,NA,NA,NA,Clitics,Feminine,Plural,NA,NA,NA,L2L,NA,Late,Yes,NA,0,110,2026,1,NA,NA,NA,-0.6924435597225671,-0.8846347328428457
H113,2,1,NA,3,NA,115,NA,NA,NA,NA,NA,NA,NA,NA,NA,NA,NA,Selection,FCT-03,1,NA,NA,NA,NA,NA,NA,NA,Clitics,Masculine,Singular,NA,NA,NA,L2L,NA,Late,Yes,NA,0,115,2026,1,NA,NA,NA,-0.5009626056459499,-0.7079791707512643
H113,2,1,NA,3,NA,115,NA,NA,NA,NA,NA,NA,NA,NA,NA,NA,NA,Selection,FCT-05,0,NA,NA,NA,NA,NA,NA,NA,Clitics,Feminine,Singular,NA,NA,NA,L2L,NA,Late,Yes,NA,0,115,2026,0,NA,NA,NA,-0.5009626056459499,-0.7079791707512643
H113,2,1,NA,3,NA,115,NA,NA,NA,NA,NA,NA,NA,NA,NA,NA,NA,Selection,FCT-07,0,NA,NA,NA,NA,NA,NA,NA,Clitics,Masculine,Plural,NA,NA,NA,L2L,NA,Late,Yes,NA,0,115,2026,0,NA,NA,NA,-0.5009626056459499,-0.7079791707512643
H113,2,1,NA,3,NA,115,NA,NA,NA,NA,NA,NA,NA,NA,NA,NA,NA,Selection,FCT-09,1,NA,NA,NA,NA,NA,NA,NA,Clitics,Feminine,Plural,NA,NA,NA,L2L,NA,Late,Yes,NA,0,115,2026,1,NA,NA,NA,-0.5009626056459499,-0.7079791707512643
H113,2,1,NA,3,NA,115,NA,NA,NA,NA,NA,NA,NA,NA,NA,NA,NA,Selection,FCT-11,1,NA,NA,NA,NA,NA,NA,NA,Clitics,Masculine,Singular,NA,NA,NA,L2L,NA,Late,Yes,NA,0,115,2026,1,NA,NA,NA,-0.5009626056459499,-0.7079791707512643
H113,2,1,NA,3,NA,115,NA,NA,NA,NA,NA,NA,NA,NA,NA,NA,NA,Selection,FCT-13,0,NA,NA,NA,NA,NA,NA,NA,Clitics,Feminine,Singular,NA,NA,NA,L2L,NA,Late,Yes,NA,0,115,2026,0,NA,NA,NA,-0.5009626056459499,-0.7079791707512643
H113,2,1,NA,3,NA,115,NA,NA,NA,NA,NA,NA,NA,NA,NA,NA,NA,Selection,FCT-15,1,NA,NA,NA,NA,NA,NA,NA,Clitics,Masculine,Plural,NA,NA,NA,L2L,NA,Late,Yes,NA,0,115,2026,1,NA,NA,NA,-0.5009626056459499,-0.7079791707512643
H113,2,1,NA,3,NA,115,NA,NA,NA,NA,NA,NA,NA,NA,NA,NA,NA,Selection,FCT-17,0,NA,NA,NA,NA,NA,NA,NA,Clitics,Feminine,Plural,NA,NA,NA,L2L,NA,Late,Yes,NA,0,115,2026,0,NA,NA,NA,-0.5009626056459499,-0.7079791707512643
H113,2,1,NA,3,NA,115,NA,NA,NA,NA,NA,NA,NA,NA,NA,NA,NA,Selection,FCT-19,1,NA,NA,NA,NA,NA,NA,NA,Clitics,Masculine,Singular,NA,NA,NA,L2L,NA,Late,Yes,NA,0,115,2026,1,NA,NA,NA,-0.5009626056459499,-0.7079791707512643
H113,2,1,NA,3,NA,115,NA,NA,NA,NA,NA,NA,NA,NA,NA,NA,NA,Selection,FCT-21,0,NA,NA,NA,NA,NA,NA,NA,Clitics,Feminine,Singular,NA,NA,NA,L2L,NA,Late,Yes,NA,0,115,2026,0,NA,NA,NA,-0.5009626056459499,-0.7079791707512643
H113,2,1,NA,3,NA,115,NA,NA,NA,NA,NA,NA,NA,NA,NA,NA,NA,Selection,FCT-23,1,NA,NA,NA,NA,NA,NA,NA,Clitics,Masculine,Plural,NA,NA,NA,L2L,NA,Late,Yes,NA,0,115,2026,1,NA,NA,NA,-0.5009626056459499,-0.7079791707512643
H113,2,1,NA,3,NA,115,NA,NA,NA,NA,NA,NA,NA,NA,NA,NA,NA,Selection,FCT-25,0,NA,NA,NA,NA,NA,NA,NA,Clitics,Feminine,Plural,NA,NA,NA,L2L,NA,Late,Yes,NA,0,115,2026,0,NA,NA,NA,-0.5009626056459499,-0.7079791707512643
H114,2,1,L2L 7th/8th,7,NA,153,NA,NA,NA,NA,NA,NA,NA,NA,NA,NA,NA,Selection,FCT-03,0,NA,NA,NA,NA,NA,NA,NA,Clitics,Masculine,Singular,NA,NA,NA,L2L,7th/8th,Late,Yes,NA,0,153,2026,0,NA,NA,NA,0.9542926453363413,0.6346031011447542
H114,2,1,L2L 7th/8th,7,NA,153,NA,NA,NA,NA,NA,NA,NA,NA,NA,NA,NA,Selection,FCT-05,0,NA,NA,NA,NA,NA,NA,NA,Clitics,Feminine,Singular,NA,NA,NA,L2L,7th/8th,Late,Yes,NA,0,153,2026,0,NA,NA,NA,0.9542926453363413,0.6346031011447542
H114,2,1,L2L 7th/8th,7,NA,153,NA,NA,NA,NA,NA,NA,NA,NA,NA,NA,NA,Selection,FCT-07,1,NA,NA,NA,NA,NA,NA,NA,Clitics,Masculine,Plural,NA,NA,NA,L2L,7th/8th,Late,Yes,NA,0,153,2026,1,NA,NA,NA,0.9542926453363413,0.6346031011447542
H114,2,1,L2L 7th/8th,7,NA,153,NA,NA,NA,NA,NA,NA,NA,NA,NA,NA,NA,Selection,FCT-09,1,NA,NA,NA,NA,NA,NA,NA,Clitics,Feminine,Plural,NA,NA,NA,L2L,7th/8th,Late,Yes,NA,0,153,2026,1,NA,NA,NA,0.9542926453363413,0.6346031011447542
H114,2,1,L2L 7th/8th,7,NA,153,NA,NA,NA,NA,NA,NA,NA,NA,NA,NA,NA,Selection,FCT-11,1,NA,NA,NA,NA,NA,NA,NA,Clitics,Masculine,Singular,NA,NA,NA,L2L,7th/8th,Late,Yes,NA,0,153,2026,1,NA,NA,NA,0.9542926453363413,0.6346031011447542
H114,2,1,L2L 7th/8th,7,NA,153,NA,NA,NA,NA,NA,NA,NA,NA,NA,NA,NA,Selection,FCT-13,1,NA,NA,NA,NA,NA,NA,NA,Clitics,Feminine,Singular,NA,NA,NA,L2L,7th/8th,Late,Yes,NA,0,153,2026,1,NA,NA,NA,0.9542926453363413,0.6346031011447542
H114,2,1,L2L 7th/8th,7,NA,153,NA,NA,NA,NA,NA,NA,NA,NA,NA,NA,NA,Selection,FCT-15,0,NA,NA,NA,NA,NA,NA,NA,Clitics,Masculine,Plural,NA,NA,NA,L2L,7th/8th,Late,Yes,NA,0,153,2026,0,NA,NA,NA,0.9542926453363413,0.6346031011447542
H114,2,1,L2L 7th/8th,7,NA,153,NA,NA,NA,NA,NA,NA,NA,NA,NA,NA,NA,Selection,FCT-17,1,NA,NA,NA,NA,NA,NA,NA,Clitics,Feminine,Plural,NA,NA,NA,L2L,7th/8th,Late,Yes,NA,0,153,2026,1,NA,NA,NA,0.9542926453363413,0.6346031011447542
H114,2,1,L2L 7th/8th,7,NA,153,NA,NA,NA,NA,NA,NA,NA,NA,NA,NA,NA,Selection,FCT-19,1,NA,NA,NA,NA,NA,NA,NA,Clitics,Masculine,Singular,NA,NA,NA,L2L,7th/8th,Late,Yes,NA,0,153,2026,1,NA,NA,NA,0.9542926453363413,0.6346031011447542
H114,2,1,L2L 7th/8th,7,NA,153,NA,NA,NA,NA,NA,NA,NA,NA,NA,NA,NA,Selection,FCT-21,0,NA,NA,NA,NA,NA,NA,NA,Clitics,Feminine,Singular,NA,NA,NA,L2L,7th/8th,Late,Yes,NA,0,153,2026,0,NA,NA,NA,0.9542926453363413,0.6346031011447542
H114,2,1,L2L 7th/8th,7,NA,153,NA,NA,NA,NA,NA,NA,NA,NA,NA,NA,NA,Selection,FCT-23,1,NA,NA,NA,NA,NA,NA,NA,Clitics,Masculine,Plural,NA,NA,NA,L2L,7th/8th,Late,Yes,NA,0,153,2026,1,NA,NA,NA,0.9542926453363413,0.6346031011447542
H114,2,1,L2L 7th/8th,7,NA,153,NA,NA,NA,NA,NA,NA,NA,NA,NA,NA,NA,Selection,FCT-25,0,NA,NA,NA,NA,NA,NA,NA,Clitics,Feminine,Plural,NA,NA,NA,L2L,7th/8th,Late,Yes,NA,0,153,2026,0,NA,NA,NA,0.9542926453363413,0.6346031011447542
H116,2,1,HS 7th/8th,8,NA,165,NA,NA,NA,NA,NA,NA,NA,NA,NA,NA,NA,Selection,FCT-03,1,NA,NA,NA,NA,NA,NA,NA,Clitics,Masculine,Singular,NA,NA,NA,HS,7th/8th,Late,Yes,NA,0,165,2026,1,NA,NA,NA,1.4138469351202227,1.0585764501645496
H116,2,1,HS 7th/8th,8,NA,165,NA,NA,NA,NA,NA,NA,NA,NA,NA,NA,NA,Selection,FCT-05,1,NA,NA,NA,NA,NA,NA,NA,Clitics,Feminine,Singular,NA,NA,NA,HS,7th/8th,Late,Yes,NA,0,165,2026,1,NA,NA,NA,1.4138469351202227,1.0585764501645496
H116,2,1,HS 7th/8th,8,NA,165,NA,NA,NA,NA,NA,NA,NA,NA,NA,NA,NA,Selection,FCT-07,1,NA,NA,NA,NA,NA,NA,NA,Clitics,Masculine,Plural,NA,NA,NA,HS,7th/8th,Late,Yes,NA,0,165,2026,1,NA,NA,NA,1.4138469351202227,1.0585764501645496
H116,2,1,HS 7th/8th,8,NA,165,NA,NA,NA,NA,NA,NA,NA,NA,NA,NA,NA,Selection,FCT-09,1,NA,NA,NA,NA,NA,NA,NA,Clitics,Feminine,Plural,NA,NA,NA,HS,7th/8th,Late,Yes,NA,0,165,2026,1,NA,NA,NA,1.4138469351202227,1.0585764501645496
H116,2,1,HS 7th/8th,8,NA,165,NA,NA,NA,NA,NA,NA,NA,NA,NA,NA,NA,Selection,FCT-11,1,NA,NA,NA,NA,NA,NA,NA,Clitics,Masculine,Singular,NA,NA,NA,HS,7th/8th,Late,Yes,NA,0,165,2026,1,NA,NA,NA,1.4138469351202227,1.0585764501645496
H116,2,1,HS 7th/8th,8,NA,165,NA,NA,NA,NA,NA,NA,NA,NA,NA,NA,NA,Selection,FCT-13,1,NA,NA,NA,NA,NA,NA,NA,Clitics,Feminine,Singular,NA,NA,NA,HS,7th/8th,Late,Yes,NA,0,165,2026,1,NA,NA,NA,1.4138469351202227,1.0585764501645496
H116,2,1,HS 7th/8th,8,NA,165,NA,NA,NA,NA,NA,NA,NA,NA,NA,NA,NA,Selection,FCT-15,1,NA,NA,NA,NA,NA,NA,NA,Clitics,Masculine,Plural,NA,NA,NA,HS,7th/8th,Late,Yes,NA,0,165,2026,1,NA,NA,NA,1.4138469351202227,1.0585764501645496
H116,2,1,HS 7th/8th,8,NA,165,NA,NA,NA,NA,NA,NA,NA,NA,NA,NA,NA,Selection,FCT-17,1,NA,NA,NA,NA,NA,NA,NA,Clitics,Feminine,Plural,NA,NA,NA,HS,7th/8th,Late,Yes,NA,0,165,2026,1,NA,NA,NA,1.4138469351202227,1.0585764501645496
H116,2,1,HS 7th/8th,8,NA,165,NA,NA,NA,NA,NA,NA,NA,NA,NA,NA,NA,Selection,FCT-19,1,NA,NA,NA,NA,NA,NA,NA,Clitics,Masculine,Singular,NA,NA,NA,HS,7th/8th,Late,Yes,NA,0,165,2026,1,NA,NA,NA,1.4138469351202227,1.0585764501645496
H116,2,1,HS 7th/8th,8,NA,165,NA,NA,NA,NA,NA,NA,NA,NA,NA,NA,NA,Selection,FCT-21,1,NA,NA,NA,NA,NA,NA,NA,Clitics,Feminine,Singular,NA,NA,NA,HS,7th/8th,Late,Yes,NA,0,165,2026,1,NA,NA,NA,1.4138469351202227,1.0585764501645496
H116,2,1,HS 7th/8th,8,NA,165,NA,NA,NA,NA,NA,NA,NA,NA,NA,NA,NA,Selection,FCT-23,1,NA,NA,NA,NA,NA,NA,NA,Clitics,Masculine,Plural,NA,NA,NA,HS,7th/8th,Late,Yes,NA,0,165,2026,1,NA,NA,NA,1.4138469351202227,1.0585764501645496
H116,2,1,HS 7th/8th,8,NA,165,NA,NA,NA,NA,NA,NA,NA,NA,NA,NA,NA,Selection,FCT-25,1,NA,NA,NA,NA,NA,NA,NA,Clitics,Feminine,Plural,NA,NA,NA,HS,7th/8th,Late,Yes,NA,0,165,2026,1,NA,NA,NA,1.4138469351202227,1.0585764501645496
H118,2,1,HS 4th/5th,4,NA,118,NA,NA,NA,NA,NA,NA,NA,Heritage Spanish,NA,NA,NA,Selection,FCT-03,1,NA,NA,NA,NA,NA,NA,NA,Clitics,Masculine,Singular,NA,NA,NA,HS,4th/5th,Late,Yes,NA,0,118,2026,1,NA,NA,NA,-0.3860740331999795,-0.6019858334963155
H118,2,1,HS 4th/5th,4,NA,118,NA,NA,NA,NA,NA,NA,NA,Heritage Spanish,NA,NA,NA,Selection,FCT-05,0,NA,NA,NA,NA,NA,NA,NA,Clitics,Feminine,Singular,NA,NA,NA,HS,4th/5th,Late,Yes,NA,0,118,2026,0,NA,NA,NA,-0.3860740331999795,-0.6019858334963155
H118,2,1,HS 4th/5th,4,NA,118,NA,NA,NA,NA,NA,NA,NA,Heritage Spanish,NA,NA,NA,Selection,FCT-07,0,NA,NA,NA,NA,NA,NA,NA,Clitics,Masculine,Plural,NA,NA,NA,HS,4th/5th,Late,Yes,NA,0,118,2026,0,NA,NA,NA,-0.3860740331999795,-0.6019858334963155
H118,2,1,HS 4th/5th,4,NA,118,NA,NA,NA,NA,NA,NA,NA,Heritage Spanish,NA,NA,NA,Selection,FCT-09,0,NA,NA,NA,NA,NA,NA,NA,Clitics,Feminine,Plural,NA,NA,NA,HS,4th/5th,Late,Yes,NA,0,118,2026,0,NA,NA,NA,-0.3860740331999795,-0.6019858334963155
H118,2,1,HS 4th/5th,4,NA,118,NA,NA,NA,NA,NA,NA,NA,Heritage Spanish,NA,NA,NA,Selection,FCT-11,1,NA,NA,NA,NA,NA,NA,NA,Clitics,Masculine,Singular,NA,NA,NA,HS,4th/5th,Late,Yes,NA,0,118,2026,1,NA,NA,NA,-0.3860740331999795,-0.6019858334963155
H118,2,1,HS 4th/5th,4,NA,118,NA,NA,NA,NA,NA,NA,NA,Heritage Spanish,NA,NA,NA,Selection,FCT-13,1,NA,NA,NA,NA,NA,NA,NA,Clitics,Feminine,Singular,NA,NA,NA,HS,4th/5th,Late,Yes,NA,0,118,2026,1,NA,NA,NA,-0.3860740331999795,-0.6019858334963155
H118,2,1,HS 4th/5th,4,NA,118,NA,NA,NA,NA,NA,NA,NA,Heritage Spanish,NA,NA,NA,Selection,FCT-15,1,NA,NA,NA,NA,NA,NA,NA,Clitics,Masculine,Plural,NA,NA,NA,HS,4th/5th,Late,Yes,NA,0,118,2026,1,NA,NA,NA,-0.3860740331999795,-0.6019858334963155
H118,2,1,HS 4th/5th,4,NA,118,NA,NA,NA,NA,NA,NA,NA,Heritage Spanish,NA,NA,NA,Selection,FCT-17,1,NA,NA,NA,NA,NA,NA,NA,Clitics,Feminine,Plural,NA,NA,NA,HS,4th/5th,Late,Yes,NA,0,118,2026,1,NA,NA,NA,-0.3860740331999795,-0.6019858334963155
H118,2,1,HS 4th/5th,4,NA,118,NA,NA,NA,NA,NA,NA,NA,Heritage Spanish,NA,NA,NA,Selection,FCT-19,1,NA,NA,NA,NA,NA,NA,NA,Clitics,Masculine,Singular,NA,NA,NA,HS,4th/5th,Late,Yes,NA,0,118,2026,1,NA,NA,NA,-0.3860740331999795,-0.6019858334963155
H118,2,1,HS 4th/5th,4,NA,118,NA,NA,NA,NA,NA,NA,NA,Heritage Spanish,NA,NA,NA,Selection,FCT-21,1,NA,NA,NA,NA,NA,NA,NA,Clitics,Feminine,Singular,NA,NA,NA,HS,4th/5th,Late,Yes,NA,0,118,2026,1,NA,NA,NA,-0.3860740331999795,-0.6019858334963155
H118,2,1,HS 4th/5th,4,NA,118,NA,NA,NA,NA,NA,NA,NA,Heritage Spanish,NA,NA,NA,Selection,FCT-23,1,NA,NA,NA,NA,NA,NA,NA,Clitics,Masculine,Plural,NA,NA,NA,HS,4th/5th,Late,Yes,NA,0,118,2026,1,NA,NA,NA,-0.3860740331999795,-0.6019858334963155
H118,2,1,HS 4th/5th,4,NA,118,NA,NA,NA,NA,NA,NA,NA,Heritage Spanish,NA,NA,NA,Selection,FCT-25,1,NA,NA,NA,NA,NA,NA,NA,Clitics,Feminine,Plural,NA,NA,NA,HS,4th/5th,Late,Yes,NA,0,118,2026,1,NA,NA,NA,-0.3860740331999795,-0.6019858334963155
H119,2,1,HS 4th/5th,4,NA,122,NA,NA,NA,NA,NA,NA,NA,Heritage Spanish,NA,NA,NA,Selection,FCT-03,0,NA,NA,NA,NA,NA,NA,NA,Clitics,Masculine,Singular,NA,NA,NA,HS,4th/5th,Late,Yes,NA,0,122,2026,0,NA,NA,NA,-0.2328892699386857,-0.4606613838230504
H119,2,1,HS 4th/5th,4,NA,122,NA,NA,NA,NA,NA,NA,NA,Heritage Spanish,NA,NA,NA,Selection,FCT-05,0,NA,NA,NA,NA,NA,NA,NA,Clitics,Feminine,Singular,NA,NA,NA,HS,4th/5th,Late,Yes,NA,0,122,2026,0,NA,NA,NA,-0.2328892699386857,-0.4606613838230504
H119,2,1,HS 4th/5th,4,NA,122,NA,NA,NA,NA,NA,NA,NA,Heritage Spanish,NA,NA,NA,Selection,FCT-07,1,NA,NA,NA,NA,NA,NA,NA,Clitics,Masculine,Plural,NA,NA,NA,HS,4th/5th,Late,Yes,NA,0,122,2026,1,NA,NA,NA,-0.2328892699386857,-0.4606613838230504
H119,2,1,HS 4th/5th,4,NA,122,NA,NA,NA,NA,NA,NA,NA,Heritage Spanish,NA,NA,NA,Selection,FCT-09,1,NA,NA,NA,NA,NA,NA,NA,Clitics,Feminine,Plural,NA,NA,NA,HS,4th/5th,Late,Yes,NA,0,122,2026,1,NA,NA,NA,-0.2328892699386857,-0.4606613838230504
H119,2,1,HS 4th/5th,4,NA,122,NA,NA,NA,NA,NA,NA,NA,Heritage Spanish,NA,NA,NA,Selection,FCT-11,1,NA,NA,NA,NA,NA,NA,NA,Clitics,Masculine,Singular,NA,NA,NA,HS,4th/5th,Late,Yes,NA,0,122,2026,1,NA,NA,NA,-0.2328892699386857,-0.4606613838230504
H119,2,1,HS 4th/5th,4,NA,122,NA,NA,NA,NA,NA,NA,NA,Heritage Spanish,NA,NA,NA,Selection,FCT-13,1,NA,NA,NA,NA,NA,NA,NA,Clitics,Feminine,Singular,NA,NA,NA,HS,4th/5th,Late,Yes,NA,0,122,2026,1,NA,NA,NA,-0.2328892699386857,-0.4606613838230504
H119,2,1,HS 4th/5th,4,NA,122,NA,NA,NA,NA,NA,NA,NA,Heritage Spanish,NA,NA,NA,Selection,FCT-15,1,NA,NA,NA,NA,NA,NA,NA,Clitics,Masculine,Plural,NA,NA,NA,HS,4th/5th,Late,Yes,NA,0,122,2026,1,NA,NA,NA,-0.2328892699386857,-0.4606613838230504
H119,2,1,HS 4th/5th,4,NA,122,NA,NA,NA,NA,NA,NA,NA,Heritage Spanish,NA,NA,NA,Selection,FCT-17,0,NA,NA,NA,NA,NA,NA,NA,Clitics,Feminine,Plural,NA,NA,NA,HS,4th/5th,Late,Yes,NA,0,122,2026,0,NA,NA,NA,-0.2328892699386857,-0.4606613838230504
H119,2,1,HS 4th/5th,4,NA,122,NA,NA,NA,NA,NA,NA,NA,Heritage Spanish,NA,NA,NA,Selection,FCT-19,1,NA,NA,NA,NA,NA,NA,NA,Clitics,Masculine,Singular,NA,NA,NA,HS,4th/5th,Late,Yes,NA,0,122,2026,1,NA,NA,NA,-0.2328892699386857,-0.4606613838230504
H119,2,1,HS 4th/5th,4,NA,122,NA,NA,NA,NA,NA,NA,NA,Heritage Spanish,NA,NA,NA,Selection,FCT-21,0,NA,NA,NA,NA,NA,NA,NA,Clitics,Feminine,Singular,NA,NA,NA,HS,4th/5th,Late,Yes,NA,0,122,2026,0,NA,NA,NA,-0.2328892699386857,-0.4606613838230504
H119,2,1,HS 4th/5th,4,NA,122,NA,NA,NA,NA,NA,NA,NA,Heritage Spanish,NA,NA,NA,Selection,FCT-23,1,NA,NA,NA,NA,NA,NA,NA,Clitics,Masculine,Plural,NA,NA,NA,HS,4th/5th,Late,Yes,NA,0,122,2026,1,NA,NA,NA,-0.2328892699386857,-0.4606613838230504
H119,2,1,HS 4th/5th,4,NA,122,NA,NA,NA,NA,NA,NA,NA,Heritage Spanish,NA,NA,NA,Selection,FCT-25,0,NA,NA,NA,NA,NA,NA,NA,Clitics,Feminine,Plural,NA,NA,NA,HS,4th/5th,Late,Yes,NA,0,122,2026,0,NA,NA,NA,-0.2328892699386857,-0.4606613838230504
H120,2,1,HS 4th/5th,4,NA,125,NA,NA,NA,NA,NA,NA,NA,Heritage Spanish,NA,NA,NA,Selection,FCT-03,1,NA,NA,NA,NA,NA,NA,NA,Clitics,Masculine,Singular,NA,NA,NA,HS,4th/5th,Late,Yes,NA,0,125,2026,1,NA,NA,NA,-0.11800069749271534,-0.3546680465681015
H120,2,1,HS 4th/5th,4,NA,125,NA,NA,NA,NA,NA,NA,NA,Heritage Spanish,NA,NA,NA,Selection,FCT-05,1,NA,NA,NA,NA,NA,NA,NA,Clitics,Feminine,Singular,NA,NA,NA,HS,4th/5th,Late,Yes,NA,0,125,2026,1,NA,NA,NA,-0.11800069749271534,-0.3546680465681015
H120,2,1,HS 4th/5th,4,NA,125,NA,NA,NA,NA,NA,NA,NA,Heritage Spanish,NA,NA,NA,Selection,FCT-07,0,NA,NA,NA,NA,NA,NA,NA,Clitics,Masculine,Plural,NA,NA,NA,HS,4th/5th,Late,Yes,NA,0,125,2026,0,NA,NA,NA,-0.11800069749271534,-0.3546680465681015
H120,2,1,HS 4th/5th,4,NA,125,NA,NA,NA,NA,NA,NA,NA,Heritage Spanish,NA,NA,NA,Selection,FCT-09,1,NA,NA,NA,NA,NA,NA,NA,Clitics,Feminine,Plural,NA,NA,NA,HS,4th/5th,Late,Yes,NA,0,125,2026,1,NA,NA,NA,-0.11800069749271534,-0.3546680465681015
H120,2,1,HS 4th/5th,4,NA,125,NA,NA,NA,NA,NA,NA,NA,Heritage Spanish,NA,NA,NA,Selection,FCT-11,1,NA,NA,NA,NA,NA,NA,NA,Clitics,Masculine,Singular,NA,NA,NA,HS,4th/5th,Late,Yes,NA,0,125,2026,1,NA,NA,NA,-0.11800069749271534,-0.3546680465681015
H120,2,1,HS 4th/5th,4,NA,125,NA,NA,NA,NA,NA,NA,NA,Heritage Spanish,NA,NA,NA,Selection,FCT-13,0,NA,NA,NA,NA,NA,NA,NA,Clitics,Feminine,Singular,NA,NA,NA,HS,4th/5th,Late,Yes,NA,0,125,2026,0,NA,NA,NA,-0.11800069749271534,-0.3546680465681015
H120,2,1,HS 4th/5th,4,NA,125,NA,NA,NA,NA,NA,NA,NA,Heritage Spanish,NA,NA,NA,Selection,FCT-15,1,NA,NA,NA,NA,NA,NA,NA,Clitics,Masculine,Plural,NA,NA,NA,HS,4th/5th,Late,Yes,NA,0,125,2026,1,NA,NA,NA,-0.11800069749271534,-0.3546680465681015
H120,2,1,HS 4th/5th,4,NA,125,NA,NA,NA,NA,NA,NA,NA,Heritage Spanish,NA,NA,NA,Selection,FCT-17,0,NA,NA,NA,NA,NA,NA,NA,Clitics,Feminine,Plural,NA,NA,NA,HS,4th/5th,Late,Yes,NA,0,125,2026,0,NA,NA,NA,-0.11800069749271534,-0.3546680465681015
H120,2,1,HS 4th/5th,4,NA,125,NA,NA,NA,NA,NA,NA,NA,Heritage Spanish,NA,NA,NA,Selection,FCT-19,1,NA,NA,NA,NA,NA,NA,NA,Clitics,Masculine,Singular,NA,NA,NA,HS,4th/5th,Late,Yes,NA,0,125,2026,1,NA,NA,NA,-0.11800069749271534,-0.3546680465681015
H120,2,1,HS 4th/5th,4,NA,125,NA,NA,NA,NA,NA,NA,NA,Heritage Spanish,NA,NA,NA,Selection,FCT-21,0,NA,NA,NA,NA,NA,NA,NA,Clitics,Feminine,Singular,NA,NA,NA,HS,4th/5th,Late,Yes,NA,0,125,2026,0,NA,NA,NA,-0.11800069749271534,-0.3546680465681015
H120,2,1,HS 4th/5th,4,NA,125,NA,NA,NA,NA,NA,NA,NA,Heritage Spanish,NA,NA,NA,Selection,FCT-23,1,NA,NA,NA,NA,NA,NA,NA,Clitics,Masculine,Plural,NA,NA,NA,HS,4th/5th,Late,Yes,NA,0,125,2026,1,NA,NA,NA,-0.11800069749271534,-0.3546680465681015
H120,2,1,HS 4th/5th,4,NA,125,NA,NA,NA,NA,NA,NA,NA,Heritage Spanish,NA,NA,NA,Selection,FCT-25,1,NA,NA,NA,NA,NA,NA,NA,Clitics,Feminine,Plural,NA,NA,NA,HS,4th/5th,Late,Yes,NA,0,125,2026,1,NA,NA,NA,-0.11800069749271534,-0.3546680465681015
H121,2,1,HS 2nd,2,NA,102,NA,NA,NA,NA,NA,NA,NA,Heritage Spanish,NA,NA,NA,Selection,FCT-03,0,NA,NA,NA,NA,NA,NA,NA,Clitics,Masculine,Singular,NA,NA,NA,HS,2nd,Late,Yes,NA,0,102,2026,0,NA,NA,NA,-0.9988130862451546,-1.1672836321893758
H121,2,1,HS 2nd,2,NA,102,NA,NA,NA,NA,NA,NA,NA,Heritage Spanish,NA,NA,NA,Selection,FCT-05,1,NA,NA,NA,NA,NA,NA,NA,Clitics,Feminine,Singular,NA,NA,NA,HS,2nd,Late,Yes,NA,0,102,2026,1,NA,NA,NA,-0.9988130862451546,-1.1672836321893758
H121,2,1,HS 2nd,2,NA,102,NA,NA,NA,NA,NA,NA,NA,Heritage Spanish,NA,NA,NA,Selection,FCT-07,1,NA,NA,NA,NA,NA,NA,NA,Clitics,Masculine,Plural,NA,NA,NA,HS,2nd,Late,Yes,NA,0,102,2026,1,NA,NA,NA,-0.9988130862451546,-1.1672836321893758
H121,2,1,HS 2nd,2,NA,102,NA,NA,NA,NA,NA,NA,NA,Heritage Spanish,NA,NA,NA,Selection,FCT-09,0,NA,NA,NA,NA,NA,NA,NA,Clitics,Feminine,Plural,NA,NA,NA,HS,2nd,Late,Yes,NA,0,102,2026,0,NA,NA,NA,-0.9988130862451546,-1.1672836321893758
H121,2,1,HS 2nd,2,NA,102,NA,NA,NA,NA,NA,NA,NA,Heritage Spanish,NA,NA,NA,Selection,FCT-11,1,NA,NA,NA,NA,NA,NA,NA,Clitics,Masculine,Singular,NA,NA,NA,HS,2nd,Late,Yes,NA,0,102,2026,1,NA,NA,NA,-0.9988130862451546,-1.1672836321893758
H121,2,1,HS 2nd,2,NA,102,NA,NA,NA,NA,NA,NA,NA,Heritage Spanish,NA,NA,NA,Selection,FCT-13,1,NA,NA,NA,NA,NA,NA,NA,Clitics,Feminine,Singular,NA,NA,NA,HS,2nd,Late,Yes,NA,0,102,2026,1,NA,NA,NA,-0.9988130862451546,-1.1672836321893758
H121,2,1,HS 2nd,2,NA,102,NA,NA,NA,NA,NA,NA,NA,Heritage Spanish,NA,NA,NA,Selection,FCT-15,1,NA,NA,NA,NA,NA,NA,NA,Clitics,Masculine,Plural,NA,NA,NA,HS,2nd,Late,Yes,NA,0,102,2026,1,NA,NA,NA,-0.9988130862451546,-1.1672836321893758
H121,2,1,HS 2nd,2,NA,102,NA,NA,NA,NA,NA,NA,NA,Heritage Spanish,NA,NA,NA,Selection,FCT-17,0,NA,NA,NA,NA,NA,NA,NA,Clitics,Feminine,Plural,NA,NA,NA,HS,2nd,Late,Yes,NA,0,102,2026,0,NA,NA,NA,-0.9988130862451546,-1.1672836321893758
H121,2,1,HS 2nd,2,NA,102,NA,NA,NA,NA,NA,NA,NA,Heritage Spanish,NA,NA,NA,Selection,FCT-19,1,NA,NA,NA,NA,NA,NA,NA,Clitics,Masculine,Singular,NA,NA,NA,HS,2nd,Late,Yes,NA,0,102,2026,1,NA,NA,NA,-0.9988130862451546,-1.1672836321893758
H121,2,1,HS 2nd,2,NA,102,NA,NA,NA,NA,NA,NA,NA,Heritage Spanish,NA,NA,NA,Selection,FCT-21,0,NA,NA,NA,NA,NA,NA,NA,Clitics,Feminine,Singular,NA,NA,NA,HS,2nd,Late,Yes,NA,0,102,2026,0,NA,NA,NA,-0.9988130862451546,-1.1672836321893758
H121,2,1,HS 2nd,2,NA,102,NA,NA,NA,NA,NA,NA,NA,Heritage Spanish,NA,NA,NA,Selection,FCT-23,0,NA,NA,NA,NA,NA,NA,NA,Clitics,Masculine,Plural,NA,NA,NA,HS,2nd,Late,Yes,NA,0,102,2026,0,NA,NA,NA,-0.9988130862451546,-1.1672836321893758
H121,2,1,HS 2nd,2,NA,102,NA,NA,NA,NA,NA,NA,NA,Heritage Spanish,NA,NA,NA,Selection,FCT-25,0,NA,NA,NA,NA,NA,NA,NA,Clitics,Feminine,Plural,NA,NA,NA,HS,2nd,Late,Yes,NA,0,102,2026,0,NA,NA,NA,-0.9988130862451546,-1.1672836321893758
H122,2,1,NA,3,NA,110,NA,NA,NA,NA,NA,NA,NA,Heritage Spanish,NA,NA,NA,Selection,FCT-03,1,NA,NA,NA,NA,NA,NA,NA,Clitics,Masculine,Singular,NA,NA,NA,HS,NA,Late,Yes,NA,0,110,2026,1,NA,NA,NA,-0.6924435597225671,-0.8846347328428457
H122,2,1,NA,3,NA,110,NA,NA,NA,NA,NA,NA,NA,Heritage Spanish,NA,NA,NA,Selection,FCT-05,1,NA,NA,NA,NA,NA,NA,NA,Clitics,Feminine,Singular,NA,NA,NA,HS,NA,Late,Yes,NA,0,110,2026,1,NA,NA,NA,-0.6924435597225671,-0.8846347328428457
H122,2,1,NA,3,NA,110,NA,NA,NA,NA,NA,NA,NA,Heritage Spanish,NA,NA,NA,Selection,FCT-07,1,NA,NA,NA,NA,NA,NA,NA,Clitics,Masculine,Plural,NA,NA,NA,HS,NA,Late,Yes,NA,0,110,2026,1,NA,NA,NA,-0.6924435597225671,-0.8846347328428457
H122,2,1,NA,3,NA,110,NA,NA,NA,NA,NA,NA,NA,Heritage Spanish,NA,NA,NA,Selection,FCT-09,0,NA,NA,NA,NA,NA,NA,NA,Clitics,Feminine,Plural,NA,NA,NA,HS,NA,Late,Yes,NA,0,110,2026,0,NA,NA,NA,-0.6924435597225671,-0.8846347328428457
H122,2,1,NA,3,NA,110,NA,NA,NA,NA,NA,NA,NA,Heritage Spanish,NA,NA,NA,Selection,FCT-11,1,NA,NA,NA,NA,NA,NA,NA,Clitics,Masculine,Singular,NA,NA,NA,HS,NA,Late,Yes,NA,0,110,2026,1,NA,NA,NA,-0.6924435597225671,-0.8846347328428457
H122,2,1,NA,3,NA,110,NA,NA,NA,NA,NA,NA,NA,Heritage Spanish,NA,NA,NA,Selection,FCT-13,0,NA,NA,NA,NA,NA,NA,NA,Clitics,Feminine,Singular,NA,NA,NA,HS,NA,Late,Yes,NA,0,110,2026,0,NA,NA,NA,-0.6924435597225671,-0.8846347328428457
H122,2,1,NA,3,NA,110,NA,NA,NA,NA,NA,NA,NA,Heritage Spanish,NA,NA,NA,Selection,FCT-15,1,NA,NA,NA,NA,NA,NA,NA,Clitics,Masculine,Plural,NA,NA,NA,HS,NA,Late,Yes,NA,0,110,2026,1,NA,NA,NA,-0.6924435597225671,-0.8846347328428457
H122,2,1,NA,3,NA,110,NA,NA,NA,NA,NA,NA,NA,Heritage Spanish,NA,NA,NA,Selection,FCT-17,1,NA,NA,NA,NA,NA,NA,NA,Clitics,Feminine,Plural,NA,NA,NA,HS,NA,Late,Yes,NA,0,110,2026,1,NA,NA,NA,-0.6924435597225671,-0.8846347328428457
H122,2,1,NA,3,NA,110,NA,NA,NA,NA,NA,NA,NA,Heritage Spanish,NA,NA,NA,Selection,FCT-19,1,NA,NA,NA,NA,NA,NA,NA,Clitics,Masculine,Singular,NA,NA,NA,HS,NA,Late,Yes,NA,0,110,2026,1,NA,NA,NA,-0.6924435597225671,-0.8846347328428457
H122,2,1,NA,3,NA,110,NA,NA,NA,NA,NA,NA,NA,Heritage Spanish,NA,NA,NA,Selection,FCT-21,0,NA,NA,NA,NA,NA,NA,NA,Clitics,Feminine,Singular,NA,NA,NA,HS,NA,Late,Yes,NA,0,110,2026,0,NA,NA,NA,-0.6924435597225671,-0.8846347328428457
H122,2,1,NA,3,NA,110,NA,NA,NA,NA,NA,NA,NA,Heritage Spanish,NA,NA,NA,Selection,FCT-23,0,NA,NA,NA,NA,NA,NA,NA,Clitics,Masculine,Plural,NA,NA,NA,HS,NA,Late,Yes,NA,0,110,2026,0,NA,NA,NA,-0.6924435597225671,-0.8846347328428457
H122,2,1,NA,3,NA,110,NA,NA,NA,NA,NA,NA,NA,Heritage Spanish,NA,NA,NA,Selection,FCT-25,1,NA,NA,NA,NA,NA,NA,NA,Clitics,Feminine,Plural,NA,NA,NA,HS,NA,Late,Yes,NA,0,110,2026,1,NA,NA,NA,-0.6924435597225671,-0.8846347328428457
H123,2,1,NA,3,NA,114,NA,NA,NA,NA,NA,NA,NA,Heritage Spanish,NA,NA,NA,Selection,FCT-03,1,NA,NA,NA,NA,NA,NA,NA,Clitics,Masculine,Singular,NA,NA,NA,HS,NA,Late,Yes,NA,0,114,2026,1,NA,NA,NA,-0.5392587964612733,-0.7433102831695806
H123,2,1,NA,3,NA,114,NA,NA,NA,NA,NA,NA,NA,Heritage Spanish,NA,NA,NA,Selection,FCT-05,0,NA,NA,NA,NA,NA,NA,NA,Clitics,Feminine,Singular,NA,NA,NA,HS,NA,Late,Yes,NA,0,114,2026,0,NA,NA,NA,-0.5392587964612733,-0.7433102831695806
H123,2,1,NA,3,NA,114,NA,NA,NA,NA,NA,NA,NA,Heritage Spanish,NA,NA,NA,Selection,FCT-07,1,NA,NA,NA,NA,NA,NA,NA,Clitics,Masculine,Plural,NA,NA,NA,HS,NA,Late,Yes,NA,0,114,2026,1,NA,NA,NA,-0.5392587964612733,-0.7433102831695806
H123,2,1,NA,3,NA,114,NA,NA,NA,NA,NA,NA,NA,Heritage Spanish,NA,NA,NA,Selection,FCT-09,1,NA,NA,NA,NA,NA,NA,NA,Clitics,Feminine,Plural,NA,NA,NA,HS,NA,Late,Yes,NA,0,114,2026,1,NA,NA,NA,-0.5392587964612733,-0.7433102831695806
H123,2,1,NA,3,NA,114,NA,NA,NA,NA,NA,NA,NA,Heritage Spanish,NA,NA,NA,Selection,FCT-11,1,NA,NA,NA,NA,NA,NA,NA,Clitics,Masculine,Singular,NA,NA,NA,HS,NA,Late,Yes,NA,0,114,2026,1,NA,NA,NA,-0.5392587964612733,-0.7433102831695806
H123,2,1,NA,3,NA,114,NA,NA,NA,NA,NA,NA,NA,Heritage Spanish,NA,NA,NA,Selection,FCT-13,1,NA,NA,NA,NA,NA,NA,NA,Clitics,Feminine,Singular,NA,NA,NA,HS,NA,Late,Yes,NA,0,114,2026,1,NA,NA,NA,-0.5392587964612733,-0.7433102831695806
H123,2,1,NA,3,NA,114,NA,NA,NA,NA,NA,NA,NA,Heritage Spanish,NA,NA,NA,Selection,FCT-15,1,NA,NA,NA,NA,NA,NA,NA,Clitics,Masculine,Plural,NA,NA,NA,HS,NA,Late,Yes,NA,0,114,2026,1,NA,NA,NA,-0.5392587964612733,-0.7433102831695806
H123,2,1,NA,3,NA,114,NA,NA,NA,NA,NA,NA,NA,Heritage Spanish,NA,NA,NA,Selection,FCT-17,0,NA,NA,NA,NA,NA,NA,NA,Clitics,Feminine,Plural,NA,NA,NA,HS,NA,Late,Yes,NA,0,114,2026,0,NA,NA,NA,-0.5392587964612733,-0.7433102831695806
H123,2,1,NA,3,NA,114,NA,NA,NA,NA,NA,NA,NA,Heritage Spanish,NA,NA,NA,Selection,FCT-19,1,NA,NA,NA,NA,NA,NA,NA,Clitics,Masculine,Singular,NA,NA,NA,HS,NA,Late,Yes,NA,0,114,2026,1,NA,NA,NA,-0.5392587964612733,-0.7433102831695806
H123,2,1,NA,3,NA,114,NA,NA,NA,NA,NA,NA,NA,Heritage Spanish,NA,NA,NA,Selection,FCT-21,1,NA,NA,NA,NA,NA,NA,NA,Clitics,Feminine,Singular,NA,NA,NA,HS,NA,Late,Yes,NA,0,114,2026,1,NA,NA,NA,-0.5392587964612733,-0.7433102831695806
H123,2,1,NA,3,NA,114,NA,NA,NA,NA,NA,NA,NA,Heritage Spanish,NA,NA,NA,Selection,FCT-23,1,NA,NA,NA,NA,NA,NA,NA,Clitics,Masculine,Plural,NA,NA,NA,HS,NA,Late,Yes,NA,0,114,2026,1,NA,NA,NA,-0.5392587964612733,-0.7433102831695806
H123,2,1,NA,3,NA,114,NA,NA,NA,NA,NA,NA,NA,Heritage Spanish,NA,NA,NA,Selection,FCT-25,0,NA,NA,NA,NA,NA,NA,NA,Clitics,Feminine,Plural,NA,NA,NA,HS,NA,Late,Yes,NA,0,114,2026,0,NA,NA,NA,-0.5392587964612733,-0.7433102831695806
H124,2,1,HS 2nd,2,NA,95,NA,NA,NA,NA,NA,NA,NA,Heritage Spanish,NA,NA,NA,Selection,FCT-03,0,NA,NA,NA,NA,NA,NA,NA,Clitics,Masculine,Singular,NA,NA,NA,HS,2nd,Late,Yes,NA,0,95,2026,0,NA,NA,NA,-1.2668864219524187,-1.41460141911759
H124,2,1,HS 2nd,2,NA,95,NA,NA,NA,NA,NA,NA,NA,Heritage Spanish,NA,NA,NA,Selection,FCT-05,1,NA,NA,NA,NA,NA,NA,NA,Clitics,Feminine,Singular,NA,NA,NA,HS,2nd,Late,Yes,NA,0,95,2026,1,NA,NA,NA,-1.2668864219524187,-1.41460141911759
H124,2,1,HS 2nd,2,NA,95,NA,NA,NA,NA,NA,NA,NA,Heritage Spanish,NA,NA,NA,Selection,FCT-07,0,NA,NA,NA,NA,NA,NA,NA,Clitics,Masculine,Plural,NA,NA,NA,HS,2nd,Late,Yes,NA,0,95,2026,0,NA,NA,NA,-1.2668864219524187,-1.41460141911759
H124,2,1,HS 2nd,2,NA,95,NA,NA,NA,NA,NA,NA,NA,Heritage Spanish,NA,NA,NA,Selection,FCT-09,1,NA,NA,NA,NA,NA,NA,NA,Clitics,Feminine,Plural,NA,NA,NA,HS,2nd,Late,Yes,NA,0,95,2026,1,NA,NA,NA,-1.2668864219524187,-1.41460141911759
H124,2,1,HS 2nd,2,NA,95,NA,NA,NA,NA,NA,NA,NA,Heritage Spanish,NA,NA,NA,Selection,FCT-11,1,NA,NA,NA,NA,NA,NA,NA,Clitics,Masculine,Singular,NA,NA,NA,HS,2nd,Late,Yes,NA,0,95,2026,1,NA,NA,NA,-1.2668864219524187,-1.41460141911759
H124,2,1,HS 2nd,2,NA,95,NA,NA,NA,NA,NA,NA,NA,Heritage Spanish,NA,NA,NA,Selection,FCT-13,0,NA,NA,NA,NA,NA,NA,NA,Clitics,Feminine,Singular,NA,NA,NA,HS,2nd,Late,Yes,NA,0,95,2026,0,NA,NA,NA,-1.2668864219524187,-1.41460141911759
H124,2,1,HS 2nd,2,NA,95,NA,NA,NA,NA,NA,NA,NA,Heritage Spanish,NA,NA,NA,Selection,FCT-15,0,NA,NA,NA,NA,NA,NA,NA,Clitics,Masculine,Plural,NA,NA,NA,HS,2nd,Late,Yes,NA,0,95,2026,0,NA,NA,NA,-1.2668864219524187,-1.41460141911759
H124,2,1,HS 2nd,2,NA,95,NA,NA,NA,NA,NA,NA,NA,Heritage Spanish,NA,NA,NA,Selection,FCT-17,0,NA,NA,NA,NA,NA,NA,NA,Clitics,Feminine,Plural,NA,NA,NA,HS,2nd,Late,Yes,NA,0,95,2026,0,NA,NA,NA,-1.2668864219524187,-1.41460141911759
H124,2,1,HS 2nd,2,NA,95,NA,NA,NA,NA,NA,NA,NA,Heritage Spanish,NA,NA,NA,Selection,FCT-19,1,NA,NA,NA,NA,NA,NA,NA,Clitics,Masculine,Singular,NA,NA,NA,HS,2nd,Late,Yes,NA,0,95,2026,1,NA,NA,NA,-1.2668864219524187,-1.41460141911759
H124,2,1,HS 2nd,2,NA,95,NA,NA,NA,NA,NA,NA,NA,Heritage Spanish,NA,NA,NA,Selection,FCT-21,1,NA,NA,NA,NA,NA,NA,NA,Clitics,Feminine,Singular,NA,NA,NA,HS,2nd,Late,Yes,NA,0,95,2026,1,NA,NA,NA,-1.2668864219524187,-1.41460141911759
H124,2,1,HS 2nd,2,NA,95,NA,NA,NA,NA,NA,NA,NA,Heritage Spanish,NA,NA,NA,Selection,FCT-23,0,NA,NA,NA,NA,NA,NA,NA,Clitics,Masculine,Plural,NA,NA,NA,HS,2nd,Late,Yes,NA,0,95,2026,0,NA,NA,NA,-1.2668864219524187,-1.41460141911759
H124,2,1,HS 2nd,2,NA,95,NA,NA,NA,NA,NA,NA,NA,Heritage Spanish,NA,NA,NA,Selection,FCT-25,1,NA,NA,NA,NA,NA,NA,NA,Clitics,Feminine,Plural,NA,NA,NA,HS,2nd,Late,Yes,NA,0,95,2026,1,NA,NA,NA,-1.2668864219524187,-1.41460141911759
H125,2,1,L2L 4th/5th,4,NA,121,NA,NA,NA,NA,NA,NA,NA,L2,NA,NA,NA,Selection,FCT-03,0,NA,NA,NA,NA,NA,NA,NA,Clitics,Masculine,Singular,NA,NA,NA,L2L,4th/5th,Late,Yes,NA,0,121,2026,0,NA,NA,NA,-0.2711854607540091,-0.49599249624136665
H125,2,1,L2L 4th/5th,4,NA,121,NA,NA,NA,NA,NA,NA,NA,L2,NA,NA,NA,Selection,FCT-05,0,NA,NA,NA,NA,NA,NA,NA,Clitics,Feminine,Singular,NA,NA,NA,L2L,4th/5th,Late,Yes,NA,0,121,2026,0,NA,NA,NA,-0.2711854607540091,-0.49599249624136665
H125,2,1,L2L 4th/5th,4,NA,121,NA,NA,NA,NA,NA,NA,NA,L2,NA,NA,NA,Selection,FCT-07,1,NA,NA,NA,NA,NA,NA,NA,Clitics,Masculine,Plural,NA,NA,NA,L2L,4th/5th,Late,Yes,NA,0,121,2026,1,NA,NA,NA,-0.2711854607540091,-0.49599249624136665
H125,2,1,L2L 4th/5th,4,NA,121,NA,NA,NA,NA,NA,NA,NA,L2,NA,NA,NA,Selection,FCT-09,1,NA,NA,NA,NA,NA,NA,NA,Clitics,Feminine,Plural,NA,NA,NA,L2L,4th/5th,Late,Yes,NA,0,121,2026,1,NA,NA,NA,-0.2711854607540091,-0.49599249624136665
H125,2,1,L2L 4th/5th,4,NA,121,NA,NA,NA,NA,NA,NA,NA,L2,NA,NA,NA,Selection,FCT-11,0,NA,NA,NA,NA,NA,NA,NA,Clitics,Masculine,Singular,NA,NA,NA,L2L,4th/5th,Late,Yes,NA,0,121,2026,0,NA,NA,NA,-0.2711854607540091,-0.49599249624136665
H125,2,1,L2L 4th/5th,4,NA,121,NA,NA,NA,NA,NA,NA,NA,L2,NA,NA,NA,Selection,FCT-13,0,NA,NA,NA,NA,NA,NA,NA,Clitics,Feminine,Singular,NA,NA,NA,L2L,4th/5th,Late,Yes,NA,0,121,2026,0,NA,NA,NA,-0.2711854607540091,-0.49599249624136665
H125,2,1,L2L 4th/5th,4,NA,121,NA,NA,NA,NA,NA,NA,NA,L2,NA,NA,NA,Selection,FCT-15,1,NA,NA,NA,NA,NA,NA,NA,Clitics,Masculine,Plural,NA,NA,NA,L2L,4th/5th,Late,Yes,NA,0,121,2026,1,NA,NA,NA,-0.2711854607540091,-0.49599249624136665
H125,2,1,L2L 4th/5th,4,NA,121,NA,NA,NA,NA,NA,NA,NA,L2,NA,NA,NA,Selection,FCT-17,1,NA,NA,NA,NA,NA,NA,NA,Clitics,Feminine,Plural,NA,NA,NA,L2L,4th/5th,Late,Yes,NA,0,121,2026,1,NA,NA,NA,-0.2711854607540091,-0.49599249624136665
H125,2,1,L2L 4th/5th,4,NA,121,NA,NA,NA,NA,NA,NA,NA,L2,NA,NA,NA,Selection,FCT-19,1,NA,NA,NA,NA,NA,NA,NA,Clitics,Masculine,Singular,NA,NA,NA,L2L,4th/5th,Late,Yes,NA,0,121,2026,1,NA,NA,NA,-0.2711854607540091,-0.49599249624136665
H125,2,1,L2L 4th/5th,4,NA,121,NA,NA,NA,NA,NA,NA,NA,L2,NA,NA,NA,Selection,FCT-21,1,NA,NA,NA,NA,NA,NA,NA,Clitics,Feminine,Singular,NA,NA,NA,L2L,4th/5th,Late,Yes,NA,0,121,2026,1,NA,NA,NA,-0.2711854607540091,-0.49599249624136665
H125,2,1,L2L 4th/5th,4,NA,121,NA,NA,NA,NA,NA,NA,NA,L2,NA,NA,NA,Selection,FCT-23,1,NA,NA,NA,NA,NA,NA,NA,Clitics,Masculine,Plural,NA,NA,NA,L2L,4th/5th,Late,Yes,NA,0,121,2026,1,NA,NA,NA,-0.2711854607540091,-0.49599249624136665
H125,2,1,L2L 4th/5th,4,NA,121,NA,NA,NA,NA,NA,NA,NA,L2,NA,NA,NA,Selection,FCT-25,1,NA,NA,NA,NA,NA,NA,NA,Clitics,Feminine,Plural,NA,NA,NA,L2L,4th/5th,Late,Yes,NA,0,121,2026,1,NA,NA,NA,-0.2711854607540091,-0.49599249624136665
