Part_ID,Cohort,Session,Group,Grade,Age,Months_at_Start,AoA_SPA,AoA_ENG,SPA_Use,SPA_Contexts,ENG_Contexts,Langs,BESA_Score,Home_Lang_Group,HL_DOM,HL_Gender,HL_Subj,Task,Item,Accuracy,Accuracy_Clit_Gen,Accuracy_Clit_Num,Accuracy_DP_Gen,Accuracy_DP_Num,Questions,Initial_Response,Error_Type,Structure,Gender,Number,Verb,Verb_Freq,Verb_Type,Speaker_Group,Age_Group,Timing,Interface,Contexts,Study_Age,Months_at_Testing,Testing_Year,Accuracy_Combined,SPA_Pct,Verb_Freq_Std,BESA_Std,Months_at_Start_Ctd,Months_at_Testing_Ctd
H01,1,1,L2L 4th/5th,5,NA,129,NA,NA,NA,1,5,NA,3,L2 learner,L2,L2,L2,Production,Prod-02,0,NA,NA,NA,NA,NA,escribir,Infinitive,Subjunctive,NA,NA,escribir,265684,Regular,L2L,4th/5th,Late,No,6,0,129,2023,0,0.16666666666666666,-0.6311919470410735,NA,0.03518406576857845,-0.21334359689483645
H01,1,1,L2L 4th/5th,5,NA,129,NA,NA,NA,1,5,NA,3,L2 learner,L2,L2,L2,Production,Prod-06,0,NA,NA,NA,NA,NA,jugar,Infinitive,Subjunctive,NA,NA,hacer,2726954,Irregular,L2L,4th/5th,Late,No,6,0,129,2023,0,0.16666666666666666,2.266580427947476,NA,0.03518406576857845,-0.21334359689483645
H01,1,1,L2L 4th/5th,5,NA,129,NA,NA,NA,1,5,NA,3,L2 learner,L2,L2,L2,Production,Prod-10,0,NA,NA,NA,NA,NA,abrir la puerta,Infinitive,Subjunctive,NA,NA,abrir,143932,Regular,L2L,4th/5th,Late,No,6,0,129,2023,0,0.16666666666666666,-0.7745364733220609,NA,0.03518406576857845,-0.21334359689483645
H01,1,1,L2L 4th/5th,5,NA,129,NA,NA,NA,1,5,NA,3,L2 learner,L2,L2,L2,Production,Prod-14,0,NA,NA,NA,NA,NA,ir,Infinitive,Subjunctive,NA,NA,ir,603647,Irregular,L2L,4th/5th,Late,No,6,0,129,2023,0,0.16666666666666666,-0.23329173895002495,NA,0.03518406576857845,-0.21334359689483645
H01,1,1,L2L 4th/5th,5,NA,129,NA,NA,NA,1,5,NA,3,L2 learner,L2,L2,L2,Production,Prod-18,0,NA,NA,NA,NA,NA,quiere que ellos comer,Infinitive,Subjunctive,NA,NA,comer,213756,Regular,L2L,4th/5th,Late,No,6,0,129,2023,0,0.16666666666666666,-0.6923292964129041,NA,0.03518406576857845,-0.21334359689483645
H01,1,1,L2L 4th/5th,5,NA,129,NA,NA,NA,1,5,NA,3,L2 learner,L2,L2,L2,Production,Prod-22,0,NA,NA,NA,NA,NA,la mamá quiere ponerse las chaquetas,Infinitive,Subjunctive,NA,NA,poner,514285,Irregular,L2L,4th/5th,Late,No,6,0,129,2023,0,0.16666666666666666,-0.33850194952169194,NA,0.03518406576857845,-0.21334359689483645
H01,1,1,L2L 4th/5th,5,NA,129,NA,NA,NA,1,5,NA,3,L2 learner,L2,L2,L2,Production,Prod-26,0,NA,NA,NA,NA,NA,ven la televisión,Indicative,Subjunctive,NA,NA,ver,1611795,Irregular,L2L,4th/5th,Late,No,6,0,129,2023,0,0.16666666666666666,0.9536497279755688,NA,0.03518406576857845,-0.21334359689483645
H01,1,1,L2L 4th/5th,5,NA,129,NA,NA,NA,1,5,NA,3,L2 learner,L2,L2,L2,Production,Prod-28,0,NA,NA,NA,NA,NA,el sol que salir,Indicative,Subjunctive,NA,NA,salir,334324,Irregular,L2L,4th/5th,Late,No,6,0,129,2023,0,0.16666666666666666,-0.5503787506752892,NA,0.03518406576857845,-0.21334359689483645
H02,1,1,L2L 7th/8th,8,NA,175,NA,NA,NA,2,4,NA,8,L2 learner,L2,L2,L2,Production,Prod-02,1,NA,NA,NA,NA,NA,escriban,NA,Subjunctive,NA,NA,escribir,265684,Regular,L2L,7th/8th,Late,No,6,0,175,2023,1,0.3333333333333333,-0.6311919470410735,NA,1.7968088432734572,1.4118875743477124
H02,1,1,L2L 7th/8th,8,NA,175,NA,NA,NA,2,4,NA,8,L2 learner,L2,L2,L2,Production,Prod-06,0,NA,NA,NA,NA,NA,juegan/hacen ejercicio,Indicative,Subjunctive,NA,NA,hacer,2726954,Irregular,L2L,7th/8th,Late,No,6,0,175,2023,0,0.3333333333333333,2.266580427947476,NA,1.7968088432734572,1.4118875743477124
H02,1,1,L2L 7th/8th,8,NA,175,NA,NA,NA,2,4,NA,8,L2 learner,L2,L2,L2,Production,Prod-10,0,NA,NA,NA,NA,NA,abren la puerta,Indicative,Subjunctive,NA,NA,abrir,143932,Regular,L2L,7th/8th,Late,No,6,0,175,2023,0,0.3333333333333333,-0.7745364733220609,NA,1.7968088432734572,1.4118875743477124
H02,1,1,L2L 7th/8th,8,NA,175,NA,NA,NA,2,4,NA,8,L2 learner,L2,L2,L2,Production,Prod-14,NA,NA,NA,NA,NA,NA,NA,NO RESPONSE,Subjunctive,NA,NA,ir,603647,Irregular,L2L,7th/8th,Late,No,6,0,175,2023,NA,0.3333333333333333,-0.23329173895002495,NA,1.7968088432734572,1.4118875743477124
H02,1,1,L2L 7th/8th,8,NA,175,NA,NA,NA,2,4,NA,8,L2 learner,L2,L2,L2,Production,Prod-18,0,NA,NA,NA,NA,NA,están comiendo,Indicative,Subjunctive,NA,NA,comer,213756,Regular,L2L,7th/8th,Late,No,6,0,175,2023,0,0.3333333333333333,-0.6923292964129041,NA,1.7968088432734572,1.4118875743477124
H02,1,1,L2L 7th/8th,8,NA,175,NA,NA,NA,2,4,NA,8,L2 learner,L2,L2,L2,Production,Prod-22,NA,NA,NA,NA,NA,NA,cierran,Regular verb,Subjunctive,NA,NA,poner,514285,Irregular,L2L,7th/8th,Late,No,6,0,175,2023,NA,0.3333333333333333,-0.33850194952169194,NA,1.7968088432734572,1.4118875743477124
H02,1,1,L2L 7th/8th,8,NA,175,NA,NA,NA,2,4,NA,8,L2 learner,L2,L2,L2,Production,Prod-26,0,NA,NA,NA,NA,NA,ve la tv,Indicative,Subjunctive,NA,NA,ver,1611795,Irregular,L2L,7th/8th,Late,No,6,0,175,2023,0,0.3333333333333333,0.9536497279755688,NA,1.7968088432734572,1.4118875743477124
H02,1,1,L2L 7th/8th,8,NA,175,NA,NA,NA,2,4,NA,8,L2 learner,L2,L2,L2,Production,Prod-28,0,NA,NA,NA,NA,NA,que haya sol,NA,Subjunctive,NA,NA,salir,334324,Irregular,L2L,7th/8th,Late,No,6,0,175,2023,0,0.3333333333333333,-0.5503787506752892,NA,1.7968088432734572,1.4118875743477124
H03,1,1,L2L 7th/8th,8,14,170,NA,NA,NA,2,4,3,8,Portuguese,No,Yes,Yes,Production,Prod-02,0,NA,NA,NA,NA,NA,escritura,Other,Subjunctive,NA,NA,escribir,265684,Regular,L2L,7th/8th,Late,No,6,0,170,2023,0,0.3333333333333333,-0.6311919470410735,NA,1.6053278891968399,1.2352320122561309
H03,1,1,L2L 7th/8th,8,14,170,NA,NA,NA,2,4,3,8,Portuguese,No,Yes,Yes,Production,Prod-06,0,NA,NA,NA,NA,NA,hacer ejercicio,Infinitive,Subjunctive,NA,NA,hacer,2726954,Irregular,L2L,7th/8th,Late,No,6,0,170,2023,0,0.3333333333333333,2.266580427947476,NA,1.6053278891968399,1.2352320122561309
H03,1,1,L2L 7th/8th,8,14,170,NA,NA,NA,2,4,3,8,Portuguese,No,Yes,Yes,Production,Prod-10,0,NA,NA,NA,NA,NA,abrir la puerta,Infinitive,Subjunctive,NA,NA,abrir,143932,Regular,L2L,7th/8th,Late,No,6,0,170,2023,0,0.3333333333333333,-0.7745364733220609,NA,1.6053278891968399,1.2352320122561309
H03,1,1,L2L 7th/8th,8,14,170,NA,NA,NA,2,4,3,8,Portuguese,No,Yes,Yes,Production,Prod-14,0,NA,NA,NA,NA,NA,salir,Infinitive,Subjunctive,NA,NA,ir,603647,Irregular,L2L,7th/8th,Late,No,6,0,170,2023,0,0.3333333333333333,-0.23329173895002495,NA,1.6053278891968399,1.2352320122561309
H03,1,1,L2L 7th/8th,8,14,170,NA,NA,NA,2,4,3,8,Portuguese,No,Yes,Yes,Production,Prod-18,0,NA,NA,NA,NA,NA,comen la comida,Indicative,Subjunctive,NA,NA,comer,213756,Regular,L2L,7th/8th,Late,No,6,0,170,2023,0,0.3333333333333333,-0.6923292964129041,NA,1.6053278891968399,1.2352320122561309
H03,1,1,L2L 7th/8th,8,14,170,NA,NA,NA,2,4,3,8,Portuguese,No,Yes,Yes,Production,Prod-22,0,NA,NA,NA,NA,NA,poner las chaquetas,Infinitive,Subjunctive,NA,NA,poner,514285,Irregular,L2L,7th/8th,Late,No,6,0,170,2023,0,0.3333333333333333,-0.33850194952169194,NA,1.6053278891968399,1.2352320122561309
H03,1,1,L2L 7th/8th,8,14,170,NA,NA,NA,2,4,3,8,Portuguese,No,Yes,Yes,Production,Prod-26,0,NA,NA,NA,NA,NA,ver el tele,Infinitive,Subjunctive,NA,NA,ver,1611795,Irregular,L2L,7th/8th,Late,No,6,0,170,2023,0,0.3333333333333333,0.9536497279755688,NA,1.6053278891968399,1.2352320122561309
H03,1,1,L2L 7th/8th,8,14,170,NA,NA,NA,2,4,3,8,Portuguese,No,Yes,Yes,Production,Prod-28,0,NA,NA,NA,NA,NA,ser soleado,Omission,Subjunctive,NA,NA,salir,334324,Irregular,L2L,7th/8th,Late,No,6,0,170,2023,0,0.3333333333333333,-0.5503787506752892,NA,1.6053278891968399,1.2352320122561309
H04,1,1,L2L 7th/8th,8,NA,166,NA,NA,NA,1,4,NA,8,L2 learner,L2,L2,L2,Production,Prod-02,1,NA,NA,NA,NA,NA,que escriban,NA,Subjunctive,NA,NA,escribir,265684,Regular,L2L,7th/8th,Late,No,5,0,166,2023,1,0.2,-0.6311919470410735,NA,1.4521431259355462,1.0939075625828658
H04,1,1,L2L 7th/8th,8,NA,166,NA,NA,NA,1,4,NA,8,L2 learner,L2,L2,L2,Production,Prod-06,NA,NA,NA,NA,NA,NA,que juegan,Indicative,Subjunctive,NA,NA,hacer,2726954,Irregular,L2L,7th/8th,Late,No,5,0,166,2023,NA,0.2,2.266580427947476,NA,1.4521431259355462,1.0939075625828658
H04,1,1,L2L 7th/8th,8,NA,166,NA,NA,NA,1,4,NA,8,L2 learner,L2,L2,L2,Production,Prod-10,1,NA,NA,NA,NA,NA,que abran la puerta,NA,Subjunctive,NA,NA,abrir,143932,Regular,L2L,7th/8th,Late,No,5,0,166,2023,1,0.2,-0.7745364733220609,NA,1.4521431259355462,1.0939075625828658
H04,1,1,L2L 7th/8th,8,NA,166,NA,NA,NA,1,4,NA,8,L2 learner,L2,L2,L2,Production,Prod-14,0,NA,NA,NA,NA,NA,van a salir,Indicative,Subjunctive,NA,NA,ir,603647,Irregular,L2L,7th/8th,Late,No,5,0,166,2023,0,0.2,-0.23329173895002495,NA,1.4521431259355462,1.0939075625828658
H04,1,1,L2L 7th/8th,8,NA,166,NA,NA,NA,1,4,NA,8,L2 learner,L2,L2,L2,Production,Prod-18,0,NA,NA,NA,NA,NA,que comen su cena,Indicative,Subjunctive,NA,NA,comer,213756,Regular,L2L,7th/8th,Late,No,5,0,166,2023,0,0.2,-0.6923292964129041,NA,1.4521431259355462,1.0939075625828658
H04,1,1,L2L 7th/8th,8,NA,166,NA,NA,NA,1,4,NA,8,L2 learner,L2,L2,L2,Production,Prod-22,0,NA,NA,NA,NA,NA,que ponen,Indicative,Subjunctive,NA,NA,poner,514285,Irregular,L2L,7th/8th,Late,No,5,0,166,2023,0,0.2,-0.33850194952169194,NA,1.4521431259355462,1.0939075625828658
H04,1,1,L2L 7th/8th,8,NA,166,NA,NA,NA,1,4,NA,8,L2 learner,L2,L2,L2,Production,Prod-26,0,NA,NA,NA,NA,NA,que miran la tele,Indicative,Subjunctive,NA,NA,ver,1611795,Irregular,L2L,7th/8th,Late,No,5,0,166,2023,0,0.2,0.9536497279755688,NA,1.4521431259355462,1.0939075625828658
H04,1,1,L2L 7th/8th,8,NA,166,NA,NA,NA,1,4,NA,8,L2 learner,L2,L2,L2,Production,Prod-28,0,NA,NA,NA,NA,NA,que el sol se sale,Indicative,Subjunctive,NA,NA,salir,334324,Irregular,L2L,7th/8th,Late,No,5,0,166,2023,0,0.2,-0.5503787506752892,NA,1.4521431259355462,1.0939075625828658
H05,1,1,HS 7th/8th,8,NA,174,NA,NA,NA,2,6,NA,8,Heritage Spanish,NA,NA,NA,Production,Prod-02,0,NA,NA,NA,NA,NA,que ellos escriben,Indicative,Subjunctive,NA,NA,escribir,265684,Regular,HS,7th/8th,Late,No,8,0,174,2023,0,0.25,-0.6311919470410735,NA,1.7585126524581336,1.376556461929396
H05,1,1,HS 7th/8th,8,NA,174,NA,NA,NA,2,6,NA,8,Heritage Spanish,NA,NA,NA,Production,Prod-06,0,NA,NA,NA,NA,NA,que los niños juegan,Regular verb,Subjunctive,NA,NA,hacer,2726954,Irregular,HS,7th/8th,Late,No,8,0,174,2023,0,0.25,2.266580427947476,NA,1.7585126524581336,1.376556461929396
H05,1,1,HS 7th/8th,8,NA,174,NA,NA,NA,2,6,NA,8,Heritage Spanish,NA,NA,NA,Production,Prod-10,0,NA,NA,NA,NA,Code 0 for accuracy added -Jen,abrir la puerta,Infinitive,Subjunctive,NA,NA,abrir,143932,Regular,HS,7th/8th,Late,No,8,0,174,2023,0,0.25,-0.7745364733220609,NA,1.7585126524581336,1.376556461929396
H05,1,1,HS 7th/8th,8,NA,174,NA,NA,NA,2,6,NA,8,Heritage Spanish,NA,NA,NA,Production,Prod-14,1,NA,NA,NA,NA,Code 1 for accuracy added -Jen,quiere que sus amigos entren,Regular verb,Subjunctive,NA,NA,ir,603647,Irregular,HS,7th/8th,Late,No,8,0,174,2023,1,0.25,-0.23329173895002495,NA,1.7585126524581336,1.376556461929396
H05,1,1,HS 7th/8th,8,NA,174,NA,NA,NA,2,6,NA,8,Heritage Spanish,NA,NA,NA,Production,Prod-18,0,NA,NA,NA,NA,NA,que los niños se comen,Indicative,Subjunctive,NA,NA,comer,213756,Regular,HS,7th/8th,Late,No,8,0,174,2023,0,0.25,-0.6923292964129041,NA,1.7585126524581336,1.376556461929396
H05,1,1,HS 7th/8th,8,NA,174,NA,NA,NA,2,6,NA,8,Heritage Spanish,NA,NA,NA,Production,Prod-22,0,NA,NA,NA,NA,NA,quiere que ponen,Indicative,Subjunctive,NA,NA,poner,514285,Irregular,HS,7th/8th,Late,No,8,0,174,2023,0,0.25,-0.33850194952169194,NA,1.7585126524581336,1.376556461929396
H05,1,1,HS 7th/8th,8,NA,174,NA,NA,NA,2,6,NA,8,Heritage Spanish,NA,NA,NA,Production,Prod-26,0,NA,NA,NA,NA,Code ) for accuracy and infinitive added -Jen,ver televisión,Infinitive,Subjunctive,NA,NA,ver,1611795,Irregular,HS,7th/8th,Late,No,8,0,174,2023,0,0.25,0.9536497279755688,NA,1.7585126524581336,1.376556461929396
H05,1,1,HS 7th/8th,8,NA,174,NA,NA,NA,2,6,NA,8,Heritage Spanish,NA,NA,NA,Production,Prod-28,NA,NA,NA,NA,NA,NA,NA,Omission,Subjunctive,NA,NA,salir,334324,Irregular,HS,7th/8th,Late,No,8,0,174,2023,NA,0.25,-0.5503787506752892,NA,1.7585126524581336,1.376556461929396
H06,1,1,L2L 7th/8th,8,NA,174,NA,NA,NA,2,4,NA,8,L2 learner,L2,L2,L2,Production,Prod-02,0,NA,NA,NA,NA,NA,escriben,Indicative,Subjunctive,NA,NA,escribir,265684,Regular,L2L,7th/8th,Late,No,6,0,174,2023,0,0.3333333333333333,-0.6311919470410735,NA,1.7585126524581336,1.376556461929396
H06,1,1,L2L 7th/8th,8,NA,174,NA,NA,NA,2,4,NA,8,L2 learner,L2,L2,L2,Production,Prod-06,NA,NA,NA,NA,NA,NA,jugar,Infinitive,Subjunctive,NA,NA,hacer,2726954,Irregular,L2L,7th/8th,Late,No,6,0,174,2023,NA,0.3333333333333333,2.266580427947476,NA,1.7585126524581336,1.376556461929396
H06,1,1,L2L 7th/8th,8,NA,174,NA,NA,NA,2,4,NA,8,L2 learner,L2,L2,L2,Production,Prod-10,NA,NA,NA,NA,NA,NA,abrir la puerta,Infinitive,Subjunctive,NA,NA,abrir,143932,Regular,L2L,7th/8th,Late,No,6,0,174,2023,NA,0.3333333333333333,-0.7745364733220609,NA,1.7585126524581336,1.376556461929396
H06,1,1,L2L 7th/8th,8,NA,174,NA,NA,NA,2,4,NA,8,L2 learner,L2,L2,L2,Production,Prod-14,NA,NA,NA,NA,NA,NA,los otros niños no están,Indicative,Subjunctive,NA,NA,ir,603647,Irregular,L2L,7th/8th,Late,No,6,0,174,2023,NA,0.3333333333333333,-0.23329173895002495,NA,1.7585126524581336,1.376556461929396
H06,1,1,L2L 7th/8th,8,NA,174,NA,NA,NA,2,4,NA,8,L2 learner,L2,L2,L2,Production,Prod-18,NA,NA,NA,NA,NA,NA,comer,Infinitive,Subjunctive,NA,NA,comer,213756,Regular,L2L,7th/8th,Late,No,6,0,174,2023,NA,0.3333333333333333,-0.6923292964129041,NA,1.7585126524581336,1.376556461929396
H06,1,1,L2L 7th/8th,8,NA,174,NA,NA,NA,2,4,NA,8,L2 learner,L2,L2,L2,Production,Prod-22,NA,NA,NA,NA,NA,NA,la cercan,Indicative,Subjunctive,NA,NA,poner,514285,Irregular,L2L,7th/8th,Late,No,6,0,174,2023,NA,0.3333333333333333,-0.33850194952169194,NA,1.7585126524581336,1.376556461929396
H06,1,1,L2L 7th/8th,8,NA,174,NA,NA,NA,2,4,NA,8,L2 learner,L2,L2,L2,Production,Prod-26,0,NA,NA,NA,NA,NA,lo ponen en su cara,Indicative,Subjunctive,NA,NA,ver,1611795,Irregular,L2L,7th/8th,Late,No,6,0,174,2023,0,0.3333333333333333,0.9536497279755688,NA,1.7585126524581336,1.376556461929396
H06,1,1,L2L 7th/8th,8,NA,174,NA,NA,NA,2,4,NA,8,L2 learner,L2,L2,L2,Production,Prod-28,0,NA,NA,NA,NA,NA,salir el sol,Indicative,Subjunctive,NA,NA,salir,334324,Irregular,L2L,7th/8th,Late,No,6,0,174,2023,0,0.3333333333333333,-0.5503787506752892,NA,1.7585126524581336,1.376556461929396
H07,1,1,HS 7th/8th,8,NA,171,NA,NA,NA,4,4,NA,8,Heritage Spanish,NA,NA,NA,Production,Prod-02,0,NA,NA,NA,NA,NA,quiere leer,Infinitive,Subjunctive,NA,NA,escribir,265684,Regular,HS,7th/8th,Late,No,8,0,171,2023,0,0.5,-0.6311919470410735,NA,1.6436240800121633,1.270563124674447
H07,1,1,HS 7th/8th,8,NA,171,NA,NA,NA,4,4,NA,8,Heritage Spanish,NA,NA,NA,Production,Prod-06,1,NA,NA,NA,NA,Changed accuracy to 1 -Jen,jueguen,Regular verb,Subjunctive,NA,NA,hacer,2726954,Irregular,HS,7th/8th,Late,No,8,0,171,2023,1,0.5,2.266580427947476,NA,1.6436240800121633,1.270563124674447
H07,1,1,HS 7th/8th,8,NA,171,NA,NA,NA,4,4,NA,8,Heritage Spanish,NA,NA,NA,Production,Prod-10,0,NA,NA,NA,NA,NA,que abren la puerta,Indicative,Subjunctive,NA,NA,abrir,143932,Regular,HS,7th/8th,Late,No,8,0,171,2023,0,0.5,-0.7745364733220609,NA,1.6436240800121633,1.270563124674447
H07,1,1,HS 7th/8th,8,NA,171,NA,NA,NA,4,4,NA,8,Heritage Spanish,NA,NA,NA,Production,Prod-14,0,NA,NA,NA,NA,NA,que salen,Indicative,Subjunctive,NA,NA,ir,603647,Irregular,HS,7th/8th,Late,No,8,0,171,2023,0,0.5,-0.23329173895002495,NA,1.6436240800121633,1.270563124674447
H07,1,1,HS 7th/8th,8,NA,171,NA,NA,NA,4,4,NA,8,Heritage Spanish,NA,NA,NA,Production,Prod-18,0,NA,NA,NA,NA,NA,que comen,Indicative,Subjunctive,NA,NA,comer,213756,Regular,HS,7th/8th,Late,No,8,0,171,2023,0,0.5,-0.6923292964129041,NA,1.6436240800121633,1.270563124674447
H07,1,1,HS 7th/8th,8,NA,171,NA,NA,NA,4,4,NA,8,Heritage Spanish,NA,NA,NA,Production,Prod-22,0,NA,NA,NA,NA,Extra clitic,que se los ponen,Indicative,Subjunctive,NA,NA,poner,514285,Irregular,HS,7th/8th,Late,No,8,0,171,2023,0,0.5,-0.33850194952169194,NA,1.6436240800121633,1.270563124674447
H07,1,1,HS 7th/8th,8,NA,171,NA,NA,NA,4,4,NA,8,Heritage Spanish,NA,NA,NA,Production,Prod-26,1,NA,NA,NA,NA,NA,que vean,NA,Subjunctive,NA,NA,ver,1611795,Irregular,HS,7th/8th,Late,No,8,0,171,2023,1,0.5,0.9536497279755688,NA,1.6436240800121633,1.270563124674447
H07,1,1,HS 7th/8th,8,NA,171,NA,NA,NA,4,4,NA,8,Heritage Spanish,NA,NA,NA,Production,Prod-28,1,NA,NA,NA,NA,NA,esté soleado,NA,Subjunctive,NA,NA,salir,334324,Irregular,HS,7th/8th,Late,No,8,0,171,2023,1,0.5,-0.5503787506752892,NA,1.6436240800121633,1.270563124674447
H08,1,1,L2L 7th/8th,8,NA,168,NA,NA,NA,1,6,NA,8,"Hindi, Mandarin",Yes,Yes,Yes,Production,Prod-02,0,NA,NA,NA,NA,NA,quiere escribir,Infinitive,Subjunctive,NA,NA,escribir,265684,Regular,L2L,7th/8th,Late,No,7,0,168,2023,0,0.14285714285714285,-0.6311919470410735,NA,1.528735507566193,1.1645697874194985
H08,1,1,L2L 7th/8th,8,NA,168,NA,NA,NA,1,6,NA,8,"Hindi, Mandarin",Yes,Yes,Yes,Production,Prod-06,0,NA,NA,NA,NA,NA,que los niños hacen ejercicio,Indicative,Subjunctive,NA,NA,hacer,2726954,Irregular,L2L,7th/8th,Late,No,7,0,168,2023,0,0.14285714285714285,2.266580427947476,NA,1.528735507566193,1.1645697874194985
H08,1,1,L2L 7th/8th,8,NA,168,NA,NA,NA,1,6,NA,8,"Hindi, Mandarin",Yes,Yes,Yes,Production,Prod-10,0,NA,NA,NA,NA,NA,abre la puerta,Indicative,Subjunctive,NA,NA,abrir,143932,Regular,L2L,7th/8th,Late,No,7,0,168,2023,0,0.14285714285714285,-0.7745364733220609,NA,1.528735507566193,1.1645697874194985
H08,1,1,L2L 7th/8th,8,NA,168,NA,NA,NA,1,6,NA,8,"Hindi, Mandarin",Yes,Yes,Yes,Production,Prod-14,1,NA,NA,NA,NA,NA,quiere que vayan,NA,Subjunctive,NA,NA,ir,603647,Irregular,L2L,7th/8th,Late,No,7,0,168,2023,1,0.14285714285714285,-0.23329173895002495,NA,1.528735507566193,1.1645697874194985
H08,1,1,L2L 7th/8th,8,NA,168,NA,NA,NA,1,6,NA,8,"Hindi, Mandarin",Yes,Yes,Yes,Production,Prod-18,0,NA,NA,NA,NA,NA,quiere que comen,Indicative,Subjunctive,NA,NA,comer,213756,Regular,L2L,7th/8th,Late,No,7,0,168,2023,0,0.14285714285714285,-0.6923292964129041,NA,1.528735507566193,1.1645697874194985
H08,1,1,L2L 7th/8th,8,NA,168,NA,NA,NA,1,6,NA,8,"Hindi, Mandarin",Yes,Yes,Yes,Production,Prod-22,1,NA,NA,NA,NA,NA,se pongan las chaquetas,NA,Subjunctive,NA,NA,poner,514285,Irregular,L2L,7th/8th,Late,No,7,0,168,2023,1,0.14285714285714285,-0.33850194952169194,NA,1.528735507566193,1.1645697874194985
H08,1,1,L2L 7th/8th,8,NA,168,NA,NA,NA,1,6,NA,8,"Hindi, Mandarin",Yes,Yes,Yes,Production,Prod-26,0,NA,NA,NA,NA,NA,quiere que ven,Indicative,Subjunctive,NA,NA,ver,1611795,Irregular,L2L,7th/8th,Late,No,7,0,168,2023,0,0.14285714285714285,0.9536497279755688,NA,1.528735507566193,1.1645697874194985
H08,1,1,L2L 7th/8th,8,NA,168,NA,NA,NA,1,6,NA,8,"Hindi, Mandarin",Yes,Yes,Yes,Production,Prod-28,NA,NA,NA,NA,NA,NA,quiere el sol,Regular verb,Subjunctive,NA,NA,salir,334324,Irregular,L2L,7th/8th,Late,No,7,0,168,2023,NA,0.14285714285714285,-0.5503787506752892,NA,1.528735507566193,1.1645697874194985
H09,1,1,L2L 7th/8th,8,NA,168,NA,NA,NA,1,4,NA,7,L2 learner,L2,L2,L2,Production,Prod-02,0,NA,NA,NA,NA,NA,quiere escribir,Infinitive,Subjunctive,NA,NA,escribir,265684,Regular,L2L,7th/8th,Late,No,5,0,168,2023,0,0.2,-0.6311919470410735,NA,1.528735507566193,1.1645697874194985
H09,1,1,L2L 7th/8th,8,NA,168,NA,NA,NA,1,4,NA,7,L2 learner,L2,L2,L2,Production,Prod-06,0,NA,NA,NA,NA,NA,hacen actividades,Indicative,Subjunctive,NA,NA,hacer,2726954,Irregular,L2L,7th/8th,Late,No,5,0,168,2023,0,0.2,2.266580427947476,NA,1.528735507566193,1.1645697874194985
H09,1,1,L2L 7th/8th,8,NA,168,NA,NA,NA,1,4,NA,7,L2 learner,L2,L2,L2,Production,Prod-10,NA,NA,NA,NA,NA,NA,abrir el puerta,Infinitive,Subjunctive,NA,NA,abrir,143932,Regular,L2L,7th/8th,Late,No,5,0,168,2023,NA,0.2,-0.7745364733220609,NA,1.528735507566193,1.1645697874194985
H09,1,1,L2L 7th/8th,8,NA,168,NA,NA,NA,1,4,NA,7,L2 learner,L2,L2,L2,Production,Prod-14,NA,NA,NA,NA,NA,NA,quiere ir,Infinitive,Subjunctive,NA,NA,ir,603647,Irregular,L2L,7th/8th,Late,No,5,0,168,2023,NA,0.2,-0.23329173895002495,NA,1.528735507566193,1.1645697874194985
H09,1,1,L2L 7th/8th,8,NA,168,NA,NA,NA,1,4,NA,7,L2 learner,L2,L2,L2,Production,Prod-18,NA,NA,NA,NA,NA,NA,comer comida,Infinitive,Subjunctive,NA,NA,comer,213756,Regular,L2L,7th/8th,Late,No,5,0,168,2023,NA,0.2,-0.6923292964129041,NA,1.528735507566193,1.1645697874194985
H09,1,1,L2L 7th/8th,8,NA,168,NA,NA,NA,1,4,NA,7,L2 learner,L2,L2,L2,Production,Prod-22,0,NA,NA,NA,NA,Extra clitic,ponerlas,Infinitive,Subjunctive,NA,NA,poner,514285,Irregular,L2L,7th/8th,Late,No,5,0,168,2023,0,0.2,-0.33850194952169194,NA,1.528735507566193,1.1645697874194985
H09,1,1,L2L 7th/8th,8,NA,168,NA,NA,NA,1,4,NA,7,L2 learner,L2,L2,L2,Production,Prod-26,0,NA,NA,NA,NA,NA,mirar tele,Infinitive,Subjunctive,NA,NA,ver,1611795,Irregular,L2L,7th/8th,Late,No,5,0,168,2023,0,0.2,0.9536497279755688,NA,1.528735507566193,1.1645697874194985
H09,1,1,L2L 7th/8th,8,NA,168,NA,NA,NA,1,4,NA,7,L2 learner,L2,L2,L2,Production,Prod-28,NA,NA,NA,NA,NA,NA,soleado,Other,Subjunctive,NA,NA,salir,334324,Irregular,L2L,7th/8th,Late,No,5,0,168,2023,NA,0.2,-0.5503787506752892,NA,1.528735507566193,1.1645697874194985
H10,1,1,L2L 7th/8th,8,NA,173,NA,NA,NA,2,4,3,8,Russian,No,Yes,Yes,Production,Prod-02,0,NA,NA,NA,NA,NA,quiere que pueden leer,NA,Subjunctive,NA,NA,escribir,265684,Regular,L2L,7th/8th,Late,No,6,0,173,2023,0,0.3333333333333333,-0.6311919470410735,NA,1.7202164616428102,1.3412253495110797
H10,1,1,L2L 7th/8th,8,NA,173,NA,NA,NA,2,4,3,8,Russian,No,Yes,Yes,Production,Prod-06,0,NA,NA,NA,NA,NA,quiere que están haciendo ejercicio,Indicative,Subjunctive,NA,NA,hacer,2726954,Irregular,L2L,7th/8th,Late,No,6,0,173,2023,0,0.3333333333333333,2.266580427947476,NA,1.7202164616428102,1.3412253495110797
H10,1,1,L2L 7th/8th,8,NA,173,NA,NA,NA,2,4,3,8,Russian,No,Yes,Yes,Production,Prod-10,1,NA,NA,NA,NA,NA,que abran la puerta,NA,Subjunctive,NA,NA,abrir,143932,Regular,L2L,7th/8th,Late,No,6,0,173,2023,1,0.3333333333333333,-0.7745364733220609,NA,1.7202164616428102,1.3412253495110797
H10,1,1,L2L 7th/8th,8,NA,173,NA,NA,NA,2,4,3,8,Russian,No,Yes,Yes,Production,Prod-14,1,NA,NA,NA,NA,NA,que salgan,NA,Subjunctive,NA,NA,ir,603647,Irregular,L2L,7th/8th,Late,No,6,0,173,2023,1,0.3333333333333333,-0.23329173895002495,NA,1.7202164616428102,1.3412253495110797
H10,1,1,L2L 7th/8th,8,NA,173,NA,NA,NA,2,4,3,8,Russian,No,Yes,Yes,Production,Prod-18,0,NA,NA,NA,NA,NA,quiere que comen,NA,Subjunctive,NA,NA,comer,213756,Regular,L2L,7th/8th,Late,No,6,0,173,2023,0,0.3333333333333333,-0.6923292964129041,NA,1.7202164616428102,1.3412253495110797
H10,1,1,L2L 7th/8th,8,NA,173,NA,NA,NA,2,4,3,8,Russian,No,Yes,Yes,Production,Prod-22,0,NA,NA,NA,NA,NA,que las ponen ellos,Indicative,Subjunctive,NA,NA,poner,514285,Irregular,L2L,7th/8th,Late,No,6,0,173,2023,0,0.3333333333333333,-0.33850194952169194,NA,1.7202164616428102,1.3412253495110797
H10,1,1,L2L 7th/8th,8,NA,173,NA,NA,NA,2,4,3,8,Russian,No,Yes,Yes,Production,Prod-26,0,NA,NA,NA,NA,NA,que están mirando,Indicative,Subjunctive,NA,NA,ver,1611795,Irregular,L2L,7th/8th,Late,No,6,0,173,2023,0,0.3333333333333333,0.9536497279755688,NA,1.7202164616428102,1.3412253495110797
H10,1,1,L2L 7th/8th,8,NA,173,NA,NA,NA,2,4,3,8,Russian,No,Yes,Yes,Production,Prod-28,1,NA,NA,NA,NA,NA,que sea un día soleado,NA,Subjunctive,NA,NA,salir,334324,Irregular,L2L,7th/8th,Late,No,6,0,173,2023,1,0.3333333333333333,-0.5503787506752892,NA,1.7202164616428102,1.3412253495110797
H11,1,1,L2L 7th/8th,8,NA,173,NA,NA,NA,2,4,3,8,Russian,No,Yes,Yes,Production,Prod-02,0,NA,NA,NA,NA,NA,que escriben,Indicative,Subjunctive,NA,NA,escribir,265684,Regular,L2L,7th/8th,Late,No,6,0,173,2023,0,0.3333333333333333,-0.6311919470410735,NA,1.7202164616428102,1.3412253495110797
H11,1,1,L2L 7th/8th,8,NA,173,NA,NA,NA,2,4,3,8,Russian,No,Yes,Yes,Production,Prod-06,0,NA,NA,NA,NA,NA,que hacen ejercicio,Indicative,Subjunctive,NA,NA,hacer,2726954,Irregular,L2L,7th/8th,Late,No,6,0,173,2023,0,0.3333333333333333,2.266580427947476,NA,1.7202164616428102,1.3412253495110797
H11,1,1,L2L 7th/8th,8,NA,173,NA,NA,NA,2,4,3,8,Russian,No,Yes,Yes,Production,Prod-10,1,NA,NA,NA,NA,NA,que abren la puerta,NA,Subjunctive,NA,NA,abrir,143932,Regular,L2L,7th/8th,Late,No,6,0,173,2023,1,0.3333333333333333,-0.7745364733220609,NA,1.7202164616428102,1.3412253495110797
H11,1,1,L2L 7th/8th,8,NA,173,NA,NA,NA,2,4,3,8,Russian,No,Yes,Yes,Production,Prod-14,0,NA,NA,NA,NA,NA,quiere que entran,Regular verb,Subjunctive,NA,NA,ir,603647,Irregular,L2L,7th/8th,Late,No,6,0,173,2023,0,0.3333333333333333,-0.23329173895002495,NA,1.7202164616428102,1.3412253495110797
H11,1,1,L2L 7th/8th,8,NA,173,NA,NA,NA,2,4,3,8,Russian,No,Yes,Yes,Production,Prod-18,0,NA,NA,NA,NA,NA,quiere que comen,Indicative,Subjunctive,NA,NA,comer,213756,Regular,L2L,7th/8th,Late,No,6,0,173,2023,0,0.3333333333333333,-0.6923292964129041,NA,1.7202164616428102,1.3412253495110797
H11,1,1,L2L 7th/8th,8,NA,173,NA,NA,NA,2,4,3,8,Russian,No,Yes,Yes,Production,Prod-22,0,NA,NA,NA,NA,NA,quiere que se ponen,Indicative,Subjunctive,NA,NA,poner,514285,Irregular,L2L,7th/8th,Late,No,6,0,173,2023,0,0.3333333333333333,-0.33850194952169194,NA,1.7202164616428102,1.3412253495110797
H11,1,1,L2L 7th/8th,8,NA,173,NA,NA,NA,2,4,3,8,Russian,No,Yes,Yes,Production,Prod-26,0,NA,NA,NA,NA,NA,que ven la tele,Indicative,Subjunctive,NA,NA,ver,1611795,Irregular,L2L,7th/8th,Late,No,6,0,173,2023,0,0.3333333333333333,0.9536497279755688,NA,1.7202164616428102,1.3412253495110797
H11,1,1,L2L 7th/8th,8,NA,173,NA,NA,NA,2,4,3,8,Russian,No,Yes,Yes,Production,Prod-28,1,NA,NA,NA,NA,NA,que sea soleado,NA,Subjunctive,NA,NA,salir,334324,Irregular,L2L,7th/8th,Late,No,6,0,173,2023,1,0.3333333333333333,-0.5503787506752892,NA,1.7202164616428102,1.3412253495110797
H12,1,1,L2L 7th/8th,8,NA,174,NA,NA,NA,2,2,NA,5,L2 learner,L2,L2,L2,Production,Prod-02,0,NA,NA,NA,NA,NA,quiere escribir,Infinitive,Subjunctive,NA,NA,escribir,265684,Regular,L2L,7th/8th,Late,No,4,0,174,2023,0,0.5,-0.6311919470410735,NA,1.7585126524581336,1.376556461929396
H12,1,1,L2L 7th/8th,8,NA,174,NA,NA,NA,2,2,NA,5,L2 learner,L2,L2,L2,Production,Prod-06,NA,NA,NA,NA,NA,Transfer,quiere los niños jugar,Regular verb,Subjunctive,NA,NA,hacer,2726954,Irregular,L2L,7th/8th,Late,No,4,0,174,2023,NA,0.5,2.266580427947476,NA,1.7585126524581336,1.376556461929396
H12,1,1,L2L 7th/8th,8,NA,174,NA,NA,NA,2,2,NA,5,L2 learner,L2,L2,L2,Production,Prod-10,0,NA,NA,NA,NA,NA,abre la puerta,Indicative,Subjunctive,NA,NA,abrir,143932,Regular,L2L,7th/8th,Late,No,4,0,174,2023,0,0.5,-0.7745364733220609,NA,1.7585126524581336,1.376556461929396
H12,1,1,L2L 7th/8th,8,NA,174,NA,NA,NA,2,2,NA,5,L2 learner,L2,L2,L2,Production,Prod-14,0,NA,NA,NA,NA,NA,salir,Infinitive,Subjunctive,NA,NA,ir,603647,Irregular,L2L,7th/8th,Late,No,4,0,174,2023,0,0.5,-0.23329173895002495,NA,1.7585126524581336,1.376556461929396
H12,1,1,L2L 7th/8th,8,NA,174,NA,NA,NA,2,2,NA,5,L2 learner,L2,L2,L2,Production,Prod-18,0,NA,NA,NA,NA,NA,comer,Infinitive,Subjunctive,NA,NA,comer,213756,Regular,L2L,7th/8th,Late,No,4,0,174,2023,0,0.5,-0.6923292964129041,NA,1.7585126524581336,1.376556461929396
H12,1,1,L2L 7th/8th,8,NA,174,NA,NA,NA,2,2,NA,5,L2 learner,L2,L2,L2,Production,Prod-22,NA,NA,NA,NA,NA,NA,tener/sacar,Regular verb,Subjunctive,NA,NA,poner,514285,Irregular,L2L,7th/8th,Late,No,4,0,174,2023,NA,0.5,-0.33850194952169194,NA,1.7585126524581336,1.376556461929396
H12,1,1,L2L 7th/8th,8,NA,174,NA,NA,NA,2,2,NA,5,L2 learner,L2,L2,L2,Production,Prod-26,0,NA,NA,NA,NA,NA,ver la televisión,Infinitive,Subjunctive,NA,NA,ver,1611795,Irregular,L2L,7th/8th,Late,No,4,0,174,2023,0,0.5,0.9536497279755688,NA,1.7585126524581336,1.376556461929396
H12,1,1,L2L 7th/8th,8,NA,174,NA,NA,NA,2,2,NA,5,L2 learner,L2,L2,L2,Production,Prod-28,0,NA,NA,NA,NA,NA,mucha calor/ver el sol,Other,Subjunctive,NA,NA,salir,334324,Irregular,L2L,7th/8th,Late,No,4,0,174,2023,0,0.5,-0.5503787506752892,NA,1.7585126524581336,1.376556461929396
H13,1,1,L2L 7th/8th,8,NA,173,NA,NA,NA,3,4,NA,8,"Bulgarian, Russian",No,Yes,Yes,Production,Prod-02,0,NA,NA,NA,NA,NA,que escriben,Indicative,Subjunctive,NA,NA,escribir,265684,Regular,L2L,7th/8th,Late,No,7,0,173,2023,0,0.42857142857142855,-0.6311919470410735,NA,1.7202164616428102,1.3412253495110797
H13,1,1,L2L 7th/8th,8,NA,173,NA,NA,NA,3,4,NA,8,"Bulgarian, Russian",No,Yes,Yes,Production,Prod-06,NA,NA,NA,NA,NA,Subj with diff verb,que ejercicien,Regular verb,Subjunctive,NA,NA,hacer,2726954,Irregular,L2L,7th/8th,Late,No,7,0,173,2023,NA,0.42857142857142855,2.266580427947476,NA,1.7202164616428102,1.3412253495110797
H13,1,1,L2L 7th/8th,8,NA,173,NA,NA,NA,3,4,NA,8,"Bulgarian, Russian",No,Yes,Yes,Production,Prod-10,0,NA,NA,NA,NA,NA,que la abren,Indicative,Subjunctive,NA,NA,abrir,143932,Regular,L2L,7th/8th,Late,No,7,0,173,2023,0,0.42857142857142855,-0.7745364733220609,NA,1.7202164616428102,1.3412253495110797
H13,1,1,L2L 7th/8th,8,NA,173,NA,NA,NA,3,4,NA,8,"Bulgarian, Russian",No,Yes,Yes,Production,Prod-14,0,NA,NA,NA,NA,NA,que salir,Infinitive,Subjunctive,NA,NA,ir,603647,Irregular,L2L,7th/8th,Late,No,7,0,173,2023,0,0.42857142857142855,-0.23329173895002495,NA,1.7202164616428102,1.3412253495110797
H13,1,1,L2L 7th/8th,8,NA,173,NA,NA,NA,3,4,NA,8,"Bulgarian, Russian",No,Yes,Yes,Production,Prod-18,0,NA,NA,NA,NA,NA,que comen el arroz,Indicative,Subjunctive,NA,NA,comer,213756,Regular,L2L,7th/8th,Late,No,7,0,173,2023,0,0.42857142857142855,-0.6923292964129041,NA,1.7202164616428102,1.3412253495110797
H13,1,1,L2L 7th/8th,8,NA,173,NA,NA,NA,3,4,NA,8,"Bulgarian, Russian",No,Yes,Yes,Production,Prod-22,0,NA,NA,NA,NA,"Se, clitic",que se lo ponen,Indicative,Subjunctive,NA,NA,poner,514285,Irregular,L2L,7th/8th,Late,No,7,0,173,2023,0,0.42857142857142855,-0.33850194952169194,NA,1.7202164616428102,1.3412253495110797
H13,1,1,L2L 7th/8th,8,NA,173,NA,NA,NA,3,4,NA,8,"Bulgarian, Russian",No,Yes,Yes,Production,Prod-26,0,NA,NA,NA,NA,NA,que ven el televisión,Indicative,Subjunctive,NA,NA,ver,1611795,Irregular,L2L,7th/8th,Late,No,7,0,173,2023,0,0.42857142857142855,0.9536497279755688,NA,1.7202164616428102,1.3412253495110797
H13,1,1,L2L 7th/8th,8,NA,173,NA,NA,NA,3,4,NA,8,L2 learner,L2,L2,L2,Production,Prod-28,0,NA,NA,NA,NA,NA,que hay sol,Indicative,Subjunctive,NA,NA,salir,334324,Irregular,L2L,7th/8th,Late,No,7,0,173,2023,0,0.42857142857142855,-0.5503787506752892,NA,1.7202164616428102,1.3412253495110797
H14,1,1,L2L 7th/8th,8,NA,172,NA,NA,NA,2,4,NA,8,L2 learner,L2,L2,L2,Production,Prod-02,0,NA,NA,NA,NA,NA,quiere escribir,Infinitive,Subjunctive,NA,NA,escribir,265684,Regular,L2L,7th/8th,Late,No,6,0,172,2023,0,0.3333333333333333,-0.6311919470410735,NA,1.6819202708274867,1.3058942370927635
H14,1,1,L2L 7th/8th,8,NA,172,NA,NA,NA,2,4,NA,8,L2 learner,L2,L2,L2,Production,Prod-06,0,NA,NA,NA,NA,NA,hacen ejercicio,Indicative,Subjunctive,NA,NA,hacer,2726954,Irregular,L2L,7th/8th,Late,No,6,0,172,2023,0,0.3333333333333333,2.266580427947476,NA,1.6819202708274867,1.3058942370927635
H14,1,1,L2L 7th/8th,8,NA,172,NA,NA,NA,2,4,NA,8,L2 learner,L2,L2,L2,Production,Prod-10,0,NA,NA,NA,NA,Coded as 0 for accuracy -Jen (no previous code),abrir la puerta,Infinitive,Subjunctive,NA,NA,abrir,143932,Regular,L2L,7th/8th,Late,No,6,0,172,2023,0,0.3333333333333333,-0.7745364733220609,NA,1.6819202708274867,1.3058942370927635
H14,1,1,L2L 7th/8th,8,NA,172,NA,NA,NA,2,4,NA,8,L2 learner,L2,L2,L2,Production,Prod-14,0,NA,NA,NA,NA,NA,ellos van,Indicative,Subjunctive,NA,NA,ir,603647,Irregular,L2L,7th/8th,Late,No,6,0,172,2023,0,0.3333333333333333,-0.23329173895002495,NA,1.6819202708274867,1.3058942370927635
H14,1,1,L2L 7th/8th,8,NA,172,NA,NA,NA,2,4,NA,8,L2 learner,L2,L2,L2,Production,Prod-18,0,NA,NA,NA,NA,NA,dar comida para que comen,Infinitive,Subjunctive,NA,NA,comer,213756,Regular,L2L,7th/8th,Late,No,6,0,172,2023,0,0.3333333333333333,-0.6923292964129041,NA,1.6819202708274867,1.3058942370927635
H14,1,1,L2L 7th/8th,8,NA,172,NA,NA,NA,2,4,NA,8,L2 learner,L2,L2,L2,Production,Prod-22,0,NA,NA,NA,NA,Coded as 0 for accuracy -Jen (no code previously),poner,Infinitive,Subjunctive,NA,NA,poner,514285,Irregular,L2L,7th/8th,Late,No,6,0,172,2023,0,0.3333333333333333,-0.33850194952169194,NA,1.6819202708274867,1.3058942370927635
H14,1,1,L2L 7th/8th,8,NA,172,NA,NA,NA,2,4,NA,8,L2 learner,L2,L2,L2,Production,Prod-26,0,NA,NA,NA,NA,Coded as a 0 for accuracy -Jen (no previous code),ver televisión,Infinitive,Subjunctive,NA,NA,ver,1611795,Irregular,L2L,7th/8th,Late,No,6,0,172,2023,0,0.3333333333333333,0.9536497279755688,NA,1.6819202708274867,1.3058942370927635
H14,1,1,L2L 7th/8th,8,NA,172,NA,NA,NA,2,4,NA,8,L2 learner,L2,L2,L2,Production,Prod-28,NA,NA,NA,NA,NA,NA,soleado,Other,Subjunctive,NA,NA,salir,334324,Irregular,L2L,7th/8th,Late,No,6,0,172,2023,NA,0.3333333333333333,-0.5503787506752892,NA,1.6819202708274867,1.3058942370927635
H15,1,1,HS 7th/8th,8,NA,172,NA,NA,NA,1,4,NA,8,Heritage Spanish,NA,NA,NA,Production,Prod-02,0,NA,NA,NA,NA,NA,escribir algo,Infinitive,Subjunctive,NA,NA,escribir,265684,Regular,HS,7th/8th,Late,No,5,0,172,2023,0,0.2,-0.6311919470410735,NA,1.6819202708274867,1.3058942370927635
H15,1,1,HS 7th/8th,8,NA,172,NA,NA,NA,1,4,NA,8,Heritage Spanish,NA,NA,NA,Production,Prod-06,0,NA,NA,NA,NA,NA,hacen trabajo,Indicative,Subjunctive,NA,NA,hacer,2726954,Irregular,HS,7th/8th,Late,No,5,0,172,2023,0,0.2,2.266580427947476,NA,1.6819202708274867,1.3058942370927635
H15,1,1,HS 7th/8th,8,NA,172,NA,NA,NA,1,4,NA,8,Heritage Spanish,NA,NA,NA,Production,Prod-10,0,NA,NA,NA,NA,NA,abrir,Infinitive,Subjunctive,NA,NA,abrir,143932,Regular,HS,7th/8th,Late,No,5,0,172,2023,0,0.2,-0.7745364733220609,NA,1.6819202708274867,1.3058942370927635
H15,1,1,HS 7th/8th,8,NA,172,NA,NA,NA,1,4,NA,8,Heritage Spanish,NA,NA,NA,Production,Prod-14,0,NA,NA,NA,NA,NA,salir,Infinitive,Subjunctive,NA,NA,ir,603647,Irregular,HS,7th/8th,Late,No,5,0,172,2023,0,0.2,-0.23329173895002495,NA,1.6819202708274867,1.3058942370927635
H15,1,1,HS 7th/8th,8,NA,172,NA,NA,NA,1,4,NA,8,Heritage Spanish,NA,NA,NA,Production,Prod-18,0,NA,NA,NA,NA,NA,comer el pollo,Infinitive,Subjunctive,NA,NA,comer,213756,Regular,HS,7th/8th,Late,No,5,0,172,2023,0,0.2,-0.6923292964129041,NA,1.6819202708274867,1.3058942370927635
H15,1,1,HS 7th/8th,8,NA,172,NA,NA,NA,1,4,NA,8,Heritage Spanish,NA,NA,NA,Production,Prod-22,0,NA,NA,NA,NA,Extra clitic,ponerlo,Infinitive,Subjunctive,NA,NA,poner,514285,Irregular,HS,7th/8th,Late,No,5,0,172,2023,0,0.2,-0.33850194952169194,NA,1.6819202708274867,1.3058942370927635
H15,1,1,HS 7th/8th,8,NA,172,NA,NA,NA,1,4,NA,8,Heritage Spanish,NA,NA,NA,Production,Prod-26,0,NA,NA,NA,NA,NA,ver la televisión,Infinitive,Subjunctive,NA,NA,ver,1611795,Irregular,HS,7th/8th,Late,No,5,0,172,2023,0,0.2,0.9536497279755688,NA,1.6819202708274867,1.3058942370927635
H15,1,1,HS 7th/8th,8,NA,172,NA,NA,NA,1,4,NA,8,Heritage Spanish,NA,NA,NA,Production,Prod-28,1,NA,NA,NA,NA,NA,esté sol,NA,Subjunctive,NA,NA,salir,334324,Irregular,HS,7th/8th,Late,No,5,0,172,2023,1,0.2,-0.5503787506752892,NA,1.6819202708274867,1.3058942370927635
H16,1,1,L2L 7th/8th,8,NA,165,NA,NA,NA,2,5,NA,7,L2 learner,L2,L2,L2,Production,Prod-02,0,NA,NA,NA,NA,NA,escribir,Infinitive,Subjunctive,NA,NA,escribir,265684,Regular,L2L,7th/8th,Late,No,7,0,165,2023,0,0.2857142857142857,-0.6311919470410735,NA,1.4138469351202227,1.0585764501645496
H16,1,1,L2L 7th/8th,8,NA,165,NA,NA,NA,2,5,NA,7,L2 learner,L2,L2,L2,Production,Prod-06,0,NA,NA,NA,NA,Changed error type to infinitive -Jen,hacer actividad,Infinitive,Subjunctive,NA,NA,hacer,2726954,Irregular,L2L,7th/8th,Late,No,7,0,165,2023,0,0.2857142857142857,2.266580427947476,NA,1.4138469351202227,1.0585764501645496
H16,1,1,L2L 7th/8th,8,NA,165,NA,NA,NA,2,5,NA,7,L2 learner,L2,L2,L2,Production,Prod-10,0,NA,NA,NA,NA,Changed code to infinitive -Jen,abrir,Infinitive,Subjunctive,NA,NA,abrir,143932,Regular,L2L,7th/8th,Late,No,7,0,165,2023,0,0.2857142857142857,-0.7745364733220609,NA,1.4138469351202227,1.0585764501645496
H16,1,1,L2L 7th/8th,8,NA,165,NA,NA,NA,2,5,NA,7,L2 learner,L2,L2,L2,Production,Prod-14,0,NA,NA,NA,NA,NA,salir,Infinitive,Subjunctive,NA,NA,ir,603647,Irregular,L2L,7th/8th,Late,No,7,0,165,2023,0,0.2857142857142857,-0.23329173895002495,NA,1.4138469351202227,1.0585764501645496
H16,1,1,L2L 7th/8th,8,NA,165,NA,NA,NA,2,5,NA,7,L2 learner,L2,L2,L2,Production,Prod-18,0,NA,NA,NA,NA,Changed accuracy code to 0 -Jen,comer,NA,Subjunctive,NA,NA,comer,213756,Regular,L2L,7th/8th,Late,No,7,0,165,2023,0,0.2857142857142857,-0.6923292964129041,NA,1.4138469351202227,1.0585764501645496
H16,1,1,L2L 7th/8th,8,NA,165,NA,NA,NA,2,5,NA,7,L2 learner,L2,L2,L2,Production,Prod-22,0,NA,NA,NA,NA,NA,ponerse,Infinitive,Subjunctive,NA,NA,poner,514285,Irregular,L2L,7th/8th,Late,No,7,0,165,2023,0,0.2857142857142857,-0.33850194952169194,NA,1.4138469351202227,1.0585764501645496
H16,1,1,L2L 7th/8th,8,NA,165,NA,NA,NA,2,5,NA,7,L2 learner,L2,L2,L2,Production,Prod-26,0,NA,NA,NA,NA,Extra DOM,ver a la televisión,Infinitive,Subjunctive,NA,NA,ver,1611795,Irregular,L2L,7th/8th,Late,No,7,0,165,2023,0,0.2857142857142857,0.9536497279755688,NA,1.4138469351202227,1.0585764501645496
H16,1,1,L2L 7th/8th,8,NA,165,NA,NA,NA,2,5,NA,7,L2 learner,L2,L2,L2,Production,Prod-28,0,NA,NA,NA,NA,NA,hacer mucha sol,Infinitive,Subjunctive,NA,NA,salir,334324,Irregular,L2L,7th/8th,Late,No,7,0,165,2023,0,0.2857142857142857,-0.5503787506752892,NA,1.4138469351202227,1.0585764501645496
H17,1,1,HS 4th/5th,5,10,126,NA,NA,NA,2,6,NA,8,Heritage Spanish,NA,NA,NA,Production,Prod-02,0,NA,NA,NA,NA,NA,quiere escribir,Infinitive,Subjunctive,NA,NA,escribir,265684,Regular,HS,4th/5th,Late,No,8,0,126,2023,0,0.25,-0.6311919470410735,NA,-0.0797045066773919,-0.31933693414978526
H17,1,1,HS 4th/5th,5,10,126,NA,NA,NA,2,6,NA,8,Heritage Spanish,NA,NA,NA,Production,Prod-06,0,NA,NA,NA,NA,NA,que hacen ejercicio,Indicative,Subjunctive,NA,NA,hacer,2726954,Irregular,HS,4th/5th,Late,No,8,0,126,2023,0,0.25,2.266580427947476,NA,-0.0797045066773919,-0.31933693414978526
H17,1,1,HS 4th/5th,5,10,126,NA,NA,NA,2,6,NA,8,Heritage Spanish,NA,NA,NA,Production,Prod-10,0,NA,NA,NA,NA,NA,quiere abrir,Infinitive,Subjunctive,NA,NA,abrir,143932,Regular,HS,4th/5th,Late,No,8,0,126,2023,0,0.25,-0.7745364733220609,NA,-0.0797045066773919,-0.31933693414978526
H17,1,1,HS 4th/5th,5,10,126,NA,NA,NA,2,6,NA,8,Heritage Spanish,NA,NA,NA,Production,Prod-14,1,NA,NA,NA,NA,NA,salgan,NA,Subjunctive,NA,NA,ir,603647,Irregular,HS,4th/5th,Late,No,8,0,126,2023,1,0.25,-0.23329173895002495,NA,-0.0797045066773919,-0.31933693414978526
H17,1,1,HS 4th/5th,5,10,126,NA,NA,NA,2,6,NA,8,Heritage Spanish,NA,NA,NA,Production,Prod-18,1,NA,NA,NA,NA,NA,coman,NA,Subjunctive,NA,NA,comer,213756,Regular,HS,4th/5th,Late,No,8,0,126,2023,1,0.25,-0.6923292964129041,NA,-0.0797045066773919,-0.31933693414978526
H17,1,1,HS 4th/5th,5,10,126,NA,NA,NA,2,6,NA,8,Heritage Spanish,NA,NA,NA,Production,Prod-22,0,NA,NA,NA,NA,NA,ponen la chaqueta,Indicative,Subjunctive,NA,NA,poner,514285,Irregular,HS,4th/5th,Late,No,8,0,126,2023,0,0.25,-0.33850194952169194,NA,-0.0797045066773919,-0.31933693414978526
H17,1,1,HS 4th/5th,5,10,126,NA,NA,NA,2,6,NA,8,Heritage Spanish,NA,NA,NA,Production,Prod-26,0,NA,NA,NA,NA,NA,ven,Indicative,Subjunctive,NA,NA,ver,1611795,Irregular,HS,4th/5th,Late,No,8,0,126,2023,0,0.25,0.9536497279755688,NA,-0.0797045066773919,-0.31933693414978526
H17,1,1,HS 4th/5th,5,10,126,NA,NA,NA,2,6,NA,8,Heritage Spanish,NA,NA,NA,Production,Prod-28,0,NA,NA,NA,NA,NA,hace sol,Indicative,Subjunctive,NA,NA,salir,334324,Irregular,HS,4th/5th,Late,No,8,0,126,2023,0,0.25,-0.5503787506752892,NA,-0.0797045066773919,-0.31933693414978526
H17,1,2,HS 7th/8th,8,10,126,NA,NA,NA,2,6,NA,8,Heritage Spanish,NA,NA,NA,Production,Prod-02,0,NA,NA,NA,NA,NA,escriben,Indicative,Subjunctive,NA,NA,escribir,265684,Regular,HS,7th/8th,Late,No,8,36,162,2026,0,0.25,-0.6311919470410735,NA,-0.0797045066773919,0.9525831129096007
H17,1,2,HS 7th/8th,8,10,126,NA,NA,NA,2,6,NA,8,Heritage Spanish,NA,NA,NA,Production,Prod-06,0,NA,NA,NA,NA,NA,están trabajando duro,Indicative,Subjunctive,NA,NA,hacer,2726954,Irregular,HS,7th/8th,Late,No,8,36,162,2026,0,0.25,2.266580427947476,NA,-0.0797045066773919,0.9525831129096007
H17,1,2,HS 7th/8th,8,10,126,NA,NA,NA,2,6,NA,8,Heritage Spanish,NA,NA,NA,Production,Prod-10,0,NA,NA,NA,NA,NA,abre la puerta,Indicative,Subjunctive,NA,NA,abrir,143932,Regular,HS,7th/8th,Late,No,8,36,162,2026,0,0.25,-0.7745364733220609,NA,-0.0797045066773919,0.9525831129096007
H17,1,2,HS 7th/8th,8,10,126,NA,NA,NA,2,6,NA,8,Heritage Spanish,NA,NA,NA,Production,Prod-14,1,NA,NA,NA,NA,NA,salgan de la puerta,NA,Subjunctive,NA,NA,ir,603647,Irregular,HS,7th/8th,Late,No,8,36,162,2026,1,0.25,-0.23329173895002495,NA,-0.0797045066773919,0.9525831129096007
H17,1,2,HS 7th/8th,8,10,126,NA,NA,NA,2,6,NA,8,Heritage Spanish,NA,NA,NA,Production,Prod-18,NA,NA,NA,NA,NA,NA,comen la comida,Indicative,Subjunctive,NA,NA,comer,213756,Regular,HS,7th/8th,Late,No,8,36,162,2026,NA,0.25,-0.6923292964129041,NA,-0.0797045066773919,0.9525831129096007
H17,1,2,HS 7th/8th,8,10,126,NA,NA,NA,2,6,NA,8,Heritage Spanish,NA,NA,NA,Production,Prod-22,0,NA,NA,NA,NA,NA,se ponen las chaquetas,NA,Subjunctive,NA,NA,poner,514285,Irregular,HS,7th/8th,Late,No,8,36,162,2026,0,0.25,-0.33850194952169194,NA,-0.0797045066773919,0.9525831129096007
H17,1,2,HS 7th/8th,8,10,126,NA,NA,NA,2,6,NA,8,Heritage Spanish,NA,NA,NA,Production,Prod-26,0,NA,NA,NA,NA,NA,ven la tele,Indicative,Subjunctive,NA,NA,ver,1611795,Irregular,HS,7th/8th,Late,No,8,36,162,2026,0,0.25,0.9536497279755688,NA,-0.0797045066773919,0.9525831129096007
H17,1,2,HS 7th/8th,8,10,126,NA,NA,NA,2,6,NA,8,Heritage Spanish,NA,NA,NA,Production,Prod-28,0,NA,NA,NA,NA,NA,hace mucho sol,Indicative,Subjunctive,NA,NA,salir,334324,Irregular,HS,7th/8th,Late,No,8,36,162,2026,0,0.25,-0.5503787506752892,NA,-0.0797045066773919,0.9525831129096007
H18,1,1,L2L 4th/5th,5,10,130,NA,NA,NA,3,4,NA,8,"Russian, Lithuanian",No,Yes,Yes,Production,Prod-02,0,NA,NA,NA,NA,NA,escribir,Infinitive,Subjunctive,NA,NA,escribir,265684,Regular,L2L,4th/5th,Late,No,7,0,130,2023,0,0.42857142857142855,-0.6311919470410735,NA,0.0734802565839019,-0.17801248447652016
H18,1,1,L2L 4th/5th,5,10,130,NA,NA,NA,3,4,NA,8,"Russian, Lithuanian",No,Yes,Yes,Production,Prod-06,1,NA,NA,NA,NA,NA,hagan ejercicio,NA,Subjunctive,NA,NA,hacer,2726954,Irregular,L2L,4th/5th,Late,No,7,0,130,2023,1,0.42857142857142855,2.266580427947476,NA,0.0734802565839019,-0.17801248447652016
H18,1,1,L2L 4th/5th,5,10,130,NA,NA,NA,3,4,NA,8,"Russian, Lithuanian",No,Yes,Yes,Production,Prod-10,0,NA,NA,NA,NA,Extra clitic,abrirla,Infinitive,Subjunctive,NA,NA,abrir,143932,Regular,L2L,4th/5th,Late,No,7,0,130,2023,0,0.42857142857142855,-0.7745364733220609,NA,0.0734802565839019,-0.17801248447652016
H18,1,1,L2L 4th/5th,5,10,130,NA,NA,NA,3,4,NA,8,"Russian, Lithuanian",No,Yes,Yes,Production,Prod-14,1,NA,NA,NA,NA,NA,salgan,NA,Subjunctive,NA,NA,ir,603647,Irregular,L2L,4th/5th,Late,No,7,0,130,2023,1,0.42857142857142855,-0.23329173895002495,NA,0.0734802565839019,-0.17801248447652016
H18,1,1,L2L 4th/5th,5,10,130,NA,NA,NA,3,4,NA,8,"Russian, Lithuanian",No,Yes,Yes,Production,Prod-18,0,NA,NA,NA,NA,NA,comen,Indicative,Subjunctive,NA,NA,comer,213756,Regular,L2L,4th/5th,Late,No,7,0,130,2023,0,0.42857142857142855,-0.6923292964129041,NA,0.0734802565839019,-0.17801248447652016
H18,1,1,L2L 4th/5th,5,10,130,NA,NA,NA,3,4,NA,8,"Russian, Lithuanian",No,Yes,Yes,Production,Prod-22,0,NA,NA,NA,NA,Se,se las ponen,Indicative,Subjunctive,NA,NA,poner,514285,Irregular,L2L,4th/5th,Late,No,7,0,130,2023,0,0.42857142857142855,-0.33850194952169194,NA,0.0734802565839019,-0.17801248447652016
H18,1,1,L2L 4th/5th,5,10,130,NA,NA,NA,3,4,NA,8,"Russian, Lithuanian",No,Yes,Yes,Production,Prod-26,0,NA,NA,NA,NA,NA,miran la TV,Indicative,Subjunctive,NA,NA,ver,1611795,Irregular,L2L,4th/5th,Late,No,7,0,130,2023,0,0.42857142857142855,0.9536497279755688,NA,0.0734802565839019,-0.17801248447652016
H18,1,1,L2L 4th/5th,5,10,130,NA,NA,NA,3,4,NA,8,"Russian, Lithuanian",No,Yes,Yes,Production,Prod-28,0,NA,NA,NA,NA,NA,hay sol,Indicative,Subjunctive,NA,NA,salir,334324,Irregular,L2L,4th/5th,Late,No,7,0,130,2023,0,0.42857142857142855,-0.5503787506752892,NA,0.0734802565839019,-0.17801248447652016
H18,1,2,L2L 7th/8th,8,NA,130,NA,NA,NA,3,4,NA,8,"Russian, Lithuanian",No,Yes,Yes,Production,Prod-02,0,NA,NA,NA,NA,NA,que escriben,Indicative,Subjunctive,NA,NA,escribir,265684,Regular,L2L,7th/8th,Late,No,7,36,166,2026,0,0.42857142857142855,-0.6311919470410735,NA,0.0734802565839019,1.0939075625828658
H18,1,2,L2L 7th/8th,8,NA,130,NA,NA,NA,3,4,NA,8,"Russian, Lithuanian",No,Yes,Yes,Production,Prod-06,1,NA,NA,NA,NA,NA,que hagan ejercicio,NA,Subjunctive,NA,NA,hacer,2726954,Irregular,L2L,7th/8th,Late,No,7,36,166,2026,1,0.42857142857142855,2.266580427947476,NA,0.0734802565839019,1.0939075625828658
H18,1,2,L2L 7th/8th,8,NA,130,NA,NA,NA,3,4,NA,8,"Russian, Lithuanian",No,Yes,Yes,Production,Prod-10,1,NA,NA,NA,NA,NA,que abren la puerta,Indicative,Subjunctive,NA,NA,abrir,143932,Regular,L2L,7th/8th,Late,No,7,36,166,2026,1,0.42857142857142855,-0.7745364733220609,NA,0.0734802565839019,1.0939075625828658
H18,1,2,L2L 7th/8th,8,NA,130,NA,NA,NA,3,4,NA,8,"Russian, Lithuanian",No,Yes,Yes,Production,Prod-14,0,NA,NA,NA,NA,NA,que sus amigos salen,Indicative,Subjunctive,NA,NA,ir,603647,Irregular,L2L,7th/8th,Late,No,7,36,166,2026,0,0.42857142857142855,-0.23329173895002495,NA,0.0734802565839019,1.0939075625828658
H18,1,2,L2L 7th/8th,8,NA,130,NA,NA,NA,3,4,NA,8,"Russian, Lithuanian",No,Yes,Yes,Production,Prod-18,1,NA,NA,NA,NA,NA,que los niños coman,NA,Subjunctive,NA,NA,comer,213756,Regular,L2L,7th/8th,Late,No,7,36,166,2026,1,0.42857142857142855,-0.6923292964129041,NA,0.0734802565839019,1.0939075625828658
H18,1,2,L2L 7th/8th,8,NA,130,NA,NA,NA,3,4,NA,8,"Russian, Lithuanian",No,Yes,Yes,Production,Prod-22,0,NA,NA,NA,NA,NA,que los niños se ponen,Indicative,Subjunctive,NA,NA,poner,514285,Irregular,L2L,7th/8th,Late,No,7,36,166,2026,0,0.42857142857142855,-0.33850194952169194,NA,0.0734802565839019,1.0939075625828658
H18,1,2,L2L 7th/8th,8,NA,130,NA,NA,NA,3,4,NA,8,"Russian, Lithuanian",No,Yes,Yes,Production,Prod-26,0,NA,NA,NA,NA,NA,que se miran la TV,Indicative,Subjunctive,NA,NA,ver,1611795,Irregular,L2L,7th/8th,Late,No,7,36,166,2026,0,0.42857142857142855,0.9536497279755688,NA,0.0734802565839019,1.0939075625828658
H18,1,2,L2L 7th/8th,8,NA,130,NA,NA,NA,3,4,NA,8,"Russian, Lithuanian",No,Yes,Yes,Production,Prod-28,0,NA,NA,NA,NA,NA,que se hace soleado,Indicative,Subjunctive,NA,NA,salir,334324,Irregular,L2L,7th/8th,Late,No,7,36,166,2026,0,0.42857142857142855,-0.5503787506752892,NA,0.0734802565839019,1.0939075625828658
H19,1,1,L2L 4th/5th,5,10,129,NA,NA,NA,2,5,NA,4,Russian,No,Yes,Yes,Production,Prod-02,0,NA,NA,NA,NA,NA,es escribir,Other,Subjunctive,NA,NA,escribir,265684,Regular,L2L,4th/5th,Late,No,7,0,129,2023,0,0.2857142857142857,-0.6311919470410735,NA,0.03518406576857845,-0.21334359689483645
H19,1,1,L2L 4th/5th,5,10,129,NA,NA,NA,2,5,NA,4,Russian,No,Yes,Yes,Production,Prod-06,NA,NA,NA,NA,NA,Removed 0 accuracy code -Jen,"trabajo, walking",English,Subjunctive,NA,NA,hacer,2726954,Irregular,L2L,4th/5th,Late,No,7,0,129,2023,NA,0.2857142857142857,2.266580427947476,NA,0.03518406576857845,-0.21334359689483645
H19,1,1,L2L 4th/5th,5,10,129,NA,NA,NA,2,5,NA,4,Russian,No,Yes,Yes,Production,Prod-10,NA,NA,NA,NA,NA,NA,es opening,English,Subjunctive,NA,NA,abrir,143932,Regular,L2L,4th/5th,Late,No,7,0,129,2023,NA,0.2857142857142857,-0.7745364733220609,NA,0.03518406576857845,-0.21334359689483645
H19,1,1,L2L 4th/5th,5,10,129,NA,NA,NA,2,5,NA,4,Russian,No,Yes,Yes,Production,Prod-14,NA,NA,NA,NA,NA,NA,"leaving, no entran",Regular,Subjunctive,NA,NA,ir,603647,Irregular,L2L,4th/5th,Late,No,7,0,129,2023,NA,0.2857142857142857,-0.23329173895002495,NA,0.03518406576857845,-0.21334359689483645
H19,1,1,L2L 4th/5th,5,10,129,NA,NA,NA,2,5,NA,4,Russian,No,Yes,Yes,Production,Prod-18,NA,NA,NA,NA,NA,Code 0 for accuracy removed,tenía comer,Other,Subjunctive,NA,NA,comer,213756,Regular,L2L,4th/5th,Late,No,7,0,129,2023,NA,0.2857142857142857,-0.6923292964129041,NA,0.03518406576857845,-0.21334359689483645
H19,1,1,L2L 4th/5th,5,10,129,NA,NA,NA,2,5,NA,4,Russian,No,Yes,Yes,Production,Prod-22,NA,NA,NA,NA,NA,Code 0 for accuracy removed -Jen,tiene las chaquetas,Other,Subjunctive,NA,NA,poner,514285,Irregular,L2L,4th/5th,Late,No,7,0,129,2023,NA,0.2857142857142857,-0.33850194952169194,NA,0.03518406576857845,-0.21334359689483645
H19,1,1,L2L 4th/5th,5,10,129,NA,NA,NA,2,5,NA,4,Russian,No,Yes,Yes,Production,Prod-26,0,NA,NA,NA,NA,NA,veo el TV,Indicative,Subjunctive,NA,NA,ver,1611795,Irregular,L2L,4th/5th,Late,No,7,0,129,2023,0,0.2857142857142857,0.9536497279755688,NA,0.03518406576857845,-0.21334359689483645
H19,1,1,L2L 4th/5th,5,10,129,NA,NA,NA,2,5,NA,4,Russian,No,Yes,Yes,Production,Prod-28,0,NA,NA,NA,NA,NA,el sol,DP,Subjunctive,NA,NA,salir,334324,Irregular,L2L,4th/5th,Late,No,7,0,129,2023,0,0.2857142857142857,-0.5503787506752892,NA,0.03518406576857845,-0.21334359689483645
H19,1,2,L2L 7th/8th,8,10,129,NA,NA,NA,2,5,NA,4,Russian,No,Yes,Yes,Production,Prod-02,0,NA,NA,NA,NA,NA,escribir,Infinitive,Subjunctive,NA,NA,escribir,265684,Regular,L2L,7th/8th,Late,No,7,36,165,2026,0,0.2857142857142857,-0.6311919470410735,NA,0.03518406576857845,1.0585764501645496
H19,1,2,L2L 7th/8th,8,10,129,NA,NA,NA,2,5,NA,4,Russian,No,Yes,Yes,Production,Prod-06,1,NA,NA,NA,NA,NA,los niños jugar**,Infinitive,Subjunctive,NA,NA,hacer,2726954,Irregular,L2L,7th/8th,Late,No,7,36,165,2026,1,0.2857142857142857,2.266580427947476,NA,0.03518406576857845,1.0585764501645496
H19,1,2,L2L 7th/8th,8,10,129,NA,NA,NA,2,5,NA,4,Russian,No,Yes,Yes,Production,Prod-10,0,NA,NA,NA,NA,NA,está abierta,Indicative,Subjunctive,NA,NA,abrir,143932,Regular,L2L,7th/8th,Late,No,7,36,165,2026,0,0.2857142857142857,-0.7745364733220609,NA,0.03518406576857845,1.0585764501645496
H19,1,2,L2L 7th/8th,8,10,129,NA,NA,NA,2,5,NA,4,Russian,No,Yes,Yes,Production,Prod-14,0,NA,NA,NA,NA,NA,exitó**,Preterit,Subjunctive,NA,NA,ir,603647,Irregular,L2L,7th/8th,Late,No,7,36,165,2026,0,0.2857142857142857,-0.23329173895002495,NA,0.03518406576857845,1.0585764501645496
H19,1,2,L2L 7th/8th,8,10,129,NA,NA,NA,2,5,NA,4,Russian,No,Yes,Yes,Production,Prod-18,0,NA,NA,NA,NA,NA,comiendo la arroz,Gerund,Subjunctive,NA,NA,comer,213756,Regular,L2L,7th/8th,Late,No,7,36,165,2026,0,0.2857142857142857,-0.6923292964129041,NA,0.03518406576857845,1.0585764501645496
H19,1,2,L2L 7th/8th,8,10,129,NA,NA,NA,2,5,NA,4,Russian,No,Yes,Yes,Production,Prod-22,0,NA,NA,NA,NA,NA,no tenía las chaquetas,Imperfect indicative,Subjunctive,NA,NA,poner,514285,Irregular,L2L,7th/8th,Late,No,7,36,165,2026,0,0.2857142857142857,-0.33850194952169194,NA,0.03518406576857845,1.0585764501645496
H19,1,2,L2L 7th/8th,8,10,129,NA,NA,NA,2,5,NA,4,Russian,No,Yes,Yes,Production,Prod-26,0,NA,NA,NA,NA,NA,ver a la tele,Infinitive,Subjunctive,NA,NA,ver,1611795,Irregular,L2L,7th/8th,Late,No,7,36,165,2026,0,0.2857142857142857,0.9536497279755688,NA,0.03518406576857845,1.0585764501645496
H19,1,2,L2L 7th/8th,8,10,129,NA,NA,NA,2,5,NA,4,Russian,No,Yes,Yes,Production,Prod-28,0,NA,NA,NA,NA,NA,el sol,No verb,Subjunctive,NA,NA,salir,334324,Irregular,L2L,7th/8th,Late,No,7,36,165,2026,0,0.2857142857142857,-0.5503787506752892,NA,0.03518406576857845,1.0585764501645496
H20,1,1,HS 4th/5th,5,11,138,NA,NA,NA,5,5,NA,8,Heritage Spanish,NA,NA,NA,Production,Prod-02,0,NA,NA,NA,NA,NA,escriben,Indicative,Subjunctive,NA,NA,escribir,265684,Regular,HS,4th/5th,Late,No,10,0,138,2023,0,0.5,-0.6311919470410735,NA,0.3798497831064895,0.10463641487001005
H20,1,1,HS 4th/5th,5,11,138,NA,NA,NA,5,5,NA,8,Heritage Spanish,NA,NA,NA,Production,Prod-06,0,NA,NA,NA,NA,NA,hacen ejercicio,Indicative,Subjunctive,NA,NA,hacer,2726954,Irregular,HS,4th/5th,Late,No,10,0,138,2023,0,0.5,2.266580427947476,NA,0.3798497831064895,0.10463641487001005
H20,1,1,HS 4th/5th,5,11,138,NA,NA,NA,5,5,NA,8,Heritage Spanish,NA,NA,NA,Production,Prod-10,0,NA,NA,NA,NA,NA,abrir,Infinitive,Subjunctive,NA,NA,abrir,143932,Regular,HS,4th/5th,Late,No,10,0,138,2023,0,0.5,-0.7745364733220609,NA,0.3798497831064895,0.10463641487001005
H20,1,1,HS 4th/5th,5,11,138,NA,NA,NA,5,5,NA,8,Heritage Spanish,NA,NA,NA,Production,Prod-14,0,NA,NA,NA,NA,NA,se van,Indicative,Subjunctive,NA,NA,ir,603647,Irregular,HS,4th/5th,Late,No,10,0,138,2023,0,0.5,-0.23329173895002495,NA,0.3798497831064895,0.10463641487001005
H20,1,1,HS 4th/5th,5,11,138,NA,NA,NA,5,5,NA,8,Heritage Spanish,NA,NA,NA,Production,Prod-18,0,NA,NA,NA,NA,NA,comen,Indicative,Subjunctive,NA,NA,comer,213756,Regular,HS,4th/5th,Late,No,10,0,138,2023,0,0.5,-0.6923292964129041,NA,0.3798497831064895,0.10463641487001005
H20,1,1,HS 4th/5th,5,11,138,NA,NA,NA,5,5,NA,8,Heritage Spanish,NA,NA,NA,Production,Prod-22,0,NA,NA,NA,NA,NA,ponen,Indicative,Subjunctive,NA,NA,poner,514285,Irregular,HS,4th/5th,Late,No,10,0,138,2023,0,0.5,-0.33850194952169194,NA,0.3798497831064895,0.10463641487001005
H20,1,1,HS 4th/5th,5,11,138,NA,NA,NA,5,5,NA,8,Heritage Spanish,NA,NA,NA,Production,Prod-26,0,NA,NA,NA,NA,NA,quiere ver,Indicative,Subjunctive,NA,NA,ver,1611795,Irregular,HS,4th/5th,Late,No,10,0,138,2023,0,0.5,0.9536497279755688,NA,0.3798497831064895,0.10463641487001005
H20,1,1,HS 4th/5th,5,11,138,NA,NA,NA,5,5,NA,8,Heritage Spanish,NA,NA,NA,Production,Prod-28,0,NA,NA,NA,NA,NA,el sol está,Indicative,Subjunctive,NA,NA,salir,334324,Irregular,HS,4th/5th,Late,No,10,0,138,2023,0,0.5,-0.5503787506752892,NA,0.3798497831064895,0.10463641487001005
H21,1,1,L2L 4th/5th,5,11,139,NA,NA,NA,NA,NA,NA,8,L2 learner,L2,L2,L2,Production,Prod-02,0,NA,NA,NA,NA,NA,escriben,Indicative,Subjunctive,NA,NA,escribir,265684,Regular,L2L,4th/5th,Late,No,NA,0,139,2023,0,NA,-0.6311919470410735,NA,0.41814597392181296,0.13996752728832632
H21,1,1,L2L 4th/5th,5,11,139,NA,NA,NA,NA,NA,NA,8,L2 learner,L2,L2,L2,Production,Prod-06,0,NA,NA,NA,NA,NA,hacer ejercicio,Infinitive,Subjunctive,NA,NA,hacer,2726954,Irregular,L2L,4th/5th,Late,No,NA,0,139,2023,0,NA,2.266580427947476,NA,0.41814597392181296,0.13996752728832632
H21,1,1,L2L 4th/5th,5,11,139,NA,NA,NA,NA,NA,NA,8,L2 learner,L2,L2,L2,Production,Prod-10,0,NA,NA,NA,NA,NA,abrir,Infinitive,Subjunctive,NA,NA,abrir,143932,Regular,L2L,4th/5th,Late,No,NA,0,139,2023,0,NA,-0.7745364733220609,NA,0.41814597392181296,0.13996752728832632
H21,1,1,L2L 4th/5th,5,11,139,NA,NA,NA,NA,NA,NA,8,L2 learner,L2,L2,L2,Production,Prod-14,0,NA,NA,NA,NA,NA,ir de su casa,Infinitive,Subjunctive,NA,NA,ir,603647,Irregular,L2L,4th/5th,Late,No,NA,0,139,2023,0,NA,-0.23329173895002495,NA,0.41814597392181296,0.13996752728832632
H21,1,1,L2L 4th/5th,5,11,139,NA,NA,NA,NA,NA,NA,8,L2 learner,L2,L2,L2,Production,Prod-18,0,NA,NA,NA,NA,NA,comen su comida,Indicative,Subjunctive,NA,NA,comer,213756,Regular,L2L,4th/5th,Late,No,NA,0,139,2023,0,NA,-0.6923292964129041,NA,0.41814597392181296,0.13996752728832632
H21,1,1,L2L 4th/5th,5,11,139,NA,NA,NA,NA,NA,NA,8,L2 learner,L2,L2,L2,Production,Prod-22,0,NA,NA,NA,NA,NA,ponen las chaquetas,Indicative,Subjunctive,NA,NA,poner,514285,Irregular,L2L,4th/5th,Late,No,NA,0,139,2023,0,NA,-0.33850194952169194,NA,0.41814597392181296,0.13996752728832632
H21,1,1,L2L 4th/5th,5,11,139,NA,NA,NA,NA,NA,NA,8,L2 learner,L2,L2,L2,Production,Prod-26,0,NA,NA,NA,NA,NA,ve la televisión,Indicative,Subjunctive,NA,NA,ver,1611795,Irregular,L2L,4th/5th,Late,No,NA,0,139,2023,0,NA,0.9536497279755688,NA,0.41814597392181296,0.13996752728832632
H21,1,1,L2L 4th/5th,5,11,139,NA,NA,NA,NA,NA,NA,8,L2 learner,L2,L2,L2,Production,Prod-28,0,NA,NA,NA,NA,NA,esta soleado,Indicative,Subjunctive,NA,NA,salir,334324,Irregular,L2L,4th/5th,Late,No,NA,0,139,2023,0,NA,-0.5503787506752892,NA,0.41814597392181296,0.13996752728832632
H22,1,1,HS 4th/5th,5,11,138,NA,NA,NA,4,3,NA,8,Heritage Spanish,NA,NA,NA,Production,Prod-02,0,NA,NA,NA,NA,NA,escibir,Infinitive,Subjunctive,NA,NA,escribir,265684,Regular,HS,4th/5th,Late,No,7,0,138,2023,0,0.5714285714285714,-0.6311919470410735,NA,0.3798497831064895,0.10463641487001005
H22,1,1,HS 4th/5th,5,11,138,NA,NA,NA,4,3,NA,8,Heritage Spanish,NA,NA,NA,Production,Prod-06,0,NA,NA,NA,NA,NA,tiene ejercito,Indicative,Subjunctive,NA,NA,hacer,2726954,Irregular,HS,4th/5th,Late,No,7,0,138,2023,0,0.5714285714285714,2.266580427947476,NA,0.3798497831064895,0.10463641487001005
H22,1,1,HS 4th/5th,5,11,138,NA,NA,NA,4,3,NA,8,Heritage Spanish,NA,NA,NA,Production,Prod-10,0,NA,NA,NA,NA,NA,abrir,Infinitive,Subjunctive,NA,NA,abrir,143932,Regular,HS,4th/5th,Late,No,7,0,138,2023,0,0.5714285714285714,-0.7745364733220609,NA,0.3798497831064895,0.10463641487001005
H22,1,1,HS 4th/5th,5,11,138,NA,NA,NA,4,3,NA,8,Heritage Spanish,NA,NA,NA,Production,Prod-14,NA,NA,NA,NA,NA,NA,N/A,English,Subjunctive,NA,NA,ir,603647,Irregular,HS,4th/5th,Late,No,7,0,138,2023,NA,0.5714285714285714,-0.23329173895002495,NA,0.3798497831064895,0.10463641487001005
H22,1,1,HS 4th/5th,5,11,138,NA,NA,NA,4,3,NA,8,Heritage Spanish,NA,NA,NA,Production,Prod-18,0,NA,NA,NA,NA,NA,comen el pollo y veg.,Indicative,Subjunctive,NA,NA,comer,213756,Regular,HS,4th/5th,Late,No,7,0,138,2023,0,0.5714285714285714,-0.6923292964129041,NA,0.3798497831064895,0.10463641487001005
H22,1,1,HS 4th/5th,5,11,138,NA,NA,NA,4,3,NA,8,Heritage Spanish,NA,NA,NA,Production,Prod-22,0,NA,NA,NA,NA,NA,pusir la chaqueta,Other,Subjunctive,NA,NA,poner,514285,Irregular,HS,4th/5th,Late,No,7,0,138,2023,0,0.5714285714285714,-0.33850194952169194,NA,0.3798497831064895,0.10463641487001005
H22,1,1,HS 4th/5th,5,11,138,NA,NA,NA,4,3,NA,8,Heritage Spanish,NA,NA,NA,Production,Prod-26,0,NA,NA,NA,NA,NA,ven televisión,Indicative,Subjunctive,NA,NA,ver,1611795,Irregular,HS,4th/5th,Late,No,7,0,138,2023,0,0.5714285714285714,0.9536497279755688,NA,0.3798497831064895,0.10463641487001005
H22,1,1,HS 4th/5th,5,11,138,NA,NA,NA,4,3,NA,8,Heritage Spanish,NA,NA,NA,Production,Prod-28,0,NA,NA,NA,NA,NA,hay sol,Indicative,Subjunctive,NA,NA,salir,334324,Irregular,HS,4th/5th,Late,No,7,0,138,2023,0,0.5714285714285714,-0.5503787506752892,NA,0.3798497831064895,0.10463641487001005
H22,1,2,HS 7th/8th,8,NA,138,NA,NA,NA,4,3,NA,8,Heritage Spanish,NA,NA,NA,Production,Prod-02,0,NA,NA,NA,NA,NA,escriben,Indicative,Subjunctive,NA,NA,escribir,265684,Regular,HS,7th/8th,Late,No,7,36,174,2026,0,0.5714285714285714,-0.6311919470410735,NA,0.3798497831064895,1.376556461929396
H22,1,2,HS 7th/8th,8,NA,138,NA,NA,NA,4,3,NA,8,Heritage Spanish,NA,NA,NA,Production,Prod-06,0,NA,NA,NA,NA,NA,que niños ejerciza,Other,Subjunctive,NA,NA,hacer,2726954,Irregular,HS,7th/8th,Late,No,7,36,174,2026,0,0.5714285714285714,2.266580427947476,NA,0.3798497831064895,1.376556461929396
H22,1,2,HS 7th/8th,8,NA,138,NA,NA,NA,4,3,NA,8,Heritage Spanish,NA,NA,NA,Production,Prod-10,0,NA,NA,NA,NA,NA,que abre la puerta,Indicative,Subjunctive,NA,NA,abrir,143932,Regular,HS,7th/8th,Late,No,7,36,174,2026,0,0.5714285714285714,-0.7745364733220609,NA,0.3798497831064895,1.376556461929396
H22,1,2,HS 7th/8th,8,NA,138,NA,NA,NA,4,3,NA,8,Heritage Spanish,NA,NA,NA,Production,Prod-14,0,NA,NA,NA,NA,NA,que salen,Indicative,Subjunctive,NA,NA,ir,603647,Irregular,HS,7th/8th,Late,No,7,36,174,2026,0,0.5714285714285714,-0.23329173895002495,NA,0.3798497831064895,1.376556461929396
H22,1,2,HS 7th/8th,8,NA,138,NA,NA,NA,4,3,NA,8,Heritage Spanish,NA,NA,NA,Production,Prod-18,0,NA,NA,NA,NA,NA,que los niños comen,Indicative,Subjunctive,NA,NA,comer,213756,Regular,HS,7th/8th,Late,No,7,36,174,2026,0,0.5714285714285714,-0.6923292964129041,NA,0.3798497831064895,1.376556461929396
H22,1,2,HS 7th/8th,8,NA,138,NA,NA,NA,4,3,NA,8,Heritage Spanish,NA,NA,NA,Production,Prod-22,1,NA,NA,NA,NA,NA,que se pongan las chaquetas,NA,Subjunctive,NA,NA,poner,514285,Irregular,HS,7th/8th,Late,No,7,36,174,2026,1,0.5714285714285714,-0.33850194952169194,NA,0.3798497831064895,1.376556461929396
H22,1,2,HS 7th/8th,8,NA,138,NA,NA,NA,4,3,NA,8,Heritage Spanish,NA,NA,NA,Production,Prod-26,1,NA,NA,NA,NA,NA,quiere que se miren **,NA,Subjunctive,NA,NA,ver,1611795,Irregular,HS,7th/8th,Late,No,7,36,174,2026,1,0.5714285714285714,0.9536497279755688,NA,0.3798497831064895,1.376556461929396
H22,1,2,HS 7th/8th,8,NA,138,NA,NA,NA,4,3,NA,8,Heritage Spanish,NA,NA,NA,Production,Prod-28,0,NA,NA,NA,NA,NA,quiere que la clima es soleado,Indicative,Subjunctive,NA,NA,salir,334324,Irregular,HS,7th/8th,Late,No,7,36,174,2026,0,0.5714285714285714,-0.5503787506752892,NA,0.3798497831064895,1.376556461929396
H23,1,1,L2L 4th/5th,5,11,137,NA,NA,NA,2,3,NA,8,L2 learner,L2,L2,L2,Production,Prod-02,0,NA,NA,NA,NA,NA,escriben,Indicative,Subjunctive,NA,NA,escribir,265684,Regular,L2L,4th/5th,Late,No,5,0,137,2023,0,0.4,-0.6311919470410735,NA,0.34155359229116605,0.06930530245169376
H23,1,1,L2L 4th/5th,5,11,137,NA,NA,NA,2,3,NA,8,L2 learner,L2,L2,L2,Production,Prod-06,NA,NA,NA,NA,NA,NA,ejercicen,Regular,Subjunctive,NA,NA,hacer,2726954,Irregular,L2L,4th/5th,Late,No,5,0,137,2023,NA,0.4,2.266580427947476,NA,0.34155359229116605,0.06930530245169376
H23,1,1,L2L 4th/5th,5,11,137,NA,NA,NA,2,3,NA,8,L2 learner,L2,L2,L2,Production,Prod-10,0,NA,NA,NA,NA,NA,abre,Indicative,Subjunctive,NA,NA,abrir,143932,Regular,L2L,4th/5th,Late,No,5,0,137,2023,0,0.4,-0.7745364733220609,NA,0.34155359229116605,0.06930530245169376
H23,1,1,L2L 4th/5th,5,11,137,NA,NA,NA,2,3,NA,8,L2 learner,L2,L2,L2,Production,Prod-14,0,NA,NA,NA,NA,NA,salen,Indicative,Subjunctive,NA,NA,ir,603647,Irregular,L2L,4th/5th,Late,No,5,0,137,2023,0,0.4,-0.23329173895002495,NA,0.34155359229116605,0.06930530245169376
H23,1,1,L2L 4th/5th,5,11,137,NA,NA,NA,2,3,NA,8,L2 learner,L2,L2,L2,Production,Prod-18,0,NA,NA,NA,NA,NA,comer la cena,Infinitive,Subjunctive,NA,NA,comer,213756,Regular,L2L,4th/5th,Late,No,5,0,137,2023,0,0.4,-0.6923292964129041,NA,0.34155359229116605,0.06930530245169376
H23,1,1,L2L 4th/5th,5,11,137,NA,NA,NA,2,3,NA,8,L2 learner,L2,L2,L2,Production,Prod-22,0,NA,NA,NA,NA,NA,se quiere poner,Infinitive,Subjunctive,NA,NA,poner,514285,Irregular,L2L,4th/5th,Late,No,5,0,137,2023,0,0.4,-0.33850194952169194,NA,0.34155359229116605,0.06930530245169376
H23,1,1,L2L 4th/5th,5,11,137,NA,NA,NA,2,3,NA,8,L2 learner,L2,L2,L2,Production,Prod-26,0,NA,NA,NA,NA,NA,quiere ver la TV,Infinitive,Subjunctive,NA,NA,ver,1611795,Irregular,L2L,4th/5th,Late,No,5,0,137,2023,0,0.4,0.9536497279755688,NA,0.34155359229116605,0.06930530245169376
H23,1,1,L2L 4th/5th,5,11,137,NA,NA,NA,2,3,NA,8,L2 learner,L2,L2,L2,Production,Prod-28,0,NA,NA,NA,NA,NA,estaba soleado,Indicative,Subjunctive,NA,NA,salir,334324,Irregular,L2L,4th/5th,Late,No,5,0,137,2023,0,0.4,-0.5503787506752892,NA,0.34155359229116605,0.06930530245169376
H23,1,2,L2L 7th/8th,8,NA,137,NA,NA,NA,2,3,NA,8,L2 learner,L2,L2,L2,Production,Prod-02,0,NA,NA,NA,NA,NA,quiere que escriben,Indicative,Subjunctive,NA,NA,escribir,265684,Regular,L2L,7th/8th,Late,No,5,36,173,2026,0,0.4,-0.6311919470410735,NA,0.34155359229116605,1.3412253495110797
H23,1,2,L2L 7th/8th,8,NA,137,NA,NA,NA,2,3,NA,8,L2 learner,L2,L2,L2,Production,Prod-06,0,NA,NA,NA,NA,NA,quiere que hacer ejercicio,Infinitive,Subjunctive,NA,NA,hacer,2726954,Irregular,L2L,7th/8th,Late,No,5,36,173,2026,0,0.4,2.266580427947476,NA,0.34155359229116605,1.3412253495110797
H23,1,2,L2L 7th/8th,8,NA,137,NA,NA,NA,2,3,NA,8,L2 learner,L2,L2,L2,Production,Prod-10,0,NA,NA,NA,NA,NA,que sus abren la puerta,Indicative,Subjunctive,NA,NA,abrir,143932,Regular,L2L,7th/8th,Late,No,5,36,173,2026,0,0.4,-0.7745364733220609,NA,0.34155359229116605,1.3412253495110797
H23,1,2,L2L 7th/8th,8,NA,137,NA,NA,NA,2,3,NA,8,L2 learner,L2,L2,L2,Production,Prod-14,0,NA,NA,NA,NA,NA,sus amigos salen,Indicative,Subjunctive,NA,NA,ir,603647,Irregular,L2L,7th/8th,Late,No,5,36,173,2026,0,0.4,-0.23329173895002495,NA,0.34155359229116605,1.3412253495110797
H23,1,2,L2L 7th/8th,8,NA,137,NA,NA,NA,2,3,NA,8,L2 learner,L2,L2,L2,Production,Prod-18,1,NA,NA,NA,NA,NA,que sus comen,Indicative,Subjunctive,NA,NA,comer,213756,Regular,L2L,7th/8th,Late,No,5,36,173,2026,1,0.4,-0.6923292964129041,NA,0.34155359229116605,1.3412253495110797
H23,1,2,L2L 7th/8th,8,NA,137,NA,NA,NA,2,3,NA,8,L2 learner,L2,L2,L2,Production,Prod-22,0,NA,NA,NA,NA,NA,quiere que ponen,Indicative,Subjunctive,NA,NA,poner,514285,Irregular,L2L,7th/8th,Late,No,5,36,173,2026,0,0.4,-0.33850194952169194,NA,0.34155359229116605,1.3412253495110797
H23,1,2,L2L 7th/8th,8,NA,137,NA,NA,NA,2,3,NA,8,L2 learner,L2,L2,L2,Production,Prod-26,0,NA,NA,NA,NA,NA,quiere que ven la TV,Indicative,Subjunctive,NA,NA,ver,1611795,Irregular,L2L,7th/8th,Late,No,5,36,173,2026,0,0.4,0.9536497279755688,NA,0.34155359229116605,1.3412253495110797
H23,1,2,L2L 7th/8th,8,NA,137,NA,NA,NA,2,3,NA,8,L2 learner,L2,L2,L2,Production,Prod-28,0,NA,NA,NA,NA,NA,que está soleado,Indicative,Subjunctive,NA,NA,salir,334324,Irregular,L2L,7th/8th,Late,No,5,36,173,2026,0,0.4,-0.5503787506752892,NA,0.34155359229116605,1.3412253495110797
H24,1,1,HS 4th/5th,5,11,138,NA,NA,NA,2,3,NA,8,Heritage Spanish,NA,NA,NA,Production,Prod-02,0,NA,NA,NA,NA,NA,escribe,Indicative,Subjunctive,NA,NA,escribir,265684,Regular,HS,4th/5th,Late,No,5,0,138,2023,0,0.4,-0.6311919470410735,NA,0.3798497831064895,0.10463641487001005
H24,1,1,HS 4th/5th,5,11,138,NA,NA,NA,2,3,NA,8,Heritage Spanish,NA,NA,NA,Production,Prod-06,0,NA,NA,NA,NA,NA,hacen ejercicio,Indicative,Subjunctive,NA,NA,hacer,2726954,Irregular,HS,4th/5th,Late,No,5,0,138,2023,0,0.4,2.266580427947476,NA,0.3798497831064895,0.10463641487001005
H24,1,1,HS 4th/5th,5,11,138,NA,NA,NA,2,3,NA,8,Heritage Spanish,NA,NA,NA,Production,Prod-10,0,NA,NA,NA,NA,NA,abre,Indicative,Subjunctive,NA,NA,abrir,143932,Regular,HS,4th/5th,Late,No,5,0,138,2023,0,0.4,-0.7745364733220609,NA,0.3798497831064895,0.10463641487001005
H24,1,1,HS 4th/5th,5,11,138,NA,NA,NA,2,3,NA,8,Heritage Spanish,NA,NA,NA,Production,Prod-14,NA,NA,NA,NA,NA,Removed 0 in accuracy because didn't produce Spanish -Jen,don't know,English,Subjunctive,NA,NA,ir,603647,Irregular,HS,4th/5th,Late,No,5,0,138,2023,NA,0.4,-0.23329173895002495,NA,0.3798497831064895,0.10463641487001005
H24,1,1,HS 4th/5th,5,11,138,NA,NA,NA,2,3,NA,8,Heritage Spanish,NA,NA,NA,Production,Prod-18,0,NA,NA,NA,NA,NA,comer,Infinitive,Subjunctive,NA,NA,comer,213756,Regular,HS,4th/5th,Late,No,5,0,138,2023,0,0.4,-0.6923292964129041,NA,0.3798497831064895,0.10463641487001005
H24,1,1,HS 4th/5th,5,11,138,NA,NA,NA,2,3,NA,8,Heritage Spanish,NA,NA,NA,Production,Prod-22,0,NA,NA,NA,NA,NA,poner,Infinitive,Subjunctive,NA,NA,poner,514285,Irregular,HS,4th/5th,Late,No,5,0,138,2023,0,0.4,-0.33850194952169194,NA,0.3798497831064895,0.10463641487001005
H24,1,1,HS 4th/5th,5,11,138,NA,NA,NA,2,3,NA,8,Heritage Spanish,NA,NA,NA,Production,Prod-26,0,NA,NA,NA,NA,NA,ver la televisión,Infinitive,Subjunctive,NA,NA,ver,1611795,Irregular,HS,4th/5th,Late,No,5,0,138,2023,0,0.4,0.9536497279755688,NA,0.3798497831064895,0.10463641487001005
H24,1,1,HS 4th/5th,5,11,138,NA,NA,NA,2,3,NA,8,Heritage Spanish,NA,NA,NA,Production,Prod-28,0,NA,NA,NA,NA,NA,quiere el sol,Indicative,Subjunctive,NA,NA,salir,334324,Irregular,HS,4th/5th,Late,No,5,0,138,2023,0,0.4,-0.5503787506752892,NA,0.3798497831064895,0.10463641487001005
H24,1,2,HS 7th/8th,8,NA,138,NA,NA,NA,2,3,NA,8,Heritage Spanish,NA,NA,NA,Production,Prod-02,0,NA,NA,NA,NA,NA,escribir con sus…,Infinitive,Subjunctive,NA,NA,escribir,265684,Regular,HS,7th/8th,Late,No,5,36,174,2026,0,0.4,-0.6311919470410735,NA,0.3798497831064895,1.376556461929396
H24,1,2,HS 7th/8th,8,NA,138,NA,NA,NA,2,3,NA,8,Heritage Spanish,NA,NA,NA,Production,Prod-06,0,NA,NA,NA,NA,NA,hacer ejercicio,Infinitive,Subjunctive,NA,NA,hacer,2726954,Irregular,HS,7th/8th,Late,No,5,36,174,2026,0,0.4,2.266580427947476,NA,0.3798497831064895,1.376556461929396
H24,1,2,HS 7th/8th,8,NA,138,NA,NA,NA,2,3,NA,8,Heritage Spanish,NA,NA,NA,Production,Prod-10,0,NA,NA,NA,NA,NA,abre la puerta,Indicative,Subjunctive,NA,NA,abrir,143932,Regular,HS,7th/8th,Late,No,5,36,174,2026,0,0.4,-0.7745364733220609,NA,0.3798497831064895,1.376556461929396
H24,1,2,HS 7th/8th,8,NA,138,NA,NA,NA,2,3,NA,8,Heritage Spanish,NA,NA,NA,Production,Prod-14,0,NA,NA,NA,NA,NA,salir,Infinitive,Subjunctive,NA,NA,ir,603647,Irregular,HS,7th/8th,Late,No,5,36,174,2026,0,0.4,-0.23329173895002495,NA,0.3798497831064895,1.376556461929396
H24,1,2,HS 7th/8th,8,NA,138,NA,NA,NA,2,3,NA,8,Heritage Spanish,NA,NA,NA,Production,Prod-18,0,NA,NA,NA,NA,NA,comer la sopa,Infinitive,Subjunctive,NA,NA,comer,213756,Regular,HS,7th/8th,Late,No,5,36,174,2026,0,0.4,-0.6923292964129041,NA,0.3798497831064895,1.376556461929396
H24,1,2,HS 7th/8th,8,NA,138,NA,NA,NA,2,3,NA,8,Heritage Spanish,NA,NA,NA,Production,Prod-22,0,NA,NA,NA,NA,NA,que sacar las chaquetas,Infinitive,Subjunctive,NA,NA,poner,514285,Irregular,HS,7th/8th,Late,No,5,36,174,2026,0,0.4,-0.33850194952169194,NA,0.3798497831064895,1.376556461929396
H24,1,2,HS 7th/8th,8,NA,138,NA,NA,NA,2,3,NA,8,Heritage Spanish,NA,NA,NA,Production,Prod-26,0,NA,NA,NA,NA,NA,ve televisión,Indicative,Subjunctive,NA,NA,ver,1611795,Irregular,HS,7th/8th,Late,No,5,36,174,2026,0,0.4,0.9536497279755688,NA,0.3798497831064895,1.376556461929396
H24,1,2,HS 7th/8th,8,NA,138,NA,NA,NA,2,3,NA,8,Heritage Spanish,NA,NA,NA,Production,Prod-28,0,NA,NA,NA,NA,NA,está soleado,Indicative,Subjunctive,NA,NA,salir,334324,Irregular,HS,7th/8th,Late,No,5,36,174,2026,0,0.4,-0.5503787506752892,NA,0.3798497831064895,1.376556461929396
H25,1,1,HS 4th/5th,5,10,128,NA,NA,NA,4,2,NA,7,Heritage Spanish,NA,NA,NA,Production,Prod-02,1,NA,NA,NA,NA,NA,escriban,NA,Subjunctive,NA,NA,escribir,265684,Regular,HS,4th/5th,Late,No,6,0,128,2023,1,0.6666666666666666,-0.6311919470410735,NA,-0.0031121250467449975,-0.24867470931315272
H25,1,1,HS 4th/5th,5,10,128,NA,NA,NA,4,2,NA,7,Heritage Spanish,NA,NA,NA,Production,Prod-06,0,NA,NA,NA,NA,NA,hacen ejercicio,Indicative,Subjunctive,NA,NA,hacer,2726954,Irregular,HS,4th/5th,Late,No,6,0,128,2023,0,0.6666666666666666,2.266580427947476,NA,-0.0031121250467449975,-0.24867470931315272
H25,1,1,HS 4th/5th,5,10,128,NA,NA,NA,4,2,NA,7,Heritage Spanish,NA,NA,NA,Production,Prod-10,0,NA,NA,NA,NA,NA,abre,Indicative,Subjunctive,NA,NA,abrir,143932,Regular,HS,4th/5th,Late,No,6,0,128,2023,0,0.6666666666666666,-0.7745364733220609,NA,-0.0031121250467449975,-0.24867470931315272
H25,1,1,HS 4th/5th,5,10,128,NA,NA,NA,4,2,NA,7,Heritage Spanish,NA,NA,NA,Production,Prod-14,0,NA,NA,NA,NA,NA,salen,Indicative,Subjunctive,NA,NA,ir,603647,Irregular,HS,4th/5th,Late,No,6,0,128,2023,0,0.6666666666666666,-0.23329173895002495,NA,-0.0031121250467449975,-0.24867470931315272
H25,1,1,HS 4th/5th,5,10,128,NA,NA,NA,4,2,NA,7,Heritage Spanish,NA,NA,NA,Production,Prod-18,0,NA,NA,NA,NA,NA,comen,Indicative,Subjunctive,NA,NA,comer,213756,Regular,HS,4th/5th,Late,No,6,0,128,2023,0,0.6666666666666666,-0.6923292964129041,NA,-0.0031121250467449975,-0.24867470931315272
H25,1,1,HS 4th/5th,5,10,128,NA,NA,NA,4,2,NA,7,Heritage Spanish,NA,NA,NA,Production,Prod-22,0,NA,NA,NA,NA,NA,se pone,Indicative,Subjunctive,NA,NA,poner,514285,Irregular,HS,4th/5th,Late,No,6,0,128,2023,0,0.6666666666666666,-0.33850194952169194,NA,-0.0031121250467449975,-0.24867470931315272
H25,1,1,HS 4th/5th,5,10,128,NA,NA,NA,4,2,NA,7,Heritage Spanish,NA,NA,NA,Production,Prod-26,0,NA,NA,NA,NA,NA,ver la televisión,Infinitive,Subjunctive,NA,NA,ver,1611795,Irregular,HS,4th/5th,Late,No,6,0,128,2023,0,0.6666666666666666,0.9536497279755688,NA,-0.0031121250467449975,-0.24867470931315272
H25,1,1,HS 4th/5th,5,10,128,NA,NA,NA,4,2,NA,7,Heritage Spanish,NA,NA,NA,Production,Prod-28,NA,NA,NA,NA,NA,Removed 0 code accuracy because didn't produce Spanish -Jen,unsure,Other,Subjunctive,NA,NA,salir,334324,Irregular,HS,4th/5th,Late,No,6,0,128,2023,NA,0.6666666666666666,-0.5503787506752892,NA,-0.0031121250467449975,-0.24867470931315272
H25,1,2,HS 7th/8th,8,10,128,NA,NA,NA,4,2,NA,7,Heritage Spanish,NA,NA,NA,Production,Prod-02,0,NA,NA,NA,NA,NA,se ayudan a escribir,Indicative,Subjunctive,NA,NA,escribir,265684,Regular,HS,7th/8th,Late,No,6,36,164,2026,0,0.6666666666666666,-0.6311919470410735,NA,-0.0031121250467449975,1.0232453377462332
H25,1,2,HS 7th/8th,8,10,128,NA,NA,NA,4,2,NA,7,Heritage Spanish,NA,NA,NA,Production,Prod-06,0,NA,NA,NA,NA,NA,se hacen deportivos afuera,Indicative,Subjunctive,NA,NA,hacer,2726954,Irregular,HS,7th/8th,Late,No,6,36,164,2026,0,0.6666666666666666,2.266580427947476,NA,-0.0031121250467449975,1.0232453377462332
H25,1,2,HS 7th/8th,8,10,128,NA,NA,NA,4,2,NA,7,Heritage Spanish,NA,NA,NA,Production,Prod-10,1,NA,NA,NA,NA,NA,se abre la puerta,Indicative,Subjunctive,NA,NA,abrir,143932,Regular,HS,7th/8th,Late,No,6,36,164,2026,1,0.6666666666666666,-0.7745364733220609,NA,-0.0031121250467449975,1.0232453377462332
H25,1,2,HS 7th/8th,8,10,128,NA,NA,NA,4,2,NA,7,Heritage Spanish,NA,NA,NA,Production,Prod-14,0,NA,NA,NA,NA,NA,salen,Indicative,Subjunctive,NA,NA,ir,603647,Irregular,HS,7th/8th,Late,No,6,36,164,2026,0,0.6666666666666666,-0.23329173895002495,NA,-0.0031121250467449975,1.0232453377462332
H25,1,2,HS 7th/8th,8,10,128,NA,NA,NA,4,2,NA,7,Heritage Spanish,NA,NA,NA,Production,Prod-18,0,NA,NA,NA,NA,NA,se comen su comida,Indicative,Subjunctive,NA,NA,comer,213756,Regular,HS,7th/8th,Late,No,6,36,164,2026,0,0.6666666666666666,-0.6923292964129041,NA,-0.0031121250467449975,1.0232453377462332
H25,1,2,HS 7th/8th,8,10,128,NA,NA,NA,4,2,NA,7,Heritage Spanish,NA,NA,NA,Production,Prod-22,0,NA,NA,NA,NA,NA,se ponen la chaqueta,Indicative,Subjunctive,NA,NA,poner,514285,Irregular,HS,7th/8th,Late,No,6,36,164,2026,0,0.6666666666666666,-0.33850194952169194,NA,-0.0031121250467449975,1.0232453377462332
H25,1,2,HS 7th/8th,8,10,128,NA,NA,NA,4,2,NA,7,Heritage Spanish,NA,NA,NA,Production,Prod-26,1,NA,NA,NA,NA,NA,se vea la televisión,NA,Subjunctive,NA,NA,ver,1611795,Irregular,HS,7th/8th,Late,No,6,36,164,2026,1,0.6666666666666666,0.9536497279755688,NA,-0.0031121250467449975,1.0232453377462332
H25,1,2,HS 7th/8th,8,10,128,NA,NA,NA,4,2,NA,7,Heritage Spanish,NA,NA,NA,Production,Prod-28,NA,NA,NA,NA,NA,NA,se sole afuera,Other – not clear what mood,Subjunctive,NA,NA,salir,334324,Irregular,HS,7th/8th,Late,No,6,36,164,2026,NA,0.6666666666666666,-0.5503787506752892,NA,-0.0031121250467449975,1.0232453377462332
H26,1,1,HS 4th/5th,5,NA,132,NA,NA,NA,1,3,NA,8,Heritage Spanish,NA,NA,NA,Production,Prod-02,0,NA,NA,NA,NA,NA,leer,Infinitive,Subjunctive,NA,NA,escribir,265684,Regular,HS,4th/5th,Late,No,4,0,132,2023,0,0.25,-0.6311919470410735,NA,0.1500726382145488,-0.10735025963988762
H26,1,1,HS 4th/5th,5,NA,132,NA,NA,NA,1,3,NA,8,Heritage Spanish,NA,NA,NA,Production,Prod-06,0,NA,NA,NA,NA,NA,que hacen los niños fuerte,Indicative,Subjunctive,NA,NA,hacer,2726954,Irregular,HS,4th/5th,Late,No,4,0,132,2023,0,0.25,2.266580427947476,NA,0.1500726382145488,-0.10735025963988762
H26,1,1,HS 4th/5th,5,NA,132,NA,NA,NA,1,3,NA,8,Heritage Spanish,NA,NA,NA,Production,Prod-10,NA,NA,NA,NA,NA,Removed 0 for accuracy because there is no verb -Jen,la puerta abierta,Other,Subjunctive,NA,NA,abrir,143932,Regular,HS,4th/5th,Late,No,4,0,132,2023,NA,0.25,-0.7745364733220609,NA,0.1500726382145488,-0.10735025963988762
H26,1,1,HS 4th/5th,5,NA,132,NA,NA,NA,1,3,NA,8,Heritage Spanish,NA,NA,NA,Production,Prod-14,0,NA,NA,NA,NA,NA,viene,Indicative,Subjunctive,NA,NA,ir,603647,Irregular,HS,4th/5th,Late,No,4,0,132,2023,0,0.25,-0.23329173895002495,NA,0.1500726382145488,-0.10735025963988762
H26,1,1,HS 4th/5th,5,NA,132,NA,NA,NA,1,3,NA,8,Heritage Spanish,NA,NA,NA,Production,Prod-18,0,NA,NA,NA,NA,NA,comer los pan,Infinitive,Subjunctive,NA,NA,comer,213756,Regular,HS,4th/5th,Late,No,4,0,132,2023,0,0.25,-0.6923292964129041,NA,0.1500726382145488,-0.10735025963988762
H26,1,1,HS 4th/5th,5,NA,132,NA,NA,NA,1,3,NA,8,Heritage Spanish,NA,NA,NA,Production,Prod-22,0,NA,NA,NA,NA,NA,se ponen las chaquetas,Indicative,Subjunctive,NA,NA,poner,514285,Irregular,HS,4th/5th,Late,No,4,0,132,2023,0,0.25,-0.33850194952169194,NA,0.1500726382145488,-0.10735025963988762
H26,1,1,HS 4th/5th,5,NA,132,NA,NA,NA,1,3,NA,8,Heritage Spanish,NA,NA,NA,Production,Prod-26,0,NA,NA,NA,NA,NA,jugar la televisión,Indicative,Subjunctive,NA,NA,ver,1611795,Irregular,HS,4th/5th,Late,No,4,0,132,2023,0,0.25,0.9536497279755688,NA,0.1500726382145488,-0.10735025963988762
H26,1,1,HS 4th/5th,5,NA,132,NA,NA,NA,1,3,NA,8,Heritage Spanish,NA,NA,NA,Production,Prod-28,1,NA,NA,NA,NA,NA,que esté soleado,NA,Subjunctive,NA,NA,salir,334324,Irregular,HS,4th/5th,Late,No,4,0,132,2023,1,0.25,-0.5503787506752892,NA,0.1500726382145488,-0.10735025963988762
H27,1,1,L2L 4th/5th,5,11,133,NA,NA,NA,3,6,4,8,Japanese,Yes,No,No,Production,Prod-02,1,NA,NA,NA,NA,NA,escriban,NA,Subjunctive,NA,NA,escribir,265684,Regular,L2L,4th/5th,Late,No,9,0,133,2023,1,0.3333333333333333,-0.6311919470410735,NA,0.18836882902987226,-0.07201914722157134
H27,1,1,L2L 4th/5th,5,11,133,NA,NA,NA,3,6,4,8,Japanese,Yes,No,No,Production,Prod-06,0,NA,NA,NA,NA,NA,hacen ejercicio,Indicative,Subjunctive,NA,NA,hacer,2726954,Irregular,L2L,4th/5th,Late,No,9,0,133,2023,0,0.3333333333333333,2.266580427947476,NA,0.18836882902987226,-0.07201914722157134
H27,1,1,L2L 4th/5th,5,11,133,NA,NA,NA,3,6,4,8,Japanese,Yes,No,No,Production,Prod-10,0,NA,NA,NA,NA,NA,abren,Indicative,Subjunctive,NA,NA,abrir,143932,Regular,L2L,4th/5th,Late,No,9,0,133,2023,0,0.3333333333333333,-0.7745364733220609,NA,0.18836882902987226,-0.07201914722157134
H27,1,1,L2L 4th/5th,5,11,133,NA,NA,NA,3,6,4,8,Japanese,Yes,No,No,Production,Prod-14,1,NA,NA,NA,NA,NA,fueran,Imperfect subjunctive,Subjunctive,NA,NA,ir,603647,Irregular,L2L,4th/5th,Late,No,9,0,133,2023,1,0.3333333333333333,-0.23329173895002495,NA,0.18836882902987226,-0.07201914722157134
H27,1,1,L2L 4th/5th,5,11,133,NA,NA,NA,3,6,4,8,Japanese,Yes,No,No,Production,Prod-18,1,NA,NA,NA,NA,NA,comieran la comida,Imperfect subjunctive,Subjunctive,NA,NA,comer,213756,Regular,L2L,4th/5th,Late,No,9,0,133,2023,1,0.3333333333333333,-0.6923292964129041,NA,0.18836882902987226,-0.07201914722157134
H27,1,1,L2L 4th/5th,5,11,133,NA,NA,NA,3,6,4,8,Japanese,Yes,No,No,Production,Prod-22,0,NA,NA,NA,NA,NA,ponen la chaqueta,Indicative,Subjunctive,NA,NA,poner,514285,Irregular,L2L,4th/5th,Late,No,9,0,133,2023,0,0.3333333333333333,-0.33850194952169194,NA,0.18836882902987226,-0.07201914722157134
H27,1,1,L2L 4th/5th,5,11,133,NA,NA,NA,3,6,4,8,Japanese,Yes,No,No,Production,Prod-26,0,NA,NA,NA,NA,NA,se miran,Indicative,Subjunctive,NA,NA,ver,1611795,Irregular,L2L,4th/5th,Late,No,9,0,133,2023,0,0.3333333333333333,0.9536497279755688,NA,0.18836882902987226,-0.07201914722157134
H27,1,1,L2L 4th/5th,5,11,133,NA,NA,NA,3,6,4,8,Japanese,Yes,No,No,Production,Prod-28,0,NA,NA,NA,NA,NA,está soleado,Indicative,Subjunctive,NA,NA,salir,334324,Irregular,L2L,4th/5th,Late,No,9,0,133,2023,0,0.3333333333333333,-0.5503787506752892,NA,0.18836882902987226,-0.07201914722157134
H27,1,2,L2L 7th/8th,8,11,133,NA,NA,NA,3,6,4,8,Japanese,Yes,No,No,Production,Prod-02,0,NA,NA,NA,NA,NA,escriben,Indicative,Subjunctive,NA,NA,escribir,265684,Regular,L2L,7th/8th,Late,No,9,36,169,2026,0,0.3333333333333333,-0.6311919470410735,NA,0.18836882902987226,1.1999008998378147
H27,1,2,L2L 7th/8th,8,11,133,NA,NA,NA,3,6,4,8,Japanese,Yes,No,No,Production,Prod-06,1,NA,NA,NA,NA,NA,hagan ejercicio,NA,Subjunctive,NA,NA,hacer,2726954,Irregular,L2L,7th/8th,Late,No,9,36,169,2026,1,0.3333333333333333,2.266580427947476,NA,0.18836882902987226,1.1999008998378147
H27,1,2,L2L 7th/8th,8,11,133,NA,NA,NA,3,6,4,8,Japanese,Yes,No,No,Production,Prod-10,0,NA,NA,NA,NA,NA,abren la puerta,Indicative,Subjunctive,NA,NA,abrir,143932,Regular,L2L,7th/8th,Late,No,9,36,169,2026,0,0.3333333333333333,-0.7745364733220609,NA,0.18836882902987226,1.1999008998378147
H27,1,2,L2L 7th/8th,8,11,133,NA,NA,NA,3,6,4,8,Japanese,Yes,No,No,Production,Prod-14,1,NA,NA,NA,NA,NA,salgan,NA,Subjunctive,NA,NA,ir,603647,Irregular,L2L,7th/8th,Late,No,9,36,169,2026,1,0.3333333333333333,-0.23329173895002495,NA,0.18836882902987226,1.1999008998378147
H27,1,2,L2L 7th/8th,8,11,133,NA,NA,NA,3,6,4,8,Japanese,Yes,No,No,Production,Prod-18,0,NA,NA,NA,NA,NA,comen su almuerzo,NA,Subjunctive,NA,NA,comer,213756,Regular,L2L,7th/8th,Late,No,9,36,169,2026,0,0.3333333333333333,-0.6923292964129041,NA,0.18836882902987226,1.1999008998378147
H27,1,2,L2L 7th/8th,8,11,133,NA,NA,NA,3,6,4,8,Japanese,Yes,No,No,Production,Prod-22,1,NA,NA,NA,NA,NA,pongan las chaquetas,NA,Subjunctive,NA,NA,poner,514285,Irregular,L2L,7th/8th,Late,No,9,36,169,2026,1,0.3333333333333333,-0.33850194952169194,NA,0.18836882902987226,1.1999008998378147
H27,1,2,L2L 7th/8th,8,11,133,NA,NA,NA,3,6,4,8,Japanese,Yes,No,No,Production,Prod-26,1,NA,NA,NA,NA,NA,se vean el TV,NA,Subjunctive,NA,NA,ver,1611795,Irregular,L2L,7th/8th,Late,No,9,36,169,2026,1,0.3333333333333333,0.9536497279755688,NA,0.18836882902987226,1.1999008998378147
H27,1,2,L2L 7th/8th,8,11,133,NA,NA,NA,3,6,4,8,Japanese,Yes,No,No,Production,Prod-28,0,NA,NA,NA,NA,NA,hace sol,Indicative,Subjunctive,NA,NA,salir,334324,Irregular,L2L,7th/8th,Late,No,9,36,169,2026,0,0.3333333333333333,-0.5503787506752892,NA,0.18836882902987226,1.1999008998378147
H28,1,1,L2L 4th/5th,5,NA,139,NA,NA,NA,2,4,NA,8,"French, Turkish",Yes,Yes,Yes,Production,Prod-02,0,NA,NA,NA,NA,NA,escriben,Indicative,Subjunctive,NA,NA,escribir,265684,Regular,L2L,4th/5th,Late,No,6,0,139,2023,0,0.3333333333333333,-0.6311919470410735,NA,0.41814597392181296,0.13996752728832632
H28,1,1,L2L 4th/5th,5,NA,139,NA,NA,NA,2,4,NA,8,"French, Turkish",Yes,Yes,Yes,Production,Prod-06,0,NA,NA,NA,NA,NA,se hacen ejercicios,Infinitive,Subjunctive,NA,NA,hacer,2726954,Irregular,L2L,4th/5th,Late,No,6,0,139,2023,0,0.3333333333333333,2.266580427947476,NA,0.41814597392181296,0.13996752728832632
H28,1,1,L2L 4th/5th,5,NA,139,NA,NA,NA,2,4,NA,8,"French, Turkish",Yes,Yes,Yes,Production,Prod-10,1,NA,NA,NA,NA,NA,quiere que abran,NA,Subjunctive,NA,NA,abrir,143932,Regular,L2L,4th/5th,Late,No,6,0,139,2023,1,0.3333333333333333,-0.7745364733220609,NA,0.41814597392181296,0.13996752728832632
H28,1,1,L2L 4th/5th,5,NA,139,NA,NA,NA,2,4,NA,8,"French, Turkish",Yes,Yes,Yes,Production,Prod-14,0,NA,NA,NA,NA,NA,que salen,Indicative,Subjunctive,NA,NA,ir,603647,Irregular,L2L,4th/5th,Late,No,6,0,139,2023,0,0.3333333333333333,-0.23329173895002495,NA,0.41814597392181296,0.13996752728832632
H28,1,1,L2L 4th/5th,5,NA,139,NA,NA,NA,2,4,NA,8,"French, Turkish",Yes,Yes,Yes,Production,Prod-18,0,NA,NA,NA,NA,NA,que comen su comida,Indicative,Subjunctive,NA,NA,comer,213756,Regular,L2L,4th/5th,Late,No,6,0,139,2023,0,0.3333333333333333,-0.6923292964129041,NA,0.41814597392181296,0.13996752728832632
H28,1,1,L2L 4th/5th,5,NA,139,NA,NA,NA,2,4,NA,8,"French, Turkish",Yes,Yes,Yes,Production,Prod-22,0,NA,NA,NA,NA,NA,que se ponen,Indicative,Subjunctive,NA,NA,poner,514285,Irregular,L2L,4th/5th,Late,No,6,0,139,2023,0,0.3333333333333333,-0.33850194952169194,NA,0.41814597392181296,0.13996752728832632
H28,1,1,L2L 4th/5th,5,NA,139,NA,NA,NA,2,4,NA,8,"French, Turkish",Yes,Yes,Yes,Production,Prod-26,0,NA,NA,NA,NA,NA,se ven la televisión,Indicative,Subjunctive,NA,NA,ver,1611795,Irregular,L2L,4th/5th,Late,No,6,0,139,2023,0,0.3333333333333333,0.9536497279755688,NA,0.41814597392181296,0.13996752728832632
H28,1,1,L2L 4th/5th,5,NA,139,NA,NA,NA,2,4,NA,8,"French, Turkish",Yes,Yes,Yes,Production,Prod-28,0,NA,NA,NA,NA,Added 0 for accuracy-Jen,que el sol se brilla,Regular verb,Subjunctive,NA,NA,salir,334324,Irregular,L2L,4th/5th,Late,No,6,0,139,2023,0,0.3333333333333333,-0.5503787506752892,NA,0.41814597392181296,0.13996752728832632
H28,1,2,L2L 7th/8th,8,NA,139,NA,NA,NA,2,4,NA,8,"French, Turkish",Yes,Yes,Yes,Production,Prod-02,0,NA,NA,NA,NA,NA,que sus amigos se escriben,Indicative,Subjunctive,NA,NA,escribir,265684,Regular,L2L,7th/8th,Late,No,6,36,175,2026,0,0.3333333333333333,-0.6311919470410735,NA,0.41814597392181296,1.4118875743477124
H28,1,2,L2L 7th/8th,8,NA,139,NA,NA,NA,2,4,NA,8,"French, Turkish",Yes,Yes,Yes,Production,Prod-06,0,NA,NA,NA,NA,NA,que sus hijo se hacen,Indicative,Subjunctive,NA,NA,hacer,2726954,Irregular,L2L,7th/8th,Late,No,6,36,175,2026,0,0.3333333333333333,2.266580427947476,NA,0.41814597392181296,1.4118875743477124
H28,1,2,L2L 7th/8th,8,NA,139,NA,NA,NA,2,4,NA,8,"French, Turkish",Yes,Yes,Yes,Production,Prod-10,0,NA,NA,NA,NA,NA,que se abren,Indicative,Subjunctive,NA,NA,abrir,143932,Regular,L2L,7th/8th,Late,No,6,36,175,2026,0,0.3333333333333333,-0.7745364733220609,NA,0.41814597392181296,1.4118875743477124
H28,1,2,L2L 7th/8th,8,NA,139,NA,NA,NA,2,4,NA,8,"French, Turkish",Yes,Yes,Yes,Production,Prod-14,0,NA,NA,NA,NA,NA,que salen,Indicative,Subjunctive,NA,NA,ir,603647,Irregular,L2L,7th/8th,Late,No,6,36,175,2026,0,0.3333333333333333,-0.23329173895002495,NA,0.41814597392181296,1.4118875743477124
H28,1,2,L2L 7th/8th,8,NA,139,NA,NA,NA,2,4,NA,8,"French, Turkish",Yes,Yes,Yes,Production,Prod-18,0,NA,NA,NA,NA,NA,que se comen la cena,Indicative,Subjunctive,NA,NA,comer,213756,Regular,L2L,7th/8th,Late,No,6,36,175,2026,0,0.3333333333333333,-0.6923292964129041,NA,0.41814597392181296,1.4118875743477124
H28,1,2,L2L 7th/8th,8,NA,139,NA,NA,NA,2,4,NA,8,"French, Turkish",Yes,Yes,Yes,Production,Prod-22,1,NA,NA,NA,NA,NA,que los niños ponen,Indicative,Subjunctive,NA,NA,poner,514285,Irregular,L2L,7th/8th,Late,No,6,36,175,2026,1,0.3333333333333333,-0.33850194952169194,NA,0.41814597392181296,1.4118875743477124
H28,1,2,L2L 7th/8th,8,NA,139,NA,NA,NA,2,4,NA,8,"French, Turkish",Yes,Yes,Yes,Production,Prod-26,0,NA,NA,NA,NA,NA,se ven,Indicative,Subjunctive,NA,NA,ver,1611795,Irregular,L2L,7th/8th,Late,No,6,36,175,2026,0,0.3333333333333333,0.9536497279755688,NA,0.41814597392181296,1.4118875743477124
H28,1,2,L2L 7th/8th,8,NA,139,NA,NA,NA,2,4,NA,8,"French, Turkish",Yes,Yes,Yes,Production,Prod-28,0,NA,NA,NA,NA,NA,que hay sol,Indicative,Subjunctive,NA,NA,salir,334324,Irregular,L2L,7th/8th,Late,No,6,36,175,2026,0,0.3333333333333333,-0.5503787506752892,NA,0.41814597392181296,1.4118875743477124
H29,1,1,L2L 4th/5th,5,11,138,NA,NA,NA,3,3,3,7,"Ukrainian, Russian",Yes,Yes,Yes,Production,Prod-02,1,NA,NA,NA,NA,NA,escriban,NA,Subjunctive,NA,NA,escribir,265684,Regular,L2L,4th/5th,Late,No,6,0,138,2023,1,0.5,-0.6311919470410735,NA,0.3798497831064895,0.10463641487001005
H29,1,1,L2L 4th/5th,5,11,138,NA,NA,NA,3,3,3,7,"Ukrainian, Russian",Yes,Yes,Yes,Production,Prod-06,0,NA,NA,NA,NA,NA,hacen ejercicios,Indicative,Subjunctive,NA,NA,hacer,2726954,Irregular,L2L,4th/5th,Late,No,6,0,138,2023,0,0.5,2.266580427947476,NA,0.3798497831064895,0.10463641487001005
H29,1,1,L2L 4th/5th,5,11,138,NA,NA,NA,3,3,3,7,"Ukrainian, Russian",Yes,Yes,Yes,Production,Prod-10,0,NA,NA,NA,NA,NA,es abierta,Indicative,Subjunctive,NA,NA,abrir,143932,Regular,L2L,4th/5th,Late,No,6,0,138,2023,0,0.5,-0.7745364733220609,NA,0.3798497831064895,0.10463641487001005
H29,1,1,L2L 4th/5th,5,11,138,NA,NA,NA,3,3,3,7,"Ukrainian, Russian",Yes,Yes,Yes,Production,Prod-14,0,NA,NA,NA,NA,NA,quiere entrar,Infinitive,Subjunctive,NA,NA,ir,603647,Irregular,L2L,4th/5th,Late,No,6,0,138,2023,0,0.5,-0.23329173895002495,NA,0.3798497831064895,0.10463641487001005
H29,1,1,L2L 4th/5th,5,11,138,NA,NA,NA,3,3,3,7,"Ukrainian, Russian",Yes,Yes,Yes,Production,Prod-18,0,NA,NA,NA,NA,NA,comen su comida,Omission,Subjunctive,NA,NA,comer,213756,Regular,L2L,4th/5th,Late,No,6,0,138,2023,0,0.5,-0.6923292964129041,NA,0.3798497831064895,0.10463641487001005
H29,1,1,L2L 4th/5th,5,11,138,NA,NA,NA,3,3,3,7,"Ukrainian, Russian",Yes,Yes,Yes,Production,Prod-22,0,NA,NA,NA,NA,NA,ponen,Indicative,Subjunctive,NA,NA,poner,514285,Irregular,L2L,4th/5th,Late,No,6,0,138,2023,0,0.5,-0.33850194952169194,NA,0.3798497831064895,0.10463641487001005
H29,1,1,L2L 4th/5th,5,11,138,NA,NA,NA,3,3,3,7,"Ukrainian, Russian",Yes,Yes,Yes,Production,Prod-26,0,NA,NA,NA,NA,NA,ven a una peli,Indicative,Subjunctive,NA,NA,ver,1611795,Irregular,L2L,4th/5th,Late,No,6,0,138,2023,0,0.5,0.9536497279755688,NA,0.3798497831064895,0.10463641487001005
H29,1,1,L2L 4th/5th,5,11,138,NA,NA,NA,3,3,3,7,"Ukrainian, Russian",Yes,Yes,Yes,Production,Prod-28,0,NA,NA,NA,NA,NA,hay sol,Indicative,Subjunctive,NA,NA,salir,334324,Irregular,L2L,4th/5th,Late,No,6,0,138,2023,0,0.5,-0.5503787506752892,NA,0.3798497831064895,0.10463641487001005
H29,1,2,L2L 7th/8th,8,NA,138,NA,NA,NA,3,3,3,7,"Ukrainian, Russian",Yes,Yes,Yes,Production,Prod-02,1,NA,NA,NA,NA,NA,que escriban,NA,Subjunctive,NA,NA,escribir,265684,Regular,L2L,7th/8th,Late,No,6,36,174,2026,1,0.5,-0.6311919470410735,NA,0.3798497831064895,1.376556461929396
H29,1,2,L2L 7th/8th,8,NA,138,NA,NA,NA,3,3,3,7,"Ukrainian, Russian",Yes,Yes,Yes,Production,Prod-06,0,NA,NA,NA,NA,NA,los niños hacen ejercicio,Indicative,Subjunctive,NA,NA,hacer,2726954,Irregular,L2L,7th/8th,Late,No,6,36,174,2026,0,0.5,2.266580427947476,NA,0.3798497831064895,1.376556461929396
H29,1,2,L2L 7th/8th,8,NA,138,NA,NA,NA,3,3,3,7,"Ukrainian, Russian",Yes,Yes,Yes,Production,Prod-10,0,NA,NA,NA,NA,NA,abren la puente,Indicative,Subjunctive,NA,NA,abrir,143932,Regular,L2L,7th/8th,Late,No,6,36,174,2026,0,0.5,-0.7745364733220609,NA,0.3798497831064895,1.376556461929396
H29,1,2,L2L 7th/8th,8,NA,138,NA,NA,NA,3,3,3,7,"Ukrainian, Russian",Yes,Yes,Yes,Production,Prod-14,1,NA,NA,NA,NA,NA,que vayan,NA,Subjunctive,NA,NA,ir,603647,Irregular,L2L,7th/8th,Late,No,6,36,174,2026,1,0.5,-0.23329173895002495,NA,0.3798497831064895,1.376556461929396
H29,1,2,L2L 7th/8th,8,NA,138,NA,NA,NA,3,3,3,7,"Ukrainian, Russian",Yes,Yes,Yes,Production,Prod-18,1,NA,NA,NA,NA,NA,comen ela comida,NA,Subjunctive,NA,NA,comer,213756,Regular,L2L,7th/8th,Late,No,6,36,174,2026,1,0.5,-0.6923292964129041,NA,0.3798497831064895,1.376556461929396
H29,1,2,L2L 7th/8th,8,NA,138,NA,NA,NA,3,3,3,7,"Ukrainian, Russian",Yes,Yes,Yes,Production,Prod-22,1,NA,NA,NA,NA,NA,vistian en los chaquetas**,Different verb,Subjunctive,NA,NA,poner,514285,Irregular,L2L,7th/8th,Late,No,6,36,174,2026,1,0.5,-0.33850194952169194,NA,0.3798497831064895,1.376556461929396
H29,1,2,L2L 7th/8th,8,NA,138,NA,NA,NA,3,3,3,7,"Ukrainian, Russian",Yes,Yes,Yes,Production,Prod-26,0,NA,NA,NA,NA,NA,ven la película,Indicative,Subjunctive,NA,NA,ver,1611795,Irregular,L2L,7th/8th,Late,No,6,36,174,2026,0,0.5,0.9536497279755688,NA,0.3798497831064895,1.376556461929396
H29,1,2,L2L 7th/8th,8,NA,138,NA,NA,NA,3,3,3,7,"Ukrainian, Russian",Yes,Yes,Yes,Production,Prod-28,0,NA,NA,NA,NA,NA,hay sol,Indicative,Subjunctive,NA,NA,salir,334324,Irregular,L2L,7th/8th,Late,No,6,36,174,2026,0,0.5,-0.5503787506752892,NA,0.3798497831064895,1.376556461929396
H30,1,1,L2L 4th/5th,5,NA,140,NA,NA,NA,2,5,NA,6,L2 learner,L2,L2,L2,Production,Prod-02,1,NA,NA,NA,NA,NA,escriba,NA,Subjunctive,NA,NA,escribir,265684,Regular,L2L,4th/5th,Late,No,7,0,140,2023,1,0.2857142857142857,-0.6311919470410735,NA,0.4564421647371364,0.1752986397066426
H30,1,1,L2L 4th/5th,5,NA,140,NA,NA,NA,2,5,NA,6,L2 learner,L2,L2,L2,Production,Prod-06,0,NA,NA,NA,NA,Added 0 for accuracy,jugar,Regular verb,Subjunctive,NA,NA,hacer,2726954,Irregular,L2L,4th/5th,Late,No,7,0,140,2023,0,0.2857142857142857,2.266580427947476,NA,0.4564421647371364,0.1752986397066426
H30,1,1,L2L 4th/5th,5,NA,140,NA,NA,NA,2,5,NA,6,L2 learner,L2,L2,L2,Production,Prod-10,0,NA,NA,NA,NA,NA,abrir,Infinitive,Subjunctive,NA,NA,abrir,143932,Regular,L2L,4th/5th,Late,No,7,0,140,2023,0,0.2857142857142857,-0.7745364733220609,NA,0.4564421647371364,0.1752986397066426
H30,1,1,L2L 4th/5th,5,NA,140,NA,NA,NA,2,5,NA,6,L2 learner,L2,L2,L2,Production,Prod-14,NA,NA,NA,NA,NA,Removed 0 for accuracy -Jen,exitan,English,Subjunctive,NA,NA,ir,603647,Irregular,L2L,4th/5th,Late,No,7,0,140,2023,NA,0.2857142857142857,-0.23329173895002495,NA,0.4564421647371364,0.1752986397066426
H30,1,1,L2L 4th/5th,5,NA,140,NA,NA,NA,2,5,NA,6,L2 learner,L2,L2,L2,Production,Prod-18,0,NA,NA,NA,NA,NA,comer,Infinitive,Subjunctive,NA,NA,comer,213756,Regular,L2L,4th/5th,Late,No,7,0,140,2023,0,0.2857142857142857,-0.6923292964129041,NA,0.4564421647371364,0.1752986397066426
H30,1,1,L2L 4th/5th,5,NA,140,NA,NA,NA,2,5,NA,6,L2 learner,L2,L2,L2,Production,Prod-22,NA,NA,NA,NA,NA,NA,quitar las chaquetas,Regular verb,Subjunctive,NA,NA,poner,514285,Irregular,L2L,4th/5th,Late,No,7,0,140,2023,NA,0.2857142857142857,-0.33850194952169194,NA,0.4564421647371364,0.1752986397066426
H30,1,1,L2L 4th/5th,5,NA,140,NA,NA,NA,2,5,NA,6,L2 learner,L2,L2,L2,Production,Prod-26,0,NA,NA,NA,NA,NA,ver,Infinitive,Subjunctive,NA,NA,ver,1611795,Irregular,L2L,4th/5th,Late,No,7,0,140,2023,0,0.2857142857142857,0.9536497279755688,NA,0.4564421647371364,0.1752986397066426
H30,1,1,L2L 4th/5th,5,NA,140,NA,NA,NA,2,5,NA,6,L2 learner,L2,L2,L2,Production,Prod-28,0,NA,NA,NA,NA,NA,que están soleado,Indicative,Subjunctive,NA,NA,salir,334324,Irregular,L2L,4th/5th,Late,No,7,0,140,2023,0,0.2857142857142857,-0.5503787506752892,NA,0.4564421647371364,0.1752986397066426
H31,1,1,L2L 4th/5th,5,NA,131,NA,NA,NA,2,5,NA,8,L2 learner,L2,L2,L2,Production,Prod-02,0,NA,NA,NA,NA,NA,escribir,Infinitive,Subjunctive,NA,NA,escribir,265684,Regular,L2L,4th/5th,Late,No,7,0,131,2023,0,0.2857142857142857,-0.6311919470410735,NA,0.11177644739922535,-0.1426813720582039
H31,1,1,L2L 4th/5th,5,NA,131,NA,NA,NA,2,5,NA,8,L2 learner,L2,L2,L2,Production,Prod-06,NA,NA,NA,NA,NA,NA,quiere ejercicio,Other,Subjunctive,NA,NA,hacer,2726954,Irregular,L2L,4th/5th,Late,No,7,0,131,2023,NA,0.2857142857142857,2.266580427947476,NA,0.11177644739922535,-0.1426813720582039
H31,1,1,L2L 4th/5th,5,NA,131,NA,NA,NA,2,5,NA,8,L2 learner,L2,L2,L2,Production,Prod-10,0,NA,NA,NA,NA,NA,abrir la puerta,Infinitive,Subjunctive,NA,NA,abrir,143932,Regular,L2L,4th/5th,Late,No,7,0,131,2023,0,0.2857142857142857,-0.7745364733220609,NA,0.11177644739922535,-0.1426813720582039
H31,1,1,L2L 4th/5th,5,NA,131,NA,NA,NA,2,5,NA,8,L2 learner,L2,L2,L2,Production,Prod-14,0,NA,NA,NA,NA,NA,vas afuera,Indicative,Subjunctive,NA,NA,ir,603647,Irregular,L2L,4th/5th,Late,No,7,0,131,2023,0,0.2857142857142857,-0.23329173895002495,NA,0.11177644739922535,-0.1426813720582039
H31,1,1,L2L 4th/5th,5,NA,131,NA,NA,NA,2,5,NA,8,L2 learner,L2,L2,L2,Production,Prod-18,0,NA,NA,NA,NA,NA,comer,Infinitive,Subjunctive,NA,NA,comer,213756,Regular,L2L,4th/5th,Late,No,7,0,131,2023,0,0.2857142857142857,-0.6923292964129041,NA,0.11177644739922535,-0.1426813720582039
H31,1,1,L2L 4th/5th,5,NA,131,NA,NA,NA,2,5,NA,8,L2 learner,L2,L2,L2,Production,Prod-22,0,NA,NA,NA,NA,NA,poner la chaqueta,Infinitive,Subjunctive,NA,NA,poner,514285,Irregular,L2L,4th/5th,Late,No,7,0,131,2023,0,0.2857142857142857,-0.33850194952169194,NA,0.11177644739922535,-0.1426813720582039
H31,1,1,L2L 4th/5th,5,NA,131,NA,NA,NA,2,5,NA,8,L2 learner,L2,L2,L2,Production,Prod-26,0,NA,NA,NA,NA,NA,mirar TV,Infinitive,Subjunctive,NA,NA,ver,1611795,Irregular,L2L,4th/5th,Late,No,7,0,131,2023,0,0.2857142857142857,0.9536497279755688,NA,0.11177644739922535,-0.1426813720582039
H31,1,1,L2L 4th/5th,5,NA,131,NA,NA,NA,2,5,NA,8,L2 learner,L2,L2,L2,Production,Prod-28,0,NA,NA,NA,NA,NA,vas afuera,Indicative,Subjunctive,NA,NA,salir,334324,Irregular,L2L,4th/5th,Late,No,7,0,131,2023,0,0.2857142857142857,-0.5503787506752892,NA,0.11177644739922535,-0.1426813720582039
H31,1,2,L2L 7th/8th,8,NA,131,NA,NA,NA,2,5,NA,8,L2 learner,L2,L2,L2,Production,Prod-02,0,NA,NA,NA,NA,NA,escribir,Infinitive,Subjunctive,NA,NA,escribir,265684,Regular,L2L,7th/8th,Late,No,7,36,167,2026,0,0.2857142857142857,-0.6311919470410735,NA,0.11177644739922535,1.129238675001182
H31,1,2,L2L 7th/8th,8,NA,131,NA,NA,NA,2,5,NA,8,L2 learner,L2,L2,L2,Production,Prod-06,0,NA,NA,NA,NA,NA,ejercitan,Indicative,Subjunctive,NA,NA,hacer,2726954,Irregular,L2L,7th/8th,Late,No,7,36,167,2026,0,0.2857142857142857,2.266580427947476,NA,0.11177644739922535,1.129238675001182
H31,1,2,L2L 7th/8th,8,NA,131,NA,NA,NA,2,5,NA,8,L2 learner,L2,L2,L2,Production,Prod-10,0,NA,NA,NA,NA,NA,abren la puerta,Indicative,Subjunctive,NA,NA,abrir,143932,Regular,L2L,7th/8th,Late,No,7,36,167,2026,0,0.2857142857142857,-0.7745364733220609,NA,0.11177644739922535,1.129238675001182
H31,1,2,L2L 7th/8th,8,NA,131,NA,NA,NA,2,5,NA,8,L2 learner,L2,L2,L2,Production,Prod-14,0,NA,NA,NA,NA,NA,salir,Infinitive,Subjunctive,NA,NA,ir,603647,Irregular,L2L,7th/8th,Late,No,7,36,167,2026,0,0.2857142857142857,-0.23329173895002495,NA,0.11177644739922535,1.129238675001182
H31,1,2,L2L 7th/8th,8,NA,131,NA,NA,NA,2,5,NA,8,L2 learner,L2,L2,L2,Production,Prod-18,1,NA,NA,NA,NA,NA,que coman la comida,NA,Subjunctive,NA,NA,comer,213756,Regular,L2L,7th/8th,Late,No,7,36,167,2026,1,0.2857142857142857,-0.6923292964129041,NA,0.11177644739922535,1.129238675001182
H31,1,2,L2L 7th/8th,8,NA,131,NA,NA,NA,2,5,NA,8,L2 learner,L2,L2,L2,Production,Prod-22,0,NA,NA,NA,NA,NA,ponen las chaquetas,Indicative,Subjunctive,NA,NA,poner,514285,Irregular,L2L,7th/8th,Late,No,7,36,167,2026,0,0.2857142857142857,-0.33850194952169194,NA,0.11177644739922535,1.129238675001182
H31,1,2,L2L 7th/8th,8,NA,131,NA,NA,NA,2,5,NA,8,L2 learner,L2,L2,L2,Production,Prod-26,0,NA,NA,NA,NA,NA,que vistes la televisión,Preterit,Subjunctive,NA,NA,ver,1611795,Irregular,L2L,7th/8th,Late,No,7,36,167,2026,0,0.2857142857142857,0.9536497279755688,NA,0.11177644739922535,1.129238675001182
H31,1,2,L2L 7th/8th,8,NA,131,NA,NA,NA,2,5,NA,8,L2 learner,L2,L2,L2,Production,Prod-28,0,NA,NA,NA,NA,NA,que está soleado,Indicative,Subjunctive,NA,NA,salir,334324,Irregular,L2L,7th/8th,Late,No,7,36,167,2026,0,0.2857142857142857,-0.5503787506752892,NA,0.11177644739922535,1.129238675001182
H32,1,1,L2L 4th/5th,5,NA,130,NA,NA,NA,1,5,NA,8,Russian,No,Yes,Yes,Production,Prod-02,0,NA,NA,NA,NA,NA,quiere leer,Infinitive,Subjunctive,NA,NA,escribir,265684,Regular,L2L,4th/5th,Late,No,6,0,130,2023,0,0.16666666666666666,-0.6311919470410735,NA,0.0734802565839019,-0.17801248447652016
H32,1,1,L2L 4th/5th,5,NA,130,NA,NA,NA,1,5,NA,8,Russian,No,Yes,Yes,Production,Prod-06,NA,NA,NA,NA,NA,Removed 0 for accuracy -Jen,quiere ejerisa,Other,Subjunctive,NA,NA,hacer,2726954,Irregular,L2L,4th/5th,Late,No,6,0,130,2023,NA,0.16666666666666666,2.266580427947476,NA,0.0734802565839019,-0.17801248447652016
H32,1,1,L2L 4th/5th,5,NA,130,NA,NA,NA,1,5,NA,8,Russian,No,Yes,Yes,Production,Prod-10,0,NA,NA,NA,NA,NA,quiere abrir,Indicative,Subjunctive,NA,NA,abrir,143932,Regular,L2L,4th/5th,Late,No,6,0,130,2023,0,0.16666666666666666,-0.7745364733220609,NA,0.0734802565839019,-0.17801248447652016
H32,1,1,L2L 4th/5th,5,NA,130,NA,NA,NA,1,5,NA,8,Russian,No,Yes,Yes,Production,Prod-14,NA,NA,NA,1,1,NA,se comen la pizza,Regular verb,Subjunctive,NA,NA,ir,603647,Irregular,L2L,4th/5th,Late,No,6,0,130,2023,NA,0.16666666666666666,-0.23329173895002495,NA,0.0734802565839019,-0.17801248447652016
H32,1,1,L2L 4th/5th,5,NA,130,NA,NA,NA,1,5,NA,8,Russian,No,Yes,Yes,Production,Prod-18,0,NA,NA,NA,NA,NA,quiere que comer,Infinitive,Subjunctive,NA,NA,comer,213756,Regular,L2L,4th/5th,Late,No,6,0,130,2023,0,0.16666666666666666,-0.6923292964129041,NA,0.0734802565839019,-0.17801248447652016
H32,1,1,L2L 4th/5th,5,NA,130,NA,NA,NA,1,5,NA,8,Russian,No,Yes,Yes,Production,Prod-22,0,NA,NA,NA,NA,NA,quiere que ponen,Indicative,Subjunctive,NA,NA,poner,514285,Irregular,L2L,4th/5th,Late,No,6,0,130,2023,0,0.16666666666666666,-0.33850194952169194,NA,0.0734802565839019,-0.17801248447652016
H32,1,1,L2L 4th/5th,5,NA,130,NA,NA,NA,1,5,NA,8,Russian,No,Yes,Yes,Production,Prod-26,0,NA,NA,NA,NA,NA,quiere mirar el televisión,Infinitive,Subjunctive,NA,NA,ver,1611795,Irregular,L2L,4th/5th,Late,No,6,0,130,2023,0,0.16666666666666666,0.9536497279755688,NA,0.0734802565839019,-0.17801248447652016
H32,1,1,L2L 4th/5th,5,NA,130,NA,NA,NA,1,5,NA,8,Russian,No,Yes,Yes,Production,Prod-28,0,NA,NA,NA,NA,NA,quiere la sol,Other,Subjunctive,NA,NA,salir,334324,Irregular,L2L,4th/5th,Late,No,6,0,130,2023,0,0.16666666666666666,-0.5503787506752892,NA,0.0734802565839019,-0.17801248447652016
H32,1,2,L2L 7th/8th,8,NA,130,NA,NA,NA,1,5,NA,8,Russian,No,Yes,Yes,Production,Prod-02,0,NA,NA,NA,NA,NA,quiere escribir,Infinitive,Subjunctive,NA,NA,escribir,265684,Regular,L2L,7th/8th,Late,No,6,36,166,2026,0,0.16666666666666666,-0.6311919470410735,NA,0.0734802565839019,1.0939075625828658
H32,1,2,L2L 7th/8th,8,NA,130,NA,NA,NA,1,5,NA,8,Russian,No,Yes,Yes,Production,Prod-06,0,NA,NA,NA,NA,NA,hacen ejercicio,Indicative,Subjunctive,NA,NA,hacer,2726954,Irregular,L2L,7th/8th,Late,No,6,36,166,2026,0,0.16666666666666666,2.266580427947476,NA,0.0734802565839019,1.0939075625828658
H32,1,2,L2L 7th/8th,8,NA,130,NA,NA,NA,1,5,NA,8,Russian,No,Yes,Yes,Production,Prod-10,1,NA,NA,NA,NA,NA,que abran la puerta,NA,Subjunctive,NA,NA,abrir,143932,Regular,L2L,7th/8th,Late,No,6,36,166,2026,1,0.16666666666666666,-0.7745364733220609,NA,0.0734802565839019,1.0939075625828658
H32,1,2,L2L 7th/8th,8,NA,130,NA,NA,NA,1,5,NA,8,Russian,No,Yes,Yes,Production,Prod-14,0,NA,NA,NA,NA,NA,que sale,Indicative,Subjunctive,NA,NA,ir,603647,Irregular,L2L,7th/8th,Late,No,6,36,166,2026,0,0.16666666666666666,-0.23329173895002495,NA,0.0734802565839019,1.0939075625828658
H32,1,2,L2L 7th/8th,8,NA,130,NA,NA,NA,1,5,NA,8,Russian,No,Yes,Yes,Production,Prod-18,1,NA,NA,NA,NA,NA,coman la comida,NA,Subjunctive,NA,NA,comer,213756,Regular,L2L,7th/8th,Late,No,6,36,166,2026,1,0.16666666666666666,-0.6923292964129041,NA,0.0734802565839019,1.0939075625828658
H32,1,2,L2L 7th/8th,8,NA,130,NA,NA,NA,1,5,NA,8,Russian,No,Yes,Yes,Production,Prod-22,0,NA,NA,NA,NA,NA,que ponen la chaqueta,Indicative,Subjunctive,NA,NA,poner,514285,Irregular,L2L,7th/8th,Late,No,6,36,166,2026,0,0.16666666666666666,-0.33850194952169194,NA,0.0734802565839019,1.0939075625828658
H32,1,2,L2L 7th/8th,8,NA,130,NA,NA,NA,1,5,NA,8,Russian,No,Yes,Yes,Production,Prod-26,0,NA,NA,NA,NA,NA,ve la tv,Indicative,Subjunctive,NA,NA,ver,1611795,Irregular,L2L,7th/8th,Late,No,6,36,166,2026,0,0.16666666666666666,0.9536497279755688,NA,0.0734802565839019,1.0939075625828658
H32,1,2,L2L 7th/8th,8,NA,130,NA,NA,NA,1,5,NA,8,Russian,No,Yes,Yes,Production,Prod-28,0,NA,NA,NA,NA,NA,puede ver el sol,Indicative,Subjunctive,NA,NA,salir,334324,Irregular,L2L,7th/8th,Late,No,6,36,166,2026,0,0.16666666666666666,-0.5503787506752892,NA,0.0734802565839019,1.0939075625828658
H33,1,1,L2L 4th/5th,5,NA,128,NA,NA,NA,2,4,NA,3,"Hindi, Marathi",Yes,Yes,Yes,Production,Prod-02,0,NA,NA,NA,NA,NA,escribir,Infinitive,Subjunctive,NA,NA,escribir,265684,Regular,L2L,4th/5th,Late,No,6,0,128,2023,0,0.3333333333333333,-0.6311919470410735,NA,-0.0031121250467449975,-0.24867470931315272
H33,1,1,L2L 4th/5th,5,NA,128,NA,NA,NA,2,4,NA,3,"Hindi, Marathi",Yes,Yes,Yes,Production,Prod-06,0,NA,NA,NA,NA,NA,hacer ejercicios,Infinitive,Subjunctive,NA,NA,hacer,2726954,Irregular,L2L,4th/5th,Late,No,6,0,128,2023,0,0.3333333333333333,2.266580427947476,NA,-0.0031121250467449975,-0.24867470931315272
H33,1,1,L2L 4th/5th,5,NA,128,NA,NA,NA,2,4,NA,3,"Hindi, Marathi",Yes,Yes,Yes,Production,Prod-10,0,NA,NA,NA,NA,NA,abrir,Infinitive,Subjunctive,NA,NA,abrir,143932,Regular,L2L,4th/5th,Late,No,6,0,128,2023,0,0.3333333333333333,-0.7745364733220609,NA,-0.0031121250467449975,-0.24867470931315272
H33,1,1,L2L 4th/5th,5,NA,128,NA,NA,NA,2,4,NA,3,"Hindi, Marathi",Yes,Yes,Yes,Production,Prod-14,0,NA,NA,NA,NA,NA,se ir,Indicative,Subjunctive,NA,NA,ir,603647,Irregular,L2L,4th/5th,Late,No,6,0,128,2023,0,0.3333333333333333,-0.23329173895002495,NA,-0.0031121250467449975,-0.24867470931315272
H33,1,1,L2L 4th/5th,5,NA,128,NA,NA,NA,2,4,NA,3,"Hindi, Marathi",Yes,Yes,Yes,Production,Prod-18,0,NA,NA,NA,NA,NA,comer,Infinitive,Subjunctive,NA,NA,comer,213756,Regular,L2L,4th/5th,Late,No,6,0,128,2023,0,0.3333333333333333,-0.6923292964129041,NA,-0.0031121250467449975,-0.24867470931315272
H33,1,1,L2L 4th/5th,5,NA,128,NA,NA,NA,2,4,NA,3,"Hindi, Marathi",Yes,Yes,Yes,Production,Prod-22,0,NA,NA,NA,NA,Clitic doubling,lo pone la chaqueta,Indicative,Subjunctive,NA,NA,poner,514285,Irregular,L2L,4th/5th,Late,No,6,0,128,2023,0,0.3333333333333333,-0.33850194952169194,NA,-0.0031121250467449975,-0.24867470931315272
H33,1,1,L2L 4th/5th,5,NA,128,NA,NA,NA,2,4,NA,3,"Hindi, Marathi",Yes,Yes,Yes,Production,Prod-26,0,NA,NA,NA,NA,NA,ve TV,Indicative,Subjunctive,NA,NA,ver,1611795,Irregular,L2L,4th/5th,Late,No,6,0,128,2023,0,0.3333333333333333,0.9536497279755688,NA,-0.0031121250467449975,-0.24867470931315272
H33,1,1,L2L 4th/5th,5,NA,128,NA,NA,NA,2,4,NA,3,"Hindi, Marathi",Yes,Yes,Yes,Production,Prod-28,0,NA,NA,NA,NA,NA,ser sol,Infinitive,Subjunctive,NA,NA,salir,334324,Irregular,L2L,4th/5th,Late,No,6,0,128,2023,0,0.3333333333333333,-0.5503787506752892,NA,-0.0031121250467449975,-0.24867470931315272
H33,1,2,L2L 7th/8th,8,NA,128,NA,NA,NA,2,4,NA,3,"Hindi, Marathi",Yes,Yes,Yes,Production,Prod-02,0,NA,NA,NA,NA,NA,escribir,Infinitive,Subjunctive,NA,NA,escribir,265684,Regular,L2L,7th/8th,Late,No,6,36,164,2026,0,0.3333333333333333,-0.6311919470410735,NA,-0.0031121250467449975,1.0232453377462332
H33,1,2,L2L 7th/8th,8,NA,128,NA,NA,NA,2,4,NA,3,"Hindi, Marathi",Yes,Yes,Yes,Production,Prod-06,1,NA,NA,NA,NA,NA,hacer el gimnasio,Indicative,Subjunctive,NA,NA,hacer,2726954,Irregular,L2L,7th/8th,Late,No,6,36,164,2026,1,0.3333333333333333,2.266580427947476,NA,-0.0031121250467449975,1.0232453377462332
H33,1,2,L2L 7th/8th,8,NA,128,NA,NA,NA,2,4,NA,3,"Hindi, Marathi",Yes,Yes,Yes,Production,Prod-10,0,NA,NA,NA,NA,NA,abrir,Infinitive,Subjunctive,NA,NA,abrir,143932,Regular,L2L,7th/8th,Late,No,6,36,164,2026,0,0.3333333333333333,-0.7745364733220609,NA,-0.0031121250467449975,1.0232453377462332
H33,1,2,L2L 7th/8th,8,NA,128,NA,NA,NA,2,4,NA,3,"Hindi, Marathi",Yes,Yes,Yes,Production,Prod-14,0,NA,NA,NA,NA,NA,irse,Infinitive,Subjunctive,NA,NA,ir,603647,Irregular,L2L,7th/8th,Late,No,6,36,164,2026,0,0.3333333333333333,-0.23329173895002495,NA,-0.0031121250467449975,1.0232453377462332
H33,1,2,L2L 7th/8th,8,NA,128,NA,NA,NA,2,4,NA,3,"Hindi, Marathi",Yes,Yes,Yes,Production,Prod-18,0,NA,NA,NA,NA,NA,come su cena,Indicative,Subjunctive,NA,NA,comer,213756,Regular,L2L,7th/8th,Late,No,6,36,164,2026,0,0.3333333333333333,-0.6923292964129041,NA,-0.0031121250467449975,1.0232453377462332
H33,1,2,L2L 7th/8th,8,NA,128,NA,NA,NA,2,4,NA,3,"Hindi, Marathi",Yes,Yes,Yes,Production,Prod-22,NA,NA,NA,NA,NA,NA,ponen,Indicative,Subjunctive,NA,NA,poner,514285,Irregular,L2L,7th/8th,Late,No,6,36,164,2026,NA,0.3333333333333333,-0.33850194952169194,NA,-0.0031121250467449975,1.0232453377462332
H33,1,2,L2L 7th/8th,8,NA,128,NA,NA,NA,2,4,NA,3,"Hindi, Marathi",Yes,Yes,Yes,Production,Prod-26,0,NA,NA,NA,NA,NA,ver la tele,Infinitive,Subjunctive,NA,NA,ver,1611795,Irregular,L2L,7th/8th,Late,No,6,36,164,2026,0,0.3333333333333333,0.9536497279755688,NA,-0.0031121250467449975,1.0232453377462332
H33,1,2,L2L 7th/8th,8,NA,128,NA,NA,NA,2,4,NA,3,"Hindi, Marathi",Yes,Yes,Yes,Production,Prod-28,1,NA,NA,NA,NA,NA,haya sol,NA,Subjunctive,NA,NA,salir,334324,Irregular,L2L,7th/8th,Late,No,6,36,164,2026,1,0.3333333333333333,-0.5503787506752892,NA,-0.0031121250467449975,1.0232453377462332
H34,1,1,L2L 4th/5th,5,11,132,NA,NA,NA,2,4,3,8,Sinhala,Yes,Yes,Yes,Production,Prod-02,0,NA,NA,NA,NA,NA,escriban,Infinitive,Subjunctive,NA,NA,escribir,265684,Regular,L2L,4th/5th,Late,No,6,0,132,2023,0,0.3333333333333333,-0.6311919470410735,NA,0.1500726382145488,-0.10735025963988762
H34,1,1,L2L 4th/5th,5,11,132,NA,NA,NA,2,4,3,8,Sinhala,Yes,Yes,Yes,Production,Prod-06,0,NA,NA,NA,NA,NA,hacen ed. fisica,Indicative,Subjunctive,NA,NA,hacer,2726954,Irregular,L2L,4th/5th,Late,No,6,0,132,2023,0,0.3333333333333333,2.266580427947476,NA,0.1500726382145488,-0.10735025963988762
H34,1,1,L2L 4th/5th,5,11,132,NA,NA,NA,2,4,3,8,Sinhala,Yes,Yes,Yes,Production,Prod-10,1,NA,NA,NA,NA,NA,abran,NA,Subjunctive,NA,NA,abrir,143932,Regular,L2L,4th/5th,Late,No,6,0,132,2023,1,0.3333333333333333,-0.7745364733220609,NA,0.1500726382145488,-0.10735025963988762
H34,1,1,L2L 4th/5th,5,11,132,NA,NA,NA,2,4,3,8,Sinhala,Yes,Yes,Yes,Production,Prod-14,0,NA,NA,NA,NA,NA,se va,Indicative,Subjunctive,NA,NA,ir,603647,Irregular,L2L,4th/5th,Late,No,6,0,132,2023,0,0.3333333333333333,-0.23329173895002495,NA,0.1500726382145488,-0.10735025963988762
H34,1,1,L2L 4th/5th,5,11,132,NA,NA,NA,2,4,3,8,Sinhala,Yes,Yes,Yes,Production,Prod-18,0,NA,NA,NA,NA,NA,come la comida,Indicative,Subjunctive,NA,NA,comer,213756,Regular,L2L,4th/5th,Late,No,6,0,132,2023,0,0.3333333333333333,-0.6923292964129041,NA,0.1500726382145488,-0.10735025963988762
H34,1,1,L2L 4th/5th,5,11,132,NA,NA,NA,2,4,3,8,Sinhala,Yes,Yes,Yes,Production,Prod-22,NA,NA,NA,NA,NA,NA,se da las chaquetas,Other,Subjunctive,NA,NA,poner,514285,Irregular,L2L,4th/5th,Late,No,6,0,132,2023,NA,0.3333333333333333,-0.33850194952169194,NA,0.1500726382145488,-0.10735025963988762
H34,1,1,L2L 4th/5th,5,11,132,NA,NA,NA,2,4,3,8,Sinhala,Yes,Yes,Yes,Production,Prod-26,0,NA,NA,NA,NA,NA,ve la TV,Indicative,Subjunctive,NA,NA,ver,1611795,Irregular,L2L,4th/5th,Late,No,6,0,132,2023,0,0.3333333333333333,0.9536497279755688,NA,0.1500726382145488,-0.10735025963988762
H34,1,1,L2L 4th/5th,5,11,132,NA,NA,NA,2,4,3,8,Sinhala,Yes,Yes,Yes,Production,Prod-28,0,NA,NA,NA,NA,NA,ser soleado,Infinitive,Subjunctive,NA,NA,salir,334324,Irregular,L2L,4th/5th,Late,No,6,0,132,2023,0,0.3333333333333333,-0.5503787506752892,NA,0.1500726382145488,-0.10735025963988762
H34,1,2,L2L 7th/8th,8,11,132,NA,NA,NA,2,4,3,8,Sinhala,Yes,Yes,Yes,Production,Prod-02,NA,NA,NA,NA,NA,NA,quiere escribir,Infinitive after querer,Subjunctive,NA,NA,escribir,265684,Regular,L2L,7th/8th,Late,No,6,36,168,2026,NA,0.3333333333333333,-0.6311919470410735,NA,0.1500726382145488,1.1645697874194985
H34,1,2,L2L 7th/8th,8,11,132,NA,NA,NA,2,4,3,8,Sinhala,Yes,Yes,Yes,Production,Prod-06,0,NA,NA,NA,NA,NA,hacer actividades,Infinitive,Subjunctive,NA,NA,hacer,2726954,Irregular,L2L,7th/8th,Late,No,6,36,168,2026,0,0.3333333333333333,2.266580427947476,NA,0.1500726382145488,1.1645697874194985
H34,1,2,L2L 7th/8th,8,11,132,NA,NA,NA,2,4,3,8,Sinhala,Yes,Yes,Yes,Production,Prod-10,NA,NA,NA,NA,NA,NA,la puerta sería abierta,Conditional,Subjunctive,NA,NA,abrir,143932,Regular,L2L,7th/8th,Late,No,6,36,168,2026,NA,0.3333333333333333,-0.7745364733220609,NA,0.1500726382145488,1.1645697874194985
H34,1,2,L2L 7th/8th,8,11,132,NA,NA,NA,2,4,3,8,Sinhala,Yes,Yes,Yes,Production,Prod-14,0,NA,NA,NA,NA,NA,salen,Indicative,Subjunctive,NA,NA,ir,603647,Irregular,L2L,7th/8th,Late,No,6,36,168,2026,0,0.3333333333333333,-0.23329173895002495,NA,0.1500726382145488,1.1645697874194985
H34,1,2,L2L 7th/8th,8,11,132,NA,NA,NA,2,4,3,8,Sinhala,Yes,Yes,Yes,Production,Prod-18,0,NA,NA,NA,NA,NA,para comer,Prepositional phrase,Subjunctive,NA,NA,comer,213756,Regular,L2L,7th/8th,Late,No,6,36,168,2026,0,0.3333333333333333,-0.6923292964129041,NA,0.1500726382145488,1.1645697874194985
H34,1,2,L2L 7th/8th,8,11,132,NA,NA,NA,2,4,3,8,Sinhala,Yes,Yes,Yes,Production,Prod-22,0,NA,NA,NA,NA,NA,a poner su chaqueta,Prepositional phrase,Subjunctive,NA,NA,poner,514285,Irregular,L2L,7th/8th,Late,No,6,36,168,2026,0,0.3333333333333333,-0.33850194952169194,NA,0.1500726382145488,1.1645697874194985
H34,1,2,L2L 7th/8th,8,11,132,NA,NA,NA,2,4,3,8,Sinhala,Yes,Yes,Yes,Production,Prod-26,0,NA,NA,NA,NA,NA,mirar la tele,Infinitive,Subjunctive,NA,NA,ver,1611795,Irregular,L2L,7th/8th,Late,No,6,36,168,2026,0,0.3333333333333333,0.9536497279755688,NA,0.1500726382145488,1.1645697874194985
H34,1,2,L2L 7th/8th,8,11,132,NA,NA,NA,2,4,3,8,Sinhala,Yes,Yes,Yes,Production,Prod-28,0,NA,NA,NA,NA,NA,sería soleado,Conditional,Subjunctive,NA,NA,salir,334324,Irregular,L2L,7th/8th,Late,No,6,36,168,2026,0,0.3333333333333333,-0.5503787506752892,NA,0.1500726382145488,1.1645697874194985
H35,1,1,L2L 4th/5th,5,NA,130,NA,NA,NA,2,2,NA,7,Romanian,Yes,Yes,Yes,Production,Prod-02,0,NA,NA,NA,NA,NA,que escritan,Other,Subjunctive,NA,NA,escribir,265684,Regular,L2L,4th/5th,Late,No,4,0,130,2023,0,0.5,-0.6311919470410735,NA,0.0734802565839019,-0.17801248447652016
H35,1,1,L2L 4th/5th,5,NA,130,NA,NA,NA,2,2,NA,7,Romanian,Yes,Yes,Yes,Production,Prod-06,0,NA,NA,NA,NA,NA,quiere que hacen ejercicio,Infinitive,Subjunctive,NA,NA,hacer,2726954,Irregular,L2L,4th/5th,Late,No,4,0,130,2023,0,0.5,2.266580427947476,NA,0.0734802565839019,-0.17801248447652016
H35,1,1,L2L 4th/5th,5,NA,130,NA,NA,NA,2,2,NA,7,Romanian,Yes,Yes,Yes,Production,Prod-10,0,NA,NA,NA,NA,NA,que la puerta abrir,Infinitive,Subjunctive,NA,NA,abrir,143932,Regular,L2L,4th/5th,Late,No,4,0,130,2023,0,0.5,-0.7745364733220609,NA,0.0734802565839019,-0.17801248447652016
H35,1,1,L2L 4th/5th,5,NA,130,NA,NA,NA,2,2,NA,7,Romanian,Yes,Yes,Yes,Production,Prod-14,NA,NA,NA,NA,NA,"Removed 0 for accuracy, not real verb -Jen",exitar,Regular verb,Subjunctive,NA,NA,ir,603647,Irregular,L2L,4th/5th,Late,No,4,0,130,2023,NA,0.5,-0.23329173895002495,NA,0.0734802565839019,-0.17801248447652016
H35,1,1,L2L 4th/5th,5,NA,130,NA,NA,NA,2,2,NA,7,Romanian,Yes,Yes,Yes,Production,Prod-18,0,NA,NA,NA,NA,NA,que ellos comen la comida,Indicative,Subjunctive,NA,NA,comer,213756,Regular,L2L,4th/5th,Late,No,4,0,130,2023,0,0.5,-0.6923292964129041,NA,0.0734802565839019,-0.17801248447652016
H35,1,1,L2L 4th/5th,5,NA,130,NA,NA,NA,2,2,NA,7,Romanian,Yes,Yes,Yes,Production,Prod-22,NA,NA,NA,NA,NA,NA,que wear,English,Subjunctive,NA,NA,poner,514285,Irregular,L2L,4th/5th,Late,No,4,0,130,2023,NA,0.5,-0.33850194952169194,NA,0.0734802565839019,-0.17801248447652016
H35,1,1,L2L 4th/5th,5,NA,130,NA,NA,NA,2,2,NA,7,Romanian,Yes,Yes,Yes,Production,Prod-26,0,NA,NA,NA,NA,NA,verla,Infinitive,Subjunctive,NA,NA,ver,1611795,Irregular,L2L,4th/5th,Late,No,4,0,130,2023,0,0.5,0.9536497279755688,NA,0.0734802565839019,-0.17801248447652016
H35,1,1,L2L 4th/5th,5,NA,130,NA,NA,NA,2,2,NA,7,Romanian,Yes,Yes,Yes,Production,Prod-28,0,NA,NA,NA,NA,NA,que hay sol,Indicative,Subjunctive,NA,NA,salir,334324,Irregular,L2L,4th/5th,Late,No,4,0,130,2023,0,0.5,-0.5503787506752892,NA,0.0734802565839019,-0.17801248447652016
H35,1,2,L2L 7th/8th,8,NA,130,NA,NA,NA,2,2,NA,7,Romanian,Yes,Yes,Yes,Production,Prod-02,0,NA,NA,NA,NA,NA,quiere escribir,Infinitive,Subjunctive,NA,NA,escribir,265684,Regular,L2L,7th/8th,Late,No,4,36,166,2026,0,0.5,-0.6311919470410735,NA,0.0734802565839019,1.0939075625828658
H35,1,2,L2L 7th/8th,8,NA,130,NA,NA,NA,2,2,NA,7,Romanian,Yes,Yes,Yes,Production,Prod-06,0,NA,NA,NA,NA,NA,quiere que hacer deportes,Infinitive,Subjunctive,NA,NA,hacer,2726954,Irregular,L2L,7th/8th,Late,No,4,36,166,2026,0,0.5,2.266580427947476,NA,0.0734802565839019,1.0939075625828658
H35,1,2,L2L 7th/8th,8,NA,130,NA,NA,NA,2,2,NA,7,Romanian,Yes,Yes,Yes,Production,Prod-10,0,NA,NA,NA,NA,NA,que abrir,Infinitive,Subjunctive,NA,NA,abrir,143932,Regular,L2L,7th/8th,Late,No,4,36,166,2026,0,0.5,-0.7745364733220609,NA,0.0734802565839019,1.0939075625828658
H35,1,2,L2L 7th/8th,8,NA,130,NA,NA,NA,2,2,NA,7,Romanian,Yes,Yes,Yes,Production,Prod-14,0,NA,NA,NA,NA,NA,que exitar,Infinitive,Subjunctive,NA,NA,ir,603647,Irregular,L2L,7th/8th,Late,No,4,36,166,2026,0,0.5,-0.23329173895002495,NA,0.0734802565839019,1.0939075625828658
H35,1,2,L2L 7th/8th,8,NA,130,NA,NA,NA,2,2,NA,7,Romanian,Yes,Yes,Yes,Production,Prod-18,0,NA,NA,NA,NA,NA,que come,Indicative,Subjunctive,NA,NA,comer,213756,Regular,L2L,7th/8th,Late,No,4,36,166,2026,0,0.5,-0.6923292964129041,NA,0.0734802565839019,1.0939075625828658
H35,1,2,L2L 7th/8th,8,NA,130,NA,NA,NA,2,2,NA,7,Romanian,Yes,Yes,Yes,Production,Prod-22,1,NA,NA,NA,NA,NA,se remueva la chaqueta,NA,Subjunctive,NA,NA,poner,514285,Irregular,L2L,7th/8th,Late,No,4,36,166,2026,1,0.5,-0.33850194952169194,NA,0.0734802565839019,1.0939075625828658
H35,1,2,L2L 7th/8th,8,NA,130,NA,NA,NA,2,2,NA,7,Romanian,Yes,Yes,Yes,Production,Prod-26,0,NA,NA,NA,NA,NA,ver el televisión,Infinitive,Subjunctive,NA,NA,ver,1611795,Irregular,L2L,7th/8th,Late,No,4,36,166,2026,0,0.5,0.9536497279755688,NA,0.0734802565839019,1.0939075625828658
H35,1,2,L2L 7th/8th,8,NA,130,NA,NA,NA,2,2,NA,7,Romanian,Yes,Yes,Yes,Production,Prod-28,0,NA,NA,NA,NA,NA,que hay sol,Indicative,Subjunctive,NA,NA,salir,334324,Irregular,L2L,7th/8th,Late,No,4,36,166,2026,0,0.5,-0.5503787506752892,NA,0.0734802565839019,1.0939075625828658
H36,1,1,L2L 7th/8th,7,NA,155,NA,NA,NA,2,4,NA,3,L2 learner,L2,L2,L2,Production,Prod-02,0,NA,NA,NA,NA,NA,como escribir una pictura,Infinitive,Subjunctive,NA,NA,escribir,265684,Regular,L2L,7th/8th,Late,No,6,0,155,2023,0,0.3333333333333333,-0.6311919470410735,NA,1.0308850269669882,0.7052653259813868
H36,1,1,L2L 7th/8th,7,NA,155,NA,NA,NA,2,4,NA,3,L2 learner,L2,L2,L2,Production,Prod-06,0,NA,NA,NA,NA,Added 0 for accuracy -Jen,los niños jugar deportes,Infinitive,Subjunctive,NA,NA,hacer,2726954,Irregular,L2L,7th/8th,Late,No,6,0,155,2023,0,0.3333333333333333,2.266580427947476,NA,1.0308850269669882,0.7052653259813868
H36,1,1,L2L 7th/8th,7,NA,155,NA,NA,NA,2,4,NA,3,L2 learner,L2,L2,L2,Production,Prod-10,0,NA,NA,NA,NA,NA,abrir la puerta,Infinitive,Subjunctive,NA,NA,abrir,143932,Regular,L2L,7th/8th,Late,No,6,0,155,2023,0,0.3333333333333333,-0.7745364733220609,NA,1.0308850269669882,0.7052653259813868
H36,1,1,L2L 7th/8th,7,NA,155,NA,NA,NA,2,4,NA,3,L2 learner,L2,L2,L2,Production,Prod-14,0,NA,NA,NA,NA,NA,salir,Infinitive,Subjunctive,NA,NA,ir,603647,Irregular,L2L,7th/8th,Late,No,6,0,155,2023,0,0.3333333333333333,-0.23329173895002495,NA,1.0308850269669882,0.7052653259813868
H36,1,1,L2L 7th/8th,7,NA,155,NA,NA,NA,2,4,NA,3,L2 learner,L2,L2,L2,Production,Prod-18,0,NA,NA,NA,NA,NA,comer el comida,Infinitive,Subjunctive,NA,NA,comer,213756,Regular,L2L,7th/8th,Late,No,6,0,155,2023,0,0.3333333333333333,-0.6923292964129041,NA,1.0308850269669882,0.7052653259813868
H36,1,1,L2L 7th/8th,7,NA,155,NA,NA,NA,2,4,NA,3,L2 learner,L2,L2,L2,Production,Prod-22,0,NA,NA,NA,NA,NA,añadir a la ropa,Infinitive,Subjunctive,NA,NA,poner,514285,Irregular,L2L,7th/8th,Late,No,6,0,155,2023,0,0.3333333333333333,-0.33850194952169194,NA,1.0308850269669882,0.7052653259813868
H36,1,1,L2L 7th/8th,7,NA,155,NA,NA,NA,2,4,NA,3,L2 learner,L2,L2,L2,Production,Prod-26,0,NA,NA,NA,NA,NA,ver la televisión,Infinitive,Subjunctive,NA,NA,ver,1611795,Irregular,L2L,7th/8th,Late,No,6,0,155,2023,0,0.3333333333333333,0.9536497279755688,NA,1.0308850269669882,0.7052653259813868
H36,1,1,L2L 7th/8th,7,NA,155,NA,NA,NA,2,4,NA,3,L2 learner,L2,L2,L2,Production,Prod-28,NA,NA,NA,NA,NA,Removed 0 for accuracy -Jen,el sol,Other,Subjunctive,NA,NA,salir,334324,Irregular,L2L,7th/8th,Late,No,6,0,155,2023,NA,0.3333333333333333,-0.5503787506752892,NA,1.0308850269669882,0.7052653259813868
H37,1,1,L2L 7th/8th,8,NA,174,NA,NA,NA,3,3,NA,3,L2 learner,L2,L2,L2,Production,Prod-02,0,NA,NA,NA,NA,NA,escribir,Infinitive,Subjunctive,NA,NA,escribir,265684,Regular,L2L,7th/8th,Late,No,6,0,174,2023,0,0.5,-0.6311919470410735,NA,1.7585126524581336,1.376556461929396
H37,1,1,L2L 7th/8th,8,NA,174,NA,NA,NA,3,3,NA,3,L2 learner,L2,L2,L2,Production,Prod-06,0,NA,NA,NA,NA,NA,hacer algo,Indicative,Subjunctive,NA,NA,hacer,2726954,Irregular,L2L,7th/8th,Late,No,6,0,174,2023,0,0.5,2.266580427947476,NA,1.7585126524581336,1.376556461929396
H37,1,1,L2L 7th/8th,8,NA,174,NA,NA,NA,3,3,NA,3,L2 learner,L2,L2,L2,Production,Prod-10,0,NA,NA,NA,NA,NA,para abrir puerta,Infinitive,Subjunctive,NA,NA,abrir,143932,Regular,L2L,7th/8th,Late,No,6,0,174,2023,0,0.5,-0.7745364733220609,NA,1.7585126524581336,1.376556461929396
H37,1,1,L2L 7th/8th,8,NA,174,NA,NA,NA,3,3,NA,3,L2 learner,L2,L2,L2,Production,Prod-14,0,NA,NA,NA,NA,NA,para salir,Infinitive,Subjunctive,NA,NA,ir,603647,Irregular,L2L,7th/8th,Late,No,6,0,174,2023,0,0.5,-0.23329173895002495,NA,1.7585126524581336,1.376556461929396
H37,1,1,L2L 7th/8th,8,NA,174,NA,NA,NA,3,3,NA,3,L2 learner,L2,L2,L2,Production,Prod-18,0,NA,NA,NA,NA,NA,comer ello cocinar,Omission,Subjunctive,NA,NA,comer,213756,Regular,L2L,7th/8th,Late,No,6,0,174,2023,0,0.5,-0.6923292964129041,NA,1.7585126524581336,1.376556461929396
H37,1,1,L2L 7th/8th,8,NA,174,NA,NA,NA,3,3,NA,3,L2 learner,L2,L2,L2,Production,Prod-22,0,NA,NA,NA,NA,NA,ponen chaqueta,Indicative,Subjunctive,NA,NA,poner,514285,Irregular,L2L,7th/8th,Late,No,6,0,174,2023,0,0.5,-0.33850194952169194,NA,1.7585126524581336,1.376556461929396
H37,1,1,L2L 7th/8th,8,NA,174,NA,NA,NA,3,3,NA,3,L2 learner,L2,L2,L2,Production,Prod-26,0,NA,NA,NA,NA,NA,mirar hacia TV,Infinitive,Subjunctive,NA,NA,ver,1611795,Irregular,L2L,7th/8th,Late,No,6,0,174,2023,0,0.5,0.9536497279755688,NA,1.7585126524581336,1.376556461929396
H37,1,1,L2L 7th/8th,8,NA,174,NA,NA,NA,3,3,NA,3,L2 learner,L2,L2,L2,Production,Prod-28,NA,NA,NA,NA,NA,Removed accuracy code 0 -Jen,N/A,Other,Subjunctive,NA,NA,salir,334324,Irregular,L2L,7th/8th,Late,No,6,0,174,2023,NA,0.5,-0.5503787506752892,NA,1.7585126524581336,1.376556461929396
H38,1,1,HS 7th/8th,7,NA,159,NA,NA,NA,2,5,NA,8,Heritage Spanish,NA,NA,NA,Production,Prod-02,0,NA,NA,NA,NA,NA,estás escribiendo,NA,Subjunctive,NA,NA,escribir,265684,Regular,HS,7th/8th,Late,No,7,0,159,2023,0,0.2857142857142857,-0.6311919470410735,NA,1.184069790228282,0.8465897756546519
H38,1,1,HS 7th/8th,7,NA,159,NA,NA,NA,2,5,NA,8,Heritage Spanish,NA,NA,NA,Production,Prod-06,0,NA,NA,NA,NA,NA,que juegan y hacer ejercicio,NA,Subjunctive,NA,NA,hacer,2726954,Irregular,HS,7th/8th,Late,No,7,0,159,2023,0,0.2857142857142857,2.266580427947476,NA,1.184069790228282,0.8465897756546519
H38,1,1,HS 7th/8th,7,NA,159,NA,NA,NA,2,5,NA,8,Heritage Spanish,NA,NA,NA,Production,Prod-10,0,NA,NA,NA,NA,Added code 0 for accuracy,abrir la puerta,Infinitive,Subjunctive,NA,NA,abrir,143932,Regular,HS,7th/8th,Late,No,7,0,159,2023,0,0.2857142857142857,-0.7745364733220609,NA,1.184069790228282,0.8465897756546519
H38,1,1,HS 7th/8th,7,NA,159,NA,NA,NA,2,5,NA,8,Heritage Spanish,NA,NA,NA,Production,Prod-14,0,NA,NA,NA,NA,NA,que salen,indicative,Subjunctive,NA,NA,ir,603647,Irregular,HS,7th/8th,Late,No,7,0,159,2023,0,0.2857142857142857,-0.23329173895002495,NA,1.184069790228282,0.8465897756546519
H38,1,1,HS 7th/8th,7,NA,159,NA,NA,NA,2,5,NA,8,Heritage Spanish,NA,NA,NA,Production,Prod-18,0,NA,NA,NA,NA,Added 0 code for accuracy -Jen,comen la comida,Indicative,Subjunctive,NA,NA,comer,213756,Regular,HS,7th/8th,Late,No,7,0,159,2023,0,0.2857142857142857,-0.6923292964129041,NA,1.184069790228282,0.8465897756546519
H38,1,1,HS 7th/8th,7,NA,159,NA,NA,NA,2,5,NA,8,Heritage Spanish,NA,NA,NA,Production,Prod-22,0,NA,NA,NA,NA,NA,que ponen las chaquetas,NA,Subjunctive,NA,NA,poner,514285,Irregular,HS,7th/8th,Late,No,7,0,159,2023,0,0.2857142857142857,-0.33850194952169194,NA,1.184069790228282,0.8465897756546519
H38,1,1,HS 7th/8th,7,NA,159,NA,NA,NA,2,5,NA,8,Heritage Spanish,NA,NA,NA,Production,Prod-26,0,NA,NA,NA,NA,NA,mirar la televisión,Infinitive,Subjunctive,NA,NA,ver,1611795,Irregular,HS,7th/8th,Late,No,7,0,159,2023,0,0.2857142857142857,0.9536497279755688,NA,1.184069790228282,0.8465897756546519
H38,1,1,HS 7th/8th,7,NA,159,NA,NA,NA,2,5,NA,8,Heritage Spanish,NA,NA,NA,Production,Prod-28,NA,NA,NA,NA,NA,NA,una mañana más soleado,NA,Subjunctive,NA,NA,salir,334324,Irregular,HS,7th/8th,Late,No,7,0,159,2023,NA,0.2857142857142857,-0.5503787506752892,NA,1.184069790228282,0.8465897756546519
H39,1,1,L2L 7th/8th,7,NA,159,NA,NA,NA,4,3,NA,8,L2 learner,L2,L2,L2,Production,Prod-02,0,NA,NA,NA,NA,NA,escribe,Indicative,Subjunctive,NA,NA,escribir,265684,Regular,L2L,7th/8th,Late,No,7,0,159,2023,0,0.5714285714285714,-0.6311919470410735,NA,1.184069790228282,0.8465897756546519
H39,1,1,L2L 7th/8th,7,NA,159,NA,NA,NA,4,3,NA,8,L2 learner,L2,L2,L2,Production,Prod-06,0,NA,NA,NA,NA,NA,tienen energía,Indicative,Subjunctive,NA,NA,hacer,2726954,Irregular,L2L,7th/8th,Late,No,7,0,159,2023,0,0.5714285714285714,2.266580427947476,NA,1.184069790228282,0.8465897756546519
H39,1,1,L2L 7th/8th,7,NA,159,NA,NA,NA,4,3,NA,8,L2 learner,L2,L2,L2,Production,Prod-10,0,NA,NA,NA,NA,NA,abren la puerta,Indicative,Subjunctive,NA,NA,abrir,143932,Regular,L2L,7th/8th,Late,No,7,0,159,2023,0,0.5714285714285714,-0.7745364733220609,NA,1.184069790228282,0.8465897756546519
H39,1,1,L2L 7th/8th,7,NA,159,NA,NA,NA,4,3,NA,8,L2 learner,L2,L2,L2,Production,Prod-14,NA,NA,NA,NA,NA,Removed code 0 for accuracy -Jen,quiere que ellos exitan,Other,Subjunctive,NA,NA,ir,603647,Irregular,L2L,7th/8th,Late,No,7,0,159,2023,NA,0.5714285714285714,-0.23329173895002495,NA,1.184069790228282,0.8465897756546519
H39,1,1,L2L 7th/8th,7,NA,159,NA,NA,NA,4,3,NA,8,L2 learner,L2,L2,L2,Production,Prod-18,0,NA,NA,NA,NA,NA,quiere que comen,Indicative,Subjunctive,NA,NA,comer,213756,Regular,L2L,7th/8th,Late,No,7,0,159,2023,0,0.5714285714285714,-0.6923292964129041,NA,1.184069790228282,0.8465897756546519
H39,1,1,L2L 7th/8th,7,NA,159,NA,NA,NA,4,3,NA,8,L2 learner,L2,L2,L2,Production,Prod-22,0,NA,NA,NA,NA,NA,ponen la chaqueta,Indicative,Subjunctive,NA,NA,poner,514285,Irregular,L2L,7th/8th,Late,No,7,0,159,2023,0,0.5714285714285714,-0.33850194952169194,NA,1.184069790228282,0.8465897756546519
H39,1,1,L2L 7th/8th,7,NA,159,NA,NA,NA,4,3,NA,8,L2 learner,L2,L2,L2,Production,Prod-26,0,NA,NA,NA,NA,NA,ver el televisión,Indicative,Subjunctive,NA,NA,ver,1611795,Irregular,L2L,7th/8th,Late,No,7,0,159,2023,0,0.5714285714285714,0.9536497279755688,NA,1.184069790228282,0.8465897756546519
H39,1,1,L2L 7th/8th,7,NA,159,NA,NA,NA,4,3,NA,8,L2 learner,L2,L2,L2,Production,Prod-28,0,NA,NA,NA,NA,NA,esta soleado,Indicative,Subjunctive,NA,NA,salir,334324,Irregular,L2L,7th/8th,Late,No,7,0,159,2023,0,0.5714285714285714,-0.5503787506752892,NA,1.184069790228282,0.8465897756546519
H40,1,1,L2L 7th/8th,7,NA,155,NA,NA,NA,4,4,NA,8,Sinhala,Yes,Yes,Yes,Production,Prod-02,0,NA,NA,NA,NA,NA,escribir,infinitive,Subjunctive,NA,NA,escribir,265684,Regular,L2L,7th/8th,Late,No,8,0,155,2023,0,0.5,-0.6311919470410735,NA,1.0308850269669882,0.7052653259813868
H40,1,1,L2L 7th/8th,7,NA,155,NA,NA,NA,4,4,NA,8,Sinhala,Yes,Yes,Yes,Production,Prod-06,0,NA,NA,NA,NA,NA,jugar,Infinitive,Subjunctive,NA,NA,hacer,2726954,Irregular,L2L,7th/8th,Late,No,8,0,155,2023,0,0.5,2.266580427947476,NA,1.0308850269669882,0.7052653259813868
H40,1,1,L2L 7th/8th,7,NA,155,NA,NA,NA,4,4,NA,8,Sinhala,Yes,Yes,Yes,Production,Prod-10,0,NA,NA,NA,NA,NA,abrir la puerta,Infinitive,Subjunctive,NA,NA,abrir,143932,Regular,L2L,7th/8th,Late,No,8,0,155,2023,0,0.5,-0.7745364733220609,NA,1.0308850269669882,0.7052653259813868
H40,1,1,L2L 7th/8th,7,NA,155,NA,NA,NA,4,4,NA,8,Sinhala,Yes,Yes,Yes,Production,Prod-14,1,NA,NA,NA,NA,NA,que entren,NA,Subjunctive,NA,NA,ir,603647,Irregular,L2L,7th/8th,Late,No,8,0,155,2023,1,0.5,-0.23329173895002495,NA,1.0308850269669882,0.7052653259813868
H40,1,1,L2L 7th/8th,7,NA,155,NA,NA,NA,4,4,NA,8,Sinhala,Yes,Yes,Yes,Production,Prod-18,0,NA,NA,NA,NA,NA,comer la comida,infinitive,Subjunctive,NA,NA,comer,213756,Regular,L2L,7th/8th,Late,No,8,0,155,2023,0,0.5,-0.6923292964129041,NA,1.0308850269669882,0.7052653259813868
H40,1,1,L2L 7th/8th,7,NA,155,NA,NA,NA,4,4,NA,8,Sinhala,Yes,Yes,Yes,Production,Prod-22,0,NA,NA,NA,NA,NA,ponerse,NA,Subjunctive,NA,NA,poner,514285,Irregular,L2L,7th/8th,Late,No,8,0,155,2023,0,0.5,-0.33850194952169194,NA,1.0308850269669882,0.7052653259813868
H40,1,1,L2L 7th/8th,7,NA,155,NA,NA,NA,4,4,NA,8,Sinhala,Yes,Yes,Yes,Production,Prod-26,0,NA,NA,NA,NA,NA,ver TV,Infinitive,Subjunctive,NA,NA,ver,1611795,Irregular,L2L,7th/8th,Late,No,8,0,155,2023,0,0.5,0.9536497279755688,NA,1.0308850269669882,0.7052653259813868
H40,1,1,L2L 7th/8th,7,NA,155,NA,NA,NA,4,4,NA,8,Sinhala,Yes,Yes,Yes,Production,Prod-28,0,NA,NA,NA,NA,NA,que es soleado afuera,Indicative,Subjunctive,NA,NA,salir,334324,Irregular,L2L,7th/8th,Late,No,8,0,155,2023,0,0.5,-0.5503787506752892,NA,1.0308850269669882,0.7052653259813868
H41,1,1,L2L 4th/5th,5,NA,139,NA,NA,NA,2,1,NA,7,L2 learner,L2,L2,L2,Production,Prod-02,0,NA,NA,NA,NA,NA,puede ver un niño,Infinitive,Subjunctive,NA,NA,escribir,265684,Regular,L2L,4th/5th,Late,No,3,0,139,2023,0,0.6666666666666666,-0.6311919470410735,NA,0.41814597392181296,0.13996752728832632
H41,1,1,L2L 4th/5th,5,NA,139,NA,NA,NA,2,1,NA,7,L2 learner,L2,L2,L2,Production,Prod-06,0,NA,NA,NA,NA,NA,que se hacen ejercicio,Other,Subjunctive,NA,NA,hacer,2726954,Irregular,L2L,4th/5th,Late,No,3,0,139,2023,0,0.6666666666666666,2.266580427947476,NA,0.41814597392181296,0.13996752728832632
H41,1,1,L2L 4th/5th,5,NA,139,NA,NA,NA,2,1,NA,7,L2 learner,L2,L2,L2,Production,Prod-10,0,NA,NA,NA,NA,NA,quiere que se abre la puerta,Indicative,Subjunctive,NA,NA,abrir,143932,Regular,L2L,4th/5th,Late,No,3,0,139,2023,0,0.6666666666666666,-0.7745364733220609,NA,0.41814597392181296,0.13996752728832632
H41,1,1,L2L 4th/5th,5,NA,139,NA,NA,NA,2,1,NA,7,L2 learner,L2,L2,L2,Production,Prod-14,0,NA,NA,NA,NA,Se,quiere que se salen,Indicative,Subjunctive,NA,NA,ir,603647,Irregular,L2L,4th/5th,Late,No,3,0,139,2023,0,0.6666666666666666,-0.23329173895002495,NA,0.41814597392181296,0.13996752728832632
H41,1,1,L2L 4th/5th,5,NA,139,NA,NA,NA,2,1,NA,7,L2 learner,L2,L2,L2,Production,Prod-18,0,NA,NA,NA,NA,Se,quiere que se comen,Omission,Subjunctive,NA,NA,comer,213756,Regular,L2L,4th/5th,Late,No,3,0,139,2023,0,0.6666666666666666,-0.6923292964129041,NA,0.41814597392181296,0.13996752728832632
H41,1,1,L2L 4th/5th,5,NA,139,NA,NA,NA,2,1,NA,7,L2 learner,L2,L2,L2,Production,Prod-22,0,NA,NA,NA,NA,NA,quiere que se ponen,DP,Subjunctive,NA,NA,poner,514285,Irregular,L2L,4th/5th,Late,No,3,0,139,2023,0,0.6666666666666666,-0.33850194952169194,NA,0.41814597392181296,0.13996752728832632
H41,1,1,L2L 4th/5th,5,NA,139,NA,NA,NA,2,1,NA,7,L2 learner,L2,L2,L2,Production,Prod-26,0,NA,NA,NA,NA,NA,quiere que se ve la tele,Infinitive,Subjunctive,NA,NA,ver,1611795,Irregular,L2L,4th/5th,Late,No,3,0,139,2023,0,0.6666666666666666,0.9536497279755688,NA,0.41814597392181296,0.13996752728832632
H41,1,1,L2L 4th/5th,5,NA,139,NA,NA,NA,2,1,NA,7,L2 learner,L2,L2,L2,Production,Prod-28,0,NA,NA,NA,NA,NA,quiere que hay sol,Indicative,Subjunctive,NA,NA,salir,334324,Irregular,L2L,4th/5th,Late,No,3,0,139,2023,0,0.6666666666666666,-0.5503787506752892,NA,0.41814597392181296,0.13996752728832632
H41,1,2,L2L 7th/8th,8,NA,139,NA,NA,NA,2,1,NA,7,L2 learner,L2,L2,L2,Production,Prod-02,0,NA,NA,NA,NA,NA,les escriben,Indicative,Subjunctive,NA,NA,escribir,265684,Regular,L2L,7th/8th,Late,No,3,36,175,2026,0,0.6666666666666666,-0.6311919470410735,NA,0.41814597392181296,1.4118875743477124
H41,1,2,L2L 7th/8th,8,NA,139,NA,NA,NA,2,1,NA,7,L2 learner,L2,L2,L2,Production,Prod-06,1,NA,NA,NA,NA,NA,que haga ejercicio,NA,Subjunctive,NA,NA,hacer,2726954,Irregular,L2L,7th/8th,Late,No,3,36,175,2026,1,0.6666666666666666,2.266580427947476,NA,0.41814597392181296,1.4118875743477124
H41,1,2,L2L 7th/8th,8,NA,139,NA,NA,NA,2,1,NA,7,L2 learner,L2,L2,L2,Production,Prod-10,0,NA,NA,NA,NA,NA,que abren la puerta,Indicative,Subjunctive,NA,NA,abrir,143932,Regular,L2L,7th/8th,Late,No,3,36,175,2026,0,0.6666666666666666,-0.7745364733220609,NA,0.41814597392181296,1.4118875743477124
H41,1,2,L2L 7th/8th,8,NA,139,NA,NA,NA,2,1,NA,7,L2 learner,L2,L2,L2,Production,Prod-14,0,NA,NA,NA,NA,NA,que los niños salen,Indicative,Subjunctive,NA,NA,ir,603647,Irregular,L2L,7th/8th,Late,No,3,36,175,2026,0,0.6666666666666666,-0.23329173895002495,NA,0.41814597392181296,1.4118875743477124
H41,1,2,L2L 7th/8th,8,NA,139,NA,NA,NA,2,1,NA,7,L2 learner,L2,L2,L2,Production,Prod-18,1,NA,NA,NA,NA,NA,que les coma pollo,NA,Subjunctive,NA,NA,comer,213756,Regular,L2L,7th/8th,Late,No,3,36,175,2026,1,0.6666666666666666,-0.6923292964129041,NA,0.41814597392181296,1.4118875743477124
H41,1,2,L2L 7th/8th,8,NA,139,NA,NA,NA,2,1,NA,7,L2 learner,L2,L2,L2,Production,Prod-22,0,NA,NA,NA,NA,NA,que ponen las chaquetas,NA,Subjunctive,NA,NA,poner,514285,Irregular,L2L,7th/8th,Late,No,3,36,175,2026,0,0.6666666666666666,-0.33850194952169194,NA,0.41814597392181296,1.4118875743477124
H41,1,2,L2L 7th/8th,8,NA,139,NA,NA,NA,2,1,NA,7,L2 learner,L2,L2,L2,Production,Prod-26,0,NA,NA,NA,NA,NA,ven la tele,Indicative,Subjunctive,NA,NA,ver,1611795,Irregular,L2L,7th/8th,Late,No,3,36,175,2026,0,0.6666666666666666,0.9536497279755688,NA,0.41814597392181296,1.4118875743477124
H41,1,2,L2L 7th/8th,8,NA,139,NA,NA,NA,2,1,NA,7,L2 learner,L2,L2,L2,Production,Prod-28,0,NA,NA,NA,NA,NA,que es salido,Indicative,Subjunctive,NA,NA,salir,334324,Irregular,L2L,7th/8th,Late,No,3,36,175,2026,0,0.6666666666666666,-0.5503787506752892,NA,0.41814597392181296,1.4118875743477124
H42,1,1,L2L 4th/5th,5,NA,132,NA,NA,NA,2,5,NA,3,Mandarin,Yes,No,No,Production,Prod-02,0,NA,NA,NA,NA,NA,escribir,Infinitive,Subjunctive,NA,NA,escribir,265684,Regular,L2L,4th/5th,Late,No,7,0,132,2023,0,0.2857142857142857,-0.6311919470410735,NA,0.1500726382145488,-0.10735025963988762
H42,1,1,L2L 4th/5th,5,NA,132,NA,NA,NA,2,5,NA,3,Mandarin,Yes,No,No,Production,Prod-06,0,NA,NA,NA,NA,NA,jugar,Infinitive,Subjunctive,NA,NA,hacer,2726954,Irregular,L2L,4th/5th,Late,No,7,0,132,2023,0,0.2857142857142857,2.266580427947476,NA,0.1500726382145488,-0.10735025963988762
H42,1,1,L2L 4th/5th,5,NA,132,NA,NA,NA,2,5,NA,3,Mandarin,Yes,No,No,Production,Prod-10,0,NA,NA,NA,NA,NA,abrir la puerta,NA,Subjunctive,NA,NA,abrir,143932,Regular,L2L,4th/5th,Late,No,7,0,132,2023,0,0.2857142857142857,-0.7745364733220609,NA,0.1500726382145488,-0.10735025963988762
H42,1,1,L2L 4th/5th,5,NA,132,NA,NA,NA,2,5,NA,3,Mandarin,Yes,No,No,Production,Prod-14,1,NA,NA,NA,NA,Changed accuracy from 0 to 1 -Jen,que entren,NA,Subjunctive,NA,NA,ir,603647,Irregular,L2L,4th/5th,Late,No,7,0,132,2023,1,0.2857142857142857,-0.23329173895002495,NA,0.1500726382145488,-0.10735025963988762
H42,1,1,L2L 4th/5th,5,NA,132,NA,NA,NA,2,5,NA,3,Mandarin,Yes,No,No,Production,Prod-18,0,NA,NA,NA,NA,NA,comer la comida,Infinitive,Subjunctive,NA,NA,comer,213756,Regular,L2L,4th/5th,Late,No,7,0,132,2023,0,0.2857142857142857,-0.6923292964129041,NA,0.1500726382145488,-0.10735025963988762
H42,1,1,L2L 4th/5th,5,NA,132,NA,NA,NA,2,5,NA,3,Mandarin,Yes,No,No,Production,Prod-22,0,NA,NA,NA,NA,NA,ponerse,Infinitive,Subjunctive,NA,NA,poner,514285,Irregular,L2L,4th/5th,Late,No,7,0,132,2023,0,0.2857142857142857,-0.33850194952169194,NA,0.1500726382145488,-0.10735025963988762
H42,1,1,L2L 4th/5th,5,NA,132,NA,NA,NA,2,5,NA,3,Mandarin,Yes,No,No,Production,Prod-26,0,NA,NA,NA,NA,NA,ver television,Infinitive,Subjunctive,NA,NA,ver,1611795,Irregular,L2L,4th/5th,Late,No,7,0,132,2023,0,0.2857142857142857,0.9536497279755688,NA,0.1500726382145488,-0.10735025963988762
H42,1,1,L2L 4th/5th,5,NA,132,NA,NA,NA,2,5,NA,3,Mandarin,Yes,No,No,Production,Prod-28,0,NA,NA,NA,NA,NA,que es soleado afuera,Indicative,Subjunctive,NA,NA,salir,334324,Irregular,L2L,4th/5th,Late,No,7,0,132,2023,0,0.2857142857142857,-0.5503787506752892,NA,0.1500726382145488,-0.10735025963988762
H42,1,2,L2L 7th/8th,8,NA,132,NA,NA,NA,2,5,NA,3,Mandarin,Yes,No,No,Production,Prod-02,0,NA,NA,NA,NA,NA,escriben,Indicative,Subjunctive,NA,NA,escribir,265684,Regular,L2L,7th/8th,Late,No,7,36,168,2026,0,0.2857142857142857,-0.6311919470410735,NA,0.1500726382145488,1.1645697874194985
H42,1,2,L2L 7th/8th,8,NA,132,NA,NA,NA,2,5,NA,3,Mandarin,Yes,No,No,Production,Prod-06,0,NA,NA,NA,NA,NA,que las niñas participan**,Indicative,Subjunctive,NA,NA,hacer,2726954,Irregular,L2L,7th/8th,Late,No,7,36,168,2026,0,0.2857142857142857,2.266580427947476,NA,0.1500726382145488,1.1645697874194985
H42,1,2,L2L 7th/8th,8,NA,132,NA,NA,NA,2,5,NA,3,Mandarin,Yes,No,No,Production,Prod-10,0,NA,NA,NA,NA,NA,abren la puerta,Indicative,Subjunctive,NA,NA,abrir,143932,Regular,L2L,7th/8th,Late,No,7,36,168,2026,0,0.2857142857142857,-0.7745364733220609,NA,0.1500726382145488,1.1645697874194985
H42,1,2,L2L 7th/8th,8,NA,132,NA,NA,NA,2,5,NA,3,Mandarin,Yes,No,No,Production,Prod-14,0,NA,NA,NA,NA,NA,salen,NA,Subjunctive,NA,NA,ir,603647,Irregular,L2L,7th/8th,Late,No,7,36,168,2026,0,0.2857142857142857,-0.23329173895002495,NA,0.1500726382145488,1.1645697874194985
H42,1,2,L2L 7th/8th,8,NA,132,NA,NA,NA,2,5,NA,3,Mandarin,Yes,No,No,Production,Prod-18,0,NA,NA,NA,NA,NA,comen la comida,Indicative,Subjunctive,NA,NA,comer,213756,Regular,L2L,7th/8th,Late,No,7,36,168,2026,0,0.2857142857142857,-0.6923292964129041,NA,0.1500726382145488,1.1645697874194985
H42,1,2,L2L 7th/8th,8,NA,132,NA,NA,NA,2,5,NA,3,Mandarin,Yes,No,No,Production,Prod-22,0,NA,NA,NA,NA,NA,ponen la chaqueta,Indicative,Subjunctive,NA,NA,poner,514285,Irregular,L2L,7th/8th,Late,No,7,36,168,2026,0,0.2857142857142857,-0.33850194952169194,NA,0.1500726382145488,1.1645697874194985
H42,1,2,L2L 7th/8th,8,NA,132,NA,NA,NA,2,5,NA,3,Mandarin,Yes,No,No,Production,Prod-26,0,NA,NA,NA,NA,NA,ven la TV,Indicative,Subjunctive,NA,NA,ver,1611795,Irregular,L2L,7th/8th,Late,No,7,36,168,2026,0,0.2857142857142857,0.9536497279755688,NA,0.1500726382145488,1.1645697874194985
H42,1,2,L2L 7th/8th,8,NA,132,NA,NA,NA,2,5,NA,3,Mandarin,Yes,No,No,Production,Prod-28,0,NA,NA,NA,NA,NA,es soleado,Indicative,Subjunctive,NA,NA,salir,334324,Irregular,L2L,7th/8th,Late,No,7,36,168,2026,0,0.2857142857142857,-0.5503787506752892,NA,0.1500726382145488,1.1645697874194985
H43,1,1,L2L 4th/5th,5,NA,136,NA,NA,NA,3,4,NA,8,L2 learner,L2,L2,L2,Production,Prod-02,0,NA,NA,NA,NA,NA,escribir,Infinitive,Subjunctive,NA,NA,escribir,265684,Regular,L2L,4th/5th,Late,No,7,0,136,2023,0,0.42857142857142855,-0.6311919470410735,NA,0.3032574014758426,0.0339741900333775
H43,1,1,L2L 4th/5th,5,NA,136,NA,NA,NA,3,4,NA,8,L2 learner,L2,L2,L2,Production,Prod-06,0,NA,NA,NA,NA,NA,hacen fuerza,Indicative,Subjunctive,NA,NA,hacer,2726954,Irregular,L2L,4th/5th,Late,No,7,0,136,2023,0,0.42857142857142855,2.266580427947476,NA,0.3032574014758426,0.0339741900333775
H43,1,1,L2L 4th/5th,5,NA,136,NA,NA,NA,3,4,NA,8,L2 learner,L2,L2,L2,Production,Prod-10,0,NA,NA,NA,NA,NA,abrir la puerta,Infinitive,Subjunctive,NA,NA,abrir,143932,Regular,L2L,4th/5th,Late,No,7,0,136,2023,0,0.42857142857142855,-0.7745364733220609,NA,0.3032574014758426,0.0339741900333775
H43,1,1,L2L 4th/5th,5,NA,136,NA,NA,NA,3,4,NA,8,L2 learner,L2,L2,L2,Production,Prod-14,0,NA,NA,NA,NA,NA,se cambia,Indicative,Subjunctive,NA,NA,ir,603647,Irregular,L2L,4th/5th,Late,No,7,0,136,2023,0,0.42857142857142855,-0.23329173895002495,NA,0.3032574014758426,0.0339741900333775
H43,1,1,L2L 4th/5th,5,NA,136,NA,NA,NA,3,4,NA,8,L2 learner,L2,L2,L2,Production,Prod-18,0,NA,NA,NA,NA,NA,comer los huevos,Infinitive,Subjunctive,NA,NA,comer,213756,Regular,L2L,4th/5th,Late,No,7,0,136,2023,0,0.42857142857142855,-0.6923292964129041,NA,0.3032574014758426,0.0339741900333775
H43,1,1,L2L 4th/5th,5,NA,136,NA,NA,NA,3,4,NA,8,L2 learner,L2,L2,L2,Production,Prod-22,NA,NA,NA,NA,NA,Removed 0 for accuracy; verb unclear -Jen,ellos pusen,Other,Subjunctive,NA,NA,poner,514285,Irregular,L2L,4th/5th,Late,No,7,0,136,2023,NA,0.42857142857142855,-0.33850194952169194,NA,0.3032574014758426,0.0339741900333775
H43,1,1,L2L 4th/5th,5,NA,136,NA,NA,NA,3,4,NA,8,L2 learner,L2,L2,L2,Production,Prod-26,0,NA,NA,NA,NA,NA,ver la televisión,Infinitive,Subjunctive,NA,NA,ver,1611795,Irregular,L2L,4th/5th,Late,No,7,0,136,2023,0,0.42857142857142855,0.9536497279755688,NA,0.3032574014758426,0.0339741900333775
H43,1,1,L2L 4th/5th,5,NA,136,NA,NA,NA,3,4,NA,8,L2 learner,L2,L2,L2,Production,Prod-28,0,NA,NA,NA,NA,NA,quiere sol,Indicative,Subjunctive,NA,NA,salir,334324,Irregular,L2L,4th/5th,Late,No,7,0,136,2023,0,0.42857142857142855,-0.5503787506752892,NA,0.3032574014758426,0.0339741900333775
H43,1,2,L2L 7th/8th,8,NA,136,NA,NA,NA,3,4,NA,8,L2 learner,L2,L2,L2,Production,Prod-02,0,NA,NA,NA,NA,NA,que escribir,Infinitive,Subjunctive,NA,NA,escribir,265684,Regular,L2L,7th/8th,Late,No,7,36,172,2026,0,0.42857142857142855,-0.6311919470410735,NA,0.3032574014758426,1.3058942370927635
H43,1,2,L2L 7th/8th,8,NA,136,NA,NA,NA,3,4,NA,8,L2 learner,L2,L2,L2,Production,Prod-06,NA,NA,NA,NA,NA,NA,ellos ejercicio,No verb,Subjunctive,NA,NA,hacer,2726954,Irregular,L2L,7th/8th,Late,No,7,36,172,2026,NA,0.42857142857142855,2.266580427947476,NA,0.3032574014758426,1.3058942370927635
H43,1,2,L2L 7th/8th,8,NA,136,NA,NA,NA,3,4,NA,8,L2 learner,L2,L2,L2,Production,Prod-10,NA,NA,NA,NA,NA,NA,abrir la puerta,Infinitive,Subjunctive,NA,NA,abrir,143932,Regular,L2L,7th/8th,Late,No,7,36,172,2026,NA,0.42857142857142855,-0.7745364733220609,NA,0.3032574014758426,1.3058942370927635
H43,1,2,L2L 7th/8th,8,NA,136,NA,NA,NA,3,4,NA,8,L2 learner,L2,L2,L2,Production,Prod-14,0,NA,NA,NA,NA,NA,salen,Indicative,Subjunctive,NA,NA,ir,603647,Irregular,L2L,7th/8th,Late,No,7,36,172,2026,0,0.42857142857142855,-0.23329173895002495,NA,0.3032574014758426,1.3058942370927635
H43,1,2,L2L 7th/8th,8,NA,136,NA,NA,NA,3,4,NA,8,L2 learner,L2,L2,L2,Production,Prod-18,1,NA,NA,NA,NA,NA,coman su cocinando,NA,Subjunctive,NA,NA,comer,213756,Regular,L2L,7th/8th,Late,No,7,36,172,2026,1,0.42857142857142855,-0.6923292964129041,NA,0.3032574014758426,1.3058942370927635
H43,1,2,L2L 7th/8th,8,NA,136,NA,NA,NA,3,4,NA,8,L2 learner,L2,L2,L2,Production,Prod-22,1,NA,NA,NA,NA,NA,se pongan sus chaquetas,NA,Subjunctive,NA,NA,poner,514285,Irregular,L2L,7th/8th,Late,No,7,36,172,2026,1,0.42857142857142855,-0.33850194952169194,NA,0.3032574014758426,1.3058942370927635
H43,1,2,L2L 7th/8th,8,NA,136,NA,NA,NA,3,4,NA,8,L2 learner,L2,L2,L2,Production,Prod-26,0,NA,NA,NA,NA,NA,ver el tele,Infinitive,Subjunctive,NA,NA,ver,1611795,Irregular,L2L,7th/8th,Late,No,7,36,172,2026,0,0.42857142857142855,0.9536497279755688,NA,0.3032574014758426,1.3058942370927635
H43,1,2,L2L 7th/8th,8,NA,136,NA,NA,NA,3,4,NA,8,L2 learner,L2,L2,L2,Production,Prod-28,1,NA,NA,NA,NA,NA,el sol se venga,NA,Subjunctive,NA,NA,salir,334324,Irregular,L2L,7th/8th,Late,No,7,36,172,2026,1,0.42857142857142855,-0.5503787506752892,NA,0.3032574014758426,1.3058942370927635
H44,1,1,HS 4th/5th,5,NA,137,NA,NA,NA,2,6,NA,4,Heritage Spanish,NA,NA,NA,Production,Prod-02,0,NA,NA,NA,NA,NA,escribir,Infinitive,Subjunctive,NA,NA,escribir,265684,Regular,HS,4th/5th,Late,No,8,0,137,2023,0,0.25,-0.6311919470410735,NA,0.34155359229116605,0.06930530245169376
H44,1,1,HS 4th/5th,5,NA,137,NA,NA,NA,2,6,NA,4,Heritage Spanish,NA,NA,NA,Production,Prod-06,NA,NA,NA,NA,NA,Removed 0 for accouracy b/c English -Jen,working out,NA,Subjunctive,NA,NA,hacer,2726954,Irregular,HS,4th/5th,Late,No,8,0,137,2023,NA,0.25,2.266580427947476,NA,0.34155359229116605,0.06930530245169376
H44,1,1,HS 4th/5th,5,NA,137,NA,NA,NA,2,6,NA,4,Heritage Spanish,NA,NA,NA,Production,Prod-10,0,NA,NA,NA,NA,NA,cerrar la puerta,Infinitive,Subjunctive,NA,NA,abrir,143932,Regular,HS,4th/5th,Late,No,8,0,137,2023,0,0.25,-0.7745364733220609,NA,0.34155359229116605,0.06930530245169376
H44,1,1,HS 4th/5th,5,NA,137,NA,NA,NA,2,6,NA,4,Heritage Spanish,NA,NA,NA,Production,Prod-14,0,NA,NA,NA,NA,English,salin (leave),Infinitive,Subjunctive,NA,NA,ir,603647,Irregular,HS,4th/5th,Late,No,8,0,137,2023,0,0.25,-0.23329173895002495,NA,0.34155359229116605,0.06930530245169376
H44,1,1,HS 4th/5th,5,NA,137,NA,NA,NA,2,6,NA,4,Heritage Spanish,NA,NA,NA,Production,Prod-18,0,NA,NA,NA,NA,NA,comer,Infinitive,Subjunctive,NA,NA,comer,213756,Regular,HS,4th/5th,Late,No,8,0,137,2023,0,0.25,-0.6923292964129041,NA,0.34155359229116605,0.06930530245169376
H44,1,1,HS 4th/5th,5,NA,137,NA,NA,NA,2,6,NA,4,Heritage Spanish,NA,NA,NA,Production,Prod-22,0,NA,NA,NA,NA,NA,poner,NA,Subjunctive,NA,NA,poner,514285,Irregular,HS,4th/5th,Late,No,8,0,137,2023,0,0.25,-0.33850194952169194,NA,0.34155359229116605,0.06930530245169376
H44,1,1,HS 4th/5th,5,NA,137,NA,NA,NA,2,6,NA,4,Heritage Spanish,NA,NA,NA,Production,Prod-26,0,NA,NA,NA,NA,NA,mirar la tv,Infinitive,Subjunctive,NA,NA,ver,1611795,Irregular,HS,4th/5th,Late,No,8,0,137,2023,0,0.25,0.9536497279755688,NA,0.34155359229116605,0.06930530245169376
H44,1,1,HS 4th/5th,5,NA,137,NA,NA,NA,2,6,NA,4,Heritage Spanish,NA,NA,NA,Production,Prod-28,NA,NA,NA,NA,NA,Removed 0 for accuracy; no verb -Jen,sol,Omission,Subjunctive,NA,NA,salir,334324,Irregular,HS,4th/5th,Late,No,8,0,137,2023,NA,0.25,-0.5503787506752892,NA,0.34155359229116605,0.06930530245169376
H45,1,1,HS 4th/5th,5,NA,136,NA,NA,NA,4,4,NA,3,Heritage Spanish,NA,NA,NA,Production,Prod-02,0,NA,NA,NA,NA,NA,escribe,Indicative,Subjunctive,NA,NA,escribir,265684,Regular,HS,4th/5th,Late,No,8,0,136,2023,0,0.5,-0.6311919470410735,NA,0.3032574014758426,0.0339741900333775
H45,1,1,HS 4th/5th,5,NA,136,NA,NA,NA,4,4,NA,3,Heritage Spanish,NA,NA,NA,Production,Prod-06,0,NA,NA,NA,NA,NA,que los niños hacen ejercicios,Indicative,Subjunctive,NA,NA,hacer,2726954,Irregular,HS,4th/5th,Late,No,8,0,136,2023,0,0.5,2.266580427947476,NA,0.3032574014758426,0.0339741900333775
H45,1,1,HS 4th/5th,5,NA,136,NA,NA,NA,4,4,NA,3,Heritage Spanish,NA,NA,NA,Production,Prod-10,1,NA,NA,NA,NA,NA,que abran la puerta,NA,Subjunctive,NA,NA,abrir,143932,Regular,HS,4th/5th,Late,No,8,0,136,2023,1,0.5,-0.7745364733220609,NA,0.3032574014758426,0.0339741900333775
H45,1,1,HS 4th/5th,5,NA,136,NA,NA,NA,4,4,NA,3,Heritage Spanish,NA,NA,NA,Production,Prod-14,0,NA,NA,NA,NA,NA,qye ir afuera,Infinitive,Subjunctive,NA,NA,ir,603647,Irregular,HS,4th/5th,Late,No,8,0,136,2023,0,0.5,-0.23329173895002495,NA,0.3032574014758426,0.0339741900333775
H45,1,1,HS 4th/5th,5,NA,136,NA,NA,NA,4,4,NA,3,Heritage Spanish,NA,NA,NA,Production,Prod-18,1,NA,NA,NA,NA,NA,que coma la comida,NA,Subjunctive,NA,NA,comer,213756,Regular,HS,4th/5th,Late,No,8,0,136,2023,1,0.5,-0.6923292964129041,NA,0.3032574014758426,0.0339741900333775
H45,1,1,HS 4th/5th,5,NA,136,NA,NA,NA,4,4,NA,3,Heritage Spanish,NA,NA,NA,Production,Prod-22,0,NA,NA,NA,NA,NA,que se ponen,Indicative,Subjunctive,NA,NA,poner,514285,Irregular,HS,4th/5th,Late,No,8,0,136,2023,0,0.5,-0.33850194952169194,NA,0.3032574014758426,0.0339741900333775
H45,1,1,HS 4th/5th,5,NA,136,NA,NA,NA,4,4,NA,3,Heritage Spanish,NA,NA,NA,Production,Prod-26,0,NA,NA,NA,NA,NA,que usan la televisión,Indicative,Subjunctive,NA,NA,ver,1611795,Irregular,HS,4th/5th,Late,No,8,0,136,2023,0,0.5,0.9536497279755688,NA,0.3032574014758426,0.0339741900333775
H45,1,1,HS 4th/5th,5,NA,136,NA,NA,NA,4,4,NA,3,Heritage Spanish,NA,NA,NA,Production,Prod-28,NA,NA,NA,NA,NA,Removed 0 for accuracy; no verb -Jen,la sol,NA,Subjunctive,NA,NA,salir,334324,Irregular,HS,4th/5th,Late,No,8,0,136,2023,NA,0.5,-0.5503787506752892,NA,0.3032574014758426,0.0339741900333775
H46,1,1,HS 4th/5th,5,NA,146,NA,NA,NA,2,3,NA,6,Heritage Spanish,NA,NA,NA,Production,Prod-02,NA,NA,NA,NA,NA,Removed 0 for accuracy; English -Jen,write un papel,NA,Subjunctive,NA,NA,escribir,265684,Regular,HS,4th/5th,Late,No,5,0,146,2023,NA,0.4,-0.6311919470410735,NA,0.6862193096290771,0.3872853142165403
H46,1,1,HS 4th/5th,5,NA,146,NA,NA,NA,2,3,NA,6,Heritage Spanish,NA,NA,NA,Production,Prod-06,NA,NA,NA,NA,NA,Removed 0 for accuracy; English verb _Jen,la papá exercise,NA,Subjunctive,NA,NA,hacer,2726954,Irregular,HS,4th/5th,Late,No,5,0,146,2023,NA,0.4,2.266580427947476,NA,0.6862193096290771,0.3872853142165403
H46,1,1,HS 4th/5th,5,NA,146,NA,NA,NA,2,3,NA,6,Heritage Spanish,NA,NA,NA,Production,Prod-10,NA,NA,NA,NA,NA,Removed 0 for accuracy; English -Jen,opens la door,NA,Subjunctive,NA,NA,abrir,143932,Regular,HS,4th/5th,Late,No,5,0,146,2023,NA,0.4,-0.7745364733220609,NA,0.6862193096290771,0.3872853142165403
H46,1,1,HS 4th/5th,5,NA,146,NA,NA,NA,2,3,NA,6,Heritage Spanish,NA,NA,NA,Production,Prod-14,NA,NA,NA,NA,NA,Removed 0 for accuracy; English -Jen,wants to get out,NA,Subjunctive,NA,NA,ir,603647,Irregular,HS,4th/5th,Late,No,5,0,146,2023,NA,0.4,-0.23329173895002495,NA,0.6862193096290771,0.3872853142165403
H46,1,1,HS 4th/5th,5,NA,146,NA,NA,NA,2,3,NA,6,Heritage Spanish,NA,NA,NA,Production,Prod-18,0,NA,NA,NA,NA,NA,comer una sopa,NA,Subjunctive,NA,NA,comer,213756,Regular,HS,4th/5th,Late,No,5,0,146,2023,0,0.4,-0.6923292964129041,NA,0.6862193096290771,0.3872853142165403
H46,1,1,HS 4th/5th,5,NA,146,NA,NA,NA,2,3,NA,6,Heritage Spanish,NA,NA,NA,Production,Prod-22,NA,NA,NA,NA,NA,Removed 0 for accuracy-English -Jen,takes off,NA,Subjunctive,NA,NA,poner,514285,Irregular,HS,4th/5th,Late,No,5,0,146,2023,NA,0.4,-0.33850194952169194,NA,0.6862193096290771,0.3872853142165403
H46,1,1,HS 4th/5th,5,NA,146,NA,NA,NA,2,3,NA,6,Heritage Spanish,NA,NA,NA,Production,Prod-26,NA,NA,NA,NA,NA,Removed 0 for accuracy English -Jen,watching tele,NA,Subjunctive,NA,NA,ver,1611795,Irregular,HS,4th/5th,Late,No,5,0,146,2023,NA,0.4,0.9536497279755688,NA,0.6862193096290771,0.3872853142165403
H46,1,1,HS 4th/5th,5,NA,146,NA,NA,NA,2,3,NA,6,Heritage Spanish,NA,NA,NA,Production,Prod-28,NA,NA,NA,NA,NA,"Removed 0 for accuracy, no verb -Jen",la sol,NA,Subjunctive,NA,NA,salir,334324,Irregular,HS,4th/5th,Late,No,5,0,146,2023,NA,0.4,-0.5503787506752892,NA,0.6862193096290771,0.3872853142165403
H46,1,2,HS 7th/8th,8,NA,146,NA,NA,NA,2,3,NA,6,Heritage Spanish,NA,NA,NA,Production,Prod-02,0,NA,NA,NA,NA,NA,escribe,Indicative,Subjunctive,NA,NA,escribir,265684,Regular,HS,7th/8th,Late,No,5,36,182,2026,0,0.4,-0.6311919470410735,NA,0.6862193096290771,1.6592053612759263
H46,1,2,HS 7th/8th,8,NA,146,NA,NA,NA,2,3,NA,6,Heritage Spanish,NA,NA,NA,Production,Prod-06,0,NA,NA,NA,NA,NA,hacen ejercicios,Indicative,Subjunctive,NA,NA,hacer,2726954,Irregular,HS,7th/8th,Late,No,5,36,182,2026,0,0.4,2.266580427947476,NA,0.6862193096290771,1.6592053612759263
H46,1,2,HS 7th/8th,8,NA,146,NA,NA,NA,2,3,NA,6,Heritage Spanish,NA,NA,NA,Production,Prod-10,0,NA,NA,NA,NA,NA,abre la puerta,Indicative,Subjunctive,NA,NA,abrir,143932,Regular,HS,7th/8th,Late,No,5,36,182,2026,0,0.4,-0.7745364733220609,NA,0.6862193096290771,1.6592053612759263
H46,1,2,HS 7th/8th,8,NA,146,NA,NA,NA,2,3,NA,6,Heritage Spanish,NA,NA,NA,Production,Prod-14,0,NA,NA,NA,NA,NA,salen,Subjunctive,Subjunctive,NA,NA,ir,603647,Irregular,HS,7th/8th,Late,No,5,36,182,2026,0,0.4,-0.23329173895002495,NA,0.6862193096290771,1.6592053612759263
H46,1,2,HS 7th/8th,8,NA,146,NA,NA,NA,2,3,NA,6,Heritage Spanish,NA,NA,NA,Production,Prod-18,0,NA,NA,NA,NA,NA,comen arroz,Indicative,Subjunctive,NA,NA,comer,213756,Regular,HS,7th/8th,Late,No,5,36,182,2026,0,0.4,-0.6923292964129041,NA,0.6862193096290771,1.6592053612759263
H46,1,2,HS 7th/8th,8,NA,146,NA,NA,NA,2,3,NA,6,Heritage Spanish,NA,NA,NA,Production,Prod-22,1,NA,NA,NA,NA,NA,pongan sus chaquetas,NA,Subjunctive,NA,NA,poner,514285,Irregular,HS,7th/8th,Late,No,5,36,182,2026,1,0.4,-0.33850194952169194,NA,0.6862193096290771,1.6592053612759263
H46,1,2,HS 7th/8th,8,NA,146,NA,NA,NA,2,3,NA,6,Heritage Spanish,NA,NA,NA,Production,Prod-26,0,NA,NA,NA,NA,NA,vieron a la televisión,Preterit,Subjunctive,NA,NA,ver,1611795,Irregular,HS,7th/8th,Late,No,5,36,182,2026,0,0.4,0.9536497279755688,NA,0.6862193096290771,1.6592053612759263
H46,1,2,HS 7th/8th,8,NA,146,NA,NA,NA,2,3,NA,6,Heritage Spanish,NA,NA,NA,Production,Prod-28,1,NA,NA,NA,NA,NA,NA,NA,Subjunctive,NA,NA,salir,334324,Irregular,HS,7th/8th,Late,No,5,36,182,2026,1,0.4,-0.5503787506752892,NA,0.6862193096290771,1.6592053612759263
H47,1,2,HS 4th/5th,5,8,99,NA,NA,NA,2,6,NA,8,Heritage Spanish,NA,NA,NA,Production,Prod-02,1,NA,NA,NA,NA,NA,escriba,NA,Subjunctive,NA,NA,escribir,265684,Regular,HS,4th/5th,Late,No,8,36,135,2026,1,0.25,-0.6311919470410735,NA,-1.113701658691125,-0.001356922384938782
H47,1,2,HS 4th/5th,5,8,99,NA,NA,NA,2,6,NA,8,Heritage Spanish,NA,NA,NA,Production,Prod-06,0,NA,NA,NA,NA,NA,juegan y hacen ejercicio,Indicative,Subjunctive,NA,NA,hacer,2726954,Irregular,HS,4th/5th,Late,No,8,36,135,2026,0,0.25,2.266580427947476,NA,-1.113701658691125,-0.001356922384938782
H47,1,2,HS 4th/5th,5,8,99,NA,NA,NA,2,6,NA,8,Heritage Spanish,NA,NA,NA,Production,Prod-10,0,NA,NA,NA,NA,NA,abren,Indicative,Subjunctive,NA,NA,abrir,143932,Regular,HS,4th/5th,Late,No,8,36,135,2026,0,0.25,-0.7745364733220609,NA,-1.113701658691125,-0.001356922384938782
H47,1,2,HS 4th/5th,5,8,99,NA,NA,NA,2,6,NA,8,Heritage Spanish,NA,NA,NA,Production,Prod-14,0,NA,NA,NA,NA,NA,entren y salen,Indicative,Subjunctive,NA,NA,ir,603647,Irregular,HS,4th/5th,Late,No,8,36,135,2026,0,0.25,-0.23329173895002495,NA,-1.113701658691125,-0.001356922384938782
H47,1,2,HS 4th/5th,5,8,99,NA,NA,NA,2,6,NA,8,Heritage Spanish,NA,NA,NA,Production,Prod-18,0,NA,NA,NA,NA,NA,comen la comida,Indicative,Subjunctive,NA,NA,comer,213756,Regular,HS,4th/5th,Late,No,8,36,135,2026,0,0.25,-0.6923292964129041,NA,-1.113701658691125,-0.001356922384938782
H47,1,2,HS 4th/5th,5,8,99,NA,NA,NA,2,6,NA,8,Heritage Spanish,NA,NA,NA,Production,Prod-22,1,NA,NA,NA,NA,NA,la ponga,NA,Subjunctive,NA,NA,poner,514285,Irregular,HS,4th/5th,Late,No,8,36,135,2026,1,0.25,-0.33850194952169194,NA,-1.113701658691125,-0.001356922384938782
H47,1,2,HS 4th/5th,5,8,99,NA,NA,NA,2,6,NA,8,Heritage Spanish,NA,NA,NA,Production,Prod-26,0,NA,NA,NA,NA,NA,ven,Indicative,Subjunctive,NA,NA,ver,1611795,Irregular,HS,4th/5th,Late,No,8,36,135,2026,0,0.25,0.9536497279755688,NA,-1.113701658691125,-0.001356922384938782
H47,1,2,HS 4th/5th,5,8,99,NA,NA,NA,2,6,NA,8,Heritage Spanish,NA,NA,NA,Production,Prod-28,0,NA,NA,NA,NA,NA,está soleado,Indicative,Subjunctive,NA,NA,salir,334324,Irregular,HS,4th/5th,Late,No,8,36,135,2026,0,0.25,-0.5503787506752892,NA,-1.113701658691125,-0.001356922384938782
H49,1,2,L2L 4th/5th,5,8,89,NA,NA,NA,4,5,NA,6,L2 learner,L2,L2,L2,Production,Prod-02,0,NA,NA,NA,NA,NA,escribir,Infinitive,Subjunctive,NA,NA,escribir,265684,Regular,L2L,4th/5th,Late,No,9,36,125,2026,0,0.4444444444444444,-0.6311919470410735,NA,-1.4966635668443595,-0.3546680465681015
H49,1,2,L2L 4th/5th,5,8,89,NA,NA,NA,4,5,NA,6,L2 learner,L2,L2,L2,Production,Prod-06,0,NA,NA,NA,NA,NA,hacer la jumprope,Infinitive,Subjunctive,NA,NA,hacer,2726954,Irregular,L2L,4th/5th,Late,No,9,36,125,2026,0,0.4444444444444444,2.266580427947476,NA,-1.4966635668443595,-0.3546680465681015
H49,1,2,L2L 4th/5th,5,8,89,NA,NA,NA,4,5,NA,6,L2 learner,L2,L2,L2,Production,Prod-10,0,NA,NA,NA,NA,NA,abrir la puerta,Infinitive,Subjunctive,NA,NA,abrir,143932,Regular,L2L,4th/5th,Late,No,9,36,125,2026,0,0.4444444444444444,-0.7745364733220609,NA,-1.4966635668443595,-0.3546680465681015
H49,1,2,L2L 4th/5th,5,8,89,NA,NA,NA,4,5,NA,6,L2 learner,L2,L2,L2,Production,Prod-14,0,NA,NA,NA,NA,NA,los amigos entran,Indicative,Subjunctive,NA,NA,ir,603647,Irregular,L2L,4th/5th,Late,No,9,36,125,2026,0,0.4444444444444444,-0.23329173895002495,NA,-1.4966635668443595,-0.3546680465681015
H49,1,2,L2L 4th/5th,5,8,89,NA,NA,NA,4,5,NA,6,L2 learner,L2,L2,L2,Production,Prod-18,0,NA,NA,NA,NA,NA,comer la pasta,Infinitive,Subjunctive,NA,NA,comer,213756,Regular,L2L,4th/5th,Late,No,9,36,125,2026,0,0.4444444444444444,-0.6923292964129041,NA,-1.4966635668443595,-0.3546680465681015
H49,1,2,L2L 4th/5th,5,8,89,NA,NA,NA,4,5,NA,6,L2 learner,L2,L2,L2,Production,Prod-22,0,NA,NA,NA,NA,NA,poner la chaqueta,Infinitive,Subjunctive,NA,NA,poner,514285,Irregular,L2L,4th/5th,Late,No,9,36,125,2026,0,0.4444444444444444,-0.33850194952169194,NA,-1.4966635668443595,-0.3546680465681015
H49,1,2,L2L 4th/5th,5,8,89,NA,NA,NA,4,5,NA,6,L2 learner,L2,L2,L2,Production,Prod-26,0,NA,NA,NA,NA,NA,poner la televisión,Infinitive,Subjunctive,NA,NA,ver,1611795,Irregular,L2L,4th/5th,Late,No,9,36,125,2026,0,0.4444444444444444,0.9536497279755688,NA,-1.4966635668443595,-0.3546680465681015
H49,1,2,L2L 4th/5th,5,8,89,NA,NA,NA,4,5,NA,6,L2 learner,L2,L2,L2,Production,Prod-28,0,NA,NA,NA,NA,NA,está brillante,Infinitive,Subjunctive,NA,NA,salir,334324,Irregular,L2L,4th/5th,Late,No,9,36,125,2026,0,0.4444444444444444,-0.5503787506752892,NA,-1.4966635668443595,-0.3546680465681015
H50,1,2,HS 4th/5th,5,8,96,NA,NA,NA,3,3,NA,3,Heritage Spanish,NA,NA,NA,Production,Prod-02,1,NA,NA,NA,NA,NA,escriban,NA,Subjunctive,NA,NA,escribir,265684,Regular,HS,4th/5th,Late,No,6,36,132,2026,1,0.5,-0.6311919470410735,NA,-1.2285902311370953,-0.10735025963988762
H50,1,2,HS 4th/5th,5,8,96,NA,NA,NA,3,3,NA,3,Heritage Spanish,NA,NA,NA,Production,Prod-06,0,NA,NA,NA,NA,NA,que se juegan,Indicative,Subjunctive,NA,NA,hacer,2726954,Irregular,HS,4th/5th,Late,No,6,36,132,2026,0,0.5,2.266580427947476,NA,-1.2285902311370953,-0.10735025963988762
H50,1,2,HS 4th/5th,5,8,96,NA,NA,NA,3,3,NA,3,Heritage Spanish,NA,NA,NA,Production,Prod-10,0,NA,NA,NA,NA,NA,abren la puerta,Indicative,Subjunctive,NA,NA,abrir,143932,Regular,HS,4th/5th,Late,No,6,36,132,2026,0,0.5,-0.7745364733220609,NA,-1.2285902311370953,-0.10735025963988762
H50,1,2,HS 4th/5th,5,8,96,NA,NA,NA,3,3,NA,3,Heritage Spanish,NA,NA,NA,Production,Prod-14,1,NA,NA,NA,NA,NA,entren,NA,Subjunctive,NA,NA,ir,603647,Irregular,HS,4th/5th,Late,No,6,36,132,2026,1,0.5,-0.23329173895002495,NA,-1.2285902311370953,-0.10735025963988762
H50,1,2,HS 4th/5th,5,8,96,NA,NA,NA,3,3,NA,3,Heritage Spanish,NA,NA,NA,Production,Prod-18,0,NA,NA,NA,NA,NA,comen la comida,Indicative,Subjunctive,NA,NA,comer,213756,Regular,HS,4th/5th,Late,No,6,36,132,2026,0,0.5,-0.6923292964129041,NA,-1.2285902311370953,-0.10735025963988762
H50,1,2,HS 4th/5th,5,8,96,NA,NA,NA,3,3,NA,3,Heritage Spanish,NA,NA,NA,Production,Prod-22,0,NA,NA,NA,NA,NA,que ponen la chaqueta,Indicative,Subjunctive,NA,NA,poner,514285,Irregular,HS,4th/5th,Late,No,6,36,132,2026,0,0.5,-0.33850194952169194,NA,-1.2285902311370953,-0.10735025963988762
H50,1,2,HS 4th/5th,5,8,96,NA,NA,NA,3,3,NA,3,Heritage Spanish,NA,NA,NA,Production,Prod-26,0,NA,NA,NA,NA,NA,ver la tele,Omission,Subjunctive,NA,NA,ver,1611795,Irregular,HS,4th/5th,Late,No,6,36,132,2026,0,0.5,0.9536497279755688,NA,-1.2285902311370953,-0.10735025963988762
H50,1,2,HS 4th/5th,5,8,96,NA,NA,NA,3,3,NA,3,Heritage Spanish,NA,NA,NA,Production,Prod-28,0,NA,NA,NA,NA,NA,hay sol,Indicative,Subjunctive,NA,NA,salir,334324,Irregular,HS,4th/5th,Late,No,6,36,132,2026,0,0.5,-0.5503787506752892,NA,-1.2285902311370953,-0.10735025963988762
H57,1,2,L2L 4th/5th,5,NA,102,NA,NA,NA,NA,NA,3,4,L2 learner,L2,L2,L2,Production,Prod-02,0,NA,NA,NA,NA,NA,que escribir,Infinitive,Subjunctive,NA,NA,escribir,265684,Regular,L2L,4th/5th,Late,No,NA,36,138,2026,0,NA,-0.6311919470410735,NA,-0.9988130862451546,0.10463641487001005
H57,1,2,L2L 4th/5th,5,NA,102,NA,NA,NA,NA,NA,3,4,L2 learner,L2,L2,L2,Production,Prod-06,0,NA,NA,NA,NA,NA,se tiene ejercicio,Indicative,Subjunctive,NA,NA,hacer,2726954,Irregular,L2L,4th/5th,Late,No,NA,36,138,2026,0,NA,2.266580427947476,NA,-0.9988130862451546,0.10463641487001005
H57,1,2,L2L 4th/5th,5,NA,102,NA,NA,NA,NA,NA,3,4,L2 learner,L2,L2,L2,Production,Prod-10,0,NA,NA,NA,NA,NA,que abrir la puerta,Indicative,Subjunctive,NA,NA,abrir,143932,Regular,L2L,4th/5th,Late,No,NA,36,138,2026,0,NA,-0.7745364733220609,NA,-0.9988130862451546,0.10463641487001005
H57,1,2,L2L 4th/5th,5,NA,102,NA,NA,NA,NA,NA,3,4,L2 learner,L2,L2,L2,Production,Prod-14,NA,NA,NA,NA,NA,NA,se quiere salir,Querer + infinitive,Subjunctive,NA,NA,ir,603647,Irregular,L2L,4th/5th,Late,No,NA,36,138,2026,NA,NA,-0.23329173895002495,NA,-0.9988130862451546,0.10463641487001005
H57,1,2,L2L 4th/5th,5,NA,102,NA,NA,NA,NA,NA,3,4,L2 learner,L2,L2,L2,Production,Prod-18,0,NA,NA,NA,NA,NA,se comen a su sopa,Indicative,Subjunctive,NA,NA,comer,213756,Regular,L2L,4th/5th,Late,No,NA,36,138,2026,0,NA,-0.6923292964129041,NA,-0.9988130862451546,0.10463641487001005
H57,1,2,L2L 4th/5th,5,NA,102,NA,NA,NA,NA,NA,3,4,L2 learner,L2,L2,L2,Production,Prod-22,1,NA,NA,NA,NA,NA,se ponga los chaquetas,NA,Subjunctive,NA,NA,poner,514285,Irregular,L2L,4th/5th,Late,No,NA,36,138,2026,1,NA,-0.33850194952169194,NA,-0.9988130862451546,0.10463641487001005
H57,1,2,L2L 4th/5th,5,NA,102,NA,NA,NA,NA,NA,3,4,L2 learner,L2,L2,L2,Production,Prod-26,0,NA,NA,NA,NA,NA,se ve a televisión,Indicative,Subjunctive,NA,NA,ver,1611795,Irregular,L2L,4th/5th,Late,No,NA,36,138,2026,0,NA,0.9536497279755688,NA,-0.9988130862451546,0.10463641487001005
H57,1,2,L2L 4th/5th,5,NA,102,NA,NA,NA,NA,NA,3,4,L2 learner,L2,L2,L2,Production,Prod-28,0,NA,NA,NA,NA,NA,hay sol,Indicative,Subjunctive,NA,NA,salir,334324,Irregular,L2L,4th/5th,Late,No,NA,36,138,2026,0,NA,-0.5503787506752892,NA,-0.9988130862451546,0.10463641487001005
H58,1,2,HS 4th/5th,5,NA,95,NA,NA,NA,4,5,2,8,Heritage Spanish,NA,NA,NA,Production,Prod-02,0,NA,NA,NA,NA,NA,escriben,Indicative,Subjunctive,NA,NA,escribir,265684,Regular,HS,4th/5th,Late,No,9,36,131,2026,0,0.4444444444444444,-0.6311919470410735,NA,-1.2668864219524187,-0.1426813720582039
H58,1,2,HS 4th/5th,5,NA,95,NA,NA,NA,4,5,2,8,Heritage Spanish,NA,NA,NA,Production,Prod-06,0,NA,NA,NA,NA,NA,los cogen ejercicio,Indicative,Subjunctive,NA,NA,hacer,2726954,Irregular,HS,4th/5th,Late,No,9,36,131,2026,0,0.4444444444444444,2.266580427947476,NA,-1.2668864219524187,-0.1426813720582039
H58,1,2,HS 4th/5th,5,NA,95,NA,NA,NA,4,5,2,8,Heritage Spanish,NA,NA,NA,Production,Prod-10,1,NA,NA,NA,NA,NA,que los padres dejen la puerta abierta**,NA,Subjunctive,NA,NA,abrir,143932,Regular,HS,4th/5th,Late,No,9,36,131,2026,1,0.4444444444444444,-0.7745364733220609,NA,-1.2668864219524187,-0.1426813720582039
H58,1,2,HS 4th/5th,5,NA,95,NA,NA,NA,4,5,2,8,Heritage Spanish,NA,NA,NA,Production,Prod-14,NA,NA,NA,NA,NA,NA,quieren salir,Querer + infinitive,Subjunctive,NA,NA,ir,603647,Irregular,HS,4th/5th,Late,No,9,36,131,2026,NA,0.4444444444444444,-0.23329173895002495,NA,-1.2668864219524187,-0.1426813720582039
H58,1,2,HS 4th/5th,5,NA,95,NA,NA,NA,4,5,2,8,Heritage Spanish,NA,NA,NA,Production,Prod-18,1,NA,NA,NA,NA,NA,que coman su comida,NA,Subjunctive,NA,NA,comer,213756,Regular,HS,4th/5th,Late,No,9,36,131,2026,1,0.4444444444444444,-0.6923292964129041,NA,-1.2668864219524187,-0.1426813720582039
H58,1,2,HS 4th/5th,5,NA,95,NA,NA,NA,4,5,2,8,Heritage Spanish,NA,NA,NA,Production,Prod-22,1,NA,NA,NA,NA,NA,que los niños se pongan,NA,Subjunctive,NA,NA,poner,514285,Irregular,HS,4th/5th,Late,No,9,36,131,2026,1,0.4444444444444444,-0.33850194952169194,NA,-1.2668864219524187,-0.1426813720582039
H58,1,2,HS 4th/5th,5,NA,95,NA,NA,NA,4,5,2,8,Heritage Spanish,NA,NA,NA,Production,Prod-26,1,NA,NA,NA,NA,NA,que sus amigos vean la TV,NA,Subjunctive,NA,NA,ver,1611795,Irregular,HS,4th/5th,Late,No,9,36,131,2026,1,0.4444444444444444,0.9536497279755688,NA,-1.2668864219524187,-0.1426813720582039
H58,1,2,HS 4th/5th,5,NA,95,NA,NA,NA,4,5,2,8,Heritage Spanish,NA,NA,NA,Production,Prod-28,1,NA,NA,NA,NA,NA,esté soleado,NA,Subjunctive,NA,NA,salir,334324,Irregular,HS,4th/5th,Late,No,9,36,131,2026,1,0.4444444444444444,-0.5503787506752892,NA,-1.2668864219524187,-0.1426813720582039
H59,1,2,L2L 4th/5th,5,NA,101,NA,NA,NA,1,2,3,3,Mandarin,Yes,No,No,Production,Prod-02,0,NA,NA,NA,NA,NA,escribir,Infinitive,Subjunctive,NA,NA,escribir,265684,Regular,L2L,4th/5th,Late,No,3,36,137,2026,0,0.3333333333333333,-0.6311919470410735,NA,-1.0371092770604782,0.06930530245169376
H59,1,2,L2L 4th/5th,5,NA,101,NA,NA,NA,1,2,3,3,Mandarin,Yes,No,No,Production,Prod-06,0,NA,NA,NA,NA,NA,uno es jugar,Indicative,Subjunctive,NA,NA,hacer,2726954,Irregular,L2L,4th/5th,Late,No,3,36,137,2026,0,0.3333333333333333,2.266580427947476,NA,-1.0371092770604782,0.06930530245169376
H59,1,2,L2L 4th/5th,5,NA,101,NA,NA,NA,1,2,3,3,Mandarin,Yes,No,No,Production,Prod-10,NA,NA,NA,NA,NA,NA,open la puerta,Codeswitched,Subjunctive,NA,NA,abrir,143932,Regular,L2L,4th/5th,Late,No,3,36,137,2026,NA,0.3333333333333333,-0.7745364733220609,NA,-1.0371092770604782,0.06930530245169376
H59,1,2,L2L 4th/5th,5,NA,101,NA,NA,NA,1,2,3,3,Mandarin,Yes,No,No,Production,Prod-14,0,NA,NA,NA,NA,NA,fui,Preterit,Subjunctive,NA,NA,ir,603647,Irregular,L2L,4th/5th,Late,No,3,36,137,2026,0,0.3333333333333333,-0.23329173895002495,NA,-1.0371092770604782,0.06930530245169376
H59,1,2,L2L 4th/5th,5,NA,101,NA,NA,NA,1,2,3,3,Mandarin,Yes,No,No,Production,Prod-18,0,NA,NA,NA,NA,NA,cocinar las comida,Infinitive,Subjunctive,NA,NA,comer,213756,Regular,L2L,4th/5th,Late,No,3,36,137,2026,0,0.3333333333333333,-0.6923292964129041,NA,-1.0371092770604782,0.06930530245169376
H59,1,2,L2L 4th/5th,5,NA,101,NA,NA,NA,1,2,3,3,Mandarin,Yes,No,No,Production,Prod-22,NA,NA,NA,NA,NA,NA,take off los chaqueta,Codeswitched,Subjunctive,NA,NA,poner,514285,Irregular,L2L,4th/5th,Late,No,3,36,137,2026,NA,0.3333333333333333,-0.33850194952169194,NA,-1.0371092770604782,0.06930530245169376
H59,1,2,L2L 4th/5th,5,NA,101,NA,NA,NA,1,2,3,3,Mandarin,Yes,No,No,Production,Prod-26,0,NA,NA,NA,NA,NA,viste el tele,Preterit,Subjunctive,NA,NA,ver,1611795,Irregular,L2L,4th/5th,Late,No,3,36,137,2026,0,0.3333333333333333,0.9536497279755688,NA,-1.0371092770604782,0.06930530245169376
H59,1,2,L2L 4th/5th,5,NA,101,NA,NA,NA,1,2,3,3,Mandarin,Yes,No,No,Production,Prod-28,0,NA,NA,NA,NA,NA,el sol,No verb,Subjunctive,NA,NA,salir,334324,Irregular,L2L,4th/5th,Late,No,3,36,137,2026,0,0.3333333333333333,-0.5503787506752892,NA,-1.0371092770604782,0.06930530245169376
H61,1,2,L2L 4th/5th,5,NA,103,NA,NA,NA,2,6,NA,4,L2 learner,L2,L2,L2,Production,Prod-02,0,NA,NA,NA,NA,NA,escrita,Participle,Subjunctive,NA,NA,escribir,265684,Regular,L2L,4th/5th,Late,No,8,36,139,2026,0,0.25,-0.6311919470410735,NA,-0.9605168954298312,0.13996752728832632
H61,1,2,L2L 4th/5th,5,NA,103,NA,NA,NA,2,6,NA,4,L2 learner,L2,L2,L2,Production,Prod-06,0,NA,NA,NA,NA,NA,mover,Infinitive,Subjunctive,NA,NA,hacer,2726954,Irregular,L2L,4th/5th,Late,No,8,36,139,2026,0,0.25,2.266580427947476,NA,-0.9605168954298312,0.13996752728832632
H61,1,2,L2L 4th/5th,5,NA,103,NA,NA,NA,2,6,NA,4,L2 learner,L2,L2,L2,Production,Prod-10,0,NA,NA,NA,NA,NA,abrir la puerta,Infinitive,Subjunctive,NA,NA,abrir,143932,Regular,L2L,4th/5th,Late,No,8,36,139,2026,0,0.25,-0.7745364733220609,NA,-0.9605168954298312,0.13996752728832632
H61,1,2,L2L 4th/5th,5,NA,103,NA,NA,NA,2,6,NA,4,L2 learner,L2,L2,L2,Production,Prod-14,NA,NA,NA,NA,NA,NA,los amigos entren**,Repeated prompt,Subjunctive,NA,NA,ir,603647,Irregular,L2L,4th/5th,Late,No,8,36,139,2026,NA,0.25,-0.23329173895002495,NA,-0.9605168954298312,0.13996752728832632
H61,1,2,L2L 4th/5th,5,NA,103,NA,NA,NA,2,6,NA,4,L2 learner,L2,L2,L2,Production,Prod-18,NA,NA,NA,NA,NA,NA,comen la cena,Indicative,Subjunctive,NA,NA,comer,213756,Regular,L2L,4th/5th,Late,No,8,36,139,2026,NA,0.25,-0.6923292964129041,NA,-0.9605168954298312,0.13996752728832632
H61,1,2,L2L 4th/5th,5,NA,103,NA,NA,NA,2,6,NA,4,L2 learner,L2,L2,L2,Production,Prod-22,0,NA,NA,NA,NA,NA,no tienen la chaqueta,NA,Subjunctive,NA,NA,poner,514285,Irregular,L2L,4th/5th,Late,No,8,36,139,2026,0,0.25,-0.33850194952169194,NA,-0.9605168954298312,0.13996752728832632
H61,1,2,L2L 4th/5th,5,NA,103,NA,NA,NA,2,6,NA,4,L2 learner,L2,L2,L2,Production,Prod-26,0,NA,NA,NA,NA,NA,que ver la tele,Infinitive,Subjunctive,NA,NA,ver,1611795,Irregular,L2L,4th/5th,Late,No,8,36,139,2026,0,0.25,0.9536497279755688,NA,-0.9605168954298312,0.13996752728832632
H61,1,2,L2L 4th/5th,5,NA,103,NA,NA,NA,2,6,NA,4,L2 learner,L2,L2,L2,Production,Prod-28,0,NA,NA,NA,NA,NA,es tienen sol,Indicative,Subjunctive,NA,NA,salir,334324,Irregular,L2L,4th/5th,Late,No,8,36,139,2026,0,0.25,-0.5503787506752892,NA,-0.9605168954298312,0.13996752728832632
H63,1,1,L2L 7th/8th,7,13,156,NA,NA,NA,2,4,7,7,"Mandarin, Cantonese, Malay, Romanian",Yes,Yes,Yes,Production,Prod-02,0,NA,NA,NA,NA,NA,quiere escribir,Indicative,Subjunctive,NA,NA,escribir,265684,Regular,L2L,7th/8th,Late,No,6,0,156,2023,0,0.3333333333333333,-0.6311919470410735,NA,1.0691812177823117,0.740596438399703
H63,1,1,L2L 7th/8th,7,13,156,NA,NA,NA,2,4,7,7,"Mandarin, Cantonese, Malay, Romanian",Yes,Yes,Yes,Production,Prod-06,1,NA,NA,NA,NA,NA,hagan ejercicio,Infinitive,Subjunctive,NA,NA,hacer,2726954,Irregular,L2L,7th/8th,Late,No,6,0,156,2023,1,0.3333333333333333,2.266580427947476,NA,1.0691812177823117,0.740596438399703
H63,1,1,L2L 7th/8th,7,13,156,NA,NA,NA,2,4,7,7,"Mandarin, Cantonese, Malay, Romanian",Yes,Yes,Yes,Production,Prod-10,0,NA,NA,NA,NA,NA,dejar abierto,Infinitive,Subjunctive,NA,NA,abrir,143932,Regular,L2L,7th/8th,Late,No,6,0,156,2023,0,0.3333333333333333,-0.7745364733220609,NA,1.0691812177823117,0.740596438399703
H63,1,1,L2L 7th/8th,7,13,156,NA,NA,NA,2,4,7,7,"Mandarin, Cantonese, Malay, Romanian",Yes,Yes,Yes,Production,Prod-14,0,NA,NA,NA,NA,NA,quiere que sale,Indicative,Subjunctive,NA,NA,ir,603647,Irregular,L2L,7th/8th,Late,No,6,0,156,2023,0,0.3333333333333333,-0.23329173895002495,NA,1.0691812177823117,0.740596438399703
H63,1,1,L2L 7th/8th,7,13,156,NA,NA,NA,2,4,7,7,"Mandarin, Cantonese, Malay, Romanian",Yes,Yes,Yes,Production,Prod-18,0,NA,NA,NA,NA,NA,el quiere que comen,Indicative,Subjunctive,NA,NA,comer,213756,Regular,L2L,7th/8th,Late,No,6,0,156,2023,0,0.3333333333333333,-0.6923292964129041,NA,1.0691812177823117,0.740596438399703
H63,1,1,L2L 7th/8th,7,13,156,NA,NA,NA,2,4,7,7,"Mandarin, Cantonese, Malay, Romanian",Yes,Yes,Yes,Production,Prod-22,0,NA,NA,NA,NA,NA,quiere que se ponen las chaquetas,Indicative,Subjunctive,NA,NA,poner,514285,Irregular,L2L,7th/8th,Late,No,6,0,156,2023,0,0.3333333333333333,-0.33850194952169194,NA,1.0691812177823117,0.740596438399703
H63,1,1,L2L 7th/8th,7,13,156,NA,NA,NA,2,4,7,7,"Mandarin, Cantonese, Malay, Romanian",Yes,Yes,Yes,Production,Prod-26,0,NA,NA,NA,NA,NA,quiere ver televisión,Infinitive,Subjunctive,NA,NA,ver,1611795,Irregular,L2L,7th/8th,Late,No,6,0,156,2023,0,0.3333333333333333,0.9536497279755688,NA,1.0691812177823117,0.740596438399703
H63,1,1,L2L 7th/8th,7,13,156,NA,NA,NA,2,4,7,7,"Mandarin, Cantonese, Malay, Romanian",Yes,Yes,Yes,Production,Prod-28,0,NA,NA,NA,NA,NA,quiere un día soleado,Indicative,Subjunctive,NA,NA,salir,334324,Irregular,L2L,7th/8th,Late,No,6,0,156,2023,0,0.3333333333333333,-0.5503787506752892,NA,1.0691812177823117,0.740596438399703
H64,1,1,HS 7th/8th,7,13,NA,NA,NA,NA,NA,NA,NA,8,Heritage Spanish,NA,NA,NA,Production,Prod-02,NA,NA,NA,NA,NA,Removed 0 for accuracy-verb unclear -Jen,escritan,Other,Subjunctive,NA,NA,escribir,265684,Regular,HS,7th/8th,Late,No,NA,0,NA,2023,NA,NA,-0.6311919470410735,NA,NA,NA
H64,1,1,HS 7th/8th,7,13,NA,NA,NA,NA,NA,NA,NA,8,Heritage Spanish,NA,NA,NA,Production,Prod-06,0,NA,NA,NA,NA,NA,hacer ejercicio,Indicative,Subjunctive,NA,NA,hacer,2726954,Irregular,HS,7th/8th,Late,No,NA,0,NA,2023,0,NA,2.266580427947476,NA,NA,NA
H64,1,1,HS 7th/8th,7,13,NA,NA,NA,NA,NA,NA,NA,8,Heritage Spanish,NA,NA,NA,Production,Prod-10,0,NA,NA,NA,NA,NA,abren,Indicative,Subjunctive,NA,NA,abrir,143932,Regular,HS,7th/8th,Late,No,NA,0,NA,2023,0,NA,-0.7745364733220609,NA,NA,NA
H64,1,1,HS 7th/8th,7,13,NA,NA,NA,NA,NA,NA,NA,8,Heritage Spanish,NA,NA,NA,Production,Prod-14,0,NA,NA,NA,NA,NA,salen,Indicative,Subjunctive,NA,NA,ir,603647,Irregular,HS,7th/8th,Late,No,NA,0,NA,2023,0,NA,-0.23329173895002495,NA,NA,NA
H64,1,1,HS 7th/8th,7,13,NA,NA,NA,NA,NA,NA,NA,8,Heritage Spanish,NA,NA,NA,Production,Prod-18,0,NA,NA,NA,NA,NA,comen,Indicative,Subjunctive,NA,NA,comer,213756,Regular,HS,7th/8th,Late,No,NA,0,NA,2023,0,NA,-0.6923292964129041,NA,NA,NA
H64,1,1,HS 7th/8th,7,13,NA,NA,NA,NA,NA,NA,NA,8,Heritage Spanish,NA,NA,NA,Production,Prod-22,0,NA,NA,NA,NA,NA,se ponen las chaquetas,Indicative,Subjunctive,NA,NA,poner,514285,Irregular,HS,7th/8th,Late,No,NA,0,NA,2023,0,NA,-0.33850194952169194,NA,NA,NA
H64,1,1,HS 7th/8th,7,13,NA,NA,NA,NA,NA,NA,NA,8,Heritage Spanish,NA,NA,NA,Production,Prod-26,1,NA,NA,NA,NA,NA,vean a la TV,NA,Subjunctive,NA,NA,ver,1611795,Irregular,HS,7th/8th,Late,No,NA,0,NA,2023,1,NA,0.9536497279755688,NA,NA,NA
H64,1,1,HS 7th/8th,7,13,NA,NA,NA,NA,NA,NA,NA,8,Heritage Spanish,NA,NA,NA,Production,Prod-28,0,NA,NA,NA,NA,NA,hay sol,Indicative,Subjunctive,NA,NA,salir,334324,Irregular,HS,7th/8th,Late,No,NA,0,NA,2023,0,NA,-0.5503787506752892,NA,NA,NA
H65,1,1,HS 7th/8th,7,13,164,NA,NA,NA,2,3,2,8,Heritage Spanish,NA,NA,NA,Production,Prod-02,1,NA,NA,NA,NA,NA,escriban,NA,Subjunctive,NA,NA,escribir,265684,Regular,HS,7th/8th,Late,No,5,0,164,2023,1,0.4,-0.6311919470410735,NA,1.375550744304899,1.0232453377462332
H65,1,1,HS 7th/8th,7,13,164,NA,NA,NA,2,3,2,8,Heritage Spanish,NA,NA,NA,Production,Prod-06,1,NA,NA,NA,NA,NA,hagan ejercicio,NA,Subjunctive,NA,NA,hacer,2726954,Irregular,HS,7th/8th,Late,No,5,0,164,2023,1,0.4,2.266580427947476,NA,1.375550744304899,1.0232453377462332
H65,1,1,HS 7th/8th,7,13,164,NA,NA,NA,2,3,2,8,Heritage Spanish,NA,NA,NA,Production,Prod-10,1,NA,NA,NA,NA,NA,abran la puerta,NA,Subjunctive,NA,NA,abrir,143932,Regular,HS,7th/8th,Late,No,5,0,164,2023,1,0.4,-0.7745364733220609,NA,1.375550744304899,1.0232453377462332
H65,1,1,HS 7th/8th,7,13,164,NA,NA,NA,2,3,2,8,Heritage Spanish,NA,NA,NA,Production,Prod-14,1,NA,NA,NA,NA,NA,que salgan,NA,Subjunctive,NA,NA,ir,603647,Irregular,HS,7th/8th,Late,No,5,0,164,2023,1,0.4,-0.23329173895002495,NA,1.375550744304899,1.0232453377462332
H65,1,1,HS 7th/8th,7,13,164,NA,NA,NA,2,3,2,8,Heritage Spanish,NA,NA,NA,Production,Prod-18,1,NA,NA,NA,NA,NA,se coman la comida,NA,Subjunctive,NA,NA,comer,213756,Regular,HS,7th/8th,Late,No,5,0,164,2023,1,0.4,-0.6923292964129041,NA,1.375550744304899,1.0232453377462332
H65,1,1,HS 7th/8th,7,13,164,NA,NA,NA,2,3,2,8,Heritage Spanish,NA,NA,NA,Production,Prod-22,1,NA,NA,NA,NA,NA,se pogan las chaquetas,NA,Subjunctive,NA,NA,poner,514285,Irregular,HS,7th/8th,Late,No,5,0,164,2023,1,0.4,-0.33850194952169194,NA,1.375550744304899,1.0232453377462332
H65,1,1,HS 7th/8th,7,13,164,NA,NA,NA,2,3,2,8,Heritage Spanish,NA,NA,NA,Production,Prod-26,1,NA,NA,NA,NA,NA,que vean la tele,NA,Subjunctive,NA,NA,ver,1611795,Irregular,HS,7th/8th,Late,No,5,0,164,2023,1,0.4,0.9536497279755688,NA,1.375550744304899,1.0232453377462332
H65,1,1,HS 7th/8th,7,13,164,NA,NA,NA,2,3,2,8,Heritage Spanish,NA,NA,NA,Production,Prod-28,0,NA,NA,NA,NA,NA,ella quiere sol,NA,Subjunctive,NA,NA,salir,334324,Irregular,HS,7th/8th,Late,No,5,0,164,2023,0,0.4,-0.5503787506752892,NA,1.375550744304899,1.0232453377462332
H66,1,1,HS 7th/8th,7,12,154,NA,NA,NA,2,6,2,8,Heritage Spanish,NA,NA,NA,Production,Prod-02,0,NA,NA,NA,NA,NA,escribir,Infinitive,Subjunctive,NA,NA,escribir,265684,Regular,HS,7th/8th,Late,No,8,0,154,2023,0,0.25,-0.6311919470410735,NA,0.9925888361516647,0.6699342135630705
H66,1,1,HS 7th/8th,7,12,154,NA,NA,NA,2,6,2,8,Heritage Spanish,NA,NA,NA,Production,Prod-06,1,NA,NA,NA,NA,NA,hagan ejercicio,NA,Subjunctive,NA,NA,hacer,2726954,Irregular,HS,7th/8th,Late,No,8,0,154,2023,1,0.25,2.266580427947476,NA,0.9925888361516647,0.6699342135630705
H66,1,1,HS 7th/8th,7,12,154,NA,NA,NA,2,6,2,8,Heritage Spanish,NA,NA,NA,Production,Prod-10,0,NA,NA,NA,NA,NA,la abre,Indicative,Subjunctive,NA,NA,abrir,143932,Regular,HS,7th/8th,Late,No,8,0,154,2023,0,0.25,-0.7745364733220609,NA,0.9925888361516647,0.6699342135630705
H66,1,1,HS 7th/8th,7,12,154,NA,NA,NA,2,6,2,8,Heritage Spanish,NA,NA,NA,Production,Prod-14,1,NA,NA,NA,NA,NA,salgan,NA,Subjunctive,NA,NA,ir,603647,Irregular,HS,7th/8th,Late,No,8,0,154,2023,1,0.25,-0.23329173895002495,NA,0.9925888361516647,0.6699342135630705
H66,1,1,HS 7th/8th,7,12,154,NA,NA,NA,2,6,2,8,Heritage Spanish,NA,NA,NA,Production,Prod-18,0,NA,NA,NA,NA,NA,comen,Indicative,Subjunctive,NA,NA,comer,213756,Regular,HS,7th/8th,Late,No,8,0,154,2023,0,0.25,-0.6923292964129041,NA,0.9925888361516647,0.6699342135630705
H66,1,1,HS 7th/8th,7,12,154,NA,NA,NA,2,6,2,8,Heritage Spanish,NA,NA,NA,Production,Prod-22,1,NA,NA,NA,NA,NA,se la pongan,NA,Subjunctive,NA,NA,poner,514285,Irregular,HS,7th/8th,Late,No,8,0,154,2023,1,0.25,-0.33850194952169194,NA,0.9925888361516647,0.6699342135630705
H66,1,1,HS 7th/8th,7,12,154,NA,NA,NA,2,6,2,8,Heritage Spanish,NA,NA,NA,Production,Prod-26,1,NA,NA,NA,NA,NA,vean la TV,NA,Subjunctive,NA,NA,ver,1611795,Irregular,HS,7th/8th,Late,No,8,0,154,2023,1,0.25,0.9536497279755688,NA,0.9925888361516647,0.6699342135630705
H66,1,1,HS 7th/8th,7,12,154,NA,NA,NA,2,6,2,8,Heritage Spanish,NA,NA,NA,Production,Prod-28,1,NA,NA,NA,NA,NA,esté soleado,NA,Subjunctive,NA,NA,salir,334324,Irregular,HS,7th/8th,Late,No,8,0,154,2023,1,0.25,-0.5503787506752892,NA,0.9925888361516647,0.6699342135630705
H67,1,1,L2L 7th/8th,7,13,160,NA,NA,NA,2,4,3,8,Gujarati,Yes,Yes,No,Production,Prod-02,0,NA,NA,NA,NA,NA,quiere escribir,Infinitive,Subjunctive,NA,NA,escribir,265684,Regular,L2L,7th/8th,Late,No,6,0,160,2023,0,0.3333333333333333,-0.6311919470410735,NA,1.2223659810436054,0.8819208880729681
H67,1,1,L2L 7th/8th,7,13,160,NA,NA,NA,2,4,3,8,Gujarati,Yes,Yes,No,Production,Prod-06,0,NA,NA,NA,NA,NA,están haciendo ejercicio,Indicative,Subjunctive,NA,NA,hacer,2726954,Irregular,L2L,7th/8th,Late,No,6,0,160,2023,0,0.3333333333333333,2.266580427947476,NA,1.2223659810436054,0.8819208880729681
H67,1,1,L2L 7th/8th,7,13,160,NA,NA,NA,2,4,3,8,Gujarati,Yes,Yes,No,Production,Prod-10,0,NA,NA,NA,NA,NA,abrir,Infinitive,Subjunctive,NA,NA,abrir,143932,Regular,L2L,7th/8th,Late,No,6,0,160,2023,0,0.3333333333333333,-0.7745364733220609,NA,1.2223659810436054,0.8819208880729681
H67,1,1,L2L 7th/8th,7,13,160,NA,NA,NA,2,4,3,8,Gujarati,Yes,Yes,No,Production,Prod-14,0,NA,NA,NA,NA,NA,se van,Indicative,Subjunctive,NA,NA,ir,603647,Irregular,L2L,7th/8th,Late,No,6,0,160,2023,0,0.3333333333333333,-0.23329173895002495,NA,1.2223659810436054,0.8819208880729681
H67,1,1,L2L 7th/8th,7,13,160,NA,NA,NA,2,4,3,8,Gujarati,Yes,Yes,No,Production,Prod-18,0,NA,NA,NA,NA,NA,se comen,Gender,Subjunctive,NA,NA,comer,213756,Regular,L2L,7th/8th,Late,No,6,0,160,2023,0,0.3333333333333333,-0.6923292964129041,NA,1.2223659810436054,0.8819208880729681
H67,1,1,L2L 7th/8th,7,13,160,NA,NA,NA,2,4,3,8,Gujarati,Yes,Yes,No,Production,Prod-22,0,NA,NA,NA,NA,NA,ponen sus chaquetas,Indicative,Subjunctive,NA,NA,poner,514285,Irregular,L2L,7th/8th,Late,No,6,0,160,2023,0,0.3333333333333333,-0.33850194952169194,NA,1.2223659810436054,0.8819208880729681
H67,1,1,L2L 7th/8th,7,13,160,NA,NA,NA,2,4,3,8,Gujarati,Yes,Yes,No,Production,Prod-26,0,NA,NA,NA,NA,NA,quiere ver,Infinitive,Subjunctive,NA,NA,ver,1611795,Irregular,L2L,7th/8th,Late,No,6,0,160,2023,0,0.3333333333333333,0.9536497279755688,NA,1.2223659810436054,0.8819208880729681
H67,1,1,L2L 7th/8th,7,13,160,NA,NA,NA,2,4,3,8,Gujarati,Yes,Yes,No,Production,Prod-28,NA,NA,NA,NA,NA,NA,afuera soledo,Omission,Subjunctive,NA,NA,salir,334324,Irregular,L2L,7th/8th,Late,No,6,0,160,2023,NA,0.3333333333333333,-0.5503787506752892,NA,1.2223659810436054,0.8819208880729681
H70,1,2,HS 4th/5th,5,7,95,NA,NA,NA,2,6,2,8,Heritage Spanish,NA,NA,NA,Production,Prod-02,0,NA,NA,NA,NA,NA,escribe,NA,Subjunctive,NA,NA,escribir,265684,Regular,HS,4th/5th,Late,No,8,36,131,2026,0,0.25,-0.6311919470410735,NA,-1.2668864219524187,-0.1426813720582039
H70,1,2,HS 4th/5th,5,7,95,NA,NA,NA,2,6,2,8,Heritage Spanish,NA,NA,NA,Production,Prod-06,0,NA,NA,NA,NA,NA,ejercicen,Indicative,Subjunctive,NA,NA,hacer,2726954,Irregular,HS,4th/5th,Late,No,8,36,131,2026,0,0.25,2.266580427947476,NA,-1.2668864219524187,-0.1426813720582039
H70,1,2,HS 4th/5th,5,7,95,NA,NA,NA,2,6,2,8,Heritage Spanish,NA,NA,NA,Production,Prod-10,0,NA,NA,NA,NA,NA,lo abren,Indicative,Subjunctive,NA,NA,abrir,143932,Regular,HS,4th/5th,Late,No,8,36,131,2026,0,0.25,-0.7745364733220609,NA,-1.2668864219524187,-0.1426813720582039
H70,1,2,HS 4th/5th,5,7,95,NA,NA,NA,2,6,2,8,Heritage Spanish,NA,NA,NA,Production,Prod-14,1,NA,NA,NA,NA,NA,que salgan,NA,Subjunctive,NA,NA,ir,603647,Irregular,HS,4th/5th,Late,No,8,36,131,2026,1,0.25,-0.23329173895002495,NA,-1.2668864219524187,-0.1426813720582039
H70,1,2,HS 4th/5th,5,7,95,NA,NA,NA,2,6,2,8,Heritage Spanish,NA,NA,NA,Production,Prod-18,1,NA,NA,NA,NA,NA,que coman la cena,NA,Subjunctive,NA,NA,comer,213756,Regular,HS,4th/5th,Late,No,8,36,131,2026,1,0.25,-0.6923292964129041,NA,-1.2668864219524187,-0.1426813720582039
H70,1,2,HS 4th/5th,5,7,95,NA,NA,NA,2,6,2,8,Heritage Spanish,NA,NA,NA,Production,Prod-22,0,NA,NA,NA,NA,NA,que los salen,Indicative,Subjunctive,NA,NA,poner,514285,Irregular,HS,4th/5th,Late,No,8,36,131,2026,0,0.25,-0.33850194952169194,NA,-1.2668864219524187,-0.1426813720582039
H70,1,2,HS 4th/5th,5,7,95,NA,NA,NA,2,6,2,8,Heritage Spanish,NA,NA,NA,Production,Prod-26,1,NA,NA,NA,NA,NA,que miren**,NA,Subjunctive,NA,NA,ver,1611795,Irregular,HS,4th/5th,Late,No,8,36,131,2026,1,0.25,0.9536497279755688,NA,-1.2668864219524187,-0.1426813720582039
H70,1,2,HS 4th/5th,5,7,95,NA,NA,NA,2,6,2,8,Heritage Spanish,NA,NA,NA,Production,Prod-28,0,NA,NA,NA,NA,NA,que sale el sol,NA,Subjunctive,NA,NA,salir,334324,Irregular,HS,4th/5th,Late,No,8,36,131,2026,0,0.25,-0.5503787506752892,NA,-1.2668864219524187,-0.1426813720582039
H72,1,2,L2L 4th/5th,5,7,94,NA,NA,NA,3,4,2,8,Russian,No,Yes,Yes,Production,Prod-02,0,NA,NA,NA,NA,NA,que ella puede escuchar,Indicative,Subjunctive,NA,NA,escribir,265684,Regular,L2L,4th/5th,Late,No,7,36,130,2026,0,0.42857142857142855,-0.6311919470410735,NA,-1.3051826127677424,-0.17801248447652016
H72,1,2,L2L 4th/5th,5,7,94,NA,NA,NA,3,4,2,8,Russian,No,Yes,Yes,Production,Prod-06,0,NA,NA,NA,NA,NA,que están haciendo ejercicio,Indicative,Subjunctive,NA,NA,hacer,2726954,Irregular,L2L,4th/5th,Late,No,7,36,130,2026,0,0.42857142857142855,2.266580427947476,NA,-1.3051826127677424,-0.17801248447652016
H72,1,2,L2L 4th/5th,5,7,94,NA,NA,NA,3,4,2,8,Russian,No,Yes,Yes,Production,Prod-10,1,NA,NA,NA,NA,NA,que abran la puerta,NA,Subjunctive,NA,NA,abrir,143932,Regular,L2L,4th/5th,Late,No,7,36,130,2026,1,0.42857142857142855,-0.7745364733220609,NA,-1.3051826127677424,-0.17801248447652016
H72,1,2,L2L 4th/5th,5,7,94,NA,NA,NA,3,4,2,8,Russian,No,Yes,Yes,Production,Prod-14,0,NA,NA,NA,NA,NA,que los otros niños salen,Indicative,Subjunctive,NA,NA,ir,603647,Irregular,L2L,4th/5th,Late,No,7,36,130,2026,0,0.42857142857142855,-0.23329173895002495,NA,-1.3051826127677424,-0.17801248447652016
H72,1,2,L2L 4th/5th,5,7,94,NA,NA,NA,3,4,2,8,Russian,No,Yes,Yes,Production,Prod-18,0,NA,NA,NA,NA,NA,comen,Indicative,Subjunctive,NA,NA,comer,213756,Regular,L2L,4th/5th,Late,No,7,36,130,2026,0,0.42857142857142855,-0.6923292964129041,NA,-1.3051826127677424,-0.17801248447652016
H72,1,2,L2L 4th/5th,5,7,94,NA,NA,NA,3,4,2,8,Russian,No,Yes,Yes,Production,Prod-22,0,NA,NA,NA,NA,NA,que se ponen las chaquetas,Indicative,Subjunctive,NA,NA,poner,514285,Irregular,L2L,4th/5th,Late,No,7,36,130,2026,0,0.42857142857142855,-0.33850194952169194,NA,-1.3051826127677424,-0.17801248447652016
H72,1,2,L2L 4th/5th,5,7,94,NA,NA,NA,3,4,2,8,Russian,No,Yes,Yes,Production,Prod-26,1,NA,NA,NA,NA,NA,que los niños miren**,NA,Subjunctive,NA,NA,ver,1611795,Irregular,L2L,4th/5th,Late,No,7,36,130,2026,1,0.42857142857142855,0.9536497279755688,NA,-1.3051826127677424,-0.17801248447652016
H72,1,2,L2L 4th/5th,5,7,94,NA,NA,NA,3,4,2,8,Russian,No,Yes,Yes,Production,Prod-28,0,NA,NA,NA,NA,NA,que el sol va afuera…sale,NA,Subjunctive,NA,NA,salir,334324,Irregular,L2L,4th/5th,Late,No,7,36,130,2026,0,0.42857142857142855,-0.5503787506752892,NA,-1.3051826127677424,-0.17801248447652016
H73,1,1,L2L 4th/5th,4,10,125,NA,NA,NA,3,5,NA,6,"Mandarin, Cantonese, Fujianese",Yes,No,No,Production,Prod-02,NA,NA,NA,NA,NA,Removed 0 for accuracy; verb unclear -Jen,escrita,Other,Subjunctive,NA,NA,escribir,265684,Regular,L2L,4th/5th,Late,No,8,0,125,2023,NA,0.375,-0.6311919470410735,NA,-0.11800069749271534,-0.3546680465681015
H73,1,1,L2L 4th/5th,4,10,125,NA,NA,NA,3,5,NA,6,"Mandarin, Cantonese, Fujianese",Yes,No,No,Production,Prod-06,0,NA,NA,NA,NA,NA,quiere jugar,Infinitive,Subjunctive,NA,NA,hacer,2726954,Irregular,L2L,4th/5th,Late,No,8,0,125,2023,0,0.375,2.266580427947476,NA,-0.11800069749271534,-0.3546680465681015
H73,1,1,L2L 4th/5th,4,10,125,NA,NA,NA,3,5,NA,6,"Mandarin, Cantonese, Fujianese",Yes,No,No,Production,Prod-10,NA,NA,NA,NA,NA,English,quiere puerta open,English,Subjunctive,NA,NA,abrir,143932,Regular,L2L,4th/5th,Late,No,8,0,125,2023,NA,0.375,-0.7745364733220609,NA,-0.11800069749271534,-0.3546680465681015
H73,1,1,L2L 4th/5th,4,10,125,NA,NA,NA,3,5,NA,6,"Mandarin, Cantonese, Fujianese",Yes,No,No,Production,Prod-14,0,NA,NA,NA,NA,NA,el niños quiere camino puerta,Infinitive,Subjunctive,NA,NA,ir,603647,Irregular,L2L,4th/5th,Late,No,8,0,125,2023,0,0.375,-0.23329173895002495,NA,-0.11800069749271534,-0.3546680465681015
H73,1,1,L2L 4th/5th,4,10,125,NA,NA,NA,3,5,NA,6,"Mandarin, Cantonese, Fujianese",Yes,No,No,Production,Prod-18,NA,NA,NA,NA,NA,Removed 0 for accuracy -no verb. -Jen,un comida,DP,Subjunctive,NA,NA,comer,213756,Regular,L2L,4th/5th,Late,No,8,0,125,2023,NA,0.375,-0.6923292964129041,NA,-0.11800069749271534,-0.3546680465681015
H73,1,1,L2L 4th/5th,4,10,125,NA,NA,NA,3,5,NA,6,"Mandarin, Cantonese, Fujianese",Yes,No,No,Production,Prod-22,0,NA,NA,NA,NA,NA,el mamá quiere no usa,Indicative,Subjunctive,NA,NA,poner,514285,Irregular,L2L,4th/5th,Late,No,8,0,125,2023,0,0.375,-0.33850194952169194,NA,-0.11800069749271534,-0.3546680465681015
H73,1,1,L2L 4th/5th,4,10,125,NA,NA,NA,3,5,NA,6,"Mandarin, Cantonese, Fujianese",Yes,No,No,Production,Prod-26,0,NA,NA,NA,NA,NA,el niñas usa las mascarillas,Infinitive,Subjunctive,NA,NA,ver,1611795,Irregular,L2L,4th/5th,Late,No,8,0,125,2023,0,0.375,0.9536497279755688,NA,-0.11800069749271534,-0.3546680465681015
H73,1,1,L2L 4th/5th,4,10,125,NA,NA,NA,3,5,NA,6,"Mandarin, Cantonese, Fujianese",Yes,No,No,Production,Prod-28,0,NA,NA,NA,NA,NA,sofia quiere el sol,Other,Subjunctive,NA,NA,salir,334324,Irregular,L2L,4th/5th,Late,No,8,0,125,2023,0,0.375,-0.5503787506752892,NA,-0.11800069749271534,-0.3546680465681015
H73,1,2,L2L 7th/8th,7,10,125,NA,NA,NA,3,5,NA,6,"Mandarin, Cantonese, Fujianese",Yes,No,No,Production,Prod-02,1,NA,NA,NA,NA,Ask Jen,quiere que escriba,NA,Subjunctive,NA,NA,escribir,265684,Regular,L2L,7th/8th,Late,No,8,36,161,2026,1,0.375,-0.6311919470410735,NA,-0.11800069749271534,0.9172520004912844
H73,1,2,L2L 7th/8th,7,10,125,NA,NA,NA,3,5,NA,6,"Mandarin, Cantonese, Fujianese",Yes,No,No,Production,Prod-06,0,NA,NA,NA,NA,NA,que hacer ejercicio,NA,Subjunctive,NA,NA,hacer,2726954,Irregular,L2L,7th/8th,Late,No,8,36,161,2026,0,0.375,2.266580427947476,NA,-0.11800069749271534,0.9172520004912844
H73,1,2,L2L 7th/8th,7,10,125,NA,NA,NA,3,5,NA,6,"Mandarin, Cantonese, Fujianese",Yes,No,No,Production,Prod-10,0,NA,NA,NA,NA,NA,quiere que abrir la puerta,Infinitive,Subjunctive,NA,NA,abrir,143932,Regular,L2L,7th/8th,Late,No,8,36,161,2026,0,0.375,-0.7745364733220609,NA,-0.11800069749271534,0.9172520004912844
H73,1,2,L2L 7th/8th,7,10,125,NA,NA,NA,3,5,NA,6,"Mandarin, Cantonese, Fujianese",Yes,No,No,Production,Prod-14,0,NA,NA,NA,NA,NA,quiere que salir exitar,NA,Subjunctive,NA,NA,ir,603647,Irregular,L2L,7th/8th,Late,No,8,36,161,2026,0,0.375,-0.23329173895002495,NA,-0.11800069749271534,0.9172520004912844
H73,1,2,L2L 7th/8th,7,10,125,NA,NA,NA,3,5,NA,6,"Mandarin, Cantonese, Fujianese",Yes,No,No,Production,Prod-18,0,NA,NA,NA,NA,NA,quiere que comer,Indicative,Subjunctive,NA,NA,comer,213756,Regular,L2L,7th/8th,Late,No,8,36,161,2026,0,0.375,-0.6923292964129041,NA,-0.11800069749271534,0.9172520004912844
H73,1,2,L2L 7th/8th,7,10,125,NA,NA,NA,3,5,NA,6,"Mandarin, Cantonese, Fujianese",Yes,No,No,Production,Prod-22,0,NA,NA,NA,NA,NA,que se pone las chaquetas,Indicative,Subjunctive,NA,NA,poner,514285,Irregular,L2L,7th/8th,Late,No,8,36,161,2026,0,0.375,-0.33850194952169194,NA,-0.11800069749271534,0.9172520004912844
H73,1,2,L2L 7th/8th,7,10,125,NA,NA,NA,3,5,NA,6,"Mandarin, Cantonese, Fujianese",Yes,No,No,Production,Prod-26,0,NA,NA,NA,NA,NA,quiere que ver la televisión,Indicative,Subjunctive,NA,NA,ver,1611795,Irregular,L2L,7th/8th,Late,No,8,36,161,2026,0,0.375,0.9536497279755688,NA,-0.11800069749271534,0.9172520004912844
H73,1,2,L2L 7th/8th,7,10,125,NA,NA,NA,3,5,NA,6,"Mandarin, Cantonese, Fujianese",Yes,No,No,Production,Prod-28,0,NA,NA,NA,NA,NA,quiere que el sol,No subordinate verb,Subjunctive,NA,NA,salir,334324,Irregular,L2L,7th/8th,Late,No,8,36,161,2026,0,0.375,-0.5503787506752892,NA,-0.11800069749271534,0.9172520004912844
H74,1,1,L2L 4th/5th,4,10,121,NA,NA,NA,5,4,NA,5,Tagalog,Yes,No,No,Production,Prod-02,0,NA,NA,NA,NA,NA,escriben,Indicative,Subjunctive,NA,NA,escribir,265684,Regular,L2L,4th/5th,Late,No,9,0,121,2023,0,0.5555555555555556,-0.6311919470410735,NA,-0.2711854607540091,-0.49599249624136665
H74,1,1,L2L 4th/5th,4,10,121,NA,NA,NA,5,4,NA,5,Tagalog,Yes,No,No,Production,Prod-06,NA,NA,NA,NA,NA,Removed 0 for accuracy -Jen,para exerciso,Other,Subjunctive,NA,NA,hacer,2726954,Irregular,L2L,4th/5th,Late,No,9,0,121,2023,NA,0.5555555555555556,2.266580427947476,NA,-0.2711854607540091,-0.49599249624136665
H74,1,1,L2L 4th/5th,4,10,121,NA,NA,NA,5,4,NA,5,Tagalog,Yes,No,No,Production,Prod-10,0,NA,NA,NA,NA,NA,abre la puerta,Indicative,Subjunctive,NA,NA,abrir,143932,Regular,L2L,4th/5th,Late,No,9,0,121,2023,0,0.5555555555555556,-0.7745364733220609,NA,-0.2711854607540091,-0.49599249624136665
H74,1,1,L2L 4th/5th,4,10,121,NA,NA,NA,5,4,NA,5,Tagalog,Yes,No,No,Production,Prod-14,NA,NA,NA,NA,NA,No response,NA,NO RESPONSE,Subjunctive,NA,NA,ir,603647,Irregular,L2L,4th/5th,Late,No,9,0,121,2023,NA,0.5555555555555556,-0.23329173895002495,NA,-0.2711854607540091,-0.49599249624136665
H74,1,1,L2L 4th/5th,4,10,121,NA,NA,NA,5,4,NA,5,Tagalog,Yes,No,No,Production,Prod-18,0,NA,NA,NA,NA,NA,comen la comida,Indicative,Subjunctive,NA,NA,comer,213756,Regular,L2L,4th/5th,Late,No,9,0,121,2023,0,0.5555555555555556,-0.6923292964129041,NA,-0.2711854607540091,-0.49599249624136665
H74,1,1,L2L 4th/5th,4,10,121,NA,NA,NA,5,4,NA,5,Tagalog,Yes,No,No,Production,Prod-22,NA,NA,NA,NA,NA,No response,NA,NO RESPONSE,Subjunctive,NA,NA,poner,514285,Irregular,L2L,4th/5th,Late,No,9,0,121,2023,NA,0.5555555555555556,-0.33850194952169194,NA,-0.2711854607540091,-0.49599249624136665
H74,1,1,L2L 4th/5th,4,10,121,NA,NA,NA,5,4,NA,5,Tagalog,Yes,No,No,Production,Prod-26,0,NA,NA,NA,NA,NA,para miran,Indicative,Subjunctive,NA,NA,ver,1611795,Irregular,L2L,4th/5th,Late,No,9,0,121,2023,0,0.5555555555555556,0.9536497279755688,NA,-0.2711854607540091,-0.49599249624136665
H74,1,1,L2L 4th/5th,4,10,121,NA,NA,NA,5,4,NA,5,Tagalog,Yes,No,No,Production,Prod-28,0,NA,NA,NA,NA,NA,va soleado,Indicative,Subjunctive,NA,NA,salir,334324,Irregular,L2L,4th/5th,Late,No,9,0,121,2023,0,0.5555555555555556,-0.5503787506752892,NA,-0.2711854607540091,-0.49599249624136665
H74,1,2,L2L 7th/8th,7,10,121,NA,NA,NA,5,4,NA,5,Tagalog,Yes,No,No,Production,Prod-02,0,NA,NA,NA,NA,NA,que escribir,Infinitive,Subjunctive,NA,NA,escribir,265684,Regular,L2L,7th/8th,Late,No,9,36,157,2026,0,0.5555555555555556,-0.6311919470410735,NA,-0.2711854607540091,0.7759275508180193
H74,1,2,L2L 7th/8th,7,10,121,NA,NA,NA,5,4,NA,5,Tagalog,Yes,No,No,Production,Prod-06,0,NA,NA,NA,NA,NA,hacer cosas activas,Infinitive,Subjunctive,NA,NA,hacer,2726954,Irregular,L2L,7th/8th,Late,No,9,36,157,2026,0,0.5555555555555556,2.266580427947476,NA,-0.2711854607540091,0.7759275508180193
H74,1,2,L2L 7th/8th,7,10,121,NA,NA,NA,5,4,NA,5,Tagalog,Yes,No,No,Production,Prod-10,1,NA,NA,NA,NA,NA,abrir la puerta,Infinitive,Subjunctive,NA,NA,abrir,143932,Regular,L2L,7th/8th,Late,No,9,36,157,2026,1,0.5555555555555556,-0.7745364733220609,NA,-0.2711854607540091,0.7759275508180193
H74,1,2,L2L 7th/8th,7,10,121,NA,NA,NA,5,4,NA,5,Tagalog,Yes,No,No,Production,Prod-14,0,NA,NA,NA,NA,NA,que exitar,Infinitive,Subjunctive,NA,NA,ir,603647,Irregular,L2L,7th/8th,Late,No,9,36,157,2026,0,0.5555555555555556,-0.23329173895002495,NA,-0.2711854607540091,0.7759275508180193
H74,1,2,L2L 7th/8th,7,10,121,NA,NA,NA,5,4,NA,5,Tagalog,Yes,No,No,Production,Prod-18,0,NA,NA,NA,NA,NA,que comer el comida,Infinitive,Subjunctive,NA,NA,comer,213756,Regular,L2L,7th/8th,Late,No,9,36,157,2026,0,0.5555555555555556,-0.6923292964129041,NA,-0.2711854607540091,0.7759275508180193
H74,1,2,L2L 7th/8th,7,10,121,NA,NA,NA,5,4,NA,5,Tagalog,Yes,No,No,Production,Prod-22,0,NA,NA,NA,NA,NA,poner las chaquetas,Infinitive,Subjunctive,NA,NA,poner,514285,Irregular,L2L,7th/8th,Late,No,9,36,157,2026,0,0.5555555555555556,-0.33850194952169194,NA,-0.2711854607540091,0.7759275508180193
H74,1,2,L2L 7th/8th,7,10,121,NA,NA,NA,5,4,NA,5,Tagalog,Yes,No,No,Production,Prod-26,0,NA,NA,NA,NA,NA,que ver al tele,Infinitive,Subjunctive,NA,NA,ver,1611795,Irregular,L2L,7th/8th,Late,No,9,36,157,2026,0,0.5555555555555556,0.9536497279755688,NA,-0.2711854607540091,0.7759275508180193
H74,1,2,L2L 7th/8th,7,10,121,NA,NA,NA,5,4,NA,5,Tagalog,Yes,No,No,Production,Prod-28,0,NA,NA,NA,NA,NA,que el clima ser con mucho sol,Infinitive,Subjunctive,NA,NA,salir,334324,Irregular,L2L,7th/8th,Late,No,9,36,157,2026,0,0.5555555555555556,-0.5503787506752892,NA,-0.2711854607540091,0.7759275508180193
H75,1,1,L2L 4th/5th,4,10,120,NA,NA,NA,2,2,NA,8,L2 learner,L2,L2,L2,Production,Prod-02,0,NA,NA,NA,NA,NA,escribir,Infinitive,Subjunctive,NA,NA,escribir,265684,Regular,L2L,4th/5th,Late,No,4,0,120,2023,0,0.5,-0.6311919470410735,NA,-0.3094816515693326,-0.531323608659683
H75,1,1,L2L 4th/5th,4,10,120,NA,NA,NA,2,2,NA,8,L2 learner,L2,L2,L2,Production,Prod-06,NA,NA,NA,NA,NA,NA,no relagen,Regular verb,Subjunctive,NA,NA,hacer,2726954,Irregular,L2L,4th/5th,Late,No,4,0,120,2023,NA,0.5,2.266580427947476,NA,-0.3094816515693326,-0.531323608659683
H75,1,1,L2L 4th/5th,4,10,120,NA,NA,NA,2,2,NA,8,L2 learner,L2,L2,L2,Production,Prod-10,1,NA,NA,NA,NA,NA,abran la puerta,NA,Subjunctive,NA,NA,abrir,143932,Regular,L2L,4th/5th,Late,No,4,0,120,2023,1,0.5,-0.7745364733220609,NA,-0.3094816515693326,-0.531323608659683
H75,1,1,L2L 4th/5th,4,10,120,NA,NA,NA,2,2,NA,8,L2 learner,L2,L2,L2,Production,Prod-14,0,NA,NA,NA,NA,NA,quiere que ir,Infinitive,Subjunctive,NA,NA,ir,603647,Irregular,L2L,4th/5th,Late,No,4,0,120,2023,0,0.5,-0.23329173895002495,NA,-0.3094816515693326,-0.531323608659683
H75,1,1,L2L 4th/5th,4,10,120,NA,NA,NA,2,2,NA,8,L2 learner,L2,L2,L2,Production,Prod-18,0,NA,NA,NA,NA,NA,comer,Infinitive,Subjunctive,NA,NA,comer,213756,Regular,L2L,4th/5th,Late,No,4,0,120,2023,0,0.5,-0.6923292964129041,NA,-0.3094816515693326,-0.531323608659683
H75,1,1,L2L 4th/5th,4,10,120,NA,NA,NA,2,2,NA,8,L2 learner,L2,L2,L2,Production,Prod-22,0,NA,NA,NA,NA,NA,se pone,Indicative,Subjunctive,NA,NA,poner,514285,Irregular,L2L,4th/5th,Late,No,4,0,120,2023,0,0.5,-0.33850194952169194,NA,-0.3094816515693326,-0.531323608659683
H75,1,1,L2L 4th/5th,4,10,120,NA,NA,NA,2,2,NA,8,L2 learner,L2,L2,L2,Production,Prod-26,0,NA,NA,NA,NA,NA,ver a la tele,Infinitive,Subjunctive,NA,NA,ver,1611795,Irregular,L2L,4th/5th,Late,No,4,0,120,2023,0,0.5,0.9536497279755688,NA,-0.3094816515693326,-0.531323608659683
H75,1,1,L2L 4th/5th,4,10,120,NA,NA,NA,2,2,NA,8,L2 learner,L2,L2,L2,Production,Prod-28,1,NA,NA,NA,NA,NA,que la clima esta soleado,NA,Subjunctive,NA,NA,salir,334324,Irregular,L2L,4th/5th,Late,No,4,0,120,2023,1,0.5,-0.5503787506752892,NA,-0.3094816515693326,-0.531323608659683
H76,1,1,L2L 4th/5th,4,10,126,NA,NA,NA,1,4,3,8,Hindi,Yes,Yes,Yes,Production,Prod-02,0,NA,NA,NA,NA,NA,escribe,Infinitive,Subjunctive,NA,NA,escribir,265684,Regular,L2L,4th/5th,Late,No,5,0,126,2023,0,0.2,-0.6311919470410735,NA,-0.0797045066773919,-0.31933693414978526
H76,1,1,L2L 4th/5th,4,10,126,NA,NA,NA,1,4,3,8,Hindi,Yes,Yes,Yes,Production,Prod-06,0,NA,NA,NA,NA,NA,se hacer ejercicios,Infinitive,Subjunctive,NA,NA,hacer,2726954,Irregular,L2L,4th/5th,Late,No,5,0,126,2023,0,0.2,2.266580427947476,NA,-0.0797045066773919,-0.31933693414978526
H76,1,1,L2L 4th/5th,4,10,126,NA,NA,NA,1,4,3,8,Hindi,Yes,Yes,Yes,Production,Prod-10,NA,NA,NA,NA,NA,English,open,English,Subjunctive,NA,NA,abrir,143932,Regular,L2L,4th/5th,Late,No,5,0,126,2023,NA,0.2,-0.7745364733220609,NA,-0.0797045066773919,-0.31933693414978526
H76,1,1,L2L 4th/5th,4,10,126,NA,NA,NA,1,4,3,8,Hindi,Yes,Yes,Yes,Production,Prod-14,NA,NA,NA,NA,NA,NA,exitar,english,Subjunctive,NA,NA,ir,603647,Irregular,L2L,4th/5th,Late,No,5,0,126,2023,NA,0.2,-0.23329173895002495,NA,-0.0797045066773919,-0.31933693414978526
H76,1,1,L2L 4th/5th,4,10,126,NA,NA,NA,1,4,3,8,Hindi,Yes,Yes,Yes,Production,Prod-18,0,NA,NA,NA,NA,NA,comer el sopa,Infinitive,Subjunctive,NA,NA,comer,213756,Regular,L2L,4th/5th,Late,No,5,0,126,2023,0,0.2,-0.6923292964129041,NA,-0.0797045066773919,-0.31933693414978526
H76,1,1,L2L 4th/5th,4,10,126,NA,NA,NA,1,4,3,8,Hindi,Yes,Yes,Yes,Production,Prod-22,NA,NA,NA,NA,NA,Removed 0 for accuracy English -Jen,take,English,Subjunctive,NA,NA,poner,514285,Irregular,L2L,4th/5th,Late,No,5,0,126,2023,NA,0.2,-0.33850194952169194,NA,-0.0797045066773919,-0.31933693414978526
H76,1,1,L2L 4th/5th,4,10,126,NA,NA,NA,1,4,3,8,Hindi,Yes,Yes,Yes,Production,Prod-26,0,NA,NA,NA,NA,NA,ver televisión,Infinitive,Subjunctive,NA,NA,ver,1611795,Irregular,L2L,4th/5th,Late,No,5,0,126,2023,0,0.2,0.9536497279755688,NA,-0.0797045066773919,-0.31933693414978526
H76,1,1,L2L 4th/5th,4,10,126,NA,NA,NA,1,4,3,8,Hindi,Yes,Yes,Yes,Production,Prod-28,0,NA,NA,NA,NA,NA,jugar,Infinitive,Subjunctive,NA,NA,salir,334324,Irregular,L2L,4th/5th,Late,No,5,0,126,2023,0,0.2,-0.5503787506752892,NA,-0.0797045066773919,-0.31933693414978526
H76,1,2,L2L 7th/8th,7,10,126,NA,NA,NA,1,4,3,8,Hindi,Yes,Yes,Yes,Production,Prod-02,0,NA,NA,NA,NA,NA,escribir sobre los niños,Indicative,Subjunctive,NA,NA,escribir,265684,Regular,L2L,7th/8th,Late,No,5,36,162,2026,0,0.2,-0.6311919470410735,NA,-0.0797045066773919,0.9525831129096007
H76,1,2,L2L 7th/8th,7,10,126,NA,NA,NA,1,4,3,8,Hindi,Yes,Yes,Yes,Production,Prod-06,0,NA,NA,NA,NA,NA,los niños juegan**,Indicative,Subjunctive,NA,NA,hacer,2726954,Irregular,L2L,7th/8th,Late,No,5,36,162,2026,0,0.2,2.266580427947476,NA,-0.0797045066773919,0.9525831129096007
H76,1,2,L2L 7th/8th,7,10,126,NA,NA,NA,1,4,3,8,Hindi,Yes,Yes,Yes,Production,Prod-10,0,NA,NA,NA,NA,NA,abrir la puerta,Infinitive,Subjunctive,NA,NA,abrir,143932,Regular,L2L,7th/8th,Late,No,5,36,162,2026,0,0.2,-0.7745364733220609,NA,-0.0797045066773919,0.9525831129096007
H76,1,2,L2L 7th/8th,7,10,126,NA,NA,NA,1,4,3,8,Hindi,Yes,Yes,Yes,Production,Prod-14,0,NA,NA,NA,NA,NA,exitar,Infinitive,Subjunctive,NA,NA,ir,603647,Irregular,L2L,7th/8th,Late,No,5,36,162,2026,0,0.2,-0.23329173895002495,NA,-0.0797045066773919,0.9525831129096007
H76,1,2,L2L 7th/8th,7,10,126,NA,NA,NA,1,4,3,8,Hindi,Yes,Yes,Yes,Production,Prod-18,0,NA,NA,NA,NA,NA,"comer, cenar",Infinitive,Subjunctive,NA,NA,comer,213756,Regular,L2L,7th/8th,Late,No,5,36,162,2026,0,0.2,-0.6923292964129041,NA,-0.0797045066773919,0.9525831129096007
H76,1,2,L2L 7th/8th,7,10,126,NA,NA,NA,1,4,3,8,Hindi,Yes,Yes,Yes,Production,Prod-22,1,NA,NA,NA,NA,NA,se ponen la chaqueta,NA,Subjunctive,NA,NA,poner,514285,Irregular,L2L,7th/8th,Late,No,5,36,162,2026,1,0.2,-0.33850194952169194,NA,-0.0797045066773919,0.9525831129096007
H76,1,2,L2L 7th/8th,7,10,126,NA,NA,NA,1,4,3,8,Hindi,Yes,Yes,Yes,Production,Prod-26,0,NA,NA,NA,NA,NA,ver el televisión,NA,Subjunctive,NA,NA,ver,1611795,Irregular,L2L,7th/8th,Late,No,5,36,162,2026,0,0.2,0.9536497279755688,NA,-0.0797045066773919,0.9525831129096007
H76,1,2,L2L 7th/8th,7,10,126,NA,NA,NA,1,4,3,8,Hindi,Yes,Yes,Yes,Production,Prod-28,0,NA,NA,NA,NA,NA,ser soleado,Infinitive,Subjunctive,NA,NA,salir,334324,Irregular,L2L,7th/8th,Late,No,5,36,162,2026,0,0.2,-0.5503787506752892,NA,-0.0797045066773919,0.9525831129096007
H77,1,1,HS 4th/5th,4,11,132,NA,NA,NA,5,5,NA,8,Heritage Spanish,NA,NA,NA,Production,Prod-02,0,NA,NA,NA,NA,NA,a dibujar,Infinitive,Subjunctive,NA,NA,escribir,265684,Regular,HS,4th/5th,Late,No,10,0,132,2023,0,0.5,-0.6311919470410735,NA,0.1500726382145488,-0.10735025963988762
H77,1,1,HS 4th/5th,4,11,132,NA,NA,NA,5,5,NA,8,Heritage Spanish,NA,NA,NA,Production,Prod-06,0,NA,NA,NA,NA,NA,hacer ejercicio,Infinitive,Subjunctive,NA,NA,hacer,2726954,Irregular,HS,4th/5th,Late,No,10,0,132,2023,0,0.5,2.266580427947476,NA,0.1500726382145488,-0.10735025963988762
H77,1,1,HS 4th/5th,4,11,132,NA,NA,NA,5,5,NA,8,Heritage Spanish,NA,NA,NA,Production,Prod-10,0,NA,NA,NA,NA,NA,abrir la puerta,Infinitive,Subjunctive,NA,NA,abrir,143932,Regular,HS,4th/5th,Late,No,10,0,132,2023,0,0.5,-0.7745364733220609,NA,0.1500726382145488,-0.10735025963988762
H77,1,1,HS 4th/5th,4,11,132,NA,NA,NA,5,5,NA,8,Heritage Spanish,NA,NA,NA,Production,Prod-14,0,NA,NA,NA,NA,NA,a salir,Infinitive,Subjunctive,NA,NA,ir,603647,Irregular,HS,4th/5th,Late,No,10,0,132,2023,0,0.5,-0.23329173895002495,NA,0.1500726382145488,-0.10735025963988762
H77,1,1,HS 4th/5th,4,11,132,NA,NA,NA,5,5,NA,8,Heritage Spanish,NA,NA,NA,Production,Prod-18,0,NA,NA,NA,NA,NA,a comerlad,Infinitive,Subjunctive,NA,NA,comer,213756,Regular,HS,4th/5th,Late,No,10,0,132,2023,0,0.5,-0.6923292964129041,NA,0.1500726382145488,-0.10735025963988762
H77,1,1,HS 4th/5th,4,11,132,NA,NA,NA,5,5,NA,8,Heritage Spanish,NA,NA,NA,Production,Prod-22,0,NA,NA,NA,NA,NA,a poner,Infinitive,Subjunctive,NA,NA,poner,514285,Irregular,HS,4th/5th,Late,No,10,0,132,2023,0,0.5,-0.33850194952169194,NA,0.1500726382145488,-0.10735025963988762
H77,1,1,HS 4th/5th,4,11,132,NA,NA,NA,5,5,NA,8,Heritage Spanish,NA,NA,NA,Production,Prod-26,0,NA,NA,NA,NA,NA,mirar TV,Infinitive,Subjunctive,NA,NA,ver,1611795,Irregular,HS,4th/5th,Late,No,10,0,132,2023,0,0.5,0.9536497279755688,NA,0.1500726382145488,-0.10735025963988762
H77,1,1,HS 4th/5th,4,11,132,NA,NA,NA,5,5,NA,8,Heritage Spanish,NA,NA,NA,Production,Prod-28,NA,NA,NA,NA,NA,Removed 0 for accuracy -Jen,a la sol,DP,Subjunctive,NA,NA,salir,334324,Irregular,HS,4th/5th,Late,No,10,0,132,2023,NA,0.5,-0.5503787506752892,NA,0.1500726382145488,-0.10735025963988762
H78,1,1,L2L 4th/5th,4,10,123,NA,NA,NA,2,4,NA,8,L2 learner,L2,L2,L2,Production,Prod-02,0,NA,NA,NA,NA,NA,escribir,Infinitive,Subjunctive,NA,NA,escribir,265684,Regular,L2L,4th/5th,Late,No,6,0,123,2023,0,0.3333333333333333,-0.6311919470410735,NA,-0.19459307912336224,-0.4253302714047341
H78,1,1,L2L 4th/5th,4,10,123,NA,NA,NA,2,4,NA,8,L2 learner,L2,L2,L2,Production,Prod-06,0,NA,NA,NA,NA,NA,quiere que jugar,Infinitive,Subjunctive,NA,NA,hacer,2726954,Irregular,L2L,4th/5th,Late,No,6,0,123,2023,0,0.3333333333333333,2.266580427947476,NA,-0.19459307912336224,-0.4253302714047341
H78,1,1,L2L 4th/5th,4,10,123,NA,NA,NA,2,4,NA,8,L2 learner,L2,L2,L2,Production,Prod-10,0,NA,NA,NA,NA,NA,abrirlo,Infinitive,Subjunctive,NA,NA,abrir,143932,Regular,L2L,4th/5th,Late,No,6,0,123,2023,0,0.3333333333333333,-0.7745364733220609,NA,-0.19459307912336224,-0.4253302714047341
H78,1,1,L2L 4th/5th,4,10,123,NA,NA,NA,2,4,NA,8,L2 learner,L2,L2,L2,Production,Prod-14,NA,NA,NA,NA,NA,Removed 0 for accuracy -Jen,exitaron,Indicative,Subjunctive,NA,NA,ir,603647,Irregular,L2L,4th/5th,Late,No,6,0,123,2023,NA,0.3333333333333333,-0.23329173895002495,NA,-0.19459307912336224,-0.4253302714047341
H78,1,1,L2L 4th/5th,4,10,123,NA,NA,NA,2,4,NA,8,L2 learner,L2,L2,L2,Production,Prod-18,0,NA,NA,NA,NA,NA,que ellos comen su comida,Indicative,Subjunctive,NA,NA,comer,213756,Regular,L2L,4th/5th,Late,No,6,0,123,2023,0,0.3333333333333333,-0.6923292964129041,NA,-0.19459307912336224,-0.4253302714047341
H78,1,1,L2L 4th/5th,4,10,123,NA,NA,NA,2,4,NA,8,L2 learner,L2,L2,L2,Production,Prod-22,0,NA,NA,NA,NA,NA,se ponen las,Indicative,Subjunctive,NA,NA,poner,514285,Irregular,L2L,4th/5th,Late,No,6,0,123,2023,0,0.3333333333333333,-0.33850194952169194,NA,-0.19459307912336224,-0.4253302714047341
H78,1,1,L2L 4th/5th,4,10,123,NA,NA,NA,2,4,NA,8,L2 learner,L2,L2,L2,Production,Prod-26,0,NA,NA,NA,NA,NA,que ver un episodio,Infinitive,Subjunctive,NA,NA,ver,1611795,Irregular,L2L,4th/5th,Late,No,6,0,123,2023,0,0.3333333333333333,0.9536497279755688,NA,-0.19459307912336224,-0.4253302714047341
H78,1,1,L2L 4th/5th,4,10,123,NA,NA,NA,2,4,NA,8,L2 learner,L2,L2,L2,Production,Prod-28,0,NA,NA,NA,NA,NA,quiere que tiene sol,Indicative,Subjunctive,NA,NA,salir,334324,Irregular,L2L,4th/5th,Late,No,6,0,123,2023,0,0.3333333333333333,-0.5503787506752892,NA,-0.19459307912336224,-0.4253302714047341
H79,2,1,L2L 7th/8th,7,NA,157,NA,NA,NA,NA,NA,NA,NA,L2 Learner,NA,NA,NA,Production,Prod-02,NA,NA,NA,NA,NA,NA,papel y lápiz,No verb,Subjunctive,NA,NA,escribir,265684,Regular,L2L,7th/8th,Late,No,NA,0,157,2026,NA,NA,-0.6311919470410735,NA,1.107477408597635,0.7759275508180193
H79,2,1,L2L 7th/8th,7,NA,157,NA,NA,NA,NA,NA,NA,NA,L2 Learner,NA,NA,NA,Production,Prod-06,NA,NA,NA,NA,NA,NA,training them,English,Subjunctive,NA,NA,hacer,2726954,Irregular,L2L,7th/8th,Late,No,NA,0,157,2026,NA,NA,2.266580427947476,NA,1.107477408597635,0.7759275508180193
H79,2,1,L2L 7th/8th,7,NA,157,NA,NA,NA,NA,NA,NA,NA,L2 Learner,NA,NA,NA,Production,Prod-10,0,NA,NA,NA,NA,NA,abrir,Infinitive,Subjunctive,NA,NA,abrir,143932,Regular,L2L,7th/8th,Late,No,NA,0,157,2026,0,NA,-0.7745364733220609,NA,1.107477408597635,0.7759275508180193
H79,2,1,L2L 7th/8th,7,NA,157,NA,NA,NA,NA,NA,NA,NA,L2 Learner,NA,NA,NA,Production,Prod-14,0,NA,NA,NA,NA,NA,remover,Infinitive,Subjunctive,NA,NA,ir,603647,Irregular,L2L,7th/8th,Late,No,NA,0,157,2026,0,NA,-0.23329173895002495,NA,1.107477408597635,0.7759275508180193
H79,2,1,L2L 7th/8th,7,NA,157,NA,NA,NA,NA,NA,NA,NA,L2 Learner,NA,NA,NA,Production,Prod-18,NA,NA,NA,NA,NA,NA,pollo,No verb,Subjunctive,NA,NA,comer,213756,Regular,L2L,7th/8th,Late,No,NA,0,157,2026,NA,NA,-0.6923292964129041,NA,1.107477408597635,0.7759275508180193
H79,2,1,L2L 7th/8th,7,NA,157,NA,NA,NA,NA,NA,NA,NA,L2 Learner,NA,NA,NA,Production,Prod-22,0,NA,NA,NA,NA,NA,remuvar chaquetas,Infinitive,Subjunctive,NA,NA,poner,514285,Irregular,L2L,7th/8th,Late,No,NA,0,157,2026,0,NA,-0.33850194952169194,NA,1.107477408597635,0.7759275508180193
H79,2,1,L2L 7th/8th,7,NA,157,NA,NA,NA,NA,NA,NA,NA,L2 Learner,NA,NA,NA,Production,Prod-26,0,NA,NA,NA,NA,NA,watch TV,English,Subjunctive,NA,NA,ver,1611795,Irregular,L2L,7th/8th,Late,No,NA,0,157,2026,0,NA,0.9536497279755688,NA,1.107477408597635,0.7759275508180193
H79,2,1,L2L 7th/8th,7,NA,157,NA,NA,NA,NA,NA,NA,NA,L2 Learner,NA,NA,NA,Production,Prod-28,NA,NA,NA,NA,NA,NA,Sofía que bueno,Codeswitched,Subjunctive,NA,NA,salir,334324,Irregular,L2L,7th/8th,Late,No,NA,0,157,2026,NA,NA,-0.5503787506752892,NA,1.107477408597635,0.7759275508180193
H80,2,1,HS 7th/8th,7,NA,156,NA,NA,NA,NA,NA,NA,NA,Heritage Spanish,NA,NA,NA,Production,Prod-02,0,NA,NA,NA,NA,NA,escribir,Infinitive,Subjunctive,NA,NA,escribir,265684,Regular,HS,7th/8th,Late,No,NA,0,156,2026,0,NA,-0.6311919470410735,NA,1.0691812177823117,0.740596438399703
H80,2,1,HS 7th/8th,7,NA,156,NA,NA,NA,NA,NA,NA,NA,Heritage Spanish,NA,NA,NA,Production,Prod-06,0,NA,NA,NA,NA,NA,están haciendo diferentes tipos de ejercicios,Indicative,Subjunctive,NA,NA,hacer,2726954,Irregular,HS,7th/8th,Late,No,NA,0,156,2026,0,NA,2.266580427947476,NA,1.0691812177823117,0.740596438399703
H80,2,1,HS 7th/8th,7,NA,156,NA,NA,NA,NA,NA,NA,NA,Heritage Spanish,NA,NA,NA,Production,Prod-10,0,NA,NA,NA,NA,NA,que la puerta está abrido,Indicative,Subjunctive,NA,NA,abrir,143932,Regular,HS,7th/8th,Late,No,NA,0,156,2026,0,NA,-0.7745364733220609,NA,1.0691812177823117,0.740596438399703
H80,2,1,HS 7th/8th,7,NA,156,NA,NA,NA,NA,NA,NA,NA,Heritage Spanish,NA,NA,NA,Production,Prod-14,0,NA,NA,NA,NA,NA,cerrar la puerta,Infinitive,Subjunctive,NA,NA,ir,603647,Irregular,HS,7th/8th,Late,No,NA,0,156,2026,0,NA,-0.23329173895002495,NA,1.0691812177823117,0.740596438399703
H80,2,1,HS 7th/8th,7,NA,156,NA,NA,NA,NA,NA,NA,NA,Heritage Spanish,NA,NA,NA,Production,Prod-18,1,NA,NA,NA,NA,NA,que ellos coman el arroz y carne,NA,Subjunctive,NA,NA,comer,213756,Regular,HS,7th/8th,Late,No,NA,0,156,2026,1,NA,-0.6923292964129041,NA,1.0691812177823117,0.740596438399703
H80,2,1,HS 7th/8th,7,NA,156,NA,NA,NA,NA,NA,NA,NA,Heritage Spanish,NA,NA,NA,Production,Prod-22,0,NA,NA,NA,NA,NA,pone el chaqueta,Indicative,Subjunctive,NA,NA,poner,514285,Irregular,HS,7th/8th,Late,No,NA,0,156,2026,0,NA,-0.33850194952169194,NA,1.0691812177823117,0.740596438399703
H80,2,1,HS 7th/8th,7,NA,156,NA,NA,NA,NA,NA,NA,NA,Heritage Spanish,NA,NA,NA,Production,Prod-26,0,NA,NA,NA,NA,NA,ver la tele,Infinitive,Subjunctive,NA,NA,ver,1611795,Irregular,HS,7th/8th,Late,No,NA,0,156,2026,0,NA,0.9536497279755688,NA,1.0691812177823117,0.740596438399703
H80,2,1,HS 7th/8th,7,NA,156,NA,NA,NA,NA,NA,NA,NA,Heritage Spanish,NA,NA,NA,Production,Prod-28,0,NA,NA,NA,NA,NA,el sol está en el cielo,NA,Subjunctive,NA,NA,salir,334324,Irregular,HS,7th/8th,Late,No,NA,0,156,2026,0,NA,-0.5503787506752892,NA,1.0691812177823117,0.740596438399703
H81,2,1,NA,6,NA,140,NA,NA,NA,NA,NA,NA,NA,Heritage Spanish,NA,NA,NA,Production,Prod-02,0,NA,NA,NA,NA,NA,escribir algo,Infinitive,Subjunctive,NA,NA,escribir,265684,Regular,HS,NA,Late,No,NA,0,140,2026,0,NA,-0.6311919470410735,NA,0.4564421647371364,0.1752986397066426
H81,2,1,NA,6,NA,140,NA,NA,NA,NA,NA,NA,NA,Heritage Spanish,NA,NA,NA,Production,Prod-06,0,NA,NA,NA,NA,NA,hacen ejercicio,Indicative,Subjunctive,NA,NA,hacer,2726954,Irregular,HS,NA,Late,No,NA,0,140,2026,0,NA,2.266580427947476,NA,0.4564421647371364,0.1752986397066426
H81,2,1,NA,6,NA,140,NA,NA,NA,NA,NA,NA,NA,Heritage Spanish,NA,NA,NA,Production,Prod-10,0,NA,NA,NA,NA,NA,abrir la puerta,Infinitive,Subjunctive,NA,NA,abrir,143932,Regular,HS,NA,Late,No,NA,0,140,2026,0,NA,-0.7745364733220609,NA,0.4564421647371364,0.1752986397066426
H81,2,1,NA,6,NA,140,NA,NA,NA,NA,NA,NA,NA,Heritage Spanish,NA,NA,NA,Production,Prod-14,0,NA,NA,NA,NA,NA,sofía quiere que salen,Indicative,Subjunctive,NA,NA,ir,603647,Irregular,HS,NA,Late,No,NA,0,140,2026,0,NA,-0.23329173895002495,NA,0.4564421647371364,0.1752986397066426
H81,2,1,NA,6,NA,140,NA,NA,NA,NA,NA,NA,NA,Heritage Spanish,NA,NA,NA,Production,Prod-18,1,NA,NA,NA,NA,NA,que coman comida,NA,Subjunctive,NA,NA,comer,213756,Regular,HS,NA,Late,No,NA,0,140,2026,1,NA,-0.6923292964129041,NA,0.4564421647371364,0.1752986397066426
H81,2,1,NA,6,NA,140,NA,NA,NA,NA,NA,NA,NA,Heritage Spanish,NA,NA,NA,Production,Prod-22,0,NA,NA,NA,NA,NA,poner su chaqueta en los niños,Infinitive,Subjunctive,NA,NA,poner,514285,Irregular,HS,NA,Late,No,NA,0,140,2026,0,NA,-0.33850194952169194,NA,0.4564421647371364,0.1752986397066426
H81,2,1,NA,6,NA,140,NA,NA,NA,NA,NA,NA,NA,Heritage Spanish,NA,NA,NA,Production,Prod-26,0,NA,NA,NA,NA,NA,ver al tele,Infinitive,Subjunctive,NA,NA,ver,1611795,Irregular,HS,NA,Late,No,NA,0,140,2026,0,NA,0.9536497279755688,NA,0.4564421647371364,0.1752986397066426
H81,2,1,NA,6,NA,140,NA,NA,NA,NA,NA,NA,NA,Heritage Spanish,NA,NA,NA,Production,Prod-28,0,NA,NA,NA,NA,NA,el sol sale de los nubes,Indicative,Subjunctive,NA,NA,salir,334324,Irregular,HS,NA,Late,No,NA,0,140,2026,0,NA,-0.5503787506752892,NA,0.4564421647371364,0.1752986397066426
H82,2,1,NA,6,NA,140,NA,NA,NA,NA,NA,NA,NA,Heritage Spanish,NA,NA,NA,Production,Prod-02,1,NA,NA,NA,NA,NA,escriban,NA,Subjunctive,NA,NA,escribir,265684,Regular,HS,NA,Late,No,NA,0,140,2026,1,NA,-0.6311919470410735,NA,0.4564421647371364,0.1752986397066426
H82,2,1,NA,6,NA,140,NA,NA,NA,NA,NA,NA,NA,Heritage Spanish,NA,NA,NA,Production,Prod-06,0,NA,NA,NA,NA,NA,que hacen algo,Indicative,Subjunctive,NA,NA,hacer,2726954,Irregular,HS,NA,Late,No,NA,0,140,2026,0,NA,2.266580427947476,NA,0.4564421647371364,0.1752986397066426
H82,2,1,NA,6,NA,140,NA,NA,NA,NA,NA,NA,NA,Heritage Spanish,NA,NA,NA,Production,Prod-10,0,NA,NA,NA,NA,NA,abren la puerta,Indicative,Subjunctive,NA,NA,abrir,143932,Regular,HS,NA,Late,No,NA,0,140,2026,0,NA,-0.7745364733220609,NA,0.4564421647371364,0.1752986397066426
H82,2,1,NA,6,NA,140,NA,NA,NA,NA,NA,NA,NA,Heritage Spanish,NA,NA,NA,Production,Prod-14,0,NA,NA,NA,NA,NA,exitan/salen,Indicative,Subjunctive,NA,NA,ir,603647,Irregular,HS,NA,Late,No,NA,0,140,2026,0,NA,-0.23329173895002495,NA,0.4564421647371364,0.1752986397066426
H82,2,1,NA,6,NA,140,NA,NA,NA,NA,NA,NA,NA,Heritage Spanish,NA,NA,NA,Production,Prod-18,0,NA,NA,NA,NA,NA,comen,Indicative,Subjunctive,NA,NA,comer,213756,Regular,HS,NA,Late,No,NA,0,140,2026,0,NA,-0.6923292964129041,NA,0.4564421647371364,0.1752986397066426
H82,2,1,NA,6,NA,140,NA,NA,NA,NA,NA,NA,NA,Heritage Spanish,NA,NA,NA,Production,Prod-22,0,NA,NA,NA,NA,NA,quiere que los ponen,Indicative,Subjunctive,NA,NA,poner,514285,Irregular,HS,NA,Late,No,NA,0,140,2026,0,NA,-0.33850194952169194,NA,0.4564421647371364,0.1752986397066426
H82,2,1,NA,6,NA,140,NA,NA,NA,NA,NA,NA,NA,Heritage Spanish,NA,NA,NA,Production,Prod-26,0,NA,NA,NA,NA,NA,a ven el tele,Indicative,Subjunctive,NA,NA,ver,1611795,Irregular,HS,NA,Late,No,NA,0,140,2026,0,NA,0.9536497279755688,NA,0.4564421647371364,0.1752986397066426
H82,2,1,NA,6,NA,140,NA,NA,NA,NA,NA,NA,NA,Heritage Spanish,NA,NA,NA,Production,Prod-28,0,NA,NA,NA,NA,NA,está soleado,Indicative,Subjunctive,NA,NA,salir,334324,Irregular,HS,NA,Late,No,NA,0,140,2026,0,NA,-0.5503787506752892,NA,0.4564421647371364,0.1752986397066426
H84,2,1,L2L 7th/8th,7,NA,159,NA,NA,NA,NA,NA,NA,NA,"Russian, Turkish",NA,NA,NA,Production,Prod-02,0,NA,NA,NA,NA,NA,escribir,Infinitive,Subjunctive,NA,NA,escribir,265684,Regular,L2L,7th/8th,Late,No,NA,0,159,2026,0,NA,-0.6311919470410735,NA,1.184069790228282,0.8465897756546519
H84,2,1,L2L 7th/8th,7,NA,159,NA,NA,NA,NA,NA,NA,NA,"Russian, Turkish",NA,NA,NA,Production,Prod-06,0,NA,NA,NA,NA,NA,el niños no creer el gym,Infinitive,Subjunctive,NA,NA,hacer,2726954,Irregular,L2L,7th/8th,Late,No,NA,0,159,2026,0,NA,2.266580427947476,NA,1.184069790228282,0.8465897756546519
H84,2,1,L2L 7th/8th,7,NA,159,NA,NA,NA,NA,NA,NA,NA,"Russian, Turkish",NA,NA,NA,Production,Prod-10,NA,NA,NA,NA,NA,NA,el door open,Codeswitched,Subjunctive,NA,NA,abrir,143932,Regular,L2L,7th/8th,Late,No,NA,0,159,2026,NA,NA,-0.7745364733220609,NA,1.184069790228282,0.8465897756546519
H84,2,1,L2L 7th/8th,7,NA,159,NA,NA,NA,NA,NA,NA,NA,"Russian, Turkish",NA,NA,NA,Production,Prod-14,NA,NA,NA,NA,NA,NA,go away,English,Subjunctive,NA,NA,ir,603647,Irregular,L2L,7th/8th,Late,No,NA,0,159,2026,NA,NA,-0.23329173895002495,NA,1.184069790228282,0.8465897756546519
H84,2,1,L2L 7th/8th,7,NA,159,NA,NA,NA,NA,NA,NA,NA,"Russian, Turkish",NA,NA,NA,Production,Prod-18,NA,NA,NA,NA,NA,NA,ellos comida,No verb,Subjunctive,NA,NA,comer,213756,Regular,L2L,7th/8th,Late,No,NA,0,159,2026,NA,NA,-0.6923292964129041,NA,1.184069790228282,0.8465897756546519
H84,2,1,L2L 7th/8th,7,NA,159,NA,NA,NA,NA,NA,NA,NA,"Russian, Turkish",NA,NA,NA,Production,Prod-22,NA,NA,NA,NA,NA,NA,ellos take it off,Codeswitched,Subjunctive,NA,NA,poner,514285,Irregular,L2L,7th/8th,Late,No,NA,0,159,2026,NA,NA,-0.33850194952169194,NA,1.184069790228282,0.8465897756546519
H84,2,1,L2L 7th/8th,7,NA,159,NA,NA,NA,NA,NA,NA,NA,"Russian, Turkish",NA,NA,NA,Production,Prod-26,0,NA,NA,NA,NA,NA,vio que es el TV,Preterit,Subjunctive,NA,NA,ver,1611795,Irregular,L2L,7th/8th,Late,No,NA,0,159,2026,0,NA,0.9536497279755688,NA,1.184069790228282,0.8465897756546519
H84,2,1,L2L 7th/8th,7,NA,159,NA,NA,NA,NA,NA,NA,NA,"Russian, Turkish",NA,NA,NA,Production,Prod-28,NA,NA,NA,NA,NA,NA,was sun,Codeswitched,Subjunctive,NA,NA,salir,334324,Irregular,L2L,7th/8th,Late,No,NA,0,159,2026,NA,NA,-0.5503787506752892,NA,1.184069790228282,0.8465897756546519
H85,2,1,L2L 4th/5th,4,NA,120,NA,NA,NA,NA,NA,NA,NA,NA,NA,NA,NA,Production,Prod-02,0,NA,NA,NA,NA,NA,escribir algo,Infinitive,Subjunctive,NA,NA,escribir,265684,Regular,L2L,4th/5th,Late,No,NA,0,120,2026,0,NA,-0.6311919470410735,NA,-0.3094816515693326,-0.531323608659683
H85,2,1,L2L 4th/5th,4,NA,120,NA,NA,NA,NA,NA,NA,NA,NA,NA,NA,NA,Production,Prod-06,0,NA,NA,NA,NA,NA,están moviendo,Indicative,Subjunctive,NA,NA,hacer,2726954,Irregular,L2L,4th/5th,Late,No,NA,0,120,2026,0,NA,2.266580427947476,NA,-0.3094816515693326,-0.531323608659683
H85,2,1,L2L 4th/5th,4,NA,120,NA,NA,NA,NA,NA,NA,NA,NA,NA,NA,NA,Production,Prod-10,0,NA,NA,NA,NA,NA,abrir la puerta,Infinitive,Subjunctive,NA,NA,abrir,143932,Regular,L2L,4th/5th,Late,No,NA,0,120,2026,0,NA,-0.7745364733220609,NA,-0.3094816515693326,-0.531323608659683
H85,2,1,L2L 4th/5th,4,NA,120,NA,NA,NA,NA,NA,NA,NA,NA,NA,NA,NA,Production,Prod-14,0,NA,NA,NA,NA,NA,salir,Infinitive,Subjunctive,NA,NA,ir,603647,Irregular,L2L,4th/5th,Late,No,NA,0,120,2026,0,NA,-0.23329173895002495,NA,-0.3094816515693326,-0.531323608659683
H85,2,1,L2L 4th/5th,4,NA,120,NA,NA,NA,NA,NA,NA,NA,NA,NA,NA,NA,Production,Prod-18,0,NA,NA,NA,NA,NA,comer,Infinitive,Subjunctive,NA,NA,comer,213756,Regular,L2L,4th/5th,Late,No,NA,0,120,2026,0,NA,-0.6923292964129041,NA,-0.3094816515693326,-0.531323608659683
H85,2,1,L2L 4th/5th,4,NA,120,NA,NA,NA,NA,NA,NA,NA,NA,NA,NA,NA,Production,Prod-22,NA,NA,NA,NA,NA,NA,poner el chaqueta,Infinitive,Subjunctive,NA,NA,poner,514285,Irregular,L2L,4th/5th,Late,No,NA,0,120,2026,NA,NA,-0.33850194952169194,NA,-0.3094816515693326,-0.531323608659683
H85,2,1,L2L 4th/5th,4,NA,120,NA,NA,NA,NA,NA,NA,NA,NA,NA,NA,NA,Production,Prod-26,0,NA,NA,NA,NA,NA,ver el tele,Infinitive,Subjunctive,NA,NA,ver,1611795,Irregular,L2L,4th/5th,Late,No,NA,0,120,2026,0,NA,0.9536497279755688,NA,-0.3094816515693326,-0.531323608659683
H85,2,1,L2L 4th/5th,4,NA,120,NA,NA,NA,NA,NA,NA,NA,NA,NA,NA,NA,Production,Prod-28,0,NA,NA,NA,NA,NA,está soleado,Indicative,Subjunctive,NA,NA,salir,334324,Irregular,L2L,4th/5th,Late,No,NA,0,120,2026,0,NA,-0.5503787506752892,NA,-0.3094816515693326,-0.531323608659683
H86,2,1,L2L 2nd,2,NA,92,NA,NA,NA,NA,NA,NA,NA,NA,NA,NA,NA,Production,Prod-02,0,NA,NA,NA,NA,NA,quiere que escribe,Indicative,Subjunctive,NA,NA,escribir,265684,Regular,L2L,2nd,Late,No,NA,0,92,2026,0,NA,-0.6311919470410735,NA,-1.3817749943983892,-1.5205947563725386
H86,2,1,L2L 2nd,2,NA,92,NA,NA,NA,NA,NA,NA,NA,NA,NA,NA,NA,Production,Prod-06,0,NA,NA,NA,NA,NA,que los niños jugan,Indicative,Subjunctive,NA,NA,hacer,2726954,Irregular,L2L,2nd,Late,No,NA,0,92,2026,0,NA,2.266580427947476,NA,-1.3817749943983892,-1.5205947563725386
H86,2,1,L2L 2nd,2,NA,92,NA,NA,NA,NA,NA,NA,NA,NA,NA,NA,NA,Production,Prod-10,0,NA,NA,NA,NA,NA,quiere que abren la puerta,Indicative,Subjunctive,NA,NA,abrir,143932,Regular,L2L,2nd,Late,No,NA,0,92,2026,0,NA,-0.7745364733220609,NA,-1.3817749943983892,-1.5205947563725386
H86,2,1,L2L 2nd,2,NA,92,NA,NA,NA,NA,NA,NA,NA,NA,NA,NA,NA,Production,Prod-14,1,NA,NA,NA,NA,NA,entren,NA,Subjunctive,NA,NA,ir,603647,Irregular,L2L,2nd,Late,No,NA,0,92,2026,1,NA,-0.23329173895002495,NA,-1.3817749943983892,-1.5205947563725386
H86,2,1,L2L 2nd,2,NA,92,NA,NA,NA,NA,NA,NA,NA,NA,NA,NA,NA,Production,Prod-18,0,NA,NA,NA,NA,NA,quiere que comen su cena,Indicative,Subjunctive,NA,NA,comer,213756,Regular,L2L,2nd,Late,No,NA,0,92,2026,0,NA,-0.6923292964129041,NA,-1.3817749943983892,-1.5205947563725386
H86,2,1,L2L 2nd,2,NA,92,NA,NA,NA,NA,NA,NA,NA,NA,NA,NA,NA,Production,Prod-22,0,NA,NA,NA,NA,NA,quiere se ponen,Indicative,Subjunctive,NA,NA,poner,514285,Irregular,L2L,2nd,Late,No,NA,0,92,2026,0,NA,-0.33850194952169194,NA,-1.3817749943983892,-1.5205947563725386
H86,2,1,L2L 2nd,2,NA,92,NA,NA,NA,NA,NA,NA,NA,NA,NA,NA,NA,Production,Prod-26,1,NA,NA,NA,NA,NA,quiere que vea los niños,NA,Subjunctive,NA,NA,ver,1611795,Irregular,L2L,2nd,Late,No,NA,0,92,2026,1,NA,0.9536497279755688,NA,-1.3817749943983892,-1.5205947563725386
H86,2,1,L2L 2nd,2,NA,92,NA,NA,NA,NA,NA,NA,NA,NA,NA,NA,NA,Production,Prod-28,0,NA,NA,NA,NA,NA,quiere la luz del sol,No verb,Subjunctive,NA,NA,salir,334324,Irregular,L2L,2nd,Late,No,NA,0,92,2026,0,NA,-0.5503787506752892,NA,-1.3817749943983892,-1.5205947563725386
H87,2,1,NA,3,NA,110,NA,NA,NA,NA,NA,NA,NA,NA,NA,NA,NA,Production,Prod-02,0,NA,NA,NA,NA,NA,escribir,Infinitive,Subjunctive,NA,NA,escribir,265684,Regular,L2L,NA,Late,No,NA,0,110,2026,0,NA,-0.6311919470410735,NA,-0.6924435597225671,-0.8846347328428457
H87,2,1,NA,3,NA,110,NA,NA,NA,NA,NA,NA,NA,NA,NA,NA,NA,Production,Prod-06,0,NA,NA,NA,NA,NA,trabajan,Indicative,Subjunctive,NA,NA,hacer,2726954,Irregular,L2L,NA,Late,No,NA,0,110,2026,0,NA,2.266580427947476,NA,-0.6924435597225671,-0.8846347328428457
H87,2,1,NA,3,NA,110,NA,NA,NA,NA,NA,NA,NA,NA,NA,NA,NA,Production,Prod-10,0,NA,NA,NA,NA,NA,abre la puerta,Indicative,Subjunctive,NA,NA,abrir,143932,Regular,L2L,NA,Late,No,NA,0,110,2026,0,NA,-0.7745364733220609,NA,-0.6924435597225671,-0.8846347328428457
H87,2,1,NA,3,NA,110,NA,NA,NA,NA,NA,NA,NA,NA,NA,NA,NA,Production,Prod-14,1,NA,NA,NA,NA,NA,entren,NA,Subjunctive,NA,NA,ir,603647,Irregular,L2L,NA,Late,No,NA,0,110,2026,1,NA,-0.23329173895002495,NA,-0.6924435597225671,-0.8846347328428457
H87,2,1,NA,3,NA,110,NA,NA,NA,NA,NA,NA,NA,NA,NA,NA,NA,Production,Prod-18,0,NA,NA,NA,NA,NA,comen el gallo,Indicative,Subjunctive,NA,NA,comer,213756,Regular,L2L,NA,Late,No,NA,0,110,2026,0,NA,-0.6923292964129041,NA,-0.6924435597225671,-0.8846347328428457
H87,2,1,NA,3,NA,110,NA,NA,NA,NA,NA,NA,NA,NA,NA,NA,NA,Production,Prod-22,0,NA,NA,NA,NA,NA,tengo una chaqueta,Indicative,Subjunctive,NA,NA,poner,514285,Irregular,L2L,NA,Late,No,NA,0,110,2026,0,NA,-0.33850194952169194,NA,-0.6924435597225671,-0.8846347328428457
H87,2,1,NA,3,NA,110,NA,NA,NA,NA,NA,NA,NA,NA,NA,NA,NA,Production,Prod-26,0,NA,NA,NA,NA,NA,tacar la tele,Infinitive,Subjunctive,NA,NA,ver,1611795,Irregular,L2L,NA,Late,No,NA,0,110,2026,0,NA,0.9536497279755688,NA,-0.6924435597225671,-0.8846347328428457
H87,2,1,NA,3,NA,110,NA,NA,NA,NA,NA,NA,NA,NA,NA,NA,NA,Production,Prod-28,0,NA,NA,NA,NA,NA,es soleado,Indicative,Subjunctive,NA,NA,salir,334324,Irregular,L2L,NA,Late,No,NA,0,110,2026,0,NA,-0.5503787506752892,NA,-0.6924435597225671,-0.8846347328428457
H88,2,1,NA,3,NA,109,NA,NA,NA,NA,NA,NA,NA,NA,NA,NA,NA,Production,Prod-02,0,NA,NA,NA,NA,NA,escribir,Indicative,Subjunctive,NA,NA,escribir,265684,Regular,HS,NA,Late,No,NA,0,109,2026,0,NA,-0.6311919470410735,NA,-0.7307397505378905,-0.919965845261162
H88,2,1,NA,3,NA,109,NA,NA,NA,NA,NA,NA,NA,NA,NA,NA,NA,Production,Prod-06,0,NA,NA,NA,NA,NA,que los niños juegan,Indicative,Subjunctive,NA,NA,hacer,2726954,Irregular,HS,NA,Late,No,NA,0,109,2026,0,NA,2.266580427947476,NA,-0.7307397505378905,-0.919965845261162
H88,2,1,NA,3,NA,109,NA,NA,NA,NA,NA,NA,NA,NA,NA,NA,NA,Production,Prod-10,0,NA,NA,NA,NA,NA,abrir el puerta,Indicative,Subjunctive,NA,NA,abrir,143932,Regular,HS,NA,Late,No,NA,0,109,2026,0,NA,-0.7745364733220609,NA,-0.7307397505378905,-0.919965845261162
H88,2,1,NA,3,NA,109,NA,NA,NA,NA,NA,NA,NA,NA,NA,NA,NA,Production,Prod-14,0,NA,NA,NA,NA,NA,que los niños salida a la puerta,Participle,Subjunctive,NA,NA,ir,603647,Irregular,HS,NA,Late,No,NA,0,109,2026,0,NA,-0.23329173895002495,NA,-0.7307397505378905,-0.919965845261162
H88,2,1,NA,3,NA,109,NA,NA,NA,NA,NA,NA,NA,NA,NA,NA,NA,Production,Prod-18,0,NA,NA,NA,NA,NA,que comen el comida,NA,Subjunctive,NA,NA,comer,213756,Regular,HS,NA,Late,No,NA,0,109,2026,0,NA,-0.6923292964129041,NA,-0.7307397505378905,-0.919965845261162
H88,2,1,NA,3,NA,109,NA,NA,NA,NA,NA,NA,NA,NA,NA,NA,NA,Production,Prod-22,0,NA,NA,NA,NA,NA,que los niños ponen el chaqueta,Indicative,Subjunctive,NA,NA,poner,514285,Irregular,HS,NA,Late,No,NA,0,109,2026,0,NA,-0.33850194952169194,NA,-0.7307397505378905,-0.919965845261162
H88,2,1,NA,3,NA,109,NA,NA,NA,NA,NA,NA,NA,NA,NA,NA,NA,Production,Prod-26,NA,NA,NA,NA,NA,NA,ver el TV,NA,Subjunctive,NA,NA,ver,1611795,Irregular,HS,NA,Late,No,NA,0,109,2026,NA,NA,0.9536497279755688,NA,-0.7307397505378905,-0.919965845261162
H88,2,1,NA,3,NA,109,NA,NA,NA,NA,NA,NA,NA,NA,NA,NA,NA,Production,Prod-28,0,NA,NA,NA,NA,NA,que es soleado,Omission,Subjunctive,NA,NA,salir,334324,Irregular,HS,NA,Late,No,NA,0,109,2026,0,NA,-0.5503787506752892,NA,-0.7307397505378905,-0.919965845261162
H89,2,1,L2L 4th/5th,4,NA,120,NA,NA,NA,NA,NA,NA,NA,NA,NA,NA,NA,Production,Prod-02,0,NA,NA,NA,NA,NA,quiere que escribir,Infinitive,Subjunctive,NA,NA,escribir,265684,Regular,L2L,4th/5th,Late,No,NA,0,120,2026,0,NA,-0.6311919470410735,NA,-0.3094816515693326,-0.531323608659683
H89,2,1,L2L 4th/5th,4,NA,120,NA,NA,NA,NA,NA,NA,NA,NA,NA,NA,NA,Production,Prod-06,NA,NA,NA,NA,NA,NA,que hacer ejercicio,Infinitive,Subjunctive,NA,NA,hacer,2726954,Irregular,L2L,4th/5th,Late,No,NA,0,120,2026,NA,NA,2.266580427947476,NA,-0.3094816515693326,-0.531323608659683
H89,2,1,L2L 4th/5th,4,NA,120,NA,NA,NA,NA,NA,NA,NA,NA,NA,NA,NA,Production,Prod-10,0,NA,NA,NA,NA,NA,que abren,Indicative,Subjunctive,NA,NA,abrir,143932,Regular,L2L,4th/5th,Late,No,NA,0,120,2026,0,NA,-0.7745364733220609,NA,-0.3094816515693326,-0.531323608659683
H89,2,1,L2L 4th/5th,4,NA,120,NA,NA,NA,NA,NA,NA,NA,NA,NA,NA,NA,Production,Prod-14,0,NA,NA,NA,NA,NA,que salen,Indicative,Subjunctive,NA,NA,ir,603647,Irregular,L2L,4th/5th,Late,No,NA,0,120,2026,0,NA,-0.23329173895002495,NA,-0.3094816515693326,-0.531323608659683
H89,2,1,L2L 4th/5th,4,NA,120,NA,NA,NA,NA,NA,NA,NA,NA,NA,NA,NA,Production,Prod-18,0,NA,NA,NA,NA,NA,que le comen la sopa,Indicative,Subjunctive,NA,NA,comer,213756,Regular,L2L,4th/5th,Late,No,NA,0,120,2026,0,NA,-0.6923292964129041,NA,-0.3094816515693326,-0.531323608659683
H89,2,1,L2L 4th/5th,4,NA,120,NA,NA,NA,NA,NA,NA,NA,NA,NA,NA,NA,Production,Prod-22,NA,0,1,NA,NA,NA,que las ponen los chaquetas,Gender,Subjunctive,NA,NA,poner,514285,Irregular,L2L,4th/5th,Late,No,NA,0,120,2026,NA,NA,-0.33850194952169194,NA,-0.3094816515693326,-0.531323608659683
H89,2,1,L2L 4th/5th,4,NA,120,NA,NA,NA,NA,NA,NA,NA,NA,NA,NA,NA,Production,Prod-26,0,NA,NA,NA,NA,NA,que los niños ven la tele,Indicative,Subjunctive,NA,NA,ver,1611795,Irregular,L2L,4th/5th,Late,No,NA,0,120,2026,0,NA,0.9536497279755688,NA,-0.3094816515693326,-0.531323608659683
H89,2,1,L2L 4th/5th,4,NA,120,NA,NA,NA,NA,NA,NA,NA,NA,NA,NA,NA,Production,Prod-28,0,NA,NA,NA,NA,NA,que está soleado,Indicative,Subjunctive,NA,NA,salir,334324,Irregular,L2L,4th/5th,Late,No,NA,0,120,2026,0,NA,-0.5503787506752892,NA,-0.3094816515693326,-0.531323608659683
H90,2,1,L2L 4th/5th,4,NA,122,NA,NA,NA,NA,NA,NA,NA,NA,NA,NA,NA,Production,Prod-02,0,NA,NA,NA,NA,NA,quiero escribir,NA,Subjunctive,NA,NA,escribir,265684,Regular,L2L,4th/5th,Late,No,NA,0,122,2026,0,NA,-0.6311919470410735,NA,-0.2328892699386857,-0.4606613838230504
H90,2,1,L2L 4th/5th,4,NA,122,NA,NA,NA,NA,NA,NA,NA,NA,NA,NA,NA,Production,Prod-06,0,NA,NA,NA,NA,NA,los hijos para hacer los ejercicios,Infinitive,Subjunctive,NA,NA,hacer,2726954,Irregular,L2L,4th/5th,Late,No,NA,0,122,2026,0,NA,2.266580427947476,NA,-0.2328892699386857,-0.4606613838230504
H90,2,1,L2L 4th/5th,4,NA,122,NA,NA,NA,NA,NA,NA,NA,NA,NA,NA,NA,Production,Prod-10,0,NA,NA,NA,NA,NA,quiero sus partes abrir,Infinitive,Subjunctive,NA,NA,abrir,143932,Regular,L2L,4th/5th,Late,No,NA,0,122,2026,0,NA,-0.7745364733220609,NA,-0.2328892699386857,-0.4606613838230504
H90,2,1,L2L 4th/5th,4,NA,122,NA,NA,NA,NA,NA,NA,NA,NA,NA,NA,NA,Production,Prod-14,0,NA,NA,NA,NA,NA,quiere que se va,Indicative,Subjunctive,NA,NA,ir,603647,Irregular,L2L,4th/5th,Late,No,NA,0,122,2026,0,NA,-0.23329173895002495,NA,-0.2328892699386857,-0.4606613838230504
H90,2,1,L2L 4th/5th,4,NA,122,NA,NA,NA,NA,NA,NA,NA,NA,NA,NA,NA,Production,Prod-18,0,NA,NA,NA,NA,NA,quiere los niños comer su comida,Infinitive,Subjunctive,NA,NA,comer,213756,Regular,L2L,4th/5th,Late,No,NA,0,122,2026,0,NA,-0.6923292964129041,NA,-0.2328892699386857,-0.4606613838230504
H90,2,1,L2L 4th/5th,4,NA,122,NA,NA,NA,NA,NA,NA,NA,NA,NA,NA,NA,Production,Prod-22,0,NA,NA,NA,NA,NA,quiere que poner,Infinitive,Subjunctive,NA,NA,poner,514285,Irregular,L2L,4th/5th,Late,No,NA,0,122,2026,0,NA,-0.33850194952169194,NA,-0.2328892699386857,-0.4606613838230504
H90,2,1,L2L 4th/5th,4,NA,122,NA,NA,NA,NA,NA,NA,NA,NA,NA,NA,NA,Production,Prod-26,0,NA,NA,NA,NA,NA,quiero que vio el TV,Preterit,Subjunctive,NA,NA,ver,1611795,Irregular,L2L,4th/5th,Late,No,NA,0,122,2026,0,NA,0.9536497279755688,NA,-0.2328892699386857,-0.4606613838230504
H90,2,1,L2L 4th/5th,4,NA,122,NA,NA,NA,NA,NA,NA,NA,NA,NA,NA,NA,Production,Prod-28,1,NA,NA,NA,NA,NA,quiere que esté soleado,NA,Subjunctive,NA,NA,salir,334324,Irregular,L2L,4th/5th,Late,No,NA,0,122,2026,1,NA,-0.5503787506752892,NA,-0.2328892699386857,-0.4606613838230504
H91,1,1,L2L 2nd,2,NA,102,NA,NA,NA,NA,NA,NA,NA,NA,NA,NA,NA,Production,Prod-02,0,NA,NA,NA,NA,NA,escriben,NA,Subjunctive,NA,NA,escribir,265684,Regular,L2L,2nd,Late,No,NA,0,102,2023,0,NA,-0.6311919470410735,NA,-0.9988130862451546,-1.1672836321893758
H91,1,1,L2L 2nd,2,NA,102,NA,NA,NA,NA,NA,NA,NA,NA,NA,NA,NA,Production,Prod-06,0,NA,NA,NA,NA,NA,juegan,Indicative,Subjunctive,NA,NA,hacer,2726954,Irregular,L2L,2nd,Late,No,NA,0,102,2023,0,NA,2.266580427947476,NA,-0.9988130862451546,-1.1672836321893758
H91,1,1,L2L 2nd,2,NA,102,NA,NA,NA,NA,NA,NA,NA,NA,NA,NA,NA,Production,Prod-10,0,NA,NA,NA,NA,NA,abren la puerta,DP,Subjunctive,NA,NA,abrir,143932,Regular,L2L,2nd,Late,No,NA,0,102,2023,0,NA,-0.7745364733220609,NA,-0.9988130862451546,-1.1672836321893758
H91,1,1,L2L 2nd,2,NA,102,NA,NA,NA,NA,NA,NA,NA,NA,NA,NA,NA,Production,Prod-14,0,NA,NA,NA,NA,NA,sal,Imperative,Subjunctive,NA,NA,ir,603647,Irregular,L2L,2nd,Late,No,NA,0,102,2023,0,NA,-0.23329173895002495,NA,-0.9988130862451546,-1.1672836321893758
H91,1,1,L2L 2nd,2,NA,102,NA,NA,NA,NA,NA,NA,NA,NA,NA,NA,NA,Production,Prod-18,1,NA,NA,NA,NA,NA,comen la comida,Indicative,Subjunctive,NA,NA,comer,213756,Regular,L2L,2nd,Late,No,NA,0,102,2023,1,NA,-0.6923292964129041,NA,-0.9988130862451546,-1.1672836321893758
H91,1,1,L2L 2nd,2,NA,102,NA,NA,NA,NA,NA,NA,NA,NA,NA,NA,NA,Production,Prod-22,0,NA,NA,NA,NA,NA,ponen la chaqueta,Indicative,Subjunctive,NA,NA,poner,514285,Irregular,L2L,2nd,Late,No,NA,0,102,2023,0,NA,-0.33850194952169194,NA,-0.9988130862451546,-1.1672836321893758
H91,1,1,L2L 2nd,2,NA,102,NA,NA,NA,NA,NA,NA,NA,NA,NA,NA,NA,Production,Prod-26,0,NA,NA,NA,NA,NA,ver la tele,Infinitive,Subjunctive,NA,NA,ver,1611795,Irregular,L2L,2nd,Late,No,NA,0,102,2023,0,NA,0.9536497279755688,NA,-0.9988130862451546,-1.1672836321893758
H91,1,1,L2L 2nd,2,NA,102,NA,NA,NA,NA,NA,NA,NA,NA,NA,NA,NA,Production,Prod-28,NA,NA,NA,NA,NA,NA,el sol,No verb,Subjunctive,NA,NA,salir,334324,Irregular,L2L,2nd,Late,No,NA,0,102,2023,NA,NA,-0.5503787506752892,NA,-0.9988130862451546,-1.1672836321893758
H93,2,1,NA,6,NA,146,NA,NA,NA,NA,NA,NA,NA,NA,NA,NA,NA,Production,Prod-02,1,NA,NA,NA,NA,NA,escriba,NA,Subjunctive,NA,NA,escribir,265684,Regular,L2L,NA,Late,No,NA,0,146,2026,1,NA,-0.6311919470410735,NA,0.6862193096290771,0.3872853142165403
H93,2,1,NA,6,NA,146,NA,NA,NA,NA,NA,NA,NA,NA,NA,NA,NA,Production,Prod-06,0,NA,NA,NA,NA,NA,hace ejercicio,Indicative,Subjunctive,NA,NA,hacer,2726954,Irregular,L2L,NA,Late,No,NA,0,146,2026,0,NA,2.266580427947476,NA,0.6862193096290771,0.3872853142165403
H93,2,1,NA,6,NA,146,NA,NA,NA,NA,NA,NA,NA,NA,NA,NA,NA,Production,Prod-10,0,NA,NA,NA,NA,NA,abre,Indicative,Subjunctive,NA,NA,abrir,143932,Regular,L2L,NA,Late,No,NA,0,146,2026,0,NA,-0.7745364733220609,NA,0.6862193096290771,0.3872853142165403
H93,2,1,NA,6,NA,146,NA,NA,NA,NA,NA,NA,NA,NA,NA,NA,NA,Production,Prod-14,0,NA,NA,NA,NA,NA,va,Indicative,Subjunctive,NA,NA,ir,603647,Irregular,L2L,NA,Late,No,NA,0,146,2026,0,NA,-0.23329173895002495,NA,0.6862193096290771,0.3872853142165403
H93,2,1,NA,6,NA,146,NA,NA,NA,NA,NA,NA,NA,NA,NA,NA,NA,Production,Prod-18,0,NA,NA,NA,NA,NA,come el pollo,Indicative,Subjunctive,NA,NA,comer,213756,Regular,L2L,NA,Late,No,NA,0,146,2026,0,NA,-0.6923292964129041,NA,0.6862193096290771,0.3872853142165403
H93,2,1,NA,6,NA,146,NA,NA,NA,NA,NA,NA,NA,NA,NA,NA,NA,Production,Prod-22,0,NA,NA,NA,NA,NA,poner el chaqueta,Infinitive,Subjunctive,NA,NA,poner,514285,Irregular,L2L,NA,Late,No,NA,0,146,2026,0,NA,-0.33850194952169194,NA,0.6862193096290771,0.3872853142165403
H93,2,1,NA,6,NA,146,NA,NA,NA,NA,NA,NA,NA,NA,NA,NA,NA,Production,Prod-26,0,NA,NA,NA,NA,NA,mirar al tele,Infinitive,Subjunctive,NA,NA,ver,1611795,Irregular,L2L,NA,Late,No,NA,0,146,2026,0,NA,0.9536497279755688,NA,0.6862193096290771,0.3872853142165403
H93,2,1,NA,6,NA,146,NA,NA,NA,NA,NA,NA,NA,NA,NA,NA,NA,Production,Prod-28,NA,NA,NA,NA,NA,NA,el sol,No verb,Subjunctive,NA,NA,salir,334324,Irregular,L2L,NA,Late,No,NA,0,146,2026,NA,NA,-0.5503787506752892,NA,0.6862193096290771,0.3872853142165403
H94,2,1,NA,6,NA,141,NA,NA,NA,NA,NA,NA,NA,NA,NA,NA,NA,Production,Prod-02,0,NA,NA,NA,NA,NA,escribir,Infinitive,Subjunctive,NA,NA,escribir,265684,Regular,L2L,NA,Late,No,NA,0,141,2026,0,NA,-0.6311919470410735,NA,0.4947383555524599,0.21062975212495888
H94,2,1,NA,6,NA,141,NA,NA,NA,NA,NA,NA,NA,NA,NA,NA,NA,Production,Prod-06,NA,NA,NA,NA,NA,NA,los niños exercio,No verb,Subjunctive,NA,NA,hacer,2726954,Irregular,L2L,NA,Late,No,NA,0,141,2026,NA,NA,2.266580427947476,NA,0.4947383555524599,0.21062975212495888
H94,2,1,NA,6,NA,141,NA,NA,NA,NA,NA,NA,NA,NA,NA,NA,NA,Production,Prod-10,0,NA,NA,NA,NA,NA,abierta la puerta,Participle,Subjunctive,NA,NA,abrir,143932,Regular,L2L,NA,Late,No,NA,0,141,2026,0,NA,-0.7745364733220609,NA,0.4947383555524599,0.21062975212495888
H94,2,1,NA,6,NA,141,NA,NA,NA,NA,NA,NA,NA,NA,NA,NA,NA,Production,Prod-14,0,NA,NA,NA,NA,NA,salir,Indicative,Subjunctive,NA,NA,ir,603647,Irregular,L2L,NA,Late,No,NA,0,141,2026,0,NA,-0.23329173895002495,NA,0.4947383555524599,0.21062975212495888
H94,2,1,NA,6,NA,141,NA,NA,NA,NA,NA,NA,NA,NA,NA,NA,NA,Production,Prod-18,0,NA,NA,NA,NA,NA,comen el comida,Indicative,Subjunctive,NA,NA,comer,213756,Regular,L2L,NA,Late,No,NA,0,141,2026,0,NA,-0.6923292964129041,NA,0.4947383555524599,0.21062975212495888
H94,2,1,NA,6,NA,141,NA,NA,NA,NA,NA,NA,NA,NA,NA,NA,NA,Production,Prod-22,0,NA,NA,NA,NA,NA,tomar el chaqueta,Infinitive,Subjunctive,NA,NA,poner,514285,Irregular,L2L,NA,Late,No,NA,0,141,2026,0,NA,-0.33850194952169194,NA,0.4947383555524599,0.21062975212495888
H94,2,1,NA,6,NA,141,NA,NA,NA,NA,NA,NA,NA,NA,NA,NA,NA,Production,Prod-26,0,NA,NA,NA,NA,NA,mira la televisión,Indicative,Subjunctive,NA,NA,ver,1611795,Irregular,L2L,NA,Late,No,NA,0,141,2026,0,NA,0.9536497279755688,NA,0.4947383555524599,0.21062975212495888
H94,2,1,NA,6,NA,141,NA,NA,NA,NA,NA,NA,NA,NA,NA,NA,NA,Production,Prod-28,0,NA,NA,NA,NA,NA,el sol está en el suelo/cielo,Indicative,Subjunctive,NA,NA,salir,334324,Irregular,L2L,NA,Late,No,NA,0,141,2026,0,NA,-0.5503787506752892,NA,0.4947383555524599,0.21062975212495888
H95,2,1,L2L 7th/8th,8,NA,173,NA,NA,NA,NA,NA,NA,NA,NA,NA,NA,NA,Production,Prod-02,0,NA,NA,NA,NA,NA,escriben,Indicative,Subjunctive,NA,NA,escribir,265684,Regular,L2L,7th/8th,Late,No,NA,0,173,2026,0,NA,-0.6311919470410735,NA,1.7202164616428102,1.3412253495110797
H95,2,1,L2L 7th/8th,8,NA,173,NA,NA,NA,NA,NA,NA,NA,NA,NA,NA,NA,Production,Prod-06,0,NA,NA,NA,NA,NA,practicar jugar,Infinitive,Subjunctive,NA,NA,hacer,2726954,Irregular,L2L,7th/8th,Late,No,NA,0,173,2026,0,NA,2.266580427947476,NA,1.7202164616428102,1.3412253495110797
H95,2,1,L2L 7th/8th,8,NA,173,NA,NA,NA,NA,NA,NA,NA,NA,NA,NA,NA,Production,Prod-10,NA,NA,NA,NA,NA,NA,open la puerta,Codeswitched,Subjunctive,NA,NA,abrir,143932,Regular,L2L,7th/8th,Late,No,NA,0,173,2026,NA,NA,-0.7745364733220609,NA,1.7202164616428102,1.3412253495110797
H95,2,1,L2L 7th/8th,8,NA,173,NA,NA,NA,NA,NA,NA,NA,NA,NA,NA,NA,Production,Prod-14,0,NA,NA,NA,NA,NA,éxito,Indicative,Subjunctive,NA,NA,ir,603647,Irregular,L2L,7th/8th,Late,No,NA,0,173,2026,0,NA,-0.23329173895002495,NA,1.7202164616428102,1.3412253495110797
H95,2,1,L2L 7th/8th,8,NA,173,NA,NA,NA,NA,NA,NA,NA,NA,NA,NA,NA,Production,Prod-18,NA,NA,NA,NA,NA,NA,NA,No verb,Subjunctive,NA,NA,comer,213756,Regular,L2L,7th/8th,Late,No,NA,0,173,2026,NA,NA,-0.6923292964129041,NA,1.7202164616428102,1.3412253495110797
H95,2,1,L2L 7th/8th,8,NA,173,NA,NA,NA,NA,NA,NA,NA,NA,NA,NA,NA,Production,Prod-22,0,NA,NA,NA,NA,NA,poner la chaqueta,Infinitive,Subjunctive,NA,NA,poner,514285,Irregular,L2L,7th/8th,Late,No,NA,0,173,2026,0,NA,-0.33850194952169194,NA,1.7202164616428102,1.3412253495110797
H95,2,1,L2L 7th/8th,8,NA,173,NA,NA,NA,NA,NA,NA,NA,NA,NA,NA,NA,Production,Prod-26,1,NA,NA,NA,NA,NA,escuchar,Infinitive,Subjunctive,NA,NA,ver,1611795,Irregular,L2L,7th/8th,Late,No,NA,0,173,2026,1,NA,0.9536497279755688,NA,1.7202164616428102,1.3412253495110797
H95,2,1,L2L 7th/8th,8,NA,173,NA,NA,NA,NA,NA,NA,NA,NA,NA,NA,NA,Production,Prod-28,1,NA,NA,NA,NA,NA,es caliente,Indicative,Subjunctive,NA,NA,salir,334324,Irregular,L2L,7th/8th,Late,No,NA,0,173,2026,1,NA,-0.5503787506752892,NA,1.7202164616428102,1.3412253495110797
H96,2,1,L2L 7th/8th,8,NA,175,NA,NA,NA,NA,NA,NA,NA,NA,NA,NA,NA,Production,Prod-02,0,NA,NA,NA,NA,NA,escriben,NA,Subjunctive,NA,NA,escribir,265684,Regular,L2L,7th/8th,Late,No,NA,0,175,2026,0,NA,-0.6311919470410735,NA,1.7968088432734572,1.4118875743477124
H96,2,1,L2L 7th/8th,8,NA,175,NA,NA,NA,NA,NA,NA,NA,NA,NA,NA,NA,Production,Prod-06,1,NA,NA,NA,NA,NA,juguen**,NA,Subjunctive,NA,NA,hacer,2726954,Irregular,L2L,7th/8th,Late,No,NA,0,175,2026,1,NA,2.266580427947476,NA,1.7968088432734572,1.4118875743477124
H96,2,1,L2L 7th/8th,8,NA,175,NA,NA,NA,NA,NA,NA,NA,NA,NA,NA,NA,Production,Prod-10,1,NA,NA,NA,NA,NA,abren la puerta,Indicative,Subjunctive,NA,NA,abrir,143932,Regular,L2L,7th/8th,Late,No,NA,0,175,2026,1,NA,-0.7745364733220609,NA,1.7968088432734572,1.4118875743477124
H96,2,1,L2L 7th/8th,8,NA,175,NA,NA,NA,NA,NA,NA,NA,NA,NA,NA,NA,Production,Prod-14,1,NA,NA,NA,NA,NA,salgan,NA,Subjunctive,NA,NA,ir,603647,Irregular,L2L,7th/8th,Late,No,NA,0,175,2026,1,NA,-0.23329173895002495,NA,1.7968088432734572,1.4118875743477124
H96,2,1,L2L 7th/8th,8,NA,175,NA,NA,NA,NA,NA,NA,NA,NA,NA,NA,NA,Production,Prod-18,0,NA,NA,NA,NA,NA,comen el pollo,Indicative,Subjunctive,NA,NA,comer,213756,Regular,L2L,7th/8th,Late,No,NA,0,175,2026,0,NA,-0.6923292964129041,NA,1.7968088432734572,1.4118875743477124
H96,2,1,L2L 7th/8th,8,NA,175,NA,NA,NA,NA,NA,NA,NA,NA,NA,NA,NA,Production,Prod-22,0,NA,NA,NA,NA,NA,se ponen la chaqueta,Indicative,Subjunctive,NA,NA,poner,514285,Irregular,L2L,7th/8th,Late,No,NA,0,175,2026,0,NA,-0.33850194952169194,NA,1.7968088432734572,1.4118875743477124
H96,2,1,L2L 7th/8th,8,NA,175,NA,NA,NA,NA,NA,NA,NA,NA,NA,NA,NA,Production,Prod-26,0,NA,NA,NA,NA,NA,ven,Indicative,Subjunctive,NA,NA,ver,1611795,Irregular,L2L,7th/8th,Late,No,NA,0,175,2026,0,NA,0.9536497279755688,NA,1.7968088432734572,1.4118875743477124
H96,2,1,L2L 7th/8th,8,NA,175,NA,NA,NA,NA,NA,NA,NA,NA,NA,NA,NA,Production,Prod-28,1,NA,NA,NA,NA,NA,esté soleado,NA,Subjunctive,NA,NA,salir,334324,Irregular,L2L,7th/8th,Late,No,NA,0,175,2026,1,NA,-0.5503787506752892,NA,1.7968088432734572,1.4118875743477124
H97,2,1,NA,6,NA,141,NA,NA,NA,NA,NA,NA,NA,NA,NA,NA,NA,Production,Prod-02,0,NA,NA,NA,NA,NA,escribir,Infinitive,Subjunctive,NA,NA,escribir,265684,Regular,L2L,NA,Late,No,NA,0,141,2026,0,NA,-0.6311919470410735,NA,0.4947383555524599,0.21062975212495888
H97,2,1,NA,6,NA,141,NA,NA,NA,NA,NA,NA,NA,NA,NA,NA,NA,Production,Prod-06,0,NA,NA,NA,NA,NA,se hacen actividades,Indicative,Subjunctive,NA,NA,hacer,2726954,Irregular,L2L,NA,Late,No,NA,0,141,2026,0,NA,2.266580427947476,NA,0.4947383555524599,0.21062975212495888
H97,2,1,NA,6,NA,141,NA,NA,NA,NA,NA,NA,NA,NA,NA,NA,NA,Production,Prod-10,0,NA,NA,NA,NA,NA,el puerta está abierta,Indicative,Subjunctive,NA,NA,abrir,143932,Regular,L2L,NA,Late,No,NA,0,141,2026,0,NA,-0.7745364733220609,NA,0.4947383555524599,0.21062975212495888
H97,2,1,NA,6,NA,141,NA,NA,NA,NA,NA,NA,NA,NA,NA,NA,NA,Production,Prod-14,0,NA,NA,NA,NA,NA,salen,Indicative,Subjunctive,NA,NA,ir,603647,Irregular,L2L,NA,Late,No,NA,0,141,2026,0,NA,-0.23329173895002495,NA,0.4947383555524599,0.21062975212495888
H97,2,1,NA,6,NA,141,NA,NA,NA,NA,NA,NA,NA,NA,NA,NA,NA,Production,Prod-18,0,NA,NA,NA,NA,NA,que poner los platos,Infinitive,Subjunctive,NA,NA,comer,213756,Regular,L2L,NA,Late,No,NA,0,141,2026,0,NA,-0.6923292964129041,NA,0.4947383555524599,0.21062975212495888
H97,2,1,NA,6,NA,141,NA,NA,NA,NA,NA,NA,NA,NA,NA,NA,NA,Production,Prod-22,0,NA,NA,NA,NA,NA,se ponen la chaqueta,Indicative,Subjunctive,NA,NA,poner,514285,Irregular,L2L,NA,Late,No,NA,0,141,2026,0,NA,-0.33850194952169194,NA,0.4947383555524599,0.21062975212495888
H97,2,1,NA,6,NA,141,NA,NA,NA,NA,NA,NA,NA,NA,NA,NA,NA,Production,Prod-26,0,NA,NA,NA,NA,NA,ver la televisión,Infinitive,Subjunctive,NA,NA,ver,1611795,Irregular,L2L,NA,Late,No,NA,0,141,2026,0,NA,0.9536497279755688,NA,0.4947383555524599,0.21062975212495888
H97,2,1,NA,6,NA,141,NA,NA,NA,NA,NA,NA,NA,NA,NA,NA,NA,Production,Prod-28,0,NA,NA,NA,NA,NA,salir para jugar en el sol,Infinitive,Subjunctive,NA,NA,salir,334324,Irregular,L2L,NA,Late,No,NA,0,141,2026,0,NA,-0.5503787506752892,NA,0.4947383555524599,0.21062975212495888
H98,2,1,NA,6,NA,150,NA,NA,NA,NA,NA,NA,NA,Heritage Spanish,NA,NA,NA,Production,Prod-02,0,NA,NA,NA,NA,NA,Indicative,NA,Subjunctive,NA,NA,escribir,265684,Regular,HS,NA,Late,No,NA,0,150,2026,0,NA,-0.6311919470410735,NA,0.8394040728903709,0.5286097638898054
H98,2,1,NA,6,NA,150,NA,NA,NA,NA,NA,NA,NA,Heritage Spanish,NA,NA,NA,Production,Prod-06,0,NA,NA,NA,NA,NA,hacen ejercicio,Indicative,Subjunctive,NA,NA,hacer,2726954,Irregular,HS,NA,Late,No,NA,0,150,2026,0,NA,2.266580427947476,NA,0.8394040728903709,0.5286097638898054
H98,2,1,NA,6,NA,150,NA,NA,NA,NA,NA,NA,NA,Heritage Spanish,NA,NA,NA,Production,Prod-10,0,NA,NA,NA,NA,NA,abren la puerta,Indicative,Subjunctive,NA,NA,abrir,143932,Regular,HS,NA,Late,No,NA,0,150,2026,0,NA,-0.7745364733220609,NA,0.8394040728903709,0.5286097638898054
H98,2,1,NA,6,NA,150,NA,NA,NA,NA,NA,NA,NA,Heritage Spanish,NA,NA,NA,Production,Prod-14,0,NA,NA,NA,NA,NA,salen,Indicative,Subjunctive,NA,NA,ir,603647,Irregular,HS,NA,Late,No,NA,0,150,2026,0,NA,-0.23329173895002495,NA,0.8394040728903709,0.5286097638898054
H98,2,1,NA,6,NA,150,NA,NA,NA,NA,NA,NA,NA,Heritage Spanish,NA,NA,NA,Production,Prod-18,0,NA,NA,NA,NA,NA,comen a su comida,Indicative,Subjunctive,NA,NA,comer,213756,Regular,HS,NA,Late,No,NA,0,150,2026,0,NA,-0.6923292964129041,NA,0.8394040728903709,0.5286097638898054
H98,2,1,NA,6,NA,150,NA,NA,NA,NA,NA,NA,NA,Heritage Spanish,NA,NA,NA,Production,Prod-22,0,NA,NA,NA,NA,NA,ponen sus chaquetas,Indicative,Subjunctive,NA,NA,poner,514285,Irregular,HS,NA,Late,No,NA,0,150,2026,0,NA,-0.33850194952169194,NA,0.8394040728903709,0.5286097638898054
H98,2,1,NA,6,NA,150,NA,NA,NA,NA,NA,NA,NA,Heritage Spanish,NA,NA,NA,Production,Prod-26,0,NA,NA,NA,NA,NA,ven a su tele,Indicative,Subjunctive,NA,NA,ver,1611795,Irregular,HS,NA,Late,No,NA,0,150,2026,0,NA,0.9536497279755688,NA,0.8394040728903709,0.5286097638898054
H98,2,1,NA,6,NA,150,NA,NA,NA,NA,NA,NA,NA,Heritage Spanish,NA,NA,NA,Production,Prod-28,0,NA,NA,NA,NA,NA,es muy brillante,Indicative,Subjunctive,NA,NA,salir,334324,Irregular,HS,NA,Late,No,NA,0,150,2026,0,NA,-0.5503787506752892,NA,0.8394040728903709,0.5286097638898054
H99,2,1,NA,6,NA,144,NA,NA,NA,NA,NA,NA,NA,NA,NA,NA,NA,Production,Prod-02,0,NA,NA,NA,NA,NA,escribir,Infinitive,Subjunctive,NA,NA,escribir,265684,Regular,L2L,NA,Late,No,NA,0,144,2026,0,NA,-0.6311919470410735,NA,0.6096269279984302,0.3166230893799077
H99,2,1,NA,6,NA,144,NA,NA,NA,NA,NA,NA,NA,NA,NA,NA,NA,Production,Prod-06,NA,NA,NA,NA,NA,NA,No response,No response,Subjunctive,NA,NA,hacer,2726954,Irregular,L2L,NA,Late,No,NA,0,144,2026,NA,NA,2.266580427947476,NA,0.6096269279984302,0.3166230893799077
H99,2,1,NA,6,NA,144,NA,NA,NA,NA,NA,NA,NA,NA,NA,NA,NA,Production,Prod-10,NA,NA,NA,NA,NA,NA,open la puerta,codeswitch,Subjunctive,NA,NA,abrir,143932,Regular,L2L,NA,Late,No,NA,0,144,2026,NA,NA,-0.7745364733220609,NA,0.6096269279984302,0.3166230893799077
H99,2,1,NA,6,NA,144,NA,NA,NA,NA,NA,NA,NA,NA,NA,NA,NA,Production,Prod-14,NA,NA,NA,NA,NA,NA,afuera,No verb,Subjunctive,NA,NA,ir,603647,Irregular,L2L,NA,Late,No,NA,0,144,2026,NA,NA,-0.23329173895002495,NA,0.6096269279984302,0.3166230893799077
H99,2,1,NA,6,NA,144,NA,NA,NA,NA,NA,NA,NA,NA,NA,NA,NA,Production,Prod-18,0,NA,NA,NA,NA,NA,dar almuerzo,Infinitive,Subjunctive,NA,NA,comer,213756,Regular,L2L,NA,Late,No,NA,0,144,2026,0,NA,-0.6923292964129041,NA,0.6096269279984302,0.3166230893799077
H99,2,1,NA,6,NA,144,NA,NA,NA,NA,NA,NA,NA,NA,NA,NA,NA,Production,Prod-22,0,NA,NA,NA,NA,NA,poner la chaqueta,Infinitive,Subjunctive,NA,NA,poner,514285,Irregular,L2L,NA,Late,No,NA,0,144,2026,0,NA,-0.33850194952169194,NA,0.6096269279984302,0.3166230893799077
H99,2,1,NA,6,NA,144,NA,NA,NA,NA,NA,NA,NA,NA,NA,NA,NA,Production,Prod-26,0,NA,NA,NA,NA,NA,miran la tv,Indicative,Subjunctive,NA,NA,ver,1611795,Irregular,L2L,NA,Late,No,NA,0,144,2026,0,NA,0.9536497279755688,NA,0.6096269279984302,0.3166230893799077
H99,2,1,NA,6,NA,144,NA,NA,NA,NA,NA,NA,NA,NA,NA,NA,NA,Production,Prod-28,NA,NA,NA,NA,NA,NA,el sol,Omission,Subjunctive,NA,NA,salir,334324,Irregular,L2L,NA,Late,No,NA,0,144,2026,NA,NA,-0.5503787506752892,NA,0.6096269279984302,0.3166230893799077
H100,2,1,NA,6,NA,150,NA,NA,NA,NA,NA,NA,NA,NA,NA,NA,NA,Production,Prod-02,0,NA,NA,NA,NA,NA,escritan,Other,Subjunctive,NA,NA,escribir,265684,Regular,L2L,NA,Late,No,NA,0,150,2026,0,NA,-0.6311919470410735,NA,0.8394040728903709,0.5286097638898054
H100,2,1,NA,6,NA,150,NA,NA,NA,NA,NA,NA,NA,NA,NA,NA,NA,Production,Prod-06,1,NA,NA,NA,NA,NA,jueguen**,NA,Subjunctive,NA,NA,hacer,2726954,Irregular,L2L,NA,Late,No,NA,0,150,2026,1,NA,2.266580427947476,NA,0.8394040728903709,0.5286097638898054
H100,2,1,NA,6,NA,150,NA,NA,NA,NA,NA,NA,NA,NA,NA,NA,NA,Production,Prod-10,0,NA,NA,NA,NA,NA,abrir,Infinitive,Subjunctive,NA,NA,abrir,143932,Regular,L2L,NA,Late,No,NA,0,150,2026,0,NA,-0.7745364733220609,NA,0.8394040728903709,0.5286097638898054
H100,2,1,NA,6,NA,150,NA,NA,NA,NA,NA,NA,NA,NA,NA,NA,NA,Production,Prod-14,1,NA,NA,NA,NA,NA,salgan,NA,Subjunctive,NA,NA,ir,603647,Irregular,L2L,NA,Late,No,NA,0,150,2026,1,NA,-0.23329173895002495,NA,0.8394040728903709,0.5286097638898054
H100,2,1,NA,6,NA,150,NA,NA,NA,NA,NA,NA,NA,NA,NA,NA,NA,Production,Prod-18,0,NA,NA,NA,NA,NA,comen,Indicative,Subjunctive,NA,NA,comer,213756,Regular,L2L,NA,Late,No,NA,0,150,2026,0,NA,-0.6923292964129041,NA,0.8394040728903709,0.5286097638898054
H100,2,1,NA,6,NA,150,NA,NA,NA,NA,NA,NA,NA,NA,NA,NA,NA,Production,Prod-22,0,NA,NA,NA,NA,NA,poner la chaqueta,Infinitive,Subjunctive,NA,NA,poner,514285,Irregular,L2L,NA,Late,No,NA,0,150,2026,0,NA,-0.33850194952169194,NA,0.8394040728903709,0.5286097638898054
H100,2,1,NA,6,NA,150,NA,NA,NA,NA,NA,NA,NA,NA,NA,NA,NA,Production,Prod-26,0,NA,NA,NA,NA,NA,ver la tele,Infinitive,Subjunctive,NA,NA,ver,1611795,Irregular,L2L,NA,Late,No,NA,0,150,2026,0,NA,0.9536497279755688,NA,0.8394040728903709,0.5286097638898054
H100,2,1,NA,6,NA,150,NA,NA,NA,NA,NA,NA,NA,NA,NA,NA,NA,Production,Prod-28,NA,NA,NA,NA,NA,NA,la sol,No verb,Subjunctive,NA,NA,salir,334324,Irregular,L2L,NA,Late,No,NA,0,150,2026,NA,NA,-0.5503787506752892,NA,0.8394040728903709,0.5286097638898054
H101,2,1,L2L 7th/8th,7,NA,151,NA,NA,NA,NA,NA,NA,NA,"French, Italian",No,Yes,Yes,Production,Prod-02,NA,NA,NA,NA,NA,NA,la niña quiere escribir,Querer + infinitive,Subjunctive,NA,NA,escribir,265684,Regular,L2L,7th/8th,Late,No,NA,0,151,2026,NA,NA,-0.6311919470410735,NA,0.8777002637056943,0.5639408763081216
H101,2,1,L2L 7th/8th,7,NA,151,NA,NA,NA,NA,NA,NA,NA,"French, Italian",No,Yes,Yes,Production,Prod-06,0,NA,NA,NA,NA,NA,que los niños se ejercien,Indicative,Subjunctive,NA,NA,hacer,2726954,Irregular,L2L,7th/8th,Late,No,NA,0,151,2026,0,NA,2.266580427947476,NA,0.8777002637056943,0.5639408763081216
H101,2,1,L2L 7th/8th,7,NA,151,NA,NA,NA,NA,NA,NA,NA,"French, Italian",No,Yes,Yes,Production,Prod-10,0,NA,NA,NA,NA,NA,el niño quiere que la puerta está abierta,Indicative,Subjunctive,NA,NA,abrir,143932,Regular,L2L,7th/8th,Late,No,NA,0,151,2026,0,NA,-0.7745364733220609,NA,0.8777002637056943,0.5639408763081216
H101,2,1,L2L 7th/8th,7,NA,151,NA,NA,NA,NA,NA,NA,NA,"French, Italian",No,Yes,Yes,Production,Prod-14,0,NA,NA,NA,NA,NA,que ellas parten,Indicative,Subjunctive,NA,NA,ir,603647,Irregular,L2L,7th/8th,Late,No,NA,0,151,2026,0,NA,-0.23329173895002495,NA,0.8777002637056943,0.5639408763081216
H101,2,1,L2L 7th/8th,7,NA,151,NA,NA,NA,NA,NA,NA,NA,"French, Italian",No,Yes,Yes,Production,Prod-18,0,NA,NA,NA,NA,NA,quiere que ellas comen sus comidas,Indicative,Subjunctive,NA,NA,comer,213756,Regular,L2L,7th/8th,Late,No,NA,0,151,2026,0,NA,-0.6923292964129041,NA,0.8777002637056943,0.5639408763081216
H101,2,1,L2L 7th/8th,7,NA,151,NA,NA,NA,NA,NA,NA,NA,"French, Italian",No,Yes,Yes,Production,Prod-22,0,NA,NA,NA,NA,NA,que ponen su chaqueta,Indicative,Subjunctive,NA,NA,poner,514285,Irregular,L2L,7th/8th,Late,No,NA,0,151,2026,0,NA,-0.33850194952169194,NA,0.8777002637056943,0.5639408763081216
H101,2,1,L2L 7th/8th,7,NA,151,NA,NA,NA,NA,NA,NA,NA,"French, Italian",No,Yes,Yes,Production,Prod-26,0,NA,NA,NA,NA,NA,guardan la TV,Indicative,Subjunctive,NA,NA,ver,1611795,Irregular,L2L,7th/8th,Late,No,NA,0,151,2026,0,NA,0.9536497279755688,NA,0.8777002637056943,0.5639408763081216
H101,2,1,L2L 7th/8th,7,NA,151,NA,NA,NA,NA,NA,NA,NA,"French, Italian",No,Yes,Yes,Production,Prod-28,1,NA,NA,NA,NA,NA,tenga el sol,NA,Subjunctive,NA,NA,salir,334324,Irregular,L2L,7th/8th,Late,No,NA,0,151,2026,1,NA,-0.5503787506752892,NA,0.8777002637056943,0.5639408763081216
H102,2,1,NA,3,NA,112,NA,NA,NA,NA,NA,NA,NA,NA,NA,NA,NA,Production,Prod-02,1,NA,NA,NA,NA,NA,quiere que escriban,NA,Subjunctive,NA,NA,escribir,265684,Regular,L2L,NA,Late,No,NA,0,112,2026,1,NA,-0.6311919470410735,NA,-0.6158511780919201,-0.8139725080062131
H102,2,1,NA,3,NA,112,NA,NA,NA,NA,NA,NA,NA,NA,NA,NA,NA,Production,Prod-06,0,NA,NA,NA,NA,NA,quiere que hacen ejercicio,Indicative,Subjunctive,NA,NA,hacer,2726954,Irregular,L2L,NA,Late,No,NA,0,112,2026,0,NA,2.266580427947476,NA,-0.6158511780919201,-0.8139725080062131
H102,2,1,NA,3,NA,112,NA,NA,NA,NA,NA,NA,NA,NA,NA,NA,NA,Production,Prod-10,NA,NA,NA,NA,NA,NA,quiere que la puerta está abierta,Indicative,Subjunctive,NA,NA,abrir,143932,Regular,L2L,NA,Late,No,NA,0,112,2026,NA,NA,-0.7745364733220609,NA,-0.6158511780919201,-0.8139725080062131
H102,2,1,NA,3,NA,112,NA,NA,NA,NA,NA,NA,NA,NA,NA,NA,NA,Production,Prod-14,0,NA,NA,NA,NA,NA,quiere que los niños va afuera,Indicative,Subjunctive,NA,NA,ir,603647,Irregular,L2L,NA,Late,No,NA,0,112,2026,0,NA,-0.23329173895002495,NA,-0.6158511780919201,-0.8139725080062131
H102,2,1,NA,3,NA,112,NA,NA,NA,NA,NA,NA,NA,NA,NA,NA,NA,Production,Prod-18,0,NA,NA,NA,NA,NA,quiere que comen,Indicative,Subjunctive,NA,NA,comer,213756,Regular,L2L,NA,Late,No,NA,0,112,2026,0,NA,-0.6923292964129041,NA,-0.6158511780919201,-0.8139725080062131
H102,2,1,NA,3,NA,112,NA,NA,NA,NA,NA,NA,NA,NA,NA,NA,NA,Production,Prod-22,0,NA,NA,NA,NA,NA,quiere que ponen las chaquetas,Indicative,Subjunctive,NA,NA,poner,514285,Irregular,L2L,NA,Late,No,NA,0,112,2026,0,NA,-0.33850194952169194,NA,-0.6158511780919201,-0.8139725080062131
H102,2,1,NA,3,NA,112,NA,NA,NA,NA,NA,NA,NA,NA,NA,NA,NA,Production,Prod-26,0,NA,NA,NA,NA,NA,quiere que ve la película,Indicative,Subjunctive,NA,NA,ver,1611795,Irregular,L2L,NA,Late,No,NA,0,112,2026,0,NA,0.9536497279755688,NA,-0.6158511780919201,-0.8139725080062131
H102,2,1,NA,3,NA,112,NA,NA,NA,NA,NA,NA,NA,NA,NA,NA,NA,Production,Prod-28,0,NA,NA,NA,NA,NA,quiere que no es nublado,Indicative,Subjunctive,NA,NA,salir,334324,Irregular,L2L,NA,Late,No,NA,0,112,2026,0,NA,-0.5503787506752892,NA,-0.6158511780919201,-0.8139725080062131
H103,2,1,L2L 4th/5th,4,NA,127,NA,NA,NA,NA,NA,NA,NA,NA,NA,NA,NA,Production,Prod-02,NA,NA,NA,NA,NA,NA,quiere que come write,Codeswitched,Subjunctive,NA,NA,escribir,265684,Regular,L2L,4th/5th,Late,No,NA,0,127,2026,NA,NA,-0.6311919470410735,NA,-0.041408315862068446,-0.284005821731469
H103,2,1,L2L 4th/5th,4,NA,127,NA,NA,NA,NA,NA,NA,NA,NA,NA,NA,NA,Production,Prod-06,0,NA,NA,NA,NA,NA,que hacer deportes,Infinitive,Subjunctive,NA,NA,hacer,2726954,Irregular,L2L,4th/5th,Late,No,NA,0,127,2026,0,NA,2.266580427947476,NA,-0.041408315862068446,-0.284005821731469
H103,2,1,L2L 4th/5th,4,NA,127,NA,NA,NA,NA,NA,NA,NA,NA,NA,NA,NA,Production,Prod-10,0,NA,NA,NA,NA,NA,abrir,Infinitive,Subjunctive,NA,NA,abrir,143932,Regular,L2L,4th/5th,Late,No,NA,0,127,2026,0,NA,-0.7745364733220609,NA,-0.041408315862068446,-0.284005821731469
H103,2,1,L2L 4th/5th,4,NA,127,NA,NA,NA,NA,NA,NA,NA,NA,NA,NA,NA,Production,Prod-14,0,NA,NA,NA,NA,NA,que los niños salir,Infinitive,Subjunctive,NA,NA,ir,603647,Irregular,L2L,4th/5th,Late,No,NA,0,127,2026,0,NA,-0.23329173895002495,NA,-0.041408315862068446,-0.284005821731469
H103,2,1,L2L 4th/5th,4,NA,127,NA,NA,NA,NA,NA,NA,NA,NA,NA,NA,NA,Production,Prod-18,0,NA,NA,NA,NA,NA,comer la comida,Indicative,Subjunctive,NA,NA,comer,213756,Regular,L2L,4th/5th,Late,No,NA,0,127,2026,0,NA,-0.6923292964129041,NA,-0.041408315862068446,-0.284005821731469
H103,2,1,L2L 4th/5th,4,NA,127,NA,NA,NA,NA,NA,NA,NA,NA,NA,NA,NA,Production,Prod-22,0,NA,NA,NA,NA,NA,poner las chaquetas,Infinitive,Subjunctive,NA,NA,poner,514285,Irregular,L2L,4th/5th,Late,No,NA,0,127,2026,0,NA,-0.33850194952169194,NA,-0.041408315862068446,-0.284005821731469
H103,2,1,L2L 4th/5th,4,NA,127,NA,NA,NA,NA,NA,NA,NA,NA,NA,NA,NA,Production,Prod-26,0,NA,NA,NA,NA,NA,que ver el TV,Infinitive,Subjunctive,NA,NA,ver,1611795,Irregular,L2L,4th/5th,Late,No,NA,0,127,2026,0,NA,0.9536497279755688,NA,-0.041408315862068446,-0.284005821731469
H103,2,1,L2L 4th/5th,4,NA,127,NA,NA,NA,NA,NA,NA,NA,NA,NA,NA,NA,Production,Prod-28,0,NA,NA,NA,NA,NA,que venir el sol,Infinitive,Subjunctive,NA,NA,salir,334324,Irregular,L2L,4th/5th,Late,No,NA,0,127,2026,0,NA,-0.5503787506752892,NA,-0.041408315862068446,-0.284005821731469
H104,2,1,L2L 2nd,2,NA,96,NA,NA,NA,NA,NA,NA,NA,NA,NA,NA,NA,Production,Prod-02,0,NA,NA,NA,NA,NA,que escribir,Infinitive,Subjunctive,NA,NA,escribir,265684,Regular,L2L,2nd,Late,No,NA,0,96,2026,0,NA,-0.6311919470410735,NA,-1.2285902311370953,-1.3792703066992735
H104,2,1,L2L 2nd,2,NA,96,NA,NA,NA,NA,NA,NA,NA,NA,NA,NA,NA,Production,Prod-06,0,NA,NA,NA,NA,NA,ejercitar,Infinitive,Subjunctive,NA,NA,hacer,2726954,Irregular,L2L,2nd,Late,No,NA,0,96,2026,0,NA,2.266580427947476,NA,-1.2285902311370953,-1.3792703066992735
H104,2,1,L2L 2nd,2,NA,96,NA,NA,NA,NA,NA,NA,NA,NA,NA,NA,NA,Production,Prod-10,0,NA,NA,NA,NA,NA,abrir la puerta,Indicative,Subjunctive,NA,NA,abrir,143932,Regular,L2L,2nd,Late,No,NA,0,96,2026,0,NA,-0.7745364733220609,NA,-1.2285902311370953,-1.3792703066992735
H104,2,1,L2L 2nd,2,NA,96,NA,NA,NA,NA,NA,NA,NA,NA,NA,NA,NA,Production,Prod-14,0,NA,NA,NA,NA,NA,Sofía quiere que vuelven,Indicative,Subjunctive,NA,NA,ir,603647,Irregular,L2L,2nd,Late,No,NA,0,96,2026,0,NA,-0.23329173895002495,NA,-1.2285902311370953,-1.3792703066992735
H104,2,1,L2L 2nd,2,NA,96,NA,NA,NA,NA,NA,NA,NA,NA,NA,NA,NA,Production,Prod-18,0,NA,NA,NA,NA,NA,que comen la comida,Indicative,Subjunctive,NA,NA,comer,213756,Regular,L2L,2nd,Late,No,NA,0,96,2026,0,NA,-0.6923292964129041,NA,-1.2285902311370953,-1.3792703066992735
H104,2,1,L2L 2nd,2,NA,96,NA,NA,NA,NA,NA,NA,NA,NA,NA,NA,NA,Production,Prod-22,0,NA,NA,NA,NA,NA,ponen las chaquetas,Indicative,Subjunctive,NA,NA,poner,514285,Irregular,L2L,2nd,Late,No,NA,0,96,2026,0,NA,-0.33850194952169194,NA,-1.2285902311370953,-1.3792703066992735
H104,2,1,L2L 2nd,2,NA,96,NA,NA,NA,NA,NA,NA,NA,NA,NA,NA,NA,Production,Prod-26,0,NA,NA,NA,NA,NA,que ver la TV,Infinitive,Subjunctive,NA,NA,ver,1611795,Irregular,L2L,2nd,Late,No,NA,0,96,2026,0,NA,0.9536497279755688,NA,-1.2285902311370953,-1.3792703066992735
H104,2,1,L2L 2nd,2,NA,96,NA,NA,NA,NA,NA,NA,NA,NA,NA,NA,NA,Production,Prod-28,1,NA,NA,NA,NA,NA,que esté soleado,NA,Subjunctive,NA,NA,salir,334324,Irregular,L2L,2nd,Late,No,NA,0,96,2026,1,NA,-0.5503787506752892,NA,-1.2285902311370953,-1.3792703066992735
H105,2,1,L2L 4th/5th,5,NA,129,NA,NA,NA,NA,NA,NA,NA,NA,NA,NA,NA,Production,Prod-02,0,NA,NA,NA,NA,NA,escriben,Indicative,Subjunctive,NA,NA,escribir,265684,Regular,L2L,4th/5th,Late,No,NA,0,129,2026,0,NA,-0.6311919470410735,NA,0.03518406576857845,-0.21334359689483645
H105,2,1,L2L 4th/5th,5,NA,129,NA,NA,NA,NA,NA,NA,NA,NA,NA,NA,NA,Production,Prod-06,0,NA,NA,NA,NA,NA,hace ejercicio,Indicative,Subjunctive,NA,NA,hacer,2726954,Irregular,L2L,4th/5th,Late,No,NA,0,129,2026,0,NA,2.266580427947476,NA,0.03518406576857845,-0.21334359689483645
H105,2,1,L2L 4th/5th,5,NA,129,NA,NA,NA,NA,NA,NA,NA,NA,NA,NA,NA,Production,Prod-10,0,NA,NA,NA,NA,NA,abrieron la puerta,Preterit,Subjunctive,NA,NA,abrir,143932,Regular,L2L,4th/5th,Late,No,NA,0,129,2026,0,NA,-0.7745364733220609,NA,0.03518406576857845,-0.21334359689483645
H105,2,1,L2L 4th/5th,5,NA,129,NA,NA,NA,NA,NA,NA,NA,NA,NA,NA,NA,Production,Prod-14,0,NA,NA,NA,NA,NA,salían,Imperfect,Subjunctive,NA,NA,ir,603647,Irregular,L2L,4th/5th,Late,No,NA,0,129,2026,0,NA,-0.23329173895002495,NA,0.03518406576857845,-0.21334359689483645
H105,2,1,L2L 4th/5th,5,NA,129,NA,NA,NA,NA,NA,NA,NA,NA,NA,NA,NA,Production,Prod-18,0,NA,NA,NA,NA,NA,comen la comida,Indicative,Subjunctive,NA,NA,comer,213756,Regular,L2L,4th/5th,Late,No,NA,0,129,2026,0,NA,-0.6923292964129041,NA,0.03518406576857845,-0.21334359689483645
H105,2,1,L2L 4th/5th,5,NA,129,NA,NA,NA,NA,NA,NA,NA,NA,NA,NA,NA,Production,Prod-22,0,NA,NA,NA,NA,NA,se vestían,Imperfect,Subjunctive,NA,NA,poner,514285,Irregular,L2L,4th/5th,Late,No,NA,0,129,2026,0,NA,-0.33850194952169194,NA,0.03518406576857845,-0.21334359689483645
H105,2,1,L2L 4th/5th,5,NA,129,NA,NA,NA,NA,NA,NA,NA,NA,NA,NA,NA,Production,Prod-26,0,NA,NA,NA,NA,NA,veían la peli,Imperfect,Subjunctive,NA,NA,ver,1611795,Irregular,L2L,4th/5th,Late,No,NA,0,129,2026,0,NA,0.9536497279755688,NA,0.03518406576857845,-0.21334359689483645
H105,2,1,L2L 4th/5th,5,NA,129,NA,NA,NA,NA,NA,NA,NA,NA,NA,NA,NA,Production,Prod-28,0,NA,NA,NA,NA,NA,es soleado,Indicative,Subjunctive,NA,NA,salir,334324,Irregular,L2L,4th/5th,Late,No,NA,0,129,2026,0,NA,-0.5503787506752892,NA,0.03518406576857845,-0.21334359689483645
H106,2,1,L2L 7th/8th,7,NA,153,NA,NA,NA,NA,NA,NA,NA,NA,NA,NA,NA,Production,Prod-02,1,NA,NA,NA,NA,NA,escriben,Indicative,Subjunctive,NA,NA,escribir,265684,Regular,L2L,7th/8th,Late,No,NA,0,153,2026,1,NA,-0.6311919470410735,NA,0.9542926453363413,0.6346031011447542
H106,2,1,L2L 7th/8th,7,NA,153,NA,NA,NA,NA,NA,NA,NA,NA,NA,NA,NA,Production,Prod-06,NA,NA,NA,NA,NA,NA,No response,No response,Subjunctive,NA,NA,hacer,2726954,Irregular,L2L,7th/8th,Late,No,NA,0,153,2026,NA,NA,2.266580427947476,NA,0.9542926453363413,0.6346031011447542
H106,2,1,L2L 7th/8th,7,NA,153,NA,NA,NA,NA,NA,NA,NA,NA,NA,NA,NA,Production,Prod-10,NA,NA,NA,NA,NA,NA,taking…opening el door,Codeswitched,Subjunctive,NA,NA,abrir,143932,Regular,L2L,7th/8th,Late,No,NA,0,153,2026,NA,NA,-0.7745364733220609,NA,0.9542926453363413,0.6346031011447542
H106,2,1,L2L 7th/8th,7,NA,153,NA,NA,NA,NA,NA,NA,NA,NA,NA,NA,NA,Production,Prod-14,NA,NA,NA,NA,NA,NA,entrar/come in,Codeswitched,Subjunctive,NA,NA,ir,603647,Irregular,L2L,7th/8th,Late,No,NA,0,153,2026,NA,NA,-0.23329173895002495,NA,0.9542926453363413,0.6346031011447542
H106,2,1,L2L 7th/8th,7,NA,153,NA,NA,NA,NA,NA,NA,NA,NA,NA,NA,NA,Production,Prod-18,0,NA,NA,NA,NA,NA,el comer,Infinitive,Subjunctive,NA,NA,comer,213756,Regular,L2L,7th/8th,Late,No,NA,0,153,2026,0,NA,-0.6923292964129041,NA,0.9542926453363413,0.6346031011447542
H106,2,1,L2L 7th/8th,7,NA,153,NA,NA,NA,NA,NA,NA,NA,NA,NA,NA,NA,Production,Prod-22,NA,NA,NA,NA,NA,NA,zip down,English,Subjunctive,NA,NA,poner,514285,Irregular,L2L,7th/8th,Late,No,NA,0,153,2026,NA,NA,-0.33850194952169194,NA,0.9542926453363413,0.6346031011447542
H106,2,1,L2L 7th/8th,7,NA,153,NA,NA,NA,NA,NA,NA,NA,NA,NA,NA,NA,Production,Prod-26,NA,NA,NA,NA,NA,NA,es watching el TV,Codeswitched,Subjunctive,NA,NA,ver,1611795,Irregular,L2L,7th/8th,Late,No,NA,0,153,2026,NA,NA,0.9536497279755688,NA,0.9542926453363413,0.6346031011447542
H106,2,1,L2L 7th/8th,7,NA,153,NA,NA,NA,NA,NA,NA,NA,NA,NA,NA,NA,Production,Prod-28,NA,NA,NA,NA,NA,NA,un sol y no lluvia,No verb,Subjunctive,NA,NA,salir,334324,Irregular,L2L,7th/8th,Late,No,NA,0,153,2026,NA,NA,-0.5503787506752892,NA,0.9542926453363413,0.6346031011447542
H107,2,1,L2L 4th/5th,4,NA,117,NA,NA,NA,NA,NA,NA,NA,NA,NA,NA,NA,Production,Prod-02,1,NA,NA,NA,NA,NA,escriba,NA,Subjunctive,NA,NA,escribir,265684,Regular,L2L,4th/5th,Late,No,NA,0,117,2026,1,NA,-0.6311919470410735,NA,-0.42437022401530294,-0.6373169459146317
H107,2,1,L2L 4th/5th,4,NA,117,NA,NA,NA,NA,NA,NA,NA,NA,NA,NA,NA,Production,Prod-06,NA,NA,NA,NA,NA,NA,work out,English,Subjunctive,NA,NA,hacer,2726954,Irregular,L2L,4th/5th,Late,No,NA,0,117,2026,NA,NA,2.266580427947476,NA,-0.42437022401530294,-0.6373169459146317
H107,2,1,L2L 4th/5th,4,NA,117,NA,NA,NA,NA,NA,NA,NA,NA,NA,NA,NA,Production,Prod-10,0,NA,NA,NA,NA,NA,no cerrar el puerta,Infinitive,Subjunctive,NA,NA,abrir,143932,Regular,L2L,4th/5th,Late,No,NA,0,117,2026,0,NA,-0.7745364733220609,NA,-0.42437022401530294,-0.6373169459146317
H107,2,1,L2L 4th/5th,4,NA,117,NA,NA,NA,NA,NA,NA,NA,NA,NA,NA,NA,Production,Prod-14,NA,NA,NA,NA,NA,NA,que exit,Codeswitched,Subjunctive,NA,NA,ir,603647,Irregular,L2L,4th/5th,Late,No,NA,0,117,2026,NA,NA,-0.23329173895002495,NA,-0.42437022401530294,-0.6373169459146317
H107,2,1,L2L 4th/5th,4,NA,117,NA,NA,NA,NA,NA,NA,NA,NA,NA,NA,NA,Production,Prod-18,NA,NA,NA,NA,NA,NA,el comida,No verb,Subjunctive,NA,NA,comer,213756,Regular,L2L,4th/5th,Late,No,NA,0,117,2026,NA,NA,-0.6923292964129041,NA,-0.42437022401530294,-0.6373169459146317
H107,2,1,L2L 4th/5th,4,NA,117,NA,NA,NA,NA,NA,NA,NA,NA,NA,NA,NA,Production,Prod-22,0,NA,NA,NA,NA,NA,no tiene chaqueta,Indicative,Subjunctive,NA,NA,poner,514285,Irregular,L2L,4th/5th,Late,No,NA,0,117,2026,0,NA,-0.33850194952169194,NA,-0.42437022401530294,-0.6373169459146317
H107,2,1,L2L 4th/5th,4,NA,117,NA,NA,NA,NA,NA,NA,NA,NA,NA,NA,NA,Production,Prod-26,0,NA,NA,NA,NA,NA,jugar en el tele,Infinitive,Subjunctive,NA,NA,ver,1611795,Irregular,L2L,4th/5th,Late,No,NA,0,117,2026,0,NA,0.9536497279755688,NA,-0.42437022401530294,-0.6373169459146317
H107,2,1,L2L 4th/5th,4,NA,117,NA,NA,NA,NA,NA,NA,NA,NA,NA,NA,NA,Production,Prod-28,0,NA,NA,NA,NA,NA,sol es en el outside,Indicative,Subjunctive,NA,NA,salir,334324,Irregular,L2L,4th/5th,Late,No,NA,0,117,2026,0,NA,-0.5503787506752892,NA,-0.42437022401530294,-0.6373169459146317
H108,2,1,NA,3,NA,102,NA,NA,NA,NA,NA,NA,NA,Romanian,Yes,Yes,Yes,Production,Prod-02,0,NA,NA,NA,NA,NA,escriben,Indicative,Subjunctive,NA,NA,escribir,265684,Regular,L2L,NA,Late,No,NA,0,102,2026,0,NA,-0.6311919470410735,NA,-0.9988130862451546,-1.1672836321893758
H108,2,1,NA,3,NA,102,NA,NA,NA,NA,NA,NA,NA,Romanian,Yes,Yes,Yes,Production,Prod-06,0,NA,NA,NA,NA,NA,hacen más fuerzos,Indicative,Subjunctive,NA,NA,hacer,2726954,Irregular,L2L,NA,Late,No,NA,0,102,2026,0,NA,2.266580427947476,NA,-0.9988130862451546,-1.1672836321893758
H108,2,1,NA,3,NA,102,NA,NA,NA,NA,NA,NA,NA,Romanian,Yes,Yes,Yes,Production,Prod-10,0,NA,NA,NA,NA,NA,abren la puerta,Indicative,Subjunctive,NA,NA,abrir,143932,Regular,L2L,NA,Late,No,NA,0,102,2026,0,NA,-0.7745364733220609,NA,-0.9988130862451546,-1.1672836321893758
H108,2,1,NA,3,NA,102,NA,NA,NA,NA,NA,NA,NA,Romanian,Yes,Yes,Yes,Production,Prod-14,0,NA,NA,NA,NA,NA,caminan de la puerta,Indicative,Subjunctive,NA,NA,ir,603647,Irregular,L2L,NA,Late,No,NA,0,102,2026,0,NA,-0.23329173895002495,NA,-0.9988130862451546,-1.1672836321893758
H108,2,1,NA,3,NA,102,NA,NA,NA,NA,NA,NA,NA,Romanian,Yes,Yes,Yes,Production,Prod-18,0,NA,NA,NA,NA,NA,comen su comida,Indicative,Subjunctive,NA,NA,comer,213756,Regular,L2L,NA,Late,No,NA,0,102,2026,0,NA,-0.6923292964129041,NA,-0.9988130862451546,-1.1672836321893758
H108,2,1,NA,3,NA,102,NA,NA,NA,NA,NA,NA,NA,Romanian,Yes,Yes,Yes,Production,Prod-22,0,NA,NA,NA,NA,NA,se ponen la chaqueta,Indicative,Subjunctive,NA,NA,poner,514285,Irregular,L2L,NA,Late,No,NA,0,102,2026,0,NA,-0.33850194952169194,NA,-0.9988130862451546,-1.1672836321893758
H108,2,1,NA,3,NA,102,NA,NA,NA,NA,NA,NA,NA,Romanian,Yes,Yes,Yes,Production,Prod-26,1,NA,NA,NA,NA,NA,vean la tele,NA,Subjunctive,NA,NA,ver,1611795,Irregular,L2L,NA,Late,No,NA,0,102,2026,1,NA,0.9536497279755688,NA,-0.9988130862451546,-1.1672836321893758
H108,2,1,NA,3,NA,102,NA,NA,NA,NA,NA,NA,NA,Romanian,Yes,Yes,Yes,Production,Prod-28,0,NA,NA,NA,NA,NA,es soleado,Indicative,Subjunctive,NA,NA,salir,334324,Irregular,L2L,NA,Late,No,NA,0,102,2026,0,NA,-0.5503787506752892,NA,-0.9988130862451546,-1.1672836321893758
H109,2,1,L2L 4th/5th,4,NA,119,NA,NA,NA,NA,NA,NA,NA,"Hindi, Malayalam, Marathi",Yes,Yes,Yes,Production,Prod-02,NA,NA,NA,NA,NA,NA,quiere escribir,Querer + infinitive,Subjunctive,NA,NA,escribir,265684,Regular,L2L,4th/5th,Late,No,NA,0,119,2026,NA,NA,-0.6311919470410735,NA,-0.34777784238465603,-0.5666547210779992
H109,2,1,L2L 4th/5th,4,NA,119,NA,NA,NA,NA,NA,NA,NA,"Hindi, Malayalam, Marathi",Yes,Yes,Yes,Production,Prod-06,0,NA,NA,NA,NA,NA,usar fuerza y jugar,Infinitive,Subjunctive,NA,NA,hacer,2726954,Irregular,L2L,4th/5th,Late,No,NA,0,119,2026,0,NA,2.266580427947476,NA,-0.34777784238465603,-0.5666547210779992
H109,2,1,L2L 4th/5th,4,NA,119,NA,NA,NA,NA,NA,NA,NA,"Hindi, Malayalam, Marathi",Yes,Yes,Yes,Production,Prod-10,0,NA,NA,NA,NA,NA,que abrir,Infinitive,Subjunctive,NA,NA,abrir,143932,Regular,L2L,4th/5th,Late,No,NA,0,119,2026,0,NA,-0.7745364733220609,NA,-0.34777784238465603,-0.5666547210779992
H109,2,1,L2L 4th/5th,4,NA,119,NA,NA,NA,NA,NA,NA,NA,"Hindi, Malayalam, Marathi",Yes,Yes,Yes,Production,Prod-14,0,NA,NA,NA,NA,NA,quiere que los salir,Infinitive,Subjunctive,NA,NA,ir,603647,Irregular,L2L,4th/5th,Late,No,NA,0,119,2026,0,NA,-0.23329173895002495,NA,-0.34777784238465603,-0.5666547210779992
H109,2,1,L2L 4th/5th,4,NA,119,NA,NA,NA,NA,NA,NA,NA,"Hindi, Malayalam, Marathi",Yes,Yes,Yes,Production,Prod-18,0,NA,NA,NA,NA,NA,que los niños come,Indicative,Subjunctive,NA,NA,comer,213756,Regular,L2L,4th/5th,Late,No,NA,0,119,2026,0,NA,-0.6923292964129041,NA,-0.34777784238465603,-0.5666547210779992
H109,2,1,L2L 4th/5th,4,NA,119,NA,NA,NA,NA,NA,NA,NA,"Hindi, Malayalam, Marathi",Yes,Yes,Yes,Production,Prod-22,0,NA,NA,NA,NA,NA,quiere que poner,Infinitive,Subjunctive,NA,NA,poner,514285,Irregular,L2L,4th/5th,Late,No,NA,0,119,2026,0,NA,-0.33850194952169194,NA,-0.34777784238465603,-0.5666547210779992
H109,2,1,L2L 4th/5th,4,NA,119,NA,NA,NA,NA,NA,NA,NA,"Hindi, Malayalam, Marathi",Yes,Yes,Yes,Production,Prod-26,0,NA,NA,NA,NA,NA,ver televisión,Infinitive,Subjunctive,NA,NA,ver,1611795,Irregular,L2L,4th/5th,Late,No,NA,0,119,2026,0,NA,0.9536497279755688,NA,-0.34777784238465603,-0.5666547210779992
H109,2,1,L2L 4th/5th,4,NA,119,NA,NA,NA,NA,NA,NA,NA,"Hindi, Malayalam, Marathi",Yes,Yes,Yes,Production,Prod-28,1,NA,NA,NA,NA,NA,que ve sol,Indicative,Subjunctive,NA,NA,salir,334324,Irregular,L2L,4th/5th,Late,No,NA,0,119,2026,1,NA,-0.5503787506752892,NA,-0.34777784238465603,-0.5666547210779992
H110,2,1,L2L 2nd,2,NA,93,NA,NA,NA,NA,NA,NA,NA,Romanian,Yes,Yes,Yes,Production,Prod-02,0,NA,NA,NA,NA,NA,escribir,Infinitive,Subjunctive,NA,NA,escribir,265684,Regular,L2L,2nd,Late,No,NA,0,93,2026,0,NA,-0.6311919470410735,NA,-1.3434788035830658,-1.4852636439542224
H110,2,1,L2L 2nd,2,NA,93,NA,NA,NA,NA,NA,NA,NA,Romanian,Yes,Yes,Yes,Production,Prod-06,0,NA,NA,NA,NA,NA,hacen ejercicio,Indicative,Subjunctive,NA,NA,hacer,2726954,Irregular,L2L,2nd,Late,No,NA,0,93,2026,0,NA,2.266580427947476,NA,-1.3434788035830658,-1.4852636439542224
H110,2,1,L2L 2nd,2,NA,93,NA,NA,NA,NA,NA,NA,NA,Romanian,Yes,Yes,Yes,Production,Prod-10,0,NA,NA,NA,NA,NA,abre la puerta,Indicative,Subjunctive,NA,NA,abrir,143932,Regular,L2L,2nd,Late,No,NA,0,93,2026,0,NA,-0.7745364733220609,NA,-1.3434788035830658,-1.4852636439542224
H110,2,1,L2L 2nd,2,NA,93,NA,NA,NA,NA,NA,NA,NA,Romanian,Yes,Yes,Yes,Production,Prod-14,1,NA,NA,NA,NA,NA,salgan,NA,Subjunctive,NA,NA,ir,603647,Irregular,L2L,2nd,Late,No,NA,0,93,2026,1,NA,-0.23329173895002495,NA,-1.3434788035830658,-1.4852636439542224
H110,2,1,L2L 2nd,2,NA,93,NA,NA,NA,NA,NA,NA,NA,Romanian,Yes,Yes,Yes,Production,Prod-18,0,NA,NA,NA,NA,NA,beben la sopa**,Indicative,Subjunctive,NA,NA,comer,213756,Regular,L2L,2nd,Late,No,NA,0,93,2026,0,NA,-0.6923292964129041,NA,-1.3434788035830658,-1.4852636439542224
H110,2,1,L2L 2nd,2,NA,93,NA,NA,NA,NA,NA,NA,NA,Romanian,Yes,Yes,Yes,Production,Prod-22,0,NA,NA,NA,NA,NA,se ponen la chaqueta,NA,Subjunctive,NA,NA,poner,514285,Irregular,L2L,2nd,Late,No,NA,0,93,2026,0,NA,-0.33850194952169194,NA,-1.3434788035830658,-1.4852636439542224
H110,2,1,L2L 2nd,2,NA,93,NA,NA,NA,NA,NA,NA,NA,Romanian,Yes,Yes,Yes,Production,Prod-26,0,NA,NA,NA,NA,NA,ver la tele,Infinitive,Subjunctive,NA,NA,ver,1611795,Irregular,L2L,2nd,Late,No,NA,0,93,2026,0,NA,0.9536497279755688,NA,-1.3434788035830658,-1.4852636439542224
H110,2,1,L2L 2nd,2,NA,93,NA,NA,NA,NA,NA,NA,NA,Romanian,Yes,Yes,Yes,Production,Prod-28,0,NA,NA,NA,NA,NA,se soleado,Other,Subjunctive,NA,NA,salir,334324,Irregular,L2L,2nd,Late,No,NA,0,93,2026,0,NA,-0.5503787506752892,NA,-1.3434788035830658,-1.4852636439542224
H111,2,1,NA,3,NA,110,NA,NA,NA,NA,NA,NA,NA,NA,NA,NA,NA,Production,Prod-02,0,NA,NA,NA,NA,NA,la niña quiere escribir,Querer + infinitive,Subjunctive,NA,NA,escribir,265684,Regular,L2L,NA,Late,No,NA,0,110,2026,0,NA,-0.6311919470410735,NA,-0.6924435597225671,-0.8846347328428457
H111,2,1,NA,3,NA,110,NA,NA,NA,NA,NA,NA,NA,NA,NA,NA,NA,Production,Prod-06,NA,NA,NA,NA,NA,NA,están muy fuerte y making them workout,Codeswitched,Subjunctive,NA,NA,hacer,2726954,Irregular,L2L,NA,Late,No,NA,0,110,2026,NA,NA,2.266580427947476,NA,-0.6924435597225671,-0.8846347328428457
H111,2,1,NA,3,NA,110,NA,NA,NA,NA,NA,NA,NA,NA,NA,NA,NA,Production,Prod-10,0,NA,NA,NA,NA,NA,la puerta están abrir,Indicative,Subjunctive,NA,NA,abrir,143932,Regular,L2L,NA,Late,No,NA,0,110,2026,0,NA,-0.7745364733220609,NA,-0.6924435597225671,-0.8846347328428457
H111,2,1,NA,3,NA,110,NA,NA,NA,NA,NA,NA,NA,NA,NA,NA,NA,Production,Prod-14,0,NA,NA,NA,NA,NA,que los niños que salir,Infinitive,Subjunctive,NA,NA,ir,603647,Irregular,L2L,NA,Late,No,NA,0,110,2026,0,NA,-0.23329173895002495,NA,-0.6924435597225671,-0.8846347328428457
H111,2,1,NA,3,NA,110,NA,NA,NA,NA,NA,NA,NA,NA,NA,NA,NA,Production,Prod-18,0,NA,NA,NA,NA,NA,los niños comieron,Preterit,Subjunctive,NA,NA,comer,213756,Regular,L2L,NA,Late,No,NA,0,110,2026,0,NA,-0.6923292964129041,NA,-0.6924435597225671,-0.8846347328428457
H111,2,1,NA,3,NA,110,NA,NA,NA,NA,NA,NA,NA,NA,NA,NA,NA,Production,Prod-22,0,NA,NA,NA,NA,NA,puntar la chaqueta,Infinitive,Subjunctive,NA,NA,poner,514285,Irregular,L2L,NA,Late,No,NA,0,110,2026,0,NA,-0.33850194952169194,NA,-0.6924435597225671,-0.8846347328428457
H111,2,1,NA,3,NA,110,NA,NA,NA,NA,NA,NA,NA,NA,NA,NA,NA,Production,Prod-26,0,NA,NA,NA,NA,NA,ver la tv,Infinitive,Subjunctive,NA,NA,ver,1611795,Irregular,L2L,NA,Late,No,NA,0,110,2026,0,NA,0.9536497279755688,NA,-0.6924435597225671,-0.8846347328428457
H111,2,1,NA,3,NA,110,NA,NA,NA,NA,NA,NA,NA,NA,NA,NA,NA,Production,Prod-28,0,NA,NA,NA,NA,NA,que es soleado,verb ser?,Subjunctive,NA,NA,salir,334324,Irregular,L2L,NA,Late,No,NA,0,110,2026,0,NA,-0.5503787506752892,NA,-0.6924435597225671,-0.8846347328428457
H113,2,1,NA,3,NA,115,NA,NA,NA,NA,NA,NA,NA,NA,NA,NA,NA,Production,Prod-02,0,NA,NA,NA,NA,NA,escribir,Infinitive,Subjunctive,NA,NA,escribir,265684,Regular,L2L,NA,Late,No,NA,0,115,2026,0,NA,-0.6311919470410735,NA,-0.5009626056459499,-0.7079791707512643
H113,2,1,NA,3,NA,115,NA,NA,NA,NA,NA,NA,NA,NA,NA,NA,NA,Production,Prod-06,NA,NA,NA,NA,NA,NA,NA,No response,Subjunctive,NA,NA,hacer,2726954,Irregular,L2L,NA,Late,No,NA,0,115,2026,NA,NA,2.266580427947476,NA,-0.5009626056459499,-0.7079791707512643
H113,2,1,NA,3,NA,115,NA,NA,NA,NA,NA,NA,NA,NA,NA,NA,NA,Production,Prod-10,0,NA,NA,NA,NA,NA,abrir la puerta,Infinitive,Subjunctive,NA,NA,abrir,143932,Regular,L2L,NA,Late,No,NA,0,115,2026,0,NA,-0.7745364733220609,NA,-0.5009626056459499,-0.7079791707512643
H113,2,1,NA,3,NA,115,NA,NA,NA,NA,NA,NA,NA,NA,NA,NA,NA,Production,Prod-14,NA,NA,NA,NA,NA,NA,entren,Repeated prompt,Subjunctive,NA,NA,ir,603647,Irregular,L2L,NA,Late,No,NA,0,115,2026,NA,NA,-0.23329173895002495,NA,-0.5009626056459499,-0.7079791707512643
H113,2,1,NA,3,NA,115,NA,NA,NA,NA,NA,NA,NA,NA,NA,NA,NA,Production,Prod-18,0,NA,NA,NA,NA,NA,comen la comida,Indicative,Subjunctive,NA,NA,comer,213756,Regular,L2L,NA,Late,No,NA,0,115,2026,0,NA,-0.6923292964129041,NA,-0.5009626056459499,-0.7079791707512643
H113,2,1,NA,3,NA,115,NA,NA,NA,NA,NA,NA,NA,NA,NA,NA,NA,Production,Prod-22,0,NA,NA,NA,NA,NA,ponen la chaqueta,Indicative,Subjunctive,NA,NA,poner,514285,Irregular,L2L,NA,Late,No,NA,0,115,2026,0,NA,-0.33850194952169194,NA,-0.5009626056459499,-0.7079791707512643
H113,2,1,NA,3,NA,115,NA,NA,NA,NA,NA,NA,NA,NA,NA,NA,NA,Production,Prod-26,0,NA,NA,NA,NA,NA,ver al TV,Infinitive,Subjunctive,NA,NA,ver,1611795,Irregular,L2L,NA,Late,No,NA,0,115,2026,0,NA,0.9536497279755688,NA,-0.5009626056459499,-0.7079791707512643
H113,2,1,NA,3,NA,115,NA,NA,NA,NA,NA,NA,NA,NA,NA,NA,NA,Production,Prod-28,0,NA,NA,NA,NA,NA,es soleado,Indicative,Subjunctive,NA,NA,salir,334324,Irregular,L2L,NA,Late,No,NA,0,115,2026,0,NA,-0.5503787506752892,NA,-0.5009626056459499,-0.7079791707512643
H114,2,1,L2L 7th/8th,7,NA,153,NA,NA,NA,NA,NA,NA,NA,NA,NA,NA,NA,Production,Prod-02,NA,NA,NA,NA,NA,NA,quiere escribir,Querer + infinitive,Subjunctive,NA,NA,escribir,265684,Regular,L2L,7th/8th,Late,No,NA,0,153,2026,NA,NA,-0.6311919470410735,NA,0.9542926453363413,0.6346031011447542
H114,2,1,L2L 7th/8th,7,NA,153,NA,NA,NA,NA,NA,NA,NA,NA,NA,NA,NA,Production,Prod-06,0,NA,NA,NA,NA,NA,se hacen ejercicios,Indicative,Subjunctive,NA,NA,hacer,2726954,Irregular,L2L,7th/8th,Late,No,NA,0,153,2026,0,NA,2.266580427947476,NA,0.9542926453363413,0.6346031011447542
H114,2,1,L2L 7th/8th,7,NA,153,NA,NA,NA,NA,NA,NA,NA,NA,NA,NA,NA,Production,Prod-10,0,NA,NA,NA,NA,NA,que abre la puerta,Indicative,Subjunctive,NA,NA,abrir,143932,Regular,L2L,7th/8th,Late,No,NA,0,153,2026,0,NA,-0.7745364733220609,NA,0.9542926453363413,0.6346031011447542
H114,2,1,L2L 7th/8th,7,NA,153,NA,NA,NA,NA,NA,NA,NA,NA,NA,NA,NA,Production,Prod-14,0,NA,NA,NA,NA,NA,salen de la puerta,Indicative,Subjunctive,NA,NA,ir,603647,Irregular,L2L,7th/8th,Late,No,NA,0,153,2026,0,NA,-0.23329173895002495,NA,0.9542926453363413,0.6346031011447542
H114,2,1,L2L 7th/8th,7,NA,153,NA,NA,NA,NA,NA,NA,NA,NA,NA,NA,NA,Production,Prod-18,0,NA,NA,NA,NA,NA,comen las cosas,NA,Subjunctive,NA,NA,comer,213756,Regular,L2L,7th/8th,Late,No,NA,0,153,2026,0,NA,-0.6923292964129041,NA,0.9542926453363413,0.6346031011447542
H114,2,1,L2L 7th/8th,7,NA,153,NA,NA,NA,NA,NA,NA,NA,NA,NA,NA,NA,Production,Prod-22,0,NA,NA,NA,NA,NA,que se ponen la chaqueta,Indicative,Subjunctive,NA,NA,poner,514285,Irregular,L2L,7th/8th,Late,No,NA,0,153,2026,0,NA,-0.33850194952169194,NA,0.9542926453363413,0.6346031011447542
H114,2,1,L2L 7th/8th,7,NA,153,NA,NA,NA,NA,NA,NA,NA,NA,NA,NA,NA,Production,Prod-26,0,NA,NA,NA,NA,NA,ver la TV,Infinitive,Subjunctive,NA,NA,ver,1611795,Irregular,L2L,7th/8th,Late,No,NA,0,153,2026,0,NA,0.9536497279755688,NA,0.9542926453363413,0.6346031011447542
H114,2,1,L2L 7th/8th,7,NA,153,NA,NA,NA,NA,NA,NA,NA,NA,NA,NA,NA,Production,Prod-28,0,NA,NA,NA,NA,NA,que hay sol,Indicative,Subjunctive,NA,NA,salir,334324,Irregular,L2L,7th/8th,Late,No,NA,0,153,2026,0,NA,-0.5503787506752892,NA,0.9542926453363413,0.6346031011447542
H116,2,1,HS 7th/8th,8,NA,165,NA,NA,NA,NA,NA,NA,NA,NA,NA,NA,NA,Production,Prod-02,0,NA,NA,NA,NA,NA,escribir,Infinitive,Subjunctive,NA,NA,escribir,265684,Regular,HS,7th/8th,Late,No,NA,0,165,2026,0,NA,-0.6311919470410735,NA,1.4138469351202227,1.0585764501645496
H116,2,1,HS 7th/8th,8,NA,165,NA,NA,NA,NA,NA,NA,NA,NA,NA,NA,NA,Production,Prod-06,0,NA,NA,NA,NA,NA,hacen muchas cosas,Indicative,Subjunctive,NA,NA,hacer,2726954,Irregular,HS,7th/8th,Late,No,NA,0,165,2026,0,NA,2.266580427947476,NA,1.4138469351202227,1.0585764501645496
H116,2,1,HS 7th/8th,8,NA,165,NA,NA,NA,NA,NA,NA,NA,NA,NA,NA,NA,Production,Prod-10,0,NA,NA,NA,NA,NA,abrir la puerta,Indicative,Subjunctive,NA,NA,abrir,143932,Regular,HS,7th/8th,Late,No,NA,0,165,2026,0,NA,-0.7745364733220609,NA,1.4138469351202227,1.0585764501645496
H116,2,1,HS 7th/8th,8,NA,165,NA,NA,NA,NA,NA,NA,NA,NA,NA,NA,NA,Production,Prod-14,0,NA,NA,NA,NA,NA,salen,Indicative,Subjunctive,NA,NA,ir,603647,Irregular,HS,7th/8th,Late,No,NA,0,165,2026,0,NA,-0.23329173895002495,NA,1.4138469351202227,1.0585764501645496
H116,2,1,HS 7th/8th,8,NA,165,NA,NA,NA,NA,NA,NA,NA,NA,NA,NA,NA,Production,Prod-18,0,NA,NA,NA,NA,NA,comen el pollo,Indicative,Subjunctive,NA,NA,comer,213756,Regular,HS,7th/8th,Late,No,NA,0,165,2026,0,NA,-0.6923292964129041,NA,1.4138469351202227,1.0585764501645496
H116,2,1,HS 7th/8th,8,NA,165,NA,NA,NA,NA,NA,NA,NA,NA,NA,NA,NA,Production,Prod-22,1,NA,NA,NA,NA,NA,se pongan las chaquetas,NA,Subjunctive,NA,NA,poner,514285,Irregular,HS,7th/8th,Late,No,NA,0,165,2026,1,NA,-0.33850194952169194,NA,1.4138469351202227,1.0585764501645496
H116,2,1,HS 7th/8th,8,NA,165,NA,NA,NA,NA,NA,NA,NA,NA,NA,NA,NA,Production,Prod-26,0,NA,NA,NA,NA,NA,ver el TV,Infinitive,Subjunctive,NA,NA,ver,1611795,Irregular,HS,7th/8th,Late,No,NA,0,165,2026,0,NA,0.9536497279755688,NA,1.4138469351202227,1.0585764501645496
H116,2,1,HS 7th/8th,8,NA,165,NA,NA,NA,NA,NA,NA,NA,NA,NA,NA,NA,Production,Prod-28,1,NA,NA,NA,NA,NA,sea un sol,NA,Subjunctive,NA,NA,salir,334324,Irregular,HS,7th/8th,Late,No,NA,0,165,2026,1,NA,-0.5503787506752892,NA,1.4138469351202227,1.0585764501645496
H118,2,1,HS 4th/5th,4,NA,118,NA,NA,NA,NA,NA,NA,NA,Heritage Spanish,NA,NA,NA,Production,Prod-02,0,NA,NA,NA,NA,NA,quiere que los niñas escribir,Infinitive,Subjunctive,NA,NA,escribir,265684,Regular,HS,4th/5th,Late,No,NA,0,118,2026,0,NA,-0.6311919470410735,NA,-0.3860740331999795,-0.6019858334963155
H118,2,1,HS 4th/5th,4,NA,118,NA,NA,NA,NA,NA,NA,NA,Heritage Spanish,NA,NA,NA,Production,Prod-06,0,NA,NA,NA,NA,NA,quiere los niños van a fuerza,Indicative,Subjunctive,NA,NA,hacer,2726954,Irregular,HS,4th/5th,Late,No,NA,0,118,2026,0,NA,2.266580427947476,NA,-0.3860740331999795,-0.6019858334963155
H118,2,1,HS 4th/5th,4,NA,118,NA,NA,NA,NA,NA,NA,NA,Heritage Spanish,NA,NA,NA,Production,Prod-10,0,NA,NA,NA,NA,NA,abren,NA,Subjunctive,NA,NA,abrir,143932,Regular,HS,4th/5th,Late,No,NA,0,118,2026,0,NA,-0.7745364733220609,NA,-0.3860740331999795,-0.6019858334963155
H118,2,1,HS 4th/5th,4,NA,118,NA,NA,NA,NA,NA,NA,NA,Heritage Spanish,NA,NA,NA,Production,Prod-14,0,NA,NA,NA,NA,NA,salen,Indicative,Subjunctive,NA,NA,ir,603647,Irregular,HS,4th/5th,Late,No,NA,0,118,2026,0,NA,-0.23329173895002495,NA,-0.3860740331999795,-0.6019858334963155
H118,2,1,HS 4th/5th,4,NA,118,NA,NA,NA,NA,NA,NA,NA,Heritage Spanish,NA,NA,NA,Production,Prod-18,0,NA,NA,NA,NA,NA,quiere las niñas a comer la comida,Infinitive,Subjunctive,NA,NA,comer,213756,Regular,HS,4th/5th,Late,No,NA,0,118,2026,0,NA,-0.6923292964129041,NA,-0.3860740331999795,-0.6019858334963155
H118,2,1,HS 4th/5th,4,NA,118,NA,NA,NA,NA,NA,NA,NA,Heritage Spanish,NA,NA,NA,Production,Prod-22,0,NA,NA,NA,NA,NA,quiere los niños a poner,Infinitive,Subjunctive,NA,NA,poner,514285,Irregular,HS,4th/5th,Late,No,NA,0,118,2026,0,NA,-0.33850194952169194,NA,-0.3860740331999795,-0.6019858334963155
H118,2,1,HS 4th/5th,4,NA,118,NA,NA,NA,NA,NA,NA,NA,Heritage Spanish,NA,NA,NA,Production,Prod-26,0,NA,NA,NA,NA,NA,veo,Indicative,Subjunctive,NA,NA,ver,1611795,Irregular,HS,4th/5th,Late,No,NA,0,118,2026,0,NA,0.9536497279755688,NA,-0.3860740331999795,-0.6019858334963155
H118,2,1,HS 4th/5th,4,NA,118,NA,NA,NA,NA,NA,NA,NA,Heritage Spanish,NA,NA,NA,Production,Prod-28,NA,NA,NA,NA,NA,NA,quiere sol,Unrelated,Subjunctive,NA,NA,salir,334324,Irregular,HS,4th/5th,Late,No,NA,0,118,2026,NA,NA,-0.5503787506752892,NA,-0.3860740331999795,-0.6019858334963155
H119,2,1,HS 4th/5th,4,NA,122,NA,NA,NA,NA,NA,NA,NA,Heritage Spanish,NA,NA,NA,Production,Prod-02,0,NA,NA,NA,NA,NA,escribir,Infinitive,Subjunctive,NA,NA,escribir,265684,Regular,HS,4th/5th,Late,No,NA,0,122,2026,0,NA,-0.6311919470410735,NA,-0.2328892699386857,-0.4606613838230504
H119,2,1,HS 4th/5th,4,NA,122,NA,NA,NA,NA,NA,NA,NA,Heritage Spanish,NA,NA,NA,Production,Prod-06,0,NA,NA,NA,NA,NA,hacen ejercicio,Indicative,Subjunctive,NA,NA,hacer,2726954,Irregular,HS,4th/5th,Late,No,NA,0,122,2026,0,NA,2.266580427947476,NA,-0.2328892699386857,-0.4606613838230504
H119,2,1,HS 4th/5th,4,NA,122,NA,NA,NA,NA,NA,NA,NA,Heritage Spanish,NA,NA,NA,Production,Prod-10,0,NA,NA,NA,NA,NA,abrir la puerta,Infinitive,Subjunctive,NA,NA,abrir,143932,Regular,HS,4th/5th,Late,No,NA,0,122,2026,0,NA,-0.7745364733220609,NA,-0.2328892699386857,-0.4606613838230504
H119,2,1,HS 4th/5th,4,NA,122,NA,NA,NA,NA,NA,NA,NA,Heritage Spanish,NA,NA,NA,Production,Prod-14,0,NA,NA,NA,NA,NA,salen,Indicative,Subjunctive,NA,NA,ir,603647,Irregular,HS,4th/5th,Late,No,NA,0,122,2026,0,NA,-0.23329173895002495,NA,-0.2328892699386857,-0.4606613838230504
H119,2,1,HS 4th/5th,4,NA,122,NA,NA,NA,NA,NA,NA,NA,Heritage Spanish,NA,NA,NA,Production,Prod-18,0,NA,NA,NA,NA,NA,comen el pollo,Indicative,Subjunctive,NA,NA,comer,213756,Regular,HS,4th/5th,Late,No,NA,0,122,2026,0,NA,-0.6923292964129041,NA,-0.2328892699386857,-0.4606613838230504
H119,2,1,HS 4th/5th,4,NA,122,NA,NA,NA,NA,NA,NA,NA,Heritage Spanish,NA,NA,NA,Production,Prod-22,0,NA,NA,NA,NA,NA,poniendo el chaqueta,Gerund,Subjunctive,NA,NA,poner,514285,Irregular,HS,4th/5th,Late,No,NA,0,122,2026,0,NA,-0.33850194952169194,NA,-0.2328892699386857,-0.4606613838230504
H119,2,1,HS 4th/5th,4,NA,122,NA,NA,NA,NA,NA,NA,NA,Heritage Spanish,NA,NA,NA,Production,Prod-26,1,NA,NA,NA,NA,NA,vean la televisión,NA,Subjunctive,NA,NA,ver,1611795,Irregular,HS,4th/5th,Late,No,NA,0,122,2026,1,NA,0.9536497279755688,NA,-0.2328892699386857,-0.4606613838230504
H119,2,1,HS 4th/5th,4,NA,122,NA,NA,NA,NA,NA,NA,NA,Heritage Spanish,NA,NA,NA,Production,Prod-28,0,NA,NA,NA,NA,NA,hace sol,Indicative,Subjunctive,NA,NA,salir,334324,Irregular,HS,4th/5th,Late,No,NA,0,122,2026,0,NA,-0.5503787506752892,NA,-0.2328892699386857,-0.4606613838230504
H120,2,1,HS 4th/5th,4,NA,125,NA,NA,NA,NA,NA,NA,NA,Heritage Spanish,NA,NA,NA,Production,Prod-02,0,NA,NA,NA,NA,NA,quiere que necesitan,Indicative,Subjunctive,NA,NA,escribir,265684,Regular,HS,4th/5th,Late,No,NA,0,125,2026,0,NA,-0.6311919470410735,NA,-0.11800069749271534,-0.3546680465681015
H120,2,1,HS 4th/5th,4,NA,125,NA,NA,NA,NA,NA,NA,NA,Heritage Spanish,NA,NA,NA,Production,Prod-06,NA,NA,NA,NA,NA,NA,ejercicio,No verb,Subjunctive,NA,NA,hacer,2726954,Irregular,HS,4th/5th,Late,No,NA,0,125,2026,NA,NA,2.266580427947476,NA,-0.11800069749271534,-0.3546680465681015
H120,2,1,HS 4th/5th,4,NA,125,NA,NA,NA,NA,NA,NA,NA,Heritage Spanish,NA,NA,NA,Production,Prod-10,0,NA,NA,NA,NA,NA,abrir la puerta,Infinitive,Subjunctive,NA,NA,abrir,143932,Regular,HS,4th/5th,Late,No,NA,0,125,2026,0,NA,-0.7745364733220609,NA,-0.11800069749271534,-0.3546680465681015
H120,2,1,HS 4th/5th,4,NA,125,NA,NA,NA,NA,NA,NA,NA,Heritage Spanish,NA,NA,NA,Production,Prod-14,0,NA,NA,NA,NA,NA,no entran,Indicative,Subjunctive,NA,NA,ir,603647,Irregular,HS,4th/5th,Late,No,NA,0,125,2026,0,NA,-0.23329173895002495,NA,-0.11800069749271534,-0.3546680465681015
H120,2,1,HS 4th/5th,4,NA,125,NA,NA,NA,NA,NA,NA,NA,Heritage Spanish,NA,NA,NA,Production,Prod-18,0,NA,NA,NA,NA,NA,que comen el pollo,Indicative,Subjunctive,NA,NA,comer,213756,Regular,HS,4th/5th,Late,No,NA,0,125,2026,0,NA,-0.6923292964129041,NA,-0.11800069749271534,-0.3546680465681015
H120,2,1,HS 4th/5th,4,NA,125,NA,NA,NA,NA,NA,NA,NA,Heritage Spanish,NA,NA,NA,Production,Prod-22,0,NA,NA,NA,NA,NA,poner,Infinitive,Subjunctive,NA,NA,poner,514285,Irregular,HS,4th/5th,Late,No,NA,0,125,2026,0,NA,-0.33850194952169194,NA,-0.11800069749271534,-0.3546680465681015
H120,2,1,HS 4th/5th,4,NA,125,NA,NA,NA,NA,NA,NA,NA,Heritage Spanish,NA,NA,NA,Production,Prod-26,0,NA,NA,NA,NA,NA,sus amigos ve el TV,Indicative,Subjunctive,NA,NA,ver,1611795,Irregular,HS,4th/5th,Late,No,NA,0,125,2026,0,NA,0.9536497279755688,NA,-0.11800069749271534,-0.3546680465681015
H120,2,1,HS 4th/5th,4,NA,125,NA,NA,NA,NA,NA,NA,NA,Heritage Spanish,NA,NA,NA,Production,Prod-28,0,NA,NA,NA,NA,NA,es soleado,Indicative,Subjunctive,NA,NA,salir,334324,Irregular,HS,4th/5th,Late,No,NA,0,125,2026,0,NA,-0.5503787506752892,NA,-0.11800069749271534,-0.3546680465681015
H121,2,1,NA,3,NA,102,NA,NA,NA,NA,NA,NA,NA,Heritage Spanish,NA,NA,NA,Production,Prod-02,0,NA,NA,NA,NA,NA,escribir,Infinitive,Subjunctive,NA,NA,escribir,265684,Regular,HS,NA,Late,No,NA,0,102,2026,0,NA,-0.6311919470410735,NA,-0.9988130862451546,-1.1672836321893758
H121,2,1,NA,3,NA,102,NA,NA,NA,NA,NA,NA,NA,Heritage Spanish,NA,NA,NA,Production,Prod-06,NA,NA,NA,NA,NA,NA,work out,English,Subjunctive,NA,NA,hacer,2726954,Irregular,HS,NA,Late,No,NA,0,102,2026,NA,NA,2.266580427947476,NA,-0.9988130862451546,-1.1672836321893758
H121,2,1,NA,3,NA,102,NA,NA,NA,NA,NA,NA,NA,Heritage Spanish,NA,NA,NA,Production,Prod-10,0,NA,NA,NA,NA,NA,abrir la puerta,Infinitive,Subjunctive,NA,NA,abrir,143932,Regular,HS,NA,Late,No,NA,0,102,2026,0,NA,-0.7745364733220609,NA,-0.9988130862451546,-1.1672836321893758
H121,2,1,NA,3,NA,102,NA,NA,NA,NA,NA,NA,NA,Heritage Spanish,NA,NA,NA,Production,Prod-14,0,NA,NA,NA,NA,NA,ir afuera,Infinitive,Subjunctive,NA,NA,ir,603647,Irregular,HS,NA,Late,No,NA,0,102,2026,0,NA,-0.23329173895002495,NA,-0.9988130862451546,-1.1672836321893758
H121,2,1,NA,3,NA,102,NA,NA,NA,NA,NA,NA,NA,Heritage Spanish,NA,NA,NA,Production,Prod-18,0,NA,NA,NA,NA,NA,comer la comida,Infinitive,Subjunctive,NA,NA,comer,213756,Regular,HS,NA,Late,No,NA,0,102,2026,0,NA,-0.6923292964129041,NA,-0.9988130862451546,-1.1672836321893758
H121,2,1,NA,3,NA,102,NA,NA,NA,NA,NA,NA,NA,Heritage Spanish,NA,NA,NA,Production,Prod-22,0,NA,NA,NA,NA,NA,poner la chaqueta,Infinitive,Subjunctive,NA,NA,poner,514285,Irregular,HS,NA,Late,No,NA,0,102,2026,0,NA,-0.33850194952169194,NA,-0.9988130862451546,-1.1672836321893758
H121,2,1,NA,3,NA,102,NA,NA,NA,NA,NA,NA,NA,Heritage Spanish,NA,NA,NA,Production,Prod-26,0,NA,NA,NA,NA,NA,ver la televisión,Infinitive,Subjunctive,NA,NA,ver,1611795,Irregular,HS,NA,Late,No,NA,0,102,2026,0,NA,0.9536497279755688,NA,-0.9988130862451546,-1.1672836321893758
H121,2,1,NA,3,NA,102,NA,NA,NA,NA,NA,NA,NA,Heritage Spanish,NA,NA,NA,Production,Prod-28,0,NA,NA,NA,NA,NA,el sol va a la cielo,Indicative,Subjunctive,NA,NA,salir,334324,Irregular,HS,NA,Late,No,NA,0,102,2026,0,NA,-0.5503787506752892,NA,-0.9988130862451546,-1.1672836321893758
H122,2,1,NA,3,NA,110,NA,NA,NA,NA,NA,NA,NA,Heritage Spanish,NA,NA,NA,Production,Prod-02,1,NA,NA,NA,NA,NA,escriba,NA,Subjunctive,NA,NA,escribir,265684,Regular,HS,NA,Late,No,NA,0,110,2026,1,NA,-0.6311919470410735,NA,-0.6924435597225671,-0.8846347328428457
H122,2,1,NA,3,NA,110,NA,NA,NA,NA,NA,NA,NA,Heritage Spanish,NA,NA,NA,Production,Prod-06,0,NA,NA,NA,NA,NA,que hacen gimnasia,Indicative,Subjunctive,NA,NA,hacer,2726954,Irregular,HS,NA,Late,No,NA,0,110,2026,0,NA,2.266580427947476,NA,-0.6924435597225671,-0.8846347328428457
H122,2,1,NA,3,NA,110,NA,NA,NA,NA,NA,NA,NA,Heritage Spanish,NA,NA,NA,Production,Prod-10,0,NA,NA,NA,NA,NA,que los padres abren,Indicative,Subjunctive,NA,NA,abrir,143932,Regular,HS,NA,Late,No,NA,0,110,2026,0,NA,-0.7745364733220609,NA,-0.6924435597225671,-0.8846347328428457
H122,2,1,NA,3,NA,110,NA,NA,NA,NA,NA,NA,NA,Heritage Spanish,NA,NA,NA,Production,Prod-14,0,NA,NA,NA,NA,NA,salen,Indicative,Subjunctive,NA,NA,ir,603647,Irregular,HS,NA,Late,No,NA,0,110,2026,0,NA,-0.23329173895002495,NA,-0.6924435597225671,-0.8846347328428457
H122,2,1,NA,3,NA,110,NA,NA,NA,NA,NA,NA,NA,Heritage Spanish,NA,NA,NA,Production,Prod-18,0,NA,NA,NA,NA,NA,quiere que comen,Indicative,Subjunctive,NA,NA,comer,213756,Regular,HS,NA,Late,No,NA,0,110,2026,0,NA,-0.6923292964129041,NA,-0.6924435597225671,-0.8846347328428457
H122,2,1,NA,3,NA,110,NA,NA,NA,NA,NA,NA,NA,Heritage Spanish,NA,NA,NA,Production,Prod-22,0,NA,NA,NA,NA,NA,ponen las chaquetas,NA,Subjunctive,NA,NA,poner,514285,Irregular,HS,NA,Late,No,NA,0,110,2026,0,NA,-0.33850194952169194,NA,-0.6924435597225671,-0.8846347328428457
H122,2,1,NA,3,NA,110,NA,NA,NA,NA,NA,NA,NA,Heritage Spanish,NA,NA,NA,Production,Prod-26,0,NA,NA,NA,NA,NA,ve un película,Indicative,Subjunctive,NA,NA,ver,1611795,Irregular,HS,NA,Late,No,NA,0,110,2026,0,NA,0.9536497279755688,NA,-0.6924435597225671,-0.8846347328428457
H122,2,1,NA,3,NA,110,NA,NA,NA,NA,NA,NA,NA,Heritage Spanish,NA,NA,NA,Production,Prod-28,0,NA,NA,NA,NA,NA,está muy soleado,Indicative,Subjunctive,NA,NA,salir,334324,Irregular,HS,NA,Late,No,NA,0,110,2026,0,NA,-0.5503787506752892,NA,-0.6924435597225671,-0.8846347328428457
H123,2,1,NA,3,NA,114,NA,NA,NA,NA,NA,NA,NA,Heritage Spanish,NA,NA,NA,Production,Prod-02,0,NA,NA,NA,NA,NA,escribir,Infinitive,Subjunctive,NA,NA,escribir,265684,Regular,L2L,NA,Late,No,NA,0,114,2026,0,NA,-0.6311919470410735,NA,-0.5392587964612733,-0.7433102831695806
H123,2,1,NA,3,NA,114,NA,NA,NA,NA,NA,NA,NA,Heritage Spanish,NA,NA,NA,Production,Prod-06,0,NA,NA,NA,NA,NA,hacen ejercicio,Indicative,Subjunctive,NA,NA,hacer,2726954,Irregular,L2L,NA,Late,No,NA,0,114,2026,0,NA,2.266580427947476,NA,-0.5392587964612733,-0.7433102831695806
H123,2,1,NA,3,NA,114,NA,NA,NA,NA,NA,NA,NA,Heritage Spanish,NA,NA,NA,Production,Prod-10,0,NA,NA,NA,NA,NA,abren la puerta,Indicative,Subjunctive,NA,NA,abrir,143932,Regular,L2L,NA,Late,No,NA,0,114,2026,0,NA,-0.7745364733220609,NA,-0.5392587964612733,-0.7433102831695806
H123,2,1,NA,3,NA,114,NA,NA,NA,NA,NA,NA,NA,Heritage Spanish,NA,NA,NA,Production,Prod-14,0,NA,NA,NA,NA,NA,salen,Indicative,Subjunctive,NA,NA,ir,603647,Irregular,L2L,NA,Late,No,NA,0,114,2026,0,NA,-0.23329173895002495,NA,-0.5392587964612733,-0.7433102831695806
H123,2,1,NA,3,NA,114,NA,NA,NA,NA,NA,NA,NA,Heritage Spanish,NA,NA,NA,Production,Prod-18,1,NA,NA,NA,NA,NA,coman,NA,Subjunctive,NA,NA,comer,213756,Regular,L2L,NA,Late,No,NA,0,114,2026,1,NA,-0.6923292964129041,NA,-0.5392587964612733,-0.7433102831695806
H123,2,1,NA,3,NA,114,NA,NA,NA,NA,NA,NA,NA,Heritage Spanish,NA,NA,NA,Production,Prod-22,0,NA,NA,NA,NA,NA,ponen los chaquetas,Indicative,Subjunctive,NA,NA,poner,514285,Irregular,L2L,NA,Late,No,NA,0,114,2026,0,NA,-0.33850194952169194,NA,-0.5392587964612733,-0.7433102831695806
H123,2,1,NA,3,NA,114,NA,NA,NA,NA,NA,NA,NA,Heritage Spanish,NA,NA,NA,Production,Prod-26,0,NA,NA,NA,NA,NA,ven televisión,Indicative,Subjunctive,NA,NA,ver,1611795,Irregular,L2L,NA,Late,No,NA,0,114,2026,0,NA,0.9536497279755688,NA,-0.5392587964612733,-0.7433102831695806
H123,2,1,NA,3,NA,114,NA,NA,NA,NA,NA,NA,NA,Heritage Spanish,NA,NA,NA,Production,Prod-28,0,NA,NA,NA,NA,NA,está soleado,Indicative,Subjunctive,NA,NA,salir,334324,Irregular,L2L,NA,Late,No,NA,0,114,2026,0,NA,-0.5503787506752892,NA,-0.5392587964612733,-0.7433102831695806
H124,2,1,HS 2nd,2,NA,95,NA,NA,NA,NA,NA,NA,NA,Heritage Spanish,NA,NA,NA,Production,Prod-02,0,NA,NA,NA,NA,NA,escribir,Infinitive,Subjunctive,NA,NA,escribir,265684,Regular,HS,2nd,Late,No,NA,0,95,2026,0,NA,-0.6311919470410735,NA,-1.2668864219524187,-1.41460141911759
H124,2,1,HS 2nd,2,NA,95,NA,NA,NA,NA,NA,NA,NA,Heritage Spanish,NA,NA,NA,Production,Prod-06,0,NA,NA,NA,NA,NA,hacer actividades,Infinitive,Subjunctive,NA,NA,hacer,2726954,Irregular,HS,2nd,Late,No,NA,0,95,2026,0,NA,2.266580427947476,NA,-1.2668864219524187,-1.41460141911759
H124,2,1,HS 2nd,2,NA,95,NA,NA,NA,NA,NA,NA,NA,Heritage Spanish,NA,NA,NA,Production,Prod-10,0,NA,NA,NA,NA,NA,que abrir la puerta,Infinitive,Subjunctive,NA,NA,abrir,143932,Regular,HS,2nd,Late,No,NA,0,95,2026,0,NA,-0.7745364733220609,NA,-1.2668864219524187,-1.41460141911759
H124,2,1,HS 2nd,2,NA,95,NA,NA,NA,NA,NA,NA,NA,Heritage Spanish,NA,NA,NA,Production,Prod-14,0,NA,NA,NA,NA,NA,quiere sus amigos va,Indicative,Subjunctive,NA,NA,ir,603647,Irregular,HS,2nd,Late,No,NA,0,95,2026,0,NA,-0.23329173895002495,NA,-1.2668864219524187,-1.41460141911759
H124,2,1,HS 2nd,2,NA,95,NA,NA,NA,NA,NA,NA,NA,Heritage Spanish,NA,NA,NA,Production,Prod-18,0,NA,NA,NA,NA,NA,va a comer la comida,Indicative,Subjunctive,NA,NA,comer,213756,Regular,HS,2nd,Late,No,NA,0,95,2026,0,NA,-0.6923292964129041,NA,-1.2668864219524187,-1.41460141911759
H124,2,1,HS 2nd,2,NA,95,NA,NA,NA,NA,NA,NA,NA,Heritage Spanish,NA,NA,NA,Production,Prod-22,0,NA,NA,NA,NA,NA,quiere poner,Indicative,Subjunctive,NA,NA,poner,514285,Irregular,HS,2nd,Late,No,NA,0,95,2026,0,NA,-0.33850194952169194,NA,-1.2668864219524187,-1.41460141911759
H124,2,1,HS 2nd,2,NA,95,NA,NA,NA,NA,NA,NA,NA,Heritage Spanish,NA,NA,NA,Production,Prod-26,0,NA,NA,NA,NA,NA,ven televisión,Indicative,Subjunctive,NA,NA,ver,1611795,Irregular,HS,2nd,Late,No,NA,0,95,2026,0,NA,0.9536497279755688,NA,-1.2668864219524187,-1.41460141911759
H124,2,1,HS 2nd,2,NA,95,NA,NA,NA,NA,NA,NA,NA,Heritage Spanish,NA,NA,NA,Production,Prod-28,0,NA,NA,NA,NA,NA,hacer bonito,Infinitive,Subjunctive,NA,NA,salir,334324,Irregular,HS,2nd,Late,No,NA,0,95,2026,0,NA,-0.5503787506752892,NA,-1.2668864219524187,-1.41460141911759
H125,2,1,L2L 4th/5th,4,NA,121,NA,NA,NA,NA,NA,NA,NA,L2,NA,NA,NA,Production,Prod-02,0,NA,NA,NA,NA,NA,escribir,Infinitive,Subjunctive,NA,NA,escribir,265684,Regular,L2L,4th/5th,Late,No,NA,0,121,2026,0,NA,-0.6311919470410735,NA,-0.2711854607540091,-0.49599249624136665
H125,2,1,L2L 4th/5th,4,NA,121,NA,NA,NA,NA,NA,NA,NA,L2,NA,NA,NA,Production,Prod-06,0,NA,NA,NA,NA,NA,quiere haz ejercicio,Imperative,Subjunctive,NA,NA,hacer,2726954,Irregular,L2L,4th/5th,Late,No,NA,0,121,2026,0,NA,2.266580427947476,NA,-0.2711854607540091,-0.49599249624136665
H125,2,1,L2L 4th/5th,4,NA,121,NA,NA,NA,NA,NA,NA,NA,L2,NA,NA,NA,Production,Prod-10,0,NA,NA,NA,NA,NA,tiene el puerta abierta,Indicative,Subjunctive,NA,NA,abrir,143932,Regular,L2L,4th/5th,Late,No,NA,0,121,2026,0,NA,-0.7745364733220609,NA,-0.2711854607540091,-0.49599249624136665
H125,2,1,L2L 4th/5th,4,NA,121,NA,NA,NA,NA,NA,NA,NA,L2,NA,NA,NA,Production,Prod-14,0,NA,NA,NA,NA,NA,los niños está el afuera,Indicative,Subjunctive,NA,NA,ir,603647,Irregular,L2L,4th/5th,Late,No,NA,0,121,2026,0,NA,-0.23329173895002495,NA,-0.2711854607540091,-0.49599249624136665
H125,2,1,L2L 4th/5th,4,NA,121,NA,NA,NA,NA,NA,NA,NA,L2,NA,NA,NA,Production,Prod-18,0,NA,NA,NA,NA,NA,cocinar el pollo,Infinitive,Subjunctive,NA,NA,comer,213756,Regular,L2L,4th/5th,Late,No,NA,0,121,2026,0,NA,-0.6923292964129041,NA,-0.2711854607540091,-0.49599249624136665
H125,2,1,L2L 4th/5th,4,NA,121,NA,NA,NA,NA,NA,NA,NA,L2,NA,NA,NA,Production,Prod-22,0,NA,NA,NA,NA,NA,no tiene el chaqueta,Indicative,Subjunctive,NA,NA,poner,514285,Irregular,L2L,4th/5th,Late,No,NA,0,121,2026,0,NA,-0.33850194952169194,NA,-0.2711854607540091,-0.49599249624136665
H125,2,1,L2L 4th/5th,4,NA,121,NA,NA,NA,NA,NA,NA,NA,L2,NA,NA,NA,Production,Prod-26,0,NA,NA,NA,NA,NA,ver televisión,Infinitive,Subjunctive,NA,NA,ver,1611795,Irregular,L2L,4th/5th,Late,No,NA,0,121,2026,0,NA,0.9536497279755688,NA,-0.2711854607540091,-0.49599249624136665
H125,2,1,L2L 4th/5th,4,NA,121,NA,NA,NA,NA,NA,NA,NA,L2,NA,NA,NA,Production,Prod-28,0,NA,NA,NA,NA,NA,es soleado,Indicative,Subjunctive,NA,NA,salir,334324,Irregular,L2L,4th/5th,Late,No,NA,0,121,2026,0,NA,-0.5503787506752892,NA,-0.2711854607540091,-0.49599249624136665
C01,C,C,Chile,NA,5,67,NA,NA,NA,NA,NA,Spanish,NA,Spanish,NA,NA,NA,Production,Prod-02,1,NA,NA,NA,NA,NA,lea la primera página,NA,Subjunctive,NA,NA,escribir,265684,Regular,ML,NA,Late,No,NA,0,67,2026,1,NA,-0.6311919470410735,NA,-2.3391797647814756,-2.4038725668304455
C01,C,C,Chile,NA,5,67,NA,NA,NA,NA,NA,Spanish,NA,Spanish,NA,NA,NA,Production,Prod-06,1,NA,NA,NA,NA,NA,que ellos jueguen,NA,Subjunctive,NA,NA,hacer,2726954,Irregular,ML,NA,Late,No,NA,0,67,2026,1,NA,2.266580427947476,NA,-2.3391797647814756,-2.4038725668304455
C01,C,C,Chile,NA,5,67,NA,NA,NA,NA,NA,Spanish,NA,Spanish,NA,NA,NA,Production,Prod-10,1,NA,NA,NA,NA,NA,abran la puerta,NA,Subjunctive,NA,NA,abrir,143932,Regular,ML,NA,Late,No,NA,0,67,2026,1,NA,-0.7745364733220609,NA,-2.3391797647814756,-2.4038725668304455
C01,C,C,Chile,NA,5,67,NA,NA,NA,NA,NA,Spanish,NA,Spanish,NA,NA,NA,Production,Prod-14,1,NA,NA,NA,NA,NA,se vaya,NA,Subjunctive,NA,NA,ir,603647,Irregular,ML,NA,Late,No,NA,0,67,2026,1,NA,-0.23329173895002495,NA,-2.3391797647814756,-2.4038725668304455
C01,C,C,Chile,NA,5,67,NA,NA,NA,NA,NA,Spanish,NA,Spanish,NA,NA,NA,Production,Prod-18,1,NA,NA,NA,NA,NA,beban sopa,NA,Subjunctive,NA,NA,comer,213756,Regular,ML,NA,Late,No,NA,0,67,2026,1,NA,-0.6923292964129041,NA,-2.3391797647814756,-2.4038725668304455
C01,C,C,Chile,NA,5,67,NA,NA,NA,NA,NA,Spanish,NA,Spanish,NA,NA,NA,Production,Prod-22,1,NA,NA,NA,NA,NA,se pongan la chaqueta,NA,Subjunctive,NA,NA,poner,514285,Irregular,ML,NA,Late,No,NA,0,67,2026,1,NA,-0.33850194952169194,NA,-2.3391797647814756,-2.4038725668304455
C01,C,C,Chile,NA,5,67,NA,NA,NA,NA,NA,Spanish,NA,Spanish,NA,NA,NA,Production,Prod-26,1,NA,NA,NA,NA,NA,vean la tele,NA,Subjunctive,NA,NA,ver,1611795,Irregular,ML,NA,Late,No,NA,0,67,2026,1,NA,0.9536497279755688,NA,-2.3391797647814756,-2.4038725668304455
C01,C,C,Chile,NA,5,67,NA,NA,NA,NA,NA,Spanish,NA,Spanish,NA,NA,NA,Production,Prod-28,1,NA,NA,NA,NA,NA,haga sol,NA,Subjunctive,NA,NA,salir,334324,Irregular,ML,NA,Late,No,NA,0,67,2026,1,NA,-0.5503787506752892,NA,-2.3391797647814756,-2.4038725668304455
C02,C,C,Chile,5,10,131,NA,NA,NA,NA,NA,Spanish,NA,Spanish,NA,NA,NA,Production,Prod-02,1,NA,NA,NA,NA,NA,escriban,NA,Subjunctive,NA,NA,escribir,265684,Regular,ML,4th/5th,Late,No,NA,0,131,2026,1,NA,-0.6311919470410735,NA,0.11177644739922535,-0.1426813720582039
C02,C,C,Chile,5,10,131,NA,NA,NA,NA,NA,Spanish,NA,Spanish,NA,NA,NA,Production,Prod-06,1,NA,NA,NA,NA,NA,hagan ejercicio,NA,Subjunctive,NA,NA,hacer,2726954,Irregular,ML,4th/5th,Late,No,NA,0,131,2026,1,NA,2.266580427947476,NA,0.11177644739922535,-0.1426813720582039
C02,C,C,Chile,5,10,131,NA,NA,NA,NA,NA,Spanish,NA,Spanish,NA,NA,NA,Production,Prod-10,1,NA,NA,NA,NA,NA,que abran la puerta,NA,Subjunctive,NA,NA,abrir,143932,Regular,ML,4th/5th,Late,No,NA,0,131,2026,1,NA,-0.7745364733220609,NA,0.11177644739922535,-0.1426813720582039
C02,C,C,Chile,5,10,131,NA,NA,NA,NA,NA,Spanish,NA,Spanish,NA,NA,NA,Production,Prod-14,1,NA,NA,NA,NA,NA,salgan,NA,Subjunctive,NA,NA,ir,603647,Irregular,ML,4th/5th,Late,No,NA,0,131,2026,1,NA,-0.23329173895002495,NA,0.11177644739922535,-0.1426813720582039
C02,C,C,Chile,5,10,131,NA,NA,NA,NA,NA,Spanish,NA,Spanish,NA,NA,NA,Production,Prod-18,1,NA,NA,NA,NA,NA,coman comida,NA,Subjunctive,NA,NA,comer,213756,Regular,ML,4th/5th,Late,No,NA,0,131,2026,1,NA,-0.6923292964129041,NA,0.11177644739922535,-0.1426813720582039
C02,C,C,Chile,5,10,131,NA,NA,NA,NA,NA,Spanish,NA,Spanish,NA,NA,NA,Production,Prod-22,1,NA,NA,NA,NA,NA,se pongan las chaquetas,NA,Subjunctive,NA,NA,poner,514285,Irregular,ML,4th/5th,Late,No,NA,0,131,2026,1,NA,-0.33850194952169194,NA,0.11177644739922535,-0.1426813720582039
C02,C,C,Chile,5,10,131,NA,NA,NA,NA,NA,Spanish,NA,Spanish,NA,NA,NA,Production,Prod-26,1,NA,NA,NA,NA,NA,vean la tele,NA,Subjunctive,NA,NA,ver,1611795,Irregular,ML,4th/5th,Late,No,NA,0,131,2026,1,NA,0.9536497279755688,NA,0.11177644739922535,-0.1426813720582039
C02,C,C,Chile,5,10,131,NA,NA,NA,NA,NA,Spanish,NA,Spanish,NA,NA,NA,Production,Prod-28,1,NA,NA,NA,NA,NA,salga sol,NA,Subjunctive,NA,NA,salir,334324,Irregular,ML,4th/5th,Late,No,NA,0,131,2026,1,NA,-0.5503787506752892,NA,0.11177644739922535,-0.1426813720582039
C03,C,C,Chile,3,8,101,NA,NA,NA,NA,NA,Spanish,NA,Spanish,NA,NA,NA,Production,Prod-02,1,NA,NA,NA,NA,NA,que estudien,NA,Subjunctive,NA,NA,escribir,265684,Regular,ML,NA,Late,No,NA,0,101,2026,1,NA,-0.6311919470410735,NA,-1.0371092770604782,-1.2026147446076922
C03,C,C,Chile,3,8,101,NA,NA,NA,NA,NA,Spanish,NA,Spanish,NA,NA,NA,Production,Prod-06,1,NA,NA,NA,NA,NA,que sus hijos hagan ejercicio,NA,Subjunctive,NA,NA,hacer,2726954,Irregular,ML,NA,Late,No,NA,0,101,2026,1,NA,2.266580427947476,NA,-1.0371092770604782,-1.2026147446076922
C03,C,C,Chile,3,8,101,NA,NA,NA,NA,NA,Spanish,NA,Spanish,NA,NA,NA,Production,Prod-10,1,NA,NA,NA,NA,NA,que abran la puerta,NA,Subjunctive,NA,NA,abrir,143932,Regular,ML,NA,Late,No,NA,0,101,2026,1,NA,-0.7745364733220609,NA,-1.0371092770604782,-1.2026147446076922
C03,C,C,Chile,3,8,101,NA,NA,NA,NA,NA,Spanish,NA,Spanish,NA,NA,NA,Production,Prod-14,1,NA,NA,NA,NA,NA,salgan,NA,Subjunctive,NA,NA,ir,603647,Irregular,ML,NA,Late,No,NA,0,101,2026,1,NA,-0.23329173895002495,NA,-1.0371092770604782,-1.2026147446076922
C03,C,C,Chile,3,8,101,NA,NA,NA,NA,NA,Spanish,NA,Spanish,NA,NA,NA,Production,Prod-18,1,NA,NA,NA,NA,NA,tomen la sopa,NA,Subjunctive,NA,NA,comer,213756,Regular,ML,NA,Late,No,NA,0,101,2026,1,NA,-0.6923292964129041,NA,-1.0371092770604782,-1.2026147446076922
C03,C,C,Chile,3,8,101,NA,NA,NA,NA,NA,Spanish,NA,Spanish,NA,NA,NA,Production,Prod-22,1,NA,NA,NA,NA,NA,que pongan la chaqueta,NA,Subjunctive,NA,NA,poner,514285,Irregular,ML,NA,Late,No,NA,0,101,2026,1,NA,-0.33850194952169194,NA,-1.0371092770604782,-1.2026147446076922
C03,C,C,Chile,3,8,101,NA,NA,NA,NA,NA,Spanish,NA,Spanish,NA,NA,NA,Production,Prod-26,1,NA,NA,NA,NA,NA,vean la tele,NA,Subjunctive,NA,NA,ver,1611795,Irregular,ML,NA,Late,No,NA,0,101,2026,1,NA,0.9536497279755688,NA,-1.0371092770604782,-1.2026147446076922
C03,C,C,Chile,3,8,101,NA,NA,NA,NA,NA,Spanish,NA,Spanish,NA,NA,NA,Production,Prod-28,1,NA,NA,NA,NA,NA,haya sol,NA,Subjunctive,NA,NA,salir,334324,Irregular,ML,NA,Late,No,NA,0,101,2026,1,NA,-0.5503787506752892,NA,-1.0371092770604782,-1.2026147446076922
C04,C,C,Chile,1,6,83,NA,NA,NA,NA,NA,Spanish,NA,Spanish,NA,NA,NA,Production,Prod-02,1,NA,NA,NA,NA,NA,se la haga,NA,Subjunctive,NA,NA,escribir,265684,Regular,ML,2nd,Late,No,NA,0,83,2026,1,NA,-0.6311919470410735,NA,-1.7264407117363003,-1.8385747681373852
C04,C,C,Chile,1,6,83,NA,NA,NA,NA,NA,Spanish,NA,Spanish,NA,NA,NA,Production,Prod-06,1,NA,NA,NA,NA,NA,entrenen,NA,Subjunctive,NA,NA,hacer,2726954,Irregular,ML,2nd,Late,No,NA,0,83,2026,1,NA,2.266580427947476,NA,-1.7264407117363003,-1.8385747681373852
C04,C,C,Chile,1,6,83,NA,NA,NA,NA,NA,Spanish,NA,Spanish,NA,NA,NA,Production,Prod-10,1,NA,NA,NA,NA,NA,la abran,NA,Subjunctive,NA,NA,abrir,143932,Regular,ML,2nd,Late,No,NA,0,83,2026,1,NA,-0.7745364733220609,NA,-1.7264407117363003,-1.8385747681373852
C04,C,C,Chile,1,6,83,NA,NA,NA,NA,NA,Spanish,NA,Spanish,NA,NA,NA,Production,Prod-14,1,NA,NA,NA,NA,NA,salgan,NA,Subjunctive,NA,NA,ir,603647,Irregular,ML,2nd,Late,No,NA,0,83,2026,1,NA,-0.23329173895002495,NA,-1.7264407117363003,-1.8385747681373852
C04,C,C,Chile,1,6,83,NA,NA,NA,NA,NA,Spanish,NA,Spanish,NA,NA,NA,Production,Prod-18,1,NA,NA,NA,NA,NA,tomen la sopa,NA,Subjunctive,NA,NA,comer,213756,Regular,ML,2nd,Late,No,NA,0,83,2026,1,NA,-0.6923292964129041,NA,-1.7264407117363003,-1.8385747681373852
C04,C,C,Chile,1,6,83,NA,NA,NA,NA,NA,Spanish,NA,Spanish,NA,NA,NA,Production,Prod-22,1,NA,NA,NA,NA,NA,se las coloque,NA,Subjunctive,NA,NA,poner,514285,Irregular,ML,2nd,Late,No,NA,0,83,2026,1,NA,-0.33850194952169194,NA,-1.7264407117363003,-1.8385747681373852
C04,C,C,Chile,1,6,83,NA,NA,NA,NA,NA,Spanish,NA,Spanish,NA,NA,NA,Production,Prod-26,1,NA,NA,NA,NA,NA,vean su arte,NA,Subjunctive,NA,NA,ver,1611795,Irregular,ML,2nd,Late,No,NA,0,83,2026,1,NA,0.9536497279755688,NA,-1.7264407117363003,-1.8385747681373852
C04,C,C,Chile,1,6,83,NA,NA,NA,NA,NA,Spanish,NA,Spanish,NA,NA,NA,Production,Prod-28,1,NA,NA,NA,NA,NA,salga el sol,NA,Subjunctive,NA,NA,salir,334324,Irregular,ML,2nd,Late,No,NA,0,83,2026,1,NA,-0.5503787506752892,NA,-1.7264407117363003,-1.8385747681373852
C05,C,C,Chile,4,10,120,NA,NA,NA,NA,NA,Spanish,NA,Spanish,NA,NA,NA,Production,Prod-02,1,NA,NA,NA,NA,NA,copien,NA,Subjunctive,NA,NA,escribir,265684,Regular,ML,4th/5th,Late,No,NA,0,120,2026,1,NA,-0.6311919470410735,NA,-0.3094816515693326,-0.531323608659683
C05,C,C,Chile,4,10,120,NA,NA,NA,NA,NA,Spanish,NA,Spanish,NA,NA,NA,Production,Prod-06,1,NA,NA,NA,NA,NA,hagan deporte,NA,Subjunctive,NA,NA,hacer,2726954,Irregular,ML,4th/5th,Late,No,NA,0,120,2026,1,NA,2.266580427947476,NA,-0.3094816515693326,-0.531323608659683
C05,C,C,Chile,4,10,120,NA,NA,NA,NA,NA,Spanish,NA,Spanish,NA,NA,NA,Production,Prod-10,1,NA,NA,NA,NA,NA,abran la puerta,NA,Subjunctive,NA,NA,abrir,143932,Regular,ML,4th/5th,Late,No,NA,0,120,2026,1,NA,-0.7745364733220609,NA,-0.3094816515693326,-0.531323608659683
C05,C,C,Chile,4,10,120,NA,NA,NA,NA,NA,Spanish,NA,Spanish,NA,NA,NA,Production,Prod-14,1,NA,NA,NA,NA,NA,salgan,NA,Subjunctive,NA,NA,ir,603647,Irregular,ML,4th/5th,Late,No,NA,0,120,2026,1,NA,-0.23329173895002495,NA,-0.3094816515693326,-0.531323608659683
C05,C,C,Chile,4,10,120,NA,NA,NA,NA,NA,Spanish,NA,Spanish,NA,NA,NA,Production,Prod-18,1,NA,NA,NA,NA,NA,coman,NA,Subjunctive,NA,NA,comer,213756,Regular,ML,4th/5th,Late,No,NA,0,120,2026,1,NA,-0.6923292964129041,NA,-0.3094816515693326,-0.531323608659683
C05,C,C,Chile,4,10,120,NA,NA,NA,NA,NA,Spanish,NA,Spanish,NA,NA,NA,Production,Prod-22,1,NA,NA,NA,NA,NA,se las saquen,NA,Subjunctive,NA,NA,poner,514285,Irregular,ML,4th/5th,Late,No,NA,0,120,2026,1,NA,-0.33850194952169194,NA,-0.3094816515693326,-0.531323608659683
C05,C,C,Chile,4,10,120,NA,NA,NA,NA,NA,Spanish,NA,Spanish,NA,NA,NA,Production,Prod-26,1,NA,NA,NA,NA,NA,vean la tele,NA,Subjunctive,NA,NA,ver,1611795,Irregular,ML,4th/5th,Late,No,NA,0,120,2026,1,NA,0.9536497279755688,NA,-0.3094816515693326,-0.531323608659683
C05,C,C,Chile,4,10,120,NA,NA,NA,NA,NA,Spanish,NA,Spanish,NA,NA,NA,Production,Prod-28,1,NA,NA,NA,NA,NA,salga el sol,NA,Subjunctive,NA,NA,salir,334324,Irregular,ML,4th/5th,Late,No,NA,0,120,2026,1,NA,-0.5503787506752892,NA,-0.3094816515693326,-0.531323608659683
C06,C,C,Chile,NA,5,68,NA,NA,NA,NA,NA,Spanish,NA,Spanish,NA,NA,NA,Production,Prod-02,1,NA,NA,NA,NA,NA,lea,NA,Subjunctive,NA,NA,escribir,265684,Regular,ML,NA,Late,No,NA,0,68,2026,1,NA,-0.6311919470410735,NA,-2.300883573966152,-2.3685414544121293
C06,C,C,Chile,NA,5,68,NA,NA,NA,NA,NA,Spanish,NA,Spanish,NA,NA,NA,Production,Prod-06,1,NA,NA,NA,NA,NA,hagan así,NA,Subjunctive,NA,NA,hacer,2726954,Irregular,ML,NA,Late,No,NA,0,68,2026,1,NA,2.266580427947476,NA,-2.300883573966152,-2.3685414544121293
C06,C,C,Chile,NA,5,68,NA,NA,NA,NA,NA,Spanish,NA,Spanish,NA,NA,NA,Production,Prod-10,1,NA,NA,NA,NA,NA,se abra la puerta,NA,Subjunctive,NA,NA,abrir,143932,Regular,ML,NA,Late,No,NA,0,68,2026,1,NA,-0.7745364733220609,NA,-2.300883573966152,-2.3685414544121293
C06,C,C,Chile,NA,5,68,NA,NA,NA,NA,NA,Spanish,NA,Spanish,NA,NA,NA,Production,Prod-14,0,NA,NA,NA,NA,NA,se hace fuera,Indicative,Subjunctive,NA,NA,ir,603647,Irregular,ML,NA,Late,No,NA,0,68,2026,0,NA,-0.23329173895002495,NA,-2.300883573966152,-2.3685414544121293
C06,C,C,Chile,NA,5,68,NA,NA,NA,NA,NA,Spanish,NA,Spanish,NA,NA,NA,Production,Prod-18,1,NA,NA,NA,NA,NA,haga sopita,NA,Subjunctive,NA,NA,comer,213756,Regular,ML,NA,Late,No,NA,0,68,2026,1,NA,-0.6923292964129041,NA,-2.300883573966152,-2.3685414544121293
C06,C,C,Chile,NA,5,68,NA,NA,NA,NA,NA,Spanish,NA,Spanish,NA,NA,NA,Production,Prod-22,0,NA,NA,NA,NA,NA,se quitan la chaqueta,Indicative,Subjunctive,NA,NA,poner,514285,Irregular,ML,NA,Late,No,NA,0,68,2026,0,NA,-0.33850194952169194,NA,-2.300883573966152,-2.3685414544121293
C06,C,C,Chile,NA,5,68,NA,NA,NA,NA,NA,Spanish,NA,Spanish,NA,NA,NA,Production,Prod-26,1,NA,NA,NA,NA,NA,haga un sol,NA,Subjunctive,NA,NA,ver,1611795,Irregular,ML,NA,Late,No,NA,0,68,2026,1,NA,0.9536497279755688,NA,-2.300883573966152,-2.3685414544121293
C06,C,C,Chile,NA,5,68,NA,NA,NA,NA,NA,Spanish,NA,Spanish,NA,NA,NA,Production,Prod-28,1,NA,NA,NA,NA,NA,que sea bonito,NA,Subjunctive,NA,NA,salir,334324,Irregular,ML,NA,Late,No,NA,0,68,2026,1,NA,-0.5503787506752892,NA,-2.300883573966152,-2.3685414544121293
C07,C,C,Chile,NA,6,75,NA,NA,NA,NA,NA,Spanish,NA,Spanish,NA,NA,NA,Production,Prod-02,1,NA,NA,NA,NA,NA,lean,NA,Subjunctive,NA,NA,escribir,265684,Regular,ML,NA,Late,No,NA,0,75,2026,1,NA,-0.6311919470410735,NA,-2.0328102382588877,-2.1212236674839153
C07,C,C,Chile,NA,6,75,NA,NA,NA,NA,NA,Spanish,NA,Spanish,NA,NA,NA,Production,Prod-06,0,NA,NA,NA,NA,NA,saltar,Infinitive,Subjunctive,NA,NA,hacer,2726954,Irregular,ML,NA,Late,No,NA,0,75,2026,0,NA,2.266580427947476,NA,-2.0328102382588877,-2.1212236674839153
C07,C,C,Chile,NA,6,75,NA,NA,NA,NA,NA,Spanish,NA,Spanish,NA,NA,NA,Production,Prod-10,0,NA,NA,NA,NA,NA,cerrar la puerta,Infinitive,Subjunctive,NA,NA,abrir,143932,Regular,ML,NA,Late,No,NA,0,75,2026,0,NA,-0.7745364733220609,NA,-2.0328102382588877,-2.1212236674839153
C07,C,C,Chile,NA,6,75,NA,NA,NA,NA,NA,Spanish,NA,Spanish,NA,NA,NA,Production,Prod-14,0,NA,NA,NA,NA,NA,abrir la puerta,Infinitive,Subjunctive,NA,NA,ir,603647,Irregular,ML,NA,Late,No,NA,0,75,2026,0,NA,-0.23329173895002495,NA,-2.0328102382588877,-2.1212236674839153
C07,C,C,Chile,NA,6,75,NA,NA,NA,NA,NA,Spanish,NA,Spanish,NA,NA,NA,Production,Prod-18,NA,NA,NA,NA,NA,NA,un jugo,Grammatical alternative,Subjunctive,NA,NA,comer,213756,Regular,ML,NA,Late,No,NA,0,75,2026,NA,NA,-0.6923292964129041,NA,-2.0328102382588877,-2.1212236674839153
C07,C,C,Chile,NA,6,75,NA,NA,NA,NA,NA,Spanish,NA,Spanish,NA,NA,NA,Production,Prod-22,NA,NA,NA,NA,NA,NA,quiere sacar,Grammatical alternative,Subjunctive,NA,NA,poner,514285,Irregular,ML,NA,Late,No,NA,0,75,2026,NA,NA,-0.33850194952169194,NA,-2.0328102382588877,-2.1212236674839153
C07,C,C,Chile,NA,6,75,NA,NA,NA,NA,NA,Spanish,NA,Spanish,NA,NA,NA,Production,Prod-26,NA,NA,NA,NA,NA,NA,ver monos,Infinitive,Subjunctive,NA,NA,ver,1611795,Irregular,ML,NA,Late,No,NA,0,75,2026,NA,NA,0.9536497279755688,NA,-2.0328102382588877,-2.1212236674839153
C07,C,C,Chile,NA,6,75,NA,NA,NA,NA,NA,Spanish,NA,Spanish,NA,NA,NA,Production,Prod-28,NA,NA,NA,NA,NA,NA,el sol de día,Grammatical alternative,Subjunctive,NA,NA,salir,334324,Irregular,ML,NA,Late,No,NA,0,75,2026,NA,NA,-0.5503787506752892,NA,-2.0328102382588877,-2.1212236674839153
C08,C,C,Chile,2,7,95,NA,NA,NA,NA,NA,Spanish,NA,Spanish,NA,NA,NA,Production,Prod-02,1,NA,NA,NA,NA,NA,escriban,NA,Subjunctive,NA,NA,escribir,265684,Regular,ML,2nd,Late,No,NA,0,95,2026,1,NA,-0.6311919470410735,NA,-1.2668864219524187,-1.41460141911759
C08,C,C,Chile,2,7,95,NA,NA,NA,NA,NA,Spanish,NA,Spanish,NA,NA,NA,Production,Prod-06,1,NA,NA,NA,NA,NA,jueguen,NA,Subjunctive,NA,NA,hacer,2726954,Irregular,ML,2nd,Late,No,NA,0,95,2026,1,NA,2.266580427947476,NA,-1.2668864219524187,-1.41460141911759
C08,C,C,Chile,2,7,95,NA,NA,NA,NA,NA,Spanish,NA,Spanish,NA,NA,NA,Production,Prod-10,1,NA,NA,NA,NA,NA,que abra la puerta,NA,Subjunctive,NA,NA,abrir,143932,Regular,ML,2nd,Late,No,NA,0,95,2026,1,NA,-0.7745364733220609,NA,-1.2668864219524187,-1.41460141911759
C08,C,C,Chile,2,7,95,NA,NA,NA,NA,NA,Spanish,NA,Spanish,NA,NA,NA,Production,Prod-14,1,NA,NA,NA,NA,NA,salgan,NA,Subjunctive,NA,NA,ir,603647,Irregular,ML,2nd,Late,No,NA,0,95,2026,1,NA,-0.23329173895002495,NA,-1.2668864219524187,-1.41460141911759
C08,C,C,Chile,2,7,95,NA,NA,NA,NA,NA,Spanish,NA,Spanish,NA,NA,NA,Production,Prod-18,1,NA,NA,NA,NA,NA,coman pollo,NA,Subjunctive,NA,NA,comer,213756,Regular,ML,2nd,Late,No,NA,0,95,2026,1,NA,-0.6923292964129041,NA,-1.2668864219524187,-1.41460141911759
C08,C,C,Chile,2,7,95,NA,NA,NA,NA,NA,Spanish,NA,Spanish,NA,NA,NA,Production,Prod-22,1,NA,NA,NA,NA,NA,pongan la chaqueta,NA,Subjunctive,NA,NA,poner,514285,Irregular,ML,2nd,Late,No,NA,0,95,2026,1,NA,-0.33850194952169194,NA,-1.2668864219524187,-1.41460141911759
C08,C,C,Chile,2,7,95,NA,NA,NA,NA,NA,Spanish,NA,Spanish,NA,NA,NA,Production,Prod-26,1,NA,NA,NA,NA,NA,lo miren,NA,Subjunctive,NA,NA,ver,1611795,Irregular,ML,2nd,Late,No,NA,0,95,2026,1,NA,0.9536497279755688,NA,-1.2668864219524187,-1.41460141911759
C08,C,C,Chile,2,7,95,NA,NA,NA,NA,NA,Spanish,NA,Spanish,NA,NA,NA,Production,Prod-28,1,NA,NA,NA,NA,NA,esté soleado,NA,Subjunctive,NA,NA,salir,334324,Irregular,ML,2nd,Late,No,NA,0,95,2026,1,NA,-0.5503787506752892,NA,-1.2668864219524187,-1.41460141911759
C09,C,C,Chile,1,7,88,NA,NA,NA,NA,NA,Spanish,NA,Spanish,NA,NA,NA,Production,Prod-02,1,NA,NA,NA,NA,NA,que dibujen,NA,Subjunctive,NA,NA,escribir,265684,Regular,ML,2nd,Late,No,NA,0,88,2026,1,NA,-0.6311919470410735,NA,-1.534959757659683,-1.661919206045804
C09,C,C,Chile,1,7,88,NA,NA,NA,NA,NA,Spanish,NA,Spanish,NA,NA,NA,Production,Prod-06,1,NA,NA,NA,NA,NA,que entrenen,NA,Subjunctive,NA,NA,hacer,2726954,Irregular,ML,2nd,Late,No,NA,0,88,2026,1,NA,2.266580427947476,NA,-1.534959757659683,-1.661919206045804
C09,C,C,Chile,1,7,88,NA,NA,NA,NA,NA,Spanish,NA,Spanish,NA,NA,NA,Production,Prod-10,1,NA,NA,NA,NA,NA,que la abran,NA,Subjunctive,NA,NA,abrir,143932,Regular,ML,2nd,Late,No,NA,0,88,2026,1,NA,-0.7745364733220609,NA,-1.534959757659683,-1.661919206045804
C09,C,C,Chile,1,7,88,NA,NA,NA,NA,NA,Spanish,NA,Spanish,NA,NA,NA,Production,Prod-14,1,NA,NA,NA,NA,NA,que salgan,NA,Subjunctive,NA,NA,ir,603647,Irregular,ML,2nd,Late,No,NA,0,88,2026,1,NA,-0.23329173895002495,NA,-1.534959757659683,-1.661919206045804
C09,C,C,Chile,1,7,88,NA,NA,NA,NA,NA,Spanish,NA,Spanish,NA,NA,NA,Production,Prod-18,1,NA,NA,NA,NA,NA,que coman la comida,NA,Subjunctive,NA,NA,comer,213756,Regular,ML,2nd,Late,No,NA,0,88,2026,1,NA,-0.6923292964129041,NA,-1.534959757659683,-1.661919206045804
C09,C,C,Chile,1,7,88,NA,NA,NA,NA,NA,Spanish,NA,Spanish,NA,NA,NA,Production,Prod-22,1,NA,NA,NA,NA,NA,se lo coloquen,NA,Subjunctive,NA,NA,poner,514285,Irregular,ML,2nd,Late,No,NA,0,88,2026,1,NA,-0.33850194952169194,NA,-1.534959757659683,-1.661919206045804
C09,C,C,Chile,1,7,88,NA,NA,NA,NA,NA,Spanish,NA,Spanish,NA,NA,NA,Production,Prod-26,1,NA,NA,NA,NA,NA,observen,NA,Subjunctive,NA,NA,ver,1611795,Irregular,ML,2nd,Late,No,NA,0,88,2026,1,NA,0.9536497279755688,NA,-1.534959757659683,-1.661919206045804
C09,C,C,Chile,1,7,88,NA,NA,NA,NA,NA,Spanish,NA,Spanish,NA,NA,NA,Production,Prod-28,1,NA,NA,NA,NA,NA,haya sol,NA,Subjunctive,NA,NA,salir,334324,Irregular,ML,2nd,Late,No,NA,0,88,2026,1,NA,-0.5503787506752892,NA,-1.534959757659683,-1.661919206045804
C10,C,C,Chile,7,13,157,NA,NA,NA,NA,NA,Spanish,NA,Spanish,NA,NA,NA,Production,Prod-02,1,NA,NA,NA,NA,NA,escriban,NA,Subjunctive,NA,NA,escribir,265684,Regular,ML,7th/8th,Late,No,NA,0,157,2026,1,NA,-0.6311919470410735,NA,1.107477408597635,0.7759275508180193
C10,C,C,Chile,7,13,157,NA,NA,NA,NA,NA,Spanish,NA,Spanish,NA,NA,NA,Production,Prod-06,1,NA,NA,NA,NA,NA,hagan ejercicio,NA,Subjunctive,NA,NA,hacer,2726954,Irregular,ML,7th/8th,Late,No,NA,0,157,2026,1,NA,2.266580427947476,NA,1.107477408597635,0.7759275508180193
C10,C,C,Chile,7,13,157,NA,NA,NA,NA,NA,Spanish,NA,Spanish,NA,NA,NA,Production,Prod-10,1,NA,NA,NA,NA,NA,abran la puerta,NA,Subjunctive,NA,NA,abrir,143932,Regular,ML,7th/8th,Late,No,NA,0,157,2026,1,NA,-0.7745364733220609,NA,1.107477408597635,0.7759275508180193
C10,C,C,Chile,7,13,157,NA,NA,NA,NA,NA,Spanish,NA,Spanish,NA,NA,NA,Production,Prod-14,1,NA,NA,NA,NA,NA,salgan,NA,Subjunctive,NA,NA,ir,603647,Irregular,ML,7th/8th,Late,No,NA,0,157,2026,1,NA,-0.23329173895002495,NA,1.107477408597635,0.7759275508180193
C10,C,C,Chile,7,13,157,NA,NA,NA,NA,NA,Spanish,NA,Spanish,NA,NA,NA,Production,Prod-18,1,NA,NA,NA,NA,NA,coman,NA,Subjunctive,NA,NA,comer,213756,Regular,ML,7th/8th,Late,No,NA,0,157,2026,1,NA,-0.6923292964129041,NA,1.107477408597635,0.7759275508180193
C10,C,C,Chile,7,13,157,NA,NA,NA,NA,NA,Spanish,NA,Spanish,NA,NA,NA,Production,Prod-22,1,NA,NA,NA,NA,NA,se pongan la chaqueta,NA,Subjunctive,NA,NA,poner,514285,Irregular,ML,7th/8th,Late,No,NA,0,157,2026,1,NA,-0.33850194952169194,NA,1.107477408597635,0.7759275508180193
C10,C,C,Chile,7,13,157,NA,NA,NA,NA,NA,Spanish,NA,Spanish,NA,NA,NA,Production,Prod-26,1,NA,NA,NA,NA,NA,vean la tele,NA,Subjunctive,NA,NA,ver,1611795,Irregular,ML,7th/8th,Late,No,NA,0,157,2026,1,NA,0.9536497279755688,NA,1.107477408597635,0.7759275508180193
C10,C,C,Chile,7,13,157,NA,NA,NA,NA,NA,Spanish,NA,Spanish,NA,NA,NA,Production,Prod-28,NA,NA,NA,NA,NA,NA,salga el sol,NA,Subjunctive,NA,NA,salir,334324,Irregular,ML,7th/8th,Late,No,NA,0,157,2026,NA,NA,-0.5503787506752892,NA,1.107477408597635,0.7759275508180193
C11,C,C,Chile,5,10,131,NA,NA,NA,NA,NA,Spanish,NA,Spanish,NA,NA,NA,Production,Prod-02,1,NA,NA,NA,NA,NA,escriban,NA,Subjunctive,NA,NA,escribir,265684,Regular,ML,4th/5th,Late,No,NA,0,131,2026,1,NA,-0.6311919470410735,NA,0.11177644739922535,-0.1426813720582039
C11,C,C,Chile,5,10,131,NA,NA,NA,NA,NA,Spanish,NA,Spanish,NA,NA,NA,Production,Prod-06,1,NA,NA,NA,NA,NA,hagan ejercicio,NA,Subjunctive,NA,NA,hacer,2726954,Irregular,ML,4th/5th,Late,No,NA,0,131,2026,1,NA,2.266580427947476,NA,0.11177644739922535,-0.1426813720582039
C11,C,C,Chile,5,10,131,NA,NA,NA,NA,NA,Spanish,NA,Spanish,NA,NA,NA,Production,Prod-10,1,NA,NA,NA,NA,NA,la abran,NA,Subjunctive,NA,NA,abrir,143932,Regular,ML,4th/5th,Late,No,NA,0,131,2026,1,NA,-0.7745364733220609,NA,0.11177644739922535,-0.1426813720582039
C11,C,C,Chile,5,10,131,NA,NA,NA,NA,NA,Spanish,NA,Spanish,NA,NA,NA,Production,Prod-14,1,NA,NA,NA,NA,NA,salgan,NA,Subjunctive,NA,NA,ir,603647,Irregular,ML,4th/5th,Late,No,NA,0,131,2026,1,NA,-0.23329173895002495,NA,0.11177644739922535,-0.1426813720582039
C11,C,C,Chile,5,10,131,NA,NA,NA,NA,NA,Spanish,NA,Spanish,NA,NA,NA,Production,Prod-18,1,NA,NA,NA,NA,NA,coman,NA,Subjunctive,NA,NA,comer,213756,Regular,ML,4th/5th,Late,No,NA,0,131,2026,1,NA,-0.6923292964129041,NA,0.11177644739922535,-0.1426813720582039
C11,C,C,Chile,5,10,131,NA,NA,NA,NA,NA,Spanish,NA,Spanish,NA,NA,NA,Production,Prod-22,1,NA,NA,NA,NA,NA,se las pongan,NA,Subjunctive,NA,NA,poner,514285,Irregular,ML,4th/5th,Late,No,NA,0,131,2026,1,NA,-0.33850194952169194,NA,0.11177644739922535,-0.1426813720582039
C11,C,C,Chile,5,10,131,NA,NA,NA,NA,NA,Spanish,NA,Spanish,NA,NA,NA,Production,Prod-26,NA,NA,NA,1,1,NA,vean la tele,DP,Subjunctive,NA,NA,ver,1611795,Irregular,ML,4th/5th,Late,No,NA,0,131,2026,NA,NA,0.9536497279755688,NA,0.11177644739922535,-0.1426813720582039
C11,C,C,Chile,5,10,131,NA,NA,NA,NA,NA,Spanish,NA,Spanish,NA,NA,NA,Production,Prod-28,1,NA,NA,NA,NA,NA,haya sol,NA,Subjunctive,NA,NA,salir,334324,Irregular,ML,4th/5th,Late,No,NA,0,131,2026,1,NA,-0.5503787506752892,NA,0.11177644739922535,-0.1426813720582039
C12,C,C,Chile,2,7,90,NA,NA,NA,NA,NA,Spanish,NA,Spanish,NA,NA,NA,Production,Prod-02,1,NA,NA,NA,NA,NA,escriban,NA,Subjunctive,NA,NA,escribir,265684,Regular,ML,2nd,Late,No,NA,0,90,2026,1,NA,-0.6311919470410735,NA,-1.458367376029036,-1.5912569812091713
C12,C,C,Chile,2,7,90,NA,NA,NA,NA,NA,Spanish,NA,Spanish,NA,NA,NA,Production,Prod-06,1,NA,NA,NA,NA,NA,jueguen,NA,Subjunctive,NA,NA,hacer,2726954,Irregular,ML,2nd,Late,No,NA,0,90,2026,1,NA,2.266580427947476,NA,-1.458367376029036,-1.5912569812091713
C12,C,C,Chile,2,7,90,NA,NA,NA,NA,NA,Spanish,NA,Spanish,NA,NA,NA,Production,Prod-10,1,NA,NA,NA,NA,NA,la abran,NA,Subjunctive,NA,NA,abrir,143932,Regular,ML,2nd,Late,No,NA,0,90,2026,1,NA,-0.7745364733220609,NA,-1.458367376029036,-1.5912569812091713
C12,C,C,Chile,2,7,90,NA,NA,NA,NA,NA,Spanish,NA,Spanish,NA,NA,NA,Production,Prod-14,1,NA,NA,NA,NA,NA,se vayan,NA,Subjunctive,NA,NA,ir,603647,Irregular,ML,2nd,Late,No,NA,0,90,2026,1,NA,-0.23329173895002495,NA,-1.458367376029036,-1.5912569812091713
C12,C,C,Chile,2,7,90,NA,NA,NA,NA,NA,Spanish,NA,Spanish,NA,NA,NA,Production,Prod-18,1,NA,NA,NA,NA,NA,tomen la sopa,NA,Subjunctive,NA,NA,comer,213756,Regular,ML,2nd,Late,No,NA,0,90,2026,1,NA,-0.6923292964129041,NA,-1.458367376029036,-1.5912569812091713
C12,C,C,Chile,2,7,90,NA,NA,NA,NA,NA,Spanish,NA,Spanish,NA,NA,NA,Production,Prod-22,1,NA,NA,NA,NA,NA,se la saquen,NA,Subjunctive,NA,NA,poner,514285,Irregular,ML,2nd,Late,No,NA,0,90,2026,1,NA,-0.33850194952169194,NA,-1.458367376029036,-1.5912569812091713
C12,C,C,Chile,2,7,90,NA,NA,NA,NA,NA,Spanish,NA,Spanish,NA,NA,NA,Production,Prod-26,1,NA,NA,NA,NA,NA,lo vean,NA,Subjunctive,NA,NA,ver,1611795,Irregular,ML,2nd,Late,No,NA,0,90,2026,1,NA,0.9536497279755688,NA,-1.458367376029036,-1.5912569812091713
C12,C,C,Chile,2,7,90,NA,NA,NA,NA,NA,Spanish,NA,Spanish,NA,NA,NA,Production,Prod-28,1,NA,NA,NA,NA,NA,salga el sol,NA,Subjunctive,NA,NA,salir,334324,Irregular,ML,2nd,Late,No,NA,0,90,2026,1,NA,-0.5503787506752892,NA,-1.458367376029036,-1.5912569812091713
C13,C,C,Chile,NA,6,74,NA,NA,NA,NA,NA,Spanish,NA,Spanish,NA,NA,NA,Production,Prod-02,0,NA,NA,NA,NA,NA,colorear,Infinitive,Subjunctive,NA,NA,escribir,265684,Regular,ML,NA,Late,No,NA,0,74,2026,0,NA,-0.6311919470410735,NA,-2.071106429074211,-2.1565547799022315
C13,C,C,Chile,NA,6,74,NA,NA,NA,NA,NA,Spanish,NA,Spanish,NA,NA,NA,Production,Prod-06,1,NA,NA,NA,NA,NA,jueguen,NA,Subjunctive,NA,NA,hacer,2726954,Irregular,ML,NA,Late,No,NA,0,74,2026,1,NA,2.266580427947476,NA,-2.071106429074211,-2.1565547799022315
C13,C,C,Chile,NA,6,74,NA,NA,NA,NA,NA,Spanish,NA,Spanish,NA,NA,NA,Production,Prod-10,1,NA,NA,NA,NA,NA,la abran,NA,Subjunctive,NA,NA,abrir,143932,Regular,ML,NA,Late,No,NA,0,74,2026,1,NA,-0.7745364733220609,NA,-2.071106429074211,-2.1565547799022315
C13,C,C,Chile,NA,6,74,NA,NA,NA,NA,NA,Spanish,NA,Spanish,NA,NA,NA,Production,Prod-14,1,NA,NA,NA,NA,NA,entren,NA,Subjunctive,NA,NA,ir,603647,Irregular,ML,NA,Late,No,NA,0,74,2026,1,NA,-0.23329173895002495,NA,-2.071106429074211,-2.1565547799022315
C13,C,C,Chile,NA,6,74,NA,NA,NA,NA,NA,Spanish,NA,Spanish,NA,NA,NA,Production,Prod-18,1,NA,NA,NA,NA,NA,lo lleve,NA,Subjunctive,NA,NA,comer,213756,Regular,ML,NA,Late,No,NA,0,74,2026,1,NA,-0.6923292964129041,NA,-2.071106429074211,-2.1565547799022315
C13,C,C,Chile,NA,6,74,NA,NA,NA,NA,NA,Spanish,NA,Spanish,NA,NA,NA,Production,Prod-22,1,NA,NA,NA,NA,NA,se la pongan,NA,Subjunctive,NA,NA,poner,514285,Irregular,ML,NA,Late,No,NA,0,74,2026,1,NA,-0.33850194952169194,NA,-2.071106429074211,-2.1565547799022315
C13,C,C,Chile,NA,6,74,NA,NA,NA,NA,NA,Spanish,NA,Spanish,NA,NA,NA,Production,Prod-26,1,NA,NA,NA,NA,NA,sigan pintado,NA,Subjunctive,NA,NA,ver,1611795,Irregular,ML,NA,Late,No,NA,0,74,2026,1,NA,0.9536497279755688,NA,-2.071106429074211,-2.1565547799022315
C13,C,C,Chile,NA,6,74,NA,NA,NA,NA,NA,Spanish,NA,Spanish,NA,NA,NA,Production,Prod-28,1,NA,NA,NA,NA,NA,salga el sol,NA,Subjunctive,NA,NA,salir,334324,Irregular,ML,NA,Late,No,NA,0,74,2026,1,NA,-0.5503787506752892,NA,-2.071106429074211,-2.1565547799022315
C14,C,C,Chile,NA,6,72,NA,NA,NA,NA,NA,Spanish,NA,Spanish,NA,NA,NA,Production,Prod-02,NA,NA,NA,NA,NA,NA,sus tareas,Possessive,Subjunctive,NA,NA,escribir,265684,Regular,ML,NA,Late,No,NA,0,72,2026,NA,NA,-0.6311919470410735,NA,-2.147698810704858,-2.2272170047388644
C14,C,C,Chile,NA,6,72,NA,NA,NA,NA,NA,Spanish,NA,Spanish,NA,NA,NA,Production,Prod-06,NA,NA,NA,NA,NA,NA,ejercita sus hijos,Indicative - grammatical alternative?,Subjunctive,NA,NA,hacer,2726954,Irregular,ML,NA,Late,No,NA,0,72,2026,NA,NA,2.266580427947476,NA,-2.147698810704858,-2.2272170047388644
C14,C,C,Chile,NA,6,72,NA,NA,NA,NA,NA,Spanish,NA,Spanish,NA,NA,NA,Production,Prod-10,1,NA,NA,NA,NA,NA,abra la puerta,NA,Subjunctive,NA,NA,abrir,143932,Regular,ML,NA,Late,No,NA,0,72,2026,1,NA,-0.7745364733220609,NA,-2.147698810704858,-2.2272170047388644
C14,C,C,Chile,NA,6,72,NA,NA,NA,NA,NA,Spanish,NA,Spanish,NA,NA,NA,Production,Prod-14,1,NA,NA,NA,NA,NA,vaya a la sala,NA,Subjunctive,NA,NA,ir,603647,Irregular,ML,NA,Late,No,NA,0,72,2026,1,NA,-0.23329173895002495,NA,-2.147698810704858,-2.2272170047388644
C14,C,C,Chile,NA,6,72,NA,NA,NA,NA,NA,Spanish,NA,Spanish,NA,NA,NA,Production,Prod-18,0,NA,NA,NA,NA,NA,cocinar,infinitive,Subjunctive,NA,NA,comer,213756,Regular,ML,NA,Late,No,NA,0,72,2026,0,NA,-0.6923292964129041,NA,-2.147698810704858,-2.2272170047388644
C14,C,C,Chile,NA,6,72,NA,NA,NA,NA,NA,Spanish,NA,Spanish,NA,NA,NA,Production,Prod-22,1,NA,NA,NA,NA,NA,la coloquen en su lugar,NA,Subjunctive,NA,NA,poner,514285,Irregular,ML,NA,Late,No,NA,0,72,2026,1,NA,-0.33850194952169194,NA,-2.147698810704858,-2.2272170047388644
C14,C,C,Chile,NA,6,72,NA,NA,NA,NA,NA,Spanish,NA,Spanish,NA,NA,NA,Production,Prod-26,1,NA,NA,NA,NA,NA,vea la tele,NA,Subjunctive,NA,NA,ver,1611795,Irregular,ML,NA,Late,No,NA,0,72,2026,1,NA,0.9536497279755688,NA,-2.147698810704858,-2.2272170047388644
C14,C,C,Chile,NA,6,72,NA,NA,NA,NA,NA,Spanish,NA,Spanish,NA,NA,NA,Production,Prod-28,1,NA,NA,NA,NA,NA,esté soleado,NA,Subjunctive,NA,NA,salir,334324,Irregular,ML,NA,Late,No,NA,0,72,2026,1,NA,-0.5503787506752892,NA,-2.147698810704858,-2.2272170047388644
C15,C,C,Chile,5,11,136,NA,NA,NA,NA,NA,Spanish,NA,Spanish,NA,NA,NA,Production,Prod-02,1,NA,NA,NA,NA,NA,escriban,NA,Subjunctive,NA,NA,escribir,265684,Regular,ML,4th/5th,Late,No,NA,0,136,2026,1,NA,-0.6311919470410735,NA,0.3032574014758426,0.0339741900333775
C15,C,C,Chile,5,11,136,NA,NA,NA,NA,NA,Spanish,NA,Spanish,NA,NA,NA,Production,Prod-06,1,NA,NA,NA,NA,NA,se ejerciten,NA,Subjunctive,NA,NA,hacer,2726954,Irregular,ML,4th/5th,Late,No,NA,0,136,2026,1,NA,2.266580427947476,NA,0.3032574014758426,0.0339741900333775
C15,C,C,Chile,5,11,136,NA,NA,NA,NA,NA,Spanish,NA,Spanish,NA,NA,NA,Production,Prod-10,1,NA,NA,NA,NA,NA,abran la puerta,NA,Subjunctive,NA,NA,abrir,143932,Regular,ML,4th/5th,Late,No,NA,0,136,2026,1,NA,-0.7745364733220609,NA,0.3032574014758426,0.0339741900333775
C15,C,C,Chile,5,11,136,NA,NA,NA,NA,NA,Spanish,NA,Spanish,NA,NA,NA,Production,Prod-14,1,NA,NA,NA,NA,NA,salgan,NA,Subjunctive,NA,NA,ir,603647,Irregular,ML,4th/5th,Late,No,NA,0,136,2026,1,NA,-0.23329173895002495,NA,0.3032574014758426,0.0339741900333775
C15,C,C,Chile,5,11,136,NA,NA,NA,NA,NA,Spanish,NA,Spanish,NA,NA,NA,Production,Prod-18,1,NA,NA,NA,NA,NA,coman la comida,NA,Subjunctive,NA,NA,comer,213756,Regular,ML,4th/5th,Late,No,NA,0,136,2026,1,NA,-0.6923292964129041,NA,0.3032574014758426,0.0339741900333775
C15,C,C,Chile,5,11,136,NA,NA,NA,NA,NA,Spanish,NA,Spanish,NA,NA,NA,Production,Prod-22,1,NA,NA,NA,NA,NA,las pongan,NA,Subjunctive,NA,NA,poner,514285,Irregular,ML,4th/5th,Late,No,NA,0,136,2026,1,NA,-0.33850194952169194,NA,0.3032574014758426,0.0339741900333775
C15,C,C,Chile,5,11,136,NA,NA,NA,NA,NA,Spanish,NA,Spanish,NA,NA,NA,Production,Prod-26,1,NA,NA,NA,NA,NA,vean tele,NA,Subjunctive,NA,NA,ver,1611795,Irregular,ML,4th/5th,Late,No,NA,0,136,2026,1,NA,0.9536497279755688,NA,0.3032574014758426,0.0339741900333775
C15,C,C,Chile,5,11,136,NA,NA,NA,NA,NA,Spanish,NA,Spanish,NA,NA,NA,Production,Prod-28,1,NA,NA,NA,NA,NA,haya sol,NA,Subjunctive,NA,NA,salir,334324,Irregular,ML,4th/5th,Late,No,NA,0,136,2026,1,NA,-0.5503787506752892,NA,0.3032574014758426,0.0339741900333775
C16,C,C,Chile,2,7,90,NA,NA,NA,NA,NA,Spanish,NA,Spanish,NA,NA,NA,Production,Prod-02,1,NA,NA,NA,NA,NA,escriba,NA,Subjunctive,NA,NA,escribir,265684,Regular,ML,2nd,Late,No,NA,0,90,2026,1,NA,-0.6311919470410735,NA,-1.458367376029036,-1.5912569812091713
C16,C,C,Chile,2,7,90,NA,NA,NA,NA,NA,Spanish,NA,Spanish,NA,NA,NA,Production,Prod-06,1,NA,NA,NA,NA,NA,sean fuertes,NA,Subjunctive,NA,NA,hacer,2726954,Irregular,ML,2nd,Late,No,NA,0,90,2026,1,NA,2.266580427947476,NA,-1.458367376029036,-1.5912569812091713
C16,C,C,Chile,2,7,90,NA,NA,NA,NA,NA,Spanish,NA,Spanish,NA,NA,NA,Production,Prod-10,1,NA,NA,NA,NA,NA,que abran la puerta,NA,Subjunctive,NA,NA,abrir,143932,Regular,ML,2nd,Late,No,NA,0,90,2026,1,NA,-0.7745364733220609,NA,-1.458367376029036,-1.5912569812091713
C16,C,C,Chile,2,7,90,NA,NA,NA,NA,NA,Spanish,NA,Spanish,NA,NA,NA,Production,Prod-14,1,NA,NA,NA,NA,NA,salgan,NA,Subjunctive,NA,NA,ir,603647,Irregular,ML,2nd,Late,No,NA,0,90,2026,1,NA,-0.23329173895002495,NA,-1.458367376029036,-1.5912569812091713
C16,C,C,Chile,2,7,90,NA,NA,NA,NA,NA,Spanish,NA,Spanish,NA,NA,NA,Production,Prod-18,1,NA,NA,NA,NA,NA,coman sopa,NA,Subjunctive,NA,NA,comer,213756,Regular,ML,2nd,Late,No,NA,0,90,2026,1,NA,-0.6923292964129041,NA,-1.458367376029036,-1.5912569812091713
C16,C,C,Chile,2,7,90,NA,NA,NA,NA,NA,Spanish,NA,Spanish,NA,NA,NA,Production,Prod-22,1,NA,NA,NA,NA,NA,se pongan la chaqueta,NA,Subjunctive,NA,NA,poner,514285,Irregular,ML,2nd,Late,No,NA,0,90,2026,1,NA,-0.33850194952169194,NA,-1.458367376029036,-1.5912569812091713
C16,C,C,Chile,2,7,90,NA,NA,NA,NA,NA,Spanish,NA,Spanish,NA,NA,NA,Production,Prod-26,1,NA,NA,NA,NA,NA,vean,NA,Subjunctive,NA,NA,ver,1611795,Irregular,ML,2nd,Late,No,NA,0,90,2026,1,NA,0.9536497279755688,NA,-1.458367376029036,-1.5912569812091713
C16,C,C,Chile,2,7,90,NA,NA,NA,NA,NA,Spanish,NA,Spanish,NA,NA,NA,Production,Prod-28,1,NA,NA,NA,NA,NA,haya sol,NA,Subjunctive,NA,NA,salir,334324,Irregular,ML,2nd,Late,No,NA,0,90,2026,1,NA,-0.5503787506752892,NA,-1.458367376029036,-1.5912569812091713
C17,C,C,Chile,5,11,135,NA,NA,NA,NA,NA,Spanish,NA,Spanish,NA,NA,NA,Production,Prod-02,1,NA,NA,NA,NA,NA,escriban,NA,Subjunctive,NA,NA,escribir,265684,Regular,ML,4th/5th,Late,No,NA,0,135,2026,1,NA,-0.6311919470410735,NA,0.26496121066051914,-0.001356922384938782
C17,C,C,Chile,5,11,135,NA,NA,NA,NA,NA,Spanish,NA,Spanish,NA,NA,NA,Production,Prod-06,1,NA,NA,NA,NA,NA,hagan ejercicio,NA,Subjunctive,NA,NA,hacer,2726954,Irregular,ML,4th/5th,Late,No,NA,0,135,2026,1,NA,2.266580427947476,NA,0.26496121066051914,-0.001356922384938782
C17,C,C,Chile,5,11,135,NA,NA,NA,NA,NA,Spanish,NA,Spanish,NA,NA,NA,Production,Prod-10,1,NA,NA,NA,NA,NA,abran la puerta,NA,Subjunctive,NA,NA,abrir,143932,Regular,ML,4th/5th,Late,No,NA,0,135,2026,1,NA,-0.7745364733220609,NA,0.26496121066051914,-0.001356922384938782
C17,C,C,Chile,5,11,135,NA,NA,NA,NA,NA,Spanish,NA,Spanish,NA,NA,NA,Production,Prod-14,1,NA,NA,NA,NA,NA,salgan,NA,Subjunctive,NA,NA,ir,603647,Irregular,ML,4th/5th,Late,No,NA,0,135,2026,1,NA,-0.23329173895002495,NA,0.26496121066051914,-0.001356922384938782
C17,C,C,Chile,5,11,135,NA,NA,NA,NA,NA,Spanish,NA,Spanish,NA,NA,NA,Production,Prod-18,1,NA,NA,NA,NA,NA,coman la comida,NA,Subjunctive,NA,NA,comer,213756,Regular,ML,4th/5th,Late,No,NA,0,135,2026,1,NA,-0.6923292964129041,NA,0.26496121066051914,-0.001356922384938782
C17,C,C,Chile,5,11,135,NA,NA,NA,NA,NA,Spanish,NA,Spanish,NA,NA,NA,Production,Prod-22,1,NA,NA,NA,NA,NA,se pongan la chaqueta,NA,Subjunctive,NA,NA,poner,514285,Irregular,ML,4th/5th,Late,No,NA,0,135,2026,1,NA,-0.33850194952169194,NA,0.26496121066051914,-0.001356922384938782
C17,C,C,Chile,5,11,135,NA,NA,NA,NA,NA,Spanish,NA,Spanish,NA,NA,NA,Production,Prod-26,1,NA,NA,NA,NA,NA,vean la televisión,NA,Subjunctive,NA,NA,ver,1611795,Irregular,ML,4th/5th,Late,No,NA,0,135,2026,1,NA,0.9536497279755688,NA,0.26496121066051914,-0.001356922384938782
C17,C,C,Chile,5,11,135,NA,NA,NA,NA,NA,Spanish,NA,Spanish,NA,NA,NA,Production,Prod-28,1,NA,NA,NA,NA,NA,esté soleado,NA,Subjunctive,NA,NA,salir,334324,Irregular,ML,4th/5th,Late,No,NA,0,135,2026,1,NA,-0.5503787506752892,NA,0.26496121066051914,-0.001356922384938782
H01,1,1,L2L 4th/5th,5,NA,129,NA,NA,NA,1,5,NA,3,L2 learner,L2,L2,L2,Selection,FCT-02,1,NA,NA,NA,NA,NA,NA,NA,Subjunctive,NA,NA,ver,1611795,Irregular,L2L,4th/5th,Late,No,6,0,129,2023,1,0.16666666666666666,0.9536497279755688,NA,0.03518406576857845,-0.21334359689483645
H01,1,1,L2L 4th/5th,5,NA,129,NA,NA,NA,1,5,NA,3,L2 learner,L2,L2,L2,Selection,FCT-06,0,NA,NA,NA,NA,NA,NA,NA,Subjunctive,NA,NA,hacer,2726954,Irregular,L2L,4th/5th,Late,No,6,0,129,2023,0,0.16666666666666666,2.266580427947476,NA,0.03518406576857845,-0.21334359689483645
H01,1,1,L2L 4th/5th,5,NA,129,NA,NA,NA,1,5,NA,3,L2 learner,L2,L2,L2,Selection,FCT-10,1,NA,NA,NA,NA,NA,NA,NA,Subjunctive,NA,NA,comer,213756,Regular,L2L,4th/5th,Late,No,6,0,129,2023,1,0.16666666666666666,-0.6923292964129041,NA,0.03518406576857845,-0.21334359689483645
H01,1,1,L2L 4th/5th,5,NA,129,NA,NA,NA,1,5,NA,3,L2 learner,L2,L2,L2,Selection,FCT-14,1,NA,NA,NA,NA,NA,NA,NA,Subjunctive,NA,NA,ir,603647,Irregular,L2L,4th/5th,Late,No,6,0,129,2023,1,0.16666666666666666,-0.23329173895002495,NA,0.03518406576857845,-0.21334359689483645
H01,1,1,L2L 4th/5th,5,NA,129,NA,NA,NA,1,5,NA,3,L2 learner,L2,L2,L2,Selection,FCT-18,1,NA,NA,NA,NA,NA,NA,NA,Subjunctive,NA,NA,abrir,143932,Regular,L2L,4th/5th,Late,No,6,0,129,2023,1,0.16666666666666666,-0.7745364733220609,NA,0.03518406576857845,-0.21334359689483645
H01,1,1,L2L 4th/5th,5,NA,129,NA,NA,NA,1,5,NA,3,L2 learner,L2,L2,L2,Selection,FCT-22,1,NA,NA,NA,NA,NA,NA,NA,Subjunctive,NA,NA,poner,514285,Irregular,L2L,4th/5th,Late,No,6,0,129,2023,1,0.16666666666666666,-0.33850194952169194,NA,0.03518406576857845,-0.21334359689483645
H01,1,1,L2L 4th/5th,5,NA,129,NA,NA,NA,1,5,NA,3,L2 learner,L2,L2,L2,Selection,FCT-26,0,NA,NA,NA,NA,NA,NA,NA,Subjunctive,NA,NA,escribir,265684,Regular,L2L,4th/5th,Late,No,6,0,129,2023,0,0.16666666666666666,-0.6311919470410735,NA,0.03518406576857845,-0.21334359689483645
H01,1,1,L2L 4th/5th,5,NA,129,NA,NA,NA,1,5,NA,3,L2 learner,L2,L2,L2,Selection,FCT-28,1,NA,NA,NA,NA,NA,NA,NA,Subjunctive,NA,NA,salir,334324,Irregular,L2L,4th/5th,Late,No,6,0,129,2023,1,0.16666666666666666,-0.5503787506752892,NA,0.03518406576857845,-0.21334359689483645
H02,1,1,L2L 7th/8th,8,NA,175,NA,NA,NA,2,4,NA,8,L2 learner,L2,L2,L2,Selection,FCT-02,1,NA,NA,NA,NA,NA,NA,NA,Subjunctive,NA,NA,ver,1611795,Irregular,L2L,7th/8th,Late,No,6,0,175,2023,1,0.3333333333333333,0.9536497279755688,NA,1.7968088432734572,1.4118875743477124
H02,1,1,L2L 7th/8th,8,NA,175,NA,NA,NA,2,4,NA,8,L2 learner,L2,L2,L2,Selection,FCT-06,1,NA,NA,NA,NA,NA,NA,NA,Subjunctive,NA,NA,hacer,2726954,Irregular,L2L,7th/8th,Late,No,6,0,175,2023,1,0.3333333333333333,2.266580427947476,NA,1.7968088432734572,1.4118875743477124
H02,1,1,L2L 7th/8th,8,NA,175,NA,NA,NA,2,4,NA,8,L2 learner,L2,L2,L2,Selection,FCT-10,0,NA,NA,NA,NA,NA,NA,NA,Subjunctive,NA,NA,comer,213756,Regular,L2L,7th/8th,Late,No,6,0,175,2023,0,0.3333333333333333,-0.6923292964129041,NA,1.7968088432734572,1.4118875743477124
H02,1,1,L2L 7th/8th,8,NA,175,NA,NA,NA,2,4,NA,8,L2 learner,L2,L2,L2,Selection,FCT-14,1,NA,NA,NA,NA,NA,NA,NA,Subjunctive,NA,NA,ir,603647,Irregular,L2L,7th/8th,Late,No,6,0,175,2023,1,0.3333333333333333,-0.23329173895002495,NA,1.7968088432734572,1.4118875743477124
H02,1,1,L2L 7th/8th,8,NA,175,NA,NA,NA,2,4,NA,8,L2 learner,L2,L2,L2,Selection,FCT-18,1,NA,NA,NA,NA,NA,NA,NA,Subjunctive,NA,NA,abrir,143932,Regular,L2L,7th/8th,Late,No,6,0,175,2023,1,0.3333333333333333,-0.7745364733220609,NA,1.7968088432734572,1.4118875743477124
H02,1,1,L2L 7th/8th,8,NA,175,NA,NA,NA,2,4,NA,8,L2 learner,L2,L2,L2,Selection,FCT-22,1,NA,NA,NA,NA,NA,NA,NA,Subjunctive,NA,NA,poner,514285,Irregular,L2L,7th/8th,Late,No,6,0,175,2023,1,0.3333333333333333,-0.33850194952169194,NA,1.7968088432734572,1.4118875743477124
H02,1,1,L2L 7th/8th,8,NA,175,NA,NA,NA,2,4,NA,8,L2 learner,L2,L2,L2,Selection,FCT-26,0,NA,NA,NA,NA,NA,NA,NA,Subjunctive,NA,NA,escribir,265684,Regular,L2L,7th/8th,Late,No,6,0,175,2023,0,0.3333333333333333,-0.6311919470410735,NA,1.7968088432734572,1.4118875743477124
H02,1,1,L2L 7th/8th,8,NA,175,NA,NA,NA,2,4,NA,8,L2 learner,L2,L2,L2,Selection,FCT-28,1,NA,NA,NA,NA,NA,NA,NA,Subjunctive,NA,NA,salir,334324,Irregular,L2L,7th/8th,Late,No,6,0,175,2023,1,0.3333333333333333,-0.5503787506752892,NA,1.7968088432734572,1.4118875743477124
H03,1,1,L2L 7th/8th,8,14,170,NA,NA,NA,2,4,3,8,Portuguese,No,Yes,Yes,Selection,FCT-02,0,NA,NA,NA,NA,NA,NA,NA,Subjunctive,NA,NA,ver,1611795,Irregular,L2L,7th/8th,Late,No,6,0,170,2023,0,0.3333333333333333,0.9536497279755688,NA,1.6053278891968399,1.2352320122561309
H03,1,1,L2L 7th/8th,8,14,170,NA,NA,NA,2,4,3,8,Portuguese,No,Yes,Yes,Selection,FCT-06,1,NA,NA,NA,NA,NA,NA,NA,Subjunctive,NA,NA,hacer,2726954,Irregular,L2L,7th/8th,Late,No,6,0,170,2023,1,0.3333333333333333,2.266580427947476,NA,1.6053278891968399,1.2352320122561309
H03,1,1,L2L 7th/8th,8,14,170,NA,NA,NA,2,4,3,8,Portuguese,No,Yes,Yes,Selection,FCT-10,0,NA,NA,NA,NA,NA,NA,NA,Subjunctive,NA,NA,comer,213756,Regular,L2L,7th/8th,Late,No,6,0,170,2023,0,0.3333333333333333,-0.6923292964129041,NA,1.6053278891968399,1.2352320122561309
H03,1,1,L2L 7th/8th,8,14,170,NA,NA,NA,2,4,3,8,Portuguese,No,Yes,Yes,Selection,FCT-14,1,NA,NA,NA,NA,NA,NA,NA,Subjunctive,NA,NA,ir,603647,Irregular,L2L,7th/8th,Late,No,6,0,170,2023,1,0.3333333333333333,-0.23329173895002495,NA,1.6053278891968399,1.2352320122561309
H03,1,1,L2L 7th/8th,8,14,170,NA,NA,NA,2,4,3,8,Portuguese,No,Yes,Yes,Selection,FCT-18,0,NA,NA,NA,NA,NA,NA,NA,Subjunctive,NA,NA,abrir,143932,Regular,L2L,7th/8th,Late,No,6,0,170,2023,0,0.3333333333333333,-0.7745364733220609,NA,1.6053278891968399,1.2352320122561309
H03,1,1,L2L 7th/8th,8,14,170,NA,NA,NA,2,4,3,8,Portuguese,No,Yes,Yes,Selection,FCT-22,0,NA,NA,NA,NA,NA,NA,NA,Subjunctive,NA,NA,poner,514285,Irregular,L2L,7th/8th,Late,No,6,0,170,2023,0,0.3333333333333333,-0.33850194952169194,NA,1.6053278891968399,1.2352320122561309
H03,1,1,L2L 7th/8th,8,14,170,NA,NA,NA,2,4,3,8,Portuguese,No,Yes,Yes,Selection,FCT-26,1,NA,NA,NA,NA,NA,NA,NA,Subjunctive,NA,NA,escribir,265684,Regular,L2L,7th/8th,Late,No,6,0,170,2023,1,0.3333333333333333,-0.6311919470410735,NA,1.6053278891968399,1.2352320122561309
H03,1,1,L2L 7th/8th,8,14,170,NA,NA,NA,2,4,3,8,Portuguese,No,Yes,Yes,Selection,FCT-28,0,NA,NA,NA,NA,NA,NA,NA,Subjunctive,NA,NA,salir,334324,Irregular,L2L,7th/8th,Late,No,6,0,170,2023,0,0.3333333333333333,-0.5503787506752892,NA,1.6053278891968399,1.2352320122561309
H04,1,1,L2L 7th/8th,8,NA,166,NA,NA,NA,1,4,NA,8,L2 learner,L2,L2,L2,Selection,FCT-02,0,NA,NA,NA,NA,NA,NA,NA,Subjunctive,NA,NA,ver,1611795,Irregular,L2L,7th/8th,Late,No,5,0,166,2023,0,0.2,0.9536497279755688,NA,1.4521431259355462,1.0939075625828658
H04,1,1,L2L 7th/8th,8,NA,166,NA,NA,NA,1,4,NA,8,L2 learner,L2,L2,L2,Selection,FCT-06,1,NA,NA,NA,NA,NA,NA,NA,Subjunctive,NA,NA,hacer,2726954,Irregular,L2L,7th/8th,Late,No,5,0,166,2023,1,0.2,2.266580427947476,NA,1.4521431259355462,1.0939075625828658
H04,1,1,L2L 7th/8th,8,NA,166,NA,NA,NA,1,4,NA,8,L2 learner,L2,L2,L2,Selection,FCT-10,0,NA,NA,NA,NA,NA,NA,NA,Subjunctive,NA,NA,comer,213756,Regular,L2L,7th/8th,Late,No,5,0,166,2023,0,0.2,-0.6923292964129041,NA,1.4521431259355462,1.0939075625828658
H04,1,1,L2L 7th/8th,8,NA,166,NA,NA,NA,1,4,NA,8,L2 learner,L2,L2,L2,Selection,FCT-14,0,NA,NA,NA,NA,NA,NA,NA,Subjunctive,NA,NA,ir,603647,Irregular,L2L,7th/8th,Late,No,5,0,166,2023,0,0.2,-0.23329173895002495,NA,1.4521431259355462,1.0939075625828658
H04,1,1,L2L 7th/8th,8,NA,166,NA,NA,NA,1,4,NA,8,L2 learner,L2,L2,L2,Selection,FCT-18,0,NA,NA,NA,NA,NA,NA,NA,Subjunctive,NA,NA,abrir,143932,Regular,L2L,7th/8th,Late,No,5,0,166,2023,0,0.2,-0.7745364733220609,NA,1.4521431259355462,1.0939075625828658
H04,1,1,L2L 7th/8th,8,NA,166,NA,NA,NA,1,4,NA,8,L2 learner,L2,L2,L2,Selection,FCT-22,0,NA,NA,NA,NA,NA,NA,NA,Subjunctive,NA,NA,poner,514285,Irregular,L2L,7th/8th,Late,No,5,0,166,2023,0,0.2,-0.33850194952169194,NA,1.4521431259355462,1.0939075625828658
H04,1,1,L2L 7th/8th,8,NA,166,NA,NA,NA,1,4,NA,8,L2 learner,L2,L2,L2,Selection,FCT-26,0,NA,NA,NA,NA,NA,NA,NA,Subjunctive,NA,NA,escribir,265684,Regular,L2L,7th/8th,Late,No,5,0,166,2023,0,0.2,-0.6311919470410735,NA,1.4521431259355462,1.0939075625828658
H04,1,1,L2L 7th/8th,8,NA,166,NA,NA,NA,1,4,NA,8,L2 learner,L2,L2,L2,Selection,FCT-28,0,NA,NA,NA,NA,NA,NA,NA,Subjunctive,NA,NA,salir,334324,Irregular,L2L,7th/8th,Late,No,5,0,166,2023,0,0.2,-0.5503787506752892,NA,1.4521431259355462,1.0939075625828658
H05,1,1,HS 7th/8th,8,NA,174,NA,NA,NA,2,6,NA,8,Heritage Spanish,NA,NA,NA,Selection,FCT-02,0,NA,NA,NA,NA,NA,NA,NA,Subjunctive,NA,NA,ver,1611795,Irregular,HS,7th/8th,Late,No,8,0,174,2023,0,0.25,0.9536497279755688,NA,1.7585126524581336,1.376556461929396
H05,1,1,HS 7th/8th,8,NA,174,NA,NA,NA,2,6,NA,8,Heritage Spanish,NA,NA,NA,Selection,FCT-06,0,NA,NA,NA,NA,NA,NA,NA,Subjunctive,NA,NA,hacer,2726954,Irregular,HS,7th/8th,Late,No,8,0,174,2023,0,0.25,2.266580427947476,NA,1.7585126524581336,1.376556461929396
H05,1,1,HS 7th/8th,8,NA,174,NA,NA,NA,2,6,NA,8,Heritage Spanish,NA,NA,NA,Selection,FCT-10,0,NA,NA,NA,NA,NA,NA,NA,Subjunctive,NA,NA,comer,213756,Regular,HS,7th/8th,Late,No,8,0,174,2023,0,0.25,-0.6923292964129041,NA,1.7585126524581336,1.376556461929396
H05,1,1,HS 7th/8th,8,NA,174,NA,NA,NA,2,6,NA,8,Heritage Spanish,NA,NA,NA,Selection,FCT-14,1,NA,NA,NA,NA,NA,NA,NA,Subjunctive,NA,NA,ir,603647,Irregular,HS,7th/8th,Late,No,8,0,174,2023,1,0.25,-0.23329173895002495,NA,1.7585126524581336,1.376556461929396
H05,1,1,HS 7th/8th,8,NA,174,NA,NA,NA,2,6,NA,8,Heritage Spanish,NA,NA,NA,Selection,FCT-18,0,NA,NA,NA,NA,NA,NA,NA,Subjunctive,NA,NA,abrir,143932,Regular,HS,7th/8th,Late,No,8,0,174,2023,0,0.25,-0.7745364733220609,NA,1.7585126524581336,1.376556461929396
H05,1,1,HS 7th/8th,8,NA,174,NA,NA,NA,2,6,NA,8,Heritage Spanish,NA,NA,NA,Selection,FCT-22,1,NA,NA,NA,NA,NA,NA,NA,Subjunctive,NA,NA,poner,514285,Irregular,HS,7th/8th,Late,No,8,0,174,2023,1,0.25,-0.33850194952169194,NA,1.7585126524581336,1.376556461929396
H05,1,1,HS 7th/8th,8,NA,174,NA,NA,NA,2,6,NA,8,Heritage Spanish,NA,NA,NA,Selection,FCT-26,0,NA,NA,NA,NA,NA,NA,NA,Subjunctive,NA,NA,escribir,265684,Regular,HS,7th/8th,Late,No,8,0,174,2023,0,0.25,-0.6311919470410735,NA,1.7585126524581336,1.376556461929396
H05,1,1,HS 7th/8th,8,NA,174,NA,NA,NA,2,6,NA,8,Heritage Spanish,NA,NA,NA,Selection,FCT-28,1,NA,NA,NA,NA,NA,NA,NA,Subjunctive,NA,NA,salir,334324,Irregular,HS,7th/8th,Late,No,8,0,174,2023,1,0.25,-0.5503787506752892,NA,1.7585126524581336,1.376556461929396
H06,1,1,L2L 7th/8th,8,NA,174,NA,NA,NA,2,4,NA,8,L2 learner,L2,L2,L2,Selection,FCT-02,1,NA,NA,NA,NA,NA,NA,NA,Subjunctive,NA,NA,ver,1611795,Irregular,L2L,7th/8th,Late,No,6,0,174,2023,1,0.3333333333333333,0.9536497279755688,NA,1.7585126524581336,1.376556461929396
H06,1,1,L2L 7th/8th,8,NA,174,NA,NA,NA,2,4,NA,8,L2 learner,L2,L2,L2,Selection,FCT-06,0,NA,NA,NA,NA,NA,NA,NA,Subjunctive,NA,NA,hacer,2726954,Irregular,L2L,7th/8th,Late,No,6,0,174,2023,0,0.3333333333333333,2.266580427947476,NA,1.7585126524581336,1.376556461929396
H06,1,1,L2L 7th/8th,8,NA,174,NA,NA,NA,2,4,NA,8,L2 learner,L2,L2,L2,Selection,FCT-10,1,NA,NA,NA,NA,NA,NA,NA,Subjunctive,NA,NA,comer,213756,Regular,L2L,7th/8th,Late,No,6,0,174,2023,1,0.3333333333333333,-0.6923292964129041,NA,1.7585126524581336,1.376556461929396
H06,1,1,L2L 7th/8th,8,NA,174,NA,NA,NA,2,4,NA,8,L2 learner,L2,L2,L2,Selection,FCT-14,0,NA,NA,NA,NA,NA,NA,NA,Subjunctive,NA,NA,ir,603647,Irregular,L2L,7th/8th,Late,No,6,0,174,2023,0,0.3333333333333333,-0.23329173895002495,NA,1.7585126524581336,1.376556461929396
H06,1,1,L2L 7th/8th,8,NA,174,NA,NA,NA,2,4,NA,8,L2 learner,L2,L2,L2,Selection,FCT-18,1,NA,NA,NA,NA,NA,NA,NA,Subjunctive,NA,NA,abrir,143932,Regular,L2L,7th/8th,Late,No,6,0,174,2023,1,0.3333333333333333,-0.7745364733220609,NA,1.7585126524581336,1.376556461929396
H06,1,1,L2L 7th/8th,8,NA,174,NA,NA,NA,2,4,NA,8,L2 learner,L2,L2,L2,Selection,FCT-22,0,NA,NA,NA,NA,NA,NA,NA,Subjunctive,NA,NA,poner,514285,Irregular,L2L,7th/8th,Late,No,6,0,174,2023,0,0.3333333333333333,-0.33850194952169194,NA,1.7585126524581336,1.376556461929396
H06,1,1,L2L 7th/8th,8,NA,174,NA,NA,NA,2,4,NA,8,L2 learner,L2,L2,L2,Selection,FCT-26,0,NA,NA,NA,NA,NA,NA,NA,Subjunctive,NA,NA,escribir,265684,Regular,L2L,7th/8th,Late,No,6,0,174,2023,0,0.3333333333333333,-0.6311919470410735,NA,1.7585126524581336,1.376556461929396
H06,1,1,L2L 7th/8th,8,NA,174,NA,NA,NA,2,4,NA,8,L2 learner,L2,L2,L2,Selection,FCT-28,1,NA,NA,NA,NA,NA,NA,NA,Subjunctive,NA,NA,salir,334324,Irregular,L2L,7th/8th,Late,No,6,0,174,2023,1,0.3333333333333333,-0.5503787506752892,NA,1.7585126524581336,1.376556461929396
H07,1,1,HS 7th/8th,8,NA,171,NA,NA,NA,4,4,NA,8,Heritage Spanish,NA,NA,NA,Selection,FCT-02,1,NA,NA,NA,NA,NA,NA,NA,Subjunctive,NA,NA,ver,1611795,Irregular,HS,7th/8th,Late,No,8,0,171,2023,1,0.5,0.9536497279755688,NA,1.6436240800121633,1.270563124674447
H07,1,1,HS 7th/8th,8,NA,171,NA,NA,NA,4,4,NA,8,Heritage Spanish,NA,NA,NA,Selection,FCT-06,1,NA,NA,NA,NA,NA,NA,NA,Subjunctive,NA,NA,hacer,2726954,Irregular,HS,7th/8th,Late,No,8,0,171,2023,1,0.5,2.266580427947476,NA,1.6436240800121633,1.270563124674447
H07,1,1,HS 7th/8th,8,NA,171,NA,NA,NA,4,4,NA,8,Heritage Spanish,NA,NA,NA,Selection,FCT-10,1,NA,NA,NA,NA,NA,NA,NA,Subjunctive,NA,NA,comer,213756,Regular,HS,7th/8th,Late,No,8,0,171,2023,1,0.5,-0.6923292964129041,NA,1.6436240800121633,1.270563124674447
H07,1,1,HS 7th/8th,8,NA,171,NA,NA,NA,4,4,NA,8,Heritage Spanish,NA,NA,NA,Selection,FCT-14,0,NA,NA,NA,NA,NA,NA,NA,Subjunctive,NA,NA,ir,603647,Irregular,HS,7th/8th,Late,No,8,0,171,2023,0,0.5,-0.23329173895002495,NA,1.6436240800121633,1.270563124674447
H07,1,1,HS 7th/8th,8,NA,171,NA,NA,NA,4,4,NA,8,Heritage Spanish,NA,NA,NA,Selection,FCT-18,1,NA,NA,NA,NA,NA,NA,NA,Subjunctive,NA,NA,abrir,143932,Regular,HS,7th/8th,Late,No,8,0,171,2023,1,0.5,-0.7745364733220609,NA,1.6436240800121633,1.270563124674447
H07,1,1,HS 7th/8th,8,NA,171,NA,NA,NA,4,4,NA,8,Heritage Spanish,NA,NA,NA,Selection,FCT-22,0,NA,NA,NA,NA,NA,NA,NA,Subjunctive,NA,NA,poner,514285,Irregular,HS,7th/8th,Late,No,8,0,171,2023,0,0.5,-0.33850194952169194,NA,1.6436240800121633,1.270563124674447
H07,1,1,HS 7th/8th,8,NA,171,NA,NA,NA,4,4,NA,8,Heritage Spanish,NA,NA,NA,Selection,FCT-26,1,NA,NA,NA,NA,NA,NA,NA,Subjunctive,NA,NA,escribir,265684,Regular,HS,7th/8th,Late,No,8,0,171,2023,1,0.5,-0.6311919470410735,NA,1.6436240800121633,1.270563124674447
H07,1,1,HS 7th/8th,8,NA,171,NA,NA,NA,4,4,NA,8,Heritage Spanish,NA,NA,NA,Selection,FCT-28,1,NA,NA,NA,NA,NA,NA,NA,Subjunctive,NA,NA,salir,334324,Irregular,HS,7th/8th,Late,No,8,0,171,2023,1,0.5,-0.5503787506752892,NA,1.6436240800121633,1.270563124674447
H08,1,1,L2L 7th/8th,8,NA,168,NA,NA,NA,1,6,NA,8,"Hindi, Mandarin",Yes,Yes,Yes,Selection,FCT-02,0,NA,NA,NA,NA,NA,NA,NA,Subjunctive,NA,NA,ver,1611795,Irregular,L2L,7th/8th,Late,No,7,0,168,2023,0,0.14285714285714285,0.9536497279755688,NA,1.528735507566193,1.1645697874194985
H08,1,1,L2L 7th/8th,8,NA,168,NA,NA,NA,1,6,NA,8,"Hindi, Mandarin",Yes,Yes,Yes,Selection,FCT-06,0,NA,NA,NA,NA,NA,NA,NA,Subjunctive,NA,NA,hacer,2726954,Irregular,L2L,7th/8th,Late,No,7,0,168,2023,0,0.14285714285714285,2.266580427947476,NA,1.528735507566193,1.1645697874194985
H08,1,1,L2L 7th/8th,8,NA,168,NA,NA,NA,1,6,NA,8,"Hindi, Mandarin",Yes,Yes,Yes,Selection,FCT-10,0,NA,NA,NA,NA,NA,NA,NA,Subjunctive,NA,NA,comer,213756,Regular,L2L,7th/8th,Late,No,7,0,168,2023,0,0.14285714285714285,-0.6923292964129041,NA,1.528735507566193,1.1645697874194985
H08,1,1,L2L 7th/8th,8,NA,168,NA,NA,NA,1,6,NA,8,"Hindi, Mandarin",Yes,Yes,Yes,Selection,FCT-14,1,NA,NA,NA,NA,NA,NA,NA,Subjunctive,NA,NA,ir,603647,Irregular,L2L,7th/8th,Late,No,7,0,168,2023,1,0.14285714285714285,-0.23329173895002495,NA,1.528735507566193,1.1645697874194985
H08,1,1,L2L 7th/8th,8,NA,168,NA,NA,NA,1,6,NA,8,"Hindi, Mandarin",Yes,Yes,Yes,Selection,FCT-18,1,NA,NA,NA,NA,NA,NA,NA,Subjunctive,NA,NA,abrir,143932,Regular,L2L,7th/8th,Late,No,7,0,168,2023,1,0.14285714285714285,-0.7745364733220609,NA,1.528735507566193,1.1645697874194985
H08,1,1,L2L 7th/8th,8,NA,168,NA,NA,NA,1,6,NA,8,"Hindi, Mandarin",Yes,Yes,Yes,Selection,FCT-22,1,NA,NA,NA,NA,NA,NA,NA,Subjunctive,NA,NA,poner,514285,Irregular,L2L,7th/8th,Late,No,7,0,168,2023,1,0.14285714285714285,-0.33850194952169194,NA,1.528735507566193,1.1645697874194985
H08,1,1,L2L 7th/8th,8,NA,168,NA,NA,NA,1,6,NA,8,"Hindi, Mandarin",Yes,Yes,Yes,Selection,FCT-26,1,NA,NA,NA,NA,NA,NA,NA,Subjunctive,NA,NA,escribir,265684,Regular,L2L,7th/8th,Late,No,7,0,168,2023,1,0.14285714285714285,-0.6311919470410735,NA,1.528735507566193,1.1645697874194985
H08,1,1,L2L 7th/8th,8,NA,168,NA,NA,NA,1,6,NA,8,"Hindi, Mandarin",Yes,Yes,Yes,Selection,FCT-28,1,NA,NA,NA,NA,NA,NA,NA,Subjunctive,NA,NA,salir,334324,Irregular,L2L,7th/8th,Late,No,7,0,168,2023,1,0.14285714285714285,-0.5503787506752892,NA,1.528735507566193,1.1645697874194985
H09,1,1,L2L 7th/8th,8,NA,168,NA,NA,NA,1,4,NA,7,L2 learner,L2,L2,L2,Selection,FCT-02,1,NA,NA,NA,NA,NA,NA,NA,Subjunctive,NA,NA,ver,1611795,Irregular,L2L,7th/8th,Late,No,5,0,168,2023,1,0.2,0.9536497279755688,NA,1.528735507566193,1.1645697874194985
H09,1,1,L2L 7th/8th,8,NA,168,NA,NA,NA,1,4,NA,7,L2 learner,L2,L2,L2,Selection,FCT-06,1,NA,NA,NA,NA,NA,NA,NA,Subjunctive,NA,NA,hacer,2726954,Irregular,L2L,7th/8th,Late,No,5,0,168,2023,1,0.2,2.266580427947476,NA,1.528735507566193,1.1645697874194985
H09,1,1,L2L 7th/8th,8,NA,168,NA,NA,NA,1,4,NA,7,L2 learner,L2,L2,L2,Selection,FCT-10,0,NA,NA,NA,NA,NA,NA,NA,Subjunctive,NA,NA,comer,213756,Regular,L2L,7th/8th,Late,No,5,0,168,2023,0,0.2,-0.6923292964129041,NA,1.528735507566193,1.1645697874194985
H09,1,1,L2L 7th/8th,8,NA,168,NA,NA,NA,1,4,NA,7,L2 learner,L2,L2,L2,Selection,FCT-14,1,NA,NA,NA,NA,NA,NA,NA,Subjunctive,NA,NA,ir,603647,Irregular,L2L,7th/8th,Late,No,5,0,168,2023,1,0.2,-0.23329173895002495,NA,1.528735507566193,1.1645697874194985
H09,1,1,L2L 7th/8th,8,NA,168,NA,NA,NA,1,4,NA,7,L2 learner,L2,L2,L2,Selection,FCT-18,1,NA,NA,NA,NA,NA,NA,NA,Subjunctive,NA,NA,abrir,143932,Regular,L2L,7th/8th,Late,No,5,0,168,2023,1,0.2,-0.7745364733220609,NA,1.528735507566193,1.1645697874194985
H09,1,1,L2L 7th/8th,8,NA,168,NA,NA,NA,1,4,NA,7,L2 learner,L2,L2,L2,Selection,FCT-22,1,NA,NA,NA,NA,NA,NA,NA,Subjunctive,NA,NA,poner,514285,Irregular,L2L,7th/8th,Late,No,5,0,168,2023,1,0.2,-0.33850194952169194,NA,1.528735507566193,1.1645697874194985
H09,1,1,L2L 7th/8th,8,NA,168,NA,NA,NA,1,4,NA,7,L2 learner,L2,L2,L2,Selection,FCT-26,1,NA,NA,NA,NA,NA,NA,NA,Subjunctive,NA,NA,escribir,265684,Regular,L2L,7th/8th,Late,No,5,0,168,2023,1,0.2,-0.6311919470410735,NA,1.528735507566193,1.1645697874194985
H09,1,1,L2L 7th/8th,8,NA,168,NA,NA,NA,1,4,NA,7,L2 learner,L2,L2,L2,Selection,FCT-28,0,NA,NA,NA,NA,NA,NA,NA,Subjunctive,NA,NA,salir,334324,Irregular,L2L,7th/8th,Late,No,5,0,168,2023,0,0.2,-0.5503787506752892,NA,1.528735507566193,1.1645697874194985
H10,1,1,L2L 7th/8th,8,NA,173,NA,NA,NA,2,4,3,8,Russian,No,Yes,Yes,Selection,FCT-02,0,NA,NA,NA,NA,NA,NA,NA,Subjunctive,NA,NA,ver,1611795,Irregular,L2L,7th/8th,Late,No,6,0,173,2023,0,0.3333333333333333,0.9536497279755688,NA,1.7202164616428102,1.3412253495110797
H10,1,1,L2L 7th/8th,8,NA,173,NA,NA,NA,2,4,3,8,Russian,No,Yes,Yes,Selection,FCT-06,1,NA,NA,NA,NA,NA,NA,NA,Subjunctive,NA,NA,hacer,2726954,Irregular,L2L,7th/8th,Late,No,6,0,173,2023,1,0.3333333333333333,2.266580427947476,NA,1.7202164616428102,1.3412253495110797
H10,1,1,L2L 7th/8th,8,NA,173,NA,NA,NA,2,4,3,8,Russian,No,Yes,Yes,Selection,FCT-10,0,NA,NA,NA,NA,NA,NA,NA,Subjunctive,NA,NA,comer,213756,Regular,L2L,7th/8th,Late,No,6,0,173,2023,0,0.3333333333333333,-0.6923292964129041,NA,1.7202164616428102,1.3412253495110797
H10,1,1,L2L 7th/8th,8,NA,173,NA,NA,NA,2,4,3,8,Russian,No,Yes,Yes,Selection,FCT-14,1,NA,NA,NA,NA,NA,NA,NA,Subjunctive,NA,NA,ir,603647,Irregular,L2L,7th/8th,Late,No,6,0,173,2023,1,0.3333333333333333,-0.23329173895002495,NA,1.7202164616428102,1.3412253495110797
H10,1,1,L2L 7th/8th,8,NA,173,NA,NA,NA,2,4,3,8,Russian,No,Yes,Yes,Selection,FCT-18,1,NA,NA,NA,NA,NA,NA,NA,Subjunctive,NA,NA,abrir,143932,Regular,L2L,7th/8th,Late,No,6,0,173,2023,1,0.3333333333333333,-0.7745364733220609,NA,1.7202164616428102,1.3412253495110797
H10,1,1,L2L 7th/8th,8,NA,173,NA,NA,NA,2,4,3,8,Russian,No,Yes,Yes,Selection,FCT-22,1,NA,NA,NA,NA,NA,NA,NA,Subjunctive,NA,NA,poner,514285,Irregular,L2L,7th/8th,Late,No,6,0,173,2023,1,0.3333333333333333,-0.33850194952169194,NA,1.7202164616428102,1.3412253495110797
H10,1,1,L2L 7th/8th,8,NA,173,NA,NA,NA,2,4,3,8,Russian,No,Yes,Yes,Selection,FCT-26,1,NA,NA,NA,NA,NA,NA,NA,Subjunctive,NA,NA,escribir,265684,Regular,L2L,7th/8th,Late,No,6,0,173,2023,1,0.3333333333333333,-0.6311919470410735,NA,1.7202164616428102,1.3412253495110797
H10,1,1,L2L 7th/8th,8,NA,173,NA,NA,NA,2,4,3,8,Russian,No,Yes,Yes,Selection,FCT-28,1,NA,NA,NA,NA,NA,NA,NA,Subjunctive,NA,NA,salir,334324,Irregular,L2L,7th/8th,Late,No,6,0,173,2023,1,0.3333333333333333,-0.5503787506752892,NA,1.7202164616428102,1.3412253495110797
H11,1,1,L2L 7th/8th,8,NA,173,NA,NA,NA,2,4,3,8,Russian,No,Yes,Yes,Selection,FCT-02,1,NA,NA,NA,NA,NA,NA,NA,Subjunctive,NA,NA,ver,1611795,Irregular,L2L,7th/8th,Late,No,6,0,173,2023,1,0.3333333333333333,0.9536497279755688,NA,1.7202164616428102,1.3412253495110797
H11,1,1,L2L 7th/8th,8,NA,173,NA,NA,NA,2,4,3,8,Russian,No,Yes,Yes,Selection,FCT-06,1,NA,NA,NA,NA,NA,NA,NA,Subjunctive,NA,NA,hacer,2726954,Irregular,L2L,7th/8th,Late,No,6,0,173,2023,1,0.3333333333333333,2.266580427947476,NA,1.7202164616428102,1.3412253495110797
H11,1,1,L2L 7th/8th,8,NA,173,NA,NA,NA,2,4,3,8,Russian,No,Yes,Yes,Selection,FCT-10,1,NA,NA,NA,NA,NA,NA,NA,Subjunctive,NA,NA,comer,213756,Regular,L2L,7th/8th,Late,No,6,0,173,2023,1,0.3333333333333333,-0.6923292964129041,NA,1.7202164616428102,1.3412253495110797
H11,1,1,L2L 7th/8th,8,NA,173,NA,NA,NA,2,4,3,8,Russian,No,Yes,Yes,Selection,FCT-14,1,NA,NA,NA,NA,NA,NA,NA,Subjunctive,NA,NA,ir,603647,Irregular,L2L,7th/8th,Late,No,6,0,173,2023,1,0.3333333333333333,-0.23329173895002495,NA,1.7202164616428102,1.3412253495110797
H11,1,1,L2L 7th/8th,8,NA,173,NA,NA,NA,2,4,3,8,Russian,No,Yes,Yes,Selection,FCT-18,0,NA,NA,NA,NA,NA,NA,NA,Subjunctive,NA,NA,abrir,143932,Regular,L2L,7th/8th,Late,No,6,0,173,2023,0,0.3333333333333333,-0.7745364733220609,NA,1.7202164616428102,1.3412253495110797
H11,1,1,L2L 7th/8th,8,NA,173,NA,NA,NA,2,4,3,8,Russian,No,Yes,Yes,Selection,FCT-22,1,NA,NA,NA,NA,NA,NA,NA,Subjunctive,NA,NA,poner,514285,Irregular,L2L,7th/8th,Late,No,6,0,173,2023,1,0.3333333333333333,-0.33850194952169194,NA,1.7202164616428102,1.3412253495110797
H11,1,1,L2L 7th/8th,8,NA,173,NA,NA,NA,2,4,3,8,Russian,No,Yes,Yes,Selection,FCT-26,1,NA,NA,NA,NA,NA,NA,NA,Subjunctive,NA,NA,escribir,265684,Regular,L2L,7th/8th,Late,No,6,0,173,2023,1,0.3333333333333333,-0.6311919470410735,NA,1.7202164616428102,1.3412253495110797
H11,1,1,L2L 7th/8th,8,NA,173,NA,NA,NA,2,4,3,8,Russian,No,Yes,Yes,Selection,FCT-28,1,NA,NA,NA,NA,NA,NA,NA,Subjunctive,NA,NA,salir,334324,Irregular,L2L,7th/8th,Late,No,6,0,173,2023,1,0.3333333333333333,-0.5503787506752892,NA,1.7202164616428102,1.3412253495110797
H12,1,1,L2L 7th/8th,8,NA,174,NA,NA,NA,2,2,NA,5,L2 learner,L2,L2,L2,Selection,FCT-02,1,NA,NA,NA,NA,NA,NA,NA,Subjunctive,NA,NA,ver,1611795,Irregular,L2L,7th/8th,Late,No,4,0,174,2023,1,0.5,0.9536497279755688,NA,1.7585126524581336,1.376556461929396
H12,1,1,L2L 7th/8th,8,NA,174,NA,NA,NA,2,2,NA,5,L2 learner,L2,L2,L2,Selection,FCT-06,1,NA,NA,NA,NA,NA,NA,NA,Subjunctive,NA,NA,hacer,2726954,Irregular,L2L,7th/8th,Late,No,4,0,174,2023,1,0.5,2.266580427947476,NA,1.7585126524581336,1.376556461929396
H12,1,1,L2L 7th/8th,8,NA,174,NA,NA,NA,2,2,NA,5,L2 learner,L2,L2,L2,Selection,FCT-10,1,NA,NA,NA,NA,NA,NA,NA,Subjunctive,NA,NA,comer,213756,Regular,L2L,7th/8th,Late,No,4,0,174,2023,1,0.5,-0.6923292964129041,NA,1.7585126524581336,1.376556461929396
H12,1,1,L2L 7th/8th,8,NA,174,NA,NA,NA,2,2,NA,5,L2 learner,L2,L2,L2,Selection,FCT-14,1,NA,NA,NA,NA,NA,NA,NA,Subjunctive,NA,NA,ir,603647,Irregular,L2L,7th/8th,Late,No,4,0,174,2023,1,0.5,-0.23329173895002495,NA,1.7585126524581336,1.376556461929396
H12,1,1,L2L 7th/8th,8,NA,174,NA,NA,NA,2,2,NA,5,L2 learner,L2,L2,L2,Selection,FCT-18,1,NA,NA,NA,NA,NA,NA,NA,Subjunctive,NA,NA,abrir,143932,Regular,L2L,7th/8th,Late,No,4,0,174,2023,1,0.5,-0.7745364733220609,NA,1.7585126524581336,1.376556461929396
H12,1,1,L2L 7th/8th,8,NA,174,NA,NA,NA,2,2,NA,5,L2 learner,L2,L2,L2,Selection,FCT-22,1,NA,NA,NA,NA,NA,NA,NA,Subjunctive,NA,NA,poner,514285,Irregular,L2L,7th/8th,Late,No,4,0,174,2023,1,0.5,-0.33850194952169194,NA,1.7585126524581336,1.376556461929396
H12,1,1,L2L 7th/8th,8,NA,174,NA,NA,NA,2,2,NA,5,L2 learner,L2,L2,L2,Selection,FCT-26,0,NA,NA,NA,NA,NA,NA,NA,Subjunctive,NA,NA,escribir,265684,Regular,L2L,7th/8th,Late,No,4,0,174,2023,0,0.5,-0.6311919470410735,NA,1.7585126524581336,1.376556461929396
H12,1,1,L2L 7th/8th,8,NA,174,NA,NA,NA,2,2,NA,5,L2 learner,L2,L2,L2,Selection,FCT-28,0,NA,NA,NA,NA,NA,NA,NA,Subjunctive,NA,NA,salir,334324,Irregular,L2L,7th/8th,Late,No,4,0,174,2023,0,0.5,-0.5503787506752892,NA,1.7585126524581336,1.376556461929396
H13,1,1,L2L 7th/8th,8,NA,173,NA,NA,NA,3,4,NA,8,"Bulgarian, Russian",No,Yes,Yes,Selection,FCT-02,1,NA,NA,NA,NA,NA,NA,NA,Subjunctive,NA,NA,ver,1611795,Irregular,L2L,7th/8th,Late,No,7,0,173,2023,1,0.42857142857142855,0.9536497279755688,NA,1.7202164616428102,1.3412253495110797
H13,1,1,L2L 7th/8th,8,NA,173,NA,NA,NA,3,4,NA,8,"Bulgarian, Russian",No,Yes,Yes,Selection,FCT-06,1,NA,NA,NA,NA,NA,NA,NA,Subjunctive,NA,NA,hacer,2726954,Irregular,L2L,7th/8th,Late,No,7,0,173,2023,1,0.42857142857142855,2.266580427947476,NA,1.7202164616428102,1.3412253495110797
H13,1,1,L2L 7th/8th,8,NA,173,NA,NA,NA,3,4,NA,8,"Bulgarian, Russian",No,Yes,Yes,Selection,FCT-10,0,NA,NA,NA,NA,NA,NA,NA,Subjunctive,NA,NA,comer,213756,Regular,L2L,7th/8th,Late,No,7,0,173,2023,0,0.42857142857142855,-0.6923292964129041,NA,1.7202164616428102,1.3412253495110797
H13,1,1,L2L 7th/8th,8,NA,173,NA,NA,NA,3,4,NA,8,"Bulgarian, Russian",No,Yes,Yes,Selection,FCT-14,0,NA,NA,NA,NA,NA,NA,NA,Subjunctive,NA,NA,ir,603647,Irregular,L2L,7th/8th,Late,No,7,0,173,2023,0,0.42857142857142855,-0.23329173895002495,NA,1.7202164616428102,1.3412253495110797
H13,1,1,L2L 7th/8th,8,NA,173,NA,NA,NA,3,4,NA,8,"Bulgarian, Russian",No,Yes,Yes,Selection,FCT-18,0,NA,NA,NA,NA,NA,NA,NA,Subjunctive,NA,NA,abrir,143932,Regular,L2L,7th/8th,Late,No,7,0,173,2023,0,0.42857142857142855,-0.7745364733220609,NA,1.7202164616428102,1.3412253495110797
H13,1,1,L2L 7th/8th,8,NA,173,NA,NA,NA,3,4,NA,8,"Bulgarian, Russian",No,Yes,Yes,Selection,FCT-22,1,NA,NA,NA,NA,NA,NA,NA,Subjunctive,NA,NA,poner,514285,Irregular,L2L,7th/8th,Late,No,7,0,173,2023,1,0.42857142857142855,-0.33850194952169194,NA,1.7202164616428102,1.3412253495110797
H13,1,1,L2L 7th/8th,8,NA,173,NA,NA,NA,3,4,NA,8,"Bulgarian, Russian",No,Yes,Yes,Selection,FCT-26,0,NA,NA,NA,NA,NA,NA,NA,Subjunctive,NA,NA,escribir,265684,Regular,L2L,7th/8th,Late,No,7,0,173,2023,0,0.42857142857142855,-0.6311919470410735,NA,1.7202164616428102,1.3412253495110797
H13,1,1,L2L 7th/8th,8,NA,173,NA,NA,NA,3,4,NA,8,"Bulgarian, Russian",No,Yes,Yes,Selection,FCT-28,1,NA,NA,NA,NA,NA,NA,NA,Subjunctive,NA,NA,salir,334324,Irregular,L2L,7th/8th,Late,No,7,0,173,2023,1,0.42857142857142855,-0.5503787506752892,NA,1.7202164616428102,1.3412253495110797
H14,1,1,L2L 7th/8th,8,NA,172,NA,NA,NA,2,4,NA,8,L2 learner,L2,L2,L2,Selection,FCT-02,1,NA,NA,NA,NA,NA,NA,NA,Subjunctive,NA,NA,ver,1611795,Irregular,L2L,7th/8th,Late,No,6,0,172,2023,1,0.3333333333333333,0.9536497279755688,NA,1.6819202708274867,1.3058942370927635
H14,1,1,L2L 7th/8th,8,NA,172,NA,NA,NA,2,4,NA,8,L2 learner,L2,L2,L2,Selection,FCT-06,0,NA,NA,NA,NA,NA,NA,NA,Subjunctive,NA,NA,hacer,2726954,Irregular,L2L,7th/8th,Late,No,6,0,172,2023,0,0.3333333333333333,2.266580427947476,NA,1.6819202708274867,1.3058942370927635
H14,1,1,L2L 7th/8th,8,NA,172,NA,NA,NA,2,4,NA,8,L2 learner,L2,L2,L2,Selection,FCT-10,0,NA,NA,NA,NA,NA,NA,NA,Subjunctive,NA,NA,comer,213756,Regular,L2L,7th/8th,Late,No,6,0,172,2023,0,0.3333333333333333,-0.6923292964129041,NA,1.6819202708274867,1.3058942370927635
H14,1,1,L2L 7th/8th,8,NA,172,NA,NA,NA,2,4,NA,8,L2 learner,L2,L2,L2,Selection,FCT-14,0,NA,NA,NA,NA,NA,NA,NA,Subjunctive,NA,NA,ir,603647,Irregular,L2L,7th/8th,Late,No,6,0,172,2023,0,0.3333333333333333,-0.23329173895002495,NA,1.6819202708274867,1.3058942370927635
H14,1,1,L2L 7th/8th,8,NA,172,NA,NA,NA,2,4,NA,8,L2 learner,L2,L2,L2,Selection,FCT-18,0,NA,NA,NA,NA,NA,NA,NA,Subjunctive,NA,NA,abrir,143932,Regular,L2L,7th/8th,Late,No,6,0,172,2023,0,0.3333333333333333,-0.7745364733220609,NA,1.6819202708274867,1.3058942370927635
H14,1,1,L2L 7th/8th,8,NA,172,NA,NA,NA,2,4,NA,8,L2 learner,L2,L2,L2,Selection,FCT-22,0,NA,NA,NA,NA,NA,NA,NA,Subjunctive,NA,NA,poner,514285,Irregular,L2L,7th/8th,Late,No,6,0,172,2023,0,0.3333333333333333,-0.33850194952169194,NA,1.6819202708274867,1.3058942370927635
H14,1,1,L2L 7th/8th,8,NA,172,NA,NA,NA,2,4,NA,8,L2 learner,L2,L2,L2,Selection,FCT-26,0,NA,NA,NA,NA,NA,NA,NA,Subjunctive,NA,NA,escribir,265684,Regular,L2L,7th/8th,Late,No,6,0,172,2023,0,0.3333333333333333,-0.6311919470410735,NA,1.6819202708274867,1.3058942370927635
H14,1,1,L2L 7th/8th,8,NA,172,NA,NA,NA,2,4,NA,8,L2 learner,L2,L2,L2,Selection,FCT-28,0,NA,NA,NA,NA,NA,NA,NA,Subjunctive,NA,NA,salir,334324,Irregular,L2L,7th/8th,Late,No,6,0,172,2023,0,0.3333333333333333,-0.5503787506752892,NA,1.6819202708274867,1.3058942370927635
H15,1,1,HS 7th/8th,8,NA,172,NA,NA,NA,1,4,NA,8,Heritage Spanish,NA,NA,NA,Selection,FCT-02,0,NA,NA,NA,NA,NA,NA,NA,Subjunctive,NA,NA,ver,1611795,Irregular,HS,7th/8th,Late,No,5,0,172,2023,0,0.2,0.9536497279755688,NA,1.6819202708274867,1.3058942370927635
H15,1,1,HS 7th/8th,8,NA,172,NA,NA,NA,1,4,NA,8,Heritage Spanish,NA,NA,NA,Selection,FCT-06,1,NA,NA,NA,NA,NA,NA,NA,Subjunctive,NA,NA,hacer,2726954,Irregular,HS,7th/8th,Late,No,5,0,172,2023,1,0.2,2.266580427947476,NA,1.6819202708274867,1.3058942370927635
H15,1,1,HS 7th/8th,8,NA,172,NA,NA,NA,1,4,NA,8,Heritage Spanish,NA,NA,NA,Selection,FCT-10,1,NA,NA,NA,NA,NA,NA,NA,Subjunctive,NA,NA,comer,213756,Regular,HS,7th/8th,Late,No,5,0,172,2023,1,0.2,-0.6923292964129041,NA,1.6819202708274867,1.3058942370927635
H15,1,1,HS 7th/8th,8,NA,172,NA,NA,NA,1,4,NA,8,Heritage Spanish,NA,NA,NA,Selection,FCT-14,0,NA,NA,NA,NA,NA,NA,NA,Subjunctive,NA,NA,ir,603647,Irregular,HS,7th/8th,Late,No,5,0,172,2023,0,0.2,-0.23329173895002495,NA,1.6819202708274867,1.3058942370927635
H15,1,1,HS 7th/8th,8,NA,172,NA,NA,NA,1,4,NA,8,Heritage Spanish,NA,NA,NA,Selection,FCT-18,0,NA,NA,NA,NA,NA,NA,NA,Subjunctive,NA,NA,abrir,143932,Regular,HS,7th/8th,Late,No,5,0,172,2023,0,0.2,-0.7745364733220609,NA,1.6819202708274867,1.3058942370927635
H15,1,1,HS 7th/8th,8,NA,172,NA,NA,NA,1,4,NA,8,Heritage Spanish,NA,NA,NA,Selection,FCT-22,1,NA,NA,NA,NA,NA,NA,NA,Subjunctive,NA,NA,poner,514285,Irregular,HS,7th/8th,Late,No,5,0,172,2023,1,0.2,-0.33850194952169194,NA,1.6819202708274867,1.3058942370927635
H15,1,1,HS 7th/8th,8,NA,172,NA,NA,NA,1,4,NA,8,Heritage Spanish,NA,NA,NA,Selection,FCT-26,0,NA,NA,NA,NA,NA,NA,NA,Subjunctive,NA,NA,escribir,265684,Regular,HS,7th/8th,Late,No,5,0,172,2023,0,0.2,-0.6311919470410735,NA,1.6819202708274867,1.3058942370927635
H15,1,1,HS 7th/8th,8,NA,172,NA,NA,NA,1,4,NA,8,Heritage Spanish,NA,NA,NA,Selection,FCT-28,0,NA,NA,NA,NA,NA,NA,NA,Subjunctive,NA,NA,salir,334324,Irregular,HS,7th/8th,Late,No,5,0,172,2023,0,0.2,-0.5503787506752892,NA,1.6819202708274867,1.3058942370927635
H16,1,1,L2L 7th/8th,8,NA,165,NA,NA,NA,2,5,NA,7,L2 learner,L2,L2,L2,Selection,FCT-02,0,NA,NA,NA,NA,NA,NA,NA,Subjunctive,NA,NA,ver,1611795,Irregular,L2L,7th/8th,Late,No,7,0,165,2023,0,0.2857142857142857,0.9536497279755688,NA,1.4138469351202227,1.0585764501645496
H16,1,1,L2L 7th/8th,8,NA,165,NA,NA,NA,2,5,NA,7,L2 learner,L2,L2,L2,Selection,FCT-06,1,NA,NA,NA,NA,NA,NA,NA,Subjunctive,NA,NA,hacer,2726954,Irregular,L2L,7th/8th,Late,No,7,0,165,2023,1,0.2857142857142857,2.266580427947476,NA,1.4138469351202227,1.0585764501645496
H16,1,1,L2L 7th/8th,8,NA,165,NA,NA,NA,2,5,NA,7,L2 learner,L2,L2,L2,Selection,FCT-10,0,NA,NA,NA,NA,NA,NA,NA,Subjunctive,NA,NA,comer,213756,Regular,L2L,7th/8th,Late,No,7,0,165,2023,0,0.2857142857142857,-0.6923292964129041,NA,1.4138469351202227,1.0585764501645496
H16,1,1,L2L 7th/8th,8,NA,165,NA,NA,NA,2,5,NA,7,L2 learner,L2,L2,L2,Selection,FCT-14,1,NA,NA,NA,NA,NA,NA,NA,Subjunctive,NA,NA,ir,603647,Irregular,L2L,7th/8th,Late,No,7,0,165,2023,1,0.2857142857142857,-0.23329173895002495,NA,1.4138469351202227,1.0585764501645496
H16,1,1,L2L 7th/8th,8,NA,165,NA,NA,NA,2,5,NA,7,L2 learner,L2,L2,L2,Selection,FCT-18,0,NA,NA,NA,NA,NA,NA,NA,Subjunctive,NA,NA,abrir,143932,Regular,L2L,7th/8th,Late,No,7,0,165,2023,0,0.2857142857142857,-0.7745364733220609,NA,1.4138469351202227,1.0585764501645496
H16,1,1,L2L 7th/8th,8,NA,165,NA,NA,NA,2,5,NA,7,L2 learner,L2,L2,L2,Selection,FCT-22,0,NA,NA,NA,NA,NA,NA,NA,Subjunctive,NA,NA,poner,514285,Irregular,L2L,7th/8th,Late,No,7,0,165,2023,0,0.2857142857142857,-0.33850194952169194,NA,1.4138469351202227,1.0585764501645496
H16,1,1,L2L 7th/8th,8,NA,165,NA,NA,NA,2,5,NA,7,L2 learner,L2,L2,L2,Selection,FCT-26,0,NA,NA,NA,NA,NA,NA,NA,Subjunctive,NA,NA,escribir,265684,Regular,L2L,7th/8th,Late,No,7,0,165,2023,0,0.2857142857142857,-0.6311919470410735,NA,1.4138469351202227,1.0585764501645496
H16,1,1,L2L 7th/8th,8,NA,165,NA,NA,NA,2,5,NA,7,L2 learner,L2,L2,L2,Selection,FCT-28,1,NA,NA,NA,NA,NA,NA,NA,Subjunctive,NA,NA,salir,334324,Irregular,L2L,7th/8th,Late,No,7,0,165,2023,1,0.2857142857142857,-0.5503787506752892,NA,1.4138469351202227,1.0585764501645496
H17,1,1,HS 4th/5th,5,10,126,NA,NA,NA,2,6,NA,8,Heritage Spanish,NA,NA,NA,Selection,FCT-02,0,NA,NA,NA,NA,NA,NA,NA,Subjunctive,NA,NA,ver,1611795,Irregular,HS,4th/5th,Late,No,8,0,126,2023,0,0.25,0.9536497279755688,NA,-0.0797045066773919,-0.31933693414978526
H17,1,1,HS 4th/5th,5,10,126,NA,NA,NA,2,6,NA,8,Heritage Spanish,NA,NA,NA,Selection,FCT-06,1,NA,NA,NA,NA,NA,NA,NA,Subjunctive,NA,NA,hacer,2726954,Irregular,HS,4th/5th,Late,No,8,0,126,2023,1,0.25,2.266580427947476,NA,-0.0797045066773919,-0.31933693414978526
H17,1,1,HS 4th/5th,5,10,126,NA,NA,NA,2,6,NA,8,Heritage Spanish,NA,NA,NA,Selection,FCT-10,0,NA,NA,NA,NA,NA,NA,NA,Subjunctive,NA,NA,comer,213756,Regular,HS,4th/5th,Late,No,8,0,126,2023,0,0.25,-0.6923292964129041,NA,-0.0797045066773919,-0.31933693414978526
H17,1,1,HS 4th/5th,5,10,126,NA,NA,NA,2,6,NA,8,Heritage Spanish,NA,NA,NA,Selection,FCT-14,1,NA,NA,NA,NA,NA,NA,NA,Subjunctive,NA,NA,ir,603647,Irregular,HS,4th/5th,Late,No,8,0,126,2023,1,0.25,-0.23329173895002495,NA,-0.0797045066773919,-0.31933693414978526
H17,1,1,HS 4th/5th,5,10,126,NA,NA,NA,2,6,NA,8,Heritage Spanish,NA,NA,NA,Selection,FCT-18,1,NA,NA,NA,NA,NA,NA,NA,Subjunctive,NA,NA,abrir,143932,Regular,HS,4th/5th,Late,No,8,0,126,2023,1,0.25,-0.7745364733220609,NA,-0.0797045066773919,-0.31933693414978526
H17,1,1,HS 4th/5th,5,10,126,NA,NA,NA,2,6,NA,8,Heritage Spanish,NA,NA,NA,Selection,FCT-22,1,NA,NA,NA,NA,NA,NA,NA,Subjunctive,NA,NA,poner,514285,Irregular,HS,4th/5th,Late,No,8,0,126,2023,1,0.25,-0.33850194952169194,NA,-0.0797045066773919,-0.31933693414978526
H17,1,1,HS 4th/5th,5,10,126,NA,NA,NA,2,6,NA,8,Heritage Spanish,NA,NA,NA,Selection,FCT-26,0,NA,NA,NA,NA,NA,NA,NA,Subjunctive,NA,NA,escribir,265684,Regular,HS,4th/5th,Late,No,8,0,126,2023,0,0.25,-0.6311919470410735,NA,-0.0797045066773919,-0.31933693414978526
H17,1,1,HS 4th/5th,5,10,126,NA,NA,NA,2,6,NA,8,Heritage Spanish,NA,NA,NA,Selection,FCT-28,1,NA,NA,NA,NA,NA,NA,NA,Subjunctive,NA,NA,salir,334324,Irregular,HS,4th/5th,Late,No,8,0,126,2023,1,0.25,-0.5503787506752892,NA,-0.0797045066773919,-0.31933693414978526
H17,1,2,HS 7th/8th,8,10,126,NA,NA,NA,2,6,NA,8,Heritage Spanish,NA,NA,NA,Selection,FCT-02,0,NA,NA,NA,NA,NA,NA,NA,Subjunctive,NA,NA,ver,1611795,Irregular,HS,7th/8th,Late,No,8,36,162,2026,0,0.25,0.9536497279755688,NA,-0.0797045066773919,0.9525831129096007
H17,1,2,HS 7th/8th,8,10,126,NA,NA,NA,2,6,NA,8,Heritage Spanish,NA,NA,NA,Selection,FCT-06,1,NA,NA,NA,NA,NA,NA,NA,Subjunctive,NA,NA,hacer,2726954,Irregular,HS,7th/8th,Late,No,8,36,162,2026,1,0.25,2.266580427947476,NA,-0.0797045066773919,0.9525831129096007
H17,1,2,HS 7th/8th,8,10,126,NA,NA,NA,2,6,NA,8,Heritage Spanish,NA,NA,NA,Selection,FCT-10,1,NA,NA,NA,NA,NA,NA,NA,Subjunctive,NA,NA,comer,213756,Regular,HS,7th/8th,Late,No,8,36,162,2026,1,0.25,-0.6923292964129041,NA,-0.0797045066773919,0.9525831129096007
H17,1,2,HS 7th/8th,8,10,126,NA,NA,NA,2,6,NA,8,Heritage Spanish,NA,NA,NA,Selection,FCT-14,1,NA,NA,NA,NA,NA,NA,NA,Subjunctive,NA,NA,ir,603647,Irregular,HS,7th/8th,Late,No,8,36,162,2026,1,0.25,-0.23329173895002495,NA,-0.0797045066773919,0.9525831129096007
H17,1,2,HS 7th/8th,8,10,126,NA,NA,NA,2,6,NA,8,Heritage Spanish,NA,NA,NA,Selection,FCT-18,0,NA,NA,NA,NA,NA,NA,NA,Subjunctive,NA,NA,abrir,143932,Regular,HS,7th/8th,Late,No,8,36,162,2026,0,0.25,-0.7745364733220609,NA,-0.0797045066773919,0.9525831129096007
H17,1,2,HS 7th/8th,8,10,126,NA,NA,NA,2,6,NA,8,Heritage Spanish,NA,NA,NA,Selection,FCT-22,1,NA,NA,NA,NA,NA,NA,NA,Subjunctive,NA,NA,poner,514285,Irregular,HS,7th/8th,Late,No,8,36,162,2026,1,0.25,-0.33850194952169194,NA,-0.0797045066773919,0.9525831129096007
H17,1,2,HS 7th/8th,8,10,126,NA,NA,NA,2,6,NA,8,Heritage Spanish,NA,NA,NA,Selection,FCT-26,1,NA,NA,NA,NA,NA,NA,NA,Subjunctive,NA,NA,escribir,265684,Regular,HS,7th/8th,Late,No,8,36,162,2026,1,0.25,-0.6311919470410735,NA,-0.0797045066773919,0.9525831129096007
H17,1,2,HS 7th/8th,8,10,126,NA,NA,NA,2,6,NA,8,Heritage Spanish,NA,NA,NA,Selection,FCT-28,1,NA,NA,NA,NA,NA,NA,NA,Subjunctive,NA,NA,salir,334324,Irregular,HS,7th/8th,Late,No,8,36,162,2026,1,0.25,-0.5503787506752892,NA,-0.0797045066773919,0.9525831129096007
H18,1,1,L2L 4th/5th,5,10,130,NA,NA,NA,3,4,NA,8,"Russian, Lithuanian",No,Yes,Yes,Selection,FCT-02,0,NA,NA,NA,NA,NA,NA,NA,Subjunctive,NA,NA,ver,1611795,Irregular,L2L,4th/5th,Late,No,7,0,130,2023,0,0.42857142857142855,0.9536497279755688,NA,0.0734802565839019,-0.17801248447652016
H18,1,1,L2L 4th/5th,5,10,130,NA,NA,NA,3,4,NA,8,"Russian, Lithuanian",No,Yes,Yes,Selection,FCT-06,1,NA,NA,NA,NA,NA,NA,NA,Subjunctive,NA,NA,hacer,2726954,Irregular,L2L,4th/5th,Late,No,7,0,130,2023,1,0.42857142857142855,2.266580427947476,NA,0.0734802565839019,-0.17801248447652016
H18,1,1,L2L 4th/5th,5,10,130,NA,NA,NA,3,4,NA,8,"Russian, Lithuanian",No,Yes,Yes,Selection,FCT-10,1,NA,NA,NA,NA,NA,NA,NA,Subjunctive,NA,NA,comer,213756,Regular,L2L,4th/5th,Late,No,7,0,130,2023,1,0.42857142857142855,-0.6923292964129041,NA,0.0734802565839019,-0.17801248447652016
H18,1,1,L2L 4th/5th,5,10,130,NA,NA,NA,3,4,NA,8,"Russian, Lithuanian",No,Yes,Yes,Selection,FCT-14,0,NA,NA,NA,NA,NA,NA,NA,Subjunctive,NA,NA,ir,603647,Irregular,L2L,4th/5th,Late,No,7,0,130,2023,0,0.42857142857142855,-0.23329173895002495,NA,0.0734802565839019,-0.17801248447652016
H18,1,1,L2L 4th/5th,5,10,130,NA,NA,NA,3,4,NA,8,"Russian, Lithuanian",No,Yes,Yes,Selection,FCT-18,0,NA,NA,NA,NA,NA,NA,NA,Subjunctive,NA,NA,abrir,143932,Regular,L2L,4th/5th,Late,No,7,0,130,2023,0,0.42857142857142855,-0.7745364733220609,NA,0.0734802565839019,-0.17801248447652016
H18,1,1,L2L 4th/5th,5,10,130,NA,NA,NA,3,4,NA,8,"Russian, Lithuanian",No,Yes,Yes,Selection,FCT-22,0,NA,NA,NA,NA,NA,NA,NA,Subjunctive,NA,NA,poner,514285,Irregular,L2L,4th/5th,Late,No,7,0,130,2023,0,0.42857142857142855,-0.33850194952169194,NA,0.0734802565839019,-0.17801248447652016
H18,1,1,L2L 4th/5th,5,10,130,NA,NA,NA,3,4,NA,8,"Russian, Lithuanian",No,Yes,Yes,Selection,FCT-26,1,NA,NA,NA,NA,NA,NA,NA,Subjunctive,NA,NA,escribir,265684,Regular,L2L,4th/5th,Late,No,7,0,130,2023,1,0.42857142857142855,-0.6311919470410735,NA,0.0734802565839019,-0.17801248447652016
H18,1,1,L2L 4th/5th,5,10,130,NA,NA,NA,3,4,NA,8,"Russian, Lithuanian",No,Yes,Yes,Selection,FCT-28,1,NA,NA,NA,NA,NA,NA,NA,Subjunctive,NA,NA,salir,334324,Irregular,L2L,4th/5th,Late,No,7,0,130,2023,1,0.42857142857142855,-0.5503787506752892,NA,0.0734802565839019,-0.17801248447652016
H18,1,2,L2L 7th/8th,8,NA,130,NA,NA,NA,3,4,NA,8,"Russian, Lithuanian",No,Yes,Yes,Selection,FCT-02,0,NA,NA,NA,NA,NA,NA,NA,Subjunctive,NA,NA,ver,1611795,Irregular,L2L,7th/8th,Late,No,7,36,166,2026,0,0.42857142857142855,0.9536497279755688,NA,0.0734802565839019,1.0939075625828658
H18,1,2,L2L 7th/8th,8,NA,130,NA,NA,NA,3,4,NA,8,"Russian, Lithuanian",No,Yes,Yes,Selection,FCT-06,1,NA,NA,NA,NA,NA,NA,NA,Subjunctive,NA,NA,hacer,2726954,Irregular,L2L,7th/8th,Late,No,7,36,166,2026,1,0.42857142857142855,2.266580427947476,NA,0.0734802565839019,1.0939075625828658
H18,1,2,L2L 7th/8th,8,NA,130,NA,NA,NA,3,4,NA,8,"Russian, Lithuanian",No,Yes,Yes,Selection,FCT-10,0,NA,NA,NA,NA,NA,NA,NA,Subjunctive,NA,NA,comer,213756,Regular,L2L,7th/8th,Late,No,7,36,166,2026,0,0.42857142857142855,-0.6923292964129041,NA,0.0734802565839019,1.0939075625828658
H18,1,2,L2L 7th/8th,8,NA,130,NA,NA,NA,3,4,NA,8,"Russian, Lithuanian",No,Yes,Yes,Selection,FCT-14,1,NA,NA,NA,NA,NA,NA,NA,Subjunctive,NA,NA,ir,603647,Irregular,L2L,7th/8th,Late,No,7,36,166,2026,1,0.42857142857142855,-0.23329173895002495,NA,0.0734802565839019,1.0939075625828658
H18,1,2,L2L 7th/8th,8,NA,130,NA,NA,NA,3,4,NA,8,"Russian, Lithuanian",No,Yes,Yes,Selection,FCT-18,1,NA,NA,NA,NA,NA,NA,NA,Subjunctive,NA,NA,abrir,143932,Regular,L2L,7th/8th,Late,No,7,36,166,2026,1,0.42857142857142855,-0.7745364733220609,NA,0.0734802565839019,1.0939075625828658
H18,1,2,L2L 7th/8th,8,NA,130,NA,NA,NA,3,4,NA,8,"Russian, Lithuanian",No,Yes,Yes,Selection,FCT-22,0,NA,NA,NA,NA,NA,NA,NA,Subjunctive,NA,NA,poner,514285,Irregular,L2L,7th/8th,Late,No,7,36,166,2026,0,0.42857142857142855,-0.33850194952169194,NA,0.0734802565839019,1.0939075625828658
H18,1,2,L2L 7th/8th,8,NA,130,NA,NA,NA,3,4,NA,8,"Russian, Lithuanian",No,Yes,Yes,Selection,FCT-26,1,NA,NA,NA,NA,NA,NA,NA,Subjunctive,NA,NA,escribir,265684,Regular,L2L,7th/8th,Late,No,7,36,166,2026,1,0.42857142857142855,-0.6311919470410735,NA,0.0734802565839019,1.0939075625828658
H18,1,2,L2L 7th/8th,8,NA,130,NA,NA,NA,3,4,NA,8,"Russian, Lithuanian",No,Yes,Yes,Selection,FCT-28,1,NA,NA,NA,NA,NA,NA,NA,Subjunctive,NA,NA,salir,334324,Irregular,L2L,7th/8th,Late,No,7,36,166,2026,1,0.42857142857142855,-0.5503787506752892,NA,0.0734802565839019,1.0939075625828658
H19,1,1,L2L 4th/5th,5,10,129,NA,NA,NA,2,5,NA,4,Russian,No,Yes,Yes,Selection,FCT-02,1,NA,NA,NA,NA,NA,NA,NA,Subjunctive,NA,NA,ver,1611795,Irregular,L2L,4th/5th,Late,No,7,0,129,2023,1,0.2857142857142857,0.9536497279755688,NA,0.03518406576857845,-0.21334359689483645
H19,1,1,L2L 4th/5th,5,10,129,NA,NA,NA,2,5,NA,4,Russian,No,Yes,Yes,Selection,FCT-06,0,NA,NA,NA,NA,NA,NA,NA,Subjunctive,NA,NA,hacer,2726954,Irregular,L2L,4th/5th,Late,No,7,0,129,2023,0,0.2857142857142857,2.266580427947476,NA,0.03518406576857845,-0.21334359689483645
H19,1,1,L2L 4th/5th,5,10,129,NA,NA,NA,2,5,NA,4,Russian,No,Yes,Yes,Selection,FCT-10,0,NA,NA,NA,NA,NA,NA,NA,Subjunctive,NA,NA,comer,213756,Regular,L2L,4th/5th,Late,No,7,0,129,2023,0,0.2857142857142857,-0.6923292964129041,NA,0.03518406576857845,-0.21334359689483645
H19,1,1,L2L 4th/5th,5,10,129,NA,NA,NA,2,5,NA,4,Russian,No,Yes,Yes,Selection,FCT-14,1,NA,NA,NA,NA,NA,NA,NA,Subjunctive,NA,NA,ir,603647,Irregular,L2L,4th/5th,Late,No,7,0,129,2023,1,0.2857142857142857,-0.23329173895002495,NA,0.03518406576857845,-0.21334359689483645
H19,1,1,L2L 4th/5th,5,10,129,NA,NA,NA,2,5,NA,4,Russian,No,Yes,Yes,Selection,FCT-18,0,NA,NA,NA,NA,NA,NA,NA,Subjunctive,NA,NA,abrir,143932,Regular,L2L,4th/5th,Late,No,7,0,129,2023,0,0.2857142857142857,-0.7745364733220609,NA,0.03518406576857845,-0.21334359689483645
H19,1,1,L2L 4th/5th,5,10,129,NA,NA,NA,2,5,NA,4,Russian,No,Yes,Yes,Selection,FCT-22,1,NA,NA,NA,NA,NA,NA,NA,Subjunctive,NA,NA,poner,514285,Irregular,L2L,4th/5th,Late,No,7,0,129,2023,1,0.2857142857142857,-0.33850194952169194,NA,0.03518406576857845,-0.21334359689483645
H19,1,1,L2L 4th/5th,5,10,129,NA,NA,NA,2,5,NA,4,Russian,No,Yes,Yes,Selection,FCT-26,1,NA,NA,NA,NA,NA,NA,NA,Subjunctive,NA,NA,escribir,265684,Regular,L2L,4th/5th,Late,No,7,0,129,2023,1,0.2857142857142857,-0.6311919470410735,NA,0.03518406576857845,-0.21334359689483645
H19,1,1,L2L 4th/5th,5,10,129,NA,NA,NA,2,5,NA,4,Russian,No,Yes,Yes,Selection,FCT-28,0,NA,NA,NA,NA,NA,NA,NA,Subjunctive,NA,NA,salir,334324,Irregular,L2L,4th/5th,Late,No,7,0,129,2023,0,0.2857142857142857,-0.5503787506752892,NA,0.03518406576857845,-0.21334359689483645
H19,1,2,L2L 7th/8th,8,10,129,NA,NA,NA,2,5,NA,4,Russian,No,Yes,Yes,Selection,FCT-02,0,NA,NA,NA,NA,NA,NA,NA,Subjunctive,NA,NA,ver,1611795,Irregular,L2L,7th/8th,Late,No,7,36,165,2026,0,0.2857142857142857,0.9536497279755688,NA,0.03518406576857845,1.0585764501645496
H19,1,2,L2L 7th/8th,8,10,129,NA,NA,NA,2,5,NA,4,Russian,No,Yes,Yes,Selection,FCT-06,1,NA,NA,NA,NA,NA,NA,NA,Subjunctive,NA,NA,hacer,2726954,Irregular,L2L,7th/8th,Late,No,7,36,165,2026,1,0.2857142857142857,2.266580427947476,NA,0.03518406576857845,1.0585764501645496
H19,1,2,L2L 7th/8th,8,10,129,NA,NA,NA,2,5,NA,4,Russian,No,Yes,Yes,Selection,FCT-10,0,NA,NA,NA,NA,NA,NA,NA,Subjunctive,NA,NA,comer,213756,Regular,L2L,7th/8th,Late,No,7,36,165,2026,0,0.2857142857142857,-0.6923292964129041,NA,0.03518406576857845,1.0585764501645496
H19,1,2,L2L 7th/8th,8,10,129,NA,NA,NA,2,5,NA,4,Russian,No,Yes,Yes,Selection,FCT-14,1,NA,NA,NA,NA,NA,NA,NA,Subjunctive,NA,NA,ir,603647,Irregular,L2L,7th/8th,Late,No,7,36,165,2026,1,0.2857142857142857,-0.23329173895002495,NA,0.03518406576857845,1.0585764501645496
H19,1,2,L2L 7th/8th,8,10,129,NA,NA,NA,2,5,NA,4,Russian,No,Yes,Yes,Selection,FCT-18,1,NA,NA,NA,NA,NA,NA,NA,Subjunctive,NA,NA,abrir,143932,Regular,L2L,7th/8th,Late,No,7,36,165,2026,1,0.2857142857142857,-0.7745364733220609,NA,0.03518406576857845,1.0585764501645496
H19,1,2,L2L 7th/8th,8,10,129,NA,NA,NA,2,5,NA,4,Russian,No,Yes,Yes,Selection,FCT-22,0,NA,NA,NA,NA,NA,NA,NA,Subjunctive,NA,NA,poner,514285,Irregular,L2L,7th/8th,Late,No,7,36,165,2026,0,0.2857142857142857,-0.33850194952169194,NA,0.03518406576857845,1.0585764501645496
H19,1,2,L2L 7th/8th,8,10,129,NA,NA,NA,2,5,NA,4,Russian,No,Yes,Yes,Selection,FCT-26,1,NA,NA,NA,NA,NA,NA,NA,Subjunctive,NA,NA,escribir,265684,Regular,L2L,7th/8th,Late,No,7,36,165,2026,1,0.2857142857142857,-0.6311919470410735,NA,0.03518406576857845,1.0585764501645496
H19,1,2,L2L 7th/8th,8,10,129,NA,NA,NA,2,5,NA,4,Russian,No,Yes,Yes,Selection,FCT-28,1,NA,NA,NA,NA,NA,NA,NA,Subjunctive,NA,NA,salir,334324,Irregular,L2L,7th/8th,Late,No,7,36,165,2026,1,0.2857142857142857,-0.5503787506752892,NA,0.03518406576857845,1.0585764501645496
H20,1,1,HS 4th/5th,5,11,138,NA,NA,NA,5,5,NA,8,Heritage Spanish,NA,NA,NA,Selection,FCT-02,0,NA,NA,NA,NA,NA,NA,NA,Subjunctive,NA,NA,ver,1611795,Irregular,HS,4th/5th,Late,No,10,0,138,2023,0,0.5,0.9536497279755688,NA,0.3798497831064895,0.10463641487001005
H20,1,1,HS 4th/5th,5,11,138,NA,NA,NA,5,5,NA,8,Heritage Spanish,NA,NA,NA,Selection,FCT-06,0,NA,NA,NA,NA,NA,NA,NA,Subjunctive,NA,NA,hacer,2726954,Irregular,HS,4th/5th,Late,No,10,0,138,2023,0,0.5,2.266580427947476,NA,0.3798497831064895,0.10463641487001005
H20,1,1,HS 4th/5th,5,11,138,NA,NA,NA,5,5,NA,8,Heritage Spanish,NA,NA,NA,Selection,FCT-10,0,NA,NA,NA,NA,NA,NA,NA,Subjunctive,NA,NA,comer,213756,Regular,HS,4th/5th,Late,No,10,0,138,2023,0,0.5,-0.6923292964129041,NA,0.3798497831064895,0.10463641487001005
H20,1,1,HS 4th/5th,5,11,138,NA,NA,NA,5,5,NA,8,Heritage Spanish,NA,NA,NA,Selection,FCT-14,1,NA,NA,NA,NA,NA,NA,NA,Subjunctive,NA,NA,ir,603647,Irregular,HS,4th/5th,Late,No,10,0,138,2023,1,0.5,-0.23329173895002495,NA,0.3798497831064895,0.10463641487001005
H20,1,1,HS 4th/5th,5,11,138,NA,NA,NA,5,5,NA,8,Heritage Spanish,NA,NA,NA,Selection,FCT-18,1,NA,NA,NA,NA,NA,NA,NA,Subjunctive,NA,NA,abrir,143932,Regular,HS,4th/5th,Late,No,10,0,138,2023,1,0.5,-0.7745364733220609,NA,0.3798497831064895,0.10463641487001005
H20,1,1,HS 4th/5th,5,11,138,NA,NA,NA,5,5,NA,8,Heritage Spanish,NA,NA,NA,Selection,FCT-22,0,NA,NA,NA,NA,NA,NA,NA,Subjunctive,NA,NA,poner,514285,Irregular,HS,4th/5th,Late,No,10,0,138,2023,0,0.5,-0.33850194952169194,NA,0.3798497831064895,0.10463641487001005
H20,1,1,HS 4th/5th,5,11,138,NA,NA,NA,5,5,NA,8,Heritage Spanish,NA,NA,NA,Selection,FCT-26,0,NA,NA,NA,NA,NA,NA,NA,Subjunctive,NA,NA,escribir,265684,Regular,HS,4th/5th,Late,No,10,0,138,2023,0,0.5,-0.6311919470410735,NA,0.3798497831064895,0.10463641487001005
H20,1,1,HS 4th/5th,5,11,138,NA,NA,NA,5,5,NA,8,Heritage Spanish,NA,NA,NA,Selection,FCT-28,0,NA,NA,NA,NA,NA,NA,NA,Subjunctive,NA,NA,salir,334324,Irregular,HS,4th/5th,Late,No,10,0,138,2023,0,0.5,-0.5503787506752892,NA,0.3798497831064895,0.10463641487001005
H21,1,1,L2L 4th/5th,5,11,139,NA,NA,NA,NA,NA,NA,8,L2 learner,L2,L2,L2,Selection,FCT-02,1,NA,NA,NA,NA,NA,NA,NA,Subjunctive,NA,NA,ver,1611795,Irregular,L2L,4th/5th,Late,No,NA,0,139,2023,1,NA,0.9536497279755688,NA,0.41814597392181296,0.13996752728832632
H21,1,1,L2L 4th/5th,5,11,139,NA,NA,NA,NA,NA,NA,8,L2 learner,L2,L2,L2,Selection,FCT-06,0,NA,NA,NA,NA,NA,NA,NA,Subjunctive,NA,NA,hacer,2726954,Irregular,L2L,4th/5th,Late,No,NA,0,139,2023,0,NA,2.266580427947476,NA,0.41814597392181296,0.13996752728832632
H21,1,1,L2L 4th/5th,5,11,139,NA,NA,NA,NA,NA,NA,8,L2 learner,L2,L2,L2,Selection,FCT-10,0,NA,NA,NA,NA,NA,NA,NA,Subjunctive,NA,NA,comer,213756,Regular,L2L,4th/5th,Late,No,NA,0,139,2023,0,NA,-0.6923292964129041,NA,0.41814597392181296,0.13996752728832632
H21,1,1,L2L 4th/5th,5,11,139,NA,NA,NA,NA,NA,NA,8,L2 learner,L2,L2,L2,Selection,FCT-14,1,NA,NA,NA,NA,NA,NA,NA,Subjunctive,NA,NA,ir,603647,Irregular,L2L,4th/5th,Late,No,NA,0,139,2023,1,NA,-0.23329173895002495,NA,0.41814597392181296,0.13996752728832632
H21,1,1,L2L 4th/5th,5,11,139,NA,NA,NA,NA,NA,NA,8,L2 learner,L2,L2,L2,Selection,FCT-18,0,NA,NA,NA,NA,NA,NA,NA,Subjunctive,NA,NA,abrir,143932,Regular,L2L,4th/5th,Late,No,NA,0,139,2023,0,NA,-0.7745364733220609,NA,0.41814597392181296,0.13996752728832632
H21,1,1,L2L 4th/5th,5,11,139,NA,NA,NA,NA,NA,NA,8,L2 learner,L2,L2,L2,Selection,FCT-22,0,NA,NA,NA,NA,NA,NA,NA,Subjunctive,NA,NA,poner,514285,Irregular,L2L,4th/5th,Late,No,NA,0,139,2023,0,NA,-0.33850194952169194,NA,0.41814597392181296,0.13996752728832632
H21,1,1,L2L 4th/5th,5,11,139,NA,NA,NA,NA,NA,NA,8,L2 learner,L2,L2,L2,Selection,FCT-26,1,NA,NA,NA,NA,NA,NA,NA,Subjunctive,NA,NA,escribir,265684,Regular,L2L,4th/5th,Late,No,NA,0,139,2023,1,NA,-0.6311919470410735,NA,0.41814597392181296,0.13996752728832632
H21,1,1,L2L 4th/5th,5,11,139,NA,NA,NA,NA,NA,NA,8,L2 learner,L2,L2,L2,Selection,FCT-28,0,NA,NA,NA,NA,NA,NA,NA,Subjunctive,NA,NA,salir,334324,Irregular,L2L,4th/5th,Late,No,NA,0,139,2023,0,NA,-0.5503787506752892,NA,0.41814597392181296,0.13996752728832632
H22,1,1,HS 4th/5th,5,11,138,NA,NA,NA,4,3,NA,8,Heritage Spanish,NA,NA,NA,Selection,FCT-02,0,NA,NA,NA,NA,NA,NA,NA,Subjunctive,NA,NA,ver,1611795,Irregular,HS,4th/5th,Late,No,7,0,138,2023,0,0.5714285714285714,0.9536497279755688,NA,0.3798497831064895,0.10463641487001005
H22,1,1,HS 4th/5th,5,11,138,NA,NA,NA,4,3,NA,8,Heritage Spanish,NA,NA,NA,Selection,FCT-06,0,NA,NA,NA,NA,NA,NA,NA,Subjunctive,NA,NA,hacer,2726954,Irregular,HS,4th/5th,Late,No,7,0,138,2023,0,0.5714285714285714,2.266580427947476,NA,0.3798497831064895,0.10463641487001005
H22,1,1,HS 4th/5th,5,11,138,NA,NA,NA,4,3,NA,8,Heritage Spanish,NA,NA,NA,Selection,FCT-10,0,NA,NA,NA,NA,NA,NA,NA,Subjunctive,NA,NA,comer,213756,Regular,HS,4th/5th,Late,No,7,0,138,2023,0,0.5714285714285714,-0.6923292964129041,NA,0.3798497831064895,0.10463641487001005
H22,1,1,HS 4th/5th,5,11,138,NA,NA,NA,4,3,NA,8,Heritage Spanish,NA,NA,NA,Selection,FCT-14,1,NA,NA,NA,NA,NA,NA,NA,Subjunctive,NA,NA,ir,603647,Irregular,HS,4th/5th,Late,No,7,0,138,2023,1,0.5714285714285714,-0.23329173895002495,NA,0.3798497831064895,0.10463641487001005
H22,1,1,HS 4th/5th,5,11,138,NA,NA,NA,4,3,NA,8,Heritage Spanish,NA,NA,NA,Selection,FCT-18,1,NA,NA,NA,NA,NA,NA,NA,Subjunctive,NA,NA,abrir,143932,Regular,HS,4th/5th,Late,No,7,0,138,2023,1,0.5714285714285714,-0.7745364733220609,NA,0.3798497831064895,0.10463641487001005
H22,1,1,HS 4th/5th,5,11,138,NA,NA,NA,4,3,NA,8,Heritage Spanish,NA,NA,NA,Selection,FCT-22,0,NA,NA,NA,NA,NA,NA,NA,Subjunctive,NA,NA,poner,514285,Irregular,HS,4th/5th,Late,No,7,0,138,2023,0,0.5714285714285714,-0.33850194952169194,NA,0.3798497831064895,0.10463641487001005
H22,1,1,HS 4th/5th,5,11,138,NA,NA,NA,4,3,NA,8,Heritage Spanish,NA,NA,NA,Selection,FCT-26,0,NA,NA,NA,NA,NA,NA,NA,Subjunctive,NA,NA,escribir,265684,Regular,HS,4th/5th,Late,No,7,0,138,2023,0,0.5714285714285714,-0.6311919470410735,NA,0.3798497831064895,0.10463641487001005
H22,1,1,HS 4th/5th,5,11,138,NA,NA,NA,4,3,NA,8,Heritage Spanish,NA,NA,NA,Selection,FCT-28,1,NA,NA,NA,NA,NA,NA,NA,Subjunctive,NA,NA,salir,334324,Irregular,HS,4th/5th,Late,No,7,0,138,2023,1,0.5714285714285714,-0.5503787506752892,NA,0.3798497831064895,0.10463641487001005
H22,1,2,HS 7th/8th,8,NA,138,NA,NA,NA,4,3,NA,8,Heritage Spanish,NA,NA,NA,Selection,FCT-02,1,NA,NA,NA,NA,NA,NA,NA,Subjunctive,NA,NA,ver,1611795,Irregular,HS,7th/8th,Late,No,7,36,174,2026,1,0.5714285714285714,0.9536497279755688,NA,0.3798497831064895,1.376556461929396
H22,1,2,HS 7th/8th,8,NA,138,NA,NA,NA,4,3,NA,8,Heritage Spanish,NA,NA,NA,Selection,FCT-06,1,NA,NA,NA,NA,NA,NA,NA,Subjunctive,NA,NA,hacer,2726954,Irregular,HS,7th/8th,Late,No,7,36,174,2026,1,0.5714285714285714,2.266580427947476,NA,0.3798497831064895,1.376556461929396
H22,1,2,HS 7th/8th,8,NA,138,NA,NA,NA,4,3,NA,8,Heritage Spanish,NA,NA,NA,Selection,FCT-10,0,NA,NA,NA,NA,NA,NA,NA,Subjunctive,NA,NA,comer,213756,Regular,HS,7th/8th,Late,No,7,36,174,2026,0,0.5714285714285714,-0.6923292964129041,NA,0.3798497831064895,1.376556461929396
H22,1,2,HS 7th/8th,8,NA,138,NA,NA,NA,4,3,NA,8,Heritage Spanish,NA,NA,NA,Selection,FCT-14,0,NA,NA,NA,NA,NA,NA,NA,Subjunctive,NA,NA,ir,603647,Irregular,HS,7th/8th,Late,No,7,36,174,2026,0,0.5714285714285714,-0.23329173895002495,NA,0.3798497831064895,1.376556461929396
H22,1,2,HS 7th/8th,8,NA,138,NA,NA,NA,4,3,NA,8,Heritage Spanish,NA,NA,NA,Selection,FCT-18,0,NA,NA,NA,NA,NA,NA,NA,Subjunctive,NA,NA,abrir,143932,Regular,HS,7th/8th,Late,No,7,36,174,2026,0,0.5714285714285714,-0.7745364733220609,NA,0.3798497831064895,1.376556461929396
H22,1,2,HS 7th/8th,8,NA,138,NA,NA,NA,4,3,NA,8,Heritage Spanish,NA,NA,NA,Selection,FCT-22,1,NA,NA,NA,NA,NA,NA,NA,Subjunctive,NA,NA,poner,514285,Irregular,HS,7th/8th,Late,No,7,36,174,2026,1,0.5714285714285714,-0.33850194952169194,NA,0.3798497831064895,1.376556461929396
H22,1,2,HS 7th/8th,8,NA,138,NA,NA,NA,4,3,NA,8,Heritage Spanish,NA,NA,NA,Selection,FCT-26,0,NA,NA,NA,NA,NA,NA,NA,Subjunctive,NA,NA,escribir,265684,Regular,HS,7th/8th,Late,No,7,36,174,2026,0,0.5714285714285714,-0.6311919470410735,NA,0.3798497831064895,1.376556461929396
H22,1,2,HS 7th/8th,8,NA,138,NA,NA,NA,4,3,NA,8,Heritage Spanish,NA,NA,NA,Selection,FCT-28,1,NA,NA,NA,NA,NA,NA,NA,Subjunctive,NA,NA,salir,334324,Irregular,HS,7th/8th,Late,No,7,36,174,2026,1,0.5714285714285714,-0.5503787506752892,NA,0.3798497831064895,1.376556461929396
H23,1,1,L2L 4th/5th,5,11,137,NA,NA,NA,2,3,NA,8,L2 learner,L2,L2,L2,Selection,FCT-02,1,NA,NA,NA,NA,NA,NA,NA,Subjunctive,NA,NA,ver,1611795,Irregular,L2L,4th/5th,Late,No,5,0,137,2023,1,0.4,0.9536497279755688,NA,0.34155359229116605,0.06930530245169376
H23,1,1,L2L 4th/5th,5,11,137,NA,NA,NA,2,3,NA,8,L2 learner,L2,L2,L2,Selection,FCT-06,0,NA,NA,NA,NA,NA,NA,NA,Subjunctive,NA,NA,hacer,2726954,Irregular,L2L,4th/5th,Late,No,5,0,137,2023,0,0.4,2.266580427947476,NA,0.34155359229116605,0.06930530245169376
H23,1,1,L2L 4th/5th,5,11,137,NA,NA,NA,2,3,NA,8,L2 learner,L2,L2,L2,Selection,FCT-10,0,NA,NA,NA,NA,NA,NA,NA,Subjunctive,NA,NA,comer,213756,Regular,L2L,4th/5th,Late,No,5,0,137,2023,0,0.4,-0.6923292964129041,NA,0.34155359229116605,0.06930530245169376
H23,1,1,L2L 4th/5th,5,11,137,NA,NA,NA,2,3,NA,8,L2 learner,L2,L2,L2,Selection,FCT-14,0,NA,NA,NA,NA,NA,NA,NA,Subjunctive,NA,NA,ir,603647,Irregular,L2L,4th/5th,Late,No,5,0,137,2023,0,0.4,-0.23329173895002495,NA,0.34155359229116605,0.06930530245169376
H23,1,1,L2L 4th/5th,5,11,137,NA,NA,NA,2,3,NA,8,L2 learner,L2,L2,L2,Selection,FCT-18,0,NA,NA,NA,NA,NA,NA,NA,Subjunctive,NA,NA,abrir,143932,Regular,L2L,4th/5th,Late,No,5,0,137,2023,0,0.4,-0.7745364733220609,NA,0.34155359229116605,0.06930530245169376
H23,1,1,L2L 4th/5th,5,11,137,NA,NA,NA,2,3,NA,8,L2 learner,L2,L2,L2,Selection,FCT-22,0,NA,NA,NA,NA,NA,NA,NA,Subjunctive,NA,NA,poner,514285,Irregular,L2L,4th/5th,Late,No,5,0,137,2023,0,0.4,-0.33850194952169194,NA,0.34155359229116605,0.06930530245169376
H23,1,1,L2L 4th/5th,5,11,137,NA,NA,NA,2,3,NA,8,L2 learner,L2,L2,L2,Selection,FCT-26,0,NA,NA,NA,NA,NA,NA,NA,Subjunctive,NA,NA,escribir,265684,Regular,L2L,4th/5th,Late,No,5,0,137,2023,0,0.4,-0.6311919470410735,NA,0.34155359229116605,0.06930530245169376
H23,1,1,L2L 4th/5th,5,11,137,NA,NA,NA,2,3,NA,8,L2 learner,L2,L2,L2,Selection,FCT-28,0,NA,NA,NA,NA,NA,NA,NA,Subjunctive,NA,NA,salir,334324,Irregular,L2L,4th/5th,Late,No,5,0,137,2023,0,0.4,-0.5503787506752892,NA,0.34155359229116605,0.06930530245169376
H23,1,2,L2L 7th/8th,8,NA,137,NA,NA,NA,2,3,NA,8,L2 learner,L2,L2,L2,Selection,FCT-02,0,NA,NA,NA,NA,NA,NA,NA,Subjunctive,NA,NA,ver,1611795,Irregular,L2L,7th/8th,Late,No,5,36,173,2026,0,0.4,0.9536497279755688,NA,0.34155359229116605,1.3412253495110797
H23,1,2,L2L 7th/8th,8,NA,137,NA,NA,NA,2,3,NA,8,L2 learner,L2,L2,L2,Selection,FCT-06,0,NA,NA,NA,NA,NA,NA,NA,Subjunctive,NA,NA,hacer,2726954,Irregular,L2L,7th/8th,Late,No,5,36,173,2026,0,0.4,2.266580427947476,NA,0.34155359229116605,1.3412253495110797
H23,1,2,L2L 7th/8th,8,NA,137,NA,NA,NA,2,3,NA,8,L2 learner,L2,L2,L2,Selection,FCT-10,0,NA,NA,NA,NA,NA,NA,NA,Subjunctive,NA,NA,comer,213756,Regular,L2L,7th/8th,Late,No,5,36,173,2026,0,0.4,-0.6923292964129041,NA,0.34155359229116605,1.3412253495110797
H23,1,2,L2L 7th/8th,8,NA,137,NA,NA,NA,2,3,NA,8,L2 learner,L2,L2,L2,Selection,FCT-14,0,NA,NA,NA,NA,NA,NA,NA,Subjunctive,NA,NA,ir,603647,Irregular,L2L,7th/8th,Late,No,5,36,173,2026,0,0.4,-0.23329173895002495,NA,0.34155359229116605,1.3412253495110797
H23,1,2,L2L 7th/8th,8,NA,137,NA,NA,NA,2,3,NA,8,L2 learner,L2,L2,L2,Selection,FCT-18,0,NA,NA,NA,NA,NA,NA,NA,Subjunctive,NA,NA,abrir,143932,Regular,L2L,7th/8th,Late,No,5,36,173,2026,0,0.4,-0.7745364733220609,NA,0.34155359229116605,1.3412253495110797
H23,1,2,L2L 7th/8th,8,NA,137,NA,NA,NA,2,3,NA,8,L2 learner,L2,L2,L2,Selection,FCT-22,0,NA,NA,NA,NA,NA,NA,NA,Subjunctive,NA,NA,poner,514285,Irregular,L2L,7th/8th,Late,No,5,36,173,2026,0,0.4,-0.33850194952169194,NA,0.34155359229116605,1.3412253495110797
H23,1,2,L2L 7th/8th,8,NA,137,NA,NA,NA,2,3,NA,8,L2 learner,L2,L2,L2,Selection,FCT-26,0,NA,NA,NA,NA,NA,NA,NA,Subjunctive,NA,NA,escribir,265684,Regular,L2L,7th/8th,Late,No,5,36,173,2026,0,0.4,-0.6311919470410735,NA,0.34155359229116605,1.3412253495110797
H23,1,2,L2L 7th/8th,8,NA,137,NA,NA,NA,2,3,NA,8,L2 learner,L2,L2,L2,Selection,FCT-28,0,NA,NA,NA,NA,NA,NA,NA,Subjunctive,NA,NA,salir,334324,Irregular,L2L,7th/8th,Late,No,5,36,173,2026,0,0.4,-0.5503787506752892,NA,0.34155359229116605,1.3412253495110797
H24,1,1,HS 4th/5th,5,11,138,NA,NA,NA,2,3,NA,8,Heritage Spanish,NA,NA,NA,Selection,FCT-02,1,NA,NA,NA,NA,NA,NA,NA,Subjunctive,NA,NA,ver,1611795,Irregular,HS,4th/5th,Late,No,5,0,138,2023,1,0.4,0.9536497279755688,NA,0.3798497831064895,0.10463641487001005
H24,1,1,HS 4th/5th,5,11,138,NA,NA,NA,2,3,NA,8,Heritage Spanish,NA,NA,NA,Selection,FCT-06,1,NA,NA,NA,NA,NA,NA,NA,Subjunctive,NA,NA,hacer,2726954,Irregular,HS,4th/5th,Late,No,5,0,138,2023,1,0.4,2.266580427947476,NA,0.3798497831064895,0.10463641487001005
H24,1,1,HS 4th/5th,5,11,138,NA,NA,NA,2,3,NA,8,Heritage Spanish,NA,NA,NA,Selection,FCT-10,1,NA,NA,NA,NA,NA,NA,NA,Subjunctive,NA,NA,comer,213756,Regular,HS,4th/5th,Late,No,5,0,138,2023,1,0.4,-0.6923292964129041,NA,0.3798497831064895,0.10463641487001005
H24,1,1,HS 4th/5th,5,11,138,NA,NA,NA,2,3,NA,8,Heritage Spanish,NA,NA,NA,Selection,FCT-14,0,NA,NA,NA,NA,NA,NA,NA,Subjunctive,NA,NA,ir,603647,Irregular,HS,4th/5th,Late,No,5,0,138,2023,0,0.4,-0.23329173895002495,NA,0.3798497831064895,0.10463641487001005
H24,1,1,HS 4th/5th,5,11,138,NA,NA,NA,2,3,NA,8,Heritage Spanish,NA,NA,NA,Selection,FCT-18,0,NA,NA,NA,NA,NA,NA,NA,Subjunctive,NA,NA,abrir,143932,Regular,HS,4th/5th,Late,No,5,0,138,2023,0,0.4,-0.7745364733220609,NA,0.3798497831064895,0.10463641487001005
H24,1,1,HS 4th/5th,5,11,138,NA,NA,NA,2,3,NA,8,Heritage Spanish,NA,NA,NA,Selection,FCT-22,0,NA,NA,NA,NA,NA,NA,NA,Subjunctive,NA,NA,poner,514285,Irregular,HS,4th/5th,Late,No,5,0,138,2023,0,0.4,-0.33850194952169194,NA,0.3798497831064895,0.10463641487001005
H24,1,1,HS 4th/5th,5,11,138,NA,NA,NA,2,3,NA,8,Heritage Spanish,NA,NA,NA,Selection,FCT-26,0,NA,NA,NA,NA,NA,NA,NA,Subjunctive,NA,NA,escribir,265684,Regular,HS,4th/5th,Late,No,5,0,138,2023,0,0.4,-0.6311919470410735,NA,0.3798497831064895,0.10463641487001005
H24,1,1,HS 4th/5th,5,11,138,NA,NA,NA,2,3,NA,8,Heritage Spanish,NA,NA,NA,Selection,FCT-28,0,NA,NA,NA,NA,NA,NA,NA,Subjunctive,NA,NA,salir,334324,Irregular,HS,4th/5th,Late,No,5,0,138,2023,0,0.4,-0.5503787506752892,NA,0.3798497831064895,0.10463641487001005
H24,1,2,HS 7th/8th,8,NA,138,NA,NA,NA,2,3,NA,8,Heritage Spanish,NA,NA,NA,Selection,FCT-02,1,NA,NA,NA,NA,NA,NA,NA,Subjunctive,NA,NA,ver,1611795,Irregular,HS,7th/8th,Late,No,5,36,174,2026,1,0.4,0.9536497279755688,NA,0.3798497831064895,1.376556461929396
H24,1,2,HS 7th/8th,8,NA,138,NA,NA,NA,2,3,NA,8,Heritage Spanish,NA,NA,NA,Selection,FCT-06,1,NA,NA,NA,NA,NA,NA,NA,Subjunctive,NA,NA,hacer,2726954,Irregular,HS,7th/8th,Late,No,5,36,174,2026,1,0.4,2.266580427947476,NA,0.3798497831064895,1.376556461929396
H24,1,2,HS 7th/8th,8,NA,138,NA,NA,NA,2,3,NA,8,Heritage Spanish,NA,NA,NA,Selection,FCT-10,1,NA,NA,NA,NA,NA,NA,NA,Subjunctive,NA,NA,comer,213756,Regular,HS,7th/8th,Late,No,5,36,174,2026,1,0.4,-0.6923292964129041,NA,0.3798497831064895,1.376556461929396
H24,1,2,HS 7th/8th,8,NA,138,NA,NA,NA,2,3,NA,8,Heritage Spanish,NA,NA,NA,Selection,FCT-14,0,NA,NA,NA,NA,NA,NA,NA,Subjunctive,NA,NA,ir,603647,Irregular,HS,7th/8th,Late,No,5,36,174,2026,0,0.4,-0.23329173895002495,NA,0.3798497831064895,1.376556461929396
H24,1,2,HS 7th/8th,8,NA,138,NA,NA,NA,2,3,NA,8,Heritage Spanish,NA,NA,NA,Selection,FCT-18,1,NA,NA,NA,NA,NA,NA,NA,Subjunctive,NA,NA,abrir,143932,Regular,HS,7th/8th,Late,No,5,36,174,2026,1,0.4,-0.7745364733220609,NA,0.3798497831064895,1.376556461929396
H24,1,2,HS 7th/8th,8,NA,138,NA,NA,NA,2,3,NA,8,Heritage Spanish,NA,NA,NA,Selection,FCT-22,0,NA,NA,NA,NA,NA,NA,NA,Subjunctive,NA,NA,poner,514285,Irregular,HS,7th/8th,Late,No,5,36,174,2026,0,0.4,-0.33850194952169194,NA,0.3798497831064895,1.376556461929396
H24,1,2,HS 7th/8th,8,NA,138,NA,NA,NA,2,3,NA,8,Heritage Spanish,NA,NA,NA,Selection,FCT-26,1,NA,NA,NA,NA,NA,NA,NA,Subjunctive,NA,NA,escribir,265684,Regular,HS,7th/8th,Late,No,5,36,174,2026,1,0.4,-0.6311919470410735,NA,0.3798497831064895,1.376556461929396
H24,1,2,HS 7th/8th,8,NA,138,NA,NA,NA,2,3,NA,8,Heritage Spanish,NA,NA,NA,Selection,FCT-28,1,NA,NA,NA,NA,NA,NA,NA,Subjunctive,NA,NA,salir,334324,Irregular,HS,7th/8th,Late,No,5,36,174,2026,1,0.4,-0.5503787506752892,NA,0.3798497831064895,1.376556461929396
H25,1,1,HS 4th/5th,5,10,128,NA,NA,NA,4,2,NA,7,Heritage Spanish,NA,NA,NA,Selection,FCT-02,1,NA,NA,NA,NA,NA,NA,NA,Subjunctive,NA,NA,ver,1611795,Irregular,HS,4th/5th,Late,No,6,0,128,2023,1,0.6666666666666666,0.9536497279755688,NA,-0.0031121250467449975,-0.24867470931315272
H25,1,1,HS 4th/5th,5,10,128,NA,NA,NA,4,2,NA,7,Heritage Spanish,NA,NA,NA,Selection,FCT-06,0,NA,NA,NA,NA,NA,NA,NA,Subjunctive,NA,NA,hacer,2726954,Irregular,HS,4th/5th,Late,No,6,0,128,2023,0,0.6666666666666666,2.266580427947476,NA,-0.0031121250467449975,-0.24867470931315272
H25,1,1,HS 4th/5th,5,10,128,NA,NA,NA,4,2,NA,7,Heritage Spanish,NA,NA,NA,Selection,FCT-10,1,NA,NA,NA,NA,NA,NA,NA,Subjunctive,NA,NA,comer,213756,Regular,HS,4th/5th,Late,No,6,0,128,2023,1,0.6666666666666666,-0.6923292964129041,NA,-0.0031121250467449975,-0.24867470931315272
H25,1,1,HS 4th/5th,5,10,128,NA,NA,NA,4,2,NA,7,Heritage Spanish,NA,NA,NA,Selection,FCT-14,1,NA,NA,NA,NA,NA,NA,NA,Subjunctive,NA,NA,ir,603647,Irregular,HS,4th/5th,Late,No,6,0,128,2023,1,0.6666666666666666,-0.23329173895002495,NA,-0.0031121250467449975,-0.24867470931315272
H25,1,1,HS 4th/5th,5,10,128,NA,NA,NA,4,2,NA,7,Heritage Spanish,NA,NA,NA,Selection,FCT-18,1,NA,NA,NA,NA,NA,NA,NA,Subjunctive,NA,NA,abrir,143932,Regular,HS,4th/5th,Late,No,6,0,128,2023,1,0.6666666666666666,-0.7745364733220609,NA,-0.0031121250467449975,-0.24867470931315272
H25,1,1,HS 4th/5th,5,10,128,NA,NA,NA,4,2,NA,7,Heritage Spanish,NA,NA,NA,Selection,FCT-22,0,NA,NA,NA,NA,NA,NA,NA,Subjunctive,NA,NA,poner,514285,Irregular,HS,4th/5th,Late,No,6,0,128,2023,0,0.6666666666666666,-0.33850194952169194,NA,-0.0031121250467449975,-0.24867470931315272
H25,1,1,HS 4th/5th,5,10,128,NA,NA,NA,4,2,NA,7,Heritage Spanish,NA,NA,NA,Selection,FCT-26,0,NA,NA,NA,NA,NA,NA,NA,Subjunctive,NA,NA,escribir,265684,Regular,HS,4th/5th,Late,No,6,0,128,2023,0,0.6666666666666666,-0.6311919470410735,NA,-0.0031121250467449975,-0.24867470931315272
H25,1,1,HS 4th/5th,5,10,128,NA,NA,NA,4,2,NA,7,Heritage Spanish,NA,NA,NA,Selection,FCT-28,0,NA,NA,NA,NA,NA,NA,NA,Subjunctive,NA,NA,salir,334324,Irregular,HS,4th/5th,Late,No,6,0,128,2023,0,0.6666666666666666,-0.5503787506752892,NA,-0.0031121250467449975,-0.24867470931315272
H25,1,2,HS 7th/8th,8,10,128,NA,NA,NA,4,2,NA,7,Heritage Spanish,NA,NA,NA,Selection,FCT-02,1,NA,NA,NA,NA,NA,NA,NA,Subjunctive,NA,NA,ver,1611795,Irregular,HS,7th/8th,Late,No,6,36,164,2026,1,0.6666666666666666,0.9536497279755688,NA,-0.0031121250467449975,1.0232453377462332
H25,1,2,HS 7th/8th,8,10,128,NA,NA,NA,4,2,NA,7,Heritage Spanish,NA,NA,NA,Selection,FCT-06,1,NA,NA,NA,NA,NA,NA,NA,Subjunctive,NA,NA,hacer,2726954,Irregular,HS,7th/8th,Late,No,6,36,164,2026,1,0.6666666666666666,2.266580427947476,NA,-0.0031121250467449975,1.0232453377462332
H25,1,2,HS 7th/8th,8,10,128,NA,NA,NA,4,2,NA,7,Heritage Spanish,NA,NA,NA,Selection,FCT-10,0,NA,NA,NA,NA,NA,NA,NA,Subjunctive,NA,NA,comer,213756,Regular,HS,7th/8th,Late,No,6,36,164,2026,0,0.6666666666666666,-0.6923292964129041,NA,-0.0031121250467449975,1.0232453377462332
H25,1,2,HS 7th/8th,8,10,128,NA,NA,NA,4,2,NA,7,Heritage Spanish,NA,NA,NA,Selection,FCT-14,1,NA,NA,NA,NA,NA,NA,NA,Subjunctive,NA,NA,ir,603647,Irregular,HS,7th/8th,Late,No,6,36,164,2026,1,0.6666666666666666,-0.23329173895002495,NA,-0.0031121250467449975,1.0232453377462332
H25,1,2,HS 7th/8th,8,10,128,NA,NA,NA,4,2,NA,7,Heritage Spanish,NA,NA,NA,Selection,FCT-18,1,NA,NA,NA,NA,NA,NA,NA,Subjunctive,NA,NA,abrir,143932,Regular,HS,7th/8th,Late,No,6,36,164,2026,1,0.6666666666666666,-0.7745364733220609,NA,-0.0031121250467449975,1.0232453377462332
H25,1,2,HS 7th/8th,8,10,128,NA,NA,NA,4,2,NA,7,Heritage Spanish,NA,NA,NA,Selection,FCT-22,0,NA,NA,NA,NA,NA,NA,NA,Subjunctive,NA,NA,poner,514285,Irregular,HS,7th/8th,Late,No,6,36,164,2026,0,0.6666666666666666,-0.33850194952169194,NA,-0.0031121250467449975,1.0232453377462332
H25,1,2,HS 7th/8th,8,10,128,NA,NA,NA,4,2,NA,7,Heritage Spanish,NA,NA,NA,Selection,FCT-26,0,NA,NA,NA,NA,NA,NA,NA,Subjunctive,NA,NA,escribir,265684,Regular,HS,7th/8th,Late,No,6,36,164,2026,0,0.6666666666666666,-0.6311919470410735,NA,-0.0031121250467449975,1.0232453377462332
H25,1,2,HS 7th/8th,8,10,128,NA,NA,NA,4,2,NA,7,Heritage Spanish,NA,NA,NA,Selection,FCT-28,1,NA,NA,NA,NA,NA,NA,NA,Subjunctive,NA,NA,salir,334324,Irregular,HS,7th/8th,Late,No,6,36,164,2026,1,0.6666666666666666,-0.5503787506752892,NA,-0.0031121250467449975,1.0232453377462332
H26,1,1,HS 4th/5th,5,NA,132,NA,NA,NA,1,3,NA,8,Heritage Spanish,NA,NA,NA,Selection,FCT-02,1,NA,NA,NA,NA,NA,NA,NA,Subjunctive,NA,NA,ver,1611795,Irregular,HS,4th/5th,Late,No,4,0,132,2023,1,0.25,0.9536497279755688,NA,0.1500726382145488,-0.10735025963988762
H26,1,1,HS 4th/5th,5,NA,132,NA,NA,NA,1,3,NA,8,Heritage Spanish,NA,NA,NA,Selection,FCT-06,1,NA,NA,NA,NA,NA,NA,NA,Subjunctive,NA,NA,hacer,2726954,Irregular,HS,4th/5th,Late,No,4,0,132,2023,1,0.25,2.266580427947476,NA,0.1500726382145488,-0.10735025963988762
H26,1,1,HS 4th/5th,5,NA,132,NA,NA,NA,1,3,NA,8,Heritage Spanish,NA,NA,NA,Selection,FCT-10,0,NA,NA,NA,NA,NA,NA,NA,Subjunctive,NA,NA,comer,213756,Regular,HS,4th/5th,Late,No,4,0,132,2023,0,0.25,-0.6923292964129041,NA,0.1500726382145488,-0.10735025963988762
H26,1,1,HS 4th/5th,5,NA,132,NA,NA,NA,1,3,NA,8,Heritage Spanish,NA,NA,NA,Selection,FCT-14,1,NA,NA,NA,NA,NA,NA,NA,Subjunctive,NA,NA,ir,603647,Irregular,HS,4th/5th,Late,No,4,0,132,2023,1,0.25,-0.23329173895002495,NA,0.1500726382145488,-0.10735025963988762
H26,1,1,HS 4th/5th,5,NA,132,NA,NA,NA,1,3,NA,8,Heritage Spanish,NA,NA,NA,Selection,FCT-18,1,NA,NA,NA,NA,NA,NA,NA,Subjunctive,NA,NA,abrir,143932,Regular,HS,4th/5th,Late,No,4,0,132,2023,1,0.25,-0.7745364733220609,NA,0.1500726382145488,-0.10735025963988762
H26,1,1,HS 4th/5th,5,NA,132,NA,NA,NA,1,3,NA,8,Heritage Spanish,NA,NA,NA,Selection,FCT-22,1,NA,NA,NA,NA,NA,NA,NA,Subjunctive,NA,NA,poner,514285,Irregular,HS,4th/5th,Late,No,4,0,132,2023,1,0.25,-0.33850194952169194,NA,0.1500726382145488,-0.10735025963988762
H26,1,1,HS 4th/5th,5,NA,132,NA,NA,NA,1,3,NA,8,Heritage Spanish,NA,NA,NA,Selection,FCT-26,1,NA,NA,NA,NA,NA,NA,NA,Subjunctive,NA,NA,escribir,265684,Regular,HS,4th/5th,Late,No,4,0,132,2023,1,0.25,-0.6311919470410735,NA,0.1500726382145488,-0.10735025963988762
H26,1,1,HS 4th/5th,5,NA,132,NA,NA,NA,1,3,NA,8,Heritage Spanish,NA,NA,NA,Selection,FCT-28,0,NA,NA,NA,NA,NA,NA,NA,Subjunctive,NA,NA,salir,334324,Irregular,HS,4th/5th,Late,No,4,0,132,2023,0,0.25,-0.5503787506752892,NA,0.1500726382145488,-0.10735025963988762
H27,1,1,L2L 4th/5th,5,11,133,NA,NA,NA,3,6,4,8,Japanese,Yes,No,No,Selection,FCT-02,1,NA,NA,NA,NA,NA,NA,NA,Subjunctive,NA,NA,ver,1611795,Irregular,L2L,4th/5th,Late,No,9,0,133,2023,1,0.3333333333333333,0.9536497279755688,NA,0.18836882902987226,-0.07201914722157134
H27,1,1,L2L 4th/5th,5,11,133,NA,NA,NA,3,6,4,8,Japanese,Yes,No,No,Selection,FCT-06,0,NA,NA,NA,NA,NA,NA,NA,Subjunctive,NA,NA,hacer,2726954,Irregular,L2L,4th/5th,Late,No,9,0,133,2023,0,0.3333333333333333,2.266580427947476,NA,0.18836882902987226,-0.07201914722157134
H27,1,1,L2L 4th/5th,5,11,133,NA,NA,NA,3,6,4,8,Japanese,Yes,No,No,Selection,FCT-10,0,NA,NA,NA,NA,NA,NA,NA,Subjunctive,NA,NA,comer,213756,Regular,L2L,4th/5th,Late,No,9,0,133,2023,0,0.3333333333333333,-0.6923292964129041,NA,0.18836882902987226,-0.07201914722157134
H27,1,1,L2L 4th/5th,5,11,133,NA,NA,NA,3,6,4,8,Japanese,Yes,No,No,Selection,FCT-14,1,NA,NA,NA,NA,NA,NA,NA,Subjunctive,NA,NA,ir,603647,Irregular,L2L,4th/5th,Late,No,9,0,133,2023,1,0.3333333333333333,-0.23329173895002495,NA,0.18836882902987226,-0.07201914722157134
H27,1,1,L2L 4th/5th,5,11,133,NA,NA,NA,3,6,4,8,Japanese,Yes,No,No,Selection,FCT-18,0,NA,NA,NA,NA,NA,NA,NA,Subjunctive,NA,NA,abrir,143932,Regular,L2L,4th/5th,Late,No,9,0,133,2023,0,0.3333333333333333,-0.7745364733220609,NA,0.18836882902987226,-0.07201914722157134
H27,1,1,L2L 4th/5th,5,11,133,NA,NA,NA,3,6,4,8,Japanese,Yes,No,No,Selection,FCT-22,0,NA,NA,NA,NA,NA,NA,NA,Subjunctive,NA,NA,poner,514285,Irregular,L2L,4th/5th,Late,No,9,0,133,2023,0,0.3333333333333333,-0.33850194952169194,NA,0.18836882902987226,-0.07201914722157134
H27,1,1,L2L 4th/5th,5,11,133,NA,NA,NA,3,6,4,8,Japanese,Yes,No,No,Selection,FCT-26,0,NA,NA,NA,NA,NA,NA,NA,Subjunctive,NA,NA,escribir,265684,Regular,L2L,4th/5th,Late,No,9,0,133,2023,0,0.3333333333333333,-0.6311919470410735,NA,0.18836882902987226,-0.07201914722157134
H27,1,1,L2L 4th/5th,5,11,133,NA,NA,NA,3,6,4,8,Japanese,Yes,No,No,Selection,FCT-28,1,NA,NA,NA,NA,NA,NA,NA,Subjunctive,NA,NA,salir,334324,Irregular,L2L,4th/5th,Late,No,9,0,133,2023,1,0.3333333333333333,-0.5503787506752892,NA,0.18836882902987226,-0.07201914722157134
H27,1,2,L2L 7th/8th,8,11,133,NA,NA,NA,3,6,4,8,Japanese,Yes,No,No,Selection,FCT-02,1,NA,NA,NA,NA,NA,NA,NA,Subjunctive,NA,NA,ver,1611795,Irregular,L2L,7th/8th,Late,No,9,36,169,2026,1,0.3333333333333333,0.9536497279755688,NA,0.18836882902987226,1.1999008998378147
H27,1,2,L2L 7th/8th,8,11,133,NA,NA,NA,3,6,4,8,Japanese,Yes,No,No,Selection,FCT-06,1,NA,NA,NA,NA,NA,NA,NA,Subjunctive,NA,NA,hacer,2726954,Irregular,L2L,7th/8th,Late,No,9,36,169,2026,1,0.3333333333333333,2.266580427947476,NA,0.18836882902987226,1.1999008998378147
H27,1,2,L2L 7th/8th,8,11,133,NA,NA,NA,3,6,4,8,Japanese,Yes,No,No,Selection,FCT-10,1,NA,NA,NA,NA,NA,NA,NA,Subjunctive,NA,NA,comer,213756,Regular,L2L,7th/8th,Late,No,9,36,169,2026,1,0.3333333333333333,-0.6923292964129041,NA,0.18836882902987226,1.1999008998378147
H27,1,2,L2L 7th/8th,8,11,133,NA,NA,NA,3,6,4,8,Japanese,Yes,No,No,Selection,FCT-14,0,NA,NA,NA,NA,NA,NA,NA,Subjunctive,NA,NA,ir,603647,Irregular,L2L,7th/8th,Late,No,9,36,169,2026,0,0.3333333333333333,-0.23329173895002495,NA,0.18836882902987226,1.1999008998378147
H27,1,2,L2L 7th/8th,8,11,133,NA,NA,NA,3,6,4,8,Japanese,Yes,No,No,Selection,FCT-18,0,NA,NA,NA,NA,NA,NA,NA,Subjunctive,NA,NA,abrir,143932,Regular,L2L,7th/8th,Late,No,9,36,169,2026,0,0.3333333333333333,-0.7745364733220609,NA,0.18836882902987226,1.1999008998378147
H27,1,2,L2L 7th/8th,8,11,133,NA,NA,NA,3,6,4,8,Japanese,Yes,No,No,Selection,FCT-22,1,NA,NA,NA,NA,NA,NA,NA,Subjunctive,NA,NA,poner,514285,Irregular,L2L,7th/8th,Late,No,9,36,169,2026,1,0.3333333333333333,-0.33850194952169194,NA,0.18836882902987226,1.1999008998378147
H27,1,2,L2L 7th/8th,8,11,133,NA,NA,NA,3,6,4,8,Japanese,Yes,No,No,Selection,FCT-26,1,NA,NA,NA,NA,NA,NA,NA,Subjunctive,NA,NA,escribir,265684,Regular,L2L,7th/8th,Late,No,9,36,169,2026,1,0.3333333333333333,-0.6311919470410735,NA,0.18836882902987226,1.1999008998378147
H27,1,2,L2L 7th/8th,8,11,133,NA,NA,NA,3,6,4,8,Japanese,Yes,No,No,Selection,FCT-28,1,NA,NA,NA,NA,NA,NA,NA,Subjunctive,NA,NA,salir,334324,Irregular,L2L,7th/8th,Late,No,9,36,169,2026,1,0.3333333333333333,-0.5503787506752892,NA,0.18836882902987226,1.1999008998378147
H28,1,1,L2L 4th/5th,5,NA,139,NA,NA,NA,2,4,NA,8,"French, Turkish",Yes,Yes,Yes,Selection,FCT-02,0,NA,NA,NA,NA,NA,NA,NA,Subjunctive,NA,NA,ver,1611795,Irregular,L2L,4th/5th,Late,No,6,0,139,2023,0,0.3333333333333333,0.9536497279755688,NA,0.41814597392181296,0.13996752728832632
H28,1,1,L2L 4th/5th,5,NA,139,NA,NA,NA,2,4,NA,8,"French, Turkish",Yes,Yes,Yes,Selection,FCT-06,0,NA,NA,NA,NA,NA,NA,NA,Subjunctive,NA,NA,hacer,2726954,Irregular,L2L,4th/5th,Late,No,6,0,139,2023,0,0.3333333333333333,2.266580427947476,NA,0.41814597392181296,0.13996752728832632
H28,1,1,L2L 4th/5th,5,NA,139,NA,NA,NA,2,4,NA,8,"French, Turkish",Yes,Yes,Yes,Selection,FCT-10,1,NA,NA,NA,NA,NA,NA,NA,Subjunctive,NA,NA,comer,213756,Regular,L2L,4th/5th,Late,No,6,0,139,2023,1,0.3333333333333333,-0.6923292964129041,NA,0.41814597392181296,0.13996752728832632
H28,1,1,L2L 4th/5th,5,NA,139,NA,NA,NA,2,4,NA,8,"French, Turkish",Yes,Yes,Yes,Selection,FCT-14,0,NA,NA,NA,NA,NA,NA,NA,Subjunctive,NA,NA,ir,603647,Irregular,L2L,4th/5th,Late,No,6,0,139,2023,0,0.3333333333333333,-0.23329173895002495,NA,0.41814597392181296,0.13996752728832632
H28,1,1,L2L 4th/5th,5,NA,139,NA,NA,NA,2,4,NA,8,"French, Turkish",Yes,Yes,Yes,Selection,FCT-18,1,NA,NA,NA,NA,NA,NA,NA,Subjunctive,NA,NA,abrir,143932,Regular,L2L,4th/5th,Late,No,6,0,139,2023,1,0.3333333333333333,-0.7745364733220609,NA,0.41814597392181296,0.13996752728832632
H28,1,1,L2L 4th/5th,5,NA,139,NA,NA,NA,2,4,NA,8,"French, Turkish",Yes,Yes,Yes,Selection,FCT-22,1,NA,NA,NA,NA,NA,NA,NA,Subjunctive,NA,NA,poner,514285,Irregular,L2L,4th/5th,Late,No,6,0,139,2023,1,0.3333333333333333,-0.33850194952169194,NA,0.41814597392181296,0.13996752728832632
H28,1,1,L2L 4th/5th,5,NA,139,NA,NA,NA,2,4,NA,8,"French, Turkish",Yes,Yes,Yes,Selection,FCT-26,1,NA,NA,NA,NA,NA,NA,NA,Subjunctive,NA,NA,escribir,265684,Regular,L2L,4th/5th,Late,No,6,0,139,2023,1,0.3333333333333333,-0.6311919470410735,NA,0.41814597392181296,0.13996752728832632
H28,1,1,L2L 4th/5th,5,NA,139,NA,NA,NA,2,4,NA,8,"French, Turkish",Yes,Yes,Yes,Selection,FCT-28,1,NA,NA,NA,NA,NA,NA,NA,Subjunctive,NA,NA,salir,334324,Irregular,L2L,4th/5th,Late,No,6,0,139,2023,1,0.3333333333333333,-0.5503787506752892,NA,0.41814597392181296,0.13996752728832632
H28,1,2,L2L 7th/8th,8,NA,139,NA,NA,NA,2,4,NA,8,"French, Turkish",Yes,Yes,Yes,Selection,FCT-02,0,NA,NA,NA,NA,NA,NA,NA,Subjunctive,NA,NA,ver,1611795,Irregular,L2L,7th/8th,Late,No,6,36,175,2026,0,0.3333333333333333,0.9536497279755688,NA,0.41814597392181296,1.4118875743477124
H28,1,2,L2L 7th/8th,8,NA,139,NA,NA,NA,2,4,NA,8,"French, Turkish",Yes,Yes,Yes,Selection,FCT-06,1,NA,NA,NA,NA,NA,NA,NA,Subjunctive,NA,NA,hacer,2726954,Irregular,L2L,7th/8th,Late,No,6,36,175,2026,1,0.3333333333333333,2.266580427947476,NA,0.41814597392181296,1.4118875743477124
H28,1,2,L2L 7th/8th,8,NA,139,NA,NA,NA,2,4,NA,8,"French, Turkish",Yes,Yes,Yes,Selection,FCT-10,0,NA,NA,NA,NA,NA,NA,NA,Subjunctive,NA,NA,comer,213756,Regular,L2L,7th/8th,Late,No,6,36,175,2026,0,0.3333333333333333,-0.6923292964129041,NA,0.41814597392181296,1.4118875743477124
H28,1,2,L2L 7th/8th,8,NA,139,NA,NA,NA,2,4,NA,8,"French, Turkish",Yes,Yes,Yes,Selection,FCT-14,0,NA,NA,NA,NA,NA,NA,NA,Subjunctive,NA,NA,ir,603647,Irregular,L2L,7th/8th,Late,No,6,36,175,2026,0,0.3333333333333333,-0.23329173895002495,NA,0.41814597392181296,1.4118875743477124
H28,1,2,L2L 7th/8th,8,NA,139,NA,NA,NA,2,4,NA,8,"French, Turkish",Yes,Yes,Yes,Selection,FCT-18,1,NA,NA,NA,NA,NA,NA,NA,Subjunctive,NA,NA,abrir,143932,Regular,L2L,7th/8th,Late,No,6,36,175,2026,1,0.3333333333333333,-0.7745364733220609,NA,0.41814597392181296,1.4118875743477124
H28,1,2,L2L 7th/8th,8,NA,139,NA,NA,NA,2,4,NA,8,"French, Turkish",Yes,Yes,Yes,Selection,FCT-22,1,NA,NA,NA,NA,NA,NA,NA,Subjunctive,NA,NA,poner,514285,Irregular,L2L,7th/8th,Late,No,6,36,175,2026,1,0.3333333333333333,-0.33850194952169194,NA,0.41814597392181296,1.4118875743477124
H28,1,2,L2L 7th/8th,8,NA,139,NA,NA,NA,2,4,NA,8,"French, Turkish",Yes,Yes,Yes,Selection,FCT-26,1,NA,NA,NA,NA,NA,NA,NA,Subjunctive,NA,NA,escribir,265684,Regular,L2L,7th/8th,Late,No,6,36,175,2026,1,0.3333333333333333,-0.6311919470410735,NA,0.41814597392181296,1.4118875743477124
H28,1,2,L2L 7th/8th,8,NA,139,NA,NA,NA,2,4,NA,8,"French, Turkish",Yes,Yes,Yes,Selection,FCT-28,0,NA,NA,NA,NA,NA,NA,NA,Subjunctive,NA,NA,salir,334324,Irregular,L2L,7th/8th,Late,No,6,36,175,2026,0,0.3333333333333333,-0.5503787506752892,NA,0.41814597392181296,1.4118875743477124
H29,1,1,L2L 4th/5th,5,11,138,NA,NA,NA,3,3,3,7,"Ukrainian, Russian",Yes,Yes,Yes,Selection,FCT-02,0,NA,NA,NA,NA,NA,NA,NA,Subjunctive,NA,NA,ver,1611795,Irregular,L2L,4th/5th,Late,No,6,0,138,2023,0,0.5,0.9536497279755688,NA,0.3798497831064895,0.10463641487001005
H29,1,1,L2L 4th/5th,5,11,138,NA,NA,NA,3,3,3,7,"Ukrainian, Russian",Yes,Yes,Yes,Selection,FCT-06,0,NA,NA,NA,NA,NA,NA,NA,Subjunctive,NA,NA,hacer,2726954,Irregular,L2L,4th/5th,Late,No,6,0,138,2023,0,0.5,2.266580427947476,NA,0.3798497831064895,0.10463641487001005
H29,1,1,L2L 4th/5th,5,11,138,NA,NA,NA,3,3,3,7,"Ukrainian, Russian",Yes,Yes,Yes,Selection,FCT-10,0,NA,NA,NA,NA,NA,NA,NA,Subjunctive,NA,NA,comer,213756,Regular,L2L,4th/5th,Late,No,6,0,138,2023,0,0.5,-0.6923292964129041,NA,0.3798497831064895,0.10463641487001005
H29,1,1,L2L 4th/5th,5,11,138,NA,NA,NA,3,3,3,7,"Ukrainian, Russian",Yes,Yes,Yes,Selection,FCT-14,0,NA,NA,NA,NA,NA,NA,NA,Subjunctive,NA,NA,ir,603647,Irregular,L2L,4th/5th,Late,No,6,0,138,2023,0,0.5,-0.23329173895002495,NA,0.3798497831064895,0.10463641487001005
H29,1,1,L2L 4th/5th,5,11,138,NA,NA,NA,3,3,3,7,"Ukrainian, Russian",Yes,Yes,Yes,Selection,FCT-18,0,NA,NA,NA,NA,NA,NA,NA,Subjunctive,NA,NA,abrir,143932,Regular,L2L,4th/5th,Late,No,6,0,138,2023,0,0.5,-0.7745364733220609,NA,0.3798497831064895,0.10463641487001005
H29,1,1,L2L 4th/5th,5,11,138,NA,NA,NA,3,3,3,7,"Ukrainian, Russian",Yes,Yes,Yes,Selection,FCT-22,1,NA,NA,NA,NA,NA,NA,NA,Subjunctive,NA,NA,poner,514285,Irregular,L2L,4th/5th,Late,No,6,0,138,2023,1,0.5,-0.33850194952169194,NA,0.3798497831064895,0.10463641487001005
H29,1,1,L2L 4th/5th,5,11,138,NA,NA,NA,3,3,3,7,"Ukrainian, Russian",Yes,Yes,Yes,Selection,FCT-26,1,NA,NA,NA,NA,NA,NA,NA,Subjunctive,NA,NA,escribir,265684,Regular,L2L,4th/5th,Late,No,6,0,138,2023,1,0.5,-0.6311919470410735,NA,0.3798497831064895,0.10463641487001005
H29,1,1,L2L 4th/5th,5,11,138,NA,NA,NA,3,3,3,7,"Ukrainian, Russian",Yes,Yes,Yes,Selection,FCT-28,1,NA,NA,NA,NA,NA,NA,NA,Subjunctive,NA,NA,salir,334324,Irregular,L2L,4th/5th,Late,No,6,0,138,2023,1,0.5,-0.5503787506752892,NA,0.3798497831064895,0.10463641487001005
H29,1,2,L2L 7th/8th,8,NA,138,NA,NA,NA,3,3,3,7,"Ukrainian, Russian",Yes,Yes,Yes,Selection,FCT-02,1,NA,NA,NA,NA,NA,NA,NA,Subjunctive,NA,NA,ver,1611795,Irregular,L2L,7th/8th,Late,No,6,36,174,2026,1,0.5,0.9536497279755688,NA,0.3798497831064895,1.376556461929396
H29,1,2,L2L 7th/8th,8,NA,138,NA,NA,NA,3,3,3,7,"Ukrainian, Russian",Yes,Yes,Yes,Selection,FCT-06,1,NA,NA,NA,NA,NA,NA,NA,Subjunctive,NA,NA,hacer,2726954,Irregular,L2L,7th/8th,Late,No,6,36,174,2026,1,0.5,2.266580427947476,NA,0.3798497831064895,1.376556461929396
H29,1,2,L2L 7th/8th,8,NA,138,NA,NA,NA,3,3,3,7,"Ukrainian, Russian",Yes,Yes,Yes,Selection,FCT-10,1,NA,NA,NA,NA,NA,NA,NA,Subjunctive,NA,NA,comer,213756,Regular,L2L,7th/8th,Late,No,6,36,174,2026,1,0.5,-0.6923292964129041,NA,0.3798497831064895,1.376556461929396
H29,1,2,L2L 7th/8th,8,NA,138,NA,NA,NA,3,3,3,7,"Ukrainian, Russian",Yes,Yes,Yes,Selection,FCT-14,0,NA,NA,NA,NA,NA,NA,NA,Subjunctive,NA,NA,ir,603647,Irregular,L2L,7th/8th,Late,No,6,36,174,2026,0,0.5,-0.23329173895002495,NA,0.3798497831064895,1.376556461929396
H29,1,2,L2L 7th/8th,8,NA,138,NA,NA,NA,3,3,3,7,"Ukrainian, Russian",Yes,Yes,Yes,Selection,FCT-18,1,NA,NA,NA,NA,NA,NA,NA,Subjunctive,NA,NA,abrir,143932,Regular,L2L,7th/8th,Late,No,6,36,174,2026,1,0.5,-0.7745364733220609,NA,0.3798497831064895,1.376556461929396
H29,1,2,L2L 7th/8th,8,NA,138,NA,NA,NA,3,3,3,7,"Ukrainian, Russian",Yes,Yes,Yes,Selection,FCT-22,1,NA,NA,NA,NA,NA,NA,NA,Subjunctive,NA,NA,poner,514285,Irregular,L2L,7th/8th,Late,No,6,36,174,2026,1,0.5,-0.33850194952169194,NA,0.3798497831064895,1.376556461929396
H29,1,2,L2L 7th/8th,8,NA,138,NA,NA,NA,3,3,3,7,"Ukrainian, Russian",Yes,Yes,Yes,Selection,FCT-26,1,NA,NA,NA,NA,NA,NA,NA,Subjunctive,NA,NA,escribir,265684,Regular,L2L,7th/8th,Late,No,6,36,174,2026,1,0.5,-0.6311919470410735,NA,0.3798497831064895,1.376556461929396
H29,1,2,L2L 7th/8th,8,NA,138,NA,NA,NA,3,3,3,7,"Ukrainian, Russian",Yes,Yes,Yes,Selection,FCT-28,1,NA,NA,NA,NA,NA,NA,NA,Subjunctive,NA,NA,salir,334324,Irregular,L2L,7th/8th,Late,No,6,36,174,2026,1,0.5,-0.5503787506752892,NA,0.3798497831064895,1.376556461929396
H30,1,1,L2L 4th/5th,5,NA,140,NA,NA,NA,2,5,NA,6,L2 learner,L2,L2,L2,Selection,FCT-02,1,NA,NA,NA,NA,NA,NA,NA,Subjunctive,NA,NA,ver,1611795,Irregular,L2L,4th/5th,Late,No,7,0,140,2023,1,0.2857142857142857,0.9536497279755688,NA,0.4564421647371364,0.1752986397066426
H30,1,1,L2L 4th/5th,5,NA,140,NA,NA,NA,2,5,NA,6,L2 learner,L2,L2,L2,Selection,FCT-06,0,NA,NA,NA,NA,NA,NA,NA,Subjunctive,NA,NA,hacer,2726954,Irregular,L2L,4th/5th,Late,No,7,0,140,2023,0,0.2857142857142857,2.266580427947476,NA,0.4564421647371364,0.1752986397066426
H30,1,1,L2L 4th/5th,5,NA,140,NA,NA,NA,2,5,NA,6,L2 learner,L2,L2,L2,Selection,FCT-10,0,NA,NA,NA,NA,NA,NA,NA,Subjunctive,NA,NA,comer,213756,Regular,L2L,4th/5th,Late,No,7,0,140,2023,0,0.2857142857142857,-0.6923292964129041,NA,0.4564421647371364,0.1752986397066426
H30,1,1,L2L 4th/5th,5,NA,140,NA,NA,NA,2,5,NA,6,L2 learner,L2,L2,L2,Selection,FCT-14,0,NA,NA,NA,NA,NA,NA,NA,Subjunctive,NA,NA,ir,603647,Irregular,L2L,4th/5th,Late,No,7,0,140,2023,0,0.2857142857142857,-0.23329173895002495,NA,0.4564421647371364,0.1752986397066426
H30,1,1,L2L 4th/5th,5,NA,140,NA,NA,NA,2,5,NA,6,L2 learner,L2,L2,L2,Selection,FCT-18,1,NA,NA,NA,NA,NA,NA,NA,Subjunctive,NA,NA,abrir,143932,Regular,L2L,4th/5th,Late,No,7,0,140,2023,1,0.2857142857142857,-0.7745364733220609,NA,0.4564421647371364,0.1752986397066426
H30,1,1,L2L 4th/5th,5,NA,140,NA,NA,NA,2,5,NA,6,L2 learner,L2,L2,L2,Selection,FCT-22,1,NA,NA,NA,NA,NA,NA,NA,Subjunctive,NA,NA,poner,514285,Irregular,L2L,4th/5th,Late,No,7,0,140,2023,1,0.2857142857142857,-0.33850194952169194,NA,0.4564421647371364,0.1752986397066426
H30,1,1,L2L 4th/5th,5,NA,140,NA,NA,NA,2,5,NA,6,L2 learner,L2,L2,L2,Selection,FCT-26,0,NA,NA,NA,NA,NA,NA,NA,Subjunctive,NA,NA,escribir,265684,Regular,L2L,4th/5th,Late,No,7,0,140,2023,0,0.2857142857142857,-0.6311919470410735,NA,0.4564421647371364,0.1752986397066426
H30,1,1,L2L 4th/5th,5,NA,140,NA,NA,NA,2,5,NA,6,L2 learner,L2,L2,L2,Selection,FCT-28,1,NA,NA,NA,NA,NA,NA,NA,Subjunctive,NA,NA,salir,334324,Irregular,L2L,4th/5th,Late,No,7,0,140,2023,1,0.2857142857142857,-0.5503787506752892,NA,0.4564421647371364,0.1752986397066426
H31,1,1,L2L 4th/5th,5,NA,131,NA,NA,NA,2,5,NA,8,L2 learner,L2,L2,L2,Selection,FCT-02,1,NA,NA,NA,NA,NA,NA,NA,Subjunctive,NA,NA,ver,1611795,Irregular,L2L,4th/5th,Late,No,7,0,131,2023,1,0.2857142857142857,0.9536497279755688,NA,0.11177644739922535,-0.1426813720582039
H31,1,1,L2L 4th/5th,5,NA,131,NA,NA,NA,2,5,NA,8,L2 learner,L2,L2,L2,Selection,FCT-06,0,NA,NA,NA,NA,NA,NA,NA,Subjunctive,NA,NA,hacer,2726954,Irregular,L2L,4th/5th,Late,No,7,0,131,2023,0,0.2857142857142857,2.266580427947476,NA,0.11177644739922535,-0.1426813720582039
H31,1,1,L2L 4th/5th,5,NA,131,NA,NA,NA,2,5,NA,8,L2 learner,L2,L2,L2,Selection,FCT-10,1,NA,NA,NA,NA,NA,NA,NA,Subjunctive,NA,NA,comer,213756,Regular,L2L,4th/5th,Late,No,7,0,131,2023,1,0.2857142857142857,-0.6923292964129041,NA,0.11177644739922535,-0.1426813720582039
H31,1,1,L2L 4th/5th,5,NA,131,NA,NA,NA,2,5,NA,8,L2 learner,L2,L2,L2,Selection,FCT-14,1,NA,NA,NA,NA,NA,NA,NA,Subjunctive,NA,NA,ir,603647,Irregular,L2L,4th/5th,Late,No,7,0,131,2023,1,0.2857142857142857,-0.23329173895002495,NA,0.11177644739922535,-0.1426813720582039
H31,1,1,L2L 4th/5th,5,NA,131,NA,NA,NA,2,5,NA,8,L2 learner,L2,L2,L2,Selection,FCT-18,1,NA,NA,NA,NA,NA,NA,NA,Subjunctive,NA,NA,abrir,143932,Regular,L2L,4th/5th,Late,No,7,0,131,2023,1,0.2857142857142857,-0.7745364733220609,NA,0.11177644739922535,-0.1426813720582039
H31,1,1,L2L 4th/5th,5,NA,131,NA,NA,NA,2,5,NA,8,L2 learner,L2,L2,L2,Selection,FCT-22,1,NA,NA,NA,NA,NA,NA,NA,Subjunctive,NA,NA,poner,514285,Irregular,L2L,4th/5th,Late,No,7,0,131,2023,1,0.2857142857142857,-0.33850194952169194,NA,0.11177644739922535,-0.1426813720582039
H31,1,1,L2L 4th/5th,5,NA,131,NA,NA,NA,2,5,NA,8,L2 learner,L2,L2,L2,Selection,FCT-26,0,NA,NA,NA,NA,NA,NA,NA,Subjunctive,NA,NA,escribir,265684,Regular,L2L,4th/5th,Late,No,7,0,131,2023,0,0.2857142857142857,-0.6311919470410735,NA,0.11177644739922535,-0.1426813720582039
H31,1,1,L2L 4th/5th,5,NA,131,NA,NA,NA,2,5,NA,8,L2 learner,L2,L2,L2,Selection,FCT-28,1,NA,NA,NA,NA,NA,NA,NA,Subjunctive,NA,NA,salir,334324,Irregular,L2L,4th/5th,Late,No,7,0,131,2023,1,0.2857142857142857,-0.5503787506752892,NA,0.11177644739922535,-0.1426813720582039
H31,1,2,L2L 7th/8th,8,NA,131,NA,NA,NA,2,5,NA,8,L2 learner,L2,L2,L2,Selection,FCT-02,1,NA,NA,NA,NA,NA,NA,NA,Subjunctive,NA,NA,ver,1611795,Irregular,L2L,7th/8th,Late,No,7,36,167,2026,1,0.2857142857142857,0.9536497279755688,NA,0.11177644739922535,1.129238675001182
H31,1,2,L2L 7th/8th,8,NA,131,NA,NA,NA,2,5,NA,8,L2 learner,L2,L2,L2,Selection,FCT-06,1,NA,NA,NA,NA,NA,NA,NA,Subjunctive,NA,NA,hacer,2726954,Irregular,L2L,7th/8th,Late,No,7,36,167,2026,1,0.2857142857142857,2.266580427947476,NA,0.11177644739922535,1.129238675001182
H31,1,2,L2L 7th/8th,8,NA,131,NA,NA,NA,2,5,NA,8,L2 learner,L2,L2,L2,Selection,FCT-10,1,NA,NA,NA,NA,NA,NA,NA,Subjunctive,NA,NA,comer,213756,Regular,L2L,7th/8th,Late,No,7,36,167,2026,1,0.2857142857142857,-0.6923292964129041,NA,0.11177644739922535,1.129238675001182
H31,1,2,L2L 7th/8th,8,NA,131,NA,NA,NA,2,5,NA,8,L2 learner,L2,L2,L2,Selection,FCT-14,1,NA,NA,NA,NA,NA,NA,NA,Subjunctive,NA,NA,ir,603647,Irregular,L2L,7th/8th,Late,No,7,36,167,2026,1,0.2857142857142857,-0.23329173895002495,NA,0.11177644739922535,1.129238675001182
H31,1,2,L2L 7th/8th,8,NA,131,NA,NA,NA,2,5,NA,8,L2 learner,L2,L2,L2,Selection,FCT-18,0,NA,NA,NA,NA,NA,NA,NA,Subjunctive,NA,NA,abrir,143932,Regular,L2L,7th/8th,Late,No,7,36,167,2026,0,0.2857142857142857,-0.7745364733220609,NA,0.11177644739922535,1.129238675001182
H31,1,2,L2L 7th/8th,8,NA,131,NA,NA,NA,2,5,NA,8,L2 learner,L2,L2,L2,Selection,FCT-22,1,NA,NA,NA,NA,NA,NA,NA,Subjunctive,NA,NA,poner,514285,Irregular,L2L,7th/8th,Late,No,7,36,167,2026,1,0.2857142857142857,-0.33850194952169194,NA,0.11177644739922535,1.129238675001182
H31,1,2,L2L 7th/8th,8,NA,131,NA,NA,NA,2,5,NA,8,L2 learner,L2,L2,L2,Selection,FCT-26,0,NA,NA,NA,NA,NA,NA,NA,Subjunctive,NA,NA,escribir,265684,Regular,L2L,7th/8th,Late,No,7,36,167,2026,0,0.2857142857142857,-0.6311919470410735,NA,0.11177644739922535,1.129238675001182
H31,1,2,L2L 7th/8th,8,NA,131,NA,NA,NA,2,5,NA,8,L2 learner,L2,L2,L2,Selection,FCT-28,1,NA,NA,NA,NA,NA,NA,NA,Subjunctive,NA,NA,salir,334324,Irregular,L2L,7th/8th,Late,No,7,36,167,2026,1,0.2857142857142857,-0.5503787506752892,NA,0.11177644739922535,1.129238675001182
H32,1,1,L2L 4th/5th,5,NA,130,NA,NA,NA,1,5,NA,8,Russian,No,Yes,Yes,Selection,FCT-02,1,NA,NA,NA,NA,NA,NA,NA,Subjunctive,NA,NA,ver,1611795,Irregular,L2L,4th/5th,Late,No,6,0,130,2023,1,0.16666666666666666,0.9536497279755688,NA,0.0734802565839019,-0.17801248447652016
H32,1,1,L2L 4th/5th,5,NA,130,NA,NA,NA,1,5,NA,8,Russian,No,Yes,Yes,Selection,FCT-06,0,NA,NA,NA,NA,NA,NA,NA,Subjunctive,NA,NA,hacer,2726954,Irregular,L2L,4th/5th,Late,No,6,0,130,2023,0,0.16666666666666666,2.266580427947476,NA,0.0734802565839019,-0.17801248447652016
H32,1,1,L2L 4th/5th,5,NA,130,NA,NA,NA,1,5,NA,8,Russian,No,Yes,Yes,Selection,FCT-10,0,NA,NA,NA,NA,NA,NA,NA,Subjunctive,NA,NA,comer,213756,Regular,L2L,4th/5th,Late,No,6,0,130,2023,0,0.16666666666666666,-0.6923292964129041,NA,0.0734802565839019,-0.17801248447652016
H32,1,1,L2L 4th/5th,5,NA,130,NA,NA,NA,1,5,NA,8,Russian,No,Yes,Yes,Selection,FCT-14,1,NA,NA,NA,NA,NA,NA,NA,Subjunctive,NA,NA,ir,603647,Irregular,L2L,4th/5th,Late,No,6,0,130,2023,1,0.16666666666666666,-0.23329173895002495,NA,0.0734802565839019,-0.17801248447652016
H32,1,1,L2L 4th/5th,5,NA,130,NA,NA,NA,1,5,NA,8,Russian,No,Yes,Yes,Selection,FCT-18,0,NA,NA,NA,NA,NA,NA,NA,Subjunctive,NA,NA,abrir,143932,Regular,L2L,4th/5th,Late,No,6,0,130,2023,0,0.16666666666666666,-0.7745364733220609,NA,0.0734802565839019,-0.17801248447652016
H32,1,1,L2L 4th/5th,5,NA,130,NA,NA,NA,1,5,NA,8,Russian,No,Yes,Yes,Selection,FCT-22,0,NA,NA,NA,NA,NA,NA,NA,Subjunctive,NA,NA,poner,514285,Irregular,L2L,4th/5th,Late,No,6,0,130,2023,0,0.16666666666666666,-0.33850194952169194,NA,0.0734802565839019,-0.17801248447652016
H32,1,1,L2L 4th/5th,5,NA,130,NA,NA,NA,1,5,NA,8,Russian,No,Yes,Yes,Selection,FCT-26,0,NA,NA,NA,NA,NA,NA,NA,Subjunctive,NA,NA,escribir,265684,Regular,L2L,4th/5th,Late,No,6,0,130,2023,0,0.16666666666666666,-0.6311919470410735,NA,0.0734802565839019,-0.17801248447652016
H32,1,1,L2L 4th/5th,5,NA,130,NA,NA,NA,1,5,NA,8,Russian,No,Yes,Yes,Selection,FCT-28,1,NA,NA,NA,NA,NA,NA,NA,Subjunctive,NA,NA,salir,334324,Irregular,L2L,4th/5th,Late,No,6,0,130,2023,1,0.16666666666666666,-0.5503787506752892,NA,0.0734802565839019,-0.17801248447652016
H32,1,2,L2L 7th/8th,8,NA,130,NA,NA,NA,1,5,NA,8,Russian,No,Yes,Yes,Selection,FCT-02,1,NA,NA,NA,NA,NA,NA,NA,Subjunctive,NA,NA,ver,1611795,Irregular,L2L,7th/8th,Late,No,6,36,166,2026,1,0.16666666666666666,0.9536497279755688,NA,0.0734802565839019,1.0939075625828658
H32,1,2,L2L 7th/8th,8,NA,130,NA,NA,NA,1,5,NA,8,Russian,No,Yes,Yes,Selection,FCT-06,1,NA,NA,NA,NA,NA,NA,NA,Subjunctive,NA,NA,hacer,2726954,Irregular,L2L,7th/8th,Late,No,6,36,166,2026,1,0.16666666666666666,2.266580427947476,NA,0.0734802565839019,1.0939075625828658
H32,1,2,L2L 7th/8th,8,NA,130,NA,NA,NA,1,5,NA,8,Russian,No,Yes,Yes,Selection,FCT-10,0,NA,NA,NA,NA,NA,NA,NA,Subjunctive,NA,NA,comer,213756,Regular,L2L,7th/8th,Late,No,6,36,166,2026,0,0.16666666666666666,-0.6923292964129041,NA,0.0734802565839019,1.0939075625828658
H32,1,2,L2L 7th/8th,8,NA,130,NA,NA,NA,1,5,NA,8,Russian,No,Yes,Yes,Selection,FCT-14,1,NA,NA,NA,NA,NA,NA,NA,Subjunctive,NA,NA,ir,603647,Irregular,L2L,7th/8th,Late,No,6,36,166,2026,1,0.16666666666666666,-0.23329173895002495,NA,0.0734802565839019,1.0939075625828658
H32,1,2,L2L 7th/8th,8,NA,130,NA,NA,NA,1,5,NA,8,Russian,No,Yes,Yes,Selection,FCT-18,1,NA,NA,NA,NA,NA,NA,NA,Subjunctive,NA,NA,abrir,143932,Regular,L2L,7th/8th,Late,No,6,36,166,2026,1,0.16666666666666666,-0.7745364733220609,NA,0.0734802565839019,1.0939075625828658
H32,1,2,L2L 7th/8th,8,NA,130,NA,NA,NA,1,5,NA,8,Russian,No,Yes,Yes,Selection,FCT-22,0,NA,NA,NA,NA,NA,NA,NA,Subjunctive,NA,NA,poner,514285,Irregular,L2L,7th/8th,Late,No,6,36,166,2026,0,0.16666666666666666,-0.33850194952169194,NA,0.0734802565839019,1.0939075625828658
H32,1,2,L2L 7th/8th,8,NA,130,NA,NA,NA,1,5,NA,8,Russian,No,Yes,Yes,Selection,FCT-26,1,NA,NA,NA,NA,NA,NA,NA,Subjunctive,NA,NA,escribir,265684,Regular,L2L,7th/8th,Late,No,6,36,166,2026,1,0.16666666666666666,-0.6311919470410735,NA,0.0734802565839019,1.0939075625828658
H32,1,2,L2L 7th/8th,8,NA,130,NA,NA,NA,1,5,NA,8,Russian,No,Yes,Yes,Selection,FCT-28,0,NA,NA,NA,NA,NA,NA,NA,Subjunctive,NA,NA,salir,334324,Irregular,L2L,7th/8th,Late,No,6,36,166,2026,0,0.16666666666666666,-0.5503787506752892,NA,0.0734802565839019,1.0939075625828658
H33,1,1,L2L 4th/5th,5,NA,128,NA,NA,NA,2,4,NA,3,"Hindi, Marathi",Yes,Yes,Yes,Selection,FCT-02,1,NA,NA,NA,NA,NA,NA,NA,Subjunctive,NA,NA,ver,1611795,Irregular,L2L,4th/5th,Late,No,6,0,128,2023,1,0.3333333333333333,0.9536497279755688,NA,-0.0031121250467449975,-0.24867470931315272
H33,1,1,L2L 4th/5th,5,NA,128,NA,NA,NA,2,4,NA,3,"Hindi, Marathi",Yes,Yes,Yes,Selection,FCT-06,0,NA,NA,NA,NA,NA,NA,NA,Subjunctive,NA,NA,hacer,2726954,Irregular,L2L,4th/5th,Late,No,6,0,128,2023,0,0.3333333333333333,2.266580427947476,NA,-0.0031121250467449975,-0.24867470931315272
H33,1,1,L2L 4th/5th,5,NA,128,NA,NA,NA,2,4,NA,3,"Hindi, Marathi",Yes,Yes,Yes,Selection,FCT-10,0,NA,NA,NA,NA,NA,NA,NA,Subjunctive,NA,NA,comer,213756,Regular,L2L,4th/5th,Late,No,6,0,128,2023,0,0.3333333333333333,-0.6923292964129041,NA,-0.0031121250467449975,-0.24867470931315272
H33,1,1,L2L 4th/5th,5,NA,128,NA,NA,NA,2,4,NA,3,"Hindi, Marathi",Yes,Yes,Yes,Selection,FCT-14,1,NA,NA,NA,NA,NA,NA,NA,Subjunctive,NA,NA,ir,603647,Irregular,L2L,4th/5th,Late,No,6,0,128,2023,1,0.3333333333333333,-0.23329173895002495,NA,-0.0031121250467449975,-0.24867470931315272
H33,1,1,L2L 4th/5th,5,NA,128,NA,NA,NA,2,4,NA,3,"Hindi, Marathi",Yes,Yes,Yes,Selection,FCT-18,1,NA,NA,NA,NA,NA,NA,NA,Subjunctive,NA,NA,abrir,143932,Regular,L2L,4th/5th,Late,No,6,0,128,2023,1,0.3333333333333333,-0.7745364733220609,NA,-0.0031121250467449975,-0.24867470931315272
H33,1,1,L2L 4th/5th,5,NA,128,NA,NA,NA,2,4,NA,3,"Hindi, Marathi",Yes,Yes,Yes,Selection,FCT-22,1,NA,NA,NA,NA,NA,NA,NA,Subjunctive,NA,NA,poner,514285,Irregular,L2L,4th/5th,Late,No,6,0,128,2023,1,0.3333333333333333,-0.33850194952169194,NA,-0.0031121250467449975,-0.24867470931315272
H33,1,1,L2L 4th/5th,5,NA,128,NA,NA,NA,2,4,NA,3,"Hindi, Marathi",Yes,Yes,Yes,Selection,FCT-26,1,NA,NA,NA,NA,NA,NA,NA,Subjunctive,NA,NA,escribir,265684,Regular,L2L,4th/5th,Late,No,6,0,128,2023,1,0.3333333333333333,-0.6311919470410735,NA,-0.0031121250467449975,-0.24867470931315272
H33,1,1,L2L 4th/5th,5,NA,128,NA,NA,NA,2,4,NA,3,"Hindi, Marathi",Yes,Yes,Yes,Selection,FCT-28,1,NA,NA,NA,NA,NA,NA,NA,Subjunctive,NA,NA,salir,334324,Irregular,L2L,4th/5th,Late,No,6,0,128,2023,1,0.3333333333333333,-0.5503787506752892,NA,-0.0031121250467449975,-0.24867470931315272
H33,1,2,L2L 7th/8th,8,NA,128,NA,NA,NA,2,4,NA,3,"Hindi, Marathi",Yes,Yes,Yes,Selection,FCT-02,1,NA,NA,NA,NA,NA,NA,NA,Subjunctive,NA,NA,ver,1611795,Irregular,L2L,7th/8th,Late,No,6,36,164,2026,1,0.3333333333333333,0.9536497279755688,NA,-0.0031121250467449975,1.0232453377462332
H33,1,2,L2L 7th/8th,8,NA,128,NA,NA,NA,2,4,NA,3,"Hindi, Marathi",Yes,Yes,Yes,Selection,FCT-06,0,NA,NA,NA,NA,NA,NA,NA,Subjunctive,NA,NA,hacer,2726954,Irregular,L2L,7th/8th,Late,No,6,36,164,2026,0,0.3333333333333333,2.266580427947476,NA,-0.0031121250467449975,1.0232453377462332
H33,1,2,L2L 7th/8th,8,NA,128,NA,NA,NA,2,4,NA,3,"Hindi, Marathi",Yes,Yes,Yes,Selection,FCT-10,0,NA,NA,NA,NA,NA,NA,NA,Subjunctive,NA,NA,comer,213756,Regular,L2L,7th/8th,Late,No,6,36,164,2026,0,0.3333333333333333,-0.6923292964129041,NA,-0.0031121250467449975,1.0232453377462332
H33,1,2,L2L 7th/8th,8,NA,128,NA,NA,NA,2,4,NA,3,"Hindi, Marathi",Yes,Yes,Yes,Selection,FCT-14,1,NA,NA,NA,NA,NA,NA,NA,Subjunctive,NA,NA,ir,603647,Irregular,L2L,7th/8th,Late,No,6,36,164,2026,1,0.3333333333333333,-0.23329173895002495,NA,-0.0031121250467449975,1.0232453377462332
H33,1,2,L2L 7th/8th,8,NA,128,NA,NA,NA,2,4,NA,3,"Hindi, Marathi",Yes,Yes,Yes,Selection,FCT-18,0,NA,NA,NA,NA,NA,NA,NA,Subjunctive,NA,NA,abrir,143932,Regular,L2L,7th/8th,Late,No,6,36,164,2026,0,0.3333333333333333,-0.7745364733220609,NA,-0.0031121250467449975,1.0232453377462332
H33,1,2,L2L 7th/8th,8,NA,128,NA,NA,NA,2,4,NA,3,"Hindi, Marathi",Yes,Yes,Yes,Selection,FCT-22,1,NA,NA,NA,NA,NA,NA,NA,Subjunctive,NA,NA,poner,514285,Irregular,L2L,7th/8th,Late,No,6,36,164,2026,1,0.3333333333333333,-0.33850194952169194,NA,-0.0031121250467449975,1.0232453377462332
H33,1,2,L2L 7th/8th,8,NA,128,NA,NA,NA,2,4,NA,3,"Hindi, Marathi",Yes,Yes,Yes,Selection,FCT-26,0,NA,NA,NA,NA,NA,NA,NA,Subjunctive,NA,NA,escribir,265684,Regular,L2L,7th/8th,Late,No,6,36,164,2026,0,0.3333333333333333,-0.6311919470410735,NA,-0.0031121250467449975,1.0232453377462332
H33,1,2,L2L 7th/8th,8,NA,128,NA,NA,NA,2,4,NA,3,"Hindi, Marathi",Yes,Yes,Yes,Selection,FCT-28,1,NA,NA,NA,NA,NA,NA,NA,Subjunctive,NA,NA,salir,334324,Irregular,L2L,7th/8th,Late,No,6,36,164,2026,1,0.3333333333333333,-0.5503787506752892,NA,-0.0031121250467449975,1.0232453377462332
H34,1,1,L2L 4th/5th,5,11,132,NA,NA,NA,2,4,3,8,Sinhala,Yes,Yes,Yes,Selection,FCT-02,1,NA,NA,NA,NA,NA,NA,NA,Subjunctive,NA,NA,ver,1611795,Irregular,L2L,4th/5th,Late,No,6,0,132,2023,1,0.3333333333333333,0.9536497279755688,NA,0.1500726382145488,-0.10735025963988762
H34,1,1,L2L 4th/5th,5,11,132,NA,NA,NA,2,4,3,8,Sinhala,Yes,Yes,Yes,Selection,FCT-06,1,NA,NA,NA,NA,NA,NA,NA,Subjunctive,NA,NA,hacer,2726954,Irregular,L2L,4th/5th,Late,No,6,0,132,2023,1,0.3333333333333333,2.266580427947476,NA,0.1500726382145488,-0.10735025963988762
H34,1,1,L2L 4th/5th,5,11,132,NA,NA,NA,2,4,3,8,Sinhala,Yes,Yes,Yes,Selection,FCT-10,0,NA,NA,NA,NA,NA,NA,NA,Subjunctive,NA,NA,comer,213756,Regular,L2L,4th/5th,Late,No,6,0,132,2023,0,0.3333333333333333,-0.6923292964129041,NA,0.1500726382145488,-0.10735025963988762
H34,1,1,L2L 4th/5th,5,11,132,NA,NA,NA,2,4,3,8,Sinhala,Yes,Yes,Yes,Selection,FCT-14,0,NA,NA,NA,NA,NA,NA,NA,Subjunctive,NA,NA,ir,603647,Irregular,L2L,4th/5th,Late,No,6,0,132,2023,0,0.3333333333333333,-0.23329173895002495,NA,0.1500726382145488,-0.10735025963988762
H34,1,1,L2L 4th/5th,5,11,132,NA,NA,NA,2,4,3,8,Sinhala,Yes,Yes,Yes,Selection,FCT-18,0,NA,NA,NA,NA,NA,NA,NA,Subjunctive,NA,NA,abrir,143932,Regular,L2L,4th/5th,Late,No,6,0,132,2023,0,0.3333333333333333,-0.7745364733220609,NA,0.1500726382145488,-0.10735025963988762
H34,1,1,L2L 4th/5th,5,11,132,NA,NA,NA,2,4,3,8,Sinhala,Yes,Yes,Yes,Selection,FCT-22,0,NA,NA,NA,NA,NA,NA,NA,Subjunctive,NA,NA,poner,514285,Irregular,L2L,4th/5th,Late,No,6,0,132,2023,0,0.3333333333333333,-0.33850194952169194,NA,0.1500726382145488,-0.10735025963988762
H34,1,1,L2L 4th/5th,5,11,132,NA,NA,NA,2,4,3,8,Sinhala,Yes,Yes,Yes,Selection,FCT-26,0,NA,NA,NA,NA,NA,NA,NA,Subjunctive,NA,NA,escribir,265684,Regular,L2L,4th/5th,Late,No,6,0,132,2023,0,0.3333333333333333,-0.6311919470410735,NA,0.1500726382145488,-0.10735025963988762
H34,1,1,L2L 4th/5th,5,11,132,NA,NA,NA,2,4,3,8,Sinhala,Yes,Yes,Yes,Selection,FCT-28,1,NA,NA,NA,NA,NA,NA,NA,Subjunctive,NA,NA,salir,334324,Irregular,L2L,4th/5th,Late,No,6,0,132,2023,1,0.3333333333333333,-0.5503787506752892,NA,0.1500726382145488,-0.10735025963988762
H34,1,2,L2L 7th/8th,8,11,132,NA,NA,NA,2,4,3,8,Sinhala,Yes,Yes,Yes,Selection,FCT-02,0,NA,NA,NA,NA,NA,NA,NA,Subjunctive,NA,NA,ver,1611795,Irregular,L2L,7th/8th,Late,No,6,36,168,2026,0,0.3333333333333333,0.9536497279755688,NA,0.1500726382145488,1.1645697874194985
H34,1,2,L2L 7th/8th,8,11,132,NA,NA,NA,2,4,3,8,Sinhala,Yes,Yes,Yes,Selection,FCT-06,1,NA,NA,NA,NA,NA,NA,NA,Subjunctive,NA,NA,hacer,2726954,Irregular,L2L,7th/8th,Late,No,6,36,168,2026,1,0.3333333333333333,2.266580427947476,NA,0.1500726382145488,1.1645697874194985
H34,1,2,L2L 7th/8th,8,11,132,NA,NA,NA,2,4,3,8,Sinhala,Yes,Yes,Yes,Selection,FCT-10,0,NA,NA,NA,NA,NA,NA,NA,Subjunctive,NA,NA,comer,213756,Regular,L2L,7th/8th,Late,No,6,36,168,2026,0,0.3333333333333333,-0.6923292964129041,NA,0.1500726382145488,1.1645697874194985
H34,1,2,L2L 7th/8th,8,11,132,NA,NA,NA,2,4,3,8,Sinhala,Yes,Yes,Yes,Selection,FCT-14,0,NA,NA,NA,NA,NA,NA,NA,Subjunctive,NA,NA,ir,603647,Irregular,L2L,7th/8th,Late,No,6,36,168,2026,0,0.3333333333333333,-0.23329173895002495,NA,0.1500726382145488,1.1645697874194985
H34,1,2,L2L 7th/8th,8,11,132,NA,NA,NA,2,4,3,8,Sinhala,Yes,Yes,Yes,Selection,FCT-18,0,NA,NA,NA,NA,NA,NA,NA,Subjunctive,NA,NA,abrir,143932,Regular,L2L,7th/8th,Late,No,6,36,168,2026,0,0.3333333333333333,-0.7745364733220609,NA,0.1500726382145488,1.1645697874194985
H34,1,2,L2L 7th/8th,8,11,132,NA,NA,NA,2,4,3,8,Sinhala,Yes,Yes,Yes,Selection,FCT-22,1,NA,NA,NA,NA,NA,NA,NA,Subjunctive,NA,NA,poner,514285,Irregular,L2L,7th/8th,Late,No,6,36,168,2026,1,0.3333333333333333,-0.33850194952169194,NA,0.1500726382145488,1.1645697874194985
H34,1,2,L2L 7th/8th,8,11,132,NA,NA,NA,2,4,3,8,Sinhala,Yes,Yes,Yes,Selection,FCT-26,0,NA,NA,NA,NA,NA,NA,NA,Subjunctive,NA,NA,escribir,265684,Regular,L2L,7th/8th,Late,No,6,36,168,2026,0,0.3333333333333333,-0.6311919470410735,NA,0.1500726382145488,1.1645697874194985
H34,1,2,L2L 7th/8th,8,11,132,NA,NA,NA,2,4,3,8,Sinhala,Yes,Yes,Yes,Selection,FCT-28,1,NA,NA,NA,NA,NA,NA,NA,Subjunctive,NA,NA,salir,334324,Irregular,L2L,7th/8th,Late,No,6,36,168,2026,1,0.3333333333333333,-0.5503787506752892,NA,0.1500726382145488,1.1645697874194985
H35,1,1,L2L 4th/5th,5,NA,130,NA,NA,NA,2,2,NA,7,Romanian,Yes,Yes,Yes,Selection,FCT-02,1,NA,NA,NA,NA,NA,NA,NA,Subjunctive,NA,NA,ver,1611795,Irregular,L2L,4th/5th,Late,No,4,0,130,2023,1,0.5,0.9536497279755688,NA,0.0734802565839019,-0.17801248447652016
H35,1,1,L2L 4th/5th,5,NA,130,NA,NA,NA,2,2,NA,7,Romanian,Yes,Yes,Yes,Selection,FCT-06,1,NA,NA,NA,NA,NA,NA,NA,Subjunctive,NA,NA,hacer,2726954,Irregular,L2L,4th/5th,Late,No,4,0,130,2023,1,0.5,2.266580427947476,NA,0.0734802565839019,-0.17801248447652016
H35,1,1,L2L 4th/5th,5,NA,130,NA,NA,NA,2,2,NA,7,Romanian,Yes,Yes,Yes,Selection,FCT-10,1,NA,NA,NA,NA,NA,NA,NA,Subjunctive,NA,NA,comer,213756,Regular,L2L,4th/5th,Late,No,4,0,130,2023,1,0.5,-0.6923292964129041,NA,0.0734802565839019,-0.17801248447652016
H35,1,1,L2L 4th/5th,5,NA,130,NA,NA,NA,2,2,NA,7,Romanian,Yes,Yes,Yes,Selection,FCT-14,0,NA,NA,NA,NA,NA,NA,NA,Subjunctive,NA,NA,ir,603647,Irregular,L2L,4th/5th,Late,No,4,0,130,2023,0,0.5,-0.23329173895002495,NA,0.0734802565839019,-0.17801248447652016
H35,1,1,L2L 4th/5th,5,NA,130,NA,NA,NA,2,2,NA,7,Romanian,Yes,Yes,Yes,Selection,FCT-18,1,NA,NA,NA,NA,NA,NA,NA,Subjunctive,NA,NA,abrir,143932,Regular,L2L,4th/5th,Late,No,4,0,130,2023,1,0.5,-0.7745364733220609,NA,0.0734802565839019,-0.17801248447652016
H35,1,1,L2L 4th/5th,5,NA,130,NA,NA,NA,2,2,NA,7,Romanian,Yes,Yes,Yes,Selection,FCT-22,1,NA,NA,NA,NA,NA,NA,NA,Subjunctive,NA,NA,poner,514285,Irregular,L2L,4th/5th,Late,No,4,0,130,2023,1,0.5,-0.33850194952169194,NA,0.0734802565839019,-0.17801248447652016
H35,1,1,L2L 4th/5th,5,NA,130,NA,NA,NA,2,2,NA,7,Romanian,Yes,Yes,Yes,Selection,FCT-26,0,NA,NA,NA,NA,NA,NA,NA,Subjunctive,NA,NA,escribir,265684,Regular,L2L,4th/5th,Late,No,4,0,130,2023,0,0.5,-0.6311919470410735,NA,0.0734802565839019,-0.17801248447652016
H35,1,1,L2L 4th/5th,5,NA,130,NA,NA,NA,2,2,NA,7,Romanian,Yes,Yes,Yes,Selection,FCT-28,1,NA,NA,NA,NA,NA,NA,NA,Subjunctive,NA,NA,salir,334324,Irregular,L2L,4th/5th,Late,No,4,0,130,2023,1,0.5,-0.5503787506752892,NA,0.0734802565839019,-0.17801248447652016
H35,1,2,L2L 7th/8th,8,NA,130,NA,NA,NA,2,2,NA,7,Romanian,Yes,Yes,Yes,Selection,FCT-02,0,NA,NA,NA,NA,NA,NA,NA,Subjunctive,NA,NA,ver,1611795,Irregular,L2L,7th/8th,Late,No,4,36,166,2026,0,0.5,0.9536497279755688,NA,0.0734802565839019,1.0939075625828658
H35,1,2,L2L 7th/8th,8,NA,130,NA,NA,NA,2,2,NA,7,Romanian,Yes,Yes,Yes,Selection,FCT-06,1,NA,NA,NA,NA,NA,NA,NA,Subjunctive,NA,NA,hacer,2726954,Irregular,L2L,7th/8th,Late,No,4,36,166,2026,1,0.5,2.266580427947476,NA,0.0734802565839019,1.0939075625828658
H35,1,2,L2L 7th/8th,8,NA,130,NA,NA,NA,2,2,NA,7,Romanian,Yes,Yes,Yes,Selection,FCT-10,0,NA,NA,NA,NA,NA,NA,NA,Subjunctive,NA,NA,comer,213756,Regular,L2L,7th/8th,Late,No,4,36,166,2026,0,0.5,-0.6923292964129041,NA,0.0734802565839019,1.0939075625828658
H35,1,2,L2L 7th/8th,8,NA,130,NA,NA,NA,2,2,NA,7,Romanian,Yes,Yes,Yes,Selection,FCT-14,0,NA,NA,NA,NA,NA,NA,NA,Subjunctive,NA,NA,ir,603647,Irregular,L2L,7th/8th,Late,No,4,36,166,2026,0,0.5,-0.23329173895002495,NA,0.0734802565839019,1.0939075625828658
H35,1,2,L2L 7th/8th,8,NA,130,NA,NA,NA,2,2,NA,7,Romanian,Yes,Yes,Yes,Selection,FCT-18,1,NA,NA,NA,NA,NA,NA,NA,Subjunctive,NA,NA,abrir,143932,Regular,L2L,7th/8th,Late,No,4,36,166,2026,1,0.5,-0.7745364733220609,NA,0.0734802565839019,1.0939075625828658
H35,1,2,L2L 7th/8th,8,NA,130,NA,NA,NA,2,2,NA,7,Romanian,Yes,Yes,Yes,Selection,FCT-22,1,NA,NA,NA,NA,NA,NA,NA,Subjunctive,NA,NA,poner,514285,Irregular,L2L,7th/8th,Late,No,4,36,166,2026,1,0.5,-0.33850194952169194,NA,0.0734802565839019,1.0939075625828658
H35,1,2,L2L 7th/8th,8,NA,130,NA,NA,NA,2,2,NA,7,Romanian,Yes,Yes,Yes,Selection,FCT-26,1,NA,NA,NA,NA,NA,NA,NA,Subjunctive,NA,NA,escribir,265684,Regular,L2L,7th/8th,Late,No,4,36,166,2026,1,0.5,-0.6311919470410735,NA,0.0734802565839019,1.0939075625828658
H35,1,2,L2L 7th/8th,8,NA,130,NA,NA,NA,2,2,NA,7,Romanian,Yes,Yes,Yes,Selection,FCT-28,1,NA,NA,NA,NA,NA,NA,NA,Subjunctive,NA,NA,salir,334324,Irregular,L2L,7th/8th,Late,No,4,36,166,2026,1,0.5,-0.5503787506752892,NA,0.0734802565839019,1.0939075625828658
H36,1,1,L2L 7th/8th,7,NA,155,NA,NA,NA,2,4,NA,3,L2 learner,L2,L2,L2,Selection,FCT-02,1,NA,NA,NA,NA,NA,NA,NA,Subjunctive,NA,NA,ver,1611795,Irregular,L2L,7th/8th,Late,No,6,0,155,2023,1,0.3333333333333333,0.9536497279755688,NA,1.0308850269669882,0.7052653259813868
H36,1,1,L2L 7th/8th,7,NA,155,NA,NA,NA,2,4,NA,3,L2 learner,L2,L2,L2,Selection,FCT-06,1,NA,NA,NA,NA,NA,NA,NA,Subjunctive,NA,NA,hacer,2726954,Irregular,L2L,7th/8th,Late,No,6,0,155,2023,1,0.3333333333333333,2.266580427947476,NA,1.0308850269669882,0.7052653259813868
H36,1,1,L2L 7th/8th,7,NA,155,NA,NA,NA,2,4,NA,3,L2 learner,L2,L2,L2,Selection,FCT-10,1,NA,NA,NA,NA,NA,NA,NA,Subjunctive,NA,NA,comer,213756,Regular,L2L,7th/8th,Late,No,6,0,155,2023,1,0.3333333333333333,-0.6923292964129041,NA,1.0308850269669882,0.7052653259813868
H36,1,1,L2L 7th/8th,7,NA,155,NA,NA,NA,2,4,NA,3,L2 learner,L2,L2,L2,Selection,FCT-14,0,NA,NA,NA,NA,NA,NA,NA,Subjunctive,NA,NA,ir,603647,Irregular,L2L,7th/8th,Late,No,6,0,155,2023,0,0.3333333333333333,-0.23329173895002495,NA,1.0308850269669882,0.7052653259813868
H36,1,1,L2L 7th/8th,7,NA,155,NA,NA,NA,2,4,NA,3,L2 learner,L2,L2,L2,Selection,FCT-18,1,NA,NA,NA,NA,NA,NA,NA,Subjunctive,NA,NA,abrir,143932,Regular,L2L,7th/8th,Late,No,6,0,155,2023,1,0.3333333333333333,-0.7745364733220609,NA,1.0308850269669882,0.7052653259813868
H36,1,1,L2L 7th/8th,7,NA,155,NA,NA,NA,2,4,NA,3,L2 learner,L2,L2,L2,Selection,FCT-22,1,NA,NA,NA,NA,NA,NA,NA,Subjunctive,NA,NA,poner,514285,Irregular,L2L,7th/8th,Late,No,6,0,155,2023,1,0.3333333333333333,-0.33850194952169194,NA,1.0308850269669882,0.7052653259813868
H36,1,1,L2L 7th/8th,7,NA,155,NA,NA,NA,2,4,NA,3,L2 learner,L2,L2,L2,Selection,FCT-26,0,NA,NA,NA,NA,NA,NA,NA,Subjunctive,NA,NA,escribir,265684,Regular,L2L,7th/8th,Late,No,6,0,155,2023,0,0.3333333333333333,-0.6311919470410735,NA,1.0308850269669882,0.7052653259813868
H36,1,1,L2L 7th/8th,7,NA,155,NA,NA,NA,2,4,NA,3,L2 learner,L2,L2,L2,Selection,FCT-28,1,NA,NA,NA,NA,NA,NA,NA,Subjunctive,NA,NA,salir,334324,Irregular,L2L,7th/8th,Late,No,6,0,155,2023,1,0.3333333333333333,-0.5503787506752892,NA,1.0308850269669882,0.7052653259813868
H37,1,1,L2L 7th/8th,8,NA,174,NA,NA,NA,3,3,NA,3,L2 learner,L2,L2,L2,Selection,FCT-02,1,NA,NA,NA,NA,NA,NA,NA,Subjunctive,NA,NA,ver,1611795,Irregular,L2L,7th/8th,Late,No,6,0,174,2023,1,0.5,0.9536497279755688,NA,1.7585126524581336,1.376556461929396
H37,1,1,L2L 7th/8th,8,NA,174,NA,NA,NA,3,3,NA,3,L2 learner,L2,L2,L2,Selection,FCT-06,1,NA,NA,NA,NA,NA,NA,NA,Subjunctive,NA,NA,hacer,2726954,Irregular,L2L,7th/8th,Late,No,6,0,174,2023,1,0.5,2.266580427947476,NA,1.7585126524581336,1.376556461929396
H37,1,1,L2L 7th/8th,8,NA,174,NA,NA,NA,3,3,NA,3,L2 learner,L2,L2,L2,Selection,FCT-10,0,NA,NA,NA,NA,NA,NA,NA,Subjunctive,NA,NA,comer,213756,Regular,L2L,7th/8th,Late,No,6,0,174,2023,0,0.5,-0.6923292964129041,NA,1.7585126524581336,1.376556461929396
H37,1,1,L2L 7th/8th,8,NA,174,NA,NA,NA,3,3,NA,3,L2 learner,L2,L2,L2,Selection,FCT-14,0,NA,NA,NA,NA,NA,NA,NA,Subjunctive,NA,NA,ir,603647,Irregular,L2L,7th/8th,Late,No,6,0,174,2023,0,0.5,-0.23329173895002495,NA,1.7585126524581336,1.376556461929396
H37,1,1,L2L 7th/8th,8,NA,174,NA,NA,NA,3,3,NA,3,L2 learner,L2,L2,L2,Selection,FCT-18,1,NA,NA,NA,NA,NA,NA,NA,Subjunctive,NA,NA,abrir,143932,Regular,L2L,7th/8th,Late,No,6,0,174,2023,1,0.5,-0.7745364733220609,NA,1.7585126524581336,1.376556461929396
H37,1,1,L2L 7th/8th,8,NA,174,NA,NA,NA,3,3,NA,3,L2 learner,L2,L2,L2,Selection,FCT-22,1,NA,NA,NA,NA,NA,NA,NA,Subjunctive,NA,NA,poner,514285,Irregular,L2L,7th/8th,Late,No,6,0,174,2023,1,0.5,-0.33850194952169194,NA,1.7585126524581336,1.376556461929396
H37,1,1,L2L 7th/8th,8,NA,174,NA,NA,NA,3,3,NA,3,L2 learner,L2,L2,L2,Selection,FCT-26,0,NA,NA,NA,NA,NA,NA,NA,Subjunctive,NA,NA,escribir,265684,Regular,L2L,7th/8th,Late,No,6,0,174,2023,0,0.5,-0.6311919470410735,NA,1.7585126524581336,1.376556461929396
H37,1,1,L2L 7th/8th,8,NA,174,NA,NA,NA,3,3,NA,3,L2 learner,L2,L2,L2,Selection,FCT-28,1,NA,NA,NA,NA,NA,NA,NA,Subjunctive,NA,NA,salir,334324,Irregular,L2L,7th/8th,Late,No,6,0,174,2023,1,0.5,-0.5503787506752892,NA,1.7585126524581336,1.376556461929396
H38,1,1,HS 7th/8th,7,NA,159,NA,NA,NA,2,5,NA,8,Heritage Spanish,NA,NA,NA,Selection,FCT-02,1,NA,NA,NA,NA,NA,NA,NA,Subjunctive,NA,NA,ver,1611795,Irregular,HS,7th/8th,Late,No,7,0,159,2023,1,0.2857142857142857,0.9536497279755688,NA,1.184069790228282,0.8465897756546519
H38,1,1,HS 7th/8th,7,NA,159,NA,NA,NA,2,5,NA,8,Heritage Spanish,NA,NA,NA,Selection,FCT-06,0,NA,NA,NA,NA,NA,NA,NA,Subjunctive,NA,NA,hacer,2726954,Irregular,HS,7th/8th,Late,No,7,0,159,2023,0,0.2857142857142857,2.266580427947476,NA,1.184069790228282,0.8465897756546519
H38,1,1,HS 7th/8th,7,NA,159,NA,NA,NA,2,5,NA,8,Heritage Spanish,NA,NA,NA,Selection,FCT-10,1,NA,NA,NA,NA,NA,NA,NA,Subjunctive,NA,NA,comer,213756,Regular,HS,7th/8th,Late,No,7,0,159,2023,1,0.2857142857142857,-0.6923292964129041,NA,1.184069790228282,0.8465897756546519
H38,1,1,HS 7th/8th,7,NA,159,NA,NA,NA,2,5,NA,8,Heritage Spanish,NA,NA,NA,Selection,FCT-14,1,NA,NA,NA,NA,NA,NA,NA,Subjunctive,NA,NA,ir,603647,Irregular,HS,7th/8th,Late,No,7,0,159,2023,1,0.2857142857142857,-0.23329173895002495,NA,1.184069790228282,0.8465897756546519
H38,1,1,HS 7th/8th,7,NA,159,NA,NA,NA,2,5,NA,8,Heritage Spanish,NA,NA,NA,Selection,FCT-18,0,NA,NA,NA,NA,NA,NA,NA,Subjunctive,NA,NA,abrir,143932,Regular,HS,7th/8th,Late,No,7,0,159,2023,0,0.2857142857142857,-0.7745364733220609,NA,1.184069790228282,0.8465897756546519
H38,1,1,HS 7th/8th,7,NA,159,NA,NA,NA,2,5,NA,8,Heritage Spanish,NA,NA,NA,Selection,FCT-22,1,NA,NA,NA,NA,NA,NA,NA,Subjunctive,NA,NA,poner,514285,Irregular,HS,7th/8th,Late,No,7,0,159,2023,1,0.2857142857142857,-0.33850194952169194,NA,1.184069790228282,0.8465897756546519
H38,1,1,HS 7th/8th,7,NA,159,NA,NA,NA,2,5,NA,8,Heritage Spanish,NA,NA,NA,Selection,FCT-26,1,NA,NA,NA,NA,NA,NA,NA,Subjunctive,NA,NA,escribir,265684,Regular,HS,7th/8th,Late,No,7,0,159,2023,1,0.2857142857142857,-0.6311919470410735,NA,1.184069790228282,0.8465897756546519
H38,1,1,HS 7th/8th,7,NA,159,NA,NA,NA,2,5,NA,8,Heritage Spanish,NA,NA,NA,Selection,FCT-28,1,NA,NA,NA,NA,NA,NA,NA,Subjunctive,NA,NA,salir,334324,Irregular,HS,7th/8th,Late,No,7,0,159,2023,1,0.2857142857142857,-0.5503787506752892,NA,1.184069790228282,0.8465897756546519
H39,1,1,L2L 7th/8th,7,NA,159,NA,NA,NA,4,3,NA,8,L2 learner,L2,L2,L2,Selection,FCT-02,1,NA,NA,NA,NA,NA,NA,NA,Subjunctive,NA,NA,ver,1611795,Irregular,L2L,7th/8th,Late,No,7,0,159,2023,1,0.5714285714285714,0.9536497279755688,NA,1.184069790228282,0.8465897756546519
H39,1,1,L2L 7th/8th,7,NA,159,NA,NA,NA,4,3,NA,8,L2 learner,L2,L2,L2,Selection,FCT-06,1,NA,NA,NA,NA,NA,NA,NA,Subjunctive,NA,NA,hacer,2726954,Irregular,L2L,7th/8th,Late,No,7,0,159,2023,1,0.5714285714285714,2.266580427947476,NA,1.184069790228282,0.8465897756546519
H39,1,1,L2L 7th/8th,7,NA,159,NA,NA,NA,4,3,NA,8,L2 learner,L2,L2,L2,Selection,FCT-10,0,NA,NA,NA,NA,NA,NA,NA,Subjunctive,NA,NA,comer,213756,Regular,L2L,7th/8th,Late,No,7,0,159,2023,0,0.5714285714285714,-0.6923292964129041,NA,1.184069790228282,0.8465897756546519
H39,1,1,L2L 7th/8th,7,NA,159,NA,NA,NA,4,3,NA,8,L2 learner,L2,L2,L2,Selection,FCT-14,0,NA,NA,NA,NA,NA,NA,NA,Subjunctive,NA,NA,ir,603647,Irregular,L2L,7th/8th,Late,No,7,0,159,2023,0,0.5714285714285714,-0.23329173895002495,NA,1.184069790228282,0.8465897756546519
H39,1,1,L2L 7th/8th,7,NA,159,NA,NA,NA,4,3,NA,8,L2 learner,L2,L2,L2,Selection,FCT-18,0,NA,NA,NA,NA,NA,NA,NA,Subjunctive,NA,NA,abrir,143932,Regular,L2L,7th/8th,Late,No,7,0,159,2023,0,0.5714285714285714,-0.7745364733220609,NA,1.184069790228282,0.8465897756546519
H39,1,1,L2L 7th/8th,7,NA,159,NA,NA,NA,4,3,NA,8,L2 learner,L2,L2,L2,Selection,FCT-22,0,NA,NA,NA,NA,NA,NA,NA,Subjunctive,NA,NA,poner,514285,Irregular,L2L,7th/8th,Late,No,7,0,159,2023,0,0.5714285714285714,-0.33850194952169194,NA,1.184069790228282,0.8465897756546519
H39,1,1,L2L 7th/8th,7,NA,159,NA,NA,NA,4,3,NA,8,L2 learner,L2,L2,L2,Selection,FCT-26,0,NA,NA,NA,NA,NA,NA,NA,Subjunctive,NA,NA,escribir,265684,Regular,L2L,7th/8th,Late,No,7,0,159,2023,0,0.5714285714285714,-0.6311919470410735,NA,1.184069790228282,0.8465897756546519
H39,1,1,L2L 7th/8th,7,NA,159,NA,NA,NA,4,3,NA,8,L2 learner,L2,L2,L2,Selection,FCT-28,0,NA,NA,NA,NA,NA,NA,NA,Subjunctive,NA,NA,salir,334324,Irregular,L2L,7th/8th,Late,No,7,0,159,2023,0,0.5714285714285714,-0.5503787506752892,NA,1.184069790228282,0.8465897756546519
H40,1,1,L2L 7th/8th,7,NA,155,NA,NA,NA,4,4,NA,8,Sinhala,Yes,Yes,Yes,Selection,FCT-02,0,NA,NA,NA,NA,NA,NA,NA,Subjunctive,NA,NA,ver,1611795,Irregular,L2L,7th/8th,Late,No,8,0,155,2023,0,0.5,0.9536497279755688,NA,1.0308850269669882,0.7052653259813868
H40,1,1,L2L 7th/8th,7,NA,155,NA,NA,NA,4,4,NA,8,Sinhala,Yes,Yes,Yes,Selection,FCT-06,0,NA,NA,NA,NA,NA,NA,NA,Subjunctive,NA,NA,hacer,2726954,Irregular,L2L,7th/8th,Late,No,8,0,155,2023,0,0.5,2.266580427947476,NA,1.0308850269669882,0.7052653259813868
H40,1,1,L2L 7th/8th,7,NA,155,NA,NA,NA,4,4,NA,8,Sinhala,Yes,Yes,Yes,Selection,FCT-10,0,NA,NA,NA,NA,NA,NA,NA,Subjunctive,NA,NA,comer,213756,Regular,L2L,7th/8th,Late,No,8,0,155,2023,0,0.5,-0.6923292964129041,NA,1.0308850269669882,0.7052653259813868
H40,1,1,L2L 7th/8th,7,NA,155,NA,NA,NA,4,4,NA,8,Sinhala,Yes,Yes,Yes,Selection,FCT-14,1,NA,NA,NA,NA,NA,NA,NA,Subjunctive,NA,NA,ir,603647,Irregular,L2L,7th/8th,Late,No,8,0,155,2023,1,0.5,-0.23329173895002495,NA,1.0308850269669882,0.7052653259813868
H40,1,1,L2L 7th/8th,7,NA,155,NA,NA,NA,4,4,NA,8,Sinhala,Yes,Yes,Yes,Selection,FCT-18,1,NA,NA,NA,NA,NA,NA,NA,Subjunctive,NA,NA,abrir,143932,Regular,L2L,7th/8th,Late,No,8,0,155,2023,1,0.5,-0.7745364733220609,NA,1.0308850269669882,0.7052653259813868
H40,1,1,L2L 7th/8th,7,NA,155,NA,NA,NA,4,4,NA,8,Sinhala,Yes,Yes,Yes,Selection,FCT-22,1,NA,NA,NA,NA,NA,NA,NA,Subjunctive,NA,NA,poner,514285,Irregular,L2L,7th/8th,Late,No,8,0,155,2023,1,0.5,-0.33850194952169194,NA,1.0308850269669882,0.7052653259813868
H40,1,1,L2L 7th/8th,7,NA,155,NA,NA,NA,4,4,NA,8,Sinhala,Yes,Yes,Yes,Selection,FCT-26,0,NA,NA,NA,NA,NA,NA,NA,Subjunctive,NA,NA,escribir,265684,Regular,L2L,7th/8th,Late,No,8,0,155,2023,0,0.5,-0.6311919470410735,NA,1.0308850269669882,0.7052653259813868
H40,1,1,L2L 7th/8th,7,NA,155,NA,NA,NA,4,4,NA,8,Sinhala,Yes,Yes,Yes,Selection,FCT-28,1,NA,NA,NA,NA,NA,NA,NA,Subjunctive,NA,NA,salir,334324,Irregular,L2L,7th/8th,Late,No,8,0,155,2023,1,0.5,-0.5503787506752892,NA,1.0308850269669882,0.7052653259813868
H41,1,1,L2L 4th/5th,5,NA,139,NA,NA,NA,2,1,NA,7,L2 learner,L2,L2,L2,Selection,FCT-02,0,NA,NA,NA,NA,NA,NA,NA,Subjunctive,NA,NA,ver,1611795,Irregular,L2L,4th/5th,Late,No,3,0,139,2023,0,0.6666666666666666,0.9536497279755688,NA,0.41814597392181296,0.13996752728832632
H41,1,1,L2L 4th/5th,5,NA,139,NA,NA,NA,2,1,NA,7,L2 learner,L2,L2,L2,Selection,FCT-06,0,NA,NA,NA,NA,NA,NA,NA,Subjunctive,NA,NA,hacer,2726954,Irregular,L2L,4th/5th,Late,No,3,0,139,2023,0,0.6666666666666666,2.266580427947476,NA,0.41814597392181296,0.13996752728832632
H41,1,1,L2L 4th/5th,5,NA,139,NA,NA,NA,2,1,NA,7,L2 learner,L2,L2,L2,Selection,FCT-10,1,NA,NA,NA,NA,NA,NA,NA,Subjunctive,NA,NA,comer,213756,Regular,L2L,4th/5th,Late,No,3,0,139,2023,1,0.6666666666666666,-0.6923292964129041,NA,0.41814597392181296,0.13996752728832632
H41,1,1,L2L 4th/5th,5,NA,139,NA,NA,NA,2,1,NA,7,L2 learner,L2,L2,L2,Selection,FCT-14,0,NA,NA,NA,NA,NA,NA,NA,Subjunctive,NA,NA,ir,603647,Irregular,L2L,4th/5th,Late,No,3,0,139,2023,0,0.6666666666666666,-0.23329173895002495,NA,0.41814597392181296,0.13996752728832632
H41,1,1,L2L 4th/5th,5,NA,139,NA,NA,NA,2,1,NA,7,L2 learner,L2,L2,L2,Selection,FCT-18,0,NA,NA,NA,NA,NA,NA,NA,Subjunctive,NA,NA,abrir,143932,Regular,L2L,4th/5th,Late,No,3,0,139,2023,0,0.6666666666666666,-0.7745364733220609,NA,0.41814597392181296,0.13996752728832632
H41,1,1,L2L 4th/5th,5,NA,139,NA,NA,NA,2,1,NA,7,L2 learner,L2,L2,L2,Selection,FCT-22,0,NA,NA,NA,NA,NA,NA,NA,Subjunctive,NA,NA,poner,514285,Irregular,L2L,4th/5th,Late,No,3,0,139,2023,0,0.6666666666666666,-0.33850194952169194,NA,0.41814597392181296,0.13996752728832632
H41,1,1,L2L 4th/5th,5,NA,139,NA,NA,NA,2,1,NA,7,L2 learner,L2,L2,L2,Selection,FCT-26,0,NA,NA,NA,NA,NA,NA,NA,Subjunctive,NA,NA,escribir,265684,Regular,L2L,4th/5th,Late,No,3,0,139,2023,0,0.6666666666666666,-0.6311919470410735,NA,0.41814597392181296,0.13996752728832632
H41,1,1,L2L 4th/5th,5,NA,139,NA,NA,NA,2,1,NA,7,L2 learner,L2,L2,L2,Selection,FCT-28,0,NA,NA,NA,NA,NA,NA,NA,Subjunctive,NA,NA,salir,334324,Irregular,L2L,4th/5th,Late,No,3,0,139,2023,0,0.6666666666666666,-0.5503787506752892,NA,0.41814597392181296,0.13996752728832632
H41,1,2,L2L 7th/8th,8,NA,139,NA,NA,NA,2,1,NA,7,L2 learner,L2,L2,L2,Selection,FCT-02,0,NA,NA,NA,NA,NA,NA,NA,Subjunctive,NA,NA,ver,1611795,Irregular,L2L,7th/8th,Late,No,3,36,175,2026,0,0.6666666666666666,0.9536497279755688,NA,0.41814597392181296,1.4118875743477124
H41,1,2,L2L 7th/8th,8,NA,139,NA,NA,NA,2,1,NA,7,L2 learner,L2,L2,L2,Selection,FCT-06,1,NA,NA,NA,NA,NA,NA,NA,Subjunctive,NA,NA,hacer,2726954,Irregular,L2L,7th/8th,Late,No,3,36,175,2026,1,0.6666666666666666,2.266580427947476,NA,0.41814597392181296,1.4118875743477124
H41,1,2,L2L 7th/8th,8,NA,139,NA,NA,NA,2,1,NA,7,L2 learner,L2,L2,L2,Selection,FCT-10,1,NA,NA,NA,NA,NA,NA,NA,Subjunctive,NA,NA,comer,213756,Regular,L2L,7th/8th,Late,No,3,36,175,2026,1,0.6666666666666666,-0.6923292964129041,NA,0.41814597392181296,1.4118875743477124
H41,1,2,L2L 7th/8th,8,NA,139,NA,NA,NA,2,1,NA,7,L2 learner,L2,L2,L2,Selection,FCT-14,1,NA,NA,NA,NA,NA,NA,NA,Subjunctive,NA,NA,ir,603647,Irregular,L2L,7th/8th,Late,No,3,36,175,2026,1,0.6666666666666666,-0.23329173895002495,NA,0.41814597392181296,1.4118875743477124
H41,1,2,L2L 7th/8th,8,NA,139,NA,NA,NA,2,1,NA,7,L2 learner,L2,L2,L2,Selection,FCT-18,1,NA,NA,NA,NA,NA,NA,NA,Subjunctive,NA,NA,abrir,143932,Regular,L2L,7th/8th,Late,No,3,36,175,2026,1,0.6666666666666666,-0.7745364733220609,NA,0.41814597392181296,1.4118875743477124
H41,1,2,L2L 7th/8th,8,NA,139,NA,NA,NA,2,1,NA,7,L2 learner,L2,L2,L2,Selection,FCT-22,1,NA,NA,NA,NA,NA,NA,NA,Subjunctive,NA,NA,poner,514285,Irregular,L2L,7th/8th,Late,No,3,36,175,2026,1,0.6666666666666666,-0.33850194952169194,NA,0.41814597392181296,1.4118875743477124
H41,1,2,L2L 7th/8th,8,NA,139,NA,NA,NA,2,1,NA,7,L2 learner,L2,L2,L2,Selection,FCT-26,1,NA,NA,NA,NA,NA,NA,NA,Subjunctive,NA,NA,escribir,265684,Regular,L2L,7th/8th,Late,No,3,36,175,2026,1,0.6666666666666666,-0.6311919470410735,NA,0.41814597392181296,1.4118875743477124
H41,1,2,L2L 7th/8th,8,NA,139,NA,NA,NA,2,1,NA,7,L2 learner,L2,L2,L2,Selection,FCT-28,1,NA,NA,NA,NA,NA,NA,NA,Subjunctive,NA,NA,salir,334324,Irregular,L2L,7th/8th,Late,No,3,36,175,2026,1,0.6666666666666666,-0.5503787506752892,NA,0.41814597392181296,1.4118875743477124
H42,1,1,L2L 4th/5th,5,NA,132,NA,NA,NA,2,5,NA,3,Mandarin,Yes,No,No,Selection,FCT-02,1,NA,NA,NA,NA,NA,NA,NA,Subjunctive,NA,NA,ver,1611795,Irregular,L2L,4th/5th,Late,No,7,0,132,2023,1,0.2857142857142857,0.9536497279755688,NA,0.1500726382145488,-0.10735025963988762
H42,1,1,L2L 4th/5th,5,NA,132,NA,NA,NA,2,5,NA,3,Mandarin,Yes,No,No,Selection,FCT-06,1,NA,NA,NA,NA,NA,NA,NA,Subjunctive,NA,NA,hacer,2726954,Irregular,L2L,4th/5th,Late,No,7,0,132,2023,1,0.2857142857142857,2.266580427947476,NA,0.1500726382145488,-0.10735025963988762
H42,1,1,L2L 4th/5th,5,NA,132,NA,NA,NA,2,5,NA,3,Mandarin,Yes,No,No,Selection,FCT-10,0,NA,NA,NA,NA,NA,NA,NA,Subjunctive,NA,NA,comer,213756,Regular,L2L,4th/5th,Late,No,7,0,132,2023,0,0.2857142857142857,-0.6923292964129041,NA,0.1500726382145488,-0.10735025963988762
H42,1,1,L2L 4th/5th,5,NA,132,NA,NA,NA,2,5,NA,3,Mandarin,Yes,No,No,Selection,FCT-14,0,NA,NA,NA,NA,NA,NA,NA,Subjunctive,NA,NA,ir,603647,Irregular,L2L,4th/5th,Late,No,7,0,132,2023,0,0.2857142857142857,-0.23329173895002495,NA,0.1500726382145488,-0.10735025963988762
H42,1,1,L2L 4th/5th,5,NA,132,NA,NA,NA,2,5,NA,3,Mandarin,Yes,No,No,Selection,FCT-18,1,NA,NA,NA,NA,NA,NA,NA,Subjunctive,NA,NA,abrir,143932,Regular,L2L,4th/5th,Late,No,7,0,132,2023,1,0.2857142857142857,-0.7745364733220609,NA,0.1500726382145488,-0.10735025963988762
H42,1,1,L2L 4th/5th,5,NA,132,NA,NA,NA,2,5,NA,3,Mandarin,Yes,No,No,Selection,FCT-22,0,NA,NA,NA,NA,NA,NA,NA,Subjunctive,NA,NA,poner,514285,Irregular,L2L,4th/5th,Late,No,7,0,132,2023,0,0.2857142857142857,-0.33850194952169194,NA,0.1500726382145488,-0.10735025963988762
H42,1,1,L2L 4th/5th,5,NA,132,NA,NA,NA,2,5,NA,3,Mandarin,Yes,No,No,Selection,FCT-26,1,NA,NA,NA,NA,NA,NA,NA,Subjunctive,NA,NA,escribir,265684,Regular,L2L,4th/5th,Late,No,7,0,132,2023,1,0.2857142857142857,-0.6311919470410735,NA,0.1500726382145488,-0.10735025963988762
H42,1,1,L2L 4th/5th,5,NA,132,NA,NA,NA,2,5,NA,3,Mandarin,Yes,No,No,Selection,FCT-28,1,NA,NA,NA,NA,NA,NA,NA,Subjunctive,NA,NA,salir,334324,Irregular,L2L,4th/5th,Late,No,7,0,132,2023,1,0.2857142857142857,-0.5503787506752892,NA,0.1500726382145488,-0.10735025963988762
H42,1,2,L2L 7th/8th,8,NA,132,NA,NA,NA,2,5,NA,3,Mandarin,Yes,No,No,Selection,FCT-02,1,NA,NA,NA,NA,NA,NA,NA,Subjunctive,NA,NA,ver,1611795,Irregular,L2L,7th/8th,Late,No,7,36,168,2026,1,0.2857142857142857,0.9536497279755688,NA,0.1500726382145488,1.1645697874194985
H42,1,2,L2L 7th/8th,8,NA,132,NA,NA,NA,2,5,NA,3,Mandarin,Yes,No,No,Selection,FCT-06,0,NA,NA,NA,NA,NA,NA,NA,Subjunctive,NA,NA,hacer,2726954,Irregular,L2L,7th/8th,Late,No,7,36,168,2026,0,0.2857142857142857,2.266580427947476,NA,0.1500726382145488,1.1645697874194985
H42,1,2,L2L 7th/8th,8,NA,132,NA,NA,NA,2,5,NA,3,Mandarin,Yes,No,No,Selection,FCT-10,0,NA,NA,NA,NA,NA,NA,NA,Subjunctive,NA,NA,comer,213756,Regular,L2L,7th/8th,Late,No,7,36,168,2026,0,0.2857142857142857,-0.6923292964129041,NA,0.1500726382145488,1.1645697874194985
H42,1,2,L2L 7th/8th,8,NA,132,NA,NA,NA,2,5,NA,3,Mandarin,Yes,No,No,Selection,FCT-14,0,NA,NA,NA,NA,NA,NA,NA,Subjunctive,NA,NA,ir,603647,Irregular,L2L,7th/8th,Late,No,7,36,168,2026,0,0.2857142857142857,-0.23329173895002495,NA,0.1500726382145488,1.1645697874194985
H42,1,2,L2L 7th/8th,8,NA,132,NA,NA,NA,2,5,NA,3,Mandarin,Yes,No,No,Selection,FCT-18,0,NA,NA,NA,NA,NA,NA,NA,Subjunctive,NA,NA,abrir,143932,Regular,L2L,7th/8th,Late,No,7,36,168,2026,0,0.2857142857142857,-0.7745364733220609,NA,0.1500726382145488,1.1645697874194985
H42,1,2,L2L 7th/8th,8,NA,132,NA,NA,NA,2,5,NA,3,Mandarin,Yes,No,No,Selection,FCT-22,0,NA,NA,NA,NA,NA,NA,NA,Subjunctive,NA,NA,poner,514285,Irregular,L2L,7th/8th,Late,No,7,36,168,2026,0,0.2857142857142857,-0.33850194952169194,NA,0.1500726382145488,1.1645697874194985
H42,1,2,L2L 7th/8th,8,NA,132,NA,NA,NA,2,5,NA,3,Mandarin,Yes,No,No,Selection,FCT-26,0,NA,NA,NA,NA,NA,NA,NA,Subjunctive,NA,NA,escribir,265684,Regular,L2L,7th/8th,Late,No,7,36,168,2026,0,0.2857142857142857,-0.6311919470410735,NA,0.1500726382145488,1.1645697874194985
H42,1,2,L2L 7th/8th,8,NA,132,NA,NA,NA,2,5,NA,3,Mandarin,Yes,No,No,Selection,FCT-28,0,NA,NA,NA,NA,NA,NA,NA,Subjunctive,NA,NA,salir,334324,Irregular,L2L,7th/8th,Late,No,7,36,168,2026,0,0.2857142857142857,-0.5503787506752892,NA,0.1500726382145488,1.1645697874194985
H43,1,1,L2L 4th/5th,5,NA,136,NA,NA,NA,3,4,NA,8,L2 learner,L2,L2,L2,Selection,FCT-02,0,NA,NA,NA,NA,NA,NA,NA,Subjunctive,NA,NA,ver,1611795,Irregular,L2L,4th/5th,Late,No,7,0,136,2023,0,0.42857142857142855,0.9536497279755688,NA,0.3032574014758426,0.0339741900333775
H43,1,1,L2L 4th/5th,5,NA,136,NA,NA,NA,3,4,NA,8,L2 learner,L2,L2,L2,Selection,FCT-06,0,NA,NA,NA,NA,NA,NA,NA,Subjunctive,NA,NA,hacer,2726954,Irregular,L2L,4th/5th,Late,No,7,0,136,2023,0,0.42857142857142855,2.266580427947476,NA,0.3032574014758426,0.0339741900333775
H43,1,1,L2L 4th/5th,5,NA,136,NA,NA,NA,3,4,NA,8,L2 learner,L2,L2,L2,Selection,FCT-10,0,NA,NA,NA,NA,NA,NA,NA,Subjunctive,NA,NA,comer,213756,Regular,L2L,4th/5th,Late,No,7,0,136,2023,0,0.42857142857142855,-0.6923292964129041,NA,0.3032574014758426,0.0339741900333775
H43,1,1,L2L 4th/5th,5,NA,136,NA,NA,NA,3,4,NA,8,L2 learner,L2,L2,L2,Selection,FCT-14,1,NA,NA,NA,NA,NA,NA,NA,Subjunctive,NA,NA,ir,603647,Irregular,L2L,4th/5th,Late,No,7,0,136,2023,1,0.42857142857142855,-0.23329173895002495,NA,0.3032574014758426,0.0339741900333775
H43,1,1,L2L 4th/5th,5,NA,136,NA,NA,NA,3,4,NA,8,L2 learner,L2,L2,L2,Selection,FCT-18,1,NA,NA,NA,NA,NA,NA,NA,Subjunctive,NA,NA,abrir,143932,Regular,L2L,4th/5th,Late,No,7,0,136,2023,1,0.42857142857142855,-0.7745364733220609,NA,0.3032574014758426,0.0339741900333775
H43,1,1,L2L 4th/5th,5,NA,136,NA,NA,NA,3,4,NA,8,L2 learner,L2,L2,L2,Selection,FCT-22,0,NA,NA,NA,NA,NA,NA,NA,Subjunctive,NA,NA,poner,514285,Irregular,L2L,4th/5th,Late,No,7,0,136,2023,0,0.42857142857142855,-0.33850194952169194,NA,0.3032574014758426,0.0339741900333775
H43,1,1,L2L 4th/5th,5,NA,136,NA,NA,NA,3,4,NA,8,L2 learner,L2,L2,L2,Selection,FCT-26,0,NA,NA,NA,NA,NA,NA,NA,Subjunctive,NA,NA,escribir,265684,Regular,L2L,4th/5th,Late,No,7,0,136,2023,0,0.42857142857142855,-0.6311919470410735,NA,0.3032574014758426,0.0339741900333775
H43,1,1,L2L 4th/5th,5,NA,136,NA,NA,NA,3,4,NA,8,L2 learner,L2,L2,L2,Selection,FCT-28,1,NA,NA,NA,NA,NA,NA,NA,Subjunctive,NA,NA,salir,334324,Irregular,L2L,4th/5th,Late,No,7,0,136,2023,1,0.42857142857142855,-0.5503787506752892,NA,0.3032574014758426,0.0339741900333775
H43,1,2,L2L 7th/8th,8,NA,136,NA,NA,NA,3,4,NA,8,L2 learner,L2,L2,L2,Selection,FCT-02,1,NA,NA,NA,NA,NA,NA,NA,Subjunctive,NA,NA,ver,1611795,Irregular,L2L,7th/8th,Late,No,7,36,172,2026,1,0.42857142857142855,0.9536497279755688,NA,0.3032574014758426,1.3058942370927635
H43,1,2,L2L 7th/8th,8,NA,136,NA,NA,NA,3,4,NA,8,L2 learner,L2,L2,L2,Selection,FCT-06,1,NA,NA,NA,NA,NA,NA,NA,Subjunctive,NA,NA,hacer,2726954,Irregular,L2L,7th/8th,Late,No,7,36,172,2026,1,0.42857142857142855,2.266580427947476,NA,0.3032574014758426,1.3058942370927635
H43,1,2,L2L 7th/8th,8,NA,136,NA,NA,NA,3,4,NA,8,L2 learner,L2,L2,L2,Selection,FCT-10,1,NA,NA,NA,NA,NA,NA,NA,Subjunctive,NA,NA,comer,213756,Regular,L2L,7th/8th,Late,No,7,36,172,2026,1,0.42857142857142855,-0.6923292964129041,NA,0.3032574014758426,1.3058942370927635
H43,1,2,L2L 7th/8th,8,NA,136,NA,NA,NA,3,4,NA,8,L2 learner,L2,L2,L2,Selection,FCT-14,1,NA,NA,NA,NA,NA,NA,NA,Subjunctive,NA,NA,ir,603647,Irregular,L2L,7th/8th,Late,No,7,36,172,2026,1,0.42857142857142855,-0.23329173895002495,NA,0.3032574014758426,1.3058942370927635
H43,1,2,L2L 7th/8th,8,NA,136,NA,NA,NA,3,4,NA,8,L2 learner,L2,L2,L2,Selection,FCT-18,0,NA,NA,NA,NA,NA,NA,NA,Subjunctive,NA,NA,abrir,143932,Regular,L2L,7th/8th,Late,No,7,36,172,2026,0,0.42857142857142855,-0.7745364733220609,NA,0.3032574014758426,1.3058942370927635
H43,1,2,L2L 7th/8th,8,NA,136,NA,NA,NA,3,4,NA,8,L2 learner,L2,L2,L2,Selection,FCT-22,1,NA,NA,NA,NA,NA,NA,NA,Subjunctive,NA,NA,poner,514285,Irregular,L2L,7th/8th,Late,No,7,36,172,2026,1,0.42857142857142855,-0.33850194952169194,NA,0.3032574014758426,1.3058942370927635
H43,1,2,L2L 7th/8th,8,NA,136,NA,NA,NA,3,4,NA,8,L2 learner,L2,L2,L2,Selection,FCT-26,1,NA,NA,NA,NA,NA,NA,NA,Subjunctive,NA,NA,escribir,265684,Regular,L2L,7th/8th,Late,No,7,36,172,2026,1,0.42857142857142855,-0.6311919470410735,NA,0.3032574014758426,1.3058942370927635
H43,1,2,L2L 7th/8th,8,NA,136,NA,NA,NA,3,4,NA,8,L2 learner,L2,L2,L2,Selection,FCT-28,1,NA,NA,NA,NA,NA,NA,NA,Subjunctive,NA,NA,salir,334324,Irregular,L2L,7th/8th,Late,No,7,36,172,2026,1,0.42857142857142855,-0.5503787506752892,NA,0.3032574014758426,1.3058942370927635
H44,1,1,HS 4th/5th,5,NA,137,NA,NA,NA,2,6,NA,4,Heritage Spanish,NA,NA,NA,Selection,FCT-02,0,NA,NA,NA,NA,NA,NA,NA,Subjunctive,NA,NA,ver,1611795,Irregular,HS,4th/5th,Late,No,8,0,137,2023,0,0.25,0.9536497279755688,NA,0.34155359229116605,0.06930530245169376
H44,1,1,HS 4th/5th,5,NA,137,NA,NA,NA,2,6,NA,4,Heritage Spanish,NA,NA,NA,Selection,FCT-06,1,NA,NA,NA,NA,NA,NA,NA,Subjunctive,NA,NA,hacer,2726954,Irregular,HS,4th/5th,Late,No,8,0,137,2023,1,0.25,2.266580427947476,NA,0.34155359229116605,0.06930530245169376
H44,1,1,HS 4th/5th,5,NA,137,NA,NA,NA,2,6,NA,4,Heritage Spanish,NA,NA,NA,Selection,FCT-10,1,NA,NA,NA,NA,NA,NA,NA,Subjunctive,NA,NA,comer,213756,Regular,HS,4th/5th,Late,No,8,0,137,2023,1,0.25,-0.6923292964129041,NA,0.34155359229116605,0.06930530245169376
H44,1,1,HS 4th/5th,5,NA,137,NA,NA,NA,2,6,NA,4,Heritage Spanish,NA,NA,NA,Selection,FCT-14,1,NA,NA,NA,NA,NA,NA,NA,Subjunctive,NA,NA,ir,603647,Irregular,HS,4th/5th,Late,No,8,0,137,2023,1,0.25,-0.23329173895002495,NA,0.34155359229116605,0.06930530245169376
H44,1,1,HS 4th/5th,5,NA,137,NA,NA,NA,2,6,NA,4,Heritage Spanish,NA,NA,NA,Selection,FCT-18,0,NA,NA,NA,NA,NA,NA,NA,Subjunctive,NA,NA,abrir,143932,Regular,HS,4th/5th,Late,No,8,0,137,2023,0,0.25,-0.7745364733220609,NA,0.34155359229116605,0.06930530245169376
H44,1,1,HS 4th/5th,5,NA,137,NA,NA,NA,2,6,NA,4,Heritage Spanish,NA,NA,NA,Selection,FCT-22,1,NA,NA,NA,NA,NA,NA,NA,Subjunctive,NA,NA,poner,514285,Irregular,HS,4th/5th,Late,No,8,0,137,2023,1,0.25,-0.33850194952169194,NA,0.34155359229116605,0.06930530245169376
H44,1,1,HS 4th/5th,5,NA,137,NA,NA,NA,2,6,NA,4,Heritage Spanish,NA,NA,NA,Selection,FCT-26,0,NA,NA,NA,NA,NA,NA,NA,Subjunctive,NA,NA,escribir,265684,Regular,HS,4th/5th,Late,No,8,0,137,2023,0,0.25,-0.6311919470410735,NA,0.34155359229116605,0.06930530245169376
H44,1,1,HS 4th/5th,5,NA,137,NA,NA,NA,2,6,NA,4,Heritage Spanish,NA,NA,NA,Selection,FCT-28,0,NA,NA,NA,NA,NA,NA,NA,Subjunctive,NA,NA,salir,334324,Irregular,HS,4th/5th,Late,No,8,0,137,2023,0,0.25,-0.5503787506752892,NA,0.34155359229116605,0.06930530245169376
H45,1,1,HS 4th/5th,5,NA,136,NA,NA,NA,4,4,NA,3,Heritage Spanish,NA,NA,NA,Selection,FCT-02,1,NA,NA,NA,NA,NA,NA,NA,Subjunctive,NA,NA,ver,1611795,Irregular,HS,4th/5th,Late,No,8,0,136,2023,1,0.5,0.9536497279755688,NA,0.3032574014758426,0.0339741900333775
H45,1,1,HS 4th/5th,5,NA,136,NA,NA,NA,4,4,NA,3,Heritage Spanish,NA,NA,NA,Selection,FCT-06,1,NA,NA,NA,NA,NA,NA,NA,Subjunctive,NA,NA,hacer,2726954,Irregular,HS,4th/5th,Late,No,8,0,136,2023,1,0.5,2.266580427947476,NA,0.3032574014758426,0.0339741900333775
H45,1,1,HS 4th/5th,5,NA,136,NA,NA,NA,4,4,NA,3,Heritage Spanish,NA,NA,NA,Selection,FCT-10,1,NA,NA,NA,NA,NA,NA,NA,Subjunctive,NA,NA,comer,213756,Regular,HS,4th/5th,Late,No,8,0,136,2023,1,0.5,-0.6923292964129041,NA,0.3032574014758426,0.0339741900333775
H45,1,1,HS 4th/5th,5,NA,136,NA,NA,NA,4,4,NA,3,Heritage Spanish,NA,NA,NA,Selection,FCT-14,0,NA,NA,NA,NA,NA,NA,NA,Subjunctive,NA,NA,ir,603647,Irregular,HS,4th/5th,Late,No,8,0,136,2023,0,0.5,-0.23329173895002495,NA,0.3032574014758426,0.0339741900333775
H45,1,1,HS 4th/5th,5,NA,136,NA,NA,NA,4,4,NA,3,Heritage Spanish,NA,NA,NA,Selection,FCT-18,0,NA,NA,NA,NA,NA,NA,NA,Subjunctive,NA,NA,abrir,143932,Regular,HS,4th/5th,Late,No,8,0,136,2023,0,0.5,-0.7745364733220609,NA,0.3032574014758426,0.0339741900333775
H45,1,1,HS 4th/5th,5,NA,136,NA,NA,NA,4,4,NA,3,Heritage Spanish,NA,NA,NA,Selection,FCT-22,1,NA,NA,NA,NA,NA,NA,NA,Subjunctive,NA,NA,poner,514285,Irregular,HS,4th/5th,Late,No,8,0,136,2023,1,0.5,-0.33850194952169194,NA,0.3032574014758426,0.0339741900333775
H45,1,1,HS 4th/5th,5,NA,136,NA,NA,NA,4,4,NA,3,Heritage Spanish,NA,NA,NA,Selection,FCT-26,0,NA,NA,NA,NA,NA,NA,NA,Subjunctive,NA,NA,escribir,265684,Regular,HS,4th/5th,Late,No,8,0,136,2023,0,0.5,-0.6311919470410735,NA,0.3032574014758426,0.0339741900333775
H45,1,1,HS 4th/5th,5,NA,136,NA,NA,NA,4,4,NA,3,Heritage Spanish,NA,NA,NA,Selection,FCT-28,1,NA,NA,NA,NA,NA,NA,NA,Subjunctive,NA,NA,salir,334324,Irregular,HS,4th/5th,Late,No,8,0,136,2023,1,0.5,-0.5503787506752892,NA,0.3032574014758426,0.0339741900333775
H46,1,1,HS 4th/5th,5,NA,146,NA,NA,NA,2,3,NA,6,Heritage Spanish,NA,NA,NA,Selection,FCT-02,0,NA,NA,NA,NA,NA,NA,NA,Subjunctive,NA,NA,ver,1611795,Irregular,HS,4th/5th,Late,No,5,0,146,2023,0,0.4,0.9536497279755688,NA,0.6862193096290771,0.3872853142165403
H46,1,1,HS 4th/5th,5,NA,146,NA,NA,NA,2,3,NA,6,Heritage Spanish,NA,NA,NA,Selection,FCT-06,1,NA,NA,NA,NA,NA,NA,NA,Subjunctive,NA,NA,hacer,2726954,Irregular,HS,4th/5th,Late,No,5,0,146,2023,1,0.4,2.266580427947476,NA,0.6862193096290771,0.3872853142165403
H46,1,1,HS 4th/5th,5,NA,146,NA,NA,NA,2,3,NA,6,Heritage Spanish,NA,NA,NA,Selection,FCT-10,0,NA,NA,NA,NA,NA,NA,NA,Subjunctive,NA,NA,comer,213756,Regular,HS,4th/5th,Late,No,5,0,146,2023,0,0.4,-0.6923292964129041,NA,0.6862193096290771,0.3872853142165403
H46,1,1,HS 4th/5th,5,NA,146,NA,NA,NA,2,3,NA,6,Heritage Spanish,NA,NA,NA,Selection,FCT-14,0,NA,NA,NA,NA,NA,NA,NA,Subjunctive,NA,NA,ir,603647,Irregular,HS,4th/5th,Late,No,5,0,146,2023,0,0.4,-0.23329173895002495,NA,0.6862193096290771,0.3872853142165403
H46,1,1,HS 4th/5th,5,NA,146,NA,NA,NA,2,3,NA,6,Heritage Spanish,NA,NA,NA,Selection,FCT-18,1,NA,NA,NA,NA,NA,NA,NA,Subjunctive,NA,NA,abrir,143932,Regular,HS,4th/5th,Late,No,5,0,146,2023,1,0.4,-0.7745364733220609,NA,0.6862193096290771,0.3872853142165403
H46,1,1,HS 4th/5th,5,NA,146,NA,NA,NA,2,3,NA,6,Heritage Spanish,NA,NA,NA,Selection,FCT-22,1,NA,NA,NA,NA,NA,NA,NA,Subjunctive,NA,NA,poner,514285,Irregular,HS,4th/5th,Late,No,5,0,146,2023,1,0.4,-0.33850194952169194,NA,0.6862193096290771,0.3872853142165403
H46,1,1,HS 4th/5th,5,NA,146,NA,NA,NA,2,3,NA,6,Heritage Spanish,NA,NA,NA,Selection,FCT-26,1,NA,NA,NA,NA,NA,NA,NA,Subjunctive,NA,NA,escribir,265684,Regular,HS,4th/5th,Late,No,5,0,146,2023,1,0.4,-0.6311919470410735,NA,0.6862193096290771,0.3872853142165403
H46,1,1,HS 4th/5th,5,NA,146,NA,NA,NA,2,3,NA,6,Heritage Spanish,NA,NA,NA,Selection,FCT-28,1,NA,NA,NA,NA,NA,NA,NA,Subjunctive,NA,NA,salir,334324,Irregular,HS,4th/5th,Late,No,5,0,146,2023,1,0.4,-0.5503787506752892,NA,0.6862193096290771,0.3872853142165403
H46,1,2,HS 7th/8th,8,NA,146,NA,NA,NA,2,3,NA,6,Heritage Spanish,NA,NA,NA,Selection,FCT-02,1,NA,NA,NA,NA,NA,NA,NA,Subjunctive,NA,NA,ver,1611795,Irregular,HS,7th/8th,Late,No,5,36,182,2026,1,0.4,0.9536497279755688,NA,0.6862193096290771,1.6592053612759263
H46,1,2,HS 7th/8th,8,NA,146,NA,NA,NA,2,3,NA,6,Heritage Spanish,NA,NA,NA,Selection,FCT-06,0,NA,NA,NA,NA,NA,NA,NA,Subjunctive,NA,NA,hacer,2726954,Irregular,HS,7th/8th,Late,No,5,36,182,2026,0,0.4,2.266580427947476,NA,0.6862193096290771,1.6592053612759263
H46,1,2,HS 7th/8th,8,NA,146,NA,NA,NA,2,3,NA,6,Heritage Spanish,NA,NA,NA,Selection,FCT-10,1,NA,NA,NA,NA,NA,NA,NA,Subjunctive,NA,NA,comer,213756,Regular,HS,7th/8th,Late,No,5,36,182,2026,1,0.4,-0.6923292964129041,NA,0.6862193096290771,1.6592053612759263
H46,1,2,HS 7th/8th,8,NA,146,NA,NA,NA,2,3,NA,6,Heritage Spanish,NA,NA,NA,Selection,FCT-14,1,NA,NA,NA,NA,NA,NA,NA,Subjunctive,NA,NA,ir,603647,Irregular,HS,7th/8th,Late,No,5,36,182,2026,1,0.4,-0.23329173895002495,NA,0.6862193096290771,1.6592053612759263
H46,1,2,HS 7th/8th,8,NA,146,NA,NA,NA,2,3,NA,6,Heritage Spanish,NA,NA,NA,Selection,FCT-18,0,NA,NA,NA,NA,NA,NA,NA,Subjunctive,NA,NA,abrir,143932,Regular,HS,7th/8th,Late,No,5,36,182,2026,0,0.4,-0.7745364733220609,NA,0.6862193096290771,1.6592053612759263
H46,1,2,HS 7th/8th,8,NA,146,NA,NA,NA,2,3,NA,6,Heritage Spanish,NA,NA,NA,Selection,FCT-22,1,NA,NA,NA,NA,NA,NA,NA,Subjunctive,NA,NA,poner,514285,Irregular,HS,7th/8th,Late,No,5,36,182,2026,1,0.4,-0.33850194952169194,NA,0.6862193096290771,1.6592053612759263
H46,1,2,HS 7th/8th,8,NA,146,NA,NA,NA,2,3,NA,6,Heritage Spanish,NA,NA,NA,Selection,FCT-26,0,NA,NA,NA,NA,NA,NA,NA,Subjunctive,NA,NA,escribir,265684,Regular,HS,7th/8th,Late,No,5,36,182,2026,0,0.4,-0.6311919470410735,NA,0.6862193096290771,1.6592053612759263
H46,1,2,HS 7th/8th,8,NA,146,NA,NA,NA,2,3,NA,6,Heritage Spanish,NA,NA,NA,Selection,FCT-28,1,NA,NA,NA,NA,NA,NA,NA,Subjunctive,NA,NA,salir,334324,Irregular,HS,7th/8th,Late,No,5,36,182,2026,1,0.4,-0.5503787506752892,NA,0.6862193096290771,1.6592053612759263
H47,1,2,HS 4th/5th,5,8,99,NA,NA,NA,2,6,NA,8,Heritage Spanish,NA,NA,NA,Selection,FCT-02,1,NA,NA,NA,NA,NA,NA,NA,Subjunctive,NA,NA,ver,1611795,Irregular,HS,4th/5th,Late,No,8,36,135,2026,1,0.25,0.9536497279755688,NA,-1.113701658691125,-0.001356922384938782
H47,1,2,HS 4th/5th,5,8,99,NA,NA,NA,2,6,NA,8,Heritage Spanish,NA,NA,NA,Selection,FCT-06,0,NA,NA,NA,NA,NA,NA,NA,Subjunctive,NA,NA,hacer,2726954,Irregular,HS,4th/5th,Late,No,8,36,135,2026,0,0.25,2.266580427947476,NA,-1.113701658691125,-0.001356922384938782
H47,1,2,HS 4th/5th,5,8,99,NA,NA,NA,2,6,NA,8,Heritage Spanish,NA,NA,NA,Selection,FCT-10,0,NA,NA,NA,NA,NA,NA,NA,Subjunctive,NA,NA,comer,213756,Regular,HS,4th/5th,Late,No,8,36,135,2026,0,0.25,-0.6923292964129041,NA,-1.113701658691125,-0.001356922384938782
H47,1,2,HS 4th/5th,5,8,99,NA,NA,NA,2,6,NA,8,Heritage Spanish,NA,NA,NA,Selection,FCT-14,0,NA,NA,NA,NA,NA,NA,NA,Subjunctive,NA,NA,ir,603647,Irregular,HS,4th/5th,Late,No,8,36,135,2026,0,0.25,-0.23329173895002495,NA,-1.113701658691125,-0.001356922384938782
H47,1,2,HS 4th/5th,5,8,99,NA,NA,NA,2,6,NA,8,Heritage Spanish,NA,NA,NA,Selection,FCT-18,0,NA,NA,NA,NA,NA,NA,NA,Subjunctive,NA,NA,abrir,143932,Regular,HS,4th/5th,Late,No,8,36,135,2026,0,0.25,-0.7745364733220609,NA,-1.113701658691125,-0.001356922384938782
H47,1,2,HS 4th/5th,5,8,99,NA,NA,NA,2,6,NA,8,Heritage Spanish,NA,NA,NA,Selection,FCT-22,0,NA,NA,NA,NA,NA,NA,NA,Subjunctive,NA,NA,poner,514285,Irregular,HS,4th/5th,Late,No,8,36,135,2026,0,0.25,-0.33850194952169194,NA,-1.113701658691125,-0.001356922384938782
H47,1,2,HS 4th/5th,5,8,99,NA,NA,NA,2,6,NA,8,Heritage Spanish,NA,NA,NA,Selection,FCT-26,1,NA,NA,NA,NA,NA,NA,NA,Subjunctive,NA,NA,escribir,265684,Regular,HS,4th/5th,Late,No,8,36,135,2026,1,0.25,-0.6311919470410735,NA,-1.113701658691125,-0.001356922384938782
H47,1,2,HS 4th/5th,5,8,99,NA,NA,NA,2,6,NA,8,Heritage Spanish,NA,NA,NA,Selection,FCT-28,0,NA,NA,NA,NA,NA,NA,NA,Subjunctive,NA,NA,salir,334324,Irregular,HS,4th/5th,Late,No,8,36,135,2026,0,0.25,-0.5503787506752892,NA,-1.113701658691125,-0.001356922384938782
H49,1,2,L2L 4th/5th,5,8,89,NA,NA,NA,4,5,NA,6,L2 learner,L2,L2,L2,Selection,FCT-02,0,NA,NA,NA,NA,NA,NA,NA,Subjunctive,NA,NA,ver,1611795,Irregular,L2L,4th/5th,Late,No,9,36,125,2026,0,0.4444444444444444,0.9536497279755688,NA,-1.4966635668443595,-0.3546680465681015
H49,1,2,L2L 4th/5th,5,8,89,NA,NA,NA,4,5,NA,6,L2 learner,L2,L2,L2,Selection,FCT-06,0,NA,NA,NA,NA,NA,NA,NA,Subjunctive,NA,NA,hacer,2726954,Irregular,L2L,4th/5th,Late,No,9,36,125,2026,0,0.4444444444444444,2.266580427947476,NA,-1.4966635668443595,-0.3546680465681015
H49,1,2,L2L 4th/5th,5,8,89,NA,NA,NA,4,5,NA,6,L2 learner,L2,L2,L2,Selection,FCT-10,1,NA,NA,NA,NA,NA,NA,NA,Subjunctive,NA,NA,comer,213756,Regular,L2L,4th/5th,Late,No,9,36,125,2026,1,0.4444444444444444,-0.6923292964129041,NA,-1.4966635668443595,-0.3546680465681015
H49,1,2,L2L 4th/5th,5,8,89,NA,NA,NA,4,5,NA,6,L2 learner,L2,L2,L2,Selection,FCT-14,0,NA,NA,NA,NA,NA,NA,NA,Subjunctive,NA,NA,ir,603647,Irregular,L2L,4th/5th,Late,No,9,36,125,2026,0,0.4444444444444444,-0.23329173895002495,NA,-1.4966635668443595,-0.3546680465681015
H49,1,2,L2L 4th/5th,5,8,89,NA,NA,NA,4,5,NA,6,L2 learner,L2,L2,L2,Selection,FCT-18,0,NA,NA,NA,NA,NA,NA,NA,Subjunctive,NA,NA,abrir,143932,Regular,L2L,4th/5th,Late,No,9,36,125,2026,0,0.4444444444444444,-0.7745364733220609,NA,-1.4966635668443595,-0.3546680465681015
H49,1,2,L2L 4th/5th,5,8,89,NA,NA,NA,4,5,NA,6,L2 learner,L2,L2,L2,Selection,FCT-22,1,NA,NA,NA,NA,NA,NA,NA,Subjunctive,NA,NA,poner,514285,Irregular,L2L,4th/5th,Late,No,9,36,125,2026,1,0.4444444444444444,-0.33850194952169194,NA,-1.4966635668443595,-0.3546680465681015
H49,1,2,L2L 4th/5th,5,8,89,NA,NA,NA,4,5,NA,6,L2 learner,L2,L2,L2,Selection,FCT-26,1,NA,NA,NA,NA,NA,NA,NA,Subjunctive,NA,NA,escribir,265684,Regular,L2L,4th/5th,Late,No,9,36,125,2026,1,0.4444444444444444,-0.6311919470410735,NA,-1.4966635668443595,-0.3546680465681015
H49,1,2,L2L 4th/5th,5,8,89,NA,NA,NA,4,5,NA,6,L2 learner,L2,L2,L2,Selection,FCT-28,0,NA,NA,NA,NA,NA,NA,NA,Subjunctive,NA,NA,salir,334324,Irregular,L2L,4th/5th,Late,No,9,36,125,2026,0,0.4444444444444444,-0.5503787506752892,NA,-1.4966635668443595,-0.3546680465681015
H50,1,2,HS 4th/5th,5,8,96,NA,NA,NA,3,3,NA,3,Heritage Spanish,NA,NA,NA,Selection,FCT-02,0,NA,NA,NA,NA,NA,NA,NA,Subjunctive,NA,NA,ver,1611795,Irregular,HS,4th/5th,Late,No,6,36,132,2026,0,0.5,0.9536497279755688,NA,-1.2285902311370953,-0.10735025963988762
H50,1,2,HS 4th/5th,5,8,96,NA,NA,NA,3,3,NA,3,Heritage Spanish,NA,NA,NA,Selection,FCT-06,0,NA,NA,NA,NA,NA,NA,NA,Subjunctive,NA,NA,hacer,2726954,Irregular,HS,4th/5th,Late,No,6,36,132,2026,0,0.5,2.266580427947476,NA,-1.2285902311370953,-0.10735025963988762
H50,1,2,HS 4th/5th,5,8,96,NA,NA,NA,3,3,NA,3,Heritage Spanish,NA,NA,NA,Selection,FCT-10,1,NA,NA,NA,NA,NA,NA,NA,Subjunctive,NA,NA,comer,213756,Regular,HS,4th/5th,Late,No,6,36,132,2026,1,0.5,-0.6923292964129041,NA,-1.2285902311370953,-0.10735025963988762
H50,1,2,HS 4th/5th,5,8,96,NA,NA,NA,3,3,NA,3,Heritage Spanish,NA,NA,NA,Selection,FCT-14,0,NA,NA,NA,NA,NA,NA,NA,Subjunctive,NA,NA,ir,603647,Irregular,HS,4th/5th,Late,No,6,36,132,2026,0,0.5,-0.23329173895002495,NA,-1.2285902311370953,-0.10735025963988762
H50,1,2,HS 4th/5th,5,8,96,NA,NA,NA,3,3,NA,3,Heritage Spanish,NA,NA,NA,Selection,FCT-18,0,NA,NA,NA,NA,NA,NA,NA,Subjunctive,NA,NA,abrir,143932,Regular,HS,4th/5th,Late,No,6,36,132,2026,0,0.5,-0.7745364733220609,NA,-1.2285902311370953,-0.10735025963988762
H50,1,2,HS 4th/5th,5,8,96,NA,NA,NA,3,3,NA,3,Heritage Spanish,NA,NA,NA,Selection,FCT-22,1,NA,NA,NA,NA,NA,NA,NA,Subjunctive,NA,NA,poner,514285,Irregular,HS,4th/5th,Late,No,6,36,132,2026,1,0.5,-0.33850194952169194,NA,-1.2285902311370953,-0.10735025963988762
H50,1,2,HS 4th/5th,5,8,96,NA,NA,NA,3,3,NA,3,Heritage Spanish,NA,NA,NA,Selection,FCT-26,1,NA,NA,NA,NA,NA,NA,NA,Subjunctive,NA,NA,escribir,265684,Regular,HS,4th/5th,Late,No,6,36,132,2026,1,0.5,-0.6311919470410735,NA,-1.2285902311370953,-0.10735025963988762
H50,1,2,HS 4th/5th,5,8,96,NA,NA,NA,3,3,NA,3,Heritage Spanish,NA,NA,NA,Selection,FCT-28,0,NA,NA,NA,NA,NA,NA,NA,Subjunctive,NA,NA,salir,334324,Irregular,HS,4th/5th,Late,No,6,36,132,2026,0,0.5,-0.5503787506752892,NA,-1.2285902311370953,-0.10735025963988762
H57,1,2,L2L 4th/5th,5,NA,102,NA,NA,NA,NA,NA,3,4,L2 learner,L2,L2,L2,Selection,FCT-02,0,NA,NA,NA,NA,NA,NA,NA,Subjunctive,NA,NA,ver,1611795,Irregular,L2L,4th/5th,Late,No,NA,36,138,2026,0,NA,0.9536497279755688,NA,-0.9988130862451546,0.10463641487001005
H57,1,2,L2L 4th/5th,5,NA,102,NA,NA,NA,NA,NA,3,4,L2 learner,L2,L2,L2,Selection,FCT-06,0,NA,NA,NA,NA,NA,NA,NA,Subjunctive,NA,NA,hacer,2726954,Irregular,L2L,4th/5th,Late,No,NA,36,138,2026,0,NA,2.266580427947476,NA,-0.9988130862451546,0.10463641487001005
H57,1,2,L2L 4th/5th,5,NA,102,NA,NA,NA,NA,NA,3,4,L2 learner,L2,L2,L2,Selection,FCT-10,0,NA,NA,NA,NA,NA,NA,NA,Subjunctive,NA,NA,comer,213756,Regular,L2L,4th/5th,Late,No,NA,36,138,2026,0,NA,-0.6923292964129041,NA,-0.9988130862451546,0.10463641487001005
H57,1,2,L2L 4th/5th,5,NA,102,NA,NA,NA,NA,NA,3,4,L2 learner,L2,L2,L2,Selection,FCT-14,0,NA,NA,NA,NA,NA,NA,NA,Subjunctive,NA,NA,ir,603647,Irregular,L2L,4th/5th,Late,No,NA,36,138,2026,0,NA,-0.23329173895002495,NA,-0.9988130862451546,0.10463641487001005
H57,1,2,L2L 4th/5th,5,NA,102,NA,NA,NA,NA,NA,3,4,L2 learner,L2,L2,L2,Selection,FCT-18,0,NA,NA,NA,NA,NA,NA,NA,Subjunctive,NA,NA,abrir,143932,Regular,L2L,4th/5th,Late,No,NA,36,138,2026,0,NA,-0.7745364733220609,NA,-0.9988130862451546,0.10463641487001005
H57,1,2,L2L 4th/5th,5,NA,102,NA,NA,NA,NA,NA,3,4,L2 learner,L2,L2,L2,Selection,FCT-22,0,NA,NA,NA,NA,NA,NA,NA,Subjunctive,NA,NA,poner,514285,Irregular,L2L,4th/5th,Late,No,NA,36,138,2026,0,NA,-0.33850194952169194,NA,-0.9988130862451546,0.10463641487001005
H57,1,2,L2L 4th/5th,5,NA,102,NA,NA,NA,NA,NA,3,4,L2 learner,L2,L2,L2,Selection,FCT-26,0,NA,NA,NA,NA,NA,NA,NA,Subjunctive,NA,NA,escribir,265684,Regular,L2L,4th/5th,Late,No,NA,36,138,2026,0,NA,-0.6311919470410735,NA,-0.9988130862451546,0.10463641487001005
H57,1,2,L2L 4th/5th,5,NA,102,NA,NA,NA,NA,NA,3,4,L2 learner,L2,L2,L2,Selection,FCT-28,0,NA,NA,NA,NA,NA,NA,NA,Subjunctive,NA,NA,salir,334324,Irregular,L2L,4th/5th,Late,No,NA,36,138,2026,0,NA,-0.5503787506752892,NA,-0.9988130862451546,0.10463641487001005
H58,1,2,HS 4th/5th,5,NA,95,NA,NA,NA,4,5,2,8,Heritage Spanish,NA,NA,NA,Selection,FCT-02,1,NA,NA,NA,NA,NA,NA,NA,Subjunctive,NA,NA,ver,1611795,Irregular,HS,4th/5th,Late,No,9,36,131,2026,1,0.4444444444444444,0.9536497279755688,NA,-1.2668864219524187,-0.1426813720582039
H58,1,2,HS 4th/5th,5,NA,95,NA,NA,NA,4,5,2,8,Heritage Spanish,NA,NA,NA,Selection,FCT-06,1,NA,NA,NA,NA,NA,NA,NA,Subjunctive,NA,NA,hacer,2726954,Irregular,HS,4th/5th,Late,No,9,36,131,2026,1,0.4444444444444444,2.266580427947476,NA,-1.2668864219524187,-0.1426813720582039
H58,1,2,HS 4th/5th,5,NA,95,NA,NA,NA,4,5,2,8,Heritage Spanish,NA,NA,NA,Selection,FCT-10,1,NA,NA,NA,NA,NA,NA,NA,Subjunctive,NA,NA,comer,213756,Regular,HS,4th/5th,Late,No,9,36,131,2026,1,0.4444444444444444,-0.6923292964129041,NA,-1.2668864219524187,-0.1426813720582039
H58,1,2,HS 4th/5th,5,NA,95,NA,NA,NA,4,5,2,8,Heritage Spanish,NA,NA,NA,Selection,FCT-14,1,NA,NA,NA,NA,NA,NA,NA,Subjunctive,NA,NA,ir,603647,Irregular,HS,4th/5th,Late,No,9,36,131,2026,1,0.4444444444444444,-0.23329173895002495,NA,-1.2668864219524187,-0.1426813720582039
H58,1,2,HS 4th/5th,5,NA,95,NA,NA,NA,4,5,2,8,Heritage Spanish,NA,NA,NA,Selection,FCT-18,0,NA,NA,NA,NA,NA,NA,NA,Subjunctive,NA,NA,abrir,143932,Regular,HS,4th/5th,Late,No,9,36,131,2026,0,0.4444444444444444,-0.7745364733220609,NA,-1.2668864219524187,-0.1426813720582039
H58,1,2,HS 4th/5th,5,NA,95,NA,NA,NA,4,5,2,8,Heritage Spanish,NA,NA,NA,Selection,FCT-22,1,NA,NA,NA,NA,NA,NA,NA,Subjunctive,NA,NA,poner,514285,Irregular,HS,4th/5th,Late,No,9,36,131,2026,1,0.4444444444444444,-0.33850194952169194,NA,-1.2668864219524187,-0.1426813720582039
H58,1,2,HS 4th/5th,5,NA,95,NA,NA,NA,4,5,2,8,Heritage Spanish,NA,NA,NA,Selection,FCT-26,1,NA,NA,NA,NA,NA,NA,NA,Subjunctive,NA,NA,escribir,265684,Regular,HS,4th/5th,Late,No,9,36,131,2026,1,0.4444444444444444,-0.6311919470410735,NA,-1.2668864219524187,-0.1426813720582039
H58,1,2,HS 4th/5th,5,NA,95,NA,NA,NA,4,5,2,8,Heritage Spanish,NA,NA,NA,Selection,FCT-28,1,NA,NA,NA,NA,NA,NA,NA,Subjunctive,NA,NA,salir,334324,Irregular,HS,4th/5th,Late,No,9,36,131,2026,1,0.4444444444444444,-0.5503787506752892,NA,-1.2668864219524187,-0.1426813720582039
H59,1,2,L2L 4th/5th,5,NA,101,NA,NA,NA,1,2,3,3,Mandarin,Yes,No,No,Selection,FCT-02,1,NA,NA,NA,NA,NA,NA,NA,Subjunctive,NA,NA,ver,1611795,Irregular,L2L,4th/5th,Late,No,3,36,137,2026,1,0.3333333333333333,0.9536497279755688,NA,-1.0371092770604782,0.06930530245169376
H59,1,2,L2L 4th/5th,5,NA,101,NA,NA,NA,1,2,3,3,Mandarin,Yes,No,No,Selection,FCT-06,1,NA,NA,NA,NA,NA,NA,NA,Subjunctive,NA,NA,hacer,2726954,Irregular,L2L,4th/5th,Late,No,3,36,137,2026,1,0.3333333333333333,2.266580427947476,NA,-1.0371092770604782,0.06930530245169376
H59,1,2,L2L 4th/5th,5,NA,101,NA,NA,NA,1,2,3,3,Mandarin,Yes,No,No,Selection,FCT-10,1,NA,NA,NA,NA,NA,NA,NA,Subjunctive,NA,NA,comer,213756,Regular,L2L,4th/5th,Late,No,3,36,137,2026,1,0.3333333333333333,-0.6923292964129041,NA,-1.0371092770604782,0.06930530245169376
H59,1,2,L2L 4th/5th,5,NA,101,NA,NA,NA,1,2,3,3,Mandarin,Yes,No,No,Selection,FCT-14,0,NA,NA,NA,NA,NA,NA,NA,Subjunctive,NA,NA,ir,603647,Irregular,L2L,4th/5th,Late,No,3,36,137,2026,0,0.3333333333333333,-0.23329173895002495,NA,-1.0371092770604782,0.06930530245169376
H59,1,2,L2L 4th/5th,5,NA,101,NA,NA,NA,1,2,3,3,Mandarin,Yes,No,No,Selection,FCT-18,1,NA,NA,NA,NA,NA,NA,NA,Subjunctive,NA,NA,abrir,143932,Regular,L2L,4th/5th,Late,No,3,36,137,2026,1,0.3333333333333333,-0.7745364733220609,NA,-1.0371092770604782,0.06930530245169376
H59,1,2,L2L 4th/5th,5,NA,101,NA,NA,NA,1,2,3,3,Mandarin,Yes,No,No,Selection,FCT-22,0,NA,NA,NA,NA,NA,NA,NA,Subjunctive,NA,NA,poner,514285,Irregular,L2L,4th/5th,Late,No,3,36,137,2026,0,0.3333333333333333,-0.33850194952169194,NA,-1.0371092770604782,0.06930530245169376
H59,1,2,L2L 4th/5th,5,NA,101,NA,NA,NA,1,2,3,3,Mandarin,Yes,No,No,Selection,FCT-26,0,NA,NA,NA,NA,NA,NA,NA,Subjunctive,NA,NA,escribir,265684,Regular,L2L,4th/5th,Late,No,3,36,137,2026,0,0.3333333333333333,-0.6311919470410735,NA,-1.0371092770604782,0.06930530245169376
H59,1,2,L2L 4th/5th,5,NA,101,NA,NA,NA,1,2,3,3,Mandarin,Yes,No,No,Selection,FCT-28,0,NA,NA,NA,NA,NA,NA,NA,Subjunctive,NA,NA,salir,334324,Irregular,L2L,4th/5th,Late,No,3,36,137,2026,0,0.3333333333333333,-0.5503787506752892,NA,-1.0371092770604782,0.06930530245169376
H61,1,2,L2L 4th/5th,5,NA,103,NA,NA,NA,2,6,NA,4,Heritage Spanish,NA,NA,NA,Selection,FCT-02,1,NA,NA,NA,NA,NA,NA,NA,Subjunctive,NA,NA,ver,1611795,Irregular,L2L,4th/5th,Late,No,8,36,139,2026,1,0.25,0.9536497279755688,NA,-0.9605168954298312,0.13996752728832632
H61,1,2,L2L 4th/5th,5,NA,103,NA,NA,NA,2,6,NA,4,Heritage Spanish,NA,NA,NA,Selection,FCT-06,1,NA,NA,NA,NA,NA,NA,NA,Subjunctive,NA,NA,hacer,2726954,Irregular,L2L,4th/5th,Late,No,8,36,139,2026,1,0.25,2.266580427947476,NA,-0.9605168954298312,0.13996752728832632
H61,1,2,L2L 4th/5th,5,NA,103,NA,NA,NA,2,6,NA,4,Heritage Spanish,NA,NA,NA,Selection,FCT-10,0,NA,NA,NA,NA,NA,NA,NA,Subjunctive,NA,NA,comer,213756,Regular,L2L,4th/5th,Late,No,8,36,139,2026,0,0.25,-0.6923292964129041,NA,-0.9605168954298312,0.13996752728832632
H61,1,2,L2L 4th/5th,5,NA,103,NA,NA,NA,2,6,NA,4,Heritage Spanish,NA,NA,NA,Selection,FCT-14,0,NA,NA,NA,NA,NA,NA,NA,Subjunctive,NA,NA,ir,603647,Irregular,L2L,4th/5th,Late,No,8,36,139,2026,0,0.25,-0.23329173895002495,NA,-0.9605168954298312,0.13996752728832632
H61,1,2,L2L 4th/5th,5,NA,103,NA,NA,NA,2,6,NA,4,Heritage Spanish,NA,NA,NA,Selection,FCT-18,1,NA,NA,NA,NA,NA,NA,NA,Subjunctive,NA,NA,abrir,143932,Regular,L2L,4th/5th,Late,No,8,36,139,2026,1,0.25,-0.7745364733220609,NA,-0.9605168954298312,0.13996752728832632
H61,1,2,L2L 4th/5th,5,NA,103,NA,NA,NA,2,6,NA,4,Heritage Spanish,NA,NA,NA,Selection,FCT-22,0,NA,NA,NA,NA,NA,NA,NA,Subjunctive,NA,NA,poner,514285,Irregular,L2L,4th/5th,Late,No,8,36,139,2026,0,0.25,-0.33850194952169194,NA,-0.9605168954298312,0.13996752728832632
H61,1,2,L2L 4th/5th,5,NA,103,NA,NA,NA,2,6,NA,4,Heritage Spanish,NA,NA,NA,Selection,FCT-26,1,NA,NA,NA,NA,NA,NA,NA,Subjunctive,NA,NA,escribir,265684,Regular,L2L,4th/5th,Late,No,8,36,139,2026,1,0.25,-0.6311919470410735,NA,-0.9605168954298312,0.13996752728832632
H61,1,2,L2L 4th/5th,5,NA,103,NA,NA,NA,2,6,NA,4,Heritage Spanish,NA,NA,NA,Selection,FCT-28,0,NA,NA,NA,NA,NA,NA,NA,Subjunctive,NA,NA,salir,334324,Irregular,L2L,4th/5th,Late,No,8,36,139,2026,0,0.25,-0.5503787506752892,NA,-0.9605168954298312,0.13996752728832632
H63,1,1,L2L 7th/8th,7,13,156,NA,NA,NA,2,4,7,7,"Mandarin, Cantonese, Malay, Romanian",Yes,Yes,Yes,Selection,FCT-02,1,NA,NA,NA,NA,NA,NA,NA,Subjunctive,NA,NA,ver,1611795,Irregular,L2L,7th/8th,Late,No,6,0,156,2023,1,0.3333333333333333,0.9536497279755688,NA,1.0691812177823117,0.740596438399703
H63,1,1,L2L 7th/8th,7,13,156,NA,NA,NA,2,4,7,7,"Mandarin, Cantonese, Malay, Romanian",Yes,Yes,Yes,Selection,FCT-06,1,NA,NA,NA,NA,NA,NA,NA,Subjunctive,NA,NA,hacer,2726954,Irregular,L2L,7th/8th,Late,No,6,0,156,2023,1,0.3333333333333333,2.266580427947476,NA,1.0691812177823117,0.740596438399703
H63,1,1,L2L 7th/8th,7,13,156,NA,NA,NA,2,4,7,7,"Mandarin, Cantonese, Malay, Romanian",Yes,Yes,Yes,Selection,FCT-10,0,NA,NA,NA,NA,NA,NA,NA,Subjunctive,NA,NA,comer,213756,Regular,L2L,7th/8th,Late,No,6,0,156,2023,0,0.3333333333333333,-0.6923292964129041,NA,1.0691812177823117,0.740596438399703
H63,1,1,L2L 7th/8th,7,13,156,NA,NA,NA,2,4,7,7,"Mandarin, Cantonese, Malay, Romanian",Yes,Yes,Yes,Selection,FCT-14,1,NA,NA,NA,NA,NA,NA,NA,Subjunctive,NA,NA,ir,603647,Irregular,L2L,7th/8th,Late,No,6,0,156,2023,1,0.3333333333333333,-0.23329173895002495,NA,1.0691812177823117,0.740596438399703
H63,1,1,L2L 7th/8th,7,13,156,NA,NA,NA,2,4,7,7,"Mandarin, Cantonese, Malay, Romanian",Yes,Yes,Yes,Selection,FCT-18,0,NA,NA,NA,NA,NA,NA,NA,Subjunctive,NA,NA,abrir,143932,Regular,L2L,7th/8th,Late,No,6,0,156,2023,0,0.3333333333333333,-0.7745364733220609,NA,1.0691812177823117,0.740596438399703
H63,1,1,L2L 7th/8th,7,13,156,NA,NA,NA,2,4,7,7,"Mandarin, Cantonese, Malay, Romanian",Yes,Yes,Yes,Selection,FCT-22,0,NA,NA,NA,NA,NA,NA,NA,Subjunctive,NA,NA,poner,514285,Irregular,L2L,7th/8th,Late,No,6,0,156,2023,0,0.3333333333333333,-0.33850194952169194,NA,1.0691812177823117,0.740596438399703
H63,1,1,L2L 7th/8th,7,13,156,NA,NA,NA,2,4,7,7,"Mandarin, Cantonese, Malay, Romanian",Yes,Yes,Yes,Selection,FCT-26,1,NA,NA,NA,NA,NA,NA,NA,Subjunctive,NA,NA,escribir,265684,Regular,L2L,7th/8th,Late,No,6,0,156,2023,1,0.3333333333333333,-0.6311919470410735,NA,1.0691812177823117,0.740596438399703
H63,1,1,L2L 7th/8th,7,13,156,NA,NA,NA,2,4,7,7,"Mandarin, Cantonese, Malay, Romanian",Yes,Yes,Yes,Selection,FCT-28,0,NA,NA,NA,NA,NA,NA,NA,Subjunctive,NA,NA,salir,334324,Irregular,L2L,7th/8th,Late,No,6,0,156,2023,0,0.3333333333333333,-0.5503787506752892,NA,1.0691812177823117,0.740596438399703
H64,1,1,HS 7th/8th,7,13,NA,NA,NA,NA,NA,NA,NA,8,Heritage Spanish,NA,NA,NA,Selection,FCT-02,1,NA,NA,NA,NA,NA,NA,NA,Subjunctive,NA,NA,ver,1611795,Irregular,HS,7th/8th,Late,No,NA,0,NA,2023,1,NA,0.9536497279755688,NA,NA,NA
H64,1,1,HS 7th/8th,7,13,NA,NA,NA,NA,NA,NA,NA,8,Heritage Spanish,NA,NA,NA,Selection,FCT-06,0,NA,NA,NA,NA,NA,NA,NA,Subjunctive,NA,NA,hacer,2726954,Irregular,HS,7th/8th,Late,No,NA,0,NA,2023,0,NA,2.266580427947476,NA,NA,NA
H64,1,1,HS 7th/8th,7,13,NA,NA,NA,NA,NA,NA,NA,8,Heritage Spanish,NA,NA,NA,Selection,FCT-10,0,NA,NA,NA,NA,NA,NA,NA,Subjunctive,NA,NA,comer,213756,Regular,HS,7th/8th,Late,No,NA,0,NA,2023,0,NA,-0.6923292964129041,NA,NA,NA
H64,1,1,HS 7th/8th,7,13,NA,NA,NA,NA,NA,NA,NA,8,Heritage Spanish,NA,NA,NA,Selection,FCT-14,1,NA,NA,NA,NA,NA,NA,NA,Subjunctive,NA,NA,ir,603647,Irregular,HS,7th/8th,Late,No,NA,0,NA,2023,1,NA,-0.23329173895002495,NA,NA,NA
H64,1,1,HS 7th/8th,7,13,NA,NA,NA,NA,NA,NA,NA,8,Heritage Spanish,NA,NA,NA,Selection,FCT-18,0,NA,NA,NA,NA,NA,NA,NA,Subjunctive,NA,NA,abrir,143932,Regular,HS,7th/8th,Late,No,NA,0,NA,2023,0,NA,-0.7745364733220609,NA,NA,NA
H64,1,1,HS 7th/8th,7,13,NA,NA,NA,NA,NA,NA,NA,8,Heritage Spanish,NA,NA,NA,Selection,FCT-22,0,NA,NA,NA,NA,NA,NA,NA,Subjunctive,NA,NA,poner,514285,Irregular,HS,7th/8th,Late,No,NA,0,NA,2023,0,NA,-0.33850194952169194,NA,NA,NA
H64,1,1,HS 7th/8th,7,13,NA,NA,NA,NA,NA,NA,NA,8,Heritage Spanish,NA,NA,NA,Selection,FCT-26,1,NA,NA,NA,NA,NA,NA,NA,Subjunctive,NA,NA,escribir,265684,Regular,HS,7th/8th,Late,No,NA,0,NA,2023,1,NA,-0.6311919470410735,NA,NA,NA
H64,1,1,HS 7th/8th,7,13,NA,NA,NA,NA,NA,NA,NA,8,Heritage Spanish,NA,NA,NA,Selection,FCT-28,1,NA,NA,NA,NA,NA,NA,NA,Subjunctive,NA,NA,salir,334324,Irregular,HS,7th/8th,Late,No,NA,0,NA,2023,1,NA,-0.5503787506752892,NA,NA,NA
H65,1,1,HS 7th/8th,7,13,164,NA,NA,NA,2,3,2,8,Heritage Spanish,NA,NA,NA,Selection,FCT-02,1,NA,NA,NA,NA,NA,NA,NA,Subjunctive,NA,NA,ver,1611795,Irregular,HS,7th/8th,Late,No,5,0,164,2023,1,0.4,0.9536497279755688,NA,1.375550744304899,1.0232453377462332
H65,1,1,HS 7th/8th,7,13,164,NA,NA,NA,2,3,2,8,Heritage Spanish,NA,NA,NA,Selection,FCT-06,1,NA,NA,NA,NA,NA,NA,NA,Subjunctive,NA,NA,hacer,2726954,Irregular,HS,7th/8th,Late,No,5,0,164,2023,1,0.4,2.266580427947476,NA,1.375550744304899,1.0232453377462332
H65,1,1,HS 7th/8th,7,13,164,NA,NA,NA,2,3,2,8,Heritage Spanish,NA,NA,NA,Selection,FCT-10,1,NA,NA,NA,NA,NA,NA,NA,Subjunctive,NA,NA,comer,213756,Regular,HS,7th/8th,Late,No,5,0,164,2023,1,0.4,-0.6923292964129041,NA,1.375550744304899,1.0232453377462332
H65,1,1,HS 7th/8th,7,13,164,NA,NA,NA,2,3,2,8,Heritage Spanish,NA,NA,NA,Selection,FCT-14,1,NA,NA,NA,NA,NA,NA,NA,Subjunctive,NA,NA,ir,603647,Irregular,HS,7th/8th,Late,No,5,0,164,2023,1,0.4,-0.23329173895002495,NA,1.375550744304899,1.0232453377462332
H65,1,1,HS 7th/8th,7,13,164,NA,NA,NA,2,3,2,8,Heritage Spanish,NA,NA,NA,Selection,FCT-18,1,NA,NA,NA,NA,NA,NA,NA,Subjunctive,NA,NA,abrir,143932,Regular,HS,7th/8th,Late,No,5,0,164,2023,1,0.4,-0.7745364733220609,NA,1.375550744304899,1.0232453377462332
H65,1,1,HS 7th/8th,7,13,164,NA,NA,NA,2,3,2,8,Heritage Spanish,NA,NA,NA,Selection,FCT-22,1,NA,NA,NA,NA,NA,NA,NA,Subjunctive,NA,NA,poner,514285,Irregular,HS,7th/8th,Late,No,5,0,164,2023,1,0.4,-0.33850194952169194,NA,1.375550744304899,1.0232453377462332
H65,1,1,HS 7th/8th,7,13,164,NA,NA,NA,2,3,2,8,Heritage Spanish,NA,NA,NA,Selection,FCT-26,1,NA,NA,NA,NA,NA,NA,NA,Subjunctive,NA,NA,escribir,265684,Regular,HS,7th/8th,Late,No,5,0,164,2023,1,0.4,-0.6311919470410735,NA,1.375550744304899,1.0232453377462332
H65,1,1,HS 7th/8th,7,13,164,NA,NA,NA,2,3,2,8,Heritage Spanish,NA,NA,NA,Selection,FCT-28,1,NA,NA,NA,NA,NA,NA,NA,Subjunctive,NA,NA,salir,334324,Irregular,HS,7th/8th,Late,No,5,0,164,2023,1,0.4,-0.5503787506752892,NA,1.375550744304899,1.0232453377462332
H66,1,1,HS 7th/8th,7,12,154,NA,NA,NA,2,6,2,8,Heritage Spanish,NA,NA,NA,Selection,FCT-02,0,NA,NA,NA,NA,NA,NA,NA,Subjunctive,NA,NA,ver,1611795,Irregular,HS,7th/8th,Late,No,8,0,154,2023,0,0.25,0.9536497279755688,NA,0.9925888361516647,0.6699342135630705
H66,1,1,HS 7th/8th,7,12,154,NA,NA,NA,2,6,2,8,Heritage Spanish,NA,NA,NA,Selection,FCT-06,1,NA,NA,NA,NA,NA,NA,NA,Subjunctive,NA,NA,hacer,2726954,Irregular,HS,7th/8th,Late,No,8,0,154,2023,1,0.25,2.266580427947476,NA,0.9925888361516647,0.6699342135630705
H66,1,1,HS 7th/8th,7,12,154,NA,NA,NA,2,6,2,8,Heritage Spanish,NA,NA,NA,Selection,FCT-10,1,NA,NA,NA,NA,NA,NA,NA,Subjunctive,NA,NA,comer,213756,Regular,HS,7th/8th,Late,No,8,0,154,2023,1,0.25,-0.6923292964129041,NA,0.9925888361516647,0.6699342135630705
H66,1,1,HS 7th/8th,7,12,154,NA,NA,NA,2,6,2,8,Heritage Spanish,NA,NA,NA,Selection,FCT-14,1,NA,NA,NA,NA,NA,NA,NA,Subjunctive,NA,NA,ir,603647,Irregular,HS,7th/8th,Late,No,8,0,154,2023,1,0.25,-0.23329173895002495,NA,0.9925888361516647,0.6699342135630705
H66,1,1,HS 7th/8th,7,12,154,NA,NA,NA,2,6,2,8,Heritage Spanish,NA,NA,NA,Selection,FCT-18,0,NA,NA,NA,NA,NA,NA,NA,Subjunctive,NA,NA,abrir,143932,Regular,HS,7th/8th,Late,No,8,0,154,2023,0,0.25,-0.7745364733220609,NA,0.9925888361516647,0.6699342135630705
H66,1,1,HS 7th/8th,7,12,154,NA,NA,NA,2,6,2,8,Heritage Spanish,NA,NA,NA,Selection,FCT-22,1,NA,NA,NA,NA,NA,NA,NA,Subjunctive,NA,NA,poner,514285,Irregular,HS,7th/8th,Late,No,8,0,154,2023,1,0.25,-0.33850194952169194,NA,0.9925888361516647,0.6699342135630705
H66,1,1,HS 7th/8th,7,12,154,NA,NA,NA,2,6,2,8,Heritage Spanish,NA,NA,NA,Selection,FCT-26,0,NA,NA,NA,NA,NA,NA,NA,Subjunctive,NA,NA,escribir,265684,Regular,HS,7th/8th,Late,No,8,0,154,2023,0,0.25,-0.6311919470410735,NA,0.9925888361516647,0.6699342135630705
H66,1,1,HS 7th/8th,7,12,154,NA,NA,NA,2,6,2,8,Heritage Spanish,NA,NA,NA,Selection,FCT-28,1,NA,NA,NA,NA,NA,NA,NA,Subjunctive,NA,NA,salir,334324,Irregular,HS,7th/8th,Late,No,8,0,154,2023,1,0.25,-0.5503787506752892,NA,0.9925888361516647,0.6699342135630705
H67,1,1,L2L 7th/8th,7,13,160,NA,NA,NA,2,4,3,8,Gujarati,Yes,Yes,No,Selection,FCT-02,1,NA,NA,NA,NA,NA,NA,NA,Subjunctive,NA,NA,ver,1611795,Irregular,L2L,7th/8th,Late,No,6,0,160,2023,1,0.3333333333333333,0.9536497279755688,NA,1.2223659810436054,0.8819208880729681
H67,1,1,L2L 7th/8th,7,13,160,NA,NA,NA,2,4,3,8,Gujarati,Yes,Yes,No,Selection,FCT-06,0,NA,NA,NA,NA,NA,NA,NA,Subjunctive,NA,NA,hacer,2726954,Irregular,L2L,7th/8th,Late,No,6,0,160,2023,0,0.3333333333333333,2.266580427947476,NA,1.2223659810436054,0.8819208880729681
H67,1,1,L2L 7th/8th,7,13,160,NA,NA,NA,2,4,3,8,Gujarati,Yes,Yes,No,Selection,FCT-10,0,NA,NA,NA,NA,NA,NA,NA,Subjunctive,NA,NA,comer,213756,Regular,L2L,7th/8th,Late,No,6,0,160,2023,0,0.3333333333333333,-0.6923292964129041,NA,1.2223659810436054,0.8819208880729681
H67,1,1,L2L 7th/8th,7,13,160,NA,NA,NA,2,4,3,8,Gujarati,Yes,Yes,No,Selection,FCT-14,1,NA,NA,NA,NA,NA,NA,NA,Subjunctive,NA,NA,ir,603647,Irregular,L2L,7th/8th,Late,No,6,0,160,2023,1,0.3333333333333333,-0.23329173895002495,NA,1.2223659810436054,0.8819208880729681
H67,1,1,L2L 7th/8th,7,13,160,NA,NA,NA,2,4,3,8,Gujarati,Yes,Yes,No,Selection,FCT-18,0,NA,NA,NA,NA,NA,NA,NA,Subjunctive,NA,NA,abrir,143932,Regular,L2L,7th/8th,Late,No,6,0,160,2023,0,0.3333333333333333,-0.7745364733220609,NA,1.2223659810436054,0.8819208880729681
H67,1,1,L2L 7th/8th,7,13,160,NA,NA,NA,2,4,3,8,Gujarati,Yes,Yes,No,Selection,FCT-22,1,NA,NA,NA,NA,NA,NA,NA,Subjunctive,NA,NA,poner,514285,Irregular,L2L,7th/8th,Late,No,6,0,160,2023,1,0.3333333333333333,-0.33850194952169194,NA,1.2223659810436054,0.8819208880729681
H67,1,1,L2L 7th/8th,7,13,160,NA,NA,NA,2,4,3,8,Gujarati,Yes,Yes,No,Selection,FCT-26,0,NA,NA,NA,NA,NA,NA,NA,Subjunctive,NA,NA,escribir,265684,Regular,L2L,7th/8th,Late,No,6,0,160,2023,0,0.3333333333333333,-0.6311919470410735,NA,1.2223659810436054,0.8819208880729681
H67,1,1,L2L 7th/8th,7,13,160,NA,NA,NA,2,4,3,8,Gujarati,Yes,Yes,No,Selection,FCT-28,0,NA,NA,NA,NA,NA,NA,NA,Subjunctive,NA,NA,salir,334324,Irregular,L2L,7th/8th,Late,No,6,0,160,2023,0,0.3333333333333333,-0.5503787506752892,NA,1.2223659810436054,0.8819208880729681
H70,1,2,HS 4th/5th,5,7,95,NA,NA,NA,2,6,2,8,Heritage Spanish,NA,NA,NA,Selection,FCT-02,1,NA,NA,NA,NA,NA,NA,NA,Subjunctive,NA,NA,ver,1611795,Irregular,HS,4th/5th,Late,No,8,36,131,2026,1,0.25,0.9536497279755688,NA,-1.2668864219524187,-0.1426813720582039
H70,1,2,HS 4th/5th,5,7,95,NA,NA,NA,2,6,2,8,Heritage Spanish,NA,NA,NA,Selection,FCT-06,1,NA,NA,NA,NA,NA,NA,NA,Subjunctive,NA,NA,hacer,2726954,Irregular,HS,4th/5th,Late,No,8,36,131,2026,1,0.25,2.266580427947476,NA,-1.2668864219524187,-0.1426813720582039
H70,1,2,HS 4th/5th,5,7,95,NA,NA,NA,2,6,2,8,Heritage Spanish,NA,NA,NA,Selection,FCT-10,1,NA,NA,NA,NA,NA,NA,NA,Subjunctive,NA,NA,comer,213756,Regular,HS,4th/5th,Late,No,8,36,131,2026,1,0.25,-0.6923292964129041,NA,-1.2668864219524187,-0.1426813720582039
H70,1,2,HS 4th/5th,5,7,95,NA,NA,NA,2,6,2,8,Heritage Spanish,NA,NA,NA,Selection,FCT-14,0,NA,NA,NA,NA,NA,NA,NA,Subjunctive,NA,NA,ir,603647,Irregular,HS,4th/5th,Late,No,8,36,131,2026,0,0.25,-0.23329173895002495,NA,-1.2668864219524187,-0.1426813720582039
H70,1,2,HS 4th/5th,5,7,95,NA,NA,NA,2,6,2,8,Heritage Spanish,NA,NA,NA,Selection,FCT-18,0,NA,NA,NA,NA,NA,NA,NA,Subjunctive,NA,NA,abrir,143932,Regular,HS,4th/5th,Late,No,8,36,131,2026,0,0.25,-0.7745364733220609,NA,-1.2668864219524187,-0.1426813720582039
H70,1,2,HS 4th/5th,5,7,95,NA,NA,NA,2,6,2,8,Heritage Spanish,NA,NA,NA,Selection,FCT-22,1,NA,NA,NA,NA,NA,NA,NA,Subjunctive,NA,NA,poner,514285,Irregular,HS,4th/5th,Late,No,8,36,131,2026,1,0.25,-0.33850194952169194,NA,-1.2668864219524187,-0.1426813720582039
H70,1,2,HS 4th/5th,5,7,95,NA,NA,NA,2,6,2,8,Heritage Spanish,NA,NA,NA,Selection,FCT-26,0,NA,NA,NA,NA,NA,NA,NA,Subjunctive,NA,NA,escribir,265684,Regular,HS,4th/5th,Late,No,8,36,131,2026,0,0.25,-0.6311919470410735,NA,-1.2668864219524187,-0.1426813720582039
H70,1,2,HS 4th/5th,5,7,95,NA,NA,NA,2,6,2,8,Heritage Spanish,NA,NA,NA,Selection,FCT-28,1,NA,NA,NA,NA,NA,NA,NA,Subjunctive,NA,NA,salir,334324,Irregular,HS,4th/5th,Late,No,8,36,131,2026,1,0.25,-0.5503787506752892,NA,-1.2668864219524187,-0.1426813720582039
H72,1,2,L2L 4th/5th,5,7,94,NA,NA,NA,3,4,2,8,Russian,No,Yes,Yes,Selection,FCT-02,0,NA,NA,NA,NA,NA,NA,NA,Subjunctive,NA,NA,ver,1611795,Irregular,L2L,4th/5th,Late,No,7,36,130,2026,0,0.42857142857142855,0.9536497279755688,NA,-1.3051826127677424,-0.17801248447652016
H72,1,2,L2L 4th/5th,5,7,94,NA,NA,NA,3,4,2,8,Russian,No,Yes,Yes,Selection,FCT-06,0,NA,NA,NA,NA,NA,NA,NA,Subjunctive,NA,NA,hacer,2726954,Irregular,L2L,4th/5th,Late,No,7,36,130,2026,0,0.42857142857142855,2.266580427947476,NA,-1.3051826127677424,-0.17801248447652016
H72,1,2,L2L 4th/5th,5,7,94,NA,NA,NA,3,4,2,8,Russian,No,Yes,Yes,Selection,FCT-10,0,NA,NA,NA,NA,NA,NA,NA,Subjunctive,NA,NA,comer,213756,Regular,L2L,4th/5th,Late,No,7,36,130,2026,0,0.42857142857142855,-0.6923292964129041,NA,-1.3051826127677424,-0.17801248447652016
H72,1,2,L2L 4th/5th,5,7,94,NA,NA,NA,3,4,2,8,Russian,No,Yes,Yes,Selection,FCT-14,0,NA,NA,NA,NA,NA,NA,NA,Subjunctive,NA,NA,ir,603647,Irregular,L2L,4th/5th,Late,No,7,36,130,2026,0,0.42857142857142855,-0.23329173895002495,NA,-1.3051826127677424,-0.17801248447652016
H72,1,2,L2L 4th/5th,5,7,94,NA,NA,NA,3,4,2,8,Russian,No,Yes,Yes,Selection,FCT-18,0,NA,NA,NA,NA,NA,NA,NA,Subjunctive,NA,NA,abrir,143932,Regular,L2L,4th/5th,Late,No,7,36,130,2026,0,0.42857142857142855,-0.7745364733220609,NA,-1.3051826127677424,-0.17801248447652016
H72,1,2,L2L 4th/5th,5,7,94,NA,NA,NA,3,4,2,8,Russian,No,Yes,Yes,Selection,FCT-22,0,NA,NA,NA,NA,NA,NA,NA,Subjunctive,NA,NA,poner,514285,Irregular,L2L,4th/5th,Late,No,7,36,130,2026,0,0.42857142857142855,-0.33850194952169194,NA,-1.3051826127677424,-0.17801248447652016
H72,1,2,L2L 4th/5th,5,7,94,NA,NA,NA,3,4,2,8,Russian,No,Yes,Yes,Selection,FCT-26,0,NA,NA,NA,NA,NA,NA,NA,Subjunctive,NA,NA,escribir,265684,Regular,L2L,4th/5th,Late,No,7,36,130,2026,0,0.42857142857142855,-0.6311919470410735,NA,-1.3051826127677424,-0.17801248447652016
H72,1,2,L2L 4th/5th,5,7,94,NA,NA,NA,3,4,2,8,Russian,No,Yes,Yes,Selection,FCT-28,0,NA,NA,NA,NA,NA,NA,NA,Subjunctive,NA,NA,salir,334324,Irregular,L2L,4th/5th,Late,No,7,36,130,2026,0,0.42857142857142855,-0.5503787506752892,NA,-1.3051826127677424,-0.17801248447652016
H73,1,1,L2L 4th/5th,4,10,125,NA,NA,NA,3,5,NA,6,"Mandarin, Cantonese, Fujianese",Yes,No,No,Selection,FCT-02,0,NA,NA,NA,NA,NA,NA,NA,Subjunctive,NA,NA,ver,1611795,Irregular,L2L,4th/5th,Late,No,8,0,125,2023,0,0.375,0.9536497279755688,NA,-0.11800069749271534,-0.3546680465681015
H73,1,1,L2L 4th/5th,4,10,125,NA,NA,NA,3,5,NA,6,"Mandarin, Cantonese, Fujianese",Yes,No,No,Selection,FCT-06,0,NA,NA,NA,NA,NA,NA,NA,Subjunctive,NA,NA,hacer,2726954,Irregular,L2L,4th/5th,Late,No,8,0,125,2023,0,0.375,2.266580427947476,NA,-0.11800069749271534,-0.3546680465681015
H73,1,1,L2L 4th/5th,4,10,125,NA,NA,NA,3,5,NA,6,"Mandarin, Cantonese, Fujianese",Yes,No,No,Selection,FCT-10,0,NA,NA,NA,NA,NA,NA,NA,Subjunctive,NA,NA,comer,213756,Regular,L2L,4th/5th,Late,No,8,0,125,2023,0,0.375,-0.6923292964129041,NA,-0.11800069749271534,-0.3546680465681015
H73,1,1,L2L 4th/5th,4,10,125,NA,NA,NA,3,5,NA,6,"Mandarin, Cantonese, Fujianese",Yes,No,No,Selection,FCT-14,1,NA,NA,NA,NA,NA,NA,NA,Subjunctive,NA,NA,ir,603647,Irregular,L2L,4th/5th,Late,No,8,0,125,2023,1,0.375,-0.23329173895002495,NA,-0.11800069749271534,-0.3546680465681015
H73,1,1,L2L 4th/5th,4,10,125,NA,NA,NA,3,5,NA,6,"Mandarin, Cantonese, Fujianese",Yes,No,No,Selection,FCT-18,1,NA,NA,NA,NA,NA,NA,NA,Subjunctive,NA,NA,abrir,143932,Regular,L2L,4th/5th,Late,No,8,0,125,2023,1,0.375,-0.7745364733220609,NA,-0.11800069749271534,-0.3546680465681015
H73,1,1,L2L 4th/5th,4,10,125,NA,NA,NA,3,5,NA,6,"Mandarin, Cantonese, Fujianese",Yes,No,No,Selection,FCT-22,0,NA,NA,NA,NA,NA,NA,NA,Subjunctive,NA,NA,poner,514285,Irregular,L2L,4th/5th,Late,No,8,0,125,2023,0,0.375,-0.33850194952169194,NA,-0.11800069749271534,-0.3546680465681015
H73,1,1,L2L 4th/5th,4,10,125,NA,NA,NA,3,5,NA,6,"Mandarin, Cantonese, Fujianese",Yes,No,No,Selection,FCT-26,0,NA,NA,NA,NA,NA,NA,NA,Subjunctive,NA,NA,escribir,265684,Regular,L2L,4th/5th,Late,No,8,0,125,2023,0,0.375,-0.6311919470410735,NA,-0.11800069749271534,-0.3546680465681015
H73,1,1,L2L 4th/5th,4,10,125,NA,NA,NA,3,5,NA,6,"Mandarin, Cantonese, Fujianese",Yes,No,No,Selection,FCT-28,1,NA,NA,NA,NA,NA,NA,NA,Subjunctive,NA,NA,salir,334324,Irregular,L2L,4th/5th,Late,No,8,0,125,2023,1,0.375,-0.5503787506752892,NA,-0.11800069749271534,-0.3546680465681015
H73,1,2,L2L 7th/8th,7,10,125,NA,NA,NA,3,5,NA,6,"Mandarin, Cantonese, Fujianese",Yes,No,No,Selection,FCT-02,0,NA,NA,NA,NA,NA,NA,NA,Subjunctive,NA,NA,ver,1611795,Irregular,L2L,7th/8th,Late,No,8,36,161,2026,0,0.375,0.9536497279755688,NA,-0.11800069749271534,0.9172520004912844
H73,1,2,L2L 7th/8th,7,10,125,NA,NA,NA,3,5,NA,6,"Mandarin, Cantonese, Fujianese",Yes,No,No,Selection,FCT-06,1,NA,NA,NA,NA,NA,NA,NA,Subjunctive,NA,NA,hacer,2726954,Irregular,L2L,7th/8th,Late,No,8,36,161,2026,1,0.375,2.266580427947476,NA,-0.11800069749271534,0.9172520004912844
H73,1,2,L2L 7th/8th,7,10,125,NA,NA,NA,3,5,NA,6,"Mandarin, Cantonese, Fujianese",Yes,No,No,Selection,FCT-10,0,NA,NA,NA,NA,NA,NA,NA,Subjunctive,NA,NA,comer,213756,Regular,L2L,7th/8th,Late,No,8,36,161,2026,0,0.375,-0.6923292964129041,NA,-0.11800069749271534,0.9172520004912844
H73,1,2,L2L 7th/8th,7,10,125,NA,NA,NA,3,5,NA,6,"Mandarin, Cantonese, Fujianese",Yes,No,No,Selection,FCT-14,1,NA,NA,NA,NA,NA,NA,NA,Subjunctive,NA,NA,ir,603647,Irregular,L2L,7th/8th,Late,No,8,36,161,2026,1,0.375,-0.23329173895002495,NA,-0.11800069749271534,0.9172520004912844
H73,1,2,L2L 7th/8th,7,10,125,NA,NA,NA,3,5,NA,6,"Mandarin, Cantonese, Fujianese",Yes,No,No,Selection,FCT-18,0,NA,NA,NA,NA,NA,NA,NA,Subjunctive,NA,NA,abrir,143932,Regular,L2L,7th/8th,Late,No,8,36,161,2026,0,0.375,-0.7745364733220609,NA,-0.11800069749271534,0.9172520004912844
H73,1,2,L2L 7th/8th,7,10,125,NA,NA,NA,3,5,NA,6,"Mandarin, Cantonese, Fujianese",Yes,No,No,Selection,FCT-22,1,NA,NA,NA,NA,NA,NA,NA,Subjunctive,NA,NA,poner,514285,Irregular,L2L,7th/8th,Late,No,8,36,161,2026,1,0.375,-0.33850194952169194,NA,-0.11800069749271534,0.9172520004912844
H73,1,2,L2L 7th/8th,7,10,125,NA,NA,NA,3,5,NA,6,"Mandarin, Cantonese, Fujianese",Yes,No,No,Selection,FCT-26,1,NA,NA,NA,NA,NA,NA,NA,Subjunctive,NA,NA,escribir,265684,Regular,L2L,7th/8th,Late,No,8,36,161,2026,1,0.375,-0.6311919470410735,NA,-0.11800069749271534,0.9172520004912844
H73,1,2,L2L 7th/8th,7,10,125,NA,NA,NA,3,5,NA,6,"Mandarin, Cantonese, Fujianese",Yes,No,No,Selection,FCT-28,1,NA,NA,NA,NA,NA,NA,NA,Subjunctive,NA,NA,salir,334324,Irregular,L2L,7th/8th,Late,No,8,36,161,2026,1,0.375,-0.5503787506752892,NA,-0.11800069749271534,0.9172520004912844
H74,1,1,L2L 4th/5th,4,10,121,NA,NA,NA,5,4,NA,5,Tagalog,Yes,No,No,Selection,FCT-02,1,NA,NA,NA,NA,NA,NA,NA,Subjunctive,NA,NA,ver,1611795,Irregular,L2L,4th/5th,Late,No,9,0,121,2023,1,0.5555555555555556,0.9536497279755688,NA,-0.2711854607540091,-0.49599249624136665
H74,1,1,L2L 4th/5th,4,10,121,NA,NA,NA,5,4,NA,5,Tagalog,Yes,No,No,Selection,FCT-06,0,NA,NA,NA,NA,NA,NA,NA,Subjunctive,NA,NA,hacer,2726954,Irregular,L2L,4th/5th,Late,No,9,0,121,2023,0,0.5555555555555556,2.266580427947476,NA,-0.2711854607540091,-0.49599249624136665
H74,1,1,L2L 4th/5th,4,10,121,NA,NA,NA,5,4,NA,5,Tagalog,Yes,No,No,Selection,FCT-10,1,NA,NA,NA,NA,NA,NA,NA,Subjunctive,NA,NA,comer,213756,Regular,L2L,4th/5th,Late,No,9,0,121,2023,1,0.5555555555555556,-0.6923292964129041,NA,-0.2711854607540091,-0.49599249624136665
H74,1,1,L2L 4th/5th,4,10,121,NA,NA,NA,5,4,NA,5,Tagalog,Yes,No,No,Selection,FCT-14,1,NA,NA,NA,NA,NA,NA,NA,Subjunctive,NA,NA,ir,603647,Irregular,L2L,4th/5th,Late,No,9,0,121,2023,1,0.5555555555555556,-0.23329173895002495,NA,-0.2711854607540091,-0.49599249624136665
H74,1,1,L2L 4th/5th,4,10,121,NA,NA,NA,5,4,NA,5,Tagalog,Yes,No,No,Selection,FCT-18,0,NA,NA,NA,NA,NA,NA,NA,Subjunctive,NA,NA,abrir,143932,Regular,L2L,4th/5th,Late,No,9,0,121,2023,0,0.5555555555555556,-0.7745364733220609,NA,-0.2711854607540091,-0.49599249624136665
H74,1,1,L2L 4th/5th,4,10,121,NA,NA,NA,5,4,NA,5,Tagalog,Yes,No,No,Selection,FCT-22,1,NA,NA,NA,NA,NA,NA,NA,Subjunctive,NA,NA,poner,514285,Irregular,L2L,4th/5th,Late,No,9,0,121,2023,1,0.5555555555555556,-0.33850194952169194,NA,-0.2711854607540091,-0.49599249624136665
H74,1,1,L2L 4th/5th,4,10,121,NA,NA,NA,5,4,NA,5,Tagalog,Yes,No,No,Selection,FCT-26,1,NA,NA,NA,NA,NA,NA,NA,Subjunctive,NA,NA,escribir,265684,Regular,L2L,4th/5th,Late,No,9,0,121,2023,1,0.5555555555555556,-0.6311919470410735,NA,-0.2711854607540091,-0.49599249624136665
H74,1,1,L2L 4th/5th,4,10,121,NA,NA,NA,5,4,NA,5,Tagalog,Yes,No,No,Selection,FCT-28,0,NA,NA,NA,NA,NA,NA,NA,Subjunctive,NA,NA,salir,334324,Irregular,L2L,4th/5th,Late,No,9,0,121,2023,0,0.5555555555555556,-0.5503787506752892,NA,-0.2711854607540091,-0.49599249624136665
H74,1,2,L2L 7th/8th,7,10,121,NA,NA,NA,5,4,NA,5,Tagalog,Yes,No,No,Selection,FCT-02,1,NA,NA,NA,NA,NA,NA,NA,Subjunctive,NA,NA,ver,1611795,Irregular,L2L,7th/8th,Late,No,9,36,157,2026,1,0.5555555555555556,0.9536497279755688,NA,-0.2711854607540091,0.7759275508180193
H74,1,2,L2L 7th/8th,7,10,121,NA,NA,NA,5,4,NA,5,Tagalog,Yes,No,No,Selection,FCT-06,1,NA,NA,NA,NA,NA,NA,NA,Subjunctive,NA,NA,hacer,2726954,Irregular,L2L,7th/8th,Late,No,9,36,157,2026,1,0.5555555555555556,2.266580427947476,NA,-0.2711854607540091,0.7759275508180193
H74,1,2,L2L 7th/8th,7,10,121,NA,NA,NA,5,4,NA,5,Tagalog,Yes,No,No,Selection,FCT-10,1,NA,NA,NA,NA,NA,NA,NA,Subjunctive,NA,NA,comer,213756,Regular,L2L,7th/8th,Late,No,9,36,157,2026,1,0.5555555555555556,-0.6923292964129041,NA,-0.2711854607540091,0.7759275508180193
H74,1,2,L2L 7th/8th,7,10,121,NA,NA,NA,5,4,NA,5,Tagalog,Yes,No,No,Selection,FCT-14,1,NA,NA,NA,NA,NA,NA,NA,Subjunctive,NA,NA,ir,603647,Irregular,L2L,7th/8th,Late,No,9,36,157,2026,1,0.5555555555555556,-0.23329173895002495,NA,-0.2711854607540091,0.7759275508180193
H74,1,2,L2L 7th/8th,7,10,121,NA,NA,NA,5,4,NA,5,Tagalog,Yes,No,No,Selection,FCT-18,0,NA,NA,NA,NA,NA,NA,NA,Subjunctive,NA,NA,abrir,143932,Regular,L2L,7th/8th,Late,No,9,36,157,2026,0,0.5555555555555556,-0.7745364733220609,NA,-0.2711854607540091,0.7759275508180193
H74,1,2,L2L 7th/8th,7,10,121,NA,NA,NA,5,4,NA,5,Tagalog,Yes,No,No,Selection,FCT-22,1,NA,NA,NA,NA,NA,NA,NA,Subjunctive,NA,NA,poner,514285,Irregular,L2L,7th/8th,Late,No,9,36,157,2026,1,0.5555555555555556,-0.33850194952169194,NA,-0.2711854607540091,0.7759275508180193
H74,1,2,L2L 7th/8th,7,10,121,NA,NA,NA,5,4,NA,5,Tagalog,Yes,No,No,Selection,FCT-26,0,NA,NA,NA,NA,NA,NA,NA,Subjunctive,NA,NA,escribir,265684,Regular,L2L,7th/8th,Late,No,9,36,157,2026,0,0.5555555555555556,-0.6311919470410735,NA,-0.2711854607540091,0.7759275508180193
H74,1,2,L2L 7th/8th,7,10,121,NA,NA,NA,5,4,NA,5,Tagalog,Yes,No,No,Selection,FCT-28,1,NA,NA,NA,NA,NA,NA,NA,Subjunctive,NA,NA,salir,334324,Irregular,L2L,7th/8th,Late,No,9,36,157,2026,1,0.5555555555555556,-0.5503787506752892,NA,-0.2711854607540091,0.7759275508180193
H75,1,1,L2L 4th/5th,4,10,120,NA,NA,NA,2,2,NA,8,L2 learner,L2,L2,L2,Selection,FCT-02,0,NA,NA,NA,NA,NA,NA,NA,Subjunctive,NA,NA,ver,1611795,Irregular,L2L,4th/5th,Late,No,4,0,120,2023,0,0.5,0.9536497279755688,NA,-0.3094816515693326,-0.531323608659683
H75,1,1,L2L 4th/5th,4,10,120,NA,NA,NA,2,2,NA,8,L2 learner,L2,L2,L2,Selection,FCT-06,1,NA,NA,NA,NA,NA,NA,NA,Subjunctive,NA,NA,hacer,2726954,Irregular,L2L,4th/5th,Late,No,4,0,120,2023,1,0.5,2.266580427947476,NA,-0.3094816515693326,-0.531323608659683
H75,1,1,L2L 4th/5th,4,10,120,NA,NA,NA,2,2,NA,8,L2 learner,L2,L2,L2,Selection,FCT-10,0,NA,NA,NA,NA,NA,NA,NA,Subjunctive,NA,NA,comer,213756,Regular,L2L,4th/5th,Late,No,4,0,120,2023,0,0.5,-0.6923292964129041,NA,-0.3094816515693326,-0.531323608659683
H75,1,1,L2L 4th/5th,4,10,120,NA,NA,NA,2,2,NA,8,L2 learner,L2,L2,L2,Selection,FCT-14,0,NA,NA,NA,NA,NA,NA,NA,Subjunctive,NA,NA,ir,603647,Irregular,L2L,4th/5th,Late,No,4,0,120,2023,0,0.5,-0.23329173895002495,NA,-0.3094816515693326,-0.531323608659683
H75,1,1,L2L 4th/5th,4,10,120,NA,NA,NA,2,2,NA,8,L2 learner,L2,L2,L2,Selection,FCT-18,1,NA,NA,NA,NA,NA,NA,NA,Subjunctive,NA,NA,abrir,143932,Regular,L2L,4th/5th,Late,No,4,0,120,2023,1,0.5,-0.7745364733220609,NA,-0.3094816515693326,-0.531323608659683
H75,1,1,L2L 4th/5th,4,10,120,NA,NA,NA,2,2,NA,8,L2 learner,L2,L2,L2,Selection,FCT-22,1,NA,NA,NA,NA,NA,NA,NA,Subjunctive,NA,NA,poner,514285,Irregular,L2L,4th/5th,Late,No,4,0,120,2023,1,0.5,-0.33850194952169194,NA,-0.3094816515693326,-0.531323608659683
H75,1,1,L2L 4th/5th,4,10,120,NA,NA,NA,2,2,NA,8,L2 learner,L2,L2,L2,Selection,FCT-26,0,NA,NA,NA,NA,NA,NA,NA,Subjunctive,NA,NA,escribir,265684,Regular,L2L,4th/5th,Late,No,4,0,120,2023,0,0.5,-0.6311919470410735,NA,-0.3094816515693326,-0.531323608659683
H75,1,1,L2L 4th/5th,4,10,120,NA,NA,NA,2,2,NA,8,L2 learner,L2,L2,L2,Selection,FCT-28,1,NA,NA,NA,NA,NA,NA,NA,Subjunctive,NA,NA,salir,334324,Irregular,L2L,4th/5th,Late,No,4,0,120,2023,1,0.5,-0.5503787506752892,NA,-0.3094816515693326,-0.531323608659683
H76,1,1,L2L 4th/5th,4,10,126,NA,NA,NA,1,4,3,8,Hindi,Yes,Yes,Yes,Selection,FCT-02,1,NA,NA,NA,NA,NA,NA,NA,Subjunctive,NA,NA,ver,1611795,Irregular,L2L,4th/5th,Late,No,5,0,126,2023,1,0.2,0.9536497279755688,NA,-0.0797045066773919,-0.31933693414978526
H76,1,1,L2L 4th/5th,4,10,126,NA,NA,NA,1,4,3,8,Hindi,Yes,Yes,Yes,Selection,FCT-06,0,NA,NA,NA,NA,NA,NA,NA,Subjunctive,NA,NA,hacer,2726954,Irregular,L2L,4th/5th,Late,No,5,0,126,2023,0,0.2,2.266580427947476,NA,-0.0797045066773919,-0.31933693414978526
H76,1,1,L2L 4th/5th,4,10,126,NA,NA,NA,1,4,3,8,Hindi,Yes,Yes,Yes,Selection,FCT-10,0,NA,NA,NA,NA,NA,NA,NA,Subjunctive,NA,NA,comer,213756,Regular,L2L,4th/5th,Late,No,5,0,126,2023,0,0.2,-0.6923292964129041,NA,-0.0797045066773919,-0.31933693414978526
H76,1,1,L2L 4th/5th,4,10,126,NA,NA,NA,1,4,3,8,Hindi,Yes,Yes,Yes,Selection,FCT-14,0,NA,NA,NA,NA,NA,NA,NA,Subjunctive,NA,NA,ir,603647,Irregular,L2L,4th/5th,Late,No,5,0,126,2023,0,0.2,-0.23329173895002495,NA,-0.0797045066773919,-0.31933693414978526
H76,1,1,L2L 4th/5th,4,10,126,NA,NA,NA,1,4,3,8,Hindi,Yes,Yes,Yes,Selection,FCT-18,0,NA,NA,NA,NA,NA,NA,NA,Subjunctive,NA,NA,abrir,143932,Regular,L2L,4th/5th,Late,No,5,0,126,2023,0,0.2,-0.7745364733220609,NA,-0.0797045066773919,-0.31933693414978526
H76,1,1,L2L 4th/5th,4,10,126,NA,NA,NA,1,4,3,8,Hindi,Yes,Yes,Yes,Selection,FCT-22,0,NA,NA,NA,NA,NA,NA,NA,Subjunctive,NA,NA,poner,514285,Irregular,L2L,4th/5th,Late,No,5,0,126,2023,0,0.2,-0.33850194952169194,NA,-0.0797045066773919,-0.31933693414978526
H76,1,1,L2L 4th/5th,4,10,126,NA,NA,NA,1,4,3,8,Hindi,Yes,Yes,Yes,Selection,FCT-26,1,NA,NA,NA,NA,NA,NA,NA,Subjunctive,NA,NA,escribir,265684,Regular,L2L,4th/5th,Late,No,5,0,126,2023,1,0.2,-0.6311919470410735,NA,-0.0797045066773919,-0.31933693414978526
H76,1,1,L2L 4th/5th,4,10,126,NA,NA,NA,1,4,3,8,Hindi,Yes,Yes,Yes,Selection,FCT-28,0,NA,NA,NA,NA,NA,NA,NA,Subjunctive,NA,NA,salir,334324,Irregular,L2L,4th/5th,Late,No,5,0,126,2023,0,0.2,-0.5503787506752892,NA,-0.0797045066773919,-0.31933693414978526
H76,1,2,L2L 7th/8th,7,10,126,NA,NA,NA,1,4,3,8,Hindi,Yes,Yes,Yes,Selection,FCT-02,1,NA,NA,NA,NA,NA,NA,NA,Subjunctive,NA,NA,ver,1611795,Irregular,L2L,7th/8th,Late,No,5,36,162,2026,1,0.2,0.9536497279755688,NA,-0.0797045066773919,0.9525831129096007
H76,1,2,L2L 7th/8th,7,10,126,NA,NA,NA,1,4,3,8,Hindi,Yes,Yes,Yes,Selection,FCT-06,1,NA,NA,NA,NA,NA,NA,NA,Subjunctive,NA,NA,hacer,2726954,Irregular,L2L,7th/8th,Late,No,5,36,162,2026,1,0.2,2.266580427947476,NA,-0.0797045066773919,0.9525831129096007
H76,1,2,L2L 7th/8th,7,10,126,NA,NA,NA,1,4,3,8,Hindi,Yes,Yes,Yes,Selection,FCT-10,1,NA,NA,NA,NA,NA,NA,NA,Subjunctive,NA,NA,comer,213756,Regular,L2L,7th/8th,Late,No,5,36,162,2026,1,0.2,-0.6923292964129041,NA,-0.0797045066773919,0.9525831129096007
H76,1,2,L2L 7th/8th,7,10,126,NA,NA,NA,1,4,3,8,Hindi,Yes,Yes,Yes,Selection,FCT-14,1,NA,NA,NA,NA,NA,NA,NA,Subjunctive,NA,NA,ir,603647,Irregular,L2L,7th/8th,Late,No,5,36,162,2026,1,0.2,-0.23329173895002495,NA,-0.0797045066773919,0.9525831129096007
H76,1,2,L2L 7th/8th,7,10,126,NA,NA,NA,1,4,3,8,Hindi,Yes,Yes,Yes,Selection,FCT-18,0,NA,NA,NA,NA,NA,NA,NA,Subjunctive,NA,NA,abrir,143932,Regular,L2L,7th/8th,Late,No,5,36,162,2026,0,0.2,-0.7745364733220609,NA,-0.0797045066773919,0.9525831129096007
H76,1,2,L2L 7th/8th,7,10,126,NA,NA,NA,1,4,3,8,Hindi,Yes,Yes,Yes,Selection,FCT-22,0,NA,NA,NA,NA,NA,NA,NA,Subjunctive,NA,NA,poner,514285,Irregular,L2L,7th/8th,Late,No,5,36,162,2026,0,0.2,-0.33850194952169194,NA,-0.0797045066773919,0.9525831129096007
H76,1,2,L2L 7th/8th,7,10,126,NA,NA,NA,1,4,3,8,Hindi,Yes,Yes,Yes,Selection,FCT-26,0,NA,NA,NA,NA,NA,NA,NA,Subjunctive,NA,NA,escribir,265684,Regular,L2L,7th/8th,Late,No,5,36,162,2026,0,0.2,-0.6311919470410735,NA,-0.0797045066773919,0.9525831129096007
H76,1,2,L2L 7th/8th,7,10,126,NA,NA,NA,1,4,3,8,Hindi,Yes,Yes,Yes,Selection,FCT-28,1,NA,NA,NA,NA,NA,NA,NA,Subjunctive,NA,NA,salir,334324,Irregular,L2L,7th/8th,Late,No,5,36,162,2026,1,0.2,-0.5503787506752892,NA,-0.0797045066773919,0.9525831129096007
H77,1,1,HS 4th/5th,4,11,132,NA,NA,NA,5,5,NA,8,Heritage Spanish,NA,NA,NA,Selection,FCT-02,1,NA,NA,NA,NA,NA,NA,NA,Subjunctive,NA,NA,ver,1611795,Irregular,HS,4th/5th,Late,No,10,0,132,2023,1,0.5,0.9536497279755688,NA,0.1500726382145488,-0.10735025963988762
H77,1,1,HS 4th/5th,4,11,132,NA,NA,NA,5,5,NA,8,Heritage Spanish,NA,NA,NA,Selection,FCT-06,1,NA,NA,NA,NA,NA,NA,NA,Subjunctive,NA,NA,hacer,2726954,Irregular,HS,4th/5th,Late,No,10,0,132,2023,1,0.5,2.266580427947476,NA,0.1500726382145488,-0.10735025963988762
H77,1,1,HS 4th/5th,4,11,132,NA,NA,NA,5,5,NA,8,Heritage Spanish,NA,NA,NA,Selection,FCT-10,0,NA,NA,NA,NA,NA,NA,NA,Subjunctive,NA,NA,comer,213756,Regular,HS,4th/5th,Late,No,10,0,132,2023,0,0.5,-0.6923292964129041,NA,0.1500726382145488,-0.10735025963988762
H77,1,1,HS 4th/5th,4,11,132,NA,NA,NA,5,5,NA,8,Heritage Spanish,NA,NA,NA,Selection,FCT-14,1,NA,NA,NA,NA,NA,NA,NA,Subjunctive,NA,NA,ir,603647,Irregular,HS,4th/5th,Late,No,10,0,132,2023,1,0.5,-0.23329173895002495,NA,0.1500726382145488,-0.10735025963988762
H77,1,1,HS 4th/5th,4,11,132,NA,NA,NA,5,5,NA,8,Heritage Spanish,NA,NA,NA,Selection,FCT-18,1,NA,NA,NA,NA,NA,NA,NA,Subjunctive,NA,NA,abrir,143932,Regular,HS,4th/5th,Late,No,10,0,132,2023,1,0.5,-0.7745364733220609,NA,0.1500726382145488,-0.10735025963988762
H77,1,1,HS 4th/5th,4,11,132,NA,NA,NA,5,5,NA,8,Heritage Spanish,NA,NA,NA,Selection,FCT-22,0,NA,NA,NA,NA,NA,NA,NA,Subjunctive,NA,NA,poner,514285,Irregular,HS,4th/5th,Late,No,10,0,132,2023,0,0.5,-0.33850194952169194,NA,0.1500726382145488,-0.10735025963988762
H77,1,1,HS 4th/5th,4,11,132,NA,NA,NA,5,5,NA,8,Heritage Spanish,NA,NA,NA,Selection,FCT-26,1,NA,NA,NA,NA,NA,NA,NA,Subjunctive,NA,NA,escribir,265684,Regular,HS,4th/5th,Late,No,10,0,132,2023,1,0.5,-0.6311919470410735,NA,0.1500726382145488,-0.10735025963988762
H77,1,1,HS 4th/5th,4,11,132,NA,NA,NA,5,5,NA,8,Heritage Spanish,NA,NA,NA,Selection,FCT-28,0,NA,NA,NA,NA,NA,NA,NA,Subjunctive,NA,NA,salir,334324,Irregular,HS,4th/5th,Late,No,10,0,132,2023,0,0.5,-0.5503787506752892,NA,0.1500726382145488,-0.10735025963988762
H78,1,1,L2L 4th/5th,4,10,123,NA,NA,NA,2,4,NA,8,L2 learner,L2,L2,L2,Selection,FCT-02,1,NA,NA,NA,NA,NA,NA,NA,Subjunctive,NA,NA,ver,1611795,Irregular,L2L,4th/5th,Late,No,6,0,123,2023,1,0.3333333333333333,0.9536497279755688,NA,-0.19459307912336224,-0.4253302714047341
H78,1,1,L2L 4th/5th,4,10,123,NA,NA,NA,2,4,NA,8,L2 learner,L2,L2,L2,Selection,FCT-06,0,NA,NA,NA,NA,NA,NA,NA,Subjunctive,NA,NA,hacer,2726954,Irregular,L2L,4th/5th,Late,No,6,0,123,2023,0,0.3333333333333333,2.266580427947476,NA,-0.19459307912336224,-0.4253302714047341
H78,1,1,L2L 4th/5th,4,10,123,NA,NA,NA,2,4,NA,8,L2 learner,L2,L2,L2,Selection,FCT-10,1,NA,NA,NA,NA,NA,NA,NA,Subjunctive,NA,NA,comer,213756,Regular,L2L,4th/5th,Late,No,6,0,123,2023,1,0.3333333333333333,-0.6923292964129041,NA,-0.19459307912336224,-0.4253302714047341
H78,1,1,L2L 4th/5th,4,10,123,NA,NA,NA,2,4,NA,8,L2 learner,L2,L2,L2,Selection,FCT-14,1,NA,NA,NA,NA,NA,NA,NA,Subjunctive,NA,NA,ir,603647,Irregular,L2L,4th/5th,Late,No,6,0,123,2023,1,0.3333333333333333,-0.23329173895002495,NA,-0.19459307912336224,-0.4253302714047341
H78,1,1,L2L 4th/5th,4,10,123,NA,NA,NA,2,4,NA,8,L2 learner,L2,L2,L2,Selection,FCT-18,0,NA,NA,NA,NA,NA,NA,NA,Subjunctive,NA,NA,abrir,143932,Regular,L2L,4th/5th,Late,No,6,0,123,2023,0,0.3333333333333333,-0.7745364733220609,NA,-0.19459307912336224,-0.4253302714047341
H78,1,1,L2L 4th/5th,4,10,123,NA,NA,NA,2,4,NA,8,L2 learner,L2,L2,L2,Selection,FCT-22,0,NA,NA,NA,NA,NA,NA,NA,Subjunctive,NA,NA,poner,514285,Irregular,L2L,4th/5th,Late,No,6,0,123,2023,0,0.3333333333333333,-0.33850194952169194,NA,-0.19459307912336224,-0.4253302714047341
H78,1,1,L2L 4th/5th,4,10,123,NA,NA,NA,2,4,NA,8,L2 learner,L2,L2,L2,Selection,FCT-26,0,NA,NA,NA,NA,NA,NA,NA,Subjunctive,NA,NA,escribir,265684,Regular,L2L,4th/5th,Late,No,6,0,123,2023,0,0.3333333333333333,-0.6311919470410735,NA,-0.19459307912336224,-0.4253302714047341
H78,1,1,L2L 4th/5th,4,10,123,NA,NA,NA,2,4,NA,8,L2 learner,L2,L2,L2,Selection,FCT-28,1,NA,NA,NA,NA,NA,NA,NA,Subjunctive,NA,NA,salir,334324,Irregular,L2L,4th/5th,Late,No,6,0,123,2023,1,0.3333333333333333,-0.5503787506752892,NA,-0.19459307912336224,-0.4253302714047341
H79,2,1,L2L 7th/8th,7,NA,157,NA,NA,NA,NA,NA,NA,NA,L2 Learner,NA,NA,NA,Selection,FCT-02,1,NA,NA,NA,NA,NA,NA,NA,Subjunctive,NA,NA,ver,1611795,Irregular,L2L,7th/8th,Late,No,NA,0,157,2026,1,NA,0.9536497279755688,NA,1.107477408597635,0.7759275508180193
H79,2,1,L2L 7th/8th,7,NA,157,NA,NA,NA,NA,NA,NA,NA,L2 Learner,NA,NA,NA,Selection,FCT-06,0,NA,NA,NA,NA,NA,NA,NA,Subjunctive,NA,NA,hacer,2726954,Irregular,L2L,7th/8th,Late,No,NA,0,157,2026,0,NA,2.266580427947476,NA,1.107477408597635,0.7759275508180193
H79,2,1,L2L 7th/8th,7,NA,157,NA,NA,NA,NA,NA,NA,NA,L2 Learner,NA,NA,NA,Selection,FCT-10,1,NA,NA,NA,NA,NA,NA,NA,Subjunctive,NA,NA,comer,213756,Regular,L2L,7th/8th,Late,No,NA,0,157,2026,1,NA,-0.6923292964129041,NA,1.107477408597635,0.7759275508180193
H79,2,1,L2L 7th/8th,7,NA,157,NA,NA,NA,NA,NA,NA,NA,L2 Learner,NA,NA,NA,Selection,FCT-14,0,NA,NA,NA,NA,NA,NA,NA,Subjunctive,NA,NA,ir,603647,Irregular,L2L,7th/8th,Late,No,NA,0,157,2026,0,NA,-0.23329173895002495,NA,1.107477408597635,0.7759275508180193
H79,2,1,L2L 7th/8th,7,NA,157,NA,NA,NA,NA,NA,NA,NA,L2 Learner,NA,NA,NA,Selection,FCT-18,0,NA,NA,NA,NA,NA,NA,NA,Subjunctive,NA,NA,abrir,143932,Regular,L2L,7th/8th,Late,No,NA,0,157,2026,0,NA,-0.7745364733220609,NA,1.107477408597635,0.7759275508180193
H79,2,1,L2L 7th/8th,7,NA,157,NA,NA,NA,NA,NA,NA,NA,L2 Learner,NA,NA,NA,Selection,FCT-22,0,NA,NA,NA,NA,NA,NA,NA,Subjunctive,NA,NA,poner,514285,Irregular,L2L,7th/8th,Late,No,NA,0,157,2026,0,NA,-0.33850194952169194,NA,1.107477408597635,0.7759275508180193
H79,2,1,L2L 7th/8th,7,NA,157,NA,NA,NA,NA,NA,NA,NA,L2 Learner,NA,NA,NA,Selection,FCT-26,0,NA,NA,NA,NA,NA,NA,NA,Subjunctive,NA,NA,escribir,265684,Regular,L2L,7th/8th,Late,No,NA,0,157,2026,0,NA,-0.6311919470410735,NA,1.107477408597635,0.7759275508180193
H79,2,1,L2L 7th/8th,7,NA,157,NA,NA,NA,NA,NA,NA,NA,L2 Learner,NA,NA,NA,Selection,FCT-28,0,NA,NA,NA,NA,NA,NA,NA,Subjunctive,NA,NA,salir,334324,Irregular,L2L,7th/8th,Late,No,NA,0,157,2026,0,NA,-0.5503787506752892,NA,1.107477408597635,0.7759275508180193
H80,2,1,HS 7th/8th,7,NA,156,NA,NA,NA,NA,NA,NA,NA,Heritage Spanish,NA,NA,NA,Selection,FCT-02,1,NA,NA,NA,NA,NA,NA,NA,Subjunctive,NA,NA,ver,1611795,Irregular,HS,7th/8th,Late,No,NA,0,156,2026,1,NA,0.9536497279755688,NA,1.0691812177823117,0.740596438399703
H80,2,1,HS 7th/8th,7,NA,156,NA,NA,NA,NA,NA,NA,NA,Heritage Spanish,NA,NA,NA,Selection,FCT-06,1,NA,NA,NA,NA,NA,NA,NA,Subjunctive,NA,NA,hacer,2726954,Irregular,HS,7th/8th,Late,No,NA,0,156,2026,1,NA,2.266580427947476,NA,1.0691812177823117,0.740596438399703
H80,2,1,HS 7th/8th,7,NA,156,NA,NA,NA,NA,NA,NA,NA,Heritage Spanish,NA,NA,NA,Selection,FCT-10,0,NA,NA,NA,NA,NA,NA,NA,Subjunctive,NA,NA,comer,213756,Regular,HS,7th/8th,Late,No,NA,0,156,2026,0,NA,-0.6923292964129041,NA,1.0691812177823117,0.740596438399703
H80,2,1,HS 7th/8th,7,NA,156,NA,NA,NA,NA,NA,NA,NA,Heritage Spanish,NA,NA,NA,Selection,FCT-14,0,NA,NA,NA,NA,NA,NA,NA,Subjunctive,NA,NA,ir,603647,Irregular,HS,7th/8th,Late,No,NA,0,156,2026,0,NA,-0.23329173895002495,NA,1.0691812177823117,0.740596438399703
H80,2,1,HS 7th/8th,7,NA,156,NA,NA,NA,NA,NA,NA,NA,Heritage Spanish,NA,NA,NA,Selection,FCT-18,0,NA,NA,NA,NA,NA,NA,NA,Subjunctive,NA,NA,abrir,143932,Regular,HS,7th/8th,Late,No,NA,0,156,2026,0,NA,-0.7745364733220609,NA,1.0691812177823117,0.740596438399703
H80,2,1,HS 7th/8th,7,NA,156,NA,NA,NA,NA,NA,NA,NA,Heritage Spanish,NA,NA,NA,Selection,FCT-22,0,NA,NA,NA,NA,NA,NA,NA,Subjunctive,NA,NA,poner,514285,Irregular,HS,7th/8th,Late,No,NA,0,156,2026,0,NA,-0.33850194952169194,NA,1.0691812177823117,0.740596438399703
H80,2,1,HS 7th/8th,7,NA,156,NA,NA,NA,NA,NA,NA,NA,Heritage Spanish,NA,NA,NA,Selection,FCT-26,0,NA,NA,NA,NA,NA,NA,NA,Subjunctive,NA,NA,escribir,265684,Regular,HS,7th/8th,Late,No,NA,0,156,2026,0,NA,-0.6311919470410735,NA,1.0691812177823117,0.740596438399703
H80,2,1,HS 7th/8th,7,NA,156,NA,NA,NA,NA,NA,NA,NA,Heritage Spanish,NA,NA,NA,Selection,FCT-28,1,NA,NA,NA,NA,NA,NA,NA,Subjunctive,NA,NA,salir,334324,Irregular,HS,7th/8th,Late,No,NA,0,156,2026,1,NA,-0.5503787506752892,NA,1.0691812177823117,0.740596438399703
H81,2,1,NA,6,NA,140,NA,NA,NA,NA,NA,NA,NA,Heritage Spanish,NA,NA,NA,Selection,FCT-02,0,NA,NA,NA,NA,NA,NA,NA,Subjunctive,NA,NA,ver,1611795,Irregular,HS,NA,Late,No,NA,0,140,2026,0,NA,0.9536497279755688,NA,0.4564421647371364,0.1752986397066426
H81,2,1,NA,6,NA,140,NA,NA,NA,NA,NA,NA,NA,Heritage Spanish,NA,NA,NA,Selection,FCT-06,0,NA,NA,NA,NA,NA,NA,NA,Subjunctive,NA,NA,hacer,2726954,Irregular,HS,NA,Late,No,NA,0,140,2026,0,NA,2.266580427947476,NA,0.4564421647371364,0.1752986397066426
H81,2,1,NA,6,NA,140,NA,NA,NA,NA,NA,NA,NA,Heritage Spanish,NA,NA,NA,Selection,FCT-10,0,NA,NA,NA,NA,NA,NA,NA,Subjunctive,NA,NA,comer,213756,Regular,HS,NA,Late,No,NA,0,140,2026,0,NA,-0.6923292964129041,NA,0.4564421647371364,0.1752986397066426
H81,2,1,NA,6,NA,140,NA,NA,NA,NA,NA,NA,NA,Heritage Spanish,NA,NA,NA,Selection,FCT-14,1,NA,NA,NA,NA,NA,NA,NA,Subjunctive,NA,NA,ir,603647,Irregular,HS,NA,Late,No,NA,0,140,2026,1,NA,-0.23329173895002495,NA,0.4564421647371364,0.1752986397066426
H81,2,1,NA,6,NA,140,NA,NA,NA,NA,NA,NA,NA,Heritage Spanish,NA,NA,NA,Selection,FCT-18,1,NA,NA,NA,NA,NA,NA,NA,Subjunctive,NA,NA,abrir,143932,Regular,HS,NA,Late,No,NA,0,140,2026,1,NA,-0.7745364733220609,NA,0.4564421647371364,0.1752986397066426
H81,2,1,NA,6,NA,140,NA,NA,NA,NA,NA,NA,NA,Heritage Spanish,NA,NA,NA,Selection,FCT-22,1,NA,NA,NA,NA,NA,NA,NA,Subjunctive,NA,NA,poner,514285,Irregular,HS,NA,Late,No,NA,0,140,2026,1,NA,-0.33850194952169194,NA,0.4564421647371364,0.1752986397066426
H81,2,1,NA,6,NA,140,NA,NA,NA,NA,NA,NA,NA,Heritage Spanish,NA,NA,NA,Selection,FCT-26,1,NA,NA,NA,NA,NA,NA,NA,Subjunctive,NA,NA,escribir,265684,Regular,HS,NA,Late,No,NA,0,140,2026,1,NA,-0.6311919470410735,NA,0.4564421647371364,0.1752986397066426
H81,2,1,NA,6,NA,140,NA,NA,NA,NA,NA,NA,NA,Heritage Spanish,NA,NA,NA,Selection,FCT-28,1,NA,NA,NA,NA,NA,NA,NA,Subjunctive,NA,NA,salir,334324,Irregular,HS,NA,Late,No,NA,0,140,2026,1,NA,-0.5503787506752892,NA,0.4564421647371364,0.1752986397066426
H82,2,1,NA,6,NA,140,NA,NA,NA,NA,NA,NA,NA,Heritage Spanish,NA,NA,NA,Selection,FCT-02,0,NA,NA,NA,NA,NA,NA,NA,Subjunctive,NA,NA,ver,1611795,Irregular,HS,NA,Late,No,NA,0,140,2026,0,NA,0.9536497279755688,NA,0.4564421647371364,0.1752986397066426
H82,2,1,NA,6,NA,140,NA,NA,NA,NA,NA,NA,NA,Heritage Spanish,NA,NA,NA,Selection,FCT-06,1,NA,NA,NA,NA,NA,NA,NA,Subjunctive,NA,NA,hacer,2726954,Irregular,HS,NA,Late,No,NA,0,140,2026,1,NA,2.266580427947476,NA,0.4564421647371364,0.1752986397066426
H82,2,1,NA,6,NA,140,NA,NA,NA,NA,NA,NA,NA,Heritage Spanish,NA,NA,NA,Selection,FCT-10,0,NA,NA,NA,NA,NA,NA,NA,Subjunctive,NA,NA,comer,213756,Regular,HS,NA,Late,No,NA,0,140,2026,0,NA,-0.6923292964129041,NA,0.4564421647371364,0.1752986397066426
H82,2,1,NA,6,NA,140,NA,NA,NA,NA,NA,NA,NA,Heritage Spanish,NA,NA,NA,Selection,FCT-14,1,NA,NA,NA,NA,NA,NA,NA,Subjunctive,NA,NA,ir,603647,Irregular,HS,NA,Late,No,NA,0,140,2026,1,NA,-0.23329173895002495,NA,0.4564421647371364,0.1752986397066426
H82,2,1,NA,6,NA,140,NA,NA,NA,NA,NA,NA,NA,Heritage Spanish,NA,NA,NA,Selection,FCT-18,0,NA,NA,NA,NA,NA,NA,NA,Subjunctive,NA,NA,abrir,143932,Regular,HS,NA,Late,No,NA,0,140,2026,0,NA,-0.7745364733220609,NA,0.4564421647371364,0.1752986397066426
H82,2,1,NA,6,NA,140,NA,NA,NA,NA,NA,NA,NA,Heritage Spanish,NA,NA,NA,Selection,FCT-22,0,NA,NA,NA,NA,NA,NA,NA,Subjunctive,NA,NA,poner,514285,Irregular,HS,NA,Late,No,NA,0,140,2026,0,NA,-0.33850194952169194,NA,0.4564421647371364,0.1752986397066426
H82,2,1,NA,6,NA,140,NA,NA,NA,NA,NA,NA,NA,Heritage Spanish,NA,NA,NA,Selection,FCT-26,0,NA,NA,NA,NA,NA,NA,NA,Subjunctive,NA,NA,escribir,265684,Regular,HS,NA,Late,No,NA,0,140,2026,0,NA,-0.6311919470410735,NA,0.4564421647371364,0.1752986397066426
H82,2,1,NA,6,NA,140,NA,NA,NA,NA,NA,NA,NA,Heritage Spanish,NA,NA,NA,Selection,FCT-28,0,NA,NA,NA,NA,NA,NA,NA,Subjunctive,NA,NA,salir,334324,Irregular,HS,NA,Late,No,NA,0,140,2026,0,NA,-0.5503787506752892,NA,0.4564421647371364,0.1752986397066426
H84,2,1,L2L 7th/8th,7,NA,159,NA,NA,NA,NA,NA,NA,NA,"Russian, Turkish",NA,NA,NA,Selection,FCT-02,0,NA,NA,NA,NA,NA,NA,NA,Subjunctive,NA,NA,ver,1611795,Irregular,L2L,7th/8th,Late,No,NA,0,159,2026,0,NA,0.9536497279755688,NA,1.184069790228282,0.8465897756546519
H84,2,1,L2L 7th/8th,7,NA,159,NA,NA,NA,NA,NA,NA,NA,"Russian, Turkish",NA,NA,NA,Selection,FCT-06,0,NA,NA,NA,NA,NA,NA,NA,Subjunctive,NA,NA,hacer,2726954,Irregular,L2L,7th/8th,Late,No,NA,0,159,2026,0,NA,2.266580427947476,NA,1.184069790228282,0.8465897756546519
H84,2,1,L2L 7th/8th,7,NA,159,NA,NA,NA,NA,NA,NA,NA,"Russian, Turkish",NA,NA,NA,Selection,FCT-10,1,NA,NA,NA,NA,NA,NA,NA,Subjunctive,NA,NA,comer,213756,Regular,L2L,7th/8th,Late,No,NA,0,159,2026,1,NA,-0.6923292964129041,NA,1.184069790228282,0.8465897756546519
H84,2,1,L2L 7th/8th,7,NA,159,NA,NA,NA,NA,NA,NA,NA,"Russian, Turkish",NA,NA,NA,Selection,FCT-14,0,NA,NA,NA,NA,NA,NA,NA,Subjunctive,NA,NA,ir,603647,Irregular,L2L,7th/8th,Late,No,NA,0,159,2026,0,NA,-0.23329173895002495,NA,1.184069790228282,0.8465897756546519
H84,2,1,L2L 7th/8th,7,NA,159,NA,NA,NA,NA,NA,NA,NA,"Russian, Turkish",NA,NA,NA,Selection,FCT-18,1,NA,NA,NA,NA,NA,NA,NA,Subjunctive,NA,NA,abrir,143932,Regular,L2L,7th/8th,Late,No,NA,0,159,2026,1,NA,-0.7745364733220609,NA,1.184069790228282,0.8465897756546519
H84,2,1,L2L 7th/8th,7,NA,159,NA,NA,NA,NA,NA,NA,NA,"Russian, Turkish",NA,NA,NA,Selection,FCT-22,1,NA,NA,NA,NA,NA,NA,NA,Subjunctive,NA,NA,poner,514285,Irregular,L2L,7th/8th,Late,No,NA,0,159,2026,1,NA,-0.33850194952169194,NA,1.184069790228282,0.8465897756546519
H84,2,1,L2L 7th/8th,7,NA,159,NA,NA,NA,NA,NA,NA,NA,"Russian, Turkish",NA,NA,NA,Selection,FCT-26,1,NA,NA,NA,NA,NA,NA,NA,Subjunctive,NA,NA,escribir,265684,Regular,L2L,7th/8th,Late,No,NA,0,159,2026,1,NA,-0.6311919470410735,NA,1.184069790228282,0.8465897756546519
H84,2,1,L2L 7th/8th,7,NA,159,NA,NA,NA,NA,NA,NA,NA,"Russian, Turkish",NA,NA,NA,Selection,FCT-28,1,NA,NA,NA,NA,NA,NA,NA,Subjunctive,NA,NA,salir,334324,Irregular,L2L,7th/8th,Late,No,NA,0,159,2026,1,NA,-0.5503787506752892,NA,1.184069790228282,0.8465897756546519
H85,2,1,L2L 4th/5th,4,NA,120,NA,NA,NA,NA,NA,NA,NA,NA,NA,NA,NA,Selection,FCT-02,0,NA,NA,NA,NA,NA,NA,NA,Subjunctive,NA,NA,ver,1611795,Irregular,L2L,4th/5th,Late,No,NA,0,120,2026,0,NA,0.9536497279755688,NA,-0.3094816515693326,-0.531323608659683
H85,2,1,L2L 4th/5th,4,NA,120,NA,NA,NA,NA,NA,NA,NA,NA,NA,NA,NA,Selection,FCT-06,1,NA,NA,NA,NA,NA,NA,NA,Subjunctive,NA,NA,hacer,2726954,Irregular,L2L,4th/5th,Late,No,NA,0,120,2026,1,NA,2.266580427947476,NA,-0.3094816515693326,-0.531323608659683
H85,2,1,L2L 4th/5th,4,NA,120,NA,NA,NA,NA,NA,NA,NA,NA,NA,NA,NA,Selection,FCT-10,0,NA,NA,NA,NA,NA,NA,NA,Subjunctive,NA,NA,comer,213756,Regular,L2L,4th/5th,Late,No,NA,0,120,2026,0,NA,-0.6923292964129041,NA,-0.3094816515693326,-0.531323608659683
H85,2,1,L2L 4th/5th,4,NA,120,NA,NA,NA,NA,NA,NA,NA,NA,NA,NA,NA,Selection,FCT-14,0,NA,NA,NA,NA,NA,NA,NA,Subjunctive,NA,NA,ir,603647,Irregular,L2L,4th/5th,Late,No,NA,0,120,2026,0,NA,-0.23329173895002495,NA,-0.3094816515693326,-0.531323608659683
H85,2,1,L2L 4th/5th,4,NA,120,NA,NA,NA,NA,NA,NA,NA,NA,NA,NA,NA,Selection,FCT-18,0,NA,NA,NA,NA,NA,NA,NA,Subjunctive,NA,NA,abrir,143932,Regular,L2L,4th/5th,Late,No,NA,0,120,2026,0,NA,-0.7745364733220609,NA,-0.3094816515693326,-0.531323608659683
H85,2,1,L2L 4th/5th,4,NA,120,NA,NA,NA,NA,NA,NA,NA,NA,NA,NA,NA,Selection,FCT-22,0,NA,NA,NA,NA,NA,NA,NA,Subjunctive,NA,NA,poner,514285,Irregular,L2L,4th/5th,Late,No,NA,0,120,2026,0,NA,-0.33850194952169194,NA,-0.3094816515693326,-0.531323608659683
H85,2,1,L2L 4th/5th,4,NA,120,NA,NA,NA,NA,NA,NA,NA,NA,NA,NA,NA,Selection,FCT-26,0,NA,NA,NA,NA,NA,NA,NA,Subjunctive,NA,NA,escribir,265684,Regular,L2L,4th/5th,Late,No,NA,0,120,2026,0,NA,-0.6311919470410735,NA,-0.3094816515693326,-0.531323608659683
H85,2,1,L2L 4th/5th,4,NA,120,NA,NA,NA,NA,NA,NA,NA,NA,NA,NA,NA,Selection,FCT-28,1,NA,NA,NA,NA,NA,NA,NA,Subjunctive,NA,NA,salir,334324,Irregular,L2L,4th/5th,Late,No,NA,0,120,2026,1,NA,-0.5503787506752892,NA,-0.3094816515693326,-0.531323608659683
H86,2,1,L2L 2nd,2,NA,92,NA,NA,NA,NA,NA,NA,NA,NA,NA,NA,NA,Selection,FCT-02,1,NA,NA,NA,NA,NA,NA,NA,Subjunctive,NA,NA,ver,1611795,Irregular,L2L,2nd,Late,No,NA,0,92,2026,1,NA,0.9536497279755688,NA,-1.3817749943983892,-1.5205947563725386
H86,2,1,L2L 2nd,2,NA,92,NA,NA,NA,NA,NA,NA,NA,NA,NA,NA,NA,Selection,FCT-06,0,NA,NA,NA,NA,NA,NA,NA,Subjunctive,NA,NA,hacer,2726954,Irregular,L2L,2nd,Late,No,NA,0,92,2026,0,NA,2.266580427947476,NA,-1.3817749943983892,-1.5205947563725386
H86,2,1,L2L 2nd,2,NA,92,NA,NA,NA,NA,NA,NA,NA,NA,NA,NA,NA,Selection,FCT-10,0,NA,NA,NA,NA,NA,NA,NA,Subjunctive,NA,NA,comer,213756,Regular,L2L,2nd,Late,No,NA,0,92,2026,0,NA,-0.6923292964129041,NA,-1.3817749943983892,-1.5205947563725386
H86,2,1,L2L 2nd,2,NA,92,NA,NA,NA,NA,NA,NA,NA,NA,NA,NA,NA,Selection,FCT-14,1,NA,NA,NA,NA,NA,NA,NA,Subjunctive,NA,NA,ir,603647,Irregular,L2L,2nd,Late,No,NA,0,92,2026,1,NA,-0.23329173895002495,NA,-1.3817749943983892,-1.5205947563725386
H86,2,1,L2L 2nd,2,NA,92,NA,NA,NA,NA,NA,NA,NA,NA,NA,NA,NA,Selection,FCT-18,1,NA,NA,NA,NA,NA,NA,NA,Subjunctive,NA,NA,abrir,143932,Regular,L2L,2nd,Late,No,NA,0,92,2026,1,NA,-0.7745364733220609,NA,-1.3817749943983892,-1.5205947563725386
H86,2,1,L2L 2nd,2,NA,92,NA,NA,NA,NA,NA,NA,NA,NA,NA,NA,NA,Selection,FCT-22,1,NA,NA,NA,NA,NA,NA,NA,Subjunctive,NA,NA,poner,514285,Irregular,L2L,2nd,Late,No,NA,0,92,2026,1,NA,-0.33850194952169194,NA,-1.3817749943983892,-1.5205947563725386
H86,2,1,L2L 2nd,2,NA,92,NA,NA,NA,NA,NA,NA,NA,NA,NA,NA,NA,Selection,FCT-26,0,NA,NA,NA,NA,NA,NA,NA,Subjunctive,NA,NA,escribir,265684,Regular,L2L,2nd,Late,No,NA,0,92,2026,0,NA,-0.6311919470410735,NA,-1.3817749943983892,-1.5205947563725386
H86,2,1,L2L 2nd,2,NA,92,NA,NA,NA,NA,NA,NA,NA,NA,NA,NA,NA,Selection,FCT-28,0,NA,NA,NA,NA,NA,NA,NA,Subjunctive,NA,NA,salir,334324,Irregular,L2L,2nd,Late,No,NA,0,92,2026,0,NA,-0.5503787506752892,NA,-1.3817749943983892,-1.5205947563725386
H87,2,1,NA,3,NA,110,NA,NA,NA,NA,NA,NA,NA,NA,NA,NA,NA,Selection,FCT-02,1,NA,NA,NA,NA,NA,NA,NA,Subjunctive,NA,NA,ver,1611795,Irregular,L2L,NA,Late,No,NA,0,110,2026,1,NA,0.9536497279755688,NA,-0.6924435597225671,-0.8846347328428457
H87,2,1,NA,3,NA,110,NA,NA,NA,NA,NA,NA,NA,NA,NA,NA,NA,Selection,FCT-06,0,NA,NA,NA,NA,NA,NA,NA,Subjunctive,NA,NA,hacer,2726954,Irregular,L2L,NA,Late,No,NA,0,110,2026,0,NA,2.266580427947476,NA,-0.6924435597225671,-0.8846347328428457
H87,2,1,NA,3,NA,110,NA,NA,NA,NA,NA,NA,NA,NA,NA,NA,NA,Selection,FCT-10,0,NA,NA,NA,NA,NA,NA,NA,Subjunctive,NA,NA,comer,213756,Regular,L2L,NA,Late,No,NA,0,110,2026,0,NA,-0.6923292964129041,NA,-0.6924435597225671,-0.8846347328428457
H87,2,1,NA,3,NA,110,NA,NA,NA,NA,NA,NA,NA,NA,NA,NA,NA,Selection,FCT-14,1,NA,NA,NA,NA,NA,NA,NA,Subjunctive,NA,NA,ir,603647,Irregular,L2L,NA,Late,No,NA,0,110,2026,1,NA,-0.23329173895002495,NA,-0.6924435597225671,-0.8846347328428457
H87,2,1,NA,3,NA,110,NA,NA,NA,NA,NA,NA,NA,NA,NA,NA,NA,Selection,FCT-18,0,NA,NA,NA,NA,NA,NA,NA,Subjunctive,NA,NA,abrir,143932,Regular,L2L,NA,Late,No,NA,0,110,2026,0,NA,-0.7745364733220609,NA,-0.6924435597225671,-0.8846347328428457
H87,2,1,NA,3,NA,110,NA,NA,NA,NA,NA,NA,NA,NA,NA,NA,NA,Selection,FCT-22,0,NA,NA,NA,NA,NA,NA,NA,Subjunctive,NA,NA,poner,514285,Irregular,L2L,NA,Late,No,NA,0,110,2026,0,NA,-0.33850194952169194,NA,-0.6924435597225671,-0.8846347328428457
H87,2,1,NA,3,NA,110,NA,NA,NA,NA,NA,NA,NA,NA,NA,NA,NA,Selection,FCT-26,0,NA,NA,NA,NA,NA,NA,NA,Subjunctive,NA,NA,escribir,265684,Regular,L2L,NA,Late,No,NA,0,110,2026,0,NA,-0.6311919470410735,NA,-0.6924435597225671,-0.8846347328428457
H87,2,1,NA,3,NA,110,NA,NA,NA,NA,NA,NA,NA,NA,NA,NA,NA,Selection,FCT-28,0,NA,NA,NA,NA,NA,NA,NA,Subjunctive,NA,NA,salir,334324,Irregular,L2L,NA,Late,No,NA,0,110,2026,0,NA,-0.5503787506752892,NA,-0.6924435597225671,-0.8846347328428457
H88,2,1,NA,3,NA,109,NA,NA,NA,NA,NA,NA,NA,NA,NA,NA,NA,Selection,FCT-02,0,NA,NA,NA,NA,NA,NA,NA,Subjunctive,NA,NA,ver,1611795,Irregular,HS,NA,Late,No,NA,0,109,2026,0,NA,0.9536497279755688,NA,-0.7307397505378905,-0.919965845261162
H88,2,1,NA,3,NA,109,NA,NA,NA,NA,NA,NA,NA,NA,NA,NA,NA,Selection,FCT-06,1,NA,NA,NA,NA,NA,NA,NA,Subjunctive,NA,NA,hacer,2726954,Irregular,HS,NA,Late,No,NA,0,109,2026,1,NA,2.266580427947476,NA,-0.7307397505378905,-0.919965845261162
H88,2,1,NA,3,NA,109,NA,NA,NA,NA,NA,NA,NA,NA,NA,NA,NA,Selection,FCT-10,0,NA,NA,NA,NA,NA,NA,NA,Subjunctive,NA,NA,comer,213756,Regular,HS,NA,Late,No,NA,0,109,2026,0,NA,-0.6923292964129041,NA,-0.7307397505378905,-0.919965845261162
H88,2,1,NA,3,NA,109,NA,NA,NA,NA,NA,NA,NA,NA,NA,NA,NA,Selection,FCT-14,0,NA,NA,NA,NA,NA,NA,NA,Subjunctive,NA,NA,ir,603647,Irregular,HS,NA,Late,No,NA,0,109,2026,0,NA,-0.23329173895002495,NA,-0.7307397505378905,-0.919965845261162
H88,2,1,NA,3,NA,109,NA,NA,NA,NA,NA,NA,NA,NA,NA,NA,NA,Selection,FCT-18,1,NA,NA,NA,NA,NA,NA,NA,Subjunctive,NA,NA,abrir,143932,Regular,HS,NA,Late,No,NA,0,109,2026,1,NA,-0.7745364733220609,NA,-0.7307397505378905,-0.919965845261162
H88,2,1,NA,3,NA,109,NA,NA,NA,NA,NA,NA,NA,NA,NA,NA,NA,Selection,FCT-22,0,NA,NA,NA,NA,NA,NA,NA,Subjunctive,NA,NA,poner,514285,Irregular,HS,NA,Late,No,NA,0,109,2026,0,NA,-0.33850194952169194,NA,-0.7307397505378905,-0.919965845261162
H88,2,1,NA,3,NA,109,NA,NA,NA,NA,NA,NA,NA,NA,NA,NA,NA,Selection,FCT-26,1,NA,NA,NA,NA,NA,NA,NA,Subjunctive,NA,NA,escribir,265684,Regular,HS,NA,Late,No,NA,0,109,2026,1,NA,-0.6311919470410735,NA,-0.7307397505378905,-0.919965845261162
H88,2,1,NA,3,NA,109,NA,NA,NA,NA,NA,NA,NA,NA,NA,NA,NA,Selection,FCT-28,0,NA,NA,NA,NA,NA,NA,NA,Subjunctive,NA,NA,salir,334324,Irregular,HS,NA,Late,No,NA,0,109,2026,0,NA,-0.5503787506752892,NA,-0.7307397505378905,-0.919965845261162
H89,2,1,L2L 4th/5th,4,NA,120,NA,NA,NA,NA,NA,NA,NA,NA,NA,NA,NA,Selection,FCT-02,1,NA,NA,NA,NA,NA,NA,NA,Subjunctive,NA,NA,ver,1611795,Irregular,L2L,4th/5th,Late,No,NA,0,120,2026,1,NA,0.9536497279755688,NA,-0.3094816515693326,-0.531323608659683
H89,2,1,L2L 4th/5th,4,NA,120,NA,NA,NA,NA,NA,NA,NA,NA,NA,NA,NA,Selection,FCT-06,1,NA,NA,NA,NA,NA,NA,NA,Subjunctive,NA,NA,hacer,2726954,Irregular,L2L,4th/5th,Late,No,NA,0,120,2026,1,NA,2.266580427947476,NA,-0.3094816515693326,-0.531323608659683
H89,2,1,L2L 4th/5th,4,NA,120,NA,NA,NA,NA,NA,NA,NA,NA,NA,NA,NA,Selection,FCT-10,1,NA,NA,NA,NA,NA,NA,NA,Subjunctive,NA,NA,comer,213756,Regular,L2L,4th/5th,Late,No,NA,0,120,2026,1,NA,-0.6923292964129041,NA,-0.3094816515693326,-0.531323608659683
H89,2,1,L2L 4th/5th,4,NA,120,NA,NA,NA,NA,NA,NA,NA,NA,NA,NA,NA,Selection,FCT-14,1,NA,NA,NA,NA,NA,NA,NA,Subjunctive,NA,NA,ir,603647,Irregular,L2L,4th/5th,Late,No,NA,0,120,2026,1,NA,-0.23329173895002495,NA,-0.3094816515693326,-0.531323608659683
H89,2,1,L2L 4th/5th,4,NA,120,NA,NA,NA,NA,NA,NA,NA,NA,NA,NA,NA,Selection,FCT-18,0,NA,NA,NA,NA,NA,NA,NA,Subjunctive,NA,NA,abrir,143932,Regular,L2L,4th/5th,Late,No,NA,0,120,2026,0,NA,-0.7745364733220609,NA,-0.3094816515693326,-0.531323608659683
H89,2,1,L2L 4th/5th,4,NA,120,NA,NA,NA,NA,NA,NA,NA,NA,NA,NA,NA,Selection,FCT-22,0,NA,NA,NA,NA,NA,NA,NA,Subjunctive,NA,NA,poner,514285,Irregular,L2L,4th/5th,Late,No,NA,0,120,2026,0,NA,-0.33850194952169194,NA,-0.3094816515693326,-0.531323608659683
H89,2,1,L2L 4th/5th,4,NA,120,NA,NA,NA,NA,NA,NA,NA,NA,NA,NA,NA,Selection,FCT-26,0,NA,NA,NA,NA,NA,NA,NA,Subjunctive,NA,NA,escribir,265684,Regular,L2L,4th/5th,Late,No,NA,0,120,2026,0,NA,-0.6311919470410735,NA,-0.3094816515693326,-0.531323608659683
H89,2,1,L2L 4th/5th,4,NA,120,NA,NA,NA,NA,NA,NA,NA,NA,NA,NA,NA,Selection,FCT-28,1,NA,NA,NA,NA,NA,NA,NA,Subjunctive,NA,NA,salir,334324,Irregular,L2L,4th/5th,Late,No,NA,0,120,2026,1,NA,-0.5503787506752892,NA,-0.3094816515693326,-0.531323608659683
H90,2,1,L2L 4th/5th,4,NA,122,NA,NA,NA,NA,NA,NA,NA,NA,NA,NA,NA,Selection,FCT-02,1,NA,NA,NA,NA,NA,NA,NA,Subjunctive,NA,NA,ver,1611795,Irregular,L2L,4th/5th,Late,No,NA,0,122,2026,1,NA,0.9536497279755688,NA,-0.2328892699386857,-0.4606613838230504
H90,2,1,L2L 4th/5th,4,NA,122,NA,NA,NA,NA,NA,NA,NA,NA,NA,NA,NA,Selection,FCT-06,0,NA,NA,NA,NA,NA,NA,NA,Subjunctive,NA,NA,hacer,2726954,Irregular,L2L,4th/5th,Late,No,NA,0,122,2026,0,NA,2.266580427947476,NA,-0.2328892699386857,-0.4606613838230504
H90,2,1,L2L 4th/5th,4,NA,122,NA,NA,NA,NA,NA,NA,NA,NA,NA,NA,NA,Selection,FCT-10,0,NA,NA,NA,NA,NA,NA,NA,Subjunctive,NA,NA,comer,213756,Regular,L2L,4th/5th,Late,No,NA,0,122,2026,0,NA,-0.6923292964129041,NA,-0.2328892699386857,-0.4606613838230504
H90,2,1,L2L 4th/5th,4,NA,122,NA,NA,NA,NA,NA,NA,NA,NA,NA,NA,NA,Selection,FCT-14,0,NA,NA,NA,NA,NA,NA,NA,Subjunctive,NA,NA,ir,603647,Irregular,L2L,4th/5th,Late,No,NA,0,122,2026,0,NA,-0.23329173895002495,NA,-0.2328892699386857,-0.4606613838230504
H90,2,1,L2L 4th/5th,4,NA,122,NA,NA,NA,NA,NA,NA,NA,NA,NA,NA,NA,Selection,FCT-18,0,NA,NA,NA,NA,NA,NA,NA,Subjunctive,NA,NA,abrir,143932,Regular,L2L,4th/5th,Late,No,NA,0,122,2026,0,NA,-0.7745364733220609,NA,-0.2328892699386857,-0.4606613838230504
H90,2,1,L2L 4th/5th,4,NA,122,NA,NA,NA,NA,NA,NA,NA,NA,NA,NA,NA,Selection,FCT-22,1,NA,NA,NA,NA,NA,NA,NA,Subjunctive,NA,NA,poner,514285,Irregular,L2L,4th/5th,Late,No,NA,0,122,2026,1,NA,-0.33850194952169194,NA,-0.2328892699386857,-0.4606613838230504
H90,2,1,L2L 4th/5th,4,NA,122,NA,NA,NA,NA,NA,NA,NA,NA,NA,NA,NA,Selection,FCT-26,1,NA,NA,NA,NA,NA,NA,NA,Subjunctive,NA,NA,escribir,265684,Regular,L2L,4th/5th,Late,No,NA,0,122,2026,1,NA,-0.6311919470410735,NA,-0.2328892699386857,-0.4606613838230504
H90,2,1,L2L 4th/5th,4,NA,122,NA,NA,NA,NA,NA,NA,NA,NA,NA,NA,NA,Selection,FCT-28,1,NA,NA,NA,NA,NA,NA,NA,Subjunctive,NA,NA,salir,334324,Irregular,L2L,4th/5th,Late,No,NA,0,122,2026,1,NA,-0.5503787506752892,NA,-0.2328892699386857,-0.4606613838230504
H91,1,1,L2L 2nd,2,NA,102,NA,NA,NA,NA,NA,NA,NA,NA,NA,NA,NA,Selection,FCT-02,0,NA,NA,NA,NA,NA,NA,NA,Subjunctive,NA,NA,ver,1611795,Irregular,L2L,2nd,Late,No,NA,0,102,2023,0,NA,0.9536497279755688,NA,-0.9988130862451546,-1.1672836321893758
H91,1,1,L2L 2nd,2,NA,102,NA,NA,NA,NA,NA,NA,NA,NA,NA,NA,NA,Selection,FCT-06,0,NA,NA,NA,NA,NA,NA,NA,Subjunctive,NA,NA,hacer,2726954,Irregular,L2L,2nd,Late,No,NA,0,102,2023,0,NA,2.266580427947476,NA,-0.9988130862451546,-1.1672836321893758
H91,1,1,L2L 2nd,2,NA,102,NA,NA,NA,NA,NA,NA,NA,NA,NA,NA,NA,Selection,FCT-10,0,NA,NA,NA,NA,NA,NA,NA,Subjunctive,NA,NA,comer,213756,Regular,L2L,2nd,Late,No,NA,0,102,2023,0,NA,-0.6923292964129041,NA,-0.9988130862451546,-1.1672836321893758
H91,1,1,L2L 2nd,2,NA,102,NA,NA,NA,NA,NA,NA,NA,NA,NA,NA,NA,Selection,FCT-14,1,NA,NA,NA,NA,NA,NA,NA,Subjunctive,NA,NA,ir,603647,Irregular,L2L,2nd,Late,No,NA,0,102,2023,1,NA,-0.23329173895002495,NA,-0.9988130862451546,-1.1672836321893758
H91,1,1,L2L 2nd,2,NA,102,NA,NA,NA,NA,NA,NA,NA,NA,NA,NA,NA,Selection,FCT-18,0,NA,NA,NA,NA,NA,NA,NA,Subjunctive,NA,NA,abrir,143932,Regular,L2L,2nd,Late,No,NA,0,102,2023,0,NA,-0.7745364733220609,NA,-0.9988130862451546,-1.1672836321893758
H91,1,1,L2L 2nd,2,NA,102,NA,NA,NA,NA,NA,NA,NA,NA,NA,NA,NA,Selection,FCT-22,0,NA,NA,NA,NA,NA,NA,NA,Subjunctive,NA,NA,poner,514285,Irregular,L2L,2nd,Late,No,NA,0,102,2023,0,NA,-0.33850194952169194,NA,-0.9988130862451546,-1.1672836321893758
H91,1,1,L2L 2nd,2,NA,102,NA,NA,NA,NA,NA,NA,NA,NA,NA,NA,NA,Selection,FCT-26,0,NA,NA,NA,NA,NA,NA,NA,Subjunctive,NA,NA,escribir,265684,Regular,L2L,2nd,Late,No,NA,0,102,2023,0,NA,-0.6311919470410735,NA,-0.9988130862451546,-1.1672836321893758
H91,1,1,L2L 2nd,2,NA,102,NA,NA,NA,NA,NA,NA,NA,NA,NA,NA,NA,Selection,FCT-28,0,NA,NA,NA,NA,NA,NA,NA,Subjunctive,NA,NA,salir,334324,Irregular,L2L,2nd,Late,No,NA,0,102,2023,0,NA,-0.5503787506752892,NA,-0.9988130862451546,-1.1672836321893758
H93,2,1,NA,6,NA,146,NA,NA,NA,NA,NA,NA,NA,NA,NA,NA,NA,Selection,FCT-02,1,NA,NA,NA,NA,NA,NA,NA,Subjunctive,NA,NA,ver,1611795,Irregular,L2L,NA,Late,No,NA,0,146,2026,1,NA,0.9536497279755688,NA,0.6862193096290771,0.3872853142165403
H93,2,1,NA,6,NA,146,NA,NA,NA,NA,NA,NA,NA,NA,NA,NA,NA,Selection,FCT-06,1,NA,NA,NA,NA,NA,NA,NA,Subjunctive,NA,NA,hacer,2726954,Irregular,L2L,NA,Late,No,NA,0,146,2026,1,NA,2.266580427947476,NA,0.6862193096290771,0.3872853142165403
H93,2,1,NA,6,NA,146,NA,NA,NA,NA,NA,NA,NA,NA,NA,NA,NA,Selection,FCT-10,1,NA,NA,NA,NA,NA,NA,NA,Subjunctive,NA,NA,comer,213756,Regular,L2L,NA,Late,No,NA,0,146,2026,1,NA,-0.6923292964129041,NA,0.6862193096290771,0.3872853142165403
H93,2,1,NA,6,NA,146,NA,NA,NA,NA,NA,NA,NA,NA,NA,NA,NA,Selection,FCT-14,1,NA,NA,NA,NA,NA,NA,NA,Subjunctive,NA,NA,ir,603647,Irregular,L2L,NA,Late,No,NA,0,146,2026,1,NA,-0.23329173895002495,NA,0.6862193096290771,0.3872853142165403
H93,2,1,NA,6,NA,146,NA,NA,NA,NA,NA,NA,NA,NA,NA,NA,NA,Selection,FCT-18,0,NA,NA,NA,NA,NA,NA,NA,Subjunctive,NA,NA,abrir,143932,Regular,L2L,NA,Late,No,NA,0,146,2026,0,NA,-0.7745364733220609,NA,0.6862193096290771,0.3872853142165403
H93,2,1,NA,6,NA,146,NA,NA,NA,NA,NA,NA,NA,NA,NA,NA,NA,Selection,FCT-22,0,NA,NA,NA,NA,NA,NA,NA,Subjunctive,NA,NA,poner,514285,Irregular,L2L,NA,Late,No,NA,0,146,2026,0,NA,-0.33850194952169194,NA,0.6862193096290771,0.3872853142165403
H93,2,1,NA,6,NA,146,NA,NA,NA,NA,NA,NA,NA,NA,NA,NA,NA,Selection,FCT-26,0,NA,NA,NA,NA,NA,NA,NA,Subjunctive,NA,NA,escribir,265684,Regular,L2L,NA,Late,No,NA,0,146,2026,0,NA,-0.6311919470410735,NA,0.6862193096290771,0.3872853142165403
H93,2,1,NA,6,NA,146,NA,NA,NA,NA,NA,NA,NA,NA,NA,NA,NA,Selection,FCT-28,0,NA,NA,NA,NA,NA,NA,NA,Subjunctive,NA,NA,salir,334324,Irregular,L2L,NA,Late,No,NA,0,146,2026,0,NA,-0.5503787506752892,NA,0.6862193096290771,0.3872853142165403
H94,2,1,NA,6,NA,141,NA,NA,NA,NA,NA,NA,NA,NA,NA,NA,NA,Selection,FCT-02,0,NA,NA,NA,NA,NA,NA,NA,Subjunctive,NA,NA,ver,1611795,Irregular,L2L,NA,Late,No,NA,0,141,2026,0,NA,0.9536497279755688,NA,0.4947383555524599,0.21062975212495888
H94,2,1,NA,6,NA,141,NA,NA,NA,NA,NA,NA,NA,NA,NA,NA,NA,Selection,FCT-06,0,NA,NA,NA,NA,NA,NA,NA,Subjunctive,NA,NA,hacer,2726954,Irregular,L2L,NA,Late,No,NA,0,141,2026,0,NA,2.266580427947476,NA,0.4947383555524599,0.21062975212495888
H94,2,1,NA,6,NA,141,NA,NA,NA,NA,NA,NA,NA,NA,NA,NA,NA,Selection,FCT-10,0,NA,NA,NA,NA,NA,NA,NA,Subjunctive,NA,NA,comer,213756,Regular,L2L,NA,Late,No,NA,0,141,2026,0,NA,-0.6923292964129041,NA,0.4947383555524599,0.21062975212495888
H94,2,1,NA,6,NA,141,NA,NA,NA,NA,NA,NA,NA,NA,NA,NA,NA,Selection,FCT-14,1,NA,NA,NA,NA,NA,NA,NA,Subjunctive,NA,NA,ir,603647,Irregular,L2L,NA,Late,No,NA,0,141,2026,1,NA,-0.23329173895002495,NA,0.4947383555524599,0.21062975212495888
H94,2,1,NA,6,NA,141,NA,NA,NA,NA,NA,NA,NA,NA,NA,NA,NA,Selection,FCT-18,1,NA,NA,NA,NA,NA,NA,NA,Subjunctive,NA,NA,abrir,143932,Regular,L2L,NA,Late,No,NA,0,141,2026,1,NA,-0.7745364733220609,NA,0.4947383555524599,0.21062975212495888
H94,2,1,NA,6,NA,141,NA,NA,NA,NA,NA,NA,NA,NA,NA,NA,NA,Selection,FCT-22,0,NA,NA,NA,NA,NA,NA,NA,Subjunctive,NA,NA,poner,514285,Irregular,L2L,NA,Late,No,NA,0,141,2026,0,NA,-0.33850194952169194,NA,0.4947383555524599,0.21062975212495888
H94,2,1,NA,6,NA,141,NA,NA,NA,NA,NA,NA,NA,NA,NA,NA,NA,Selection,FCT-26,0,NA,NA,NA,NA,NA,NA,NA,Subjunctive,NA,NA,escribir,265684,Regular,L2L,NA,Late,No,NA,0,141,2026,0,NA,-0.6311919470410735,NA,0.4947383555524599,0.21062975212495888
H94,2,1,NA,6,NA,141,NA,NA,NA,NA,NA,NA,NA,NA,NA,NA,NA,Selection,FCT-28,0,NA,NA,NA,NA,NA,NA,NA,Subjunctive,NA,NA,salir,334324,Irregular,L2L,NA,Late,No,NA,0,141,2026,0,NA,-0.5503787506752892,NA,0.4947383555524599,0.21062975212495888
H95,2,1,L2L 7th/8th,8,NA,173,NA,NA,NA,NA,NA,NA,NA,NA,NA,NA,NA,Selection,FCT-02,0,NA,NA,NA,NA,NA,NA,NA,Subjunctive,NA,NA,ver,1611795,Irregular,L2L,7th/8th,Late,No,NA,0,173,2026,0,NA,0.9536497279755688,NA,1.7202164616428102,1.3412253495110797
H95,2,1,L2L 7th/8th,8,NA,173,NA,NA,NA,NA,NA,NA,NA,NA,NA,NA,NA,Selection,FCT-06,1,NA,NA,NA,NA,NA,NA,NA,Subjunctive,NA,NA,hacer,2726954,Irregular,L2L,7th/8th,Late,No,NA,0,173,2026,1,NA,2.266580427947476,NA,1.7202164616428102,1.3412253495110797
H95,2,1,L2L 7th/8th,8,NA,173,NA,NA,NA,NA,NA,NA,NA,NA,NA,NA,NA,Selection,FCT-10,0,NA,NA,NA,NA,NA,NA,NA,Subjunctive,NA,NA,comer,213756,Regular,L2L,7th/8th,Late,No,NA,0,173,2026,0,NA,-0.6923292964129041,NA,1.7202164616428102,1.3412253495110797
H95,2,1,L2L 7th/8th,8,NA,173,NA,NA,NA,NA,NA,NA,NA,NA,NA,NA,NA,Selection,FCT-14,1,NA,NA,NA,NA,NA,NA,NA,Subjunctive,NA,NA,ir,603647,Irregular,L2L,7th/8th,Late,No,NA,0,173,2026,1,NA,-0.23329173895002495,NA,1.7202164616428102,1.3412253495110797
H95,2,1,L2L 7th/8th,8,NA,173,NA,NA,NA,NA,NA,NA,NA,NA,NA,NA,NA,Selection,FCT-18,1,NA,NA,NA,NA,NA,NA,NA,Subjunctive,NA,NA,abrir,143932,Regular,L2L,7th/8th,Late,No,NA,0,173,2026,1,NA,-0.7745364733220609,NA,1.7202164616428102,1.3412253495110797
H95,2,1,L2L 7th/8th,8,NA,173,NA,NA,NA,NA,NA,NA,NA,NA,NA,NA,NA,Selection,FCT-22,0,NA,NA,NA,NA,NA,NA,NA,Subjunctive,NA,NA,poner,514285,Irregular,L2L,7th/8th,Late,No,NA,0,173,2026,0,NA,-0.33850194952169194,NA,1.7202164616428102,1.3412253495110797
H95,2,1,L2L 7th/8th,8,NA,173,NA,NA,NA,NA,NA,NA,NA,NA,NA,NA,NA,Selection,FCT-26,0,NA,NA,NA,NA,NA,NA,NA,Subjunctive,NA,NA,escribir,265684,Regular,L2L,7th/8th,Late,No,NA,0,173,2026,0,NA,-0.6311919470410735,NA,1.7202164616428102,1.3412253495110797
H95,2,1,L2L 7th/8th,8,NA,173,NA,NA,NA,NA,NA,NA,NA,NA,NA,NA,NA,Selection,FCT-28,1,NA,NA,NA,NA,NA,NA,NA,Subjunctive,NA,NA,salir,334324,Irregular,L2L,7th/8th,Late,No,NA,0,173,2026,1,NA,-0.5503787506752892,NA,1.7202164616428102,1.3412253495110797
H96,2,1,L2L 7th/8th,8,NA,175,NA,NA,NA,NA,NA,NA,NA,NA,NA,NA,NA,Selection,FCT-02,1,NA,NA,NA,NA,NA,NA,NA,Subjunctive,NA,NA,ver,1611795,Irregular,L2L,7th/8th,Late,No,NA,0,175,2026,1,NA,0.9536497279755688,NA,1.7968088432734572,1.4118875743477124
H96,2,1,L2L 7th/8th,8,NA,175,NA,NA,NA,NA,NA,NA,NA,NA,NA,NA,NA,Selection,FCT-06,1,NA,NA,NA,NA,NA,NA,NA,Subjunctive,NA,NA,hacer,2726954,Irregular,L2L,7th/8th,Late,No,NA,0,175,2026,1,NA,2.266580427947476,NA,1.7968088432734572,1.4118875743477124
H96,2,1,L2L 7th/8th,8,NA,175,NA,NA,NA,NA,NA,NA,NA,NA,NA,NA,NA,Selection,FCT-10,0,NA,NA,NA,NA,NA,NA,NA,Subjunctive,NA,NA,comer,213756,Regular,L2L,7th/8th,Late,No,NA,0,175,2026,0,NA,-0.6923292964129041,NA,1.7968088432734572,1.4118875743477124
H96,2,1,L2L 7th/8th,8,NA,175,NA,NA,NA,NA,NA,NA,NA,NA,NA,NA,NA,Selection,FCT-14,1,NA,NA,NA,NA,NA,NA,NA,Subjunctive,NA,NA,ir,603647,Irregular,L2L,7th/8th,Late,No,NA,0,175,2026,1,NA,-0.23329173895002495,NA,1.7968088432734572,1.4118875743477124
H96,2,1,L2L 7th/8th,8,NA,175,NA,NA,NA,NA,NA,NA,NA,NA,NA,NA,NA,Selection,FCT-18,1,NA,NA,NA,NA,NA,NA,NA,Subjunctive,NA,NA,abrir,143932,Regular,L2L,7th/8th,Late,No,NA,0,175,2026,1,NA,-0.7745364733220609,NA,1.7968088432734572,1.4118875743477124
H96,2,1,L2L 7th/8th,8,NA,175,NA,NA,NA,NA,NA,NA,NA,NA,NA,NA,NA,Selection,FCT-22,1,NA,NA,NA,NA,NA,NA,NA,Subjunctive,NA,NA,poner,514285,Irregular,L2L,7th/8th,Late,No,NA,0,175,2026,1,NA,-0.33850194952169194,NA,1.7968088432734572,1.4118875743477124
H96,2,1,L2L 7th/8th,8,NA,175,NA,NA,NA,NA,NA,NA,NA,NA,NA,NA,NA,Selection,FCT-26,0,NA,NA,NA,NA,NA,NA,NA,Subjunctive,NA,NA,escribir,265684,Regular,L2L,7th/8th,Late,No,NA,0,175,2026,0,NA,-0.6311919470410735,NA,1.7968088432734572,1.4118875743477124
H96,2,1,L2L 7th/8th,8,NA,175,NA,NA,NA,NA,NA,NA,NA,NA,NA,NA,NA,Selection,FCT-28,1,NA,NA,NA,NA,NA,NA,NA,Subjunctive,NA,NA,salir,334324,Irregular,L2L,7th/8th,Late,No,NA,0,175,2026,1,NA,-0.5503787506752892,NA,1.7968088432734572,1.4118875743477124
H97,2,1,NA,6,NA,141,NA,NA,NA,NA,NA,NA,NA,NA,NA,NA,NA,Selection,FCT-02,1,NA,NA,NA,NA,NA,NA,NA,Subjunctive,NA,NA,ver,1611795,Irregular,L2L,NA,Late,No,NA,0,141,2026,1,NA,0.9536497279755688,NA,0.4947383555524599,0.21062975212495888
H97,2,1,NA,6,NA,141,NA,NA,NA,NA,NA,NA,NA,NA,NA,NA,NA,Selection,FCT-06,0,NA,NA,NA,NA,NA,NA,NA,Subjunctive,NA,NA,hacer,2726954,Irregular,L2L,NA,Late,No,NA,0,141,2026,0,NA,2.266580427947476,NA,0.4947383555524599,0.21062975212495888
H97,2,1,NA,6,NA,141,NA,NA,NA,NA,NA,NA,NA,NA,NA,NA,NA,Selection,FCT-10,0,NA,NA,NA,NA,NA,NA,NA,Subjunctive,NA,NA,comer,213756,Regular,L2L,NA,Late,No,NA,0,141,2026,0,NA,-0.6923292964129041,NA,0.4947383555524599,0.21062975212495888
H97,2,1,NA,6,NA,141,NA,NA,NA,NA,NA,NA,NA,NA,NA,NA,NA,Selection,FCT-14,1,NA,NA,NA,NA,NA,NA,NA,Subjunctive,NA,NA,ir,603647,Irregular,L2L,NA,Late,No,NA,0,141,2026,1,NA,-0.23329173895002495,NA,0.4947383555524599,0.21062975212495888
H97,2,1,NA,6,NA,141,NA,NA,NA,NA,NA,NA,NA,NA,NA,NA,NA,Selection,FCT-18,0,NA,NA,NA,NA,NA,NA,NA,Subjunctive,NA,NA,abrir,143932,Regular,L2L,NA,Late,No,NA,0,141,2026,0,NA,-0.7745364733220609,NA,0.4947383555524599,0.21062975212495888
H97,2,1,NA,6,NA,141,NA,NA,NA,NA,NA,NA,NA,NA,NA,NA,NA,Selection,FCT-22,1,NA,NA,NA,NA,NA,NA,NA,Subjunctive,NA,NA,poner,514285,Irregular,L2L,NA,Late,No,NA,0,141,2026,1,NA,-0.33850194952169194,NA,0.4947383555524599,0.21062975212495888
H97,2,1,NA,6,NA,141,NA,NA,NA,NA,NA,NA,NA,NA,NA,NA,NA,Selection,FCT-26,1,NA,NA,NA,NA,NA,NA,NA,Subjunctive,NA,NA,escribir,265684,Regular,L2L,NA,Late,No,NA,0,141,2026,1,NA,-0.6311919470410735,NA,0.4947383555524599,0.21062975212495888
H97,2,1,NA,6,NA,141,NA,NA,NA,NA,NA,NA,NA,NA,NA,NA,NA,Selection,FCT-28,1,NA,NA,NA,NA,NA,NA,NA,Subjunctive,NA,NA,salir,334324,Irregular,L2L,NA,Late,No,NA,0,141,2026,1,NA,-0.5503787506752892,NA,0.4947383555524599,0.21062975212495888
H98,2,1,NA,6,NA,150,NA,NA,NA,NA,NA,NA,NA,Heritage Spanish,NA,NA,NA,Selection,FCT-02,1,NA,NA,NA,NA,NA,NA,NA,Subjunctive,NA,NA,ver,1611795,Irregular,HS,NA,Late,No,NA,0,150,2026,1,NA,0.9536497279755688,NA,0.8394040728903709,0.5286097638898054
H98,2,1,NA,6,NA,150,NA,NA,NA,NA,NA,NA,NA,Heritage Spanish,NA,NA,NA,Selection,FCT-06,1,NA,NA,NA,NA,NA,NA,NA,Subjunctive,NA,NA,hacer,2726954,Irregular,HS,NA,Late,No,NA,0,150,2026,1,NA,2.266580427947476,NA,0.8394040728903709,0.5286097638898054
H98,2,1,NA,6,NA,150,NA,NA,NA,NA,NA,NA,NA,Heritage Spanish,NA,NA,NA,Selection,FCT-10,0,NA,NA,NA,NA,NA,NA,NA,Subjunctive,NA,NA,comer,213756,Regular,HS,NA,Late,No,NA,0,150,2026,0,NA,-0.6923292964129041,NA,0.8394040728903709,0.5286097638898054
H98,2,1,NA,6,NA,150,NA,NA,NA,NA,NA,NA,NA,Heritage Spanish,NA,NA,NA,Selection,FCT-14,0,NA,NA,NA,NA,NA,NA,NA,Subjunctive,NA,NA,ir,603647,Irregular,HS,NA,Late,No,NA,0,150,2026,0,NA,-0.23329173895002495,NA,0.8394040728903709,0.5286097638898054
H98,2,1,NA,6,NA,150,NA,NA,NA,NA,NA,NA,NA,Heritage Spanish,NA,NA,NA,Selection,FCT-18,0,NA,NA,NA,NA,NA,NA,NA,Subjunctive,NA,NA,abrir,143932,Regular,HS,NA,Late,No,NA,0,150,2026,0,NA,-0.7745364733220609,NA,0.8394040728903709,0.5286097638898054
H98,2,1,NA,6,NA,150,NA,NA,NA,NA,NA,NA,NA,Heritage Spanish,NA,NA,NA,Selection,FCT-22,1,NA,NA,NA,NA,NA,NA,NA,Subjunctive,NA,NA,poner,514285,Irregular,HS,NA,Late,No,NA,0,150,2026,1,NA,-0.33850194952169194,NA,0.8394040728903709,0.5286097638898054
H98,2,1,NA,6,NA,150,NA,NA,NA,NA,NA,NA,NA,Heritage Spanish,NA,NA,NA,Selection,FCT-26,0,NA,NA,NA,NA,NA,NA,NA,Subjunctive,NA,NA,escribir,265684,Regular,HS,NA,Late,No,NA,0,150,2026,0,NA,-0.6311919470410735,NA,0.8394040728903709,0.5286097638898054
H98,2,1,NA,6,NA,150,NA,NA,NA,NA,NA,NA,NA,Heritage Spanish,NA,NA,NA,Selection,FCT-28,1,NA,NA,NA,NA,NA,NA,NA,Subjunctive,NA,NA,salir,334324,Irregular,HS,NA,Late,No,NA,0,150,2026,1,NA,-0.5503787506752892,NA,0.8394040728903709,0.5286097638898054
H99,2,1,NA,6,NA,144,NA,NA,NA,NA,NA,NA,NA,NA,NA,NA,NA,Selection,FCT-02,1,NA,NA,NA,NA,NA,NA,NA,Subjunctive,NA,NA,ver,1611795,Irregular,L2L,NA,Late,No,NA,0,144,2026,1,NA,0.9536497279755688,NA,0.6096269279984302,0.3166230893799077
H99,2,1,NA,6,NA,144,NA,NA,NA,NA,NA,NA,NA,NA,NA,NA,NA,Selection,FCT-06,0,NA,NA,NA,NA,NA,NA,NA,Subjunctive,NA,NA,hacer,2726954,Irregular,L2L,NA,Late,No,NA,0,144,2026,0,NA,2.266580427947476,NA,0.6096269279984302,0.3166230893799077
H99,2,1,NA,6,NA,144,NA,NA,NA,NA,NA,NA,NA,NA,NA,NA,NA,Selection,FCT-10,0,NA,NA,NA,NA,NA,NA,NA,Subjunctive,NA,NA,comer,213756,Regular,L2L,NA,Late,No,NA,0,144,2026,0,NA,-0.6923292964129041,NA,0.6096269279984302,0.3166230893799077
H99,2,1,NA,6,NA,144,NA,NA,NA,NA,NA,NA,NA,NA,NA,NA,NA,Selection,FCT-14,1,NA,NA,NA,NA,NA,NA,NA,Subjunctive,NA,NA,ir,603647,Irregular,L2L,NA,Late,No,NA,0,144,2026,1,NA,-0.23329173895002495,NA,0.6096269279984302,0.3166230893799077
H99,2,1,NA,6,NA,144,NA,NA,NA,NA,NA,NA,NA,NA,NA,NA,NA,Selection,FCT-18,1,NA,NA,NA,NA,NA,NA,NA,Subjunctive,NA,NA,abrir,143932,Regular,L2L,NA,Late,No,NA,0,144,2026,1,NA,-0.7745364733220609,NA,0.6096269279984302,0.3166230893799077
H99,2,1,NA,6,NA,144,NA,NA,NA,NA,NA,NA,NA,NA,NA,NA,NA,Selection,FCT-22,0,NA,NA,NA,NA,NA,NA,NA,Subjunctive,NA,NA,poner,514285,Irregular,L2L,NA,Late,No,NA,0,144,2026,0,NA,-0.33850194952169194,NA,0.6096269279984302,0.3166230893799077
H99,2,1,NA,6,NA,144,NA,NA,NA,NA,NA,NA,NA,NA,NA,NA,NA,Selection,FCT-26,0,NA,NA,NA,NA,NA,NA,NA,Subjunctive,NA,NA,escribir,265684,Regular,L2L,NA,Late,No,NA,0,144,2026,0,NA,-0.6311919470410735,NA,0.6096269279984302,0.3166230893799077
H99,2,1,NA,6,NA,144,NA,NA,NA,NA,NA,NA,NA,NA,NA,NA,NA,Selection,FCT-28,1,NA,NA,NA,NA,NA,NA,NA,Subjunctive,NA,NA,salir,334324,Irregular,L2L,NA,Late,No,NA,0,144,2026,1,NA,-0.5503787506752892,NA,0.6096269279984302,0.3166230893799077
H100,2,1,NA,6,NA,150,NA,NA,NA,NA,NA,NA,NA,NA,NA,NA,NA,Selection,FCT-02,0,NA,NA,NA,NA,NA,NA,NA,Subjunctive,NA,NA,ver,1611795,Irregular,L2L,NA,Late,No,NA,0,150,2026,0,NA,0.9536497279755688,NA,0.8394040728903709,0.5286097638898054
H100,2,1,NA,6,NA,150,NA,NA,NA,NA,NA,NA,NA,NA,NA,NA,NA,Selection,FCT-06,0,NA,NA,NA,NA,NA,NA,NA,Subjunctive,NA,NA,hacer,2726954,Irregular,L2L,NA,Late,No,NA,0,150,2026,0,NA,2.266580427947476,NA,0.8394040728903709,0.5286097638898054
H100,2,1,NA,6,NA,150,NA,NA,NA,NA,NA,NA,NA,NA,NA,NA,NA,Selection,FCT-10,0,NA,NA,NA,NA,NA,NA,NA,Subjunctive,NA,NA,comer,213756,Regular,L2L,NA,Late,No,NA,0,150,2026,0,NA,-0.6923292964129041,NA,0.8394040728903709,0.5286097638898054
H100,2,1,NA,6,NA,150,NA,NA,NA,NA,NA,NA,NA,NA,NA,NA,NA,Selection,FCT-14,1,NA,NA,NA,NA,NA,NA,NA,Subjunctive,NA,NA,ir,603647,Irregular,L2L,NA,Late,No,NA,0,150,2026,1,NA,-0.23329173895002495,NA,0.8394040728903709,0.5286097638898054
H100,2,1,NA,6,NA,150,NA,NA,NA,NA,NA,NA,NA,NA,NA,NA,NA,Selection,FCT-18,0,NA,NA,NA,NA,NA,NA,NA,Subjunctive,NA,NA,abrir,143932,Regular,L2L,NA,Late,No,NA,0,150,2026,0,NA,-0.7745364733220609,NA,0.8394040728903709,0.5286097638898054
H100,2,1,NA,6,NA,150,NA,NA,NA,NA,NA,NA,NA,NA,NA,NA,NA,Selection,FCT-22,0,NA,NA,NA,NA,NA,NA,NA,Subjunctive,NA,NA,poner,514285,Irregular,L2L,NA,Late,No,NA,0,150,2026,0,NA,-0.33850194952169194,NA,0.8394040728903709,0.5286097638898054
H100,2,1,NA,6,NA,150,NA,NA,NA,NA,NA,NA,NA,NA,NA,NA,NA,Selection,FCT-26,1,NA,NA,NA,NA,NA,NA,NA,Subjunctive,NA,NA,escribir,265684,Regular,L2L,NA,Late,No,NA,0,150,2026,1,NA,-0.6311919470410735,NA,0.8394040728903709,0.5286097638898054
H100,2,1,NA,6,NA,150,NA,NA,NA,NA,NA,NA,NA,NA,NA,NA,NA,Selection,FCT-28,0,NA,NA,NA,NA,NA,NA,NA,Subjunctive,NA,NA,salir,334324,Irregular,L2L,NA,Late,No,NA,0,150,2026,0,NA,-0.5503787506752892,NA,0.8394040728903709,0.5286097638898054
H101,2,1,L2L 7th/8th,7,NA,151,NA,NA,NA,NA,NA,NA,NA,"French, Italian",No,Yes,Yes,Selection,FCT-02,0,NA,NA,NA,NA,NA,NA,NA,Subjunctive,NA,NA,ver,1611795,Irregular,L2L,7th/8th,Late,No,NA,0,151,2026,0,NA,0.9536497279755688,NA,0.8777002637056943,0.5639408763081216
H101,2,1,L2L 7th/8th,7,NA,151,NA,NA,NA,NA,NA,NA,NA,"French, Italian",No,Yes,Yes,Selection,FCT-06,1,NA,NA,NA,NA,NA,NA,NA,Subjunctive,NA,NA,hacer,2726954,Irregular,L2L,7th/8th,Late,No,NA,0,151,2026,1,NA,2.266580427947476,NA,0.8777002637056943,0.5639408763081216
H101,2,1,L2L 7th/8th,7,NA,151,NA,NA,NA,NA,NA,NA,NA,"French, Italian",No,Yes,Yes,Selection,FCT-10,1,NA,NA,NA,NA,NA,NA,NA,Subjunctive,NA,NA,comer,213756,Regular,L2L,7th/8th,Late,No,NA,0,151,2026,1,NA,-0.6923292964129041,NA,0.8777002637056943,0.5639408763081216
H101,2,1,L2L 7th/8th,7,NA,151,NA,NA,NA,NA,NA,NA,NA,"French, Italian",No,Yes,Yes,Selection,FCT-14,0,NA,NA,NA,NA,NA,NA,NA,Subjunctive,NA,NA,ir,603647,Irregular,L2L,7th/8th,Late,No,NA,0,151,2026,0,NA,-0.23329173895002495,NA,0.8777002637056943,0.5639408763081216
H101,2,1,L2L 7th/8th,7,NA,151,NA,NA,NA,NA,NA,NA,NA,"French, Italian",No,Yes,Yes,Selection,FCT-18,0,NA,NA,NA,NA,NA,NA,NA,Subjunctive,NA,NA,abrir,143932,Regular,L2L,7th/8th,Late,No,NA,0,151,2026,0,NA,-0.7745364733220609,NA,0.8777002637056943,0.5639408763081216
H101,2,1,L2L 7th/8th,7,NA,151,NA,NA,NA,NA,NA,NA,NA,"French, Italian",No,Yes,Yes,Selection,FCT-22,0,NA,NA,NA,NA,NA,NA,NA,Subjunctive,NA,NA,poner,514285,Irregular,L2L,7th/8th,Late,No,NA,0,151,2026,0,NA,-0.33850194952169194,NA,0.8777002637056943,0.5639408763081216
H101,2,1,L2L 7th/8th,7,NA,151,NA,NA,NA,NA,NA,NA,NA,"French, Italian",No,Yes,Yes,Selection,FCT-26,0,NA,NA,NA,NA,NA,NA,NA,Subjunctive,NA,NA,escribir,265684,Regular,L2L,7th/8th,Late,No,NA,0,151,2026,0,NA,-0.6311919470410735,NA,0.8777002637056943,0.5639408763081216
H101,2,1,L2L 7th/8th,7,NA,151,NA,NA,NA,NA,NA,NA,NA,"French, Italian",No,Yes,Yes,Selection,FCT-28,1,NA,NA,NA,NA,NA,NA,NA,Subjunctive,NA,NA,salir,334324,Irregular,L2L,7th/8th,Late,No,NA,0,151,2026,1,NA,-0.5503787506752892,NA,0.8777002637056943,0.5639408763081216
H102,2,1,NA,3,NA,112,NA,NA,NA,NA,NA,NA,NA,NA,NA,NA,NA,Selection,FCT-02,1,NA,NA,NA,NA,NA,NA,NA,Subjunctive,NA,NA,ver,1611795,Irregular,L2L,NA,Late,No,NA,0,112,2026,1,NA,0.9536497279755688,NA,-0.6158511780919201,-0.8139725080062131
H102,2,1,NA,3,NA,112,NA,NA,NA,NA,NA,NA,NA,NA,NA,NA,NA,Selection,FCT-06,0,NA,NA,NA,NA,NA,NA,NA,Subjunctive,NA,NA,hacer,2726954,Irregular,L2L,NA,Late,No,NA,0,112,2026,0,NA,2.266580427947476,NA,-0.6158511780919201,-0.8139725080062131
H102,2,1,NA,3,NA,112,NA,NA,NA,NA,NA,NA,NA,NA,NA,NA,NA,Selection,FCT-10,1,NA,NA,NA,NA,NA,NA,NA,Subjunctive,NA,NA,comer,213756,Regular,L2L,NA,Late,No,NA,0,112,2026,1,NA,-0.6923292964129041,NA,-0.6158511780919201,-0.8139725080062131
H102,2,1,NA,3,NA,112,NA,NA,NA,NA,NA,NA,NA,NA,NA,NA,NA,Selection,FCT-14,0,NA,NA,NA,NA,NA,NA,NA,Subjunctive,NA,NA,ir,603647,Irregular,L2L,NA,Late,No,NA,0,112,2026,0,NA,-0.23329173895002495,NA,-0.6158511780919201,-0.8139725080062131
H102,2,1,NA,3,NA,112,NA,NA,NA,NA,NA,NA,NA,NA,NA,NA,NA,Selection,FCT-18,0,NA,NA,NA,NA,NA,NA,NA,Subjunctive,NA,NA,abrir,143932,Regular,L2L,NA,Late,No,NA,0,112,2026,0,NA,-0.7745364733220609,NA,-0.6158511780919201,-0.8139725080062131
H102,2,1,NA,3,NA,112,NA,NA,NA,NA,NA,NA,NA,NA,NA,NA,NA,Selection,FCT-22,1,NA,NA,NA,NA,NA,NA,NA,Subjunctive,NA,NA,poner,514285,Irregular,L2L,NA,Late,No,NA,0,112,2026,1,NA,-0.33850194952169194,NA,-0.6158511780919201,-0.8139725080062131
H102,2,1,NA,3,NA,112,NA,NA,NA,NA,NA,NA,NA,NA,NA,NA,NA,Selection,FCT-26,0,NA,NA,NA,NA,NA,NA,NA,Subjunctive,NA,NA,escribir,265684,Regular,L2L,NA,Late,No,NA,0,112,2026,0,NA,-0.6311919470410735,NA,-0.6158511780919201,-0.8139725080062131
H102,2,1,NA,3,NA,112,NA,NA,NA,NA,NA,NA,NA,NA,NA,NA,NA,Selection,FCT-28,0,NA,NA,NA,NA,NA,NA,NA,Subjunctive,NA,NA,salir,334324,Irregular,L2L,NA,Late,No,NA,0,112,2026,0,NA,-0.5503787506752892,NA,-0.6158511780919201,-0.8139725080062131
H103,2,1,L2L 4th/5th,4,NA,127,NA,NA,NA,NA,NA,NA,NA,NA,NA,NA,NA,Selection,FCT-02,0,NA,NA,NA,NA,NA,NA,NA,Subjunctive,NA,NA,ver,1611795,Irregular,L2L,4th/5th,Late,No,NA,0,127,2026,0,NA,0.9536497279755688,NA,-0.041408315862068446,-0.284005821731469
H103,2,1,L2L 4th/5th,4,NA,127,NA,NA,NA,NA,NA,NA,NA,NA,NA,NA,NA,Selection,FCT-06,0,NA,NA,NA,NA,NA,NA,NA,Subjunctive,NA,NA,hacer,2726954,Irregular,L2L,4th/5th,Late,No,NA,0,127,2026,0,NA,2.266580427947476,NA,-0.041408315862068446,-0.284005821731469
H103,2,1,L2L 4th/5th,4,NA,127,NA,NA,NA,NA,NA,NA,NA,NA,NA,NA,NA,Selection,FCT-10,0,NA,NA,NA,NA,NA,NA,NA,Subjunctive,NA,NA,comer,213756,Regular,L2L,4th/5th,Late,No,NA,0,127,2026,0,NA,-0.6923292964129041,NA,-0.041408315862068446,-0.284005821731469
H103,2,1,L2L 4th/5th,4,NA,127,NA,NA,NA,NA,NA,NA,NA,NA,NA,NA,NA,Selection,FCT-14,0,NA,NA,NA,NA,NA,NA,NA,Subjunctive,NA,NA,ir,603647,Irregular,L2L,4th/5th,Late,No,NA,0,127,2026,0,NA,-0.23329173895002495,NA,-0.041408315862068446,-0.284005821731469
H103,2,1,L2L 4th/5th,4,NA,127,NA,NA,NA,NA,NA,NA,NA,NA,NA,NA,NA,Selection,FCT-18,0,NA,NA,NA,NA,NA,NA,NA,Subjunctive,NA,NA,abrir,143932,Regular,L2L,4th/5th,Late,No,NA,0,127,2026,0,NA,-0.7745364733220609,NA,-0.041408315862068446,-0.284005821731469
H103,2,1,L2L 4th/5th,4,NA,127,NA,NA,NA,NA,NA,NA,NA,NA,NA,NA,NA,Selection,FCT-22,0,NA,NA,NA,NA,NA,NA,NA,Subjunctive,NA,NA,poner,514285,Irregular,L2L,4th/5th,Late,No,NA,0,127,2026,0,NA,-0.33850194952169194,NA,-0.041408315862068446,-0.284005821731469
H103,2,1,L2L 4th/5th,4,NA,127,NA,NA,NA,NA,NA,NA,NA,NA,NA,NA,NA,Selection,FCT-26,0,NA,NA,NA,NA,NA,NA,NA,Subjunctive,NA,NA,escribir,265684,Regular,L2L,4th/5th,Late,No,NA,0,127,2026,0,NA,-0.6311919470410735,NA,-0.041408315862068446,-0.284005821731469
H103,2,1,L2L 4th/5th,4,NA,127,NA,NA,NA,NA,NA,NA,NA,NA,NA,NA,NA,Selection,FCT-28,1,NA,NA,NA,NA,NA,NA,NA,Subjunctive,NA,NA,salir,334324,Irregular,L2L,4th/5th,Late,No,NA,0,127,2026,1,NA,-0.5503787506752892,NA,-0.041408315862068446,-0.284005821731469
H104,2,1,L2L 2nd,2,NA,96,NA,NA,NA,NA,NA,NA,NA,NA,NA,NA,NA,Selection,FCT-02,1,NA,NA,NA,NA,NA,NA,NA,Subjunctive,NA,NA,ver,1611795,Irregular,L2L,2nd,Late,No,NA,0,96,2026,1,NA,0.9536497279755688,NA,-1.2285902311370953,-1.3792703066992735
H104,2,1,L2L 2nd,2,NA,96,NA,NA,NA,NA,NA,NA,NA,NA,NA,NA,NA,Selection,FCT-06,0,NA,NA,NA,NA,NA,NA,NA,Subjunctive,NA,NA,hacer,2726954,Irregular,L2L,2nd,Late,No,NA,0,96,2026,0,NA,2.266580427947476,NA,-1.2285902311370953,-1.3792703066992735
H104,2,1,L2L 2nd,2,NA,96,NA,NA,NA,NA,NA,NA,NA,NA,NA,NA,NA,Selection,FCT-10,1,NA,NA,NA,NA,NA,NA,NA,Subjunctive,NA,NA,comer,213756,Regular,L2L,2nd,Late,No,NA,0,96,2026,1,NA,-0.6923292964129041,NA,-1.2285902311370953,-1.3792703066992735
H104,2,1,L2L 2nd,2,NA,96,NA,NA,NA,NA,NA,NA,NA,NA,NA,NA,NA,Selection,FCT-14,0,NA,NA,NA,NA,NA,NA,NA,Subjunctive,NA,NA,ir,603647,Irregular,L2L,2nd,Late,No,NA,0,96,2026,0,NA,-0.23329173895002495,NA,-1.2285902311370953,-1.3792703066992735
H104,2,1,L2L 2nd,2,NA,96,NA,NA,NA,NA,NA,NA,NA,NA,NA,NA,NA,Selection,FCT-18,1,NA,NA,NA,NA,NA,NA,NA,Subjunctive,NA,NA,abrir,143932,Regular,L2L,2nd,Late,No,NA,0,96,2026,1,NA,-0.7745364733220609,NA,-1.2285902311370953,-1.3792703066992735
H104,2,1,L2L 2nd,2,NA,96,NA,NA,NA,NA,NA,NA,NA,NA,NA,NA,NA,Selection,FCT-22,0,NA,NA,NA,NA,NA,NA,NA,Subjunctive,NA,NA,poner,514285,Irregular,L2L,2nd,Late,No,NA,0,96,2026,0,NA,-0.33850194952169194,NA,-1.2285902311370953,-1.3792703066992735
H104,2,1,L2L 2nd,2,NA,96,NA,NA,NA,NA,NA,NA,NA,NA,NA,NA,NA,Selection,FCT-26,0,NA,NA,NA,NA,NA,NA,NA,Subjunctive,NA,NA,escribir,265684,Regular,L2L,2nd,Late,No,NA,0,96,2026,0,NA,-0.6311919470410735,NA,-1.2285902311370953,-1.3792703066992735
H104,2,1,L2L 2nd,2,NA,96,NA,NA,NA,NA,NA,NA,NA,NA,NA,NA,NA,Selection,FCT-28,1,NA,NA,NA,NA,NA,NA,NA,Subjunctive,NA,NA,salir,334324,Irregular,L2L,2nd,Late,No,NA,0,96,2026,1,NA,-0.5503787506752892,NA,-1.2285902311370953,-1.3792703066992735
H105,2,1,L2L 4th/5th,5,NA,129,NA,NA,NA,NA,NA,NA,NA,NA,NA,NA,NA,Selection,FCT-02,1,NA,NA,NA,NA,NA,NA,NA,Subjunctive,NA,NA,ver,1611795,Irregular,L2L,4th/5th,Late,No,NA,0,129,2026,1,NA,0.9536497279755688,NA,0.03518406576857845,-0.21334359689483645
H105,2,1,L2L 4th/5th,5,NA,129,NA,NA,NA,NA,NA,NA,NA,NA,NA,NA,NA,Selection,FCT-06,1,NA,NA,NA,NA,NA,NA,NA,Subjunctive,NA,NA,hacer,2726954,Irregular,L2L,4th/5th,Late,No,NA,0,129,2026,1,NA,2.266580427947476,NA,0.03518406576857845,-0.21334359689483645
H105,2,1,L2L 4th/5th,5,NA,129,NA,NA,NA,NA,NA,NA,NA,NA,NA,NA,NA,Selection,FCT-10,0,NA,NA,NA,NA,NA,NA,NA,Subjunctive,NA,NA,comer,213756,Regular,L2L,4th/5th,Late,No,NA,0,129,2026,0,NA,-0.6923292964129041,NA,0.03518406576857845,-0.21334359689483645
H105,2,1,L2L 4th/5th,5,NA,129,NA,NA,NA,NA,NA,NA,NA,NA,NA,NA,NA,Selection,FCT-14,1,NA,NA,NA,NA,NA,NA,NA,Subjunctive,NA,NA,ir,603647,Irregular,L2L,4th/5th,Late,No,NA,0,129,2026,1,NA,-0.23329173895002495,NA,0.03518406576857845,-0.21334359689483645
H105,2,1,L2L 4th/5th,5,NA,129,NA,NA,NA,NA,NA,NA,NA,NA,NA,NA,NA,Selection,FCT-18,0,NA,NA,NA,NA,NA,NA,NA,Subjunctive,NA,NA,abrir,143932,Regular,L2L,4th/5th,Late,No,NA,0,129,2026,0,NA,-0.7745364733220609,NA,0.03518406576857845,-0.21334359689483645
H105,2,1,L2L 4th/5th,5,NA,129,NA,NA,NA,NA,NA,NA,NA,NA,NA,NA,NA,Selection,FCT-22,1,NA,NA,NA,NA,NA,NA,NA,Subjunctive,NA,NA,poner,514285,Irregular,L2L,4th/5th,Late,No,NA,0,129,2026,1,NA,-0.33850194952169194,NA,0.03518406576857845,-0.21334359689483645
H105,2,1,L2L 4th/5th,5,NA,129,NA,NA,NA,NA,NA,NA,NA,NA,NA,NA,NA,Selection,FCT-26,0,NA,NA,NA,NA,NA,NA,NA,Subjunctive,NA,NA,escribir,265684,Regular,L2L,4th/5th,Late,No,NA,0,129,2026,0,NA,-0.6311919470410735,NA,0.03518406576857845,-0.21334359689483645
H105,2,1,L2L 4th/5th,5,NA,129,NA,NA,NA,NA,NA,NA,NA,NA,NA,NA,NA,Selection,FCT-28,1,NA,NA,NA,NA,NA,NA,NA,Subjunctive,NA,NA,salir,334324,Irregular,L2L,4th/5th,Late,No,NA,0,129,2026,1,NA,-0.5503787506752892,NA,0.03518406576857845,-0.21334359689483645
H106,2,1,L2L 7th/8th,7,NA,153,NA,NA,NA,NA,NA,NA,NA,NA,NA,NA,NA,Selection,FCT-02,0,NA,NA,NA,NA,NA,NA,NA,Subjunctive,NA,NA,ver,1611795,Irregular,L2L,7th/8th,Late,No,NA,0,153,2026,0,NA,0.9536497279755688,NA,0.9542926453363413,0.6346031011447542
H106,2,1,L2L 7th/8th,7,NA,153,NA,NA,NA,NA,NA,NA,NA,NA,NA,NA,NA,Selection,FCT-06,0,NA,NA,NA,NA,NA,NA,NA,Subjunctive,NA,NA,hacer,2726954,Irregular,L2L,7th/8th,Late,No,NA,0,153,2026,0,NA,2.266580427947476,NA,0.9542926453363413,0.6346031011447542
H106,2,1,L2L 7th/8th,7,NA,153,NA,NA,NA,NA,NA,NA,NA,NA,NA,NA,NA,Selection,FCT-10,0,NA,NA,NA,NA,NA,NA,NA,Subjunctive,NA,NA,comer,213756,Regular,L2L,7th/8th,Late,No,NA,0,153,2026,0,NA,-0.6923292964129041,NA,0.9542926453363413,0.6346031011447542
H106,2,1,L2L 7th/8th,7,NA,153,NA,NA,NA,NA,NA,NA,NA,NA,NA,NA,NA,Selection,FCT-14,1,NA,NA,NA,NA,NA,NA,NA,Subjunctive,NA,NA,ir,603647,Irregular,L2L,7th/8th,Late,No,NA,0,153,2026,1,NA,-0.23329173895002495,NA,0.9542926453363413,0.6346031011447542
H106,2,1,L2L 7th/8th,7,NA,153,NA,NA,NA,NA,NA,NA,NA,NA,NA,NA,NA,Selection,FCT-18,1,NA,NA,NA,NA,NA,NA,NA,Subjunctive,NA,NA,abrir,143932,Regular,L2L,7th/8th,Late,No,NA,0,153,2026,1,NA,-0.7745364733220609,NA,0.9542926453363413,0.6346031011447542
H106,2,1,L2L 7th/8th,7,NA,153,NA,NA,NA,NA,NA,NA,NA,NA,NA,NA,NA,Selection,FCT-22,1,NA,NA,NA,NA,NA,NA,NA,Subjunctive,NA,NA,poner,514285,Irregular,L2L,7th/8th,Late,No,NA,0,153,2026,1,NA,-0.33850194952169194,NA,0.9542926453363413,0.6346031011447542
H106,2,1,L2L 7th/8th,7,NA,153,NA,NA,NA,NA,NA,NA,NA,NA,NA,NA,NA,Selection,FCT-26,1,NA,NA,NA,NA,NA,NA,NA,Subjunctive,NA,NA,escribir,265684,Regular,L2L,7th/8th,Late,No,NA,0,153,2026,1,NA,-0.6311919470410735,NA,0.9542926453363413,0.6346031011447542
H106,2,1,L2L 7th/8th,7,NA,153,NA,NA,NA,NA,NA,NA,NA,NA,NA,NA,NA,Selection,FCT-28,1,NA,NA,NA,NA,NA,NA,NA,Subjunctive,NA,NA,salir,334324,Irregular,L2L,7th/8th,Late,No,NA,0,153,2026,1,NA,-0.5503787506752892,NA,0.9542926453363413,0.6346031011447542
H107,2,1,L2L 4th/5th,4,NA,117,NA,NA,NA,NA,NA,NA,NA,NA,NA,NA,NA,Selection,FCT-02,0,NA,NA,NA,NA,NA,NA,NA,Subjunctive,NA,NA,ver,1611795,Irregular,L2L,4th/5th,Late,No,NA,0,117,2026,0,NA,0.9536497279755688,NA,-0.42437022401530294,-0.6373169459146317
H107,2,1,L2L 4th/5th,4,NA,117,NA,NA,NA,NA,NA,NA,NA,NA,NA,NA,NA,Selection,FCT-06,1,NA,NA,NA,NA,NA,NA,NA,Subjunctive,NA,NA,hacer,2726954,Irregular,L2L,4th/5th,Late,No,NA,0,117,2026,1,NA,2.266580427947476,NA,-0.42437022401530294,-0.6373169459146317
H107,2,1,L2L 4th/5th,4,NA,117,NA,NA,NA,NA,NA,NA,NA,NA,NA,NA,NA,Selection,FCT-10,1,NA,NA,NA,NA,NA,NA,NA,Subjunctive,NA,NA,comer,213756,Regular,L2L,4th/5th,Late,No,NA,0,117,2026,1,NA,-0.6923292964129041,NA,-0.42437022401530294,-0.6373169459146317
H107,2,1,L2L 4th/5th,4,NA,117,NA,NA,NA,NA,NA,NA,NA,NA,NA,NA,NA,Selection,FCT-14,1,NA,NA,NA,NA,NA,NA,NA,Subjunctive,NA,NA,ir,603647,Irregular,L2L,4th/5th,Late,No,NA,0,117,2026,1,NA,-0.23329173895002495,NA,-0.42437022401530294,-0.6373169459146317
H107,2,1,L2L 4th/5th,4,NA,117,NA,NA,NA,NA,NA,NA,NA,NA,NA,NA,NA,Selection,FCT-18,1,NA,NA,NA,NA,NA,NA,NA,Subjunctive,NA,NA,abrir,143932,Regular,L2L,4th/5th,Late,No,NA,0,117,2026,1,NA,-0.7745364733220609,NA,-0.42437022401530294,-0.6373169459146317
H107,2,1,L2L 4th/5th,4,NA,117,NA,NA,NA,NA,NA,NA,NA,NA,NA,NA,NA,Selection,FCT-22,0,NA,NA,NA,NA,NA,NA,NA,Subjunctive,NA,NA,poner,514285,Irregular,L2L,4th/5th,Late,No,NA,0,117,2026,0,NA,-0.33850194952169194,NA,-0.42437022401530294,-0.6373169459146317
H107,2,1,L2L 4th/5th,4,NA,117,NA,NA,NA,NA,NA,NA,NA,NA,NA,NA,NA,Selection,FCT-26,0,NA,NA,NA,NA,NA,NA,NA,Subjunctive,NA,NA,escribir,265684,Regular,L2L,4th/5th,Late,No,NA,0,117,2026,0,NA,-0.6311919470410735,NA,-0.42437022401530294,-0.6373169459146317
H107,2,1,L2L 4th/5th,4,NA,117,NA,NA,NA,NA,NA,NA,NA,NA,NA,NA,NA,Selection,FCT-28,0,NA,NA,NA,NA,NA,NA,NA,Subjunctive,NA,NA,salir,334324,Irregular,L2L,4th/5th,Late,No,NA,0,117,2026,0,NA,-0.5503787506752892,NA,-0.42437022401530294,-0.6373169459146317
H108,2,1,NA,3,NA,102,NA,NA,NA,NA,NA,NA,NA,Romanian,Yes,Yes,Yes,Selection,FCT-02,0,NA,NA,NA,NA,NA,NA,NA,Subjunctive,NA,NA,ver,1611795,Irregular,L2L,NA,Late,No,NA,0,102,2026,0,NA,0.9536497279755688,NA,-0.9988130862451546,-1.1672836321893758
H108,2,1,NA,3,NA,102,NA,NA,NA,NA,NA,NA,NA,Romanian,Yes,Yes,Yes,Selection,FCT-06,0,NA,NA,NA,NA,NA,NA,NA,Subjunctive,NA,NA,hacer,2726954,Irregular,L2L,NA,Late,No,NA,0,102,2026,0,NA,2.266580427947476,NA,-0.9988130862451546,-1.1672836321893758
H108,2,1,NA,3,NA,102,NA,NA,NA,NA,NA,NA,NA,Romanian,Yes,Yes,Yes,Selection,FCT-10,0,NA,NA,NA,NA,NA,NA,NA,Subjunctive,NA,NA,comer,213756,Regular,L2L,NA,Late,No,NA,0,102,2026,0,NA,-0.6923292964129041,NA,-0.9988130862451546,-1.1672836321893758
H108,2,1,NA,3,NA,102,NA,NA,NA,NA,NA,NA,NA,Romanian,Yes,Yes,Yes,Selection,FCT-14,1,NA,NA,NA,NA,NA,NA,NA,Subjunctive,NA,NA,ir,603647,Irregular,L2L,NA,Late,No,NA,0,102,2026,1,NA,-0.23329173895002495,NA,-0.9988130862451546,-1.1672836321893758
H108,2,1,NA,3,NA,102,NA,NA,NA,NA,NA,NA,NA,Romanian,Yes,Yes,Yes,Selection,FCT-18,0,NA,NA,NA,NA,NA,NA,NA,Subjunctive,NA,NA,abrir,143932,Regular,L2L,NA,Late,No,NA,0,102,2026,0,NA,-0.7745364733220609,NA,-0.9988130862451546,-1.1672836321893758
H108,2,1,NA,3,NA,102,NA,NA,NA,NA,NA,NA,NA,Romanian,Yes,Yes,Yes,Selection,FCT-22,0,NA,NA,NA,NA,NA,NA,NA,Subjunctive,NA,NA,poner,514285,Irregular,L2L,NA,Late,No,NA,0,102,2026,0,NA,-0.33850194952169194,NA,-0.9988130862451546,-1.1672836321893758
H108,2,1,NA,3,NA,102,NA,NA,NA,NA,NA,NA,NA,Romanian,Yes,Yes,Yes,Selection,FCT-26,1,NA,NA,NA,NA,NA,NA,NA,Subjunctive,NA,NA,escribir,265684,Regular,L2L,NA,Late,No,NA,0,102,2026,1,NA,-0.6311919470410735,NA,-0.9988130862451546,-1.1672836321893758
H108,2,1,NA,3,NA,102,NA,NA,NA,NA,NA,NA,NA,Romanian,Yes,Yes,Yes,Selection,FCT-28,1,NA,NA,NA,NA,NA,NA,NA,Subjunctive,NA,NA,salir,334324,Irregular,L2L,NA,Late,No,NA,0,102,2026,1,NA,-0.5503787506752892,NA,-0.9988130862451546,-1.1672836321893758
H109,2,1,L2L 4th/5th,4,NA,119,NA,NA,NA,NA,NA,NA,NA,"Hindi, Malayalam, Marathi",Yes,Yes,Yes,Selection,FCT-02,0,NA,NA,NA,NA,NA,NA,NA,Subjunctive,NA,NA,ver,1611795,Irregular,L2L,4th/5th,Late,No,NA,0,119,2026,0,NA,0.9536497279755688,NA,-0.34777784238465603,-0.5666547210779992
H109,2,1,L2L 4th/5th,4,NA,119,NA,NA,NA,NA,NA,NA,NA,"Hindi, Malayalam, Marathi",Yes,Yes,Yes,Selection,FCT-06,0,NA,NA,NA,NA,NA,NA,NA,Subjunctive,NA,NA,hacer,2726954,Irregular,L2L,4th/5th,Late,No,NA,0,119,2026,0,NA,2.266580427947476,NA,-0.34777784238465603,-0.5666547210779992
H109,2,1,L2L 4th/5th,4,NA,119,NA,NA,NA,NA,NA,NA,NA,"Hindi, Malayalam, Marathi",Yes,Yes,Yes,Selection,FCT-10,0,NA,NA,NA,NA,NA,NA,NA,Subjunctive,NA,NA,comer,213756,Regular,L2L,4th/5th,Late,No,NA,0,119,2026,0,NA,-0.6923292964129041,NA,-0.34777784238465603,-0.5666547210779992
H109,2,1,L2L 4th/5th,4,NA,119,NA,NA,NA,NA,NA,NA,NA,"Hindi, Malayalam, Marathi",Yes,Yes,Yes,Selection,FCT-14,1,NA,NA,NA,NA,NA,NA,NA,Subjunctive,NA,NA,ir,603647,Irregular,L2L,4th/5th,Late,No,NA,0,119,2026,1,NA,-0.23329173895002495,NA,-0.34777784238465603,-0.5666547210779992
H109,2,1,L2L 4th/5th,4,NA,119,NA,NA,NA,NA,NA,NA,NA,"Hindi, Malayalam, Marathi",Yes,Yes,Yes,Selection,FCT-18,0,NA,NA,NA,NA,NA,NA,NA,Subjunctive,NA,NA,abrir,143932,Regular,L2L,4th/5th,Late,No,NA,0,119,2026,0,NA,-0.7745364733220609,NA,-0.34777784238465603,-0.5666547210779992
H109,2,1,L2L 4th/5th,4,NA,119,NA,NA,NA,NA,NA,NA,NA,"Hindi, Malayalam, Marathi",Yes,Yes,Yes,Selection,FCT-22,1,NA,NA,NA,NA,NA,NA,NA,Subjunctive,NA,NA,poner,514285,Irregular,L2L,4th/5th,Late,No,NA,0,119,2026,1,NA,-0.33850194952169194,NA,-0.34777784238465603,-0.5666547210779992
H109,2,1,L2L 4th/5th,4,NA,119,NA,NA,NA,NA,NA,NA,NA,"Hindi, Malayalam, Marathi",Yes,Yes,Yes,Selection,FCT-26,1,NA,NA,NA,NA,NA,NA,NA,Subjunctive,NA,NA,escribir,265684,Regular,L2L,4th/5th,Late,No,NA,0,119,2026,1,NA,-0.6311919470410735,NA,-0.34777784238465603,-0.5666547210779992
H109,2,1,L2L 4th/5th,4,NA,119,NA,NA,NA,NA,NA,NA,NA,"Hindi, Malayalam, Marathi",Yes,Yes,Yes,Selection,FCT-28,1,NA,NA,NA,NA,NA,NA,NA,Subjunctive,NA,NA,salir,334324,Irregular,L2L,4th/5th,Late,No,NA,0,119,2026,1,NA,-0.5503787506752892,NA,-0.34777784238465603,-0.5666547210779992
H110,2,1,L2L 2nd,2,NA,93,NA,NA,NA,NA,NA,NA,NA,Romanian,Yes,Yes,Yes,Selection,FCT-02,1,NA,NA,NA,NA,NA,NA,NA,Subjunctive,NA,NA,ver,1611795,Irregular,L2L,2nd,Late,No,NA,0,93,2026,1,NA,0.9536497279755688,NA,-1.3434788035830658,-1.4852636439542224
H110,2,1,L2L 2nd,2,NA,93,NA,NA,NA,NA,NA,NA,NA,Romanian,Yes,Yes,Yes,Selection,FCT-06,0,NA,NA,NA,NA,NA,NA,NA,Subjunctive,NA,NA,hacer,2726954,Irregular,L2L,2nd,Late,No,NA,0,93,2026,0,NA,2.266580427947476,NA,-1.3434788035830658,-1.4852636439542224
H110,2,1,L2L 2nd,2,NA,93,NA,NA,NA,NA,NA,NA,NA,Romanian,Yes,Yes,Yes,Selection,FCT-10,1,NA,NA,NA,NA,NA,NA,NA,Subjunctive,NA,NA,comer,213756,Regular,L2L,2nd,Late,No,NA,0,93,2026,1,NA,-0.6923292964129041,NA,-1.3434788035830658,-1.4852636439542224
H110,2,1,L2L 2nd,2,NA,93,NA,NA,NA,NA,NA,NA,NA,Romanian,Yes,Yes,Yes,Selection,FCT-14,0,NA,NA,NA,NA,NA,NA,NA,Subjunctive,NA,NA,ir,603647,Irregular,L2L,2nd,Late,No,NA,0,93,2026,0,NA,-0.23329173895002495,NA,-1.3434788035830658,-1.4852636439542224
H110,2,1,L2L 2nd,2,NA,93,NA,NA,NA,NA,NA,NA,NA,Romanian,Yes,Yes,Yes,Selection,FCT-18,1,NA,NA,NA,NA,NA,NA,NA,Subjunctive,NA,NA,abrir,143932,Regular,L2L,2nd,Late,No,NA,0,93,2026,1,NA,-0.7745364733220609,NA,-1.3434788035830658,-1.4852636439542224
H110,2,1,L2L 2nd,2,NA,93,NA,NA,NA,NA,NA,NA,NA,Romanian,Yes,Yes,Yes,Selection,FCT-22,0,NA,NA,NA,NA,NA,NA,NA,Subjunctive,NA,NA,poner,514285,Irregular,L2L,2nd,Late,No,NA,0,93,2026,0,NA,-0.33850194952169194,NA,-1.3434788035830658,-1.4852636439542224
H110,2,1,L2L 2nd,2,NA,93,NA,NA,NA,NA,NA,NA,NA,Romanian,Yes,Yes,Yes,Selection,FCT-26,1,NA,NA,NA,NA,NA,NA,NA,Subjunctive,NA,NA,escribir,265684,Regular,L2L,2nd,Late,No,NA,0,93,2026,1,NA,-0.6311919470410735,NA,-1.3434788035830658,-1.4852636439542224
H110,2,1,L2L 2nd,2,NA,93,NA,NA,NA,NA,NA,NA,NA,Romanian,Yes,Yes,Yes,Selection,FCT-28,1,NA,NA,NA,NA,NA,NA,NA,Subjunctive,NA,NA,salir,334324,Irregular,L2L,2nd,Late,No,NA,0,93,2026,1,NA,-0.5503787506752892,NA,-1.3434788035830658,-1.4852636439542224
H111,2,1,NA,3,NA,110,NA,NA,NA,NA,NA,NA,NA,NA,NA,NA,NA,Selection,FCT-02,0,NA,NA,NA,NA,NA,NA,NA,Subjunctive,NA,NA,ver,1611795,Irregular,L2L,NA,Late,No,NA,0,110,2026,0,NA,0.9536497279755688,NA,-0.6924435597225671,-0.8846347328428457
H111,2,1,NA,3,NA,110,NA,NA,NA,NA,NA,NA,NA,NA,NA,NA,NA,Selection,FCT-06,0,NA,NA,NA,NA,NA,NA,NA,Subjunctive,NA,NA,hacer,2726954,Irregular,L2L,NA,Late,No,NA,0,110,2026,0,NA,2.266580427947476,NA,-0.6924435597225671,-0.8846347328428457
H111,2,1,NA,3,NA,110,NA,NA,NA,NA,NA,NA,NA,NA,NA,NA,NA,Selection,FCT-10,1,NA,NA,NA,NA,NA,NA,NA,Subjunctive,NA,NA,comer,213756,Regular,L2L,NA,Late,No,NA,0,110,2026,1,NA,-0.6923292964129041,NA,-0.6924435597225671,-0.8846347328428457
H111,2,1,NA,3,NA,110,NA,NA,NA,NA,NA,NA,NA,NA,NA,NA,NA,Selection,FCT-14,1,NA,NA,NA,NA,NA,NA,NA,Subjunctive,NA,NA,ir,603647,Irregular,L2L,NA,Late,No,NA,0,110,2026,1,NA,-0.23329173895002495,NA,-0.6924435597225671,-0.8846347328428457
H111,2,1,NA,3,NA,110,NA,NA,NA,NA,NA,NA,NA,NA,NA,NA,NA,Selection,FCT-18,0,NA,NA,NA,NA,NA,NA,NA,Subjunctive,NA,NA,abrir,143932,Regular,L2L,NA,Late,No,NA,0,110,2026,0,NA,-0.7745364733220609,NA,-0.6924435597225671,-0.8846347328428457
H111,2,1,NA,3,NA,110,NA,NA,NA,NA,NA,NA,NA,NA,NA,NA,NA,Selection,FCT-22,1,NA,NA,NA,NA,NA,NA,NA,Subjunctive,NA,NA,poner,514285,Irregular,L2L,NA,Late,No,NA,0,110,2026,1,NA,-0.33850194952169194,NA,-0.6924435597225671,-0.8846347328428457
H111,2,1,NA,3,NA,110,NA,NA,NA,NA,NA,NA,NA,NA,NA,NA,NA,Selection,FCT-26,1,NA,NA,NA,NA,NA,NA,NA,Subjunctive,NA,NA,escribir,265684,Regular,L2L,NA,Late,No,NA,0,110,2026,1,NA,-0.6311919470410735,NA,-0.6924435597225671,-0.8846347328428457
H111,2,1,NA,3,NA,110,NA,NA,NA,NA,NA,NA,NA,NA,NA,NA,NA,Selection,FCT-28,1,NA,NA,NA,NA,NA,NA,NA,Subjunctive,NA,NA,salir,334324,Irregular,L2L,NA,Late,No,NA,0,110,2026,1,NA,-0.5503787506752892,NA,-0.6924435597225671,-0.8846347328428457
H113,2,1,NA,3,NA,115,NA,NA,NA,NA,NA,NA,NA,NA,NA,NA,NA,Selection,FCT-02,0,NA,NA,NA,NA,NA,NA,NA,Subjunctive,NA,NA,ver,1611795,Irregular,L2L,NA,Late,No,NA,0,115,2026,0,NA,0.9536497279755688,NA,-0.5009626056459499,-0.7079791707512643
H113,2,1,NA,3,NA,115,NA,NA,NA,NA,NA,NA,NA,NA,NA,NA,NA,Selection,FCT-06,0,NA,NA,NA,NA,NA,NA,NA,Subjunctive,NA,NA,hacer,2726954,Irregular,L2L,NA,Late,No,NA,0,115,2026,0,NA,2.266580427947476,NA,-0.5009626056459499,-0.7079791707512643
H113,2,1,NA,3,NA,115,NA,NA,NA,NA,NA,NA,NA,NA,NA,NA,NA,Selection,FCT-10,0,NA,NA,NA,NA,NA,NA,NA,Subjunctive,NA,NA,comer,213756,Regular,L2L,NA,Late,No,NA,0,115,2026,0,NA,-0.6923292964129041,NA,-0.5009626056459499,-0.7079791707512643
H113,2,1,NA,3,NA,115,NA,NA,NA,NA,NA,NA,NA,NA,NA,NA,NA,Selection,FCT-14,1,NA,NA,NA,NA,NA,NA,NA,Subjunctive,NA,NA,ir,603647,Irregular,L2L,NA,Late,No,NA,0,115,2026,1,NA,-0.23329173895002495,NA,-0.5009626056459499,-0.7079791707512643
H113,2,1,NA,3,NA,115,NA,NA,NA,NA,NA,NA,NA,NA,NA,NA,NA,Selection,FCT-18,0,NA,NA,NA,NA,NA,NA,NA,Subjunctive,NA,NA,abrir,143932,Regular,L2L,NA,Late,No,NA,0,115,2026,0,NA,-0.7745364733220609,NA,-0.5009626056459499,-0.7079791707512643
H113,2,1,NA,3,NA,115,NA,NA,NA,NA,NA,NA,NA,NA,NA,NA,NA,Selection,FCT-22,0,NA,NA,NA,NA,NA,NA,NA,Subjunctive,NA,NA,poner,514285,Irregular,L2L,NA,Late,No,NA,0,115,2026,0,NA,-0.33850194952169194,NA,-0.5009626056459499,-0.7079791707512643
H113,2,1,NA,3,NA,115,NA,NA,NA,NA,NA,NA,NA,NA,NA,NA,NA,Selection,FCT-26,0,NA,NA,NA,NA,NA,NA,NA,Subjunctive,NA,NA,escribir,265684,Regular,L2L,NA,Late,No,NA,0,115,2026,0,NA,-0.6311919470410735,NA,-0.5009626056459499,-0.7079791707512643
H113,2,1,NA,3,NA,115,NA,NA,NA,NA,NA,NA,NA,NA,NA,NA,NA,Selection,FCT-28,1,NA,NA,NA,NA,NA,NA,NA,Subjunctive,NA,NA,salir,334324,Irregular,L2L,NA,Late,No,NA,0,115,2026,1,NA,-0.5503787506752892,NA,-0.5009626056459499,-0.7079791707512643
H114,2,1,L2L 7th/8th,7,NA,153,NA,NA,NA,NA,NA,NA,NA,NA,NA,NA,NA,Selection,FCT-02,0,NA,NA,NA,NA,NA,NA,NA,Subjunctive,NA,NA,ver,1611795,Irregular,L2L,7th/8th,Late,No,NA,0,153,2026,0,NA,0.9536497279755688,NA,0.9542926453363413,0.6346031011447542
H114,2,1,L2L 7th/8th,7,NA,153,NA,NA,NA,NA,NA,NA,NA,NA,NA,NA,NA,Selection,FCT-06,0,NA,NA,NA,NA,NA,NA,NA,Subjunctive,NA,NA,hacer,2726954,Irregular,L2L,7th/8th,Late,No,NA,0,153,2026,0,NA,2.266580427947476,NA,0.9542926453363413,0.6346031011447542
H114,2,1,L2L 7th/8th,7,NA,153,NA,NA,NA,NA,NA,NA,NA,NA,NA,NA,NA,Selection,FCT-10,1,NA,NA,NA,NA,NA,NA,NA,Subjunctive,NA,NA,comer,213756,Regular,L2L,7th/8th,Late,No,NA,0,153,2026,1,NA,-0.6923292964129041,NA,0.9542926453363413,0.6346031011447542
H114,2,1,L2L 7th/8th,7,NA,153,NA,NA,NA,NA,NA,NA,NA,NA,NA,NA,NA,Selection,FCT-14,1,NA,NA,NA,NA,NA,NA,NA,Subjunctive,NA,NA,ir,603647,Irregular,L2L,7th/8th,Late,No,NA,0,153,2026,1,NA,-0.23329173895002495,NA,0.9542926453363413,0.6346031011447542
H114,2,1,L2L 7th/8th,7,NA,153,NA,NA,NA,NA,NA,NA,NA,NA,NA,NA,NA,Selection,FCT-18,0,NA,NA,NA,NA,NA,NA,NA,Subjunctive,NA,NA,abrir,143932,Regular,L2L,7th/8th,Late,No,NA,0,153,2026,0,NA,-0.7745364733220609,NA,0.9542926453363413,0.6346031011447542
H114,2,1,L2L 7th/8th,7,NA,153,NA,NA,NA,NA,NA,NA,NA,NA,NA,NA,NA,Selection,FCT-22,1,NA,NA,NA,NA,NA,NA,NA,Subjunctive,NA,NA,poner,514285,Irregular,L2L,7th/8th,Late,No,NA,0,153,2026,1,NA,-0.33850194952169194,NA,0.9542926453363413,0.6346031011447542
H114,2,1,L2L 7th/8th,7,NA,153,NA,NA,NA,NA,NA,NA,NA,NA,NA,NA,NA,Selection,FCT-26,0,NA,NA,NA,NA,NA,NA,NA,Subjunctive,NA,NA,escribir,265684,Regular,L2L,7th/8th,Late,No,NA,0,153,2026,0,NA,-0.6311919470410735,NA,0.9542926453363413,0.6346031011447542
H114,2,1,L2L 7th/8th,7,NA,153,NA,NA,NA,NA,NA,NA,NA,NA,NA,NA,NA,Selection,FCT-28,1,NA,NA,NA,NA,NA,NA,NA,Subjunctive,NA,NA,salir,334324,Irregular,L2L,7th/8th,Late,No,NA,0,153,2026,1,NA,-0.5503787506752892,NA,0.9542926453363413,0.6346031011447542
H116,2,1,HS 7th/8th,8,NA,165,NA,NA,NA,NA,NA,NA,NA,NA,NA,NA,NA,Selection,FCT-02,1,NA,NA,NA,NA,NA,NA,NA,Subjunctive,NA,NA,ver,1611795,Irregular,HS,7th/8th,Late,No,NA,0,165,2026,1,NA,0.9536497279755688,NA,1.4138469351202227,1.0585764501645496
H116,2,1,HS 7th/8th,8,NA,165,NA,NA,NA,NA,NA,NA,NA,NA,NA,NA,NA,Selection,FCT-06,1,NA,NA,NA,NA,NA,NA,NA,Subjunctive,NA,NA,hacer,2726954,Irregular,HS,7th/8th,Late,No,NA,0,165,2026,1,NA,2.266580427947476,NA,1.4138469351202227,1.0585764501645496
H116,2,1,HS 7th/8th,8,NA,165,NA,NA,NA,NA,NA,NA,NA,NA,NA,NA,NA,Selection,FCT-10,1,NA,NA,NA,NA,NA,NA,NA,Subjunctive,NA,NA,comer,213756,Regular,HS,7th/8th,Late,No,NA,0,165,2026,1,NA,-0.6923292964129041,NA,1.4138469351202227,1.0585764501645496
H116,2,1,HS 7th/8th,8,NA,165,NA,NA,NA,NA,NA,NA,NA,NA,NA,NA,NA,Selection,FCT-14,1,NA,NA,NA,NA,NA,NA,NA,Subjunctive,NA,NA,ir,603647,Irregular,HS,7th/8th,Late,No,NA,0,165,2026,1,NA,-0.23329173895002495,NA,1.4138469351202227,1.0585764501645496
H116,2,1,HS 7th/8th,8,NA,165,NA,NA,NA,NA,NA,NA,NA,NA,NA,NA,NA,Selection,FCT-18,1,NA,NA,NA,NA,NA,NA,NA,Subjunctive,NA,NA,abrir,143932,Regular,HS,7th/8th,Late,No,NA,0,165,2026,1,NA,-0.7745364733220609,NA,1.4138469351202227,1.0585764501645496
H116,2,1,HS 7th/8th,8,NA,165,NA,NA,NA,NA,NA,NA,NA,NA,NA,NA,NA,Selection,FCT-22,1,NA,NA,NA,NA,NA,NA,NA,Subjunctive,NA,NA,poner,514285,Irregular,HS,7th/8th,Late,No,NA,0,165,2026,1,NA,-0.33850194952169194,NA,1.4138469351202227,1.0585764501645496
H116,2,1,HS 7th/8th,8,NA,165,NA,NA,NA,NA,NA,NA,NA,NA,NA,NA,NA,Selection,FCT-26,1,NA,NA,NA,NA,NA,NA,NA,Subjunctive,NA,NA,escribir,265684,Regular,HS,7th/8th,Late,No,NA,0,165,2026,1,NA,-0.6311919470410735,NA,1.4138469351202227,1.0585764501645496
H116,2,1,HS 7th/8th,8,NA,165,NA,NA,NA,NA,NA,NA,NA,NA,NA,NA,NA,Selection,FCT-28,1,NA,NA,NA,NA,NA,NA,NA,Subjunctive,NA,NA,salir,334324,Irregular,HS,7th/8th,Late,No,NA,0,165,2026,1,NA,-0.5503787506752892,NA,1.4138469351202227,1.0585764501645496
H118,2,1,HS 4th/5th,4,NA,118,NA,NA,NA,NA,NA,NA,NA,Heritage Spanish,NA,NA,NA,Selection,FCT-02,1,NA,NA,NA,NA,NA,NA,NA,Subjunctive,NA,NA,ver,1611795,Irregular,HS,4th/5th,Late,No,NA,0,118,2026,1,NA,0.9536497279755688,NA,-0.3860740331999795,-0.6019858334963155
H118,2,1,HS 4th/5th,4,NA,118,NA,NA,NA,NA,NA,NA,NA,Heritage Spanish,NA,NA,NA,Selection,FCT-06,1,NA,NA,NA,NA,NA,NA,NA,Subjunctive,NA,NA,hacer,2726954,Irregular,HS,4th/5th,Late,No,NA,0,118,2026,1,NA,2.266580427947476,NA,-0.3860740331999795,-0.6019858334963155
H118,2,1,HS 4th/5th,4,NA,118,NA,NA,NA,NA,NA,NA,NA,Heritage Spanish,NA,NA,NA,Selection,FCT-10,0,NA,NA,NA,NA,NA,NA,NA,Subjunctive,NA,NA,comer,213756,Regular,HS,4th/5th,Late,No,NA,0,118,2026,0,NA,-0.6923292964129041,NA,-0.3860740331999795,-0.6019858334963155
H118,2,1,HS 4th/5th,4,NA,118,NA,NA,NA,NA,NA,NA,NA,Heritage Spanish,NA,NA,NA,Selection,FCT-14,0,NA,NA,NA,NA,NA,NA,NA,Subjunctive,NA,NA,ir,603647,Irregular,HS,4th/5th,Late,No,NA,0,118,2026,0,NA,-0.23329173895002495,NA,-0.3860740331999795,-0.6019858334963155
H118,2,1,HS 4th/5th,4,NA,118,NA,NA,NA,NA,NA,NA,NA,Heritage Spanish,NA,NA,NA,Selection,FCT-18,0,NA,NA,NA,NA,NA,NA,NA,Subjunctive,NA,NA,abrir,143932,Regular,HS,4th/5th,Late,No,NA,0,118,2026,0,NA,-0.7745364733220609,NA,-0.3860740331999795,-0.6019858334963155
H118,2,1,HS 4th/5th,4,NA,118,NA,NA,NA,NA,NA,NA,NA,Heritage Spanish,NA,NA,NA,Selection,FCT-22,0,NA,NA,NA,NA,NA,NA,NA,Subjunctive,NA,NA,poner,514285,Irregular,HS,4th/5th,Late,No,NA,0,118,2026,0,NA,-0.33850194952169194,NA,-0.3860740331999795,-0.6019858334963155
H118,2,1,HS 4th/5th,4,NA,118,NA,NA,NA,NA,NA,NA,NA,Heritage Spanish,NA,NA,NA,Selection,FCT-26,0,NA,NA,NA,NA,NA,NA,NA,Subjunctive,NA,NA,escribir,265684,Regular,HS,4th/5th,Late,No,NA,0,118,2026,0,NA,-0.6311919470410735,NA,-0.3860740331999795,-0.6019858334963155
H118,2,1,HS 4th/5th,4,NA,118,NA,NA,NA,NA,NA,NA,NA,Heritage Spanish,NA,NA,NA,Selection,FCT-28,1,NA,NA,NA,NA,NA,NA,NA,Subjunctive,NA,NA,salir,334324,Irregular,HS,4th/5th,Late,No,NA,0,118,2026,1,NA,-0.5503787506752892,NA,-0.3860740331999795,-0.6019858334963155
H119,2,1,HS 4th/5th,4,NA,122,NA,NA,NA,NA,NA,NA,NA,Heritage Spanish,NA,NA,NA,Selection,FCT-02,1,NA,NA,NA,NA,NA,NA,NA,Subjunctive,NA,NA,ver,1611795,Irregular,HS,4th/5th,Late,No,NA,0,122,2026,1,NA,0.9536497279755688,NA,-0.2328892699386857,-0.4606613838230504
H119,2,1,HS 4th/5th,4,NA,122,NA,NA,NA,NA,NA,NA,NA,Heritage Spanish,NA,NA,NA,Selection,FCT-06,0,NA,NA,NA,NA,NA,NA,NA,Subjunctive,NA,NA,hacer,2726954,Irregular,HS,4th/5th,Late,No,NA,0,122,2026,0,NA,2.266580427947476,NA,-0.2328892699386857,-0.4606613838230504
H119,2,1,HS 4th/5th,4,NA,122,NA,NA,NA,NA,NA,NA,NA,Heritage Spanish,NA,NA,NA,Selection,FCT-10,1,NA,NA,NA,NA,NA,NA,NA,Subjunctive,NA,NA,comer,213756,Regular,HS,4th/5th,Late,No,NA,0,122,2026,1,NA,-0.6923292964129041,NA,-0.2328892699386857,-0.4606613838230504
H119,2,1,HS 4th/5th,4,NA,122,NA,NA,NA,NA,NA,NA,NA,Heritage Spanish,NA,NA,NA,Selection,FCT-14,1,NA,NA,NA,NA,NA,NA,NA,Subjunctive,NA,NA,ir,603647,Irregular,HS,4th/5th,Late,No,NA,0,122,2026,1,NA,-0.23329173895002495,NA,-0.2328892699386857,-0.4606613838230504
H119,2,1,HS 4th/5th,4,NA,122,NA,NA,NA,NA,NA,NA,NA,Heritage Spanish,NA,NA,NA,Selection,FCT-18,0,NA,NA,NA,NA,NA,NA,NA,Subjunctive,NA,NA,abrir,143932,Regular,HS,4th/5th,Late,No,NA,0,122,2026,0,NA,-0.7745364733220609,NA,-0.2328892699386857,-0.4606613838230504
H119,2,1,HS 4th/5th,4,NA,122,NA,NA,NA,NA,NA,NA,NA,Heritage Spanish,NA,NA,NA,Selection,FCT-22,0,NA,NA,NA,NA,NA,NA,NA,Subjunctive,NA,NA,poner,514285,Irregular,HS,4th/5th,Late,No,NA,0,122,2026,0,NA,-0.33850194952169194,NA,-0.2328892699386857,-0.4606613838230504
H119,2,1,HS 4th/5th,4,NA,122,NA,NA,NA,NA,NA,NA,NA,Heritage Spanish,NA,NA,NA,Selection,FCT-26,1,NA,NA,NA,NA,NA,NA,NA,Subjunctive,NA,NA,escribir,265684,Regular,HS,4th/5th,Late,No,NA,0,122,2026,1,NA,-0.6311919470410735,NA,-0.2328892699386857,-0.4606613838230504
H119,2,1,HS 4th/5th,4,NA,122,NA,NA,NA,NA,NA,NA,NA,Heritage Spanish,NA,NA,NA,Selection,FCT-28,1,NA,NA,NA,NA,NA,NA,NA,Subjunctive,NA,NA,salir,334324,Irregular,HS,4th/5th,Late,No,NA,0,122,2026,1,NA,-0.5503787506752892,NA,-0.2328892699386857,-0.4606613838230504
H120,2,1,HS 4th/5th,4,NA,125,NA,NA,NA,NA,NA,NA,NA,Heritage Spanish,NA,NA,NA,Selection,FCT-02,1,NA,NA,NA,NA,NA,NA,NA,Subjunctive,NA,NA,ver,1611795,Irregular,HS,4th/5th,Late,No,NA,0,125,2026,1,NA,0.9536497279755688,NA,-0.11800069749271534,-0.3546680465681015
H120,2,1,HS 4th/5th,4,NA,125,NA,NA,NA,NA,NA,NA,NA,Heritage Spanish,NA,NA,NA,Selection,FCT-06,0,NA,NA,NA,NA,NA,NA,NA,Subjunctive,NA,NA,hacer,2726954,Irregular,HS,4th/5th,Late,No,NA,0,125,2026,0,NA,2.266580427947476,NA,-0.11800069749271534,-0.3546680465681015
H120,2,1,HS 4th/5th,4,NA,125,NA,NA,NA,NA,NA,NA,NA,Heritage Spanish,NA,NA,NA,Selection,FCT-10,1,NA,NA,NA,NA,NA,NA,NA,Subjunctive,NA,NA,comer,213756,Regular,HS,4th/5th,Late,No,NA,0,125,2026,1,NA,-0.6923292964129041,NA,-0.11800069749271534,-0.3546680465681015
H120,2,1,HS 4th/5th,4,NA,125,NA,NA,NA,NA,NA,NA,NA,Heritage Spanish,NA,NA,NA,Selection,FCT-14,0,NA,NA,NA,NA,NA,NA,NA,Subjunctive,NA,NA,ir,603647,Irregular,HS,4th/5th,Late,No,NA,0,125,2026,0,NA,-0.23329173895002495,NA,-0.11800069749271534,-0.3546680465681015
H120,2,1,HS 4th/5th,4,NA,125,NA,NA,NA,NA,NA,NA,NA,Heritage Spanish,NA,NA,NA,Selection,FCT-18,0,NA,NA,NA,NA,NA,NA,NA,Subjunctive,NA,NA,abrir,143932,Regular,HS,4th/5th,Late,No,NA,0,125,2026,0,NA,-0.7745364733220609,NA,-0.11800069749271534,-0.3546680465681015
H120,2,1,HS 4th/5th,4,NA,125,NA,NA,NA,NA,NA,NA,NA,Heritage Spanish,NA,NA,NA,Selection,FCT-22,0,NA,NA,NA,NA,NA,NA,NA,Subjunctive,NA,NA,poner,514285,Irregular,HS,4th/5th,Late,No,NA,0,125,2026,0,NA,-0.33850194952169194,NA,-0.11800069749271534,-0.3546680465681015
H120,2,1,HS 4th/5th,4,NA,125,NA,NA,NA,NA,NA,NA,NA,Heritage Spanish,NA,NA,NA,Selection,FCT-26,0,NA,NA,NA,NA,NA,NA,NA,Subjunctive,NA,NA,escribir,265684,Regular,HS,4th/5th,Late,No,NA,0,125,2026,0,NA,-0.6311919470410735,NA,-0.11800069749271534,-0.3546680465681015
H120,2,1,HS 4th/5th,4,NA,125,NA,NA,NA,NA,NA,NA,NA,Heritage Spanish,NA,NA,NA,Selection,FCT-28,0,NA,NA,NA,NA,NA,NA,NA,Subjunctive,NA,NA,salir,334324,Irregular,HS,4th/5th,Late,No,NA,0,125,2026,0,NA,-0.5503787506752892,NA,-0.11800069749271534,-0.3546680465681015
H121,2,1,HS 2nd,2,NA,102,NA,NA,NA,NA,NA,NA,NA,Heritage Spanish,NA,NA,NA,Selection,FCT-02,1,NA,NA,NA,NA,NA,NA,NA,Subjunctive,NA,NA,ver,1611795,Irregular,HS,2nd,Late,No,NA,0,102,2026,1,NA,0.9536497279755688,NA,-0.9988130862451546,-1.1672836321893758
H121,2,1,HS 2nd,2,NA,102,NA,NA,NA,NA,NA,NA,NA,Heritage Spanish,NA,NA,NA,Selection,FCT-06,0,NA,NA,NA,NA,NA,NA,NA,Subjunctive,NA,NA,hacer,2726954,Irregular,HS,2nd,Late,No,NA,0,102,2026,0,NA,2.266580427947476,NA,-0.9988130862451546,-1.1672836321893758
H121,2,1,HS 2nd,2,NA,102,NA,NA,NA,NA,NA,NA,NA,Heritage Spanish,NA,NA,NA,Selection,FCT-10,0,NA,NA,NA,NA,NA,NA,NA,Subjunctive,NA,NA,comer,213756,Regular,HS,2nd,Late,No,NA,0,102,2026,0,NA,-0.6923292964129041,NA,-0.9988130862451546,-1.1672836321893758
H121,2,1,HS 2nd,2,NA,102,NA,NA,NA,NA,NA,NA,NA,Heritage Spanish,NA,NA,NA,Selection,FCT-14,1,NA,NA,NA,NA,NA,NA,NA,Subjunctive,NA,NA,ir,603647,Irregular,HS,2nd,Late,No,NA,0,102,2026,1,NA,-0.23329173895002495,NA,-0.9988130862451546,-1.1672836321893758
H121,2,1,HS 2nd,2,NA,102,NA,NA,NA,NA,NA,NA,NA,Heritage Spanish,NA,NA,NA,Selection,FCT-18,1,NA,NA,NA,NA,NA,NA,NA,Subjunctive,NA,NA,abrir,143932,Regular,HS,2nd,Late,No,NA,0,102,2026,1,NA,-0.7745364733220609,NA,-0.9988130862451546,-1.1672836321893758
H121,2,1,HS 2nd,2,NA,102,NA,NA,NA,NA,NA,NA,NA,Heritage Spanish,NA,NA,NA,Selection,FCT-22,1,NA,NA,NA,NA,NA,NA,NA,Subjunctive,NA,NA,poner,514285,Irregular,HS,2nd,Late,No,NA,0,102,2026,1,NA,-0.33850194952169194,NA,-0.9988130862451546,-1.1672836321893758
H121,2,1,HS 2nd,2,NA,102,NA,NA,NA,NA,NA,NA,NA,Heritage Spanish,NA,NA,NA,Selection,FCT-26,1,NA,NA,NA,NA,NA,NA,NA,Subjunctive,NA,NA,escribir,265684,Regular,HS,2nd,Late,No,NA,0,102,2026,1,NA,-0.6311919470410735,NA,-0.9988130862451546,-1.1672836321893758
H121,2,1,HS 2nd,2,NA,102,NA,NA,NA,NA,NA,NA,NA,Heritage Spanish,NA,NA,NA,Selection,FCT-28,1,NA,NA,NA,NA,NA,NA,NA,Subjunctive,NA,NA,salir,334324,Irregular,HS,2nd,Late,No,NA,0,102,2026,1,NA,-0.5503787506752892,NA,-0.9988130862451546,-1.1672836321893758
H122,2,1,NA,3,NA,110,NA,NA,NA,NA,NA,NA,NA,Heritage Spanish,NA,NA,NA,Selection,FCT-02,0,NA,NA,NA,NA,NA,NA,NA,Subjunctive,NA,NA,ver,1611795,Irregular,HS,NA,Late,No,NA,0,110,2026,0,NA,0.9536497279755688,NA,-0.6924435597225671,-0.8846347328428457
H122,2,1,NA,3,NA,110,NA,NA,NA,NA,NA,NA,NA,Heritage Spanish,NA,NA,NA,Selection,FCT-06,0,NA,NA,NA,NA,NA,NA,NA,Subjunctive,NA,NA,hacer,2726954,Irregular,HS,NA,Late,No,NA,0,110,2026,0,NA,2.266580427947476,NA,-0.6924435597225671,-0.8846347328428457
H122,2,1,NA,3,NA,110,NA,NA,NA,NA,NA,NA,NA,Heritage Spanish,NA,NA,NA,Selection,FCT-10,0,NA,NA,NA,NA,NA,NA,NA,Subjunctive,NA,NA,comer,213756,Regular,HS,NA,Late,No,NA,0,110,2026,0,NA,-0.6923292964129041,NA,-0.6924435597225671,-0.8846347328428457
H122,2,1,NA,3,NA,110,NA,NA,NA,NA,NA,NA,NA,Heritage Spanish,NA,NA,NA,Selection,FCT-14,1,NA,NA,NA,NA,NA,NA,NA,Subjunctive,NA,NA,ir,603647,Irregular,HS,NA,Late,No,NA,0,110,2026,1,NA,-0.23329173895002495,NA,-0.6924435597225671,-0.8846347328428457
H122,2,1,NA,3,NA,110,NA,NA,NA,NA,NA,NA,NA,Heritage Spanish,NA,NA,NA,Selection,FCT-18,1,NA,NA,NA,NA,NA,NA,NA,Subjunctive,NA,NA,abrir,143932,Regular,HS,NA,Late,No,NA,0,110,2026,1,NA,-0.7745364733220609,NA,-0.6924435597225671,-0.8846347328428457
H122,2,1,NA,3,NA,110,NA,NA,NA,NA,NA,NA,NA,Heritage Spanish,NA,NA,NA,Selection,FCT-22,0,NA,NA,NA,NA,NA,NA,NA,Subjunctive,NA,NA,poner,514285,Irregular,HS,NA,Late,No,NA,0,110,2026,0,NA,-0.33850194952169194,NA,-0.6924435597225671,-0.8846347328428457
H122,2,1,NA,3,NA,110,NA,NA,NA,NA,NA,NA,NA,Heritage Spanish,NA,NA,NA,Selection,FCT-26,0,NA,NA,NA,NA,NA,NA,NA,Subjunctive,NA,NA,escribir,265684,Regular,HS,NA,Late,No,NA,0,110,2026,0,NA,-0.6311919470410735,NA,-0.6924435597225671,-0.8846347328428457
H122,2,1,NA,3,NA,110,NA,NA,NA,NA,NA,NA,NA,Heritage Spanish,NA,NA,NA,Selection,FCT-28,1,NA,NA,NA,NA,NA,NA,NA,Subjunctive,NA,NA,salir,334324,Irregular,HS,NA,Late,No,NA,0,110,2026,1,NA,-0.5503787506752892,NA,-0.6924435597225671,-0.8846347328428457
H123,2,1,NA,3,NA,114,NA,NA,NA,NA,NA,NA,NA,Heritage Spanish,NA,NA,NA,Selection,FCT-02,1,NA,NA,NA,NA,NA,NA,NA,Subjunctive,NA,NA,ver,1611795,Irregular,HS,NA,Late,No,NA,0,114,2026,1,NA,0.9536497279755688,NA,-0.5392587964612733,-0.7433102831695806
H123,2,1,NA,3,NA,114,NA,NA,NA,NA,NA,NA,NA,Heritage Spanish,NA,NA,NA,Selection,FCT-06,1,NA,NA,NA,NA,NA,NA,NA,Subjunctive,NA,NA,hacer,2726954,Irregular,HS,NA,Late,No,NA,0,114,2026,1,NA,2.266580427947476,NA,-0.5392587964612733,-0.7433102831695806
H123,2,1,NA,3,NA,114,NA,NA,NA,NA,NA,NA,NA,Heritage Spanish,NA,NA,NA,Selection,FCT-10,1,NA,NA,NA,NA,NA,NA,NA,Subjunctive,NA,NA,comer,213756,Regular,HS,NA,Late,No,NA,0,114,2026,1,NA,-0.6923292964129041,NA,-0.5392587964612733,-0.7433102831695806
H123,2,1,NA,3,NA,114,NA,NA,NA,NA,NA,NA,NA,Heritage Spanish,NA,NA,NA,Selection,FCT-14,1,NA,NA,NA,NA,NA,NA,NA,Subjunctive,NA,NA,ir,603647,Irregular,HS,NA,Late,No,NA,0,114,2026,1,NA,-0.23329173895002495,NA,-0.5392587964612733,-0.7433102831695806
H123,2,1,NA,3,NA,114,NA,NA,NA,NA,NA,NA,NA,Heritage Spanish,NA,NA,NA,Selection,FCT-18,0,NA,NA,NA,NA,NA,NA,NA,Subjunctive,NA,NA,abrir,143932,Regular,HS,NA,Late,No,NA,0,114,2026,0,NA,-0.7745364733220609,NA,-0.5392587964612733,-0.7433102831695806
H123,2,1,NA,3,NA,114,NA,NA,NA,NA,NA,NA,NA,Heritage Spanish,NA,NA,NA,Selection,FCT-22,0,NA,NA,NA,NA,NA,NA,NA,Subjunctive,NA,NA,poner,514285,Irregular,HS,NA,Late,No,NA,0,114,2026,0,NA,-0.33850194952169194,NA,-0.5392587964612733,-0.7433102831695806
H123,2,1,NA,3,NA,114,NA,NA,NA,NA,NA,NA,NA,Heritage Spanish,NA,NA,NA,Selection,FCT-26,0,NA,NA,NA,NA,NA,NA,NA,Subjunctive,NA,NA,escribir,265684,Regular,HS,NA,Late,No,NA,0,114,2026,0,NA,-0.6311919470410735,NA,-0.5392587964612733,-0.7433102831695806
H123,2,1,NA,3,NA,114,NA,NA,NA,NA,NA,NA,NA,Heritage Spanish,NA,NA,NA,Selection,FCT-28,0,NA,NA,NA,NA,NA,NA,NA,Subjunctive,NA,NA,salir,334324,Irregular,HS,NA,Late,No,NA,0,114,2026,0,NA,-0.5503787506752892,NA,-0.5392587964612733,-0.7433102831695806
H124,2,1,HS 2nd,2,NA,95,NA,NA,NA,NA,NA,NA,NA,Heritage Spanish,NA,NA,NA,Selection,FCT-02,1,NA,NA,NA,NA,NA,NA,NA,Subjunctive,NA,NA,ver,1611795,Irregular,HS,2nd,Late,No,NA,0,95,2026,1,NA,0.9536497279755688,NA,-1.2668864219524187,-1.41460141911759
H124,2,1,HS 2nd,2,NA,95,NA,NA,NA,NA,NA,NA,NA,Heritage Spanish,NA,NA,NA,Selection,FCT-06,1,NA,NA,NA,NA,NA,NA,NA,Subjunctive,NA,NA,hacer,2726954,Irregular,HS,2nd,Late,No,NA,0,95,2026,1,NA,2.266580427947476,NA,-1.2668864219524187,-1.41460141911759
H124,2,1,HS 2nd,2,NA,95,NA,NA,NA,NA,NA,NA,NA,Heritage Spanish,NA,NA,NA,Selection,FCT-10,1,NA,NA,NA,NA,NA,NA,NA,Subjunctive,NA,NA,comer,213756,Regular,HS,2nd,Late,No,NA,0,95,2026,1,NA,-0.6923292964129041,NA,-1.2668864219524187,-1.41460141911759
H124,2,1,HS 2nd,2,NA,95,NA,NA,NA,NA,NA,NA,NA,Heritage Spanish,NA,NA,NA,Selection,FCT-14,0,NA,NA,NA,NA,NA,NA,NA,Subjunctive,NA,NA,ir,603647,Irregular,HS,2nd,Late,No,NA,0,95,2026,0,NA,-0.23329173895002495,NA,-1.2668864219524187,-1.41460141911759
H124,2,1,HS 2nd,2,NA,95,NA,NA,NA,NA,NA,NA,NA,Heritage Spanish,NA,NA,NA,Selection,FCT-18,0,NA,NA,NA,NA,NA,NA,NA,Subjunctive,NA,NA,abrir,143932,Regular,HS,2nd,Late,No,NA,0,95,2026,0,NA,-0.7745364733220609,NA,-1.2668864219524187,-1.41460141911759
H124,2,1,HS 2nd,2,NA,95,NA,NA,NA,NA,NA,NA,NA,Heritage Spanish,NA,NA,NA,Selection,FCT-22,0,NA,NA,NA,NA,NA,NA,NA,Subjunctive,NA,NA,poner,514285,Irregular,HS,2nd,Late,No,NA,0,95,2026,0,NA,-0.33850194952169194,NA,-1.2668864219524187,-1.41460141911759
H124,2,1,HS 2nd,2,NA,95,NA,NA,NA,NA,NA,NA,NA,Heritage Spanish,NA,NA,NA,Selection,FCT-26,1,NA,NA,NA,NA,NA,NA,NA,Subjunctive,NA,NA,escribir,265684,Regular,HS,2nd,Late,No,NA,0,95,2026,1,NA,-0.6311919470410735,NA,-1.2668864219524187,-1.41460141911759
H124,2,1,HS 2nd,2,NA,95,NA,NA,NA,NA,NA,NA,NA,Heritage Spanish,NA,NA,NA,Selection,FCT-28,1,NA,NA,NA,NA,NA,NA,NA,Subjunctive,NA,NA,salir,334324,Irregular,HS,2nd,Late,No,NA,0,95,2026,1,NA,-0.5503787506752892,NA,-1.2668864219524187,-1.41460141911759
H125,2,1,L2L 4th/5th,4,NA,121,NA,NA,NA,NA,NA,NA,NA,L2,NA,NA,NA,Selection,FCT-02,1,NA,NA,NA,NA,NA,NA,NA,Subjunctive,NA,NA,ver,1611795,Irregular,L2L,4th/5th,Late,No,NA,0,121,2026,1,NA,0.9536497279755688,NA,-0.2711854607540091,-0.49599249624136665
H125,2,1,L2L 4th/5th,4,NA,121,NA,NA,NA,NA,NA,NA,NA,L2,NA,NA,NA,Selection,FCT-06,0,NA,NA,NA,NA,NA,NA,NA,Subjunctive,NA,NA,hacer,2726954,Irregular,L2L,4th/5th,Late,No,NA,0,121,2026,0,NA,2.266580427947476,NA,-0.2711854607540091,-0.49599249624136665
H125,2,1,L2L 4th/5th,4,NA,121,NA,NA,NA,NA,NA,NA,NA,L2,NA,NA,NA,Selection,FCT-10,0,NA,NA,NA,NA,NA,NA,NA,Subjunctive,NA,NA,comer,213756,Regular,L2L,4th/5th,Late,No,NA,0,121,2026,0,NA,-0.6923292964129041,NA,-0.2711854607540091,-0.49599249624136665
H125,2,1,L2L 4th/5th,4,NA,121,NA,NA,NA,NA,NA,NA,NA,L2,NA,NA,NA,Selection,FCT-14,1,NA,NA,NA,NA,NA,NA,NA,Subjunctive,NA,NA,ir,603647,Irregular,L2L,4th/5th,Late,No,NA,0,121,2026,1,NA,-0.23329173895002495,NA,-0.2711854607540091,-0.49599249624136665
H125,2,1,L2L 4th/5th,4,NA,121,NA,NA,NA,NA,NA,NA,NA,L2,NA,NA,NA,Selection,FCT-18,1,NA,NA,NA,NA,NA,NA,NA,Subjunctive,NA,NA,abrir,143932,Regular,L2L,4th/5th,Late,No,NA,0,121,2026,1,NA,-0.7745364733220609,NA,-0.2711854607540091,-0.49599249624136665
H125,2,1,L2L 4th/5th,4,NA,121,NA,NA,NA,NA,NA,NA,NA,L2,NA,NA,NA,Selection,FCT-22,0,NA,NA,NA,NA,NA,NA,NA,Subjunctive,NA,NA,poner,514285,Irregular,L2L,4th/5th,Late,No,NA,0,121,2026,0,NA,-0.33850194952169194,NA,-0.2711854607540091,-0.49599249624136665
H125,2,1,L2L 4th/5th,4,NA,121,NA,NA,NA,NA,NA,NA,NA,L2,NA,NA,NA,Selection,FCT-26,0,NA,NA,NA,NA,NA,NA,NA,Subjunctive,NA,NA,escribir,265684,Regular,L2L,4th/5th,Late,No,NA,0,121,2026,0,NA,-0.6311919470410735,NA,-0.2711854607540091,-0.49599249624136665
H125,2,1,L2L 4th/5th,4,NA,121,NA,NA,NA,NA,NA,NA,NA,L2,NA,NA,NA,Selection,FCT-28,1,NA,NA,NA,NA,NA,NA,NA,Subjunctive,NA,NA,salir,334324,Irregular,L2L,4th/5th,Late,No,NA,0,121,2026,1,NA,-0.5503787506752892,NA,-0.2711854607540091,-0.49599249624136665
