Part_ID,Cohort,Session,Group,Grade,Age,Months_at_Start,AoA_SPA,AoA_ENG,SPA_Use,SPA_Contexts,ENG_Contexts,Langs,BESA_Score,Home_Lang_Group,HL_DOM,HL_Gender,HL_Subj,Task,Item,Accuracy,Accuracy_Clit_Gen,Accuracy_Clit_Num,Accuracy_DP_Gen,Accuracy_DP_Num,Questions,Initial_Response,Error_Type,Structure,Gender,Number,Verb,Verb_Freq,Verb_Type,Speaker_Group,Age_Group,Timing,Interface,Contexts,Study_Age,Months_at_Testing,Testing_Year,Accuracy_Combined,SPA_Pct,Verb_Freq_Std,BESA_Std,Months_at_Start_Ctd,Months_at_Testing_Ctd,Non_Target_Response_Type
H01,1,1,L2L 4th/5th,5,NA,129,NA,NA,NA,1,5,NA,3,L2 learner,L2,L2,L2,Production,Prod-01,0,NA,NA,NA,NA,NA,un niño,Omission,DOM,Masculine,Singular,NA,NA,NA,L2L,4th/5th,Early,Yes,6,0,129,2023,0,0.16666666666666666,NA,NA,0.03518406576857845,-0.21334359689483645,"DP, no verb, no DOM"
H01,1,1,L2L 4th/5th,5,NA,129,NA,NA,NA,1,5,NA,3,L2 learner,L2,L2,L2,Production,Prod-04,0,NA,NA,NA,NA,NA,la niño,Omission,DOM,Masculine,Singular,NA,NA,NA,L2L,4th/5th,Early,Yes,6,0,129,2023,0,0.16666666666666666,NA,NA,0.03518406576857845,-0.21334359689483645,"DP, no verb, no DOM"
H01,1,1,L2L 4th/5th,5,NA,129,NA,NA,NA,1,5,NA,3,L2 learner,L2,L2,L2,Production,Prod-08,0,NA,NA,NA,NA,NA,el perro y la niña,Omission,DOM,Feminine,Singular,NA,NA,NA,L2L,4th/5th,Early,Yes,6,0,129,2023,0,0.16666666666666666,NA,NA,0.03518406576857845,-0.21334359689483645,"DP, no verb, no DOM"
H01,1,1,L2L 4th/5th,5,NA,129,NA,NA,NA,1,5,NA,3,L2 learner,L2,L2,L2,Production,Prod-12,0,NA,NA,NA,NA,NA,su niño,Omission,DOM,Masculine,Singular,NA,NA,NA,L2L,4th/5th,Early,Yes,6,0,129,2023,0,0.16666666666666666,NA,NA,0.03518406576857845,-0.21334359689483645,"DP, no verb, no DOM"
H01,1,1,L2L 4th/5th,5,NA,129,NA,NA,NA,1,5,NA,3,L2 learner,L2,L2,L2,Production,Prod-16,0,NA,NA,NA,NA,NA,la mamá ve el bebé,Omission,DOM,Masculine,Singular,NA,NA,NA,L2L,4th/5th,Early,Yes,6,0,129,2023,0,0.16666666666666666,NA,NA,0.03518406576857845,-0.21334359689483645,"Full DP, no DOM"
H01,1,1,L2L 4th/5th,5,NA,129,NA,NA,NA,1,5,NA,3,L2 learner,L2,L2,L2,Production,Prod-20,0,NA,NA,NA,NA,NA,ve a la niña,NA,DOM,Feminine,Singular,NA,NA,NA,L2L,4th/5th,Early,Yes,6,0,129,2023,0,0.16666666666666666,NA,NA,0.03518406576857845,-0.21334359689483645,"Full DP, no DOM"
H01,1,1,L2L 4th/5th,5,NA,129,NA,NA,NA,1,5,NA,3,L2 learner,L2,L2,L2,Production,Prod-24,0,NA,NA,NA,NA,NA,ve las niñas,Omission,DOM,Feminine,Plural,NA,NA,NA,L2L,4th/5th,Early,Yes,6,0,129,2023,0,0.16666666666666666,NA,NA,0.03518406576857845,-0.21334359689483645,"Full DP, no DOM"
H01,1,1,L2L 4th/5th,5,NA,129,NA,NA,NA,1,5,NA,3,L2 learner,L2,L2,L2,Production,Prod-27,0,NA,NA,NA,NA,NA,la mamá ve los niños,Omission,DOM,Feminine,Plural,NA,NA,NA,L2L,4th/5th,Early,Yes,6,0,129,2023,0,0.16666666666666666,NA,NA,0.03518406576857845,-0.21334359689483645,"Full DP, no DOM"
H02,1,1,L2L 7th/8th,8,NA,175,NA,NA,NA,2,4,NA,8,L2 learner,L2,L2,L2,Production,Prod-01,0,NA,NA,NA,NA,NA,ve a nos* al centro,NA,DOM,Masculine,Singular,NA,NA,NA,L2L,7th/8th,Early,Yes,6,0,175,2023,0,0.3333333333333333,NA,NA,1.7968088432734572,1.4118875743477124,"Full DP, no DOM"
H02,1,1,L2L 7th/8th,8,NA,175,NA,NA,NA,2,4,NA,8,L2 learner,L2,L2,L2,Production,Prod-04,0,NA,NA,NA,NA,NA,el niño,DP,DOM,Masculine,Singular,NA,NA,NA,L2L,7th/8th,Early,Yes,6,0,175,2023,0,0.3333333333333333,NA,NA,1.7968088432734572,1.4118875743477124,"Full DP, no DOM"
H02,1,1,L2L 7th/8th,8,NA,175,NA,NA,NA,2,4,NA,8,L2 learner,L2,L2,L2,Production,Prod-08,1,NA,NA,NA,NA,NA,ve la niña y el perro,Omission,DOM,Feminine,Singular,NA,NA,NA,L2L,7th/8th,Early,Yes,6,0,175,2023,1,0.3333333333333333,NA,NA,1.7968088432734572,1.4118875743477124,NA
H02,1,1,L2L 7th/8th,8,NA,175,NA,NA,NA,2,4,NA,8,L2 learner,L2,L2,L2,Production,Prod-12,1,NA,NA,NA,NA,NA,ve al niño,NA,DOM,Masculine,Singular,NA,NA,NA,L2L,7th/8th,Early,Yes,6,0,175,2023,1,0.3333333333333333,NA,NA,1.7968088432734572,1.4118875743477124,NA
H02,1,1,L2L 7th/8th,8,NA,175,NA,NA,NA,2,4,NA,8,L2 learner,L2,L2,L2,Production,Prod-16,0,NA,NA,NA,NA,NA,están,Other,DOM,Masculine,Singular,NA,NA,NA,L2L,7th/8th,Early,Yes,6,0,175,2023,0,0.3333333333333333,NA,NA,1.7968088432734572,1.4118875743477124,"Full DP, no DOM"
H02,1,1,L2L 7th/8th,8,NA,175,NA,NA,NA,2,4,NA,8,L2 learner,L2,L2,L2,Production,Prod-20,1,NA,NA,NA,NA,NA,cocinándolo,Omission,DOM,Feminine,Singular,NA,NA,NA,L2L,7th/8th,Early,Yes,6,0,175,2023,1,0.3333333333333333,NA,NA,1.7968088432734572,1.4118875743477124,NA
H02,1,1,L2L 7th/8th,8,NA,175,NA,NA,NA,2,4,NA,8,L2 learner,L2,L2,L2,Production,Prod-24,0,NA,NA,NA,NA,NA,el perro puede ver los niñas,Omission,DOM,Feminine,Plural,NA,NA,NA,L2L,7th/8th,Early,Yes,6,0,175,2023,0,0.3333333333333333,NA,NA,1.7968088432734572,1.4118875743477124,"Full DP, no DOM"
H02,1,1,L2L 7th/8th,8,NA,175,NA,NA,NA,2,4,NA,8,L2 learner,L2,L2,L2,Production,Prod-27,0,NA,NA,NA,NA,NA,ve las niñas,Omission,DOM,Feminine,Plural,NA,NA,NA,L2L,7th/8th,Early,Yes,6,0,175,2023,0,0.3333333333333333,NA,NA,1.7968088432734572,1.4118875743477124,"Full DP, no DOM"
H03,1,1,L2L 7th/8th,8,14,170,NA,NA,NA,2,4,3,8,Portuguese,No,Yes,Yes,Production,Prod-01,0,NA,NA,NA,NA,NA,la niña/la mujer,Omission,DOM,Masculine,Singular,NA,NA,NA,L2L,7th/8th,Early,Yes,6,0,170,2023,0,0.3333333333333333,NA,NA,1.6053278891968399,1.2352320122561309,"DP, no verb, no DOM"
H03,1,1,L2L 7th/8th,8,14,170,NA,NA,NA,2,4,3,8,Portuguese,No,Yes,Yes,Production,Prod-04,0,NA,NA,NA,NA,NA,el niño,Omission,DOM,Masculine,Singular,NA,NA,NA,L2L,7th/8th,Early,Yes,6,0,170,2023,0,0.3333333333333333,NA,NA,1.6053278891968399,1.2352320122561309,"DP, no verb, no DOM"
H03,1,1,L2L 7th/8th,8,14,170,NA,NA,NA,2,4,3,8,Portuguese,No,Yes,Yes,Production,Prod-08,0,NA,NA,NA,NA,NA,el perro y la niña,Omission,DOM,Feminine,Singular,NA,NA,NA,L2L,7th/8th,Early,Yes,6,0,170,2023,0,0.3333333333333333,NA,NA,1.6053278891968399,1.2352320122561309,"DP, no verb, no DOM"
H03,1,1,L2L 7th/8th,8,14,170,NA,NA,NA,2,4,3,8,Portuguese,No,Yes,Yes,Production,Prod-12,0,NA,NA,NA,NA,NA,el niño,Omission,DOM,Masculine,Singular,NA,NA,NA,L2L,7th/8th,Early,Yes,6,0,170,2023,0,0.3333333333333333,NA,NA,1.6053278891968399,1.2352320122561309,"DP, no verb, no DOM"
H03,1,1,L2L 7th/8th,8,14,170,NA,NA,NA,2,4,3,8,Portuguese,No,Yes,Yes,Production,Prod-16,0,NA,NA,NA,NA,NA,el bebé,Omission,DOM,Masculine,Singular,NA,NA,NA,L2L,7th/8th,Early,Yes,6,0,170,2023,0,0.3333333333333333,NA,NA,1.6053278891968399,1.2352320122561309,"DP, no verb, no DOM"
H03,1,1,L2L 7th/8th,8,14,170,NA,NA,NA,2,4,3,8,Portuguese,No,Yes,Yes,Production,Prod-20,0,NA,NA,NA,NA,NA,la niña,Omission,DOM,Feminine,Singular,NA,NA,NA,L2L,7th/8th,Early,Yes,6,0,170,2023,0,0.3333333333333333,NA,NA,1.6053278891968399,1.2352320122561309,"DP, no verb, no DOM"
H03,1,1,L2L 7th/8th,8,14,170,NA,NA,NA,2,4,3,8,Portuguese,No,Yes,Yes,Production,Prod-24,0,NA,NA,NA,NA,NA,las dos niñas,Omission,DOM,Feminine,Plural,NA,NA,NA,L2L,7th/8th,Early,Yes,6,0,170,2023,0,0.3333333333333333,NA,NA,1.6053278891968399,1.2352320122561309,"DP, no verb, no DOM"
H03,1,1,L2L 7th/8th,8,14,170,NA,NA,NA,2,4,3,8,Portuguese,No,Yes,Yes,Production,Prod-27,0,NA,NA,NA,NA,NA,las dos niñas,Omission,DOM,Feminine,Plural,NA,NA,NA,L2L,7th/8th,Early,Yes,6,0,170,2023,0,0.3333333333333333,NA,NA,1.6053278891968399,1.2352320122561309,"DP, no verb, no DOM"
H04,1,1,L2L 7th/8th,8,NA,166,NA,NA,NA,1,4,NA,8,L2 learner,L2,L2,L2,Production,Prod-01,0,NA,NA,NA,NA,NA,su niño,Omission,DOM,Masculine,Singular,NA,NA,NA,L2L,7th/8th,Early,Yes,5,0,166,2023,0,0.2,NA,NA,1.4521431259355462,1.0939075625828658,"DP, no verb, no DOM"
H04,1,1,L2L 7th/8th,8,NA,166,NA,NA,NA,1,4,NA,8,L2 learner,L2,L2,L2,Production,Prod-04,0,NA,NA,NA,NA,NA,su hijo,Omission,DOM,Masculine,Singular,NA,NA,NA,L2L,7th/8th,Early,Yes,5,0,166,2023,0,0.2,NA,NA,1.4521431259355462,1.0939075625828658,"DP, no verb, no DOM"
H04,1,1,L2L 7th/8th,8,NA,166,NA,NA,NA,1,4,NA,8,L2 learner,L2,L2,L2,Production,Prod-08,0,NA,NA,NA,NA,NA,un hijo o uno de sus hijos hijos,Omission,DOM,Feminine,Singular,NA,NA,NA,L2L,7th/8th,Early,Yes,5,0,166,2023,0,0.2,NA,NA,1.4521431259355462,1.0939075625828658,"DP, no verb, no DOM"
H04,1,1,L2L 7th/8th,8,NA,166,NA,NA,NA,1,4,NA,8,L2 learner,L2,L2,L2,Production,Prod-12,0,NA,NA,NA,NA,NA,un hijo,Omission,DOM,Masculine,Singular,NA,NA,NA,L2L,7th/8th,Early,Yes,5,0,166,2023,0,0.2,NA,NA,1.4521431259355462,1.0939075625828658,"DP, no verb, no DOM"
H04,1,1,L2L 7th/8th,8,NA,166,NA,NA,NA,1,4,NA,8,L2 learner,L2,L2,L2,Production,Prod-16,0,NA,NA,NA,NA,NA,su hijo,Omission,DOM,Masculine,Singular,NA,NA,NA,L2L,7th/8th,Early,Yes,5,0,166,2023,0,0.2,NA,NA,1.4521431259355462,1.0939075625828658,"DP, no verb, no DOM"
H04,1,1,L2L 7th/8th,8,NA,166,NA,NA,NA,1,4,NA,8,L2 learner,L2,L2,L2,Production,Prod-20,0,NA,NA,NA,NA,NA,una hija,Omission,DOM,Feminine,Singular,NA,NA,NA,L2L,7th/8th,Early,Yes,5,0,166,2023,0,0.2,NA,NA,1.4521431259355462,1.0939075625828658,"DP, no verb, no DOM"
H04,1,1,L2L 7th/8th,8,NA,166,NA,NA,NA,1,4,NA,8,L2 learner,L2,L2,L2,Production,Prod-24,0,NA,NA,1,1,NA,las hijas,Omission,DOM,Feminine,Plural,NA,NA,NA,L2L,7th/8th,Early,Yes,5,0,166,2023,0,0.2,NA,NA,1.4521431259355462,1.0939075625828658,"DP, no verb, no DOM"
H04,1,1,L2L 7th/8th,8,NA,166,NA,NA,NA,1,4,NA,8,L2 learner,L2,L2,L2,Production,Prod-27,0,NA,NA,NA,NA,NA,las hijas,Omission,DOM,Feminine,Plural,NA,NA,NA,L2L,7th/8th,Early,Yes,5,0,166,2023,0,0.2,NA,NA,1.4521431259355462,1.0939075625828658,"DP, no verb, no DOM"
H05,1,1,HS 7th/8th,8,NA,174,NA,NA,NA,2,6,NA,8,Heritage Spanish,NA,NA,NA,Production,Prod-01,0,NA,NA,NA,NA,NA,su hijo,Omission,DOM,Masculine,Singular,NA,NA,NA,HS,7th/8th,Early,Yes,8,0,174,2023,0,0.25,NA,NA,1.7585126524581336,1.376556461929396,NA
H05,1,1,HS 7th/8th,8,NA,174,NA,NA,NA,2,6,NA,8,Heritage Spanish,NA,NA,NA,Production,Prod-04,0,NA,NA,NA,NA,NA,su hijo,Omission,DOM,Masculine,Singular,NA,NA,NA,HS,7th/8th,Early,Yes,8,0,174,2023,0,0.25,NA,NA,1.7585126524581336,1.376556461929396,"DP, no verb, no DOM"
H05,1,1,HS 7th/8th,8,NA,174,NA,NA,NA,2,6,NA,8,Heritage Spanish,NA,NA,NA,Production,Prod-08,0,NA,NA,NA,NA,NA,su sobrina y un perro,Omission,DOM,Feminine,Singular,NA,NA,NA,HS,7th/8th,Early,Yes,8,0,174,2023,0,0.25,NA,NA,1.7585126524581336,1.376556461929396,"DP, no verb, no DOM"
H05,1,1,HS 7th/8th,8,NA,174,NA,NA,NA,2,6,NA,8,Heritage Spanish,NA,NA,NA,Production,Prod-12,0,NA,NA,NA,NA,NA,un niño,Omission,DOM,Masculine,Singular,NA,NA,NA,HS,7th/8th,Early,Yes,8,0,174,2023,0,0.25,NA,NA,1.7585126524581336,1.376556461929396,NA
H05,1,1,HS 7th/8th,8,NA,174,NA,NA,NA,2,6,NA,8,Heritage Spanish,NA,NA,NA,Production,Prod-16,1,NA,NA,NA,NA,NA,a su bebé,NA,DOM,Masculine,Singular,NA,NA,NA,HS,7th/8th,Early,Yes,8,0,174,2023,1,0.25,NA,NA,1.7585126524581336,1.376556461929396,NA
H05,1,1,HS 7th/8th,8,NA,174,NA,NA,NA,2,6,NA,8,Heritage Spanish,NA,NA,NA,Production,Prod-20,NA,NA,NA,NA,NA,NA,un niña que tiene miedo,Omission,DOM,Feminine,Singular,NA,NA,NA,HS,7th/8th,Early,Yes,8,0,174,2023,NA,0.25,NA,NA,1.7585126524581336,1.376556461929396,Grammatical alternative
H05,1,1,HS 7th/8th,8,NA,174,NA,NA,NA,2,6,NA,8,Heritage Spanish,NA,NA,NA,Production,Prod-24,0,NA,NA,NA,NA,NA,dos niñas,Omission,DOM,Feminine,Plural,NA,NA,NA,HS,7th/8th,Early,Yes,8,0,174,2023,0,0.25,NA,NA,1.7585126524581336,1.376556461929396,"DP, no verb, no DOM"
H05,1,1,HS 7th/8th,8,NA,174,NA,NA,NA,2,6,NA,8,Heritage Spanish,NA,NA,NA,Production,Prod-27,NA,NA,NA,NA,NA,NA,NA,Omission,DOM,Feminine,Plural,NA,NA,NA,HS,7th/8th,Early,Yes,8,0,174,2023,NA,0.25,NA,NA,1.7585126524581336,1.376556461929396,Unintelligible/cannot tell
H06,1,1,L2L 7th/8th,8,NA,174,NA,NA,NA,2,4,NA,8,L2 learner,L2,L2,L2,Production,Prod-01,0,NA,NA,NA,NA,NA,un niño,Omission,DOM,Masculine,Singular,NA,NA,NA,L2L,7th/8th,Early,Yes,6,0,174,2023,0,0.3333333333333333,NA,NA,1.7585126524581336,1.376556461929396,NA
H06,1,1,L2L 7th/8th,8,NA,174,NA,NA,NA,2,4,NA,8,L2 learner,L2,L2,L2,Production,Prod-04,0,NA,NA,NA,NA,NA,su hija,Omission,DOM,Masculine,Singular,NA,NA,NA,L2L,7th/8th,Early,Yes,6,0,174,2023,0,0.3333333333333333,NA,NA,1.7585126524581336,1.376556461929396,NA
H06,1,1,L2L 7th/8th,8,NA,174,NA,NA,NA,2,4,NA,8,L2 learner,L2,L2,L2,Production,Prod-08,0,NA,NA,NA,NA,NA,un perrito y una niña,Omission,DOM,Feminine,Singular,NA,NA,NA,L2L,7th/8th,Early,Yes,6,0,174,2023,0,0.3333333333333333,NA,NA,1.7585126524581336,1.376556461929396,NA
H06,1,1,L2L 7th/8th,8,NA,174,NA,NA,NA,2,4,NA,8,L2 learner,L2,L2,L2,Production,Prod-12,0,NA,NA,NA,NA,NA,ve el niño,Omission,DOM,Masculine,Singular,NA,NA,NA,L2L,7th/8th,Early,Yes,6,0,174,2023,0,0.3333333333333333,NA,NA,1.7585126524581336,1.376556461929396,NA
H06,1,1,L2L 7th/8th,8,NA,174,NA,NA,NA,2,4,NA,8,L2 learner,L2,L2,L2,Production,Prod-16,1,NA,NA,NA,NA,NA,a su hijo,NA,DOM,Masculine,Singular,NA,NA,NA,L2L,7th/8th,Early,Yes,6,0,174,2023,1,0.3333333333333333,NA,NA,1.7585126524581336,1.376556461929396,NA
H06,1,1,L2L 7th/8th,8,NA,174,NA,NA,NA,2,4,NA,8,L2 learner,L2,L2,L2,Production,Prod-20,NA,NA,NA,NA,NA,NA,cocinar,Omission,DOM,Feminine,Singular,NA,NA,NA,L2L,7th/8th,Early,Yes,6,0,174,2023,NA,0.3333333333333333,NA,NA,1.7585126524581336,1.376556461929396,NA
H06,1,1,L2L 7th/8th,8,NA,174,NA,NA,NA,2,4,NA,8,L2 learner,L2,L2,L2,Production,Prod-24,NA,NA,NA,NA,NA,NA,están haciendo música,Omission,DOM,Feminine,Plural,NA,NA,NA,L2L,7th/8th,Early,Yes,6,0,174,2023,NA,0.3333333333333333,NA,NA,1.7585126524581336,1.376556461929396,NA
H06,1,1,L2L 7th/8th,8,NA,174,NA,NA,NA,2,4,NA,8,L2 learner,L2,L2,L2,Production,Prod-27,NA,NA,NA,NA,NA,NA,ver la televisión,Omission,DOM,Feminine,Plural,NA,NA,NA,L2L,7th/8th,Early,Yes,6,0,174,2023,NA,0.3333333333333333,NA,NA,1.7585126524581336,1.376556461929396,NA
H07,1,1,HS 7th/8th,8,NA,171,NA,NA,NA,4,4,NA,8,Heritage Spanish,NA,NA,NA,Production,Prod-01,NA,NA,NA,NA,NA,NA,viendo su hijo,Omission,DOM,Masculine,Singular,NA,NA,NA,HS,7th/8th,Early,Yes,8,0,171,2023,NA,0.5,NA,NA,1.6436240800121633,1.270563124674447,NA
H07,1,1,HS 7th/8th,8,NA,171,NA,NA,NA,4,4,NA,8,Heritage Spanish,NA,NA,NA,Production,Prod-04,1,NA,NA,NA,NA,NA,a su hijo,NA,DOM,Masculine,Singular,NA,NA,NA,HS,7th/8th,Early,Yes,8,0,171,2023,1,0.5,NA,NA,1.6436240800121633,1.270563124674447,NA
H07,1,1,HS 7th/8th,8,NA,171,NA,NA,NA,4,4,NA,8,Heritage Spanish,NA,NA,NA,Production,Prod-08,0,NA,NA,NA,NA,NA,ve la niña,Omission,DOM,Feminine,Singular,NA,NA,NA,HS,7th/8th,Early,Yes,8,0,171,2023,0,0.5,NA,NA,1.6436240800121633,1.270563124674447,"Full DP, no DOM"
H07,1,1,HS 7th/8th,8,NA,171,NA,NA,NA,4,4,NA,8,Heritage Spanish,NA,NA,NA,Production,Prod-12,1,NA,NA,NA,NA,NA,al niño,NA,DOM,Masculine,Singular,NA,NA,NA,HS,7th/8th,Early,Yes,8,0,171,2023,1,0.5,NA,NA,1.6436240800121633,1.270563124674447,NA
H07,1,1,HS 7th/8th,8,NA,171,NA,NA,NA,4,4,NA,8,Heritage Spanish,NA,NA,NA,Production,Prod-16,1,NA,NA,NA,NA,NA,a su bebé,NA,DOM,Masculine,Singular,NA,NA,NA,HS,7th/8th,Early,Yes,8,0,171,2023,1,0.5,NA,NA,1.6436240800121633,1.270563124674447,NA
H07,1,1,HS 7th/8th,8,NA,171,NA,NA,NA,4,4,NA,8,Heritage Spanish,NA,NA,NA,Production,Prod-20,1,NA,NA,NA,NA,NA,a una niña,NA,DOM,Feminine,Singular,NA,NA,NA,HS,7th/8th,Early,Yes,8,0,171,2023,1,0.5,NA,NA,1.6436240800121633,1.270563124674447,NA
H07,1,1,HS 7th/8th,8,NA,171,NA,NA,NA,4,4,NA,8,Heritage Spanish,NA,NA,NA,Production,Prod-24,1,NA,NA,NA,NA,NA,a las niñas,NA,DOM,Feminine,Plural,NA,NA,NA,HS,7th/8th,Early,Yes,8,0,171,2023,1,0.5,NA,NA,1.6436240800121633,1.270563124674447,NA
H07,1,1,HS 7th/8th,8,NA,171,NA,NA,NA,4,4,NA,8,Heritage Spanish,NA,NA,NA,Production,Prod-27,1,NA,NA,NA,NA,NA,a las niñas,NA,DOM,Feminine,Plural,NA,NA,NA,HS,7th/8th,Early,Yes,8,0,171,2023,1,0.5,NA,NA,1.6436240800121633,1.270563124674447,NA
H08,1,1,L2L 7th/8th,8,NA,168,NA,NA,NA,1,6,NA,8,"Hindi, Mandarin",Yes,Yes,Yes,Production,Prod-01,1,NA,NA,NA,NA,NA,a su niño,NA,DOM,Masculine,Singular,NA,NA,NA,L2L,7th/8th,Early,Yes,7,0,168,2023,1,0.14285714285714285,NA,NA,1.528735507566193,1.1645697874194985,NA
H08,1,1,L2L 7th/8th,8,NA,168,NA,NA,NA,1,6,NA,8,"Hindi, Mandarin",Yes,Yes,Yes,Production,Prod-04,0,NA,NA,NA,NA,NA,ve su niño,Omission,DOM,Masculine,Singular,NA,NA,NA,L2L,7th/8th,Early,Yes,7,0,168,2023,0,0.14285714285714285,NA,NA,1.528735507566193,1.1645697874194985,"Full DP, no DOM"
H08,1,1,L2L 7th/8th,8,NA,168,NA,NA,NA,1,6,NA,8,"Hindi, Mandarin",Yes,Yes,Yes,Production,Prod-08,0,NA,NA,NA,NA,NA,ve su nieta y un perro,Omission,DOM,Feminine,Singular,NA,NA,NA,L2L,7th/8th,Early,Yes,7,0,168,2023,0,0.14285714285714285,NA,NA,1.528735507566193,1.1645697874194985,"Full DP, no DOM"
H08,1,1,L2L 7th/8th,8,NA,168,NA,NA,NA,1,6,NA,8,"Hindi, Mandarin",Yes,Yes,Yes,Production,Prod-12,0,NA,NA,NA,NA,NA,ve su niño,Omission,DOM,Masculine,Singular,NA,NA,NA,L2L,7th/8th,Early,Yes,7,0,168,2023,0,0.14285714285714285,NA,NA,1.528735507566193,1.1645697874194985,"Full DP, no DOM"
H08,1,1,L2L 7th/8th,8,NA,168,NA,NA,NA,1,6,NA,8,"Hindi, Mandarin",Yes,Yes,Yes,Production,Prod-16,0,NA,NA,NA,NA,NA,ve su bebé,Omission,DOM,Masculine,Singular,NA,NA,NA,L2L,7th/8th,Early,Yes,7,0,168,2023,0,0.14285714285714285,NA,NA,1.528735507566193,1.1645697874194985,"Full DP, no DOM"
H08,1,1,L2L 7th/8th,8,NA,168,NA,NA,NA,1,6,NA,8,"Hindi, Mandarin",Yes,Yes,Yes,Production,Prod-20,0,NA,NA,NA,NA,NA,a la niña,NA,DOM,Feminine,Singular,NA,NA,NA,L2L,7th/8th,Early,Yes,7,0,168,2023,0,0.14285714285714285,NA,NA,1.528735507566193,1.1645697874194985,"Full DP, no DOM"
H08,1,1,L2L 7th/8th,8,NA,168,NA,NA,NA,1,6,NA,8,"Hindi, Mandarin",Yes,Yes,Yes,Production,Prod-24,0,NA,NA,NA,NA,DOM but no determiner,ve a niñas,NA,DOM,Feminine,Plural,NA,NA,NA,L2L,7th/8th,Early,Yes,7,0,168,2023,0,0.14285714285714285,NA,NA,1.528735507566193,1.1645697874194985,"Full DP, no DOM"
H08,1,1,L2L 7th/8th,8,NA,168,NA,NA,NA,1,6,NA,8,"Hindi, Mandarin",Yes,Yes,Yes,Production,Prod-27,1,NA,NA,NA,NA,NA,ve su niña,Omission,DOM,Feminine,Plural,NA,NA,NA,L2L,7th/8th,Early,Yes,7,0,168,2023,1,0.14285714285714285,NA,NA,1.528735507566193,1.1645697874194985,NA
H09,1,1,L2L 7th/8th,8,NA,168,NA,NA,NA,1,4,NA,7,L2 learner,L2,L2,L2,Production,Prod-01,NA,NA,NA,NA,NA,NA,no sabe,Other,DOM,Masculine,Singular,NA,NA,NA,L2L,7th/8th,Early,Yes,5,0,168,2023,NA,0.2,NA,NA,1.528735507566193,1.1645697874194985,NA
H09,1,1,L2L 7th/8th,8,NA,168,NA,NA,NA,1,4,NA,7,L2 learner,L2,L2,L2,Production,Prod-04,1,NA,NA,NA,NA,NA,dar beso a niña,Omission,DOM,Masculine,Singular,NA,NA,NA,L2L,7th/8th,Early,Yes,5,0,168,2023,1,0.2,NA,NA,1.528735507566193,1.1645697874194985,NA
H09,1,1,L2L 7th/8th,8,NA,168,NA,NA,NA,1,4,NA,7,L2 learner,L2,L2,L2,Production,Prod-08,0,NA,NA,NA,NA,NA,el niña empujando,Omission,DOM,Feminine,Singular,NA,NA,NA,L2L,7th/8th,Early,Yes,5,0,168,2023,0,0.2,NA,NA,1.528735507566193,1.1645697874194985,"Full DP, no DOM"
H09,1,1,L2L 7th/8th,8,NA,168,NA,NA,NA,1,4,NA,7,L2 learner,L2,L2,L2,Production,Prod-12,0,NA,NA,NA,NA,NA,el niño,Omission,DOM,Masculine,Singular,NA,NA,NA,L2L,7th/8th,Early,Yes,5,0,168,2023,0,0.2,NA,NA,1.528735507566193,1.1645697874194985,"DP, no verb, no DOM"
H09,1,1,L2L 7th/8th,8,NA,168,NA,NA,NA,1,4,NA,7,L2 learner,L2,L2,L2,Production,Prod-16,0,NA,NA,NA,NA,NA,el bebé,Omission,DOM,Masculine,Singular,NA,NA,NA,L2L,7th/8th,Early,Yes,5,0,168,2023,0,0.2,NA,NA,1.528735507566193,1.1645697874194985,"DP, no verb, no DOM"
H09,1,1,L2L 7th/8th,8,NA,168,NA,NA,NA,1,4,NA,7,L2 learner,L2,L2,L2,Production,Prod-20,0,NA,NA,NA,NA,NA,la niña,Omission,DOM,Feminine,Singular,NA,NA,NA,L2L,7th/8th,Early,Yes,5,0,168,2023,0,0.2,NA,NA,1.528735507566193,1.1645697874194985,"DP, no verb, no DOM"
H09,1,1,L2L 7th/8th,8,NA,168,NA,NA,NA,1,4,NA,7,L2 learner,L2,L2,L2,Production,Prod-24,0,NA,NA,NA,NA,NA,las niñas,Omission,DOM,Feminine,Plural,NA,NA,NA,L2L,7th/8th,Early,Yes,5,0,168,2023,0,0.2,NA,NA,1.528735507566193,1.1645697874194985,"DP, no verb, no DOM"
H09,1,1,L2L 7th/8th,8,NA,168,NA,NA,NA,1,4,NA,7,L2 learner,L2,L2,L2,Production,Prod-27,0,NA,NA,NA,NA,NA,las niñas,Omission,DOM,Feminine,Plural,NA,NA,NA,L2L,7th/8th,Early,Yes,5,0,168,2023,0,0.2,NA,NA,1.528735507566193,1.1645697874194985,"DP, no verb, no DOM"
H10,1,1,L2L 7th/8th,8,NA,173,NA,NA,NA,2,4,3,8,Russian,No,Yes,Yes,Production,Prod-01,1,NA,NA,NA,NA,NA,ve a un niño,NA,DOM,Masculine,Singular,NA,NA,NA,L2L,7th/8th,Early,Yes,6,0,173,2023,1,0.3333333333333333,NA,NA,1.7202164616428102,1.3412253495110797,NA
H10,1,1,L2L 7th/8th,8,NA,173,NA,NA,NA,2,4,3,8,Russian,No,Yes,Yes,Production,Prod-04,1,NA,NA,NA,NA,NA,puede ver a su hijo,NA,DOM,Masculine,Singular,NA,NA,NA,L2L,7th/8th,Early,Yes,6,0,173,2023,1,0.3333333333333333,NA,NA,1.7202164616428102,1.3412253495110797,NA
H10,1,1,L2L 7th/8th,8,NA,173,NA,NA,NA,2,4,3,8,Russian,No,Yes,Yes,Production,Prod-08,1,NA,NA,NA,NA,NA,puede ver a una niña,NA,DOM,Feminine,Singular,NA,NA,NA,L2L,7th/8th,Early,Yes,6,0,173,2023,1,0.3333333333333333,NA,NA,1.7202164616428102,1.3412253495110797,NA
H10,1,1,L2L 7th/8th,8,NA,173,NA,NA,NA,2,4,3,8,Russian,No,Yes,Yes,Production,Prod-12,1,NA,NA,NA,NA,NA,al niño,NA,DOM,Masculine,Singular,NA,NA,NA,L2L,7th/8th,Early,Yes,6,0,173,2023,1,0.3333333333333333,NA,NA,1.7202164616428102,1.3412253495110797,NA
H10,1,1,L2L 7th/8th,8,NA,173,NA,NA,NA,2,4,3,8,Russian,No,Yes,Yes,Production,Prod-16,1,NA,NA,NA,NA,NA,ve a su hijo,NA,DOM,Masculine,Singular,NA,NA,NA,L2L,7th/8th,Early,Yes,6,0,173,2023,1,0.3333333333333333,NA,NA,1.7202164616428102,1.3412253495110797,NA
H10,1,1,L2L 7th/8th,8,NA,173,NA,NA,NA,2,4,3,8,Russian,No,Yes,Yes,Production,Prod-20,1,NA,NA,NA,NA,NA,a una niña,NA,DOM,Feminine,Singular,NA,NA,NA,L2L,7th/8th,Early,Yes,6,0,173,2023,1,0.3333333333333333,NA,NA,1.7202164616428102,1.3412253495110797,NA
H10,1,1,L2L 7th/8th,8,NA,173,NA,NA,NA,2,4,3,8,Russian,No,Yes,Yes,Production,Prod-24,1,NA,NA,NA,NA,NA,puede ver a dos niñas,NA,DOM,Feminine,Plural,NA,NA,NA,L2L,7th/8th,Early,Yes,6,0,173,2023,1,0.3333333333333333,NA,NA,1.7202164616428102,1.3412253495110797,NA
H10,1,1,L2L 7th/8th,8,NA,173,NA,NA,NA,2,4,3,8,Russian,No,Yes,Yes,Production,Prod-27,1,NA,NA,NA,NA,Clitic doubling,la puede ver a las niñas,NA,DOM,Feminine,Plural,NA,NA,NA,L2L,7th/8th,Early,Yes,6,0,173,2023,1,0.3333333333333333,NA,NA,1.7202164616428102,1.3412253495110797,NA
H11,1,1,L2L 7th/8th,8,NA,173,NA,NA,NA,2,4,3,8,Russian,No,Yes,Yes,Production,Prod-01,1,NA,NA,NA,NA,NA,ve a un niño,NA,DOM,Masculine,Singular,NA,NA,NA,L2L,7th/8th,Early,Yes,6,0,173,2023,1,0.3333333333333333,NA,NA,1.7202164616428102,1.3412253495110797,NA
H11,1,1,L2L 7th/8th,8,NA,173,NA,NA,NA,2,4,3,8,Russian,No,Yes,Yes,Production,Prod-04,1,NA,NA,NA,NA,NA,ve a su hijo,NA,DOM,Masculine,Singular,NA,NA,NA,L2L,7th/8th,Early,Yes,6,0,173,2023,1,0.3333333333333333,NA,NA,1.7202164616428102,1.3412253495110797,NA
H11,1,1,L2L 7th/8th,8,NA,173,NA,NA,NA,2,4,3,8,Russian,No,Yes,Yes,Production,Prod-08,1,NA,NA,NA,NA,NA,ve a su nieta,NA,DOM,Feminine,Singular,NA,NA,NA,L2L,7th/8th,Early,Yes,6,0,173,2023,1,0.3333333333333333,NA,NA,1.7202164616428102,1.3412253495110797,NA
H11,1,1,L2L 7th/8th,8,NA,173,NA,NA,NA,2,4,3,8,Russian,No,Yes,Yes,Production,Prod-12,1,NA,NA,NA,NA,NA,ve a un niño,NA,DOM,Masculine,Singular,NA,NA,NA,L2L,7th/8th,Early,Yes,6,0,173,2023,1,0.3333333333333333,NA,NA,1.7202164616428102,1.3412253495110797,NA
H11,1,1,L2L 7th/8th,8,NA,173,NA,NA,NA,2,4,3,8,Russian,No,Yes,Yes,Production,Prod-16,1,NA,NA,NA,NA,NA,ve a su hijo,NA,DOM,Masculine,Singular,NA,NA,NA,L2L,7th/8th,Early,Yes,6,0,173,2023,1,0.3333333333333333,NA,NA,1.7202164616428102,1.3412253495110797,NA
H11,1,1,L2L 7th/8th,8,NA,173,NA,NA,NA,2,4,3,8,Russian,No,Yes,Yes,Production,Prod-20,1,NA,NA,NA,NA,NA,ve a una niña asustada,NA,DOM,Feminine,Singular,NA,NA,NA,L2L,7th/8th,Early,Yes,6,0,173,2023,1,0.3333333333333333,NA,NA,1.7202164616428102,1.3412253495110797,NA
H11,1,1,L2L 7th/8th,8,NA,173,NA,NA,NA,2,4,3,8,Russian,No,Yes,Yes,Production,Prod-24,1,NA,NA,1,1,NA,ve a las niñas,NA,DOM,Feminine,Plural,NA,NA,NA,L2L,7th/8th,Early,Yes,6,0,173,2023,1,0.3333333333333333,NA,NA,1.7202164616428102,1.3412253495110797,NA
H11,1,1,L2L 7th/8th,8,NA,173,NA,NA,NA,2,4,3,8,Russian,No,Yes,Yes,Production,Prod-27,1,NA,NA,NA,NA,NA,ve a las niñas,NA,DOM,Feminine,Plural,NA,NA,NA,L2L,7th/8th,Early,Yes,6,0,173,2023,1,0.3333333333333333,NA,NA,1.7202164616428102,1.3412253495110797,NA
H12,1,1,L2L 7th/8th,8,NA,174,NA,NA,NA,2,2,NA,5,L2 learner,L2,L2,L2,Production,Prod-01,0,NA,NA,NA,NA,NA,el niño,Omission,DOM,Masculine,Singular,NA,NA,NA,L2L,7th/8th,Early,Yes,4,0,174,2023,0,0.5,NA,NA,1.7585126524581336,1.376556461929396,"DP, no verb, no DOM"
H12,1,1,L2L 7th/8th,8,NA,174,NA,NA,NA,2,2,NA,5,L2 learner,L2,L2,L2,Production,Prod-04,0,NA,NA,NA,NA,NA,el chico,Omission,DOM,Masculine,Singular,NA,NA,NA,L2L,7th/8th,Early,Yes,4,0,174,2023,0,0.5,NA,NA,1.7585126524581336,1.376556461929396,"DP, no verb, no DOM"
H12,1,1,L2L 7th/8th,8,NA,174,NA,NA,NA,2,2,NA,5,L2 learner,L2,L2,L2,Production,Prod-08,0,NA,NA,NA,NA,NA,la chica/ el perro,Omission,DOM,Feminine,Singular,NA,NA,NA,L2L,7th/8th,Early,Yes,4,0,174,2023,0,0.5,NA,NA,1.7585126524581336,1.376556461929396,"DP, no verb, no DOM"
H12,1,1,L2L 7th/8th,8,NA,174,NA,NA,NA,2,2,NA,5,L2 learner,L2,L2,L2,Production,Prod-12,0,NA,NA,NA,NA,NA,el niño,Omission,DOM,Masculine,Singular,NA,NA,NA,L2L,7th/8th,Early,Yes,4,0,174,2023,0,0.5,NA,NA,1.7585126524581336,1.376556461929396,NA
H12,1,1,L2L 7th/8th,8,NA,174,NA,NA,NA,2,2,NA,5,L2 learner,L2,L2,L2,Production,Prod-16,0,NA,NA,NA,NA,NA,la bebé,Omission,DOM,Masculine,Singular,NA,NA,NA,L2L,7th/8th,Early,Yes,4,0,174,2023,0,0.5,NA,NA,1.7585126524581336,1.376556461929396,"DP, no verb, no DOM"
H12,1,1,L2L 7th/8th,8,NA,174,NA,NA,NA,2,2,NA,5,L2 learner,L2,L2,L2,Production,Prod-20,0,NA,NA,NA,NA,NA,la niña,Omission,DOM,Feminine,Singular,NA,NA,NA,L2L,7th/8th,Early,Yes,4,0,174,2023,0,0.5,NA,NA,1.7585126524581336,1.376556461929396,"DP, no verb, no DOM"
H12,1,1,L2L 7th/8th,8,NA,174,NA,NA,NA,2,2,NA,5,L2 learner,L2,L2,L2,Production,Prod-24,0,NA,NA,NA,NA,NA,los dos niñas,Omission,DOM,Feminine,Plural,NA,NA,NA,L2L,7th/8th,Early,Yes,4,0,174,2023,0,0.5,NA,NA,1.7585126524581336,1.376556461929396,"DP, no verb, no DOM"
H12,1,1,L2L 7th/8th,8,NA,174,NA,NA,NA,2,2,NA,5,L2 learner,L2,L2,L2,Production,Prod-27,0,NA,NA,NA,NA,NA,las dos niñas,Omission,DOM,Feminine,Plural,NA,NA,NA,L2L,7th/8th,Early,Yes,4,0,174,2023,0,0.5,NA,NA,1.7585126524581336,1.376556461929396,"DP, no verb, no DOM"
H13,1,1,L2L 7th/8th,8,NA,173,NA,NA,NA,3,4,NA,8,"Bulgarian, Russian",No,Yes,Yes,Production,Prod-01,1,NA,NA,NA,NA,NA,a su niño,NA,DOM,Masculine,Singular,NA,NA,NA,L2L,7th/8th,Early,Yes,7,0,173,2023,1,0.42857142857142855,NA,NA,1.7202164616428102,1.3412253495110797,NA
H13,1,1,L2L 7th/8th,8,NA,173,NA,NA,NA,3,4,NA,8,"Bulgarian, Russian",No,Yes,Yes,Production,Prod-04,1,NA,NA,NA,NA,NA,a su hijo,NA,DOM,Masculine,Singular,NA,NA,NA,L2L,7th/8th,Early,Yes,7,0,173,2023,1,0.42857142857142855,NA,NA,1.7202164616428102,1.3412253495110797,NA
H13,1,1,L2L 7th/8th,8,NA,173,NA,NA,NA,3,4,NA,8,"Bulgarian, Russian",No,Yes,Yes,Production,Prod-08,1,NA,NA,NA,NA,NA,a su nieta,NA,DOM,Feminine,Singular,NA,NA,NA,L2L,7th/8th,Early,Yes,7,0,173,2023,1,0.42857142857142855,NA,NA,1.7202164616428102,1.3412253495110797,NA
H13,1,1,L2L 7th/8th,8,NA,173,NA,NA,NA,3,4,NA,8,"Bulgarian, Russian",No,Yes,Yes,Production,Prod-12,1,NA,NA,NA,NA,NA,al niño,NA,DOM,Masculine,Singular,NA,NA,NA,L2L,7th/8th,Early,Yes,7,0,173,2023,1,0.42857142857142855,NA,NA,1.7202164616428102,1.3412253495110797,NA
H13,1,1,L2L 7th/8th,8,NA,173,NA,NA,NA,3,4,NA,8,"Bulgarian, Russian",No,Yes,Yes,Production,Prod-16,1,NA,NA,NA,NA,NA,a su bebé,NA,DOM,Masculine,Singular,NA,NA,NA,L2L,7th/8th,Early,Yes,7,0,173,2023,1,0.42857142857142855,NA,NA,1.7202164616428102,1.3412253495110797,NA
H13,1,1,L2L 7th/8th,8,NA,173,NA,NA,NA,3,4,NA,8,"Bulgarian, Russian",No,Yes,Yes,Production,Prod-20,0,NA,NA,NA,NA,NA,la niña,Omission,DOM,Feminine,Singular,NA,NA,NA,L2L,7th/8th,Early,Yes,7,0,173,2023,0,0.42857142857142855,NA,NA,1.7202164616428102,1.3412253495110797,"DP, no verb, no DOM"
H13,1,1,L2L 7th/8th,8,NA,173,NA,NA,NA,3,4,NA,8,"Bulgarian, Russian",No,Yes,Yes,Production,Prod-24,1,NA,NA,NA,NA,NA,a las niñas,NA,DOM,Feminine,Plural,NA,NA,NA,L2L,7th/8th,Early,Yes,7,0,173,2023,1,0.42857142857142855,NA,NA,1.7202164616428102,1.3412253495110797,NA
H13,1,1,L2L 7th/8th,8,NA,173,NA,NA,NA,3,4,NA,8,"Bulgarian, Russian",No,Yes,Yes,Production,Prod-27,1,NA,NA,NA,NA,NA,a las niñas,NA,DOM,Feminine,Plural,NA,NA,NA,L2L,7th/8th,Early,Yes,7,0,173,2023,1,0.42857142857142855,NA,NA,1.7202164616428102,1.3412253495110797,NA
H14,1,1,L2L 7th/8th,8,NA,172,NA,NA,NA,2,4,NA,8,L2 learner,L2,L2,L2,Production,Prod-01,0,NA,NA,NA,NA,NA,la niña o el niño,Omission,DOM,Masculine,Singular,NA,NA,NA,L2L,7th/8th,Early,Yes,6,0,172,2023,0,0.3333333333333333,NA,NA,1.6819202708274867,1.3058942370927635,NA
H14,1,1,L2L 7th/8th,8,NA,172,NA,NA,NA,2,4,NA,8,L2 learner,L2,L2,L2,Production,Prod-04,0,NA,NA,NA,NA,NA,ve el niño,Omission,DOM,Masculine,Singular,NA,NA,NA,L2L,7th/8th,Early,Yes,6,0,172,2023,0,0.3333333333333333,NA,NA,1.6819202708274867,1.3058942370927635,NA
H14,1,1,L2L 7th/8th,8,NA,172,NA,NA,NA,2,4,NA,8,L2 learner,L2,L2,L2,Production,Prod-08,0,NA,NA,NA,NA,NA,ve una nieta y perro,Omission,DOM,Feminine,Singular,NA,NA,NA,L2L,7th/8th,Early,Yes,6,0,172,2023,0,0.3333333333333333,NA,NA,1.6819202708274867,1.3058942370927635,NA
H14,1,1,L2L 7th/8th,8,NA,172,NA,NA,NA,2,4,NA,8,L2 learner,L2,L2,L2,Production,Prod-12,0,NA,NA,NA,NA,NA,un niño,Omission,DOM,Masculine,Singular,NA,NA,NA,L2L,7th/8th,Early,Yes,6,0,172,2023,0,0.3333333333333333,NA,NA,1.6819202708274867,1.3058942370927635,NA
H14,1,1,L2L 7th/8th,8,NA,172,NA,NA,NA,2,4,NA,8,L2 learner,L2,L2,L2,Production,Prod-16,0,NA,NA,NA,NA,NA,ve una bebé,Omission,DOM,Masculine,Singular,NA,NA,NA,L2L,7th/8th,Early,Yes,6,0,172,2023,0,0.3333333333333333,NA,NA,1.6819202708274867,1.3058942370927635,NA
H14,1,1,L2L 7th/8th,8,NA,172,NA,NA,NA,2,4,NA,8,L2 learner,L2,L2,L2,Production,Prod-20,0,NA,NA,NA,NA,NA,la niña,Omission,DOM,Feminine,Singular,NA,NA,NA,L2L,7th/8th,Early,Yes,6,0,172,2023,0,0.3333333333333333,NA,NA,1.6819202708274867,1.3058942370927635,NA
H14,1,1,L2L 7th/8th,8,NA,172,NA,NA,NA,2,4,NA,8,L2 learner,L2,L2,L2,Production,Prod-24,0,NA,NA,NA,NA,NA,dos niñas,Omission,DOM,Feminine,Plural,NA,NA,NA,L2L,7th/8th,Early,Yes,6,0,172,2023,0,0.3333333333333333,NA,NA,1.6819202708274867,1.3058942370927635,NA
H14,1,1,L2L 7th/8th,8,NA,172,NA,NA,NA,2,4,NA,8,L2 learner,L2,L2,L2,Production,Prod-27,0,NA,NA,NA,NA,NA,dos niñas,Omission,DOM,Feminine,Plural,NA,NA,NA,L2L,7th/8th,Early,Yes,6,0,172,2023,0,0.3333333333333333,NA,NA,1.6819202708274867,1.3058942370927635,NA
H15,1,1,HS 7th/8th,8,NA,172,NA,NA,NA,1,4,NA,8,Heritage Spanish,NA,NA,NA,Production,Prod-01,1,NA,NA,NA,NA,NA,a su hijo,NA,DOM,Masculine,Singular,NA,NA,NA,HS,7th/8th,Early,Yes,5,0,172,2023,1,0.2,NA,NA,1.6819202708274867,1.3058942370927635,NA
H15,1,1,HS 7th/8th,8,NA,172,NA,NA,NA,1,4,NA,8,Heritage Spanish,NA,NA,NA,Production,Prod-04,1,NA,NA,NA,NA,NA,a su hijo,NA,DOM,Masculine,Singular,NA,NA,NA,HS,7th/8th,Early,Yes,5,0,172,2023,1,0.2,NA,NA,1.6819202708274867,1.3058942370927635,NA
H15,1,1,HS 7th/8th,8,NA,172,NA,NA,NA,1,4,NA,8,Heritage Spanish,NA,NA,NA,Production,Prod-08,NA,NA,NA,NA,NA,Removed 0 for accuracy -Jen,visabuela,Omission,DOM,Feminine,Singular,NA,NA,NA,HS,7th/8th,Early,Yes,5,0,172,2023,NA,0.2,NA,NA,1.6819202708274867,1.3058942370927635,NA
H15,1,1,HS 7th/8th,8,NA,172,NA,NA,NA,1,4,NA,8,Heritage Spanish,NA,NA,NA,Production,Prod-12,1,1,1,NA,NA,NA,a su niño,NA,DOM,Masculine,Singular,NA,NA,NA,HS,7th/8th,Early,Yes,5,0,172,2023,1,0.2,NA,NA,1.6819202708274867,1.3058942370927635,NA
H15,1,1,HS 7th/8th,8,NA,172,NA,NA,NA,1,4,NA,8,Heritage Spanish,NA,NA,NA,Production,Prod-16,1,NA,NA,NA,NA,NA,a su hijo,NA,DOM,Masculine,Singular,NA,NA,NA,HS,7th/8th,Early,Yes,5,0,172,2023,1,0.2,NA,NA,1.6819202708274867,1.3058942370927635,NA
H15,1,1,HS 7th/8th,8,NA,172,NA,NA,NA,1,4,NA,8,Heritage Spanish,NA,NA,NA,Production,Prod-20,1,NA,NA,NA,NA,NA,a una niña,NA,DOM,Feminine,Singular,NA,NA,NA,HS,7th/8th,Early,Yes,5,0,172,2023,1,0.2,NA,NA,1.6819202708274867,1.3058942370927635,NA
H15,1,1,HS 7th/8th,8,NA,172,NA,NA,NA,1,4,NA,8,Heritage Spanish,NA,NA,NA,Production,Prod-24,1,NA,NA,NA,NA,NA,ve a las niñas,NA,DOM,Feminine,Plural,NA,NA,NA,HS,7th/8th,Early,Yes,5,0,172,2023,1,0.2,NA,NA,1.6819202708274867,1.3058942370927635,NA
H15,1,1,HS 7th/8th,8,NA,172,NA,NA,NA,1,4,NA,8,Heritage Spanish,NA,NA,NA,Production,Prod-27,1,NA,NA,NA,NA,NA,a sus niñas,NA,DOM,Feminine,Plural,NA,NA,NA,HS,7th/8th,Early,Yes,5,0,172,2023,1,0.2,NA,NA,1.6819202708274867,1.3058942370927635,NA
H16,1,1,L2L 7th/8th,8,NA,165,NA,NA,NA,2,5,NA,7,L2 learner,L2,L2,L2,Production,Prod-01,0,NA,NA,NA,NA,NA,la chica,Omission,DOM,Masculine,Singular,NA,NA,NA,L2L,7th/8th,Early,Yes,7,0,165,2023,0,0.2857142857142857,NA,NA,1.4138469351202227,1.0585764501645496,NA
H16,1,1,L2L 7th/8th,8,NA,165,NA,NA,NA,2,5,NA,7,L2 learner,L2,L2,L2,Production,Prod-04,0,NA,NA,NA,NA,NA,el chico,Omission,DOM,Masculine,Singular,NA,NA,NA,L2L,7th/8th,Early,Yes,7,0,165,2023,0,0.2857142857142857,NA,NA,1.4138469351202227,1.0585764501645496,NA
H16,1,1,L2L 7th/8th,8,NA,165,NA,NA,NA,2,5,NA,7,L2 learner,L2,L2,L2,Production,Prod-08,0,NA,NA,NA,NA,NA,la chica y el perro,Omission,DOM,Feminine,Singular,NA,NA,NA,L2L,7th/8th,Early,Yes,7,0,165,2023,0,0.2857142857142857,NA,NA,1.4138469351202227,1.0585764501645496,NA
H16,1,1,L2L 7th/8th,8,NA,165,NA,NA,NA,2,5,NA,7,L2 learner,L2,L2,L2,Production,Prod-12,1,NA,NA,NA,NA,NA,al chico,NA,DOM,Masculine,Singular,NA,NA,NA,L2L,7th/8th,Early,Yes,7,0,165,2023,1,0.2857142857142857,NA,NA,1.4138469351202227,1.0585764501645496,NA
H16,1,1,L2L 7th/8th,8,NA,165,NA,NA,NA,2,5,NA,7,L2 learner,L2,L2,L2,Production,Prod-16,1,NA,NA,NA,NA,Changed accuracy to correct -Jen,limpiando a su bebé,DP,DOM,Masculine,Singular,NA,NA,NA,L2L,7th/8th,Early,Yes,7,0,165,2023,1,0.2857142857142857,NA,NA,1.4138469351202227,1.0585764501645496,NA
H16,1,1,L2L 7th/8th,8,NA,165,NA,NA,NA,2,5,NA,7,L2 learner,L2,L2,L2,Production,Prod-20,0,NA,NA,NA,NA,NA,la chica,Omission,DOM,Feminine,Singular,NA,NA,NA,L2L,7th/8th,Early,Yes,7,0,165,2023,0,0.2857142857142857,NA,NA,1.4138469351202227,1.0585764501645496,NA
H16,1,1,L2L 7th/8th,8,NA,165,NA,NA,NA,2,5,NA,7,L2 learner,L2,L2,L2,Production,Prod-24,0,NA,NA,NA,NA,NA,las chicas,Omission,DOM,Feminine,Plural,NA,NA,NA,L2L,7th/8th,Early,Yes,7,0,165,2023,0,0.2857142857142857,NA,NA,1.4138469351202227,1.0585764501645496,NA
H16,1,1,L2L 7th/8th,8,NA,165,NA,NA,NA,2,5,NA,7,L2 learner,L2,L2,L2,Production,Prod-27,0,NA,NA,NA,NA,NA,dos chicas,NA,DOM,Feminine,Plural,NA,NA,NA,L2L,7th/8th,Early,Yes,7,0,165,2023,0,0.2857142857142857,NA,NA,1.4138469351202227,1.0585764501645496,NA
H17,1,1,HS 4th/5th,5,10,126,NA,NA,NA,2,6,NA,8,Heritage Spanish,NA,NA,NA,Production,Prod-01,1,NA,NA,NA,NA,NA,a su niño,NA,DOM,Masculine,Singular,NA,NA,NA,HS,4th/5th,Early,Yes,8,0,126,2023,1,0.25,NA,NA,-0.0797045066773919,-0.31933693414978526,NA
H17,1,1,HS 4th/5th,5,10,126,NA,NA,NA,2,6,NA,8,Heritage Spanish,NA,NA,NA,Production,Prod-04,1,NA,NA,NA,NA,NA,a su niño,NA,DOM,Masculine,Singular,NA,NA,NA,HS,4th/5th,Early,Yes,8,0,126,2023,1,0.25,NA,NA,-0.0797045066773919,-0.31933693414978526,NA
H17,1,1,HS 4th/5th,5,10,126,NA,NA,NA,2,6,NA,8,Heritage Spanish,NA,NA,NA,Production,Prod-08,1,NA,NA,NA,NA,NA,a su niña,NA,DOM,Feminine,Singular,NA,NA,NA,HS,4th/5th,Early,Yes,8,0,126,2023,1,0.25,NA,NA,-0.0797045066773919,-0.31933693414978526,NA
H17,1,1,HS 4th/5th,5,10,126,NA,NA,NA,2,6,NA,8,Heritage Spanish,NA,NA,NA,Production,Prod-12,1,NA,NA,NA,NA,NA,al niño,NA,DOM,Masculine,Singular,NA,NA,NA,HS,4th/5th,Early,Yes,8,0,126,2023,1,0.25,NA,NA,-0.0797045066773919,-0.31933693414978526,NA
H17,1,1,HS 4th/5th,5,10,126,NA,NA,NA,2,6,NA,8,Heritage Spanish,NA,NA,NA,Production,Prod-16,1,NA,NA,NA,NA,NA,a su hijo,NA,DOM,Masculine,Singular,NA,NA,NA,HS,4th/5th,Early,Yes,8,0,126,2023,1,0.25,NA,NA,-0.0797045066773919,-0.31933693414978526,NA
H17,1,1,HS 4th/5th,5,10,126,NA,NA,NA,2,6,NA,8,Heritage Spanish,NA,NA,NA,Production,Prod-20,1,NA,NA,NA,NA,NA,a la niña,NA,DOM,Feminine,Singular,NA,NA,NA,HS,4th/5th,Early,Yes,8,0,126,2023,1,0.25,NA,NA,-0.0797045066773919,-0.31933693414978526,NA
H17,1,1,HS 4th/5th,5,10,126,NA,NA,NA,2,6,NA,8,Heritage Spanish,NA,NA,NA,Production,Prod-24,1,NA,NA,NA,NA,NA,a las niñas,NA,DOM,Feminine,Plural,NA,NA,NA,HS,4th/5th,Early,Yes,8,0,126,2023,1,0.25,NA,NA,-0.0797045066773919,-0.31933693414978526,NA
H17,1,1,HS 4th/5th,5,10,126,NA,NA,NA,2,6,NA,8,Heritage Spanish,NA,NA,NA,Production,Prod-27,1,NA,NA,NA,NA,NA,a las niñas,NA,DOM,Feminine,Plural,NA,NA,NA,HS,4th/5th,Early,Yes,8,0,126,2023,1,0.25,NA,NA,-0.0797045066773919,-0.31933693414978526,NA
H17,1,2,HS 7th/8th,8,10,126,NA,NA,NA,2,6,NA,8,Heritage Spanish,NA,NA,NA,Production,Prod-01,1,NA,NA,NA,NA,NA,ve a su niño,NA,DOM,Masculine,Singular,NA,NA,NA,HS,7th/8th,Early,Yes,8,36,162,2026,1,0.25,NA,NA,-0.0797045066773919,0.9525831129096007,NA
H17,1,2,HS 7th/8th,8,10,126,NA,NA,NA,2,6,NA,8,Heritage Spanish,NA,NA,NA,Production,Prod-04,1,NA,NA,NA,NA,NA,ve a su niño,NA,DOM,Masculine,Singular,NA,NA,NA,HS,7th/8th,Early,Yes,8,36,162,2026,1,0.25,NA,NA,-0.0797045066773919,0.9525831129096007,NA
H17,1,2,HS 7th/8th,8,10,126,NA,NA,NA,2,6,NA,8,Heritage Spanish,NA,NA,NA,Production,Prod-08,1,NA,NA,NA,NA,NA,ve a la niña,NA,DOM,Feminine,Singular,NA,NA,NA,HS,7th/8th,Early,Yes,8,36,162,2026,1,0.25,NA,NA,-0.0797045066773919,0.9525831129096007,NA
H17,1,2,HS 7th/8th,8,10,126,NA,NA,NA,2,6,NA,8,Heritage Spanish,NA,NA,NA,Production,Prod-12,1,NA,NA,NA,NA,NA,"ve a su dueño, el niño",NA,DOM,Masculine,Singular,NA,NA,NA,HS,7th/8th,Early,Yes,8,36,162,2026,1,0.25,NA,NA,-0.0797045066773919,0.9525831129096007,NA
H17,1,2,HS 7th/8th,8,10,126,NA,NA,NA,2,6,NA,8,Heritage Spanish,NA,NA,NA,Production,Prod-16,1,NA,NA,NA,NA,NA,ve a su niño,NA,DOM,Masculine,Singular,NA,NA,NA,HS,7th/8th,Early,Yes,8,36,162,2026,1,0.25,NA,NA,-0.0797045066773919,0.9525831129096007,NA
H17,1,2,HS 7th/8th,8,10,126,NA,NA,NA,2,6,NA,8,Heritage Spanish,NA,NA,NA,Production,Prod-20,1,NA,NA,NA,NA,NA,ve a la niña,NA,DOM,Feminine,Singular,NA,NA,NA,HS,7th/8th,Early,Yes,8,36,162,2026,1,0.25,NA,NA,-0.0797045066773919,0.9525831129096007,NA
H17,1,2,HS 7th/8th,8,10,126,NA,NA,NA,2,6,NA,8,Heritage Spanish,NA,NA,NA,Production,Prod-24,1,NA,NA,NA,NA,NA,ve a las niñas,NA,DOM,Feminine,Plural,NA,NA,NA,HS,7th/8th,Early,Yes,8,36,162,2026,1,0.25,NA,NA,-0.0797045066773919,0.9525831129096007,NA
H17,1,2,HS 7th/8th,8,10,126,NA,NA,NA,2,6,NA,8,Heritage Spanish,NA,NA,NA,Production,Prod-27,1,NA,NA,NA,NA,NA,ve a sus niños,NA,DOM,Feminine,Plural,NA,NA,NA,HS,7th/8th,Early,Yes,8,36,162,2026,1,0.25,NA,NA,-0.0797045066773919,0.9525831129096007,NA
H18,1,1,L2L 4th/5th,5,10,130,NA,NA,NA,3,4,NA,8,"Russian, Lithuanian",No,Yes,Yes,Production,Prod-01,1,NA,NA,NA,NA,NA,a su hijo,NA,DOM,Masculine,Singular,NA,NA,NA,L2L,4th/5th,Early,Yes,7,0,130,2023,1,0.42857142857142855,NA,NA,0.0734802565839019,-0.17801248447652016,NA
H18,1,1,L2L 4th/5th,5,10,130,NA,NA,NA,3,4,NA,8,"Russian, Lithuanian",No,Yes,Yes,Production,Prod-04,1,NA,NA,NA,NA,NA,a su hijo,NA,DOM,Masculine,Singular,NA,NA,NA,L2L,4th/5th,Early,Yes,7,0,130,2023,1,0.42857142857142855,NA,NA,0.0734802565839019,-0.17801248447652016,NA
H18,1,1,L2L 4th/5th,5,10,130,NA,NA,NA,3,4,NA,8,"Russian, Lithuanian",No,Yes,Yes,Production,Prod-08,1,NA,NA,NA,NA,NA,a una niña,NA,DOM,Feminine,Singular,NA,NA,NA,L2L,4th/5th,Early,Yes,7,0,130,2023,1,0.42857142857142855,NA,NA,0.0734802565839019,-0.17801248447652016,NA
H18,1,1,L2L 4th/5th,5,10,130,NA,NA,NA,3,4,NA,8,"Russian, Lithuanian",No,Yes,Yes,Production,Prod-12,1,NA,NA,NA,NA,NA,al niño,NA,DOM,Masculine,Singular,NA,NA,NA,L2L,4th/5th,Early,Yes,7,0,130,2023,1,0.42857142857142855,NA,NA,0.0734802565839019,-0.17801248447652016,NA
H18,1,1,L2L 4th/5th,5,10,130,NA,NA,NA,3,4,NA,8,"Russian, Lithuanian",No,Yes,Yes,Production,Prod-16,1,NA,NA,NA,NA,NA,a su hijo,NA,DOM,Masculine,Singular,NA,NA,NA,L2L,4th/5th,Early,Yes,7,0,130,2023,1,0.42857142857142855,NA,NA,0.0734802565839019,-0.17801248447652016,NA
H18,1,1,L2L 4th/5th,5,10,130,NA,NA,NA,3,4,NA,8,"Russian, Lithuanian",No,Yes,Yes,Production,Prod-20,1,NA,NA,NA,NA,NA,a la niña,NA,DOM,Feminine,Singular,NA,NA,NA,L2L,4th/5th,Early,Yes,7,0,130,2023,1,0.42857142857142855,NA,NA,0.0734802565839019,-0.17801248447652016,NA
H18,1,1,L2L 4th/5th,5,10,130,NA,NA,NA,3,4,NA,8,"Russian, Lithuanian",No,Yes,Yes,Production,Prod-24,1,NA,NA,NA,NA,NA,a las niñas,NA,DOM,Feminine,Plural,NA,NA,NA,L2L,4th/5th,Early,Yes,7,0,130,2023,1,0.42857142857142855,NA,NA,0.0734802565839019,-0.17801248447652016,NA
H18,1,1,L2L 4th/5th,5,10,130,NA,NA,NA,3,4,NA,8,"Russian, Lithuanian",No,Yes,Yes,Production,Prod-27,1,NA,NA,NA,NA,NA,a las niñas,NA,DOM,Feminine,Plural,NA,NA,NA,L2L,4th/5th,Early,Yes,7,0,130,2023,1,0.42857142857142855,NA,NA,0.0734802565839019,-0.17801248447652016,NA
H18,1,2,L2L 7th/8th,8,NA,130,NA,NA,NA,3,4,NA,8,"Russian, Lithuanian",No,Yes,Yes,Production,Prod-01,1,NA,NA,NA,NA,NA,ve a un niño,NA,DOM,Masculine,Singular,NA,NA,NA,L2L,7th/8th,Early,Yes,7,36,166,2026,1,0.42857142857142855,NA,NA,0.0734802565839019,1.0939075625828658,NA
H18,1,2,L2L 7th/8th,8,NA,130,NA,NA,NA,3,4,NA,8,"Russian, Lithuanian",No,Yes,Yes,Production,Prod-04,1,NA,NA,NA,NA,NA,besando a su hijo,NA,DOM,Masculine,Singular,NA,NA,NA,L2L,7th/8th,Early,Yes,7,36,166,2026,1,0.42857142857142855,NA,NA,0.0734802565839019,1.0939075625828658,NA
H18,1,2,L2L 7th/8th,8,NA,130,NA,NA,NA,3,4,NA,8,"Russian, Lithuanian",No,Yes,Yes,Production,Prod-08,1,NA,NA,NA,NA,NA,ve a un perro y una niña,NA,DOM,Feminine,Singular,NA,NA,NA,L2L,7th/8th,Early,Yes,7,36,166,2026,1,0.42857142857142855,NA,NA,0.0734802565839019,1.0939075625828658,NA
H18,1,2,L2L 7th/8th,8,NA,130,NA,NA,NA,3,4,NA,8,"Russian, Lithuanian",No,Yes,Yes,Production,Prod-12,1,NA,NA,NA,NA,NA,ve a un niño,NA,DOM,Masculine,Singular,NA,NA,NA,L2L,7th/8th,Early,Yes,7,36,166,2026,1,0.42857142857142855,NA,NA,0.0734802565839019,1.0939075625828658,NA
H18,1,2,L2L 7th/8th,8,NA,130,NA,NA,NA,3,4,NA,8,"Russian, Lithuanian",No,Yes,Yes,Production,Prod-16,1,NA,NA,NA,NA,NA,viendo a su hijo,NA,DOM,Masculine,Singular,NA,NA,NA,L2L,7th/8th,Early,Yes,7,36,166,2026,1,0.42857142857142855,NA,NA,0.0734802565839019,1.0939075625828658,NA
H18,1,2,L2L 7th/8th,8,NA,130,NA,NA,NA,3,4,NA,8,"Russian, Lithuanian",No,Yes,Yes,Production,Prod-20,1,NA,NA,NA,NA,NA,ve a la niña,NA,DOM,Feminine,Singular,NA,NA,NA,L2L,7th/8th,Early,Yes,7,36,166,2026,1,0.42857142857142855,NA,NA,0.0734802565839019,1.0939075625828658,NA
H18,1,2,L2L 7th/8th,8,NA,130,NA,NA,NA,3,4,NA,8,"Russian, Lithuanian",No,Yes,Yes,Production,Prod-24,1,NA,NA,NA,NA,NA,ve a las dos niñas,NA,DOM,Feminine,Plural,NA,NA,NA,L2L,7th/8th,Early,Yes,7,36,166,2026,1,0.42857142857142855,NA,NA,0.0734802565839019,1.0939075625828658,NA
H18,1,2,L2L 7th/8th,8,NA,130,NA,NA,NA,3,4,NA,8,"Russian, Lithuanian",No,Yes,Yes,Production,Prod-27,1,NA,NA,NA,NA,NA,mirando a las niñas,NA,DOM,Feminine,Plural,NA,NA,NA,L2L,7th/8th,Early,Yes,7,36,166,2026,1,0.42857142857142855,NA,NA,0.0734802565839019,1.0939075625828658,NA
H19,1,1,L2L 4th/5th,5,10,129,NA,NA,NA,2,5,NA,4,Russian,No,Yes,Yes,Production,Prod-01,0,NA,NA,NA,NA,NA,el niño,Omission,DOM,Masculine,Singular,NA,NA,NA,L2L,4th/5th,Early,Yes,7,0,129,2023,0,0.2857142857142857,NA,NA,0.03518406576857845,-0.21334359689483645,"DP, no verb, no DOM"
H19,1,1,L2L 4th/5th,5,10,129,NA,NA,NA,2,5,NA,4,Russian,No,Yes,Yes,Production,Prod-04,NA,NA,NA,NA,NA,NA,la mamá es con el niño,Other,DOM,Masculine,Singular,NA,NA,NA,L2L,4th/5th,Early,Yes,7,0,129,2023,NA,0.2857142857142857,NA,NA,0.03518406576857845,-0.21334359689483645,Grammatical alternative
H19,1,1,L2L 4th/5th,5,10,129,NA,NA,NA,2,5,NA,4,Russian,No,Yes,Yes,Production,Prod-08,0,NA,NA,NA,NA,NA,la abuela es pushing el niño,English,DOM,Feminine,Singular,NA,NA,NA,L2L,4th/5th,Early,Yes,7,0,129,2023,0,0.2857142857142857,NA,NA,0.03518406576857845,-0.21334359689483645,Codeswitching with English verb
H19,1,1,L2L 4th/5th,5,10,129,NA,NA,NA,2,5,NA,4,Russian,No,Yes,Yes,Production,Prod-12,1,NA,NA,NA,NA,NA,licking al niño,NA,DOM,Masculine,Singular,NA,NA,NA,L2L,4th/5th,Early,Yes,7,0,129,2023,1,0.2857142857142857,NA,NA,0.03518406576857845,-0.21334359689483645,NA
H19,1,1,L2L 4th/5th,5,10,129,NA,NA,NA,2,5,NA,4,Russian,No,Yes,Yes,Production,Prod-16,0,NA,NA,NA,NA,NA,el niño,Omission,DOM,Masculine,Singular,NA,NA,NA,L2L,4th/5th,Early,Yes,7,0,129,2023,0,0.2857142857142857,NA,NA,0.03518406576857845,-0.21334359689483645,"Full DP, no DOM"
H19,1,1,L2L 4th/5th,5,10,129,NA,NA,NA,2,5,NA,4,Russian,No,Yes,Yes,Production,Prod-20,NA,NA,NA,NA,NA,NA,el monstruo es atacado la niña,Grammatical alternative,DOM,Feminine,Singular,NA,NA,NA,L2L,4th/5th,Early,Yes,7,0,129,2023,NA,0.2857142857142857,NA,NA,0.03518406576857845,-0.21334359689483645,Grammatical alternative
H19,1,1,L2L 4th/5th,5,10,129,NA,NA,NA,2,5,NA,4,Russian,No,Yes,Yes,Production,Prod-24,NA,NA,NA,NA,NA,NA,atacado las niñas,Grammatical alternative,DOM,Feminine,Plural,NA,NA,NA,L2L,4th/5th,Early,Yes,7,0,129,2023,NA,0.2857142857142857,NA,NA,0.03518406576857845,-0.21334359689483645,Grammatical alternative
H19,1,1,L2L 4th/5th,5,10,129,NA,NA,NA,2,5,NA,4,Russian,No,Yes,Yes,Production,Prod-27,0,NA,NA,NA,NA,"DP Gen,Num",calling el niñas,Omission,DOM,Feminine,Plural,NA,NA,NA,L2L,4th/5th,Early,Yes,7,0,129,2023,0,0.2857142857142857,NA,NA,0.03518406576857845,-0.21334359689483645,Codeswitching with English verb
H19,1,2,L2L 7th/8th,8,10,129,NA,NA,NA,2,5,NA,4,Russian,No,Yes,Yes,Production,Prod-01,1,NA,NA,NA,NA,NA,ve a su hijo,NA,DOM,Masculine,Singular,NA,NA,NA,L2L,7th/8th,Early,Yes,7,36,165,2026,1,0.2857142857142857,NA,NA,0.03518406576857845,1.0585764501645496,NA
H19,1,2,L2L 7th/8th,8,10,129,NA,NA,NA,2,5,NA,4,Russian,No,Yes,Yes,Production,Prod-04,0,NA,NA,NA,NA,NA,ve su hijo,Omission,DOM,Masculine,Singular,NA,NA,NA,L2L,7th/8th,Early,Yes,7,36,165,2026,0,0.2857142857142857,NA,NA,0.03518406576857845,1.0585764501645496,"Full DP, no DOM"
H19,1,2,L2L 7th/8th,8,10,129,NA,NA,NA,2,5,NA,4,Russian,No,Yes,Yes,Production,Prod-08,1,NA,NA,NA,NA,NA,ve su hija,Omission,DOM,Feminine,Singular,NA,NA,NA,L2L,7th/8th,Early,Yes,7,36,165,2026,1,0.2857142857142857,NA,NA,0.03518406576857845,1.0585764501645496,"Full DP, no DOM"
H19,1,2,L2L 7th/8th,8,10,129,NA,NA,NA,2,5,NA,4,Russian,No,Yes,Yes,Production,Prod-12,0,NA,NA,NA,NA,NA,ve su hermano,Omission,DOM,Masculine,Singular,NA,NA,NA,L2L,7th/8th,Early,Yes,7,36,165,2026,0,0.2857142857142857,NA,NA,0.03518406576857845,1.0585764501645496,"Full DP, no DOM"
H19,1,2,L2L 7th/8th,8,10,129,NA,NA,NA,2,5,NA,4,Russian,No,Yes,Yes,Production,Prod-16,0,NA,NA,NA,NA,NA,ve su hijo,NA,DOM,Masculine,Singular,NA,NA,NA,L2L,7th/8th,Early,Yes,7,36,165,2026,0,0.2857142857142857,NA,NA,0.03518406576857845,1.0585764501645496,"Full DP, no DOM"
H19,1,2,L2L 7th/8th,8,10,129,NA,NA,NA,2,5,NA,4,Russian,No,Yes,Yes,Production,Prod-20,0,NA,NA,NA,NA,NA,una niña,NA,DOM,Feminine,Singular,NA,NA,NA,L2L,7th/8th,Early,Yes,7,36,165,2026,0,0.2857142857142857,NA,NA,0.03518406576857845,1.0585764501645496,"DP, no verb, no DOM"
H19,1,2,L2L 7th/8th,8,10,129,NA,NA,NA,2,5,NA,4,Russian,No,Yes,Yes,Production,Prod-24,NA,NA,NA,NA,NA,NA,el perro es atacado los niños,Grammatical alternative,DOM,Feminine,Plural,NA,NA,NA,L2L,7th/8th,Early,Yes,7,36,165,2026,NA,0.2857142857142857,NA,NA,0.03518406576857845,1.0585764501645496,"Full DP, no DOM"
H19,1,2,L2L 7th/8th,8,10,129,NA,NA,NA,2,5,NA,4,Russian,No,Yes,Yes,Production,Prod-27,1,NA,NA,NA,NA,NA,ve a dos niñas,NA,DOM,Feminine,Plural,NA,NA,NA,L2L,7th/8th,Early,Yes,7,36,165,2026,1,0.2857142857142857,NA,NA,0.03518406576857845,1.0585764501645496,NA
H20,1,1,HS 4th/5th,5,11,138,NA,NA,NA,5,5,NA,8,Heritage Spanish,NA,NA,NA,Production,Prod-01,0,NA,NA,NA,NA,NA,un niño,Omission,DOM,Masculine,Singular,NA,NA,NA,HS,4th/5th,Early,Yes,10,0,138,2023,0,0.5,NA,NA,0.3798497831064895,0.10463641487001005,NA
H20,1,1,HS 4th/5th,5,11,138,NA,NA,NA,5,5,NA,8,Heritage Spanish,NA,NA,NA,Production,Prod-04,0,NA,NA,NA,NA,NA,el niño,Omission,DOM,Masculine,Singular,NA,NA,NA,HS,4th/5th,Early,Yes,10,0,138,2023,0,0.5,NA,NA,0.3798497831064895,0.10463641487001005,NA
H20,1,1,HS 4th/5th,5,11,138,NA,NA,NA,5,5,NA,8,Heritage Spanish,NA,NA,NA,Production,Prod-08,1,NA,NA,NA,NA,NA,a una niña,NA,DOM,Feminine,Singular,NA,NA,NA,HS,4th/5th,Early,Yes,10,0,138,2023,1,0.5,NA,NA,0.3798497831064895,0.10463641487001005,NA
H20,1,1,HS 4th/5th,5,11,138,NA,NA,NA,5,5,NA,8,Heritage Spanish,NA,NA,NA,Production,Prod-12,0,NA,NA,NA,NA,NA,el niño,Omission,DOM,Masculine,Singular,NA,NA,NA,HS,4th/5th,Early,Yes,10,0,138,2023,0,0.5,NA,NA,0.3798497831064895,0.10463641487001005,NA
H20,1,1,HS 4th/5th,5,11,138,NA,NA,NA,5,5,NA,8,Heritage Spanish,NA,NA,NA,Production,Prod-16,0,NA,NA,NA,NA,NA,su niño,Omission,DOM,Masculine,Singular,NA,NA,NA,HS,4th/5th,Early,Yes,10,0,138,2023,0,0.5,NA,NA,0.3798497831064895,0.10463641487001005,NA
H20,1,1,HS 4th/5th,5,11,138,NA,NA,NA,5,5,NA,8,Heritage Spanish,NA,NA,NA,Production,Prod-20,0,NA,NA,NA,NA,NA,la niña,Omission,DOM,Feminine,Singular,NA,NA,NA,HS,4th/5th,Early,Yes,10,0,138,2023,0,0.5,NA,NA,0.3798497831064895,0.10463641487001005,NA
H20,1,1,HS 4th/5th,5,11,138,NA,NA,NA,5,5,NA,8,Heritage Spanish,NA,NA,NA,Production,Prod-24,0,NA,NA,NA,NA,NA,las niñas,Omission,DOM,Feminine,Plural,NA,NA,NA,HS,4th/5th,Early,Yes,10,0,138,2023,0,0.5,NA,NA,0.3798497831064895,0.10463641487001005,NA
H20,1,1,HS 4th/5th,5,11,138,NA,NA,NA,5,5,NA,8,Heritage Spanish,NA,NA,NA,Production,Prod-27,0,NA,NA,NA,NA,NA,los niños,Omission,DOM,Feminine,Plural,NA,NA,NA,HS,4th/5th,Early,Yes,10,0,138,2023,0,0.5,NA,NA,0.3798497831064895,0.10463641487001005,NA
H21,1,1,L2L 4th/5th,5,11,139,NA,NA,NA,NA,NA,NA,8,L2 learner,L2,L2,L2,Production,Prod-01,0,NA,NA,NA,NA,NA,un niño,Omission,DOM,Masculine,Singular,NA,NA,NA,L2L,4th/5th,Early,Yes,NA,0,139,2023,0,NA,NA,NA,0.41814597392181296,0.13996752728832632,"DP, no verb, no DOM"
H21,1,1,L2L 4th/5th,5,11,139,NA,NA,NA,NA,NA,NA,8,L2 learner,L2,L2,L2,Production,Prod-04,NA,NA,NA,NA,NA,NA,le da un beso al niño,Grammatical alternative,DOM,Masculine,Singular,NA,NA,NA,L2L,4th/5th,Early,Yes,NA,0,139,2023,NA,NA,NA,NA,0.41814597392181296,0.13996752728832632,Grammatical alternative
H21,1,1,L2L 4th/5th,5,11,139,NA,NA,NA,NA,NA,NA,8,L2 learner,L2,L2,L2,Production,Prod-08,1,NA,NA,NA,NA,NA,se está viendo la niña,Omission,DOM,Feminine,Singular,NA,NA,NA,L2L,4th/5th,Early,Yes,NA,0,139,2023,1,NA,NA,NA,0.41814597392181296,0.13996752728832632,NA
H21,1,1,L2L 4th/5th,5,11,139,NA,NA,NA,NA,NA,NA,8,L2 learner,L2,L2,L2,Production,Prod-12,NA,NA,NA,NA,NA,NA,está jugando con el perro,Grammatical alternative,DOM,Masculine,Singular,NA,NA,NA,L2L,4th/5th,Early,Yes,NA,0,139,2023,NA,NA,NA,NA,0.41814597392181296,0.13996752728832632,Grammatical alternative
H21,1,1,L2L 4th/5th,5,11,139,NA,NA,NA,NA,NA,NA,8,L2 learner,L2,L2,L2,Production,Prod-16,NA,NA,NA,NA,NA,NA,le da un baño,Grammatical alternative,DOM,Masculine,Singular,NA,NA,NA,L2L,4th/5th,Early,Yes,NA,0,139,2023,NA,NA,NA,NA,0.41814597392181296,0.13996752728832632,Grammatical alternative
H21,1,1,L2L 4th/5th,5,11,139,NA,NA,NA,NA,NA,NA,8,L2 learner,L2,L2,L2,Production,Prod-20,1,NA,NA,NA,NA,NA,está viendo la niña,Omission,DOM,Feminine,Singular,NA,NA,NA,L2L,4th/5th,Early,Yes,NA,0,139,2023,1,NA,NA,NA,0.41814597392181296,0.13996752728832632,NA
H21,1,1,L2L 4th/5th,5,11,139,NA,NA,NA,NA,NA,NA,8,L2 learner,L2,L2,L2,Production,Prod-24,0,NA,NA,NA,NA,NA,las niñas,Omission,DOM,Feminine,Plural,NA,NA,NA,L2L,4th/5th,Early,Yes,NA,0,139,2023,0,NA,NA,NA,0.41814597392181296,0.13996752728832632,"DP, no verb, no DOM"
H21,1,1,L2L 4th/5th,5,11,139,NA,NA,NA,NA,NA,NA,8,L2 learner,L2,L2,L2,Production,Prod-27,0,NA,NA,NA,NA,NA,la los niños,Omission,DOM,Feminine,Plural,NA,NA,NA,L2L,4th/5th,Early,Yes,NA,0,139,2023,0,NA,NA,NA,0.41814597392181296,0.13996752728832632,"DP, no verb, no DOM"
H22,1,1,HS 4th/5th,5,11,138,NA,NA,NA,4,3,NA,8,Heritage Spanish,NA,NA,NA,Production,Prod-01,0,NA,NA,NA,NA,NA,ve un niño,Omission,DOM,Masculine,Singular,NA,NA,NA,HS,4th/5th,Early,Yes,7,0,138,2023,0,0.5714285714285714,NA,NA,0.3798497831064895,0.10463641487001005,"Full DP, no DOM"
H22,1,1,HS 4th/5th,5,11,138,NA,NA,NA,4,3,NA,8,Heritage Spanish,NA,NA,NA,Production,Prod-04,0,NA,NA,NA,NA,NA,ve un niño,Omission,DOM,Masculine,Singular,NA,NA,NA,HS,4th/5th,Early,Yes,7,0,138,2023,0,0.5714285714285714,NA,NA,0.3798497831064895,0.10463641487001005,"Full DP, no DOM"
H22,1,1,HS 4th/5th,5,11,138,NA,NA,NA,4,3,NA,8,Heritage Spanish,NA,NA,NA,Production,Prod-08,0,NA,NA,NA,NA,NA,la niña y el perro,Omission,DOM,Feminine,Singular,NA,NA,NA,HS,4th/5th,Early,Yes,7,0,138,2023,0,0.5714285714285714,NA,NA,0.3798497831064895,0.10463641487001005,"Full DP, no DOM"
H22,1,1,HS 4th/5th,5,11,138,NA,NA,NA,4,3,NA,8,Heritage Spanish,NA,NA,NA,Production,Prod-12,0,NA,NA,NA,NA,NA,ve el niño,Omission,DOM,Masculine,Singular,NA,NA,NA,HS,4th/5th,Early,Yes,7,0,138,2023,0,0.5714285714285714,NA,NA,0.3798497831064895,0.10463641487001005,"Full DP, no DOM"
H22,1,1,HS 4th/5th,5,11,138,NA,NA,NA,4,3,NA,8,Heritage Spanish,NA,NA,NA,Production,Prod-16,0,NA,NA,NA,NA,NA,ve el bebé,Omission,DOM,Masculine,Singular,NA,NA,NA,HS,4th/5th,Early,Yes,7,0,138,2023,0,0.5714285714285714,NA,NA,0.3798497831064895,0.10463641487001005,"Full DP, no DOM"
H22,1,1,HS 4th/5th,5,11,138,NA,NA,NA,4,3,NA,8,Heritage Spanish,NA,NA,NA,Production,Prod-20,0,NA,NA,NA,NA,NA,ve la niña,Omission,DOM,Feminine,Singular,NA,NA,NA,HS,4th/5th,Early,Yes,7,0,138,2023,0,0.5714285714285714,NA,NA,0.3798497831064895,0.10463641487001005,"Full DP, no DOM"
H22,1,1,HS 4th/5th,5,11,138,NA,NA,NA,4,3,NA,8,Heritage Spanish,NA,NA,NA,Production,Prod-24,0,NA,NA,NA,NA,NA,ve la niñas,Omission,DOM,Feminine,Plural,NA,NA,NA,HS,4th/5th,Early,Yes,7,0,138,2023,0,0.5714285714285714,NA,NA,0.3798497831064895,0.10463641487001005,"Full DP, no DOM"
H22,1,1,HS 4th/5th,5,11,138,NA,NA,NA,4,3,NA,8,Heritage Spanish,NA,NA,NA,Production,Prod-27,0,NA,NA,NA,NA,NA,ve las niñas,Omission,DOM,Feminine,Plural,NA,NA,NA,HS,4th/5th,Early,Yes,7,0,138,2023,0,0.5714285714285714,NA,NA,0.3798497831064895,0.10463641487001005,"DP, no verb, no DOM"
H22,1,2,HS 7th/8th,8,NA,138,NA,NA,NA,4,3,NA,8,Heritage Spanish,NA,NA,NA,Production,Prod-01,0,NA,NA,NA,NA,NA,ve su niño,Omission,DOM,Masculine,Singular,NA,NA,NA,HS,7th/8th,Early,Yes,7,36,174,2026,0,0.5714285714285714,NA,NA,0.3798497831064895,1.376556461929396,"Full DP, no DOM"
H22,1,2,HS 7th/8th,8,NA,138,NA,NA,NA,4,3,NA,8,Heritage Spanish,NA,NA,NA,Production,Prod-04,0,NA,NA,NA,NA,NA,ve su niño,Omission,DOM,Masculine,Singular,NA,NA,NA,HS,7th/8th,Early,Yes,7,36,174,2026,0,0.5714285714285714,NA,NA,0.3798497831064895,1.376556461929396,"Full DP, no DOM"
H22,1,2,HS 7th/8th,8,NA,138,NA,NA,NA,4,3,NA,8,Heritage Spanish,NA,NA,NA,Production,Prod-08,0,NA,NA,NA,NA,NA,su ve su niño,Omission,DOM,Feminine,Singular,NA,NA,NA,HS,7th/8th,Early,Yes,7,36,174,2026,0,0.5714285714285714,NA,NA,0.3798497831064895,1.376556461929396,"Full DP, no DOM"
H22,1,2,HS 7th/8th,8,NA,138,NA,NA,NA,4,3,NA,8,Heritage Spanish,NA,NA,NA,Production,Prod-12,0,NA,NA,NA,NA,NA,se ve un niño,Omission,DOM,Masculine,Singular,NA,NA,NA,HS,7th/8th,Early,Yes,7,36,174,2026,0,0.5714285714285714,NA,NA,0.3798497831064895,1.376556461929396,"Full DP, no DOM"
H22,1,2,HS 7th/8th,8,NA,138,NA,NA,NA,4,3,NA,8,Heritage Spanish,NA,NA,NA,Production,Prod-16,0,NA,NA,NA,NA,NA,se ve el bebé,Omission,DOM,Masculine,Singular,NA,NA,NA,HS,7th/8th,Early,Yes,7,36,174,2026,0,0.5714285714285714,NA,NA,0.3798497831064895,1.376556461929396,"Full DP, no DOM"
H22,1,2,HS 7th/8th,8,NA,138,NA,NA,NA,4,3,NA,8,Heritage Spanish,NA,NA,NA,Production,Prod-20,0,NA,NA,NA,NA,NA,se ve una niña,Omission,DOM,Feminine,Singular,NA,NA,NA,HS,7th/8th,Early,Yes,7,36,174,2026,0,0.5714285714285714,NA,NA,0.3798497831064895,1.376556461929396,"Full DP, no DOM"
H22,1,2,HS 7th/8th,8,NA,138,NA,NA,NA,4,3,NA,8,Heritage Spanish,NA,NA,NA,Production,Prod-24,1,NA,NA,NA,NA,NA,se ve a dos niñas,NA,DOM,Feminine,Plural,NA,NA,NA,HS,7th/8th,Early,Yes,7,36,174,2026,1,0.5714285714285714,NA,NA,0.3798497831064895,1.376556461929396,NA
H22,1,2,HS 7th/8th,8,NA,138,NA,NA,NA,4,3,NA,8,Heritage Spanish,NA,NA,NA,Production,Prod-27,1,NA,NA,NA,NA,NA,se ve a sus amigos,NA,DOM,Feminine,Plural,NA,NA,NA,HS,7th/8th,Early,Yes,7,36,174,2026,1,0.5714285714285714,NA,NA,0.3798497831064895,1.376556461929396,NA
H23,1,1,L2L 4th/5th,5,11,137,NA,NA,NA,2,3,NA,8,L2 learner,L2,L2,L2,Production,Prod-01,0,NA,NA,NA,NA,NA,un niño,Omission,DOM,Masculine,Singular,NA,NA,NA,L2L,4th/5th,Early,Yes,5,0,137,2023,0,0.4,NA,NA,0.34155359229116605,0.06930530245169376,"DP, no verb, no DOM"
H23,1,1,L2L 4th/5th,5,11,137,NA,NA,NA,2,3,NA,8,L2 learner,L2,L2,L2,Production,Prod-04,0,NA,NA,NA,NA,NA,su hijo,Omission,DOM,Masculine,Singular,NA,NA,NA,L2L,4th/5th,Early,Yes,5,0,137,2023,0,0.4,NA,NA,0.34155359229116605,0.06930530245169376,"Full DP, no DOM"
H23,1,1,L2L 4th/5th,5,11,137,NA,NA,NA,2,3,NA,8,L2 learner,L2,L2,L2,Production,Prod-08,1,NA,NA,NA,NA,NA,ve a su niña,NA,DOM,Feminine,Singular,NA,NA,NA,L2L,4th/5th,Early,Yes,5,0,137,2023,1,0.4,NA,NA,0.34155359229116605,0.06930530245169376,NA
H23,1,1,L2L 4th/5th,5,11,137,NA,NA,NA,2,3,NA,8,L2 learner,L2,L2,L2,Production,Prod-12,1,NA,NA,NA,NA,NA,a un niño,NA,DOM,Masculine,Singular,NA,NA,NA,L2L,4th/5th,Early,Yes,5,0,137,2023,1,0.4,NA,NA,0.34155359229116605,0.06930530245169376,NA
H23,1,1,L2L 4th/5th,5,11,137,NA,NA,NA,2,3,NA,8,L2 learner,L2,L2,L2,Production,Prod-16,1,NA,NA,NA,NA,NA,a su hijo,NA,DOM,Masculine,Singular,NA,NA,NA,L2L,4th/5th,Early,Yes,5,0,137,2023,1,0.4,NA,NA,0.34155359229116605,0.06930530245169376,NA
H23,1,1,L2L 4th/5th,5,11,137,NA,NA,NA,2,3,NA,8,L2 learner,L2,L2,L2,Production,Prod-20,0,NA,NA,NA,NA,NA,la niña,NA,DOM,Feminine,Singular,NA,NA,NA,L2L,4th/5th,Early,Yes,5,0,137,2023,0,0.4,NA,NA,0.34155359229116605,0.06930530245169376,"Full DP, no DOM"
H23,1,1,L2L 4th/5th,5,11,137,NA,NA,NA,2,3,NA,8,L2 learner,L2,L2,L2,Production,Prod-24,0,NA,NA,NA,NA,NA,ve las niñas,Omission,DOM,Feminine,Plural,NA,NA,NA,L2L,4th/5th,Early,Yes,5,0,137,2023,0,0.4,NA,NA,0.34155359229116605,0.06930530245169376,"Full DP, no DOM"
H23,1,1,L2L 4th/5th,5,11,137,NA,NA,NA,2,3,NA,8,L2 learner,L2,L2,L2,Production,Prod-27,0,NA,NA,NA,NA,NA,ve las niñas,Omission,DOM,Feminine,Plural,NA,NA,NA,L2L,4th/5th,Early,Yes,5,0,137,2023,0,0.4,NA,NA,0.34155359229116605,0.06930530245169376,"Full DP, no DOM"
H23,1,2,L2L 7th/8th,8,NA,137,NA,NA,NA,2,3,NA,8,L2 learner,L2,L2,L2,Production,Prod-01,1,NA,NA,NA,NA,NA,ve al niño,NA,DOM,Masculine,Singular,NA,NA,NA,L2L,7th/8th,Early,Yes,5,36,173,2026,1,0.4,NA,NA,0.34155359229116605,1.3412253495110797,NA
H23,1,2,L2L 7th/8th,8,NA,137,NA,NA,NA,2,3,NA,8,L2 learner,L2,L2,L2,Production,Prod-04,1,NA,NA,NA,NA,NA,ve a su hijo,NA,DOM,Masculine,Singular,NA,NA,NA,L2L,7th/8th,Early,Yes,5,36,173,2026,1,0.4,NA,NA,0.34155359229116605,1.3412253495110797,NA
H23,1,2,L2L 7th/8th,8,NA,137,NA,NA,NA,2,3,NA,8,L2 learner,L2,L2,L2,Production,Prod-08,1,NA,NA,NA,NA,NA,ve a la niña,NA,DOM,Feminine,Singular,NA,NA,NA,L2L,7th/8th,Early,Yes,5,36,173,2026,1,0.4,NA,NA,0.34155359229116605,1.3412253495110797,NA
H23,1,2,L2L 7th/8th,8,NA,137,NA,NA,NA,2,3,NA,8,L2 learner,L2,L2,L2,Production,Prod-12,1,NA,NA,NA,NA,NA,ve a el niño,NA,DOM,Masculine,Singular,NA,NA,NA,L2L,7th/8th,Early,Yes,5,36,173,2026,1,0.4,NA,NA,0.34155359229116605,1.3412253495110797,NA
H23,1,2,L2L 7th/8th,8,NA,137,NA,NA,NA,2,3,NA,8,L2 learner,L2,L2,L2,Production,Prod-16,1,NA,NA,NA,NA,NA,ve a su hijo,NA,DOM,Masculine,Singular,NA,NA,NA,L2L,7th/8th,Early,Yes,5,36,173,2026,1,0.4,NA,NA,0.34155359229116605,1.3412253495110797,NA
H23,1,2,L2L 7th/8th,8,NA,137,NA,NA,NA,2,3,NA,8,L2 learner,L2,L2,L2,Production,Prod-20,1,NA,NA,NA,NA,NA,ve a la niña,NA,DOM,Feminine,Singular,NA,NA,NA,L2L,7th/8th,Early,Yes,5,36,173,2026,1,0.4,NA,NA,0.34155359229116605,1.3412253495110797,NA
H23,1,2,L2L 7th/8th,8,NA,137,NA,NA,NA,2,3,NA,8,L2 learner,L2,L2,L2,Production,Prod-24,1,NA,NA,NA,NA,NA,ve a las niñas,NA,DOM,Feminine,Plural,NA,NA,NA,L2L,7th/8th,Early,Yes,5,36,173,2026,1,0.4,NA,NA,0.34155359229116605,1.3412253495110797,NA
H23,1,2,L2L 7th/8th,8,NA,137,NA,NA,NA,2,3,NA,8,L2 learner,L2,L2,L2,Production,Prod-27,1,NA,NA,NA,NA,NA,ve a sus hijas,NA,DOM,Feminine,Plural,NA,NA,NA,L2L,7th/8th,Early,Yes,5,36,173,2026,1,0.4,NA,NA,0.34155359229116605,1.3412253495110797,NA
H24,1,1,HS 4th/5th,5,11,138,NA,NA,NA,2,3,NA,8,Heritage Spanish,NA,NA,NA,Production,Prod-01,0,NA,NA,NA,NA,NA,su hijo,Omission,DOM,Masculine,Singular,NA,NA,NA,HS,4th/5th,Early,Yes,5,0,138,2023,0,0.4,NA,NA,0.3798497831064895,0.10463641487001005,NA
H24,1,1,HS 4th/5th,5,11,138,NA,NA,NA,2,3,NA,8,Heritage Spanish,NA,NA,NA,Production,Prod-04,0,NA,NA,NA,NA,NA,hijo,Omission,DOM,Masculine,Singular,NA,NA,NA,HS,4th/5th,Early,Yes,5,0,138,2023,0,0.4,NA,NA,0.3798497831064895,0.10463641487001005,NA
H24,1,1,HS 4th/5th,5,11,138,NA,NA,NA,2,3,NA,8,Heritage Spanish,NA,NA,NA,Production,Prod-08,0,NA,NA,NA,NA,NA,su sobrina,Omission,DOM,Feminine,Singular,NA,NA,NA,HS,4th/5th,Early,Yes,5,0,138,2023,0,0.4,NA,NA,0.3798497831064895,0.10463641487001005,NA
H24,1,1,HS 4th/5th,5,11,138,NA,NA,NA,2,3,NA,8,Heritage Spanish,NA,NA,NA,Production,Prod-12,0,NA,NA,NA,NA,NA,su amigo,Omission,DOM,Masculine,Singular,NA,NA,NA,HS,4th/5th,Early,Yes,5,0,138,2023,0,0.4,NA,NA,0.3798497831064895,0.10463641487001005,NA
H24,1,1,HS 4th/5th,5,11,138,NA,NA,NA,2,3,NA,8,Heritage Spanish,NA,NA,NA,Production,Prod-16,0,NA,NA,NA,NA,NA,su bebé,Omission,DOM,Masculine,Singular,NA,NA,NA,HS,4th/5th,Early,Yes,5,0,138,2023,0,0.4,NA,NA,0.3798497831064895,0.10463641487001005,NA
H24,1,1,HS 4th/5th,5,11,138,NA,NA,NA,2,3,NA,8,Heritage Spanish,NA,NA,NA,Production,Prod-20,0,NA,NA,NA,NA,NA,una niña,Omission,DOM,Feminine,Singular,NA,NA,NA,HS,4th/5th,Early,Yes,5,0,138,2023,0,0.4,NA,NA,0.3798497831064895,0.10463641487001005,NA
H24,1,1,HS 4th/5th,5,11,138,NA,NA,NA,2,3,NA,8,Heritage Spanish,NA,NA,NA,Production,Prod-24,0,NA,NA,NA,NA,NA,ve dos niñas,Omission,DOM,Feminine,Plural,NA,NA,NA,HS,4th/5th,Early,Yes,5,0,138,2023,0,0.4,NA,NA,0.3798497831064895,0.10463641487001005,NA
H24,1,1,HS 4th/5th,5,11,138,NA,NA,NA,2,3,NA,8,Heritage Spanish,NA,NA,NA,Production,Prod-27,0,NA,NA,NA,NA,NA,ve sus hijas,Omission,DOM,Feminine,Plural,NA,NA,NA,HS,4th/5th,Early,Yes,5,0,138,2023,0,0.4,NA,NA,0.3798497831064895,0.10463641487001005,NA
H24,1,2,HS 7th/8th,8,NA,138,NA,NA,NA,2,3,NA,8,Heritage Spanish,NA,NA,NA,Production,Prod-01,1,NA,NA,NA,NA,NA,a su hijo,NA,DOM,Masculine,Singular,NA,NA,NA,HS,7th/8th,Early,Yes,5,36,174,2026,1,0.4,NA,NA,0.3798497831064895,1.376556461929396,NA
H24,1,2,HS 7th/8th,8,NA,138,NA,NA,NA,2,3,NA,8,Heritage Spanish,NA,NA,NA,Production,Prod-04,1,NA,NA,NA,NA,NA,ve a su hijo,NA,DOM,Masculine,Singular,NA,NA,NA,HS,7th/8th,Early,Yes,5,36,174,2026,1,0.4,NA,NA,0.3798497831064895,1.376556461929396,NA
H24,1,2,HS 7th/8th,8,NA,138,NA,NA,NA,2,3,NA,8,Heritage Spanish,NA,NA,NA,Production,Prod-08,1,NA,NA,NA,NA,NA,a su sobrina,NA,DOM,Feminine,Singular,NA,NA,NA,HS,7th/8th,Early,Yes,5,36,174,2026,1,0.4,NA,NA,0.3798497831064895,1.376556461929396,NA
H24,1,2,HS 7th/8th,8,NA,138,NA,NA,NA,2,3,NA,8,Heritage Spanish,NA,NA,NA,Production,Prod-12,0,NA,NA,NA,NA,NA,su dueño,Omission,DOM,Masculine,Singular,NA,NA,NA,HS,7th/8th,Early,Yes,5,36,174,2026,0,0.4,NA,NA,0.3798497831064895,1.376556461929396,NA
H24,1,2,HS 7th/8th,8,NA,138,NA,NA,NA,2,3,NA,8,Heritage Spanish,NA,NA,NA,Production,Prod-16,1,NA,NA,NA,NA,NA,a su niño,NA,DOM,Masculine,Singular,NA,NA,NA,HS,7th/8th,Early,Yes,5,36,174,2026,1,0.4,NA,NA,0.3798497831064895,1.376556461929396,NA
H24,1,2,HS 7th/8th,8,NA,138,NA,NA,NA,2,3,NA,8,Heritage Spanish,NA,NA,NA,Production,Prod-20,1,NA,NA,NA,NA,NA,a una niña,NA,DOM,Feminine,Singular,NA,NA,NA,HS,7th/8th,Early,Yes,5,36,174,2026,1,0.4,NA,NA,0.3798497831064895,1.376556461929396,NA
H24,1,2,HS 7th/8th,8,NA,138,NA,NA,NA,2,3,NA,8,Heritage Spanish,NA,NA,NA,Production,Prod-24,1,NA,NA,NA,NA,NA,a dos niñas,NA,DOM,Feminine,Plural,NA,NA,NA,HS,7th/8th,Early,Yes,5,36,174,2026,1,0.4,NA,NA,0.3798497831064895,1.376556461929396,NA
H24,1,2,HS 7th/8th,8,NA,138,NA,NA,NA,2,3,NA,8,Heritage Spanish,NA,NA,NA,Production,Prod-27,0,NA,NA,NA,NA,NA,sus hijas,Omission,DOM,Feminine,Plural,NA,NA,NA,HS,7th/8th,Early,Yes,5,36,174,2026,0,0.4,NA,NA,0.3798497831064895,1.376556461929396,NA
H25,1,1,HS 4th/5th,5,10,128,NA,NA,NA,4,2,NA,7,Heritage Spanish,NA,NA,NA,Production,Prod-01,0,NA,NA,NA,NA,NA,el niño,Omission,DOM,Masculine,Singular,NA,NA,NA,HS,4th/5th,Early,Yes,6,0,128,2023,0,0.6666666666666666,NA,NA,-0.0031121250467449975,-0.24867470931315272,"DP, no verb, no DOM"
H25,1,1,HS 4th/5th,5,10,128,NA,NA,NA,4,2,NA,7,Heritage Spanish,NA,NA,NA,Production,Prod-04,0,NA,NA,NA,NA,NA,el niño,Omission,DOM,Masculine,Singular,NA,NA,NA,HS,4th/5th,Early,Yes,6,0,128,2023,0,0.6666666666666666,NA,NA,-0.0031121250467449975,-0.24867470931315272,"DP, no verb, no DOM"
H25,1,1,HS 4th/5th,5,10,128,NA,NA,NA,4,2,NA,7,Heritage Spanish,NA,NA,NA,Production,Prod-08,NA,NA,NA,NA,NA,NA,"el perro, la niña",Omission,DOM,Feminine,Singular,NA,NA,NA,HS,4th/5th,Early,Yes,6,0,128,2023,NA,0.6666666666666666,NA,NA,-0.0031121250467449975,-0.24867470931315272,Unintelligible/cannot tell
H25,1,1,HS 4th/5th,5,10,128,NA,NA,NA,4,2,NA,7,Heritage Spanish,NA,NA,NA,Production,Prod-12,0,NA,NA,NA,NA,NA,el niño,Omission,DOM,Masculine,Singular,NA,NA,NA,HS,4th/5th,Early,Yes,6,0,128,2023,0,0.6666666666666666,NA,NA,-0.0031121250467449975,-0.24867470931315272,"DP, no verb, no DOM"
H25,1,1,HS 4th/5th,5,10,128,NA,NA,NA,4,2,NA,7,Heritage Spanish,NA,NA,NA,Production,Prod-16,0,NA,NA,NA,NA,NA,el niño,Omission,DOM,Masculine,Singular,NA,NA,NA,HS,4th/5th,Early,Yes,6,0,128,2023,0,0.6666666666666666,NA,NA,-0.0031121250467449975,-0.24867470931315272,"DP, no verb, no DOM"
H25,1,1,HS 4th/5th,5,10,128,NA,NA,NA,4,2,NA,7,Heritage Spanish,NA,NA,NA,Production,Prod-20,0,NA,NA,NA,NA,NA,la niña,Omission,DOM,Feminine,Singular,NA,NA,NA,HS,4th/5th,Early,Yes,6,0,128,2023,0,0.6666666666666666,NA,NA,-0.0031121250467449975,-0.24867470931315272,"DP, no verb, no DOM"
H25,1,1,HS 4th/5th,5,10,128,NA,NA,NA,4,2,NA,7,Heritage Spanish,NA,NA,NA,Production,Prod-24,0,NA,NA,NA,NA,NA,las niñas,Omission,DOM,Feminine,Plural,NA,NA,NA,HS,4th/5th,Early,Yes,6,0,128,2023,0,0.6666666666666666,NA,NA,-0.0031121250467449975,-0.24867470931315272,"DP, no verb, no DOM"
H25,1,1,HS 4th/5th,5,10,128,NA,NA,NA,4,2,NA,7,Heritage Spanish,NA,NA,NA,Production,Prod-27,0,NA,NA,NA,NA,NA,las niñas,Omission,DOM,Feminine,Plural,NA,NA,NA,HS,4th/5th,Early,Yes,6,0,128,2023,0,0.6666666666666666,NA,NA,-0.0031121250467449975,-0.24867470931315272,"DP, no verb, no DOM"
H25,1,2,HS 7th/8th,8,10,128,NA,NA,NA,4,2,NA,7,Heritage Spanish,NA,NA,NA,Production,Prod-01,1,NA,NA,NA,NA,NA,se ve a un niño,NA,DOM,Masculine,Singular,NA,NA,NA,HS,7th/8th,Early,Yes,6,36,164,2026,1,0.6666666666666666,NA,NA,-0.0031121250467449975,1.0232453377462332,NA
H25,1,2,HS 7th/8th,8,10,128,NA,NA,NA,4,2,NA,7,Heritage Spanish,NA,NA,NA,Production,Prod-04,1,NA,NA,NA,NA,NA,se ve a su niño,NA,DOM,Masculine,Singular,NA,NA,NA,HS,7th/8th,Early,Yes,6,36,164,2026,1,0.6666666666666666,NA,NA,-0.0031121250467449975,1.0232453377462332,NA
H25,1,2,HS 7th/8th,8,10,128,NA,NA,NA,4,2,NA,7,Heritage Spanish,NA,NA,NA,Production,Prod-08,1,NA,NA,NA,NA,NA,se ve a su nieta,NA,DOM,Feminine,Singular,NA,NA,NA,HS,7th/8th,Early,Yes,6,36,164,2026,1,0.6666666666666666,NA,NA,-0.0031121250467449975,1.0232453377462332,NA
H25,1,2,HS 7th/8th,8,10,128,NA,NA,NA,4,2,NA,7,Heritage Spanish,NA,NA,NA,Production,Prod-12,1,NA,NA,NA,NA,NA,se ve al niño,NA,DOM,Masculine,Singular,NA,NA,NA,HS,7th/8th,Early,Yes,6,36,164,2026,1,0.6666666666666666,NA,NA,-0.0031121250467449975,1.0232453377462332,"Full DP, no DOM"
H25,1,2,HS 7th/8th,8,10,128,NA,NA,NA,4,2,NA,7,Heritage Spanish,NA,NA,NA,Production,Prod-16,1,NA,NA,NA,NA,NA,a su niño,NA,DOM,Masculine,Singular,NA,NA,NA,HS,7th/8th,Early,Yes,6,36,164,2026,1,0.6666666666666666,NA,NA,-0.0031121250467449975,1.0232453377462332,NA
H25,1,2,HS 7th/8th,8,10,128,NA,NA,NA,4,2,NA,7,Heritage Spanish,NA,NA,NA,Production,Prod-20,1,NA,NA,NA,NA,NA,se ve a la niña,NA,DOM,Feminine,Singular,NA,NA,NA,HS,7th/8th,Early,Yes,6,36,164,2026,1,0.6666666666666666,NA,NA,-0.0031121250467449975,1.0232453377462332,NA
H25,1,2,HS 7th/8th,8,10,128,NA,NA,NA,4,2,NA,7,Heritage Spanish,NA,NA,NA,Production,Prod-24,1,NA,NA,NA,NA,NA,se ve a los niñas,NA,DOM,Feminine,Plural,NA,NA,NA,HS,7th/8th,Early,Yes,6,36,164,2026,1,0.6666666666666666,NA,NA,-0.0031121250467449975,1.0232453377462332,NA
H25,1,2,HS 7th/8th,8,10,128,NA,NA,NA,4,2,NA,7,Heritage Spanish,NA,NA,NA,Production,Prod-27,1,NA,NA,NA,NA,NA,se vean a los niñas,NA,DOM,Feminine,Plural,NA,NA,NA,HS,7th/8th,Early,Yes,6,36,164,2026,1,0.6666666666666666,NA,NA,-0.0031121250467449975,1.0232453377462332,NA
H26,1,1,HS 4th/5th,5,NA,132,NA,NA,NA,1,3,NA,8,Heritage Spanish,NA,NA,NA,Production,Prod-01,0,NA,NA,NA,NA,NA,su niño,Omission,DOM,Masculine,Singular,NA,NA,NA,HS,4th/5th,Early,Yes,4,0,132,2023,0,0.25,NA,NA,0.1500726382145488,-0.10735025963988762,NA
H26,1,1,HS 4th/5th,5,NA,132,NA,NA,NA,1,3,NA,8,Heritage Spanish,NA,NA,NA,Production,Prod-04,1,NA,NA,NA,NA,NA,a niña,NA,DOM,Masculine,Singular,NA,NA,NA,HS,4th/5th,Early,Yes,4,0,132,2023,1,0.25,NA,NA,0.1500726382145488,-0.10735025963988762,NA
H26,1,1,HS 4th/5th,5,NA,132,NA,NA,NA,1,3,NA,8,Heritage Spanish,NA,NA,NA,Production,Prod-08,1,NA,NA,NA,NA,NA,a la niñeta,NA,DOM,Feminine,Singular,NA,NA,NA,HS,4th/5th,Early,Yes,4,0,132,2023,1,0.25,NA,NA,0.1500726382145488,-0.10735025963988762,NA
H26,1,1,HS 4th/5th,5,NA,132,NA,NA,NA,1,3,NA,8,Heritage Spanish,NA,NA,NA,Production,Prod-12,0,NA,NA,NA,NA,NA,la niña,Omission,DOM,Masculine,Singular,NA,NA,NA,HS,4th/5th,Early,Yes,4,0,132,2023,0,0.25,NA,NA,0.1500726382145488,-0.10735025963988762,NA
H26,1,1,HS 4th/5th,5,NA,132,NA,NA,NA,1,3,NA,8,Heritage Spanish,NA,NA,NA,Production,Prod-16,1,NA,NA,NA,NA,NA,a niña,NA,DOM,Masculine,Singular,NA,NA,NA,HS,4th/5th,Early,Yes,4,0,132,2023,1,0.25,NA,NA,0.1500726382145488,-0.10735025963988762,NA
H26,1,1,HS 4th/5th,5,NA,132,NA,NA,NA,1,3,NA,8,Heritage Spanish,NA,NA,NA,Production,Prod-20,1,NA,NA,NA,NA,NA,a niña,NA,DOM,Feminine,Singular,NA,NA,NA,HS,4th/5th,Early,Yes,4,0,132,2023,1,0.25,NA,NA,0.1500726382145488,-0.10735025963988762,NA
H26,1,1,HS 4th/5th,5,NA,132,NA,NA,NA,1,3,NA,8,Heritage Spanish,NA,NA,NA,Production,Prod-24,1,NA,NA,NA,NA,NA,a los dos niños,NA,DOM,Feminine,Plural,NA,NA,NA,HS,4th/5th,Early,Yes,4,0,132,2023,1,0.25,NA,NA,0.1500726382145488,-0.10735025963988762,NA
H26,1,1,HS 4th/5th,5,NA,132,NA,NA,NA,1,3,NA,8,Heritage Spanish,NA,NA,NA,Production,Prod-27,0,NA,NA,NA,NA,NA,los dos niñas,Omission,DOM,Feminine,Plural,NA,NA,NA,HS,4th/5th,Early,Yes,4,0,132,2023,0,0.25,NA,NA,0.1500726382145488,-0.10735025963988762,NA
H27,1,1,L2L 4th/5th,5,11,133,NA,NA,NA,3,6,4,8,Japanese,Yes,No,No,Production,Prod-01,0,NA,NA,NA,NA,NA,un niño,Omission,DOM,Masculine,Singular,NA,NA,NA,L2L,4th/5th,Early,Yes,9,0,133,2023,0,0.3333333333333333,NA,NA,0.18836882902987226,-0.07201914722157134,NA
H27,1,1,L2L 4th/5th,5,11,133,NA,NA,NA,3,6,4,8,Japanese,Yes,No,No,Production,Prod-04,1,NA,NA,NA,NA,NA,ve a su niño,NA,DOM,Masculine,Singular,NA,NA,NA,L2L,4th/5th,Early,Yes,9,0,133,2023,1,0.3333333333333333,NA,NA,0.18836882902987226,-0.07201914722157134,NA
H27,1,1,L2L 4th/5th,5,11,133,NA,NA,NA,3,6,4,8,Japanese,Yes,No,No,Production,Prod-08,1,NA,NA,NA,NA,NA,a un perro y una niña,NA,DOM,Feminine,Singular,NA,NA,NA,L2L,4th/5th,Early,Yes,9,0,133,2023,1,0.3333333333333333,NA,NA,0.18836882902987226,-0.07201914722157134,NA
H27,1,1,L2L 4th/5th,5,11,133,NA,NA,NA,3,6,4,8,Japanese,Yes,No,No,Production,Prod-12,1,NA,NA,NA,NA,NA,a un niño,NA,DOM,Masculine,Singular,NA,NA,NA,L2L,4th/5th,Early,Yes,9,0,133,2023,1,0.3333333333333333,NA,NA,0.18836882902987226,-0.07201914722157134,NA
H27,1,1,L2L 4th/5th,5,11,133,NA,NA,NA,3,6,4,8,Japanese,Yes,No,No,Production,Prod-16,1,NA,NA,NA,NA,NA,ve a su niño,NA,DOM,Masculine,Singular,NA,NA,NA,L2L,4th/5th,Early,Yes,9,0,133,2023,1,0.3333333333333333,NA,NA,0.18836882902987226,-0.07201914722157134,NA
H27,1,1,L2L 4th/5th,5,11,133,NA,NA,NA,3,6,4,8,Japanese,Yes,No,No,Production,Prod-20,1,NA,NA,NA,NA,NA,a una niña,NA,DOM,Feminine,Singular,NA,NA,NA,L2L,4th/5th,Early,Yes,9,0,133,2023,1,0.3333333333333333,NA,NA,0.18836882902987226,-0.07201914722157134,NA
H27,1,1,L2L 4th/5th,5,11,133,NA,NA,NA,3,6,4,8,Japanese,Yes,No,No,Production,Prod-24,1,NA,NA,NA,NA,NA,a dos niñas,NA,DOM,Feminine,Plural,NA,NA,NA,L2L,4th/5th,Early,Yes,9,0,133,2023,1,0.3333333333333333,NA,NA,0.18836882902987226,-0.07201914722157134,NA
H27,1,1,L2L 4th/5th,5,11,133,NA,NA,NA,3,6,4,8,Japanese,Yes,No,No,Production,Prod-27,1,NA,NA,NA,NA,NA,ve a dos niñas,NA,DOM,Feminine,Plural,NA,NA,NA,L2L,4th/5th,Early,Yes,9,0,133,2023,1,0.3333333333333333,NA,NA,0.18836882902987226,-0.07201914722157134,NA
H27,1,2,L2L 7th/8th,8,11,133,NA,NA,NA,3,6,4,8,Japanese,Yes,No,No,Production,Prod-01,1,NA,NA,NA,NA,NA,ve a su hijo,NA,DOM,Masculine,Singular,NA,NA,NA,L2L,7th/8th,Early,Yes,9,36,169,2026,1,0.3333333333333333,NA,NA,0.18836882902987226,1.1999008998378147,NA
H27,1,2,L2L 7th/8th,8,11,133,NA,NA,NA,3,6,4,8,Japanese,Yes,No,No,Production,Prod-04,1,NA,NA,NA,NA,NA,a su hijo,NA,DOM,Masculine,Singular,NA,NA,NA,L2L,7th/8th,Early,Yes,9,36,169,2026,1,0.3333333333333333,NA,NA,0.18836882902987226,1.1999008998378147,NA
H27,1,2,L2L 7th/8th,8,11,133,NA,NA,NA,3,6,4,8,Japanese,Yes,No,No,Production,Prod-08,1,NA,NA,NA,NA,NA,a su hija,NA,DOM,Feminine,Singular,NA,NA,NA,L2L,7th/8th,Early,Yes,9,36,169,2026,1,0.3333333333333333,NA,NA,0.18836882902987226,1.1999008998378147,NA
H27,1,2,L2L 7th/8th,8,11,133,NA,NA,NA,3,6,4,8,Japanese,Yes,No,No,Production,Prod-12,1,NA,NA,NA,NA,NA,ve a un niño,NA,DOM,Masculine,Singular,NA,NA,NA,L2L,7th/8th,Early,Yes,9,36,169,2026,1,0.3333333333333333,NA,NA,0.18836882902987226,1.1999008998378147,NA
H27,1,2,L2L 7th/8th,8,11,133,NA,NA,NA,3,6,4,8,Japanese,Yes,No,No,Production,Prod-16,1,NA,NA,NA,NA,NA,ve a su hijo,NA,DOM,Masculine,Singular,NA,NA,NA,L2L,7th/8th,Early,Yes,9,36,169,2026,1,0.3333333333333333,NA,NA,0.18836882902987226,1.1999008998378147,NA
H27,1,2,L2L 7th/8th,8,11,133,NA,NA,NA,3,6,4,8,Japanese,Yes,No,No,Production,Prod-20,1,NA,NA,NA,NA,NA,a una niña,NA,DOM,Feminine,Singular,NA,NA,NA,L2L,7th/8th,Early,Yes,9,36,169,2026,1,0.3333333333333333,NA,NA,0.18836882902987226,1.1999008998378147,NA
H27,1,2,L2L 7th/8th,8,11,133,NA,NA,NA,3,6,4,8,Japanese,Yes,No,No,Production,Prod-24,1,NA,NA,NA,NA,NA,se ve a los niñas,NA,DOM,Feminine,Plural,NA,NA,NA,L2L,7th/8th,Early,Yes,9,36,169,2026,1,0.3333333333333333,NA,NA,0.18836882902987226,1.1999008998378147,NA
H27,1,2,L2L 7th/8th,8,11,133,NA,NA,NA,3,6,4,8,Japanese,Yes,No,No,Production,Prod-27,1,NA,NA,NA,NA,NA,se ve a las niñas,NA,DOM,Feminine,Plural,NA,NA,NA,L2L,7th/8th,Early,Yes,9,36,169,2026,1,0.3333333333333333,NA,NA,0.18836882902987226,1.1999008998378147,NA
H28,1,1,L2L 4th/5th,5,NA,139,NA,NA,NA,2,4,NA,8,"French, Turkish",Yes,Yes,Yes,Production,Prod-01,0,NA,NA,NA,NA,NA,el niño,Omission,DOM,Masculine,Singular,NA,NA,NA,L2L,4th/5th,Early,Yes,6,0,139,2023,0,0.3333333333333333,NA,NA,0.41814597392181296,0.13996752728832632,"DP, no verb, no DOM"
H28,1,1,L2L 4th/5th,5,NA,139,NA,NA,NA,2,4,NA,8,"French, Turkish",Yes,Yes,Yes,Production,Prod-04,0,NA,NA,NA,NA,NA,el niño,Omission,DOM,Masculine,Singular,NA,NA,NA,L2L,4th/5th,Early,Yes,6,0,139,2023,0,0.3333333333333333,NA,NA,0.41814597392181296,0.13996752728832632,"DP, no verb, no DOM"
H28,1,1,L2L 4th/5th,5,NA,139,NA,NA,NA,2,4,NA,8,"French, Turkish",Yes,Yes,Yes,Production,Prod-08,0,NA,NA,NA,NA,NA,la niña y el perro,Omission,DOM,Feminine,Singular,NA,NA,NA,L2L,4th/5th,Early,Yes,6,0,139,2023,0,0.3333333333333333,NA,NA,0.41814597392181296,0.13996752728832632,"DP, no verb, no DOM"
H28,1,1,L2L 4th/5th,5,NA,139,NA,NA,NA,2,4,NA,8,"French, Turkish",Yes,Yes,Yes,Production,Prod-12,0,NA,NA,NA,NA,NA,el niño,Omission,DOM,Masculine,Singular,NA,NA,NA,L2L,4th/5th,Early,Yes,6,0,139,2023,0,0.3333333333333333,NA,NA,0.41814597392181296,0.13996752728832632,"DP, no verb, no DOM"
H28,1,1,L2L 4th/5th,5,NA,139,NA,NA,NA,2,4,NA,8,"French, Turkish",Yes,Yes,Yes,Production,Prod-16,0,NA,NA,NA,NA,NA,el niño,Omission,DOM,Masculine,Singular,NA,NA,NA,L2L,4th/5th,Early,Yes,6,0,139,2023,0,0.3333333333333333,NA,NA,0.41814597392181296,0.13996752728832632,"DP, no verb, no DOM"
H28,1,1,L2L 4th/5th,5,NA,139,NA,NA,NA,2,4,NA,8,"French, Turkish",Yes,Yes,Yes,Production,Prod-20,0,NA,NA,NA,NA,NA,la niña,Omission,DOM,Feminine,Singular,NA,NA,NA,L2L,4th/5th,Early,Yes,6,0,139,2023,0,0.3333333333333333,NA,NA,0.41814597392181296,0.13996752728832632,"DP, no verb, no DOM"
H28,1,1,L2L 4th/5th,5,NA,139,NA,NA,NA,2,4,NA,8,"French, Turkish",Yes,Yes,Yes,Production,Prod-24,0,NA,NA,NA,NA,NA,las niñas,Omission,DOM,Feminine,Plural,NA,NA,NA,L2L,4th/5th,Early,Yes,6,0,139,2023,0,0.3333333333333333,NA,NA,0.41814597392181296,0.13996752728832632,"DP, no verb, no DOM"
H28,1,1,L2L 4th/5th,5,NA,139,NA,NA,NA,2,4,NA,8,"French, Turkish",Yes,Yes,Yes,Production,Prod-27,0,NA,NA,NA,NA,NA,las niñas,Omission,DOM,Feminine,Plural,NA,NA,NA,L2L,4th/5th,Early,Yes,6,0,139,2023,0,0.3333333333333333,NA,NA,0.41814597392181296,0.13996752728832632,"DP, no verb, no DOM"
H28,1,2,L2L 7th/8th,8,NA,139,NA,NA,NA,2,4,NA,8,"French, Turkish",Yes,Yes,Yes,Production,Prod-01,1,NA,NA,NA,NA,NA,ve a un niño,NA,DOM,Masculine,Singular,NA,NA,NA,L2L,7th/8th,Early,Yes,6,36,175,2026,1,0.3333333333333333,NA,NA,0.41814597392181296,1.4118875743477124,NA
H28,1,2,L2L 7th/8th,8,NA,139,NA,NA,NA,2,4,NA,8,"French, Turkish",Yes,Yes,Yes,Production,Prod-04,1,NA,NA,NA,NA,NA,ve a su hijo,NA,DOM,Masculine,Singular,NA,NA,NA,L2L,7th/8th,Early,Yes,6,36,175,2026,1,0.3333333333333333,NA,NA,0.41814597392181296,1.4118875743477124,NA
H28,1,2,L2L 7th/8th,8,NA,139,NA,NA,NA,2,4,NA,8,"French, Turkish",Yes,Yes,Yes,Production,Prod-08,1,NA,NA,NA,NA,NA,ve a una niña,NA,DOM,Feminine,Singular,NA,NA,NA,L2L,7th/8th,Early,Yes,6,36,175,2026,1,0.3333333333333333,NA,NA,0.41814597392181296,1.4118875743477124,NA
H28,1,2,L2L 7th/8th,8,NA,139,NA,NA,NA,2,4,NA,8,"French, Turkish",Yes,Yes,Yes,Production,Prod-12,1,NA,NA,NA,NA,NA,ve a un niño,NA,DOM,Masculine,Singular,NA,NA,NA,L2L,7th/8th,Early,Yes,6,36,175,2026,1,0.3333333333333333,NA,NA,0.41814597392181296,1.4118875743477124,NA
H28,1,2,L2L 7th/8th,8,NA,139,NA,NA,NA,2,4,NA,8,"French, Turkish",Yes,Yes,Yes,Production,Prod-16,1,NA,NA,NA,NA,NA,ve a su hijo,NA,DOM,Masculine,Singular,NA,NA,NA,L2L,7th/8th,Early,Yes,6,36,175,2026,1,0.3333333333333333,NA,NA,0.41814597392181296,1.4118875743477124,NA
H28,1,2,L2L 7th/8th,8,NA,139,NA,NA,NA,2,4,NA,8,"French, Turkish",Yes,Yes,Yes,Production,Prod-20,1,NA,NA,NA,NA,NA,ve a una niñas,NA,DOM,Feminine,Singular,NA,NA,NA,L2L,7th/8th,Early,Yes,6,36,175,2026,1,0.3333333333333333,NA,NA,0.41814597392181296,1.4118875743477124,NA
H28,1,2,L2L 7th/8th,8,NA,139,NA,NA,NA,2,4,NA,8,"French, Turkish",Yes,Yes,Yes,Production,Prod-24,1,NA,NA,NA,NA,NA,ve a dos niñas,NA,DOM,Feminine,Plural,NA,NA,NA,L2L,7th/8th,Early,Yes,6,36,175,2026,1,0.3333333333333333,NA,NA,0.41814597392181296,1.4118875743477124,NA
H28,1,2,L2L 7th/8th,8,NA,139,NA,NA,NA,2,4,NA,8,"French, Turkish",Yes,Yes,Yes,Production,Prod-27,1,NA,NA,NA,NA,NA,ve a dos niñas,NA,DOM,Feminine,Plural,NA,NA,NA,L2L,7th/8th,Early,Yes,6,36,175,2026,1,0.3333333333333333,NA,NA,0.41814597392181296,1.4118875743477124,NA
H29,1,1,L2L 4th/5th,5,11,138,NA,NA,NA,3,3,3,7,"Ukrainian, Russian",Yes,Yes,Yes,Production,Prod-01,0,NA,NA,NA,NA,NA,ve el niño,Omission,DOM,Masculine,Singular,NA,NA,NA,L2L,4th/5th,Early,Yes,6,0,138,2023,0,0.5,NA,NA,0.3798497831064895,0.10463641487001005,"Full DP, no DOM"
H29,1,1,L2L 4th/5th,5,11,138,NA,NA,NA,3,3,3,7,"Ukrainian, Russian",Yes,Yes,Yes,Production,Prod-04,0,NA,NA,NA,NA,NA,su niño,Omission,DOM,Masculine,Singular,NA,NA,NA,L2L,4th/5th,Early,Yes,6,0,138,2023,0,0.5,NA,NA,0.3798497831064895,0.10463641487001005,"Full DP, no DOM"
H29,1,1,L2L 4th/5th,5,11,138,NA,NA,NA,3,3,3,7,"Ukrainian, Russian",Yes,Yes,Yes,Production,Prod-08,0,NA,NA,NA,NA,NA,ve una niña,Omission,DOM,Feminine,Singular,NA,NA,NA,L2L,4th/5th,Early,Yes,6,0,138,2023,0,0.5,NA,NA,0.3798497831064895,0.10463641487001005,"Full DP, no DOM"
H29,1,1,L2L 4th/5th,5,11,138,NA,NA,NA,3,3,3,7,"Ukrainian, Russian",Yes,Yes,Yes,Production,Prod-12,0,NA,NA,NA,NA,NA,va un niño,Omission,DOM,Masculine,Singular,NA,NA,NA,L2L,4th/5th,Early,Yes,6,0,138,2023,0,0.5,NA,NA,0.3798497831064895,0.10463641487001005,"Full DP, no DOM"
H29,1,1,L2L 4th/5th,5,11,138,NA,NA,NA,3,3,3,7,"Ukrainian, Russian",Yes,Yes,Yes,Production,Prod-16,0,NA,NA,NA,NA,NA,"ve su niño, un bebé",Indicative,DOM,Masculine,Singular,NA,NA,NA,L2L,4th/5th,Early,Yes,6,0,138,2023,0,0.5,NA,NA,0.3798497831064895,0.10463641487001005,"Full DP, no DOM"
H29,1,1,L2L 4th/5th,5,11,138,NA,NA,NA,3,3,3,7,"Ukrainian, Russian",Yes,Yes,Yes,Production,Prod-20,1,NA,NA,NA,NA,NA,ve una niña,Omission,DOM,Feminine,Singular,NA,NA,NA,L2L,4th/5th,Early,Yes,6,0,138,2023,1,0.5,NA,NA,0.3798497831064895,0.10463641487001005,NA
H29,1,1,L2L 4th/5th,5,11,138,NA,NA,NA,3,3,3,7,"Ukrainian, Russian",Yes,Yes,Yes,Production,Prod-24,0,NA,NA,NA,NA,NA,ve unas niñas,Omission,DOM,Feminine,Plural,NA,NA,NA,L2L,4th/5th,Early,Yes,6,0,138,2023,0,0.5,NA,NA,0.3798497831064895,0.10463641487001005,"Full DP, no DOM"
H29,1,1,L2L 4th/5th,5,11,138,NA,NA,NA,3,3,3,7,"Ukrainian, Russian",Yes,Yes,Yes,Production,Prod-27,1,NA,NA,NA,NA,NA,ve a sus niñas,NA,DOM,Feminine,Plural,NA,NA,NA,L2L,4th/5th,Early,Yes,6,0,138,2023,1,0.5,NA,NA,0.3798497831064895,0.10463641487001005,NA
H29,1,2,L2L 7th/8th,8,NA,138,NA,NA,NA,3,3,3,7,"Ukrainian, Russian",Yes,Yes,Yes,Production,Prod-01,0,NA,NA,NA,NA,NA,ve el niño,Omission,DOM,Masculine,Singular,NA,NA,NA,L2L,7th/8th,Early,Yes,6,36,174,2026,0,0.5,NA,NA,0.3798497831064895,1.376556461929396,"Full DP, no DOM"
H29,1,2,L2L 7th/8th,8,NA,138,NA,NA,NA,3,3,3,7,"Ukrainian, Russian",Yes,Yes,Yes,Production,Prod-04,0,NA,NA,NA,NA,NA,se ve su niño,Omission,DOM,Masculine,Singular,NA,NA,NA,L2L,7th/8th,Early,Yes,6,36,174,2026,0,0.5,NA,NA,0.3798497831064895,1.376556461929396,"Full DP, no DOM"
H29,1,2,L2L 7th/8th,8,NA,138,NA,NA,NA,3,3,3,7,"Ukrainian, Russian",Yes,Yes,Yes,Production,Prod-08,1,NA,NA,NA,NA,NA,se ve a una niña,NA,DOM,Feminine,Singular,NA,NA,NA,L2L,7th/8th,Early,Yes,6,36,174,2026,1,0.5,NA,NA,0.3798497831064895,1.376556461929396,NA
H29,1,2,L2L 7th/8th,8,NA,138,NA,NA,NA,3,3,3,7,"Ukrainian, Russian",Yes,Yes,Yes,Production,Prod-12,1,NA,NA,NA,NA,NA,se ve al niño,NA,DOM,Masculine,Singular,NA,NA,NA,L2L,7th/8th,Early,Yes,6,36,174,2026,1,0.5,NA,NA,0.3798497831064895,1.376556461929396,"Full DP, no DOM"
H29,1,2,L2L 7th/8th,8,NA,138,NA,NA,NA,3,3,3,7,"Ukrainian, Russian",Yes,Yes,Yes,Production,Prod-16,0,NA,NA,NA,NA,NA,se ve su hijo,NA,DOM,Masculine,Singular,NA,NA,NA,L2L,7th/8th,Early,Yes,6,36,174,2026,0,0.5,NA,NA,0.3798497831064895,1.376556461929396,"Full DP, no DOM"
H29,1,2,L2L 7th/8th,8,NA,138,NA,NA,NA,3,3,3,7,"Ukrainian, Russian",Yes,Yes,Yes,Production,Prod-20,0,NA,NA,NA,NA,NA,se ve una niña,0,DOM,Feminine,Singular,NA,NA,NA,L2L,7th/8th,Early,Yes,6,36,174,2026,0,0.5,NA,NA,0.3798497831064895,1.376556461929396,"Full DP, no DOM"
H29,1,2,L2L 7th/8th,8,NA,138,NA,NA,NA,3,3,3,7,"Ukrainian, Russian",Yes,Yes,Yes,Production,Prod-24,1,NA,NA,NA,NA,NA,él ve a los niños,NA,DOM,Feminine,Plural,NA,NA,NA,L2L,7th/8th,Early,Yes,6,36,174,2026,1,0.5,NA,NA,0.3798497831064895,1.376556461929396,NA
H29,1,2,L2L 7th/8th,8,NA,138,NA,NA,NA,3,3,3,7,"Ukrainian, Russian",Yes,Yes,Yes,Production,Prod-27,0,NA,NA,NA,NA,NA,ve las niñas,Omission,DOM,Feminine,Plural,NA,NA,NA,L2L,7th/8th,Early,Yes,6,36,174,2026,0,0.5,NA,NA,0.3798497831064895,1.376556461929396,"Full DP, no DOM"
H30,1,1,L2L 4th/5th,5,NA,140,NA,NA,NA,2,5,NA,6,L2 learner,L2,L2,L2,Production,Prod-01,0,NA,NA,NA,NA,NA,el niño,Omission,DOM,Masculine,Singular,NA,NA,NA,L2L,4th/5th,Early,Yes,7,0,140,2023,0,0.2857142857142857,NA,NA,0.4564421647371364,0.1752986397066426,"DP, no verb, no DOM"
H30,1,1,L2L 4th/5th,5,NA,140,NA,NA,NA,2,5,NA,6,L2 learner,L2,L2,L2,Production,Prod-04,0,NA,NA,NA,NA,NA,el niño,Omission,DOM,Masculine,Singular,NA,NA,NA,L2L,4th/5th,Early,Yes,7,0,140,2023,0,0.2857142857142857,NA,NA,0.4564421647371364,0.1752986397066426,"DP, no verb, no DOM"
H30,1,1,L2L 4th/5th,5,NA,140,NA,NA,NA,2,5,NA,6,L2 learner,L2,L2,L2,Production,Prod-08,0,NA,NA,NA,NA,NA,el niño y el perro,Omission,DOM,Feminine,Singular,NA,NA,NA,L2L,4th/5th,Early,Yes,7,0,140,2023,0,0.2857142857142857,NA,NA,0.4564421647371364,0.1752986397066426,"DP, no verb, no DOM"
H30,1,1,L2L 4th/5th,5,NA,140,NA,NA,NA,2,5,NA,6,L2 learner,L2,L2,L2,Production,Prod-12,0,NA,NA,NA,NA,NA,el niño,Omission,DOM,Masculine,Singular,NA,NA,NA,L2L,4th/5th,Early,Yes,7,0,140,2023,0,0.2857142857142857,NA,NA,0.4564421647371364,0.1752986397066426,"DP, no verb, no DOM"
H30,1,1,L2L 4th/5th,5,NA,140,NA,NA,NA,2,5,NA,6,L2 learner,L2,L2,L2,Production,Prod-16,0,NA,NA,NA,NA,NA,el niño,Omission,DOM,Masculine,Singular,NA,NA,NA,L2L,4th/5th,Early,Yes,7,0,140,2023,0,0.2857142857142857,NA,NA,0.4564421647371364,0.1752986397066426,"DP, no verb, no DOM"
H30,1,1,L2L 4th/5th,5,NA,140,NA,NA,NA,2,5,NA,6,L2 learner,L2,L2,L2,Production,Prod-20,0,NA,NA,NA,NA,NA,el niña,Omission,DOM,Feminine,Singular,NA,NA,NA,L2L,4th/5th,Early,Yes,7,0,140,2023,0,0.2857142857142857,NA,NA,0.4564421647371364,0.1752986397066426,"Full DP, no DOM"
H30,1,1,L2L 4th/5th,5,NA,140,NA,NA,NA,2,5,NA,6,L2 learner,L2,L2,L2,Production,Prod-24,1,NA,NA,NA,NA,NA,los niñas,Omission,DOM,Feminine,Plural,NA,NA,NA,L2L,4th/5th,Early,Yes,7,0,140,2023,1,0.2857142857142857,NA,NA,0.4564421647371364,0.1752986397066426,NA
H30,1,1,L2L 4th/5th,5,NA,140,NA,NA,NA,2,5,NA,6,L2 learner,L2,L2,L2,Production,Prod-27,1,NA,NA,NA,NA,NA,los niñas,Omission,DOM,Feminine,Plural,NA,NA,NA,L2L,4th/5th,Early,Yes,7,0,140,2023,1,0.2857142857142857,NA,NA,0.4564421647371364,0.1752986397066426,NA
H31,1,1,L2L 4th/5th,5,NA,131,NA,NA,NA,2,5,NA,8,L2 learner,L2,L2,L2,Production,Prod-01,0,NA,NA,NA,NA,NA,ve su mamá,Omission,DOM,Masculine,Singular,NA,NA,NA,L2L,4th/5th,Early,Yes,7,0,131,2023,0,0.2857142857142857,NA,NA,0.11177644739922535,-0.1426813720582039,"Full DP, no DOM"
H31,1,1,L2L 4th/5th,5,NA,131,NA,NA,NA,2,5,NA,8,L2 learner,L2,L2,L2,Production,Prod-04,0,NA,NA,NA,NA,NA,el niño,Omission,DOM,Masculine,Singular,NA,NA,NA,L2L,4th/5th,Early,Yes,7,0,131,2023,0,0.2857142857142857,NA,NA,0.11177644739922535,-0.1426813720582039,"DP, no verb, no DOM"
H31,1,1,L2L 4th/5th,5,NA,131,NA,NA,NA,2,5,NA,8,L2 learner,L2,L2,L2,Production,Prod-08,NA,NA,NA,NA,NA,Changed accuracy to ). DOM not necessary w/ perro. _Jen,el perro,Omission,DOM,Feminine,Singular,NA,NA,NA,L2L,4th/5th,Early,Yes,7,0,131,2023,NA,0.2857142857142857,NA,NA,0.11177644739922535,-0.1426813720582039,NA
H31,1,1,L2L 4th/5th,5,NA,131,NA,NA,NA,2,5,NA,8,L2 learner,L2,L2,L2,Production,Prod-12,0,NA,NA,NA,NA,NA,el niño,Omission,DOM,Masculine,Singular,NA,NA,NA,L2L,4th/5th,Early,Yes,7,0,131,2023,0,0.2857142857142857,NA,NA,0.11177644739922535,-0.1426813720582039,"DP, no verb, no DOM"
H31,1,1,L2L 4th/5th,5,NA,131,NA,NA,NA,2,5,NA,8,L2 learner,L2,L2,L2,Production,Prod-16,0,NA,NA,NA,NA,NA,el bebé,Omission,DOM,Masculine,Singular,NA,NA,NA,L2L,4th/5th,Early,Yes,7,0,131,2023,0,0.2857142857142857,NA,NA,0.11177644739922535,-0.1426813720582039,"DP, no verb, no DOM"
H31,1,1,L2L 4th/5th,5,NA,131,NA,NA,NA,2,5,NA,8,L2 learner,L2,L2,L2,Production,Prod-20,0,NA,NA,NA,NA,NA,la niña,Omission,DOM,Feminine,Singular,NA,NA,NA,L2L,4th/5th,Early,Yes,7,0,131,2023,0,0.2857142857142857,NA,NA,0.11177644739922535,-0.1426813720582039,"DP, no verb, no DOM"
H31,1,1,L2L 4th/5th,5,NA,131,NA,NA,NA,2,5,NA,8,L2 learner,L2,L2,L2,Production,Prod-24,0,NA,NA,NA,NA,NA,las niñas,Omission,DOM,Feminine,Plural,NA,NA,NA,L2L,4th/5th,Early,Yes,7,0,131,2023,0,0.2857142857142857,NA,NA,0.11177644739922535,-0.1426813720582039,"DP, no verb, no DOM"
H31,1,1,L2L 4th/5th,5,NA,131,NA,NA,NA,2,5,NA,8,L2 learner,L2,L2,L2,Production,Prod-27,0,NA,NA,NA,NA,NA,las niñas,Omission,DOM,Feminine,Plural,NA,NA,NA,L2L,4th/5th,Early,Yes,7,0,131,2023,0,0.2857142857142857,NA,NA,0.11177644739922535,-0.1426813720582039,"DP, no verb, no DOM"
H31,1,2,L2L 7th/8th,8,NA,131,NA,NA,NA,2,5,NA,8,L2 learner,L2,L2,L2,Production,Prod-01,0,NA,NA,NA,NA,NA,el niño,Omission,DOM,Masculine,Singular,NA,NA,NA,L2L,7th/8th,Early,Yes,7,36,167,2026,0,0.2857142857142857,NA,NA,0.11177644739922535,1.129238675001182,"DP, no verb, no DOM"
H31,1,2,L2L 7th/8th,8,NA,131,NA,NA,NA,2,5,NA,8,L2 learner,L2,L2,L2,Production,Prod-04,0,NA,NA,NA,NA,NA,su hijo,Omission,DOM,Masculine,Singular,NA,NA,NA,L2L,7th/8th,Early,Yes,7,36,167,2026,0,0.2857142857142857,NA,NA,0.11177644739922535,1.129238675001182,NA
H31,1,2,L2L 7th/8th,8,NA,131,NA,NA,NA,2,5,NA,8,L2 learner,L2,L2,L2,Production,Prod-08,0,NA,NA,NA,NA,NA,la hija de su hija,Omission,DOM,Feminine,Singular,NA,NA,NA,L2L,7th/8th,Early,Yes,7,36,167,2026,0,0.2857142857142857,NA,NA,0.11177644739922535,1.129238675001182,NA
H31,1,2,L2L 7th/8th,8,NA,131,NA,NA,NA,2,5,NA,8,L2 learner,L2,L2,L2,Production,Prod-12,0,NA,NA,NA,NA,NA,el niño,Omission,DOM,Masculine,Singular,NA,NA,NA,L2L,7th/8th,Early,Yes,7,36,167,2026,0,0.2857142857142857,NA,NA,0.11177644739922535,1.129238675001182,NA
H31,1,2,L2L 7th/8th,8,NA,131,NA,NA,NA,2,5,NA,8,L2 learner,L2,L2,L2,Production,Prod-16,0,NA,NA,NA,NA,NA,su hijo,NA,DOM,Masculine,Singular,NA,NA,NA,L2L,7th/8th,Early,Yes,7,36,167,2026,0,0.2857142857142857,NA,NA,0.11177644739922535,1.129238675001182,NA
H31,1,2,L2L 7th/8th,8,NA,131,NA,NA,NA,2,5,NA,8,L2 learner,L2,L2,L2,Production,Prod-20,0,NA,NA,NA,NA,NA,la niña,Omission,DOM,Feminine,Singular,NA,NA,NA,L2L,7th/8th,Early,Yes,7,36,167,2026,0,0.2857142857142857,NA,NA,0.11177644739922535,1.129238675001182,NA
H31,1,2,L2L 7th/8th,8,NA,131,NA,NA,NA,2,5,NA,8,L2 learner,L2,L2,L2,Production,Prod-24,0,NA,NA,NA,NA,NA,las niñas,Omission,DOM,Feminine,Plural,NA,NA,NA,L2L,7th/8th,Early,Yes,7,36,167,2026,0,0.2857142857142857,NA,NA,0.11177644739922535,1.129238675001182,NA
H31,1,2,L2L 7th/8th,8,NA,131,NA,NA,NA,2,5,NA,8,L2 learner,L2,L2,L2,Production,Prod-27,0,NA,NA,NA,NA,NA,las niñas,Omission,DOM,Feminine,Plural,NA,NA,NA,L2L,7th/8th,Early,Yes,7,36,167,2026,0,0.2857142857142857,NA,NA,0.11177644739922535,1.129238675001182,NA
H32,1,1,L2L 4th/5th,5,NA,130,NA,NA,NA,1,5,NA,8,Russian,No,Yes,Yes,Production,Prod-01,0,NA,NA,NA,NA,NA,un niño,Omission,DOM,Masculine,Singular,NA,NA,NA,L2L,4th/5th,Early,Yes,6,0,130,2023,0,0.16666666666666666,NA,NA,0.0734802565839019,-0.17801248447652016,"DP, no verb, no DOM"
H32,1,1,L2L 4th/5th,5,NA,130,NA,NA,NA,1,5,NA,8,Russian,No,Yes,Yes,Production,Prod-04,1,NA,NA,NA,NA,NA,a su niño,NA,DOM,Masculine,Singular,NA,NA,NA,L2L,4th/5th,Early,Yes,6,0,130,2023,1,0.16666666666666666,NA,NA,0.0734802565839019,-0.17801248447652016,NA
H32,1,1,L2L 4th/5th,5,NA,130,NA,NA,NA,1,5,NA,8,Russian,No,Yes,Yes,Production,Prod-08,1,NA,NA,NA,NA,NA,a su granddaughter,NA,DOM,Feminine,Singular,NA,NA,NA,L2L,4th/5th,Early,Yes,6,0,130,2023,1,0.16666666666666666,NA,NA,0.0734802565839019,-0.17801248447652016,NA
H32,1,1,L2L 4th/5th,5,NA,130,NA,NA,NA,1,5,NA,8,Russian,No,Yes,Yes,Production,Prod-12,1,NA,NA,NA,NA,NA,al niño,NA,DOM,Masculine,Singular,NA,NA,NA,L2L,4th/5th,Early,Yes,6,0,130,2023,1,0.16666666666666666,NA,NA,0.0734802565839019,-0.17801248447652016,NA
H32,1,1,L2L 4th/5th,5,NA,130,NA,NA,NA,1,5,NA,8,Russian,No,Yes,Yes,Production,Prod-16,1,NA,NA,NA,NA,NA,a su niño,NA,DOM,Masculine,Singular,NA,NA,NA,L2L,4th/5th,Early,Yes,6,0,130,2023,1,0.16666666666666666,NA,NA,0.0734802565839019,-0.17801248447652016,NA
H32,1,1,L2L 4th/5th,5,NA,130,NA,NA,NA,1,5,NA,8,Russian,No,Yes,Yes,Production,Prod-20,0,NA,NA,NA,NA,NA,ve un niña,Omission,DOM,Feminine,Singular,NA,NA,NA,L2L,4th/5th,Early,Yes,6,0,130,2023,0,0.16666666666666666,NA,NA,0.0734802565839019,-0.17801248447652016,"Full DP, no DOM"
H32,1,1,L2L 4th/5th,5,NA,130,NA,NA,NA,1,5,NA,8,Russian,No,Yes,Yes,Production,Prod-24,0,NA,NA,NA,NA,NA,ve las niñas,Omission,DOM,Feminine,Plural,NA,NA,NA,L2L,4th/5th,Early,Yes,6,0,130,2023,0,0.16666666666666666,NA,NA,0.0734802565839019,-0.17801248447652016,"Full DP, no DOM"
H32,1,1,L2L 4th/5th,5,NA,130,NA,NA,NA,1,5,NA,8,Russian,No,Yes,Yes,Production,Prod-27,0,NA,NA,NA,NA,NA,ve las niñas,Omission,DOM,Feminine,Plural,NA,NA,NA,L2L,4th/5th,Early,Yes,6,0,130,2023,0,0.16666666666666666,NA,NA,0.0734802565839019,-0.17801248447652016,"Full DP, no DOM"
H32,1,2,L2L 7th/8th,8,NA,130,NA,NA,NA,1,5,NA,8,Russian,No,Yes,Yes,Production,Prod-01,1,NA,NA,NA,NA,NA,se ve a una chica,´,DOM,Masculine,Singular,NA,NA,NA,L2L,7th/8th,Early,Yes,6,36,166,2026,1,0.16666666666666666,NA,NA,0.0734802565839019,1.0939075625828658,NA
H32,1,2,L2L 7th/8th,8,NA,130,NA,NA,NA,1,5,NA,8,Russian,No,Yes,Yes,Production,Prod-04,1,NA,NA,NA,NA,NA,se ve a su hijo,NA,DOM,Masculine,Singular,NA,NA,NA,L2L,7th/8th,Early,Yes,6,36,166,2026,1,0.16666666666666666,NA,NA,0.0734802565839019,1.0939075625828658,NA
H32,1,2,L2L 7th/8th,8,NA,130,NA,NA,NA,1,5,NA,8,Russian,No,Yes,Yes,Production,Prod-08,1,NA,NA,NA,NA,NA,se ve a una niña,NA,DOM,Feminine,Singular,NA,NA,NA,L2L,7th/8th,Early,Yes,6,36,166,2026,1,0.16666666666666666,NA,NA,0.0734802565839019,1.0939075625828658,NA
H32,1,2,L2L 7th/8th,8,NA,130,NA,NA,NA,1,5,NA,8,Russian,No,Yes,Yes,Production,Prod-12,1,NA,NA,NA,NA,NA,se ve al niño,NA,DOM,Masculine,Singular,NA,NA,NA,L2L,7th/8th,Early,Yes,6,36,166,2026,1,0.16666666666666666,NA,NA,0.0734802565839019,1.0939075625828658,NA
H32,1,2,L2L 7th/8th,8,NA,130,NA,NA,NA,1,5,NA,8,Russian,No,Yes,Yes,Production,Prod-16,1,NA,NA,NA,NA,NA,ve a la bebé,NA,DOM,Masculine,Singular,NA,NA,NA,L2L,7th/8th,Early,Yes,6,36,166,2026,1,0.16666666666666666,NA,NA,0.0734802565839019,1.0939075625828658,NA
H32,1,2,L2L 7th/8th,8,NA,130,NA,NA,NA,1,5,NA,8,Russian,No,Yes,Yes,Production,Prod-20,1,NA,NA,NA,NA,NA,se ve a una niña,NA,DOM,Feminine,Singular,NA,NA,NA,L2L,7th/8th,Early,Yes,6,36,166,2026,1,0.16666666666666666,NA,NA,0.0734802565839019,1.0939075625828658,NA
H32,1,2,L2L 7th/8th,8,NA,130,NA,NA,NA,1,5,NA,8,Russian,No,Yes,Yes,Production,Prod-24,1,NA,NA,NA,NA,NA,a los niñas,NA,DOM,Feminine,Plural,NA,NA,NA,L2L,7th/8th,Early,Yes,6,36,166,2026,1,0.16666666666666666,NA,NA,0.0734802565839019,1.0939075625828658,NA
H32,1,2,L2L 7th/8th,8,NA,130,NA,NA,NA,1,5,NA,8,Russian,No,Yes,Yes,Production,Prod-27,1,NA,NA,NA,NA,NA,ve a las chicas,NA,DOM,Feminine,Plural,NA,NA,NA,L2L,7th/8th,Early,Yes,6,36,166,2026,1,0.16666666666666666,NA,NA,0.0734802565839019,1.0939075625828658,NA
H33,1,1,L2L 4th/5th,5,NA,128,NA,NA,NA,2,4,NA,3,"Hindi, Marathi",Yes,Yes,Yes,Production,Prod-01,0,NA,NA,NA,NA,Se,el niño se ve,Other,DOM,Masculine,Singular,NA,NA,NA,L2L,4th/5th,Early,Yes,6,0,128,2023,0,0.3333333333333333,NA,NA,-0.0031121250467449975,-0.24867470931315272,"Full DP, no DOM"
H33,1,1,L2L 4th/5th,5,NA,128,NA,NA,NA,2,4,NA,3,"Hindi, Marathi",Yes,Yes,Yes,Production,Prod-04,0,NA,NA,NA,NA,NA,la mamá,Omission,DOM,Masculine,Singular,NA,NA,NA,L2L,4th/5th,Early,Yes,6,0,128,2023,0,0.3333333333333333,NA,NA,-0.0031121250467449975,-0.24867470931315272,"Full DP, no DOM"
H33,1,1,L2L 4th/5th,5,NA,128,NA,NA,NA,2,4,NA,3,"Hindi, Marathi",Yes,Yes,Yes,Production,Prod-08,0,NA,NA,NA,NA,NA,la niña,Omission,DOM,Feminine,Singular,NA,NA,NA,L2L,4th/5th,Early,Yes,6,0,128,2023,0,0.3333333333333333,NA,NA,-0.0031121250467449975,-0.24867470931315272,"Full DP, no DOM"
H33,1,1,L2L 4th/5th,5,NA,128,NA,NA,NA,2,4,NA,3,"Hindi, Marathi",Yes,Yes,Yes,Production,Prod-12,0,NA,NA,NA,NA,NA,la niña,Omission,DOM,Masculine,Singular,NA,NA,NA,L2L,4th/5th,Early,Yes,6,0,128,2023,0,0.3333333333333333,NA,NA,-0.0031121250467449975,-0.24867470931315272,"Full DP, no DOM"
H33,1,1,L2L 4th/5th,5,NA,128,NA,NA,NA,2,4,NA,3,"Hindi, Marathi",Yes,Yes,Yes,Production,Prod-16,0,NA,NA,NA,NA,Missing from production sheet,NA,Omission,DOM,Masculine,Singular,NA,NA,NA,L2L,4th/5th,Early,Yes,6,0,128,2023,0,0.3333333333333333,NA,NA,-0.0031121250467449975,-0.24867470931315272,NA
H33,1,1,L2L 4th/5th,5,NA,128,NA,NA,NA,2,4,NA,3,"Hindi, Marathi",Yes,Yes,Yes,Production,Prod-20,0,NA,NA,NA,NA,NA,la niña,Omission,DOM,Feminine,Singular,NA,NA,NA,L2L,4th/5th,Early,Yes,6,0,128,2023,0,0.3333333333333333,NA,NA,-0.0031121250467449975,-0.24867470931315272,"Full DP, no DOM"
H33,1,1,L2L 4th/5th,5,NA,128,NA,NA,NA,2,4,NA,3,"Hindi, Marathi",Yes,Yes,Yes,Production,Prod-24,NA,NA,NA,NA,NA,Clitic doubling,lo ve a las niñas,Dative,DOM,Feminine,Plural,NA,NA,NA,L2L,4th/5th,Early,Yes,6,0,128,2023,NA,0.3333333333333333,NA,NA,-0.0031121250467449975,-0.24867470931315272,NA
H33,1,1,L2L 4th/5th,5,NA,128,NA,NA,NA,2,4,NA,3,"Hindi, Marathi",Yes,Yes,Yes,Production,Prod-27,0,NA,NA,NA,NA,NA,les ve los niños,Omission,DOM,Feminine,Plural,NA,NA,NA,L2L,4th/5th,Early,Yes,6,0,128,2023,0,0.3333333333333333,NA,NA,-0.0031121250467449975,-0.24867470931315272,"Full DP, no DOM"
H33,1,2,L2L 7th/8th,8,NA,128,NA,NA,NA,2,4,NA,3,"Hindi, Marathi",Yes,Yes,Yes,Production,Prod-01,1,NA,NA,NA,NA,NA,ve a su niño,NA,DOM,Masculine,Singular,NA,NA,NA,L2L,7th/8th,Early,Yes,6,36,164,2026,1,0.3333333333333333,NA,NA,-0.0031121250467449975,1.0232453377462332,NA
H33,1,2,L2L 7th/8th,8,NA,128,NA,NA,NA,2,4,NA,3,"Hindi, Marathi",Yes,Yes,Yes,Production,Prod-04,1,NA,NA,NA,NA,NA,a su niño,NA,DOM,Masculine,Singular,NA,NA,NA,L2L,7th/8th,Early,Yes,6,36,164,2026,1,0.3333333333333333,NA,NA,-0.0031121250467449975,1.0232453377462332,NA
H33,1,2,L2L 7th/8th,8,NA,128,NA,NA,NA,2,4,NA,3,"Hindi, Marathi",Yes,Yes,Yes,Production,Prod-08,1,NA,NA,NA,NA,NA,ve a la niña,NA,DOM,Feminine,Singular,NA,NA,NA,L2L,7th/8th,Early,Yes,6,36,164,2026,1,0.3333333333333333,NA,NA,-0.0031121250467449975,1.0232453377462332,NA
H33,1,2,L2L 7th/8th,8,NA,128,NA,NA,NA,2,4,NA,3,"Hindi, Marathi",Yes,Yes,Yes,Production,Prod-12,1,NA,NA,NA,NA,NA,a un niño,NA,DOM,Masculine,Singular,NA,NA,NA,L2L,7th/8th,Early,Yes,6,36,164,2026,1,0.3333333333333333,NA,NA,-0.0031121250467449975,1.0232453377462332,NA
H33,1,2,L2L 7th/8th,8,NA,128,NA,NA,NA,2,4,NA,3,"Hindi, Marathi",Yes,Yes,Yes,Production,Prod-16,1,NA,NA,NA,NA,NA,ve a su niño,NA,DOM,Masculine,Singular,NA,NA,NA,L2L,7th/8th,Early,Yes,6,36,164,2026,1,0.3333333333333333,NA,NA,-0.0031121250467449975,1.0232453377462332,NA
H33,1,2,L2L 7th/8th,8,NA,128,NA,NA,NA,2,4,NA,3,"Hindi, Marathi",Yes,Yes,Yes,Production,Prod-20,0,NA,NA,NA,NA,NA,una mujer,Omission,DOM,Feminine,Singular,NA,NA,NA,L2L,7th/8th,Early,Yes,6,36,164,2026,0,0.3333333333333333,NA,NA,-0.0031121250467449975,1.0232453377462332,"DP, no verb, no DOM"
H33,1,2,L2L 7th/8th,8,NA,128,NA,NA,NA,2,4,NA,3,"Hindi, Marathi",Yes,Yes,Yes,Production,Prod-24,1,NA,NA,NA,NA,NA,ve a las niñas,NA,DOM,Feminine,Plural,NA,NA,NA,L2L,7th/8th,Early,Yes,6,36,164,2026,1,0.3333333333333333,NA,NA,-0.0031121250467449975,1.0232453377462332,NA
H33,1,2,L2L 7th/8th,8,NA,128,NA,NA,NA,2,4,NA,3,"Hindi, Marathi",Yes,Yes,Yes,Production,Prod-27,1,NA,NA,NA,NA,NA,a sus niñas,NA,DOM,Feminine,Plural,NA,NA,NA,L2L,7th/8th,Early,Yes,6,36,164,2026,1,0.3333333333333333,NA,NA,-0.0031121250467449975,1.0232453377462332,NA
H34,1,1,L2L 4th/5th,5,11,132,NA,NA,NA,2,4,3,8,Sinhala,Yes,Yes,Yes,Production,Prod-01,0,NA,NA,NA,NA,NA,veo un niño,Omission,DOM,Masculine,Singular,NA,NA,NA,L2L,4th/5th,Early,Yes,6,0,132,2023,0,0.3333333333333333,NA,NA,0.1500726382145488,-0.10735025963988762,"Full DP, no DOM"
H34,1,1,L2L 4th/5th,5,11,132,NA,NA,NA,2,4,3,8,Sinhala,Yes,Yes,Yes,Production,Prod-04,NA,NA,NA,NA,NA,NA,da un beso al niño…veo el este niño,Grammatical alternative,DOM,Masculine,Singular,NA,NA,NA,L2L,4th/5th,Early,Yes,6,0,132,2023,NA,0.3333333333333333,NA,NA,0.1500726382145488,-0.10735025963988762,Grammatical alternative
H34,1,1,L2L 4th/5th,5,11,132,NA,NA,NA,2,4,3,8,Sinhala,Yes,Yes,Yes,Production,Prod-08,0,NA,NA,NA,NA,NA,ve la niña,Omission,DOM,Feminine,Singular,NA,NA,NA,L2L,4th/5th,Early,Yes,6,0,132,2023,0,0.3333333333333333,NA,NA,0.1500726382145488,-0.10735025963988762,"Full DP, no DOM"
H34,1,1,L2L 4th/5th,5,11,132,NA,NA,NA,2,4,3,8,Sinhala,Yes,Yes,Yes,Production,Prod-12,0,NA,NA,NA,NA,NA,ve un niño,Omission,DOM,Masculine,Singular,NA,NA,NA,L2L,4th/5th,Early,Yes,6,0,132,2023,0,0.3333333333333333,NA,NA,0.1500726382145488,-0.10735025963988762,"Full DP, no DOM"
H34,1,1,L2L 4th/5th,5,11,132,NA,NA,NA,2,4,3,8,Sinhala,Yes,Yes,Yes,Production,Prod-16,1,NA,NA,NA,NA,NA,ve al bebé,NA,DOM,Masculine,Singular,NA,NA,NA,L2L,4th/5th,Early,Yes,6,0,132,2023,1,0.3333333333333333,NA,NA,0.1500726382145488,-0.10735025963988762,NA
H34,1,1,L2L 4th/5th,5,11,132,NA,NA,NA,2,4,3,8,Sinhala,Yes,Yes,Yes,Production,Prod-20,0,NA,NA,NA,NA,NA,ve el niña,Omission,DOM,Feminine,Singular,NA,NA,NA,L2L,4th/5th,Early,Yes,6,0,132,2023,0,0.3333333333333333,NA,NA,0.1500726382145488,-0.10735025963988762,"Full DP, no DOM"
H34,1,1,L2L 4th/5th,5,11,132,NA,NA,NA,2,4,3,8,Sinhala,Yes,Yes,Yes,Production,Prod-24,0,NA,NA,NA,NA,NA,ve las niñas,Omission,DOM,Feminine,Plural,NA,NA,NA,L2L,4th/5th,Early,Yes,6,0,132,2023,0,0.3333333333333333,NA,NA,0.1500726382145488,-0.10735025963988762,"Full DP, no DOM"
H34,1,1,L2L 4th/5th,5,11,132,NA,NA,NA,2,4,3,8,Sinhala,Yes,Yes,Yes,Production,Prod-27,0,NA,NA,NA,NA,NA,las niñas ve la mamá,Omission,DOM,Feminine,Plural,NA,NA,NA,L2L,4th/5th,Early,Yes,6,0,132,2023,0,0.3333333333333333,NA,NA,0.1500726382145488,-0.10735025963988762,"Full DP, no DOM"
H34,1,2,L2L 7th/8th,8,11,132,NA,NA,NA,2,4,3,8,Sinhala,Yes,Yes,Yes,Production,Prod-01,0,NA,NA,NA,NA,NA,ve un chico,Omission,DOM,Masculine,Singular,NA,NA,NA,L2L,7th/8th,Early,Yes,6,36,168,2026,0,0.3333333333333333,NA,NA,0.1500726382145488,1.1645697874194985,"Full DP, no DOM"
H34,1,2,L2L 7th/8th,8,11,132,NA,NA,NA,2,4,3,8,Sinhala,Yes,Yes,Yes,Production,Prod-04,0,NA,NA,NA,NA,NA,su hijo,Omission,DOM,Masculine,Singular,NA,NA,NA,L2L,7th/8th,Early,Yes,6,36,168,2026,0,0.3333333333333333,NA,NA,0.1500726382145488,1.1645697874194985,NA
H34,1,2,L2L 7th/8th,8,11,132,NA,NA,NA,2,4,3,8,Sinhala,Yes,Yes,Yes,Production,Prod-08,NA,NA,NA,NA,NA,NA,está jugando con la chica,Grammatical alternative,DOM,Feminine,Singular,NA,NA,NA,L2L,7th/8th,Early,Yes,6,36,168,2026,NA,0.3333333333333333,NA,NA,0.1500726382145488,1.1645697874194985,Grammatical alternative
H34,1,2,L2L 7th/8th,8,11,132,NA,NA,NA,2,4,3,8,Sinhala,Yes,Yes,Yes,Production,Prod-12,0,NA,NA,NA,NA,NA,un chico joven,Omission,DOM,Masculine,Singular,NA,NA,NA,L2L,7th/8th,Early,Yes,6,36,168,2026,0,0.3333333333333333,NA,NA,0.1500726382145488,1.1645697874194985,"DP, no verb, no DOM"
H34,1,2,L2L 7th/8th,8,11,132,NA,NA,NA,2,4,3,8,Sinhala,Yes,Yes,Yes,Production,Prod-16,0,NA,NA,NA,NA,NA,ve su hijo,Omission,DOM,Masculine,Singular,NA,NA,NA,L2L,7th/8th,Early,Yes,6,36,168,2026,0,0.3333333333333333,NA,NA,0.1500726382145488,1.1645697874194985,NA
H34,1,2,L2L 7th/8th,8,11,132,NA,NA,NA,2,4,3,8,Sinhala,Yes,Yes,Yes,Production,Prod-20,0,NA,NA,NA,NA,NA,ve una niña,Omission,DOM,Feminine,Singular,NA,NA,NA,L2L,7th/8th,Early,Yes,6,36,168,2026,0,0.3333333333333333,NA,NA,0.1500726382145488,1.1645697874194985,NA
H34,1,2,L2L 7th/8th,8,11,132,NA,NA,NA,2,4,3,8,Sinhala,Yes,Yes,Yes,Production,Prod-24,0,NA,NA,NA,NA,NA,ve dos niñas,Omission,DOM,Feminine,Plural,NA,NA,NA,L2L,7th/8th,Early,Yes,6,36,168,2026,0,0.3333333333333333,NA,NA,0.1500726382145488,1.1645697874194985,"Full DP, no DOM"
H34,1,2,L2L 7th/8th,8,11,132,NA,NA,NA,2,4,3,8,Sinhala,Yes,Yes,Yes,Production,Prod-27,0,NA,NA,NA,NA,NA,dos chicas pequeñas,Omission,DOM,Feminine,Plural,NA,NA,NA,L2L,7th/8th,Early,Yes,6,36,168,2026,0,0.3333333333333333,NA,NA,0.1500726382145488,1.1645697874194985,"Full DP, no DOM"
H35,1,1,L2L 4th/5th,5,NA,130,NA,NA,NA,2,2,NA,7,Romanian,Yes,Yes,Yes,Production,Prod-01,0,NA,NA,NA,NA,NA,una niña,Omission,DOM,Masculine,Singular,NA,NA,NA,L2L,4th/5th,Early,Yes,4,0,130,2023,0,0.5,NA,NA,0.0734802565839019,-0.17801248447652016,"DP, no verb, no DOM"
H35,1,1,L2L 4th/5th,5,NA,130,NA,NA,NA,2,2,NA,7,Romanian,Yes,Yes,Yes,Production,Prod-04,0,NA,NA,NA,NA,NA,el niño,Omission,DOM,Masculine,Singular,NA,NA,NA,L2L,4th/5th,Early,Yes,4,0,130,2023,0,0.5,NA,NA,0.0734802565839019,-0.17801248447652016,"DP, no verb, no DOM"
H35,1,1,L2L 4th/5th,5,NA,130,NA,NA,NA,2,2,NA,7,Romanian,Yes,Yes,Yes,Production,Prod-08,0,NA,NA,NA,NA,NA,el niño,Omission,DOM,Feminine,Singular,NA,NA,NA,L2L,4th/5th,Early,Yes,4,0,130,2023,0,0.5,NA,NA,0.0734802565839019,-0.17801248447652016,"DP, no verb, no DOM"
H35,1,1,L2L 4th/5th,5,NA,130,NA,NA,NA,2,2,NA,7,Romanian,Yes,Yes,Yes,Production,Prod-12,0,NA,NA,NA,NA,NA,el niño,Omission,DOM,Masculine,Singular,NA,NA,NA,L2L,4th/5th,Early,Yes,4,0,130,2023,0,0.5,NA,NA,0.0734802565839019,-0.17801248447652016,"DP, no verb, no DOM"
H35,1,1,L2L 4th/5th,5,NA,130,NA,NA,NA,2,2,NA,7,Romanian,Yes,Yes,Yes,Production,Prod-16,0,NA,NA,NA,NA,NA,la bebé,Omission,DOM,Masculine,Singular,NA,NA,NA,L2L,4th/5th,Early,Yes,4,0,130,2023,0,0.5,NA,NA,0.0734802565839019,-0.17801248447652016,"DP, no verb, no DOM"
H35,1,1,L2L 4th/5th,5,NA,130,NA,NA,NA,2,2,NA,7,Romanian,Yes,Yes,Yes,Production,Prod-20,0,NA,NA,NA,NA,NA,la niña,Omission,DOM,Feminine,Singular,NA,NA,NA,L2L,4th/5th,Early,Yes,4,0,130,2023,0,0.5,NA,NA,0.0734802565839019,-0.17801248447652016,"Full DP, no DOM"
H35,1,1,L2L 4th/5th,5,NA,130,NA,NA,NA,2,2,NA,7,Romanian,Yes,Yes,Yes,Production,Prod-24,0,NA,NA,NA,NA,NA,los niños ven el perro,Word order,DOM,Feminine,Plural,NA,NA,NA,L2L,4th/5th,Early,Yes,4,0,130,2023,0,0.5,NA,NA,0.0734802565839019,-0.17801248447652016,Word order
H35,1,1,L2L 4th/5th,5,NA,130,NA,NA,NA,2,2,NA,7,Romanian,Yes,Yes,Yes,Production,Prod-27,0,NA,NA,NA,NA,NA,los niños,Omission,DOM,Feminine,Plural,NA,NA,NA,L2L,4th/5th,Early,Yes,4,0,130,2023,0,0.5,NA,NA,0.0734802565839019,-0.17801248447652016,"DP, no verb, no DOM"
H35,1,2,L2L 7th/8th,8,NA,130,NA,NA,NA,2,2,NA,7,Romanian,Yes,Yes,Yes,Production,Prod-01,0,NA,NA,NA,NA,NA,ve un niño,Omission,DOM,Masculine,Singular,NA,NA,NA,L2L,7th/8th,Early,Yes,4,36,166,2026,0,0.5,NA,NA,0.0734802565839019,1.0939075625828658,"Full DP, no DOM"
H35,1,2,L2L 7th/8th,8,NA,130,NA,NA,NA,2,2,NA,7,Romanian,Yes,Yes,Yes,Production,Prod-04,0,NA,NA,NA,NA,NA,besando el niño,Omission,DOM,Masculine,Singular,NA,NA,NA,L2L,7th/8th,Early,Yes,4,36,166,2026,0,0.5,NA,NA,0.0734802565839019,1.0939075625828658,"Full DP, no DOM"
H35,1,2,L2L 7th/8th,8,NA,130,NA,NA,NA,2,2,NA,7,Romanian,Yes,Yes,Yes,Production,Prod-08,0,NA,NA,NA,NA,NA,ve una niña,Omission,DOM,Feminine,Singular,NA,NA,NA,L2L,7th/8th,Early,Yes,4,36,166,2026,0,0.5,NA,NA,0.0734802565839019,1.0939075625828658,"Full DP, no DOM"
H35,1,2,L2L 7th/8th,8,NA,130,NA,NA,NA,2,2,NA,7,Romanian,Yes,Yes,Yes,Production,Prod-12,0,NA,NA,NA,NA,NA,el niño,Omission,DOM,Masculine,Singular,NA,NA,NA,L2L,7th/8th,Early,Yes,4,36,166,2026,0,0.5,NA,NA,0.0734802565839019,1.0939075625828658,"DP, no verb, no DOM"
H35,1,2,L2L 7th/8th,8,NA,130,NA,NA,NA,2,2,NA,7,Romanian,Yes,Yes,Yes,Production,Prod-16,0,NA,NA,NA,NA,NA,lavando el niño,Omission,DOM,Masculine,Singular,NA,NA,NA,L2L,7th/8th,Early,Yes,4,36,166,2026,0,0.5,NA,NA,0.0734802565839019,1.0939075625828658,"Full DP, no DOM"
H35,1,2,L2L 7th/8th,8,NA,130,NA,NA,NA,2,2,NA,7,Romanian,Yes,Yes,Yes,Production,Prod-20,1,NA,NA,NA,NA,NA,ve a una niña,NA,DOM,Feminine,Singular,NA,NA,NA,L2L,7th/8th,Early,Yes,4,36,166,2026,1,0.5,NA,NA,0.0734802565839019,1.0939075625828658,NA
H35,1,2,L2L 7th/8th,8,NA,130,NA,NA,NA,2,2,NA,7,Romanian,Yes,Yes,Yes,Production,Prod-24,1,NA,NA,NA,NA,NA,ve a las niñas,NA,DOM,Feminine,Plural,NA,NA,NA,L2L,7th/8th,Early,Yes,4,36,166,2026,1,0.5,NA,NA,0.0734802565839019,1.0939075625828658,NA
H35,1,2,L2L 7th/8th,8,NA,130,NA,NA,NA,2,2,NA,7,Romanian,Yes,Yes,Yes,Production,Prod-27,0,NA,NA,NA,NA,NA,viendo sus niños,Omission,DOM,Feminine,Plural,NA,NA,NA,L2L,7th/8th,Early,Yes,4,36,166,2026,0,0.5,NA,NA,0.0734802565839019,1.0939075625828658,"Full DP, no DOM"
H36,1,1,L2L 7th/8th,7,NA,155,NA,NA,NA,2,4,NA,3,L2 learner,L2,L2,L2,Production,Prod-01,0,NA,NA,NA,NA,NA,el niño,Omission,DOM,Masculine,Singular,NA,NA,NA,L2L,7th/8th,Early,Yes,6,0,155,2023,0,0.3333333333333333,NA,NA,1.0308850269669882,0.7052653259813868,"DP, no verb, no DOM"
H36,1,1,L2L 7th/8th,7,NA,155,NA,NA,NA,2,4,NA,3,L2 learner,L2,L2,L2,Production,Prod-04,0,NA,NA,NA,NA,NA,el niño de ella,Omission,DOM,Masculine,Singular,NA,NA,NA,L2L,7th/8th,Early,Yes,6,0,155,2023,0,0.3333333333333333,NA,NA,1.0308850269669882,0.7052653259813868,"DP, no verb, no DOM"
H36,1,1,L2L 7th/8th,7,NA,155,NA,NA,NA,2,4,NA,3,L2 learner,L2,L2,L2,Production,Prod-08,0,NA,NA,NA,NA,NA,el perro y el niño,Omission,DOM,Feminine,Singular,NA,NA,NA,L2L,7th/8th,Early,Yes,6,0,155,2023,0,0.3333333333333333,NA,NA,1.0308850269669882,0.7052653259813868,"DP, no verb, no DOM"
H36,1,1,L2L 7th/8th,7,NA,155,NA,NA,NA,2,4,NA,3,L2 learner,L2,L2,L2,Production,Prod-12,0,NA,NA,NA,NA,NA,el niño,Omission,DOM,Masculine,Singular,NA,NA,NA,L2L,7th/8th,Early,Yes,6,0,155,2023,0,0.3333333333333333,NA,NA,1.0308850269669882,0.7052653259813868,"DP, no verb, no DOM"
H36,1,1,L2L 7th/8th,7,NA,155,NA,NA,NA,2,4,NA,3,L2 learner,L2,L2,L2,Production,Prod-16,0,NA,NA,NA,NA,NA,el niño,Omission,DOM,Masculine,Singular,NA,NA,NA,L2L,7th/8th,Early,Yes,6,0,155,2023,0,0.3333333333333333,NA,NA,1.0308850269669882,0.7052653259813868,"DP, no verb, no DOM"
H36,1,1,L2L 7th/8th,7,NA,155,NA,NA,NA,2,4,NA,3,L2 learner,L2,L2,L2,Production,Prod-20,0,NA,NA,NA,NA,NA,el niña,Omission,DOM,Feminine,Singular,NA,NA,NA,L2L,7th/8th,Early,Yes,6,0,155,2023,0,0.3333333333333333,NA,NA,1.0308850269669882,0.7052653259813868,"DP, no verb, no DOM"
H36,1,1,L2L 7th/8th,7,NA,155,NA,NA,NA,2,4,NA,3,L2 learner,L2,L2,L2,Production,Prod-24,1,NA,NA,NA,NA,NA,ve los niños,Omission,DOM,Feminine,Plural,NA,NA,NA,L2L,7th/8th,Early,Yes,6,0,155,2023,1,0.3333333333333333,NA,NA,1.0308850269669882,0.7052653259813868,NA
H36,1,1,L2L 7th/8th,7,NA,155,NA,NA,NA,2,4,NA,3,L2 learner,L2,L2,L2,Production,Prod-27,1,NA,NA,NA,NA,NA,a la niña y la otra niña,NA,DOM,Feminine,Plural,NA,NA,NA,L2L,7th/8th,Early,Yes,6,0,155,2023,1,0.3333333333333333,NA,NA,1.0308850269669882,0.7052653259813868,NA
H37,1,1,L2L 7th/8th,8,NA,174,NA,NA,NA,3,3,NA,3,L2 learner,L2,L2,L2,Production,Prod-01,NA,NA,NA,NA,NA,Changed accuracy from 1 to 0 -Jen,el persona a la izquierda,Grammatical alternative,DOM,Masculine,Singular,NA,NA,NA,L2L,7th/8th,Early,Yes,6,0,174,2023,NA,0.5,NA,NA,1.7585126524581336,1.376556461929396,Grammatical alternative
H37,1,1,L2L 7th/8th,8,NA,174,NA,NA,NA,3,3,NA,3,L2 learner,L2,L2,L2,Production,Prod-04,0,NA,NA,NA,NA,NA,dar niño,Omission,DOM,Masculine,Singular,NA,NA,NA,L2L,7th/8th,Early,Yes,6,0,174,2023,0,0.5,NA,NA,1.7585126524581336,1.376556461929396,"Full DP, no DOM"
H37,1,1,L2L 7th/8th,8,NA,174,NA,NA,NA,3,3,NA,3,L2 learner,L2,L2,L2,Production,Prod-08,1,NA,NA,NA,NA,NA,son empujando niña,Omission,DOM,Feminine,Singular,NA,NA,NA,L2L,7th/8th,Early,Yes,6,0,174,2023,1,0.5,NA,NA,1.7585126524581336,1.376556461929396,NA
H37,1,1,L2L 7th/8th,8,NA,174,NA,NA,NA,3,3,NA,3,L2 learner,L2,L2,L2,Production,Prod-12,0,NA,NA,NA,NA,NA,ve el niño,DP,DOM,Masculine,Singular,NA,NA,NA,L2L,7th/8th,Early,Yes,6,0,174,2023,0,0.5,NA,NA,1.7585126524581336,1.376556461929396,"Full DP, no DOM"
H37,1,1,L2L 7th/8th,8,NA,174,NA,NA,NA,3,3,NA,3,L2 learner,L2,L2,L2,Production,Prod-16,1,NA,NA,NA,NA,Changed accuracy from 0 to 1 -Jen,ve a su bebé,Omission,DOM,Masculine,Singular,NA,NA,NA,L2L,7th/8th,Early,Yes,6,0,174,2023,1,0.5,NA,NA,1.7585126524581336,1.376556461929396,NA
H37,1,1,L2L 7th/8th,8,NA,174,NA,NA,NA,3,3,NA,3,L2 learner,L2,L2,L2,Production,Prod-20,1,NA,NA,NA,NA,NA,ve un niña,DP,DOM,Feminine,Singular,NA,NA,NA,L2L,7th/8th,Early,Yes,6,0,174,2023,1,0.5,NA,NA,1.7585126524581336,1.376556461929396,NA
H37,1,1,L2L 7th/8th,8,NA,174,NA,NA,NA,3,3,NA,3,L2 learner,L2,L2,L2,Production,Prod-24,1,NA,NA,NA,NA,NA,ve a las niñas,NA,DOM,Feminine,Plural,NA,NA,NA,L2L,7th/8th,Early,Yes,6,0,174,2023,1,0.5,NA,NA,1.7585126524581336,1.376556461929396,NA
H37,1,1,L2L 7th/8th,8,NA,174,NA,NA,NA,3,3,NA,3,L2 learner,L2,L2,L2,Production,Prod-27,1,NA,NA,NA,NA,NA,ve a las niñas,NA,DOM,Feminine,Plural,NA,NA,NA,L2L,7th/8th,Early,Yes,6,0,174,2023,1,0.5,NA,NA,1.7585126524581336,1.376556461929396,NA
H38,1,1,HS 7th/8th,7,NA,159,NA,NA,NA,2,5,NA,8,Heritage Spanish,NA,NA,NA,Production,Prod-01,0,NA,NA,NA,NA,NA,su niño,NA,DOM,Masculine,Singular,NA,NA,NA,HS,7th/8th,Early,Yes,7,0,159,2023,0,0.2857142857142857,NA,NA,1.184069790228282,0.8465897756546519,"DP, no verb, no DOM"
H38,1,1,HS 7th/8th,7,NA,159,NA,NA,NA,2,5,NA,8,Heritage Spanish,NA,NA,NA,Production,Prod-04,0,NA,NA,NA,NA,NA,su niño,NA,DOM,Masculine,Singular,NA,NA,NA,HS,7th/8th,Early,Yes,7,0,159,2023,0,0.2857142857142857,NA,NA,1.184069790228282,0.8465897756546519,"DP, no verb, no DOM"
H38,1,1,HS 7th/8th,7,NA,159,NA,NA,NA,2,5,NA,8,Heritage Spanish,NA,NA,NA,Production,Prod-08,1,NA,NA,NA,NA,NA,a su nieta,NA,DOM,Feminine,Singular,NA,NA,NA,HS,7th/8th,Early,Yes,7,0,159,2023,1,0.2857142857142857,NA,NA,1.184069790228282,0.8465897756546519,NA
H38,1,1,HS 7th/8th,7,NA,159,NA,NA,NA,2,5,NA,8,Heritage Spanish,NA,NA,NA,Production,Prod-12,0,NA,NA,NA,NA,NA,un niño,NA,DOM,Masculine,Singular,NA,NA,NA,HS,7th/8th,Early,Yes,7,0,159,2023,0,0.2857142857142857,NA,NA,1.184069790228282,0.8465897756546519,"DP, no verb, no DOM"
H38,1,1,HS 7th/8th,7,NA,159,NA,NA,NA,2,5,NA,8,Heritage Spanish,NA,NA,NA,Production,Prod-16,0,NA,NA,NA,NA,NA,limpiando su bebé,NA,DOM,Masculine,Singular,NA,NA,NA,HS,7th/8th,Early,Yes,7,0,159,2023,0,0.2857142857142857,NA,NA,1.184069790228282,0.8465897756546519,"Full DP, no DOM"
H38,1,1,HS 7th/8th,7,NA,159,NA,NA,NA,2,5,NA,8,Heritage Spanish,NA,NA,NA,Production,Prod-20,0,NA,NA,NA,NA,NA,una niña muy aterrorizado,NA,DOM,Feminine,Singular,NA,NA,NA,HS,7th/8th,Early,Yes,7,0,159,2023,0,0.2857142857142857,NA,NA,1.184069790228282,0.8465897756546519,"DP, no verb, no DOM"
H38,1,1,HS 7th/8th,7,NA,159,NA,NA,NA,2,5,NA,8,Heritage Spanish,NA,NA,NA,Production,Prod-24,0,NA,NA,NA,NA,NA,dos niñas,NA,DOM,Feminine,Plural,NA,NA,NA,HS,7th/8th,Early,Yes,7,0,159,2023,0,0.2857142857142857,NA,NA,1.184069790228282,0.8465897756546519,"DP, no verb, no DOM"
H38,1,1,HS 7th/8th,7,NA,159,NA,NA,NA,2,5,NA,8,Heritage Spanish,NA,NA,NA,Production,Prod-27,1,NA,NA,NA,NA,NA,dos niñas,NA,DOM,Feminine,Plural,NA,NA,NA,HS,7th/8th,Early,Yes,7,0,159,2023,1,0.2857142857142857,NA,NA,1.184069790228282,0.8465897756546519,NA
H39,1,1,L2L 7th/8th,7,NA,159,NA,NA,NA,4,3,NA,8,L2 learner,L2,L2,L2,Production,Prod-01,0,NA,NA,NA,NA,NA,vi su niño,Omission,DOM,Masculine,Singular,NA,NA,NA,L2L,7th/8th,Early,Yes,7,0,159,2023,0,0.5714285714285714,NA,NA,1.184069790228282,0.8465897756546519,NA
H39,1,1,L2L 7th/8th,7,NA,159,NA,NA,NA,4,3,NA,8,L2 learner,L2,L2,L2,Production,Prod-04,1,NA,NA,NA,NA,Changed accuracy from 0 to 1 -Jen,dando beso a su niño,Omission,DOM,Masculine,Singular,NA,NA,NA,L2L,7th/8th,Early,Yes,7,0,159,2023,1,0.5714285714285714,NA,NA,1.184069790228282,0.8465897756546519,NA
H39,1,1,L2L 7th/8th,7,NA,159,NA,NA,NA,4,3,NA,8,L2 learner,L2,L2,L2,Production,Prod-08,1,NA,NA,NA,NA,NA,empujando a la niña,NA,DOM,Feminine,Singular,NA,NA,NA,L2L,7th/8th,Early,Yes,7,0,159,2023,1,0.5714285714285714,NA,NA,1.184069790228282,0.8465897756546519,NA
H39,1,1,L2L 7th/8th,7,NA,159,NA,NA,NA,4,3,NA,8,L2 learner,L2,L2,L2,Production,Prod-12,1,NA,NA,NA,NA,NA,esta lamando al niño,NA,DOM,Masculine,Singular,NA,NA,NA,L2L,7th/8th,Early,Yes,7,0,159,2023,1,0.5714285714285714,NA,NA,1.184069790228282,0.8465897756546519,NA
H39,1,1,L2L 7th/8th,7,NA,159,NA,NA,NA,4,3,NA,8,L2 learner,L2,L2,L2,Production,Prod-16,NA,NA,NA,NA,NA,Removed code 0 for accuracy -Jen,está lavando,Omission,DOM,Masculine,Singular,NA,NA,NA,L2L,7th/8th,Early,Yes,7,0,159,2023,NA,0.5714285714285714,NA,NA,1.184069790228282,0.8465897756546519,NA
H39,1,1,L2L 7th/8th,7,NA,159,NA,NA,NA,4,3,NA,8,L2 learner,L2,L2,L2,Production,Prod-20,1,NA,NA,NA,NA,NA,ve a la niña,NA,DOM,Feminine,Singular,NA,NA,NA,L2L,7th/8th,Early,Yes,7,0,159,2023,1,0.5714285714285714,NA,NA,1.184069790228282,0.8465897756546519,NA
H39,1,1,L2L 7th/8th,7,NA,159,NA,NA,NA,4,3,NA,8,L2 learner,L2,L2,L2,Production,Prod-24,0,NA,NA,NA,NA,NA,ve las niñas,DP,DOM,Feminine,Plural,NA,NA,NA,L2L,7th/8th,Early,Yes,7,0,159,2023,0,0.5714285714285714,NA,NA,1.184069790228282,0.8465897756546519,NA
H39,1,1,L2L 7th/8th,7,NA,159,NA,NA,NA,4,3,NA,8,L2 learner,L2,L2,L2,Production,Prod-27,0,NA,NA,NA,NA,NA,ve las niñas,Omission,DOM,Feminine,Plural,NA,NA,NA,L2L,7th/8th,Early,Yes,7,0,159,2023,0,0.5714285714285714,NA,NA,1.184069790228282,0.8465897756546519,NA
H40,1,1,L2L 7th/8th,7,NA,155,NA,NA,NA,4,4,NA,8,Sinhala,Yes,Yes,Yes,Production,Prod-01,1,NA,NA,NA,NA,NA,el niño,Omission,DOM,Masculine,Singular,NA,NA,NA,L2L,7th/8th,Early,Yes,8,0,155,2023,1,0.5,NA,NA,1.0308850269669882,0.7052653259813868,NA
H40,1,1,L2L 7th/8th,7,NA,155,NA,NA,NA,4,4,NA,8,Sinhala,Yes,Yes,Yes,Production,Prod-04,NA,NA,NA,NA,NA,NA,niño está,Grammatical alternative,DOM,Masculine,Singular,NA,NA,NA,L2L,7th/8th,Early,Yes,8,0,155,2023,NA,0.5,NA,NA,1.0308850269669882,0.7052653259813868,Grammatical alternative
H40,1,1,L2L 7th/8th,7,NA,155,NA,NA,NA,4,4,NA,8,Sinhala,Yes,Yes,Yes,Production,Prod-08,0,NA,NA,NA,NA,NA,la niña,Omission,DOM,Feminine,Singular,NA,NA,NA,L2L,7th/8th,Early,Yes,8,0,155,2023,0,0.5,NA,NA,1.0308850269669882,0.7052653259813868,"DP, no verb, no DOM"
H40,1,1,L2L 7th/8th,7,NA,155,NA,NA,NA,4,4,NA,8,Sinhala,Yes,Yes,Yes,Production,Prod-12,0,NA,NA,NA,NA,NA,el niño,NA,DOM,Masculine,Singular,NA,NA,NA,L2L,7th/8th,Early,Yes,8,0,155,2023,0,0.5,NA,NA,1.0308850269669882,0.7052653259813868,"DP, no verb, no DOM"
H40,1,1,L2L 7th/8th,7,NA,155,NA,NA,NA,4,4,NA,8,Sinhala,Yes,Yes,Yes,Production,Prod-16,0,NA,NA,NA,NA,NA,el niño,NA,DOM,Masculine,Singular,NA,NA,NA,L2L,7th/8th,Early,Yes,8,0,155,2023,0,0.5,NA,NA,1.0308850269669882,0.7052653259813868,"DP, no verb, no DOM"
H40,1,1,L2L 7th/8th,7,NA,155,NA,NA,NA,4,4,NA,8,Sinhala,Yes,Yes,Yes,Production,Prod-20,0,NA,NA,NA,NA,NA,la niña,NA,DOM,Feminine,Singular,NA,NA,NA,L2L,7th/8th,Early,Yes,8,0,155,2023,0,0.5,NA,NA,1.0308850269669882,0.7052653259813868,"DP, no verb, no DOM"
H40,1,1,L2L 7th/8th,7,NA,155,NA,NA,NA,4,4,NA,8,Sinhala,Yes,Yes,Yes,Production,Prod-24,0,NA,NA,NA,NA,NA,los dos niños,NA,DOM,Feminine,Plural,NA,NA,NA,L2L,7th/8th,Early,Yes,8,0,155,2023,0,0.5,NA,NA,1.0308850269669882,0.7052653259813868,"DP, no verb, no DOM"
H40,1,1,L2L 7th/8th,7,NA,155,NA,NA,NA,4,4,NA,8,Sinhala,Yes,Yes,Yes,Production,Prod-27,0,NA,NA,NA,NA,NA,los dos niños,NA,DOM,Feminine,Plural,NA,NA,NA,L2L,7th/8th,Early,Yes,8,0,155,2023,0,0.5,NA,NA,1.0308850269669882,0.7052653259813868,"DP, no verb, no DOM"
H41,1,1,L2L 4th/5th,5,NA,139,NA,NA,NA,2,1,NA,7,L2 learner,L2,L2,L2,Production,Prod-01,NA,NA,NA,NA,NA,NA,uhm en la izquierda,Grammatical alternative,DOM,Masculine,Singular,NA,NA,NA,L2L,4th/5th,Early,Yes,3,0,139,2023,NA,0.6666666666666666,NA,NA,0.41814597392181296,0.13996752728832632,Grammatical alternative
H41,1,1,L2L 4th/5th,5,NA,139,NA,NA,NA,2,1,NA,7,L2 learner,L2,L2,L2,Production,Prod-04,NA,NA,NA,NA,NA,NA,con su niña,Grammatical alternative,DOM,Masculine,Singular,NA,NA,NA,L2L,4th/5th,Early,Yes,3,0,139,2023,NA,0.6666666666666666,NA,NA,0.41814597392181296,0.13996752728832632,Grammatical alternative
H41,1,1,L2L 4th/5th,5,NA,139,NA,NA,NA,2,1,NA,7,L2 learner,L2,L2,L2,Production,Prod-08,NA,NA,NA,NA,NA,NA,con su niña y el perro,Grammatical alternative,DOM,Feminine,Singular,NA,NA,NA,L2L,4th/5th,Early,Yes,3,0,139,2023,NA,0.6666666666666666,NA,NA,0.41814597392181296,0.13996752728832632,Grammatical alternative
H41,1,1,L2L 4th/5th,5,NA,139,NA,NA,NA,2,1,NA,7,L2 learner,L2,L2,L2,Production,Prod-12,1,NA,NA,NA,NA,NA,NA,Omission,DOM,Masculine,Singular,NA,NA,NA,L2L,4th/5th,Early,Yes,3,0,139,2023,1,0.6666666666666666,NA,NA,0.41814597392181296,0.13996752728832632,NA
H41,1,1,L2L 4th/5th,5,NA,139,NA,NA,NA,2,1,NA,7,L2 learner,L2,L2,L2,Production,Prod-16,0,NA,NA,NA,NA,NA,NA,Omission,DOM,Masculine,Singular,NA,NA,NA,L2L,4th/5th,Early,Yes,3,0,139,2023,0,0.6666666666666666,NA,NA,0.41814597392181296,0.13996752728832632,"DP, no verb, no DOM"
H41,1,1,L2L 4th/5th,5,NA,139,NA,NA,NA,2,1,NA,7,L2 learner,L2,L2,L2,Production,Prod-20,0,NA,NA,NA,NA,NA,NA,Omission,DOM,Feminine,Singular,NA,NA,NA,L2L,4th/5th,Early,Yes,3,0,139,2023,0,0.6666666666666666,NA,NA,0.41814597392181296,0.13996752728832632,"DP, no verb, no DOM"
H41,1,1,L2L 4th/5th,5,NA,139,NA,NA,NA,2,1,NA,7,L2 learner,L2,L2,L2,Production,Prod-24,0,NA,NA,NA,NA,NA,NA,Omission,DOM,Feminine,Plural,NA,NA,NA,L2L,4th/5th,Early,Yes,3,0,139,2023,0,0.6666666666666666,NA,NA,0.41814597392181296,0.13996752728832632,"DP, no verb, no DOM"
H41,1,1,L2L 4th/5th,5,NA,139,NA,NA,NA,2,1,NA,7,L2 learner,L2,L2,L2,Production,Prod-27,0,NA,NA,NA,NA,NA,NA,Omission,DOM,Feminine,Plural,NA,NA,NA,L2L,4th/5th,Early,Yes,3,0,139,2023,0,0.6666666666666666,NA,NA,0.41814597392181296,0.13996752728832632,"DP, no verb, no DOM"
H41,1,2,L2L 7th/8th,8,NA,139,NA,NA,NA,2,1,NA,7,L2 learner,L2,L2,L2,Production,Prod-01,NA,NA,NA,1,1,NA,va a un niño,NA,DOM,Masculine,Singular,NA,NA,NA,L2L,7th/8th,Early,Yes,3,36,175,2026,NA,0.6666666666666666,NA,NA,0.41814597392181296,1.4118875743477124,NA
H41,1,2,L2L 7th/8th,8,NA,139,NA,NA,NA,2,1,NA,7,L2 learner,L2,L2,L2,Production,Prod-04,NA,NA,NA,NA,NA,NA,le da un beso a un niño,Avoided,DOM,Masculine,Singular,NA,NA,NA,L2L,7th/8th,Early,Yes,3,36,175,2026,NA,0.6666666666666666,NA,NA,0.41814597392181296,1.4118875743477124,NA
H41,1,2,L2L 7th/8th,8,NA,139,NA,NA,NA,2,1,NA,7,L2 learner,L2,L2,L2,Production,Prod-08,1,NA,NA,NA,NA,NA,ve a una niña,NA,DOM,Feminine,Singular,NA,NA,NA,L2L,7th/8th,Early,Yes,3,36,175,2026,1,0.6666666666666666,NA,NA,0.41814597392181296,1.4118875743477124,NA
H41,1,2,L2L 7th/8th,8,NA,139,NA,NA,NA,2,1,NA,7,L2 learner,L2,L2,L2,Production,Prod-12,1,NA,NA,NA,NA,NA,ve a un niño,NA,DOM,Masculine,Singular,NA,NA,NA,L2L,7th/8th,Early,Yes,3,36,175,2026,1,0.6666666666666666,NA,NA,0.41814597392181296,1.4118875743477124,NA
H41,1,2,L2L 7th/8th,8,NA,139,NA,NA,NA,2,1,NA,7,L2 learner,L2,L2,L2,Production,Prod-16,1,NA,NA,NA,NA,NA,ve a un bebé,NA,DOM,Masculine,Singular,NA,NA,NA,L2L,7th/8th,Early,Yes,3,36,175,2026,1,0.6666666666666666,NA,NA,0.41814597392181296,1.4118875743477124,NA
H41,1,2,L2L 7th/8th,8,NA,139,NA,NA,NA,2,1,NA,7,L2 learner,L2,L2,L2,Production,Prod-20,1,NA,NA,NA,NA,NA,ve a una niña,NA,DOM,Feminine,Singular,NA,NA,NA,L2L,7th/8th,Early,Yes,3,36,175,2026,1,0.6666666666666666,NA,NA,0.41814597392181296,1.4118875743477124,NA
H41,1,2,L2L 7th/8th,8,NA,139,NA,NA,NA,2,1,NA,7,L2 learner,L2,L2,L2,Production,Prod-24,1,NA,NA,NA,NA,NA,ve a dos niñas,NA,DOM,Feminine,Plural,NA,NA,NA,L2L,7th/8th,Early,Yes,3,36,175,2026,1,0.6666666666666666,NA,NA,0.41814597392181296,1.4118875743477124,NA
H41,1,2,L2L 7th/8th,8,NA,139,NA,NA,NA,2,1,NA,7,L2 learner,L2,L2,L2,Production,Prod-27,1,NA,NA,NA,NA,NA,ve a dos niñas,NA,DOM,Feminine,Plural,NA,NA,NA,L2L,7th/8th,Early,Yes,3,36,175,2026,1,0.6666666666666666,NA,NA,0.41814597392181296,1.4118875743477124,NA
H42,1,1,L2L 4th/5th,5,NA,132,NA,NA,NA,2,5,NA,3,Mandarin,Yes,No,No,Production,Prod-01,0,NA,NA,NA,NA,NA,NA,NA,DOM,Masculine,Singular,NA,NA,NA,L2L,4th/5th,Early,Yes,7,0,132,2023,0,0.2857142857142857,NA,NA,0.1500726382145488,-0.10735025963988762,"Full DP, no DOM"
H42,1,1,L2L 4th/5th,5,NA,132,NA,NA,NA,2,5,NA,3,Mandarin,Yes,No,No,Production,Prod-04,0,NA,NA,NA,NA,NA,NA,NA,DOM,Masculine,Singular,NA,NA,NA,L2L,4th/5th,Early,Yes,7,0,132,2023,0,0.2857142857142857,NA,NA,0.1500726382145488,-0.10735025963988762,"Full DP, no DOM"
H42,1,1,L2L 4th/5th,5,NA,132,NA,NA,NA,2,5,NA,3,Mandarin,Yes,No,No,Production,Prod-08,0,NA,NA,NA,NA,NA,NA,NA,DOM,Feminine,Singular,NA,NA,NA,L2L,4th/5th,Early,Yes,7,0,132,2023,0,0.2857142857142857,NA,NA,0.1500726382145488,-0.10735025963988762,"Full DP, no DOM"
H42,1,1,L2L 4th/5th,5,NA,132,NA,NA,NA,2,5,NA,3,Mandarin,Yes,No,No,Production,Prod-12,0,NA,NA,NA,NA,NA,NA,NA,DOM,Masculine,Singular,NA,NA,NA,L2L,4th/5th,Early,Yes,7,0,132,2023,0,0.2857142857142857,NA,NA,0.1500726382145488,-0.10735025963988762,"Full DP, no DOM"
H42,1,1,L2L 4th/5th,5,NA,132,NA,NA,NA,2,5,NA,3,Mandarin,Yes,No,No,Production,Prod-16,0,NA,NA,NA,NA,NA,NA,NA,DOM,Masculine,Singular,NA,NA,NA,L2L,4th/5th,Early,Yes,7,0,132,2023,0,0.2857142857142857,NA,NA,0.1500726382145488,-0.10735025963988762,"Full DP, no DOM"
H42,1,1,L2L 4th/5th,5,NA,132,NA,NA,NA,2,5,NA,3,Mandarin,Yes,No,No,Production,Prod-20,0,NA,NA,NA,NA,NA,NA,NA,DOM,Feminine,Singular,NA,NA,NA,L2L,4th/5th,Early,Yes,7,0,132,2023,0,0.2857142857142857,NA,NA,0.1500726382145488,-0.10735025963988762,"Full DP, no DOM"
H42,1,1,L2L 4th/5th,5,NA,132,NA,NA,NA,2,5,NA,3,Mandarin,Yes,No,No,Production,Prod-24,0,NA,NA,NA,NA,NA,NA,NA,DOM,Feminine,Plural,NA,NA,NA,L2L,4th/5th,Early,Yes,7,0,132,2023,0,0.2857142857142857,NA,NA,0.1500726382145488,-0.10735025963988762,"Full DP, no DOM"
H42,1,1,L2L 4th/5th,5,NA,132,NA,NA,NA,2,5,NA,3,Mandarin,Yes,No,No,Production,Prod-27,0,NA,NA,NA,NA,NA,NA,NA,DOM,Feminine,Plural,NA,NA,NA,L2L,4th/5th,Early,Yes,7,0,132,2023,0,0.2857142857142857,NA,NA,0.1500726382145488,-0.10735025963988762,"Full DP, no DOM"
H42,1,2,L2L 7th/8th,8,NA,132,NA,NA,NA,2,5,NA,3,Mandarin,Yes,No,No,Production,Prod-01,1,NA,NA,NA,NA,NA,ve a su niño,NA,DOM,Masculine,Singular,NA,NA,NA,L2L,7th/8th,Early,Yes,7,36,168,2026,1,0.2857142857142857,NA,NA,0.1500726382145488,1.1645697874194985,NA
H42,1,2,L2L 7th/8th,8,NA,132,NA,NA,NA,2,5,NA,3,Mandarin,Yes,No,No,Production,Prod-04,1,NA,NA,NA,NA,NA,a su hijo,NA,DOM,Masculine,Singular,NA,NA,NA,L2L,7th/8th,Early,Yes,7,36,168,2026,1,0.2857142857142857,NA,NA,0.1500726382145488,1.1645697874194985,NA
H42,1,2,L2L 7th/8th,8,NA,132,NA,NA,NA,2,5,NA,3,Mandarin,Yes,No,No,Production,Prod-08,1,NA,NA,NA,NA,NA,va a la niña,NA,DOM,Feminine,Singular,NA,NA,NA,L2L,7th/8th,Early,Yes,7,36,168,2026,1,0.2857142857142857,NA,NA,0.1500726382145488,1.1645697874194985,NA
H42,1,2,L2L 7th/8th,8,NA,132,NA,NA,NA,2,5,NA,3,Mandarin,Yes,No,No,Production,Prod-12,1,NA,NA,NA,NA,NA,ve al niño,NA,DOM,Masculine,Singular,NA,NA,NA,L2L,7th/8th,Early,Yes,7,36,168,2026,1,0.2857142857142857,NA,NA,0.1500726382145488,1.1645697874194985,NA
H42,1,2,L2L 7th/8th,8,NA,132,NA,NA,NA,2,5,NA,3,Mandarin,Yes,No,No,Production,Prod-16,1,NA,NA,NA,NA,NA,ve al niño,NA,DOM,Masculine,Singular,NA,NA,NA,L2L,7th/8th,Early,Yes,7,36,168,2026,1,0.2857142857142857,NA,NA,0.1500726382145488,1.1645697874194985,NA
H42,1,2,L2L 7th/8th,8,NA,132,NA,NA,NA,2,5,NA,3,Mandarin,Yes,No,No,Production,Prod-20,1,NA,NA,NA,NA,NA,ve a la niña aterrorizada,NA,DOM,Feminine,Singular,NA,NA,NA,L2L,7th/8th,Early,Yes,7,36,168,2026,1,0.2857142857142857,NA,NA,0.1500726382145488,1.1645697874194985,NA
H42,1,2,L2L 7th/8th,8,NA,132,NA,NA,NA,2,5,NA,3,Mandarin,Yes,No,No,Production,Prod-24,1,NA,NA,NA,NA,NA,a las niñas,NA,DOM,Feminine,Plural,NA,NA,NA,L2L,7th/8th,Early,Yes,7,36,168,2026,1,0.2857142857142857,NA,NA,0.1500726382145488,1.1645697874194985,NA
H42,1,2,L2L 7th/8th,8,NA,132,NA,NA,NA,2,5,NA,3,Mandarin,Yes,No,No,Production,Prod-27,1,NA,NA,NA,NA,NA,ve a dos niñas,NA,DOM,Feminine,Plural,NA,NA,NA,L2L,7th/8th,Early,Yes,7,36,168,2026,1,0.2857142857142857,NA,NA,0.1500726382145488,1.1645697874194985,NA
H43,1,1,L2L 4th/5th,5,NA,136,NA,NA,NA,3,4,NA,8,L2 learner,L2,L2,L2,Production,Prod-01,1,NA,NA,NA,NA,NA,NA,Omission,DOM,Masculine,Singular,NA,NA,NA,L2L,4th/5th,Early,Yes,7,0,136,2023,1,0.42857142857142855,NA,NA,0.3032574014758426,0.0339741900333775,NA
H43,1,1,L2L 4th/5th,5,NA,136,NA,NA,NA,3,4,NA,8,L2 learner,L2,L2,L2,Production,Prod-04,0,NA,NA,NA,NA,NA,NA,Omission,DOM,Masculine,Singular,NA,NA,NA,L2L,4th/5th,Early,Yes,7,0,136,2023,0,0.42857142857142855,NA,NA,0.3032574014758426,0.0339741900333775,"DP, no verb, no DOM"
H43,1,1,L2L 4th/5th,5,NA,136,NA,NA,NA,3,4,NA,8,L2 learner,L2,L2,L2,Production,Prod-08,1,NA,NA,NA,NA,NA,NA,Omission,DOM,Feminine,Singular,NA,NA,NA,L2L,4th/5th,Early,Yes,7,0,136,2023,1,0.42857142857142855,NA,NA,0.3032574014758426,0.0339741900333775,NA
H43,1,1,L2L 4th/5th,5,NA,136,NA,NA,NA,3,4,NA,8,L2 learner,L2,L2,L2,Production,Prod-12,0,NA,NA,NA,NA,NA,NA,Omission,DOM,Masculine,Singular,NA,NA,NA,L2L,4th/5th,Early,Yes,7,0,136,2023,0,0.42857142857142855,NA,NA,0.3032574014758426,0.0339741900333775,"Full DP, no DOM"
H43,1,1,L2L 4th/5th,5,NA,136,NA,NA,NA,3,4,NA,8,L2 learner,L2,L2,L2,Production,Prod-16,0,NA,NA,NA,NA,NA,NA,DP,DOM,Masculine,Singular,NA,NA,NA,L2L,4th/5th,Early,Yes,7,0,136,2023,0,0.42857142857142855,NA,NA,0.3032574014758426,0.0339741900333775,"Full DP, no DOM"
H43,1,1,L2L 4th/5th,5,NA,136,NA,NA,NA,3,4,NA,8,L2 learner,L2,L2,L2,Production,Prod-20,0,NA,NA,NA,NA,NA,NA,Omission,DOM,Feminine,Singular,NA,NA,NA,L2L,4th/5th,Early,Yes,7,0,136,2023,0,0.42857142857142855,NA,NA,0.3032574014758426,0.0339741900333775,"DP, no verb, no DOM"
H43,1,1,L2L 4th/5th,5,NA,136,NA,NA,NA,3,4,NA,8,L2 learner,L2,L2,L2,Production,Prod-24,1,NA,NA,NA,NA,NA,NA,NA,DOM,Feminine,Plural,NA,NA,NA,L2L,4th/5th,Early,Yes,7,0,136,2023,1,0.42857142857142855,NA,NA,0.3032574014758426,0.0339741900333775,NA
H43,1,1,L2L 4th/5th,5,NA,136,NA,NA,NA,3,4,NA,8,L2 learner,L2,L2,L2,Production,Prod-27,1,NA,NA,NA,NA,NA,NA,DP,DOM,Feminine,Plural,NA,NA,NA,L2L,4th/5th,Early,Yes,7,0,136,2023,1,0.42857142857142855,NA,NA,0.3032574014758426,0.0339741900333775,NA
H43,1,2,L2L 7th/8th,8,NA,136,NA,NA,NA,3,4,NA,8,L2 learner,L2,L2,L2,Production,Prod-01,1,NA,NA,NA,NA,NA,ve a su hijo,NA,DOM,Masculine,Singular,NA,NA,NA,L2L,7th/8th,Early,Yes,7,36,172,2026,1,0.42857142857142855,NA,NA,0.3032574014758426,1.3058942370927635,NA
H43,1,2,L2L 7th/8th,8,NA,136,NA,NA,NA,3,4,NA,8,L2 learner,L2,L2,L2,Production,Prod-04,NA,NA,NA,NA,NA,NA,dando un beso a su hijo,Grammatical alternative,DOM,Masculine,Singular,NA,NA,NA,L2L,7th/8th,Early,Yes,7,36,172,2026,NA,0.42857142857142855,NA,NA,0.3032574014758426,1.3058942370927635,NA
H43,1,2,L2L 7th/8th,8,NA,136,NA,NA,NA,3,4,NA,8,L2 learner,L2,L2,L2,Production,Prod-08,1,NA,NA,NA,NA,NA,ve a su nieta,NA,DOM,Feminine,Singular,NA,NA,NA,L2L,7th/8th,Early,Yes,7,36,172,2026,1,0.42857142857142855,NA,NA,0.3032574014758426,1.3058942370927635,NA
H43,1,2,L2L 7th/8th,8,NA,136,NA,NA,NA,3,4,NA,8,L2 learner,L2,L2,L2,Production,Prod-12,1,NA,NA,NA,NA,NA,ve a un niño,NA,DOM,Masculine,Singular,NA,NA,NA,L2L,7th/8th,Early,Yes,7,36,172,2026,1,0.42857142857142855,NA,NA,0.3032574014758426,1.3058942370927635,NA
H43,1,2,L2L 7th/8th,8,NA,136,NA,NA,NA,3,4,NA,8,L2 learner,L2,L2,L2,Production,Prod-16,0,NA,NA,NA,NA,NA,ve su bebé,Omission,DOM,Masculine,Singular,NA,NA,NA,L2L,7th/8th,Early,Yes,7,36,172,2026,0,0.42857142857142855,NA,NA,0.3032574014758426,1.3058942370927635,"Full DP, no DOM"
H43,1,2,L2L 7th/8th,8,NA,136,NA,NA,NA,3,4,NA,8,L2 learner,L2,L2,L2,Production,Prod-20,1,NA,NA,NA,NA,NA,ve a un mujer,NA,DOM,Feminine,Singular,NA,NA,NA,L2L,7th/8th,Early,Yes,7,36,172,2026,1,0.42857142857142855,NA,NA,0.3032574014758426,1.3058942370927635,NA
H43,1,2,L2L 7th/8th,8,NA,136,NA,NA,NA,3,4,NA,8,L2 learner,L2,L2,L2,Production,Prod-24,1,NA,NA,NA,NA,NA,ve a ??? Niños,NA,DOM,Feminine,Plural,NA,NA,NA,L2L,7th/8th,Early,Yes,7,36,172,2026,1,0.42857142857142855,NA,NA,0.3032574014758426,1.3058942370927635,NA
H43,1,2,L2L 7th/8th,8,NA,136,NA,NA,NA,3,4,NA,8,L2 learner,L2,L2,L2,Production,Prod-27,1,NA,NA,NA,NA,NA,llamando a sus hijas,NA,DOM,Feminine,Plural,NA,NA,NA,L2L,7th/8th,Early,Yes,7,36,172,2026,1,0.42857142857142855,NA,NA,0.3032574014758426,1.3058942370927635,NA
H44,1,1,HS 4th/5th,5,NA,137,NA,NA,NA,2,6,NA,4,Heritage Spanish,NA,NA,NA,Production,Prod-01,0,NA,NA,NA,NA,NA,NA,NA,DOM,Masculine,Singular,NA,NA,NA,HS,4th/5th,Early,Yes,8,0,137,2023,0,0.25,NA,NA,0.34155359229116605,0.06930530245169376,"DP, no verb, no DOM"
H44,1,1,HS 4th/5th,5,NA,137,NA,NA,NA,2,6,NA,4,Heritage Spanish,NA,NA,NA,Production,Prod-04,0,NA,NA,NA,NA,NA,NA,NA,DOM,Masculine,Singular,NA,NA,NA,HS,4th/5th,Early,Yes,8,0,137,2023,0,0.25,NA,NA,0.34155359229116605,0.06930530245169376,"Full DP, no DOM"
H44,1,1,HS 4th/5th,5,NA,137,NA,NA,NA,2,6,NA,4,Heritage Spanish,NA,NA,NA,Production,Prod-08,1,NA,NA,NA,NA,NA,NA,NA,DOM,Feminine,Singular,NA,NA,NA,HS,4th/5th,Early,Yes,8,0,137,2023,1,0.25,NA,NA,0.34155359229116605,0.06930530245169376,NA
H44,1,1,HS 4th/5th,5,NA,137,NA,NA,NA,2,6,NA,4,Heritage Spanish,NA,NA,NA,Production,Prod-12,NA,NA,NA,NA,NA,NA,el perro lamerse y niño,Grammatical alternative,DOM,Masculine,Singular,NA,NA,NA,HS,4th/5th,Early,Yes,8,0,137,2023,NA,0.25,NA,NA,0.34155359229116605,0.06930530245169376,Grammatical alternative
H44,1,1,HS 4th/5th,5,NA,137,NA,NA,NA,2,6,NA,4,Heritage Spanish,NA,NA,NA,Production,Prod-16,NA,NA,NA,NA,NA,NA,NA,NA,DOM,Masculine,Singular,NA,NA,NA,HS,4th/5th,Early,Yes,8,0,137,2023,NA,0.25,NA,NA,0.34155359229116605,0.06930530245169376,Unintelligible/cannot tell
H44,1,1,HS 4th/5th,5,NA,137,NA,NA,NA,2,6,NA,4,Heritage Spanish,NA,NA,NA,Production,Prod-20,0,NA,NA,NA,NA,NA,NA,NA,DOM,Feminine,Singular,NA,NA,NA,HS,4th/5th,Early,Yes,8,0,137,2023,0,0.25,NA,NA,0.34155359229116605,0.06930530245169376,"DP, no verb, no DOM"
H44,1,1,HS 4th/5th,5,NA,137,NA,NA,NA,2,6,NA,4,Heritage Spanish,NA,NA,NA,Production,Prod-24,0,NA,NA,NA,NA,NA,NA,NA,DOM,Feminine,Plural,NA,NA,NA,HS,4th/5th,Early,Yes,8,0,137,2023,0,0.25,NA,NA,0.34155359229116605,0.06930530245169376,"DP, no verb, no DOM"
H44,1,1,HS 4th/5th,5,NA,137,NA,NA,NA,2,6,NA,4,Heritage Spanish,NA,NA,NA,Production,Prod-27,0,NA,NA,NA,NA,NA,NA,Omission,DOM,Feminine,Plural,NA,NA,NA,HS,4th/5th,Early,Yes,8,0,137,2023,0,0.25,NA,NA,0.34155359229116605,0.06930530245169376,"DP, no verb, no DOM"
H45,1,1,HS 4th/5th,5,NA,136,NA,NA,NA,4,4,NA,3,Heritage Spanish,NA,NA,NA,Production,Prod-01,0,NA,NA,NA,NA,NA,NA,NA,DOM,Masculine,Singular,NA,NA,NA,HS,4th/5th,Early,Yes,8,0,136,2023,0,0.5,NA,NA,0.3032574014758426,0.0339741900333775,"DP, no verb, no DOM"
H45,1,1,HS 4th/5th,5,NA,136,NA,NA,NA,4,4,NA,3,Heritage Spanish,NA,NA,NA,Production,Prod-04,0,NA,NA,NA,NA,NA,NA,NA,DOM,Masculine,Singular,NA,NA,NA,HS,4th/5th,Early,Yes,8,0,136,2023,0,0.5,NA,NA,0.3032574014758426,0.0339741900333775,"DP, no verb, no DOM"
H45,1,1,HS 4th/5th,5,NA,136,NA,NA,NA,4,4,NA,3,Heritage Spanish,NA,NA,NA,Production,Prod-08,0,NA,NA,NA,NA,NA,NA,NA,DOM,Feminine,Singular,NA,NA,NA,HS,4th/5th,Early,Yes,8,0,136,2023,0,0.5,NA,NA,0.3032574014758426,0.0339741900333775,"DP, no verb, no DOM"
H45,1,1,HS 4th/5th,5,NA,136,NA,NA,NA,4,4,NA,3,Heritage Spanish,NA,NA,NA,Production,Prod-12,0,NA,NA,NA,NA,NA,su owner,Omission,DOM,Masculine,Singular,NA,NA,NA,HS,4th/5th,Early,Yes,8,0,136,2023,0,0.5,NA,NA,0.3032574014758426,0.0339741900333775,"DP, no verb, no DOM"
H45,1,1,HS 4th/5th,5,NA,136,NA,NA,NA,4,4,NA,3,Heritage Spanish,NA,NA,NA,Production,Prod-16,0,NA,NA,NA,NA,NA,NA,NA,DOM,Masculine,Singular,NA,NA,NA,HS,4th/5th,Early,Yes,8,0,136,2023,0,0.5,NA,NA,0.3032574014758426,0.0339741900333775,"DP, no verb, no DOM"
H45,1,1,HS 4th/5th,5,NA,136,NA,NA,NA,4,4,NA,3,Heritage Spanish,NA,NA,NA,Production,Prod-20,0,NA,NA,NA,NA,NA,NA,NA,DOM,Feminine,Singular,NA,NA,NA,HS,4th/5th,Early,Yes,8,0,136,2023,0,0.5,NA,NA,0.3032574014758426,0.0339741900333775,"DP, no verb, no DOM"
H45,1,1,HS 4th/5th,5,NA,136,NA,NA,NA,4,4,NA,3,Heritage Spanish,NA,NA,NA,Production,Prod-24,0,NA,NA,NA,NA,NA,NA,NA,DOM,Feminine,Plural,NA,NA,NA,HS,4th/5th,Early,Yes,8,0,136,2023,0,0.5,NA,NA,0.3032574014758426,0.0339741900333775,"DP, no verb, no DOM"
H45,1,1,HS 4th/5th,5,NA,136,NA,NA,NA,4,4,NA,3,Heritage Spanish,NA,NA,NA,Production,Prod-27,0,NA,NA,NA,NA,NA,NA,NA,DOM,Feminine,Plural,NA,NA,NA,HS,4th/5th,Early,Yes,8,0,136,2023,0,0.5,NA,NA,0.3032574014758426,0.0339741900333775,"DP, no verb, no DOM"
H46,1,1,HS 4th/5th,5,NA,146,NA,NA,NA,2,3,NA,6,Heritage Spanish,NA,NA,NA,Production,Prod-01,NA,NA,NA,NA,NA,NA,el papá es la persona que habla con el niño,NA,DOM,Masculine,Singular,NA,NA,NA,HS,4th/5th,Early,Yes,5,0,146,2023,NA,0.4,NA,NA,0.6862193096290771,0.3872853142165403,Grammatical alternative
H46,1,1,HS 4th/5th,5,NA,146,NA,NA,NA,2,3,NA,6,Heritage Spanish,NA,NA,NA,Production,Prod-04,NA,NA,NA,NA,NA,NA,la mamá que es su uhm niño en la cheeck,Grammatical alternative,DOM,Masculine,Singular,NA,NA,NA,HS,4th/5th,Early,Yes,5,0,146,2023,NA,0.4,NA,NA,0.6862193096290771,0.3872853142165403,Grammatical alternative
H46,1,1,HS 4th/5th,5,NA,146,NA,NA,NA,2,3,NA,6,Heritage Spanish,NA,NA,NA,Production,Prod-08,0,NA,NA,NA,NA,NA,NA,NA,DOM,Feminine,Singular,NA,NA,NA,HS,4th/5th,Early,Yes,5,0,146,2023,0,0.4,NA,NA,0.6862193096290771,0.3872853142165403,Codeswitching with English verb
H46,1,1,HS 4th/5th,5,NA,146,NA,NA,NA,2,3,NA,6,Heritage Spanish,NA,NA,NA,Production,Prod-12,0,NA,NA,NA,NA,NA,NA,NA,DOM,Masculine,Singular,NA,NA,NA,HS,4th/5th,Early,Yes,5,0,146,2023,0,0.4,NA,NA,0.6862193096290771,0.3872853142165403,Codeswitching with English verb
H46,1,1,HS 4th/5th,5,NA,146,NA,NA,NA,2,3,NA,6,Heritage Spanish,NA,NA,NA,Production,Prod-16,0,NA,NA,NA,NA,NA,NA,NA,DOM,Masculine,Singular,NA,NA,NA,HS,4th/5th,Early,Yes,5,0,146,2023,0,0.4,NA,NA,0.6862193096290771,0.3872853142165403,Codeswitching with English verb
H46,1,1,HS 4th/5th,5,NA,146,NA,NA,NA,2,3,NA,6,Heritage Spanish,NA,NA,NA,Production,Prod-20,0,NA,NA,NA,NA,NA,NA,NA,DOM,Feminine,Singular,NA,NA,NA,HS,4th/5th,Early,Yes,5,0,146,2023,0,0.4,NA,NA,0.6862193096290771,0.3872853142165403,"Full DP, no DOM"
H46,1,1,HS 4th/5th,5,NA,146,NA,NA,NA,2,3,NA,6,Heritage Spanish,NA,NA,NA,Production,Prod-24,0,NA,NA,NA,NA,NA,NA,NA,DOM,Feminine,Plural,NA,NA,NA,HS,4th/5th,Early,Yes,5,0,146,2023,0,0.4,NA,NA,0.6862193096290771,0.3872853142165403,Codeswitching with English verb
H46,1,1,HS 4th/5th,5,NA,146,NA,NA,NA,2,3,NA,6,Heritage Spanish,NA,NA,NA,Production,Prod-27,NA,NA,NA,NA,NA,NA,la mamá es en la teléfono con sus nietas,Grammatical alternative,DOM,Feminine,Plural,NA,NA,NA,HS,4th/5th,Early,Yes,5,0,146,2023,NA,0.4,NA,NA,0.6862193096290771,0.3872853142165403,Grammatical alternative
H46,1,2,HS 7th/8th,8,NA,146,NA,NA,NA,2,3,NA,6,Heritage Spanish,NA,NA,NA,Production,Prod-01,1,NA,NA,NA,NA,NA,ve a un chico,NA,DOM,Masculine,Singular,NA,NA,NA,HS,7th/8th,Early,Yes,5,36,182,2026,1,0.4,NA,NA,0.6862193096290771,1.6592053612759263,NA
H46,1,2,HS 7th/8th,8,NA,146,NA,NA,NA,2,3,NA,6,Heritage Spanish,NA,NA,NA,Production,Prod-04,NA,NA,NA,NA,NA,NA,dandolo un beso al chico,Grammatical alternative,DOM,Masculine,Singular,NA,NA,NA,HS,7th/8th,Early,Yes,5,36,182,2026,NA,0.4,NA,NA,0.6862193096290771,1.6592053612759263,NA
H46,1,2,HS 7th/8th,8,NA,146,NA,NA,NA,2,3,NA,6,Heritage Spanish,NA,NA,NA,Production,Prod-08,1,NA,NA,NA,NA,NA,ve a una chica,NA,DOM,Feminine,Singular,NA,NA,NA,HS,7th/8th,Early,Yes,5,36,182,2026,1,0.4,NA,NA,0.6862193096290771,1.6592053612759263,NA
H46,1,2,HS 7th/8th,8,NA,146,NA,NA,NA,2,3,NA,6,Heritage Spanish,NA,NA,NA,Production,Prod-12,1,NA,NA,NA,NA,NA,ve a un chico,NA,DOM,Masculine,Singular,NA,NA,NA,HS,7th/8th,Early,Yes,5,36,182,2026,1,0.4,NA,NA,0.6862193096290771,1.6592053612759263,NA
H46,1,2,HS 7th/8th,8,NA,146,NA,NA,NA,2,3,NA,6,Heritage Spanish,NA,NA,NA,Production,Prod-16,1,NA,NA,NA,NA,NA,ve a un niño,NA,DOM,Masculine,Singular,NA,NA,NA,HS,7th/8th,Early,Yes,5,36,182,2026,1,0.4,NA,NA,0.6862193096290771,1.6592053612759263,NA
H46,1,2,HS 7th/8th,8,NA,146,NA,NA,NA,2,3,NA,6,Heritage Spanish,NA,NA,NA,Production,Prod-20,1,NA,NA,NA,NA,NA,ve a una niña,NA,DOM,Feminine,Singular,NA,NA,NA,HS,7th/8th,Early,Yes,5,36,182,2026,1,0.4,NA,NA,0.6862193096290771,1.6592053612759263,NA
H46,1,2,HS 7th/8th,8,NA,146,NA,NA,NA,2,3,NA,6,Heritage Spanish,NA,NA,NA,Production,Prod-24,1,NA,NA,NA,NA,NA,ve a dos chicos,NA,DOM,Feminine,Plural,NA,NA,NA,HS,7th/8th,Early,Yes,5,36,182,2026,1,0.4,NA,NA,0.6862193096290771,1.6592053612759263,NA
H46,1,2,HS 7th/8th,8,NA,146,NA,NA,NA,2,3,NA,6,Heritage Spanish,NA,NA,NA,Production,Prod-27,1,NA,NA,NA,NA,NA,NA,NA,DOM,Feminine,Plural,NA,NA,NA,HS,7th/8th,Early,Yes,5,36,182,2026,1,0.4,NA,NA,0.6862193096290771,1.6592053612759263,NA
H47,1,1,HS 2nd,2,8,99,NA,NA,NA,2,6,NA,8,Heritage Spanish,NA,NA,NA,Production,Prod-01,1,NA,NA,NA,NA,NA,NA,NA,DOM,Masculine,Singular,NA,NA,NA,HS,2nd,Early,Yes,8,0,99,2023,1,0.25,NA,NA,-1.113701658691125,-1.2732769694443247,NA
H47,1,1,HS 2nd,2,8,99,NA,NA,NA,2,6,NA,8,Heritage Spanish,NA,NA,NA,Production,Prod-04,0,NA,NA,NA,NA,NA,NA,Omission,DOM,Masculine,Singular,NA,NA,NA,HS,2nd,Early,Yes,8,0,99,2023,0,0.25,NA,NA,-1.113701658691125,-1.2732769694443247,NA
H47,1,1,HS 2nd,2,8,99,NA,NA,NA,2,6,NA,8,Heritage Spanish,NA,NA,NA,Production,Prod-08,1,NA,NA,NA,NA,NA,NA,NA,DOM,Feminine,Singular,NA,NA,NA,HS,2nd,Early,Yes,8,0,99,2023,1,0.25,NA,NA,-1.113701658691125,-1.2732769694443247,NA
H47,1,1,HS 2nd,2,8,99,NA,NA,NA,2,6,NA,8,Heritage Spanish,NA,NA,NA,Production,Prod-12,1,NA,NA,NA,NA,NA,NA,NA,DOM,Masculine,Singular,NA,NA,NA,HS,2nd,Early,Yes,8,0,99,2023,1,0.25,NA,NA,-1.113701658691125,-1.2732769694443247,NA
H47,1,1,HS 2nd,2,8,99,NA,NA,NA,2,6,NA,8,Heritage Spanish,NA,NA,NA,Production,Prod-16,1,NA,NA,NA,NA,NA,NA,NA,DOM,Masculine,Singular,NA,NA,NA,HS,2nd,Early,Yes,8,0,99,2023,1,0.25,NA,NA,-1.113701658691125,-1.2732769694443247,NA
H47,1,1,HS 2nd,2,8,99,NA,NA,NA,2,6,NA,8,Heritage Spanish,NA,NA,NA,Production,Prod-20,0,NA,NA,NA,NA,NA,NA,Omission,DOM,Feminine,Singular,NA,NA,NA,HS,2nd,Early,Yes,8,0,99,2023,0,0.25,NA,NA,-1.113701658691125,-1.2732769694443247,NA
H47,1,1,HS 2nd,2,8,99,NA,NA,NA,2,6,NA,8,Heritage Spanish,NA,NA,NA,Production,Prod-24,0,NA,NA,NA,NA,NA,NA,Omission,DOM,Feminine,Plural,NA,NA,NA,HS,2nd,Early,Yes,8,0,99,2023,0,0.25,NA,NA,-1.113701658691125,-1.2732769694443247,NA
H47,1,1,HS 2nd,2,8,99,NA,NA,NA,2,6,NA,8,Heritage Spanish,NA,NA,NA,Production,Prod-27,0,NA,NA,NA,NA,NA,NA,Omission,DOM,Feminine,Plural,NA,NA,NA,HS,2nd,Early,Yes,8,0,99,2023,0,0.25,NA,NA,-1.113701658691125,-1.2732769694443247,NA
H47,1,2,HS 4th/5th,5,8,99,NA,NA,NA,2,6,NA,8,Heritage Spanish,NA,NA,NA,Production,Prod-01,1,NA,NA,NA,NA,NA,a su niño,NA,DOM,Masculine,Singular,NA,NA,NA,HS,4th/5th,Early,Yes,8,36,135,2026,1,0.25,NA,NA,-1.113701658691125,-0.001356922384938782,NA
H47,1,2,HS 4th/5th,5,8,99,NA,NA,NA,2,6,NA,8,Heritage Spanish,NA,NA,NA,Production,Prod-04,1,NA,NA,NA,NA,NA,a su niño,NA,DOM,Masculine,Singular,NA,NA,NA,HS,4th/5th,Early,Yes,8,36,135,2026,1,0.25,NA,NA,-1.113701658691125,-0.001356922384938782,NA
H47,1,2,HS 4th/5th,5,8,99,NA,NA,NA,2,6,NA,8,Heritage Spanish,NA,NA,NA,Production,Prod-08,1,NA,NA,NA,NA,NA,a su hija,NA,DOM,Feminine,Singular,NA,NA,NA,HS,4th/5th,Early,Yes,8,36,135,2026,1,0.25,NA,NA,-1.113701658691125,-0.001356922384938782,NA
H47,1,2,HS 4th/5th,5,8,99,NA,NA,NA,2,6,NA,8,Heritage Spanish,NA,NA,NA,Production,Prod-12,1,NA,NA,NA,NA,NA,a su dueño,NA,DOM,Masculine,Singular,NA,NA,NA,HS,4th/5th,Early,Yes,8,36,135,2026,1,0.25,NA,NA,-1.113701658691125,-0.001356922384938782,Grammatical alternative
H47,1,2,HS 4th/5th,5,8,99,NA,NA,NA,2,6,NA,8,Heritage Spanish,NA,NA,NA,Production,Prod-16,1,NA,NA,NA,NA,NA,a su hijo,NA,DOM,Masculine,Singular,NA,NA,NA,HS,4th/5th,Early,Yes,8,36,135,2026,1,0.25,NA,NA,-1.113701658691125,-0.001356922384938782,NA
H47,1,2,HS 4th/5th,5,8,99,NA,NA,NA,2,6,NA,8,Heritage Spanish,NA,NA,NA,Production,Prod-20,1,NA,NA,NA,NA,NA,a la niña,NA,DOM,Feminine,Singular,NA,NA,NA,HS,4th/5th,Early,Yes,8,36,135,2026,1,0.25,NA,NA,-1.113701658691125,-0.001356922384938782,NA
H47,1,2,HS 4th/5th,5,8,99,NA,NA,NA,2,6,NA,8,Heritage Spanish,NA,NA,NA,Production,Prod-24,1,NA,NA,NA,NA,NA,a dos niñas,NA,DOM,Feminine,Plural,NA,NA,NA,HS,4th/5th,Early,Yes,8,36,135,2026,1,0.25,NA,NA,-1.113701658691125,-0.001356922384938782,NA
H47,1,2,HS 4th/5th,5,8,99,NA,NA,NA,2,6,NA,8,Heritage Spanish,NA,NA,NA,Production,Prod-27,1,NA,NA,NA,NA,NA,a sus niñas,NA,DOM,Feminine,Plural,NA,NA,NA,HS,4th/5th,Early,Yes,8,36,135,2026,1,0.25,NA,NA,-1.113701658691125,-0.001356922384938782,NA
H48,1,1,HS 2nd,2,8,100,NA,NA,NA,1,4,NA,8,Heritage Spanish,NA,NA,NA,Production,Prod-01,1,NA,NA,NA,NA,NA,NA,NA,DOM,Masculine,Singular,NA,NA,NA,HS,2nd,Early,Yes,5,0,100,2023,1,0.2,NA,NA,-1.0754054678758016,-1.2379458570260085,NA
H48,1,1,HS 2nd,2,8,100,NA,NA,NA,1,4,NA,8,Heritage Spanish,NA,NA,NA,Production,Prod-04,1,NA,NA,NA,NA,NA,NA,NA,DOM,Masculine,Singular,NA,NA,NA,HS,2nd,Early,Yes,5,0,100,2023,1,0.2,NA,NA,-1.0754054678758016,-1.2379458570260085,NA
H48,1,1,HS 2nd,2,8,100,NA,NA,NA,1,4,NA,8,Heritage Spanish,NA,NA,NA,Production,Prod-08,1,NA,NA,NA,NA,NA,NA,NA,DOM,Feminine,Singular,NA,NA,NA,HS,2nd,Early,Yes,5,0,100,2023,1,0.2,NA,NA,-1.0754054678758016,-1.2379458570260085,NA
H48,1,1,HS 2nd,2,8,100,NA,NA,NA,1,4,NA,8,Heritage Spanish,NA,NA,NA,Production,Prod-12,1,NA,NA,NA,NA,NA,NA,NA,DOM,Masculine,Singular,NA,NA,NA,HS,2nd,Early,Yes,5,0,100,2023,1,0.2,NA,NA,-1.0754054678758016,-1.2379458570260085,NA
H48,1,1,HS 2nd,2,8,100,NA,NA,NA,1,4,NA,8,Heritage Spanish,NA,NA,NA,Production,Prod-16,1,NA,NA,NA,NA,NA,NA,NA,DOM,Masculine,Singular,NA,NA,NA,HS,2nd,Early,Yes,5,0,100,2023,1,0.2,NA,NA,-1.0754054678758016,-1.2379458570260085,NA
H48,1,1,HS 2nd,2,8,100,NA,NA,NA,1,4,NA,8,Heritage Spanish,NA,NA,NA,Production,Prod-20,1,NA,NA,NA,NA,NA,NA,NA,DOM,Feminine,Singular,NA,NA,NA,HS,2nd,Early,Yes,5,0,100,2023,1,0.2,NA,NA,-1.0754054678758016,-1.2379458570260085,NA
H48,1,1,HS 2nd,2,8,100,NA,NA,NA,1,4,NA,8,Heritage Spanish,NA,NA,NA,Production,Prod-24,1,NA,NA,NA,NA,NA,NA,NA,DOM,Feminine,Plural,NA,NA,NA,HS,2nd,Early,Yes,5,0,100,2023,1,0.2,NA,NA,-1.0754054678758016,-1.2379458570260085,NA
H48,1,1,HS 2nd,2,8,100,NA,NA,NA,1,4,NA,8,Heritage Spanish,NA,NA,NA,Production,Prod-27,1,NA,NA,NA,NA,NA,NA,NA,DOM,Feminine,Plural,NA,NA,NA,HS,2nd,Early,Yes,5,0,100,2023,1,0.2,NA,NA,-1.0754054678758016,-1.2379458570260085,NA
H49,1,1,L2L 2nd,2,8,89,NA,NA,NA,4,5,NA,6,L2 learner,L2,L2,L2,Production,Prod-01,0,NA,NA,NA,NA,NA,NA,Omission,DOM,Masculine,Singular,NA,NA,NA,L2L,2nd,Early,Yes,9,0,89,2023,0,0.4444444444444444,NA,NA,-1.4966635668443595,-1.6265880936274875,"Full DP, no DOM"
H49,1,1,L2L 2nd,2,8,89,NA,NA,NA,4,5,NA,6,L2 learner,L2,L2,L2,Production,Prod-04,0,NA,NA,NA,NA,NA,NA,Omission,DOM,Masculine,Singular,NA,NA,NA,L2L,2nd,Early,Yes,9,0,89,2023,0,0.4444444444444444,NA,NA,-1.4966635668443595,-1.6265880936274875,"DP, no verb, no DOM"
H49,1,1,L2L 2nd,2,8,89,NA,NA,NA,4,5,NA,6,L2 learner,L2,L2,L2,Production,Prod-08,0,NA,NA,NA,NA,NA,NA,Omission,DOM,Feminine,Singular,NA,NA,NA,L2L,2nd,Early,Yes,9,0,89,2023,0,0.4444444444444444,NA,NA,-1.4966635668443595,-1.6265880936274875,"DP, no verb, no DOM"
H49,1,1,L2L 2nd,2,8,89,NA,NA,NA,4,5,NA,6,L2 learner,L2,L2,L2,Production,Prod-12,0,NA,NA,NA,NA,NA,NA,Omission,DOM,Masculine,Singular,NA,NA,NA,L2L,2nd,Early,Yes,9,0,89,2023,0,0.4444444444444444,NA,NA,-1.4966635668443595,-1.6265880936274875,"DP, no verb, no DOM"
H49,1,1,L2L 2nd,2,8,89,NA,NA,NA,4,5,NA,6,L2 learner,L2,L2,L2,Production,Prod-16,0,NA,NA,NA,NA,NA,la bebé,NA,DOM,Masculine,Singular,NA,NA,NA,L2L,2nd,Early,Yes,9,0,89,2023,0,0.4444444444444444,NA,NA,-1.4966635668443595,-1.6265880936274875,"DP, no verb, no DOM"
H49,1,1,L2L 2nd,2,8,89,NA,NA,NA,4,5,NA,6,L2 learner,L2,L2,L2,Production,Prod-20,0,NA,NA,NA,NA,NA,NA,Omission,DOM,Feminine,Singular,NA,NA,NA,L2L,2nd,Early,Yes,9,0,89,2023,0,0.4444444444444444,NA,NA,-1.4966635668443595,-1.6265880936274875,"DP, no verb, no DOM"
H49,1,1,L2L 2nd,2,8,89,NA,NA,NA,4,5,NA,6,L2 learner,L2,L2,L2,Production,Prod-24,0,NA,NA,NA,NA,NA,NA,Omission,DOM,Feminine,Plural,NA,NA,NA,L2L,2nd,Early,Yes,9,0,89,2023,0,0.4444444444444444,NA,NA,-1.4966635668443595,-1.6265880936274875,"DP, no verb, no DOM"
H49,1,1,L2L 2nd,2,8,89,NA,NA,NA,4,5,NA,6,L2 learner,L2,L2,L2,Production,Prod-27,0,NA,NA,NA,NA,NA,NA,Omission,DOM,Feminine,Plural,NA,NA,NA,L2L,2nd,Early,Yes,9,0,89,2023,0,0.4444444444444444,NA,NA,-1.4966635668443595,-1.6265880936274875,"DP, no verb, no DOM"
H49,1,2,L2L 4th/5th,5,8,89,NA,NA,NA,4,5,NA,6,L2 learner,L2,L2,L2,Production,Prod-01,0,NA,NA,NA,NA,NA,el niño,Omission,DOM,Masculine,Singular,NA,NA,NA,L2L,4th/5th,Early,Yes,9,36,125,2026,0,0.4444444444444444,NA,NA,-1.4966635668443595,-0.3546680465681015,"DP, no verb, no DOM"
H49,1,2,L2L 4th/5th,5,8,89,NA,NA,NA,4,5,NA,6,L2 learner,L2,L2,L2,Production,Prod-04,0,NA,NA,NA,NA,NA,el niño,NA,DOM,Masculine,Singular,NA,NA,NA,L2L,4th/5th,Early,Yes,9,36,125,2026,0,0.4444444444444444,NA,NA,-1.4966635668443595,-0.3546680465681015,"DP, no verb, no DOM"
H49,1,2,L2L 4th/5th,5,8,89,NA,NA,NA,4,5,NA,6,L2 learner,L2,L2,L2,Production,Prod-08,0,NA,NA,NA,NA,NA,un niña,Omission,DOM,Feminine,Singular,NA,NA,NA,L2L,4th/5th,Early,Yes,9,36,125,2026,0,0.4444444444444444,NA,NA,-1.4966635668443595,-0.3546680465681015,"DP, no verb, no DOM"
H49,1,2,L2L 4th/5th,5,8,89,NA,NA,NA,4,5,NA,6,L2 learner,L2,L2,L2,Production,Prod-12,0,NA,NA,NA,NA,NA,el niño,Omission,DOM,Masculine,Singular,NA,NA,NA,L2L,4th/5th,Early,Yes,9,36,125,2026,0,0.4444444444444444,NA,NA,-1.4966635668443595,-0.3546680465681015,"DP, no verb, no DOM"
H49,1,2,L2L 4th/5th,5,8,89,NA,NA,NA,4,5,NA,6,L2 learner,L2,L2,L2,Production,Prod-16,0,NA,NA,NA,NA,NA,la bebé,Omission,DOM,Masculine,Singular,NA,NA,NA,L2L,4th/5th,Early,Yes,9,36,125,2026,0,0.4444444444444444,NA,NA,-1.4966635668443595,-0.3546680465681015,"DP, no verb, no DOM"
H49,1,2,L2L 4th/5th,5,8,89,NA,NA,NA,4,5,NA,6,L2 learner,L2,L2,L2,Production,Prod-20,0,NA,NA,NA,NA,NA,una niña,Omission,DOM,Feminine,Singular,NA,NA,NA,L2L,4th/5th,Early,Yes,9,36,125,2026,0,0.4444444444444444,NA,NA,-1.4966635668443595,-0.3546680465681015,"DP, no verb, no DOM"
H49,1,2,L2L 4th/5th,5,8,89,NA,NA,NA,4,5,NA,6,L2 learner,L2,L2,L2,Production,Prod-24,0,NA,NA,NA,NA,NA,toca los niñas,Omission,DOM,Feminine,Plural,NA,NA,NA,L2L,4th/5th,Early,Yes,9,36,125,2026,0,0.4444444444444444,NA,NA,-1.4966635668443595,-0.3546680465681015,NA
H49,1,2,L2L 4th/5th,5,8,89,NA,NA,NA,4,5,NA,6,L2 learner,L2,L2,L2,Production,Prod-27,1,NA,NA,NA,NA,NA,a los niños,NA,DOM,Feminine,Plural,NA,NA,NA,L2L,4th/5th,Early,Yes,9,36,125,2026,1,0.4444444444444444,NA,NA,-1.4966635668443595,-0.3546680465681015,NA
H50,1,1,HS 2nd,2,8,96,NA,NA,NA,3,3,NA,3,Heritage Spanish,NA,NA,NA,Production,Prod-01,NA,NA,NA,NA,NA,NA,el papá puede ver el niño,NA,DOM,Masculine,Singular,NA,NA,NA,HS,2nd,Early,Yes,6,0,96,2023,NA,0.5,NA,NA,-1.2285902311370953,-1.3792703066992735,Grammatical alternative
H50,1,1,HS 2nd,2,8,96,NA,NA,NA,3,3,NA,3,Heritage Spanish,NA,NA,NA,Production,Prod-04,0,NA,NA,NA,NA,NA,NA,Omission,DOM,Masculine,Singular,NA,NA,NA,HS,2nd,Early,Yes,6,0,96,2023,0,0.5,NA,NA,-1.2285902311370953,-1.3792703066992735,Codeswitching with English verb
H50,1,1,HS 2nd,2,8,96,NA,NA,NA,3,3,NA,3,Heritage Spanish,NA,NA,NA,Production,Prod-08,0,NA,NA,NA,NA,NA,es pushando el niña,English verb,DOM,Feminine,Singular,NA,NA,NA,HS,2nd,Early,Yes,6,0,96,2023,0,0.5,NA,NA,-1.2285902311370953,-1.3792703066992735,Codeswitching with English verb
H50,1,1,HS 2nd,2,8,96,NA,NA,NA,3,3,NA,3,Heritage Spanish,NA,NA,NA,Production,Prod-12,0,NA,NA,NA,NA,NA,NA,Omission,DOM,Masculine,Singular,NA,NA,NA,HS,2nd,Early,Yes,6,0,96,2023,0,0.5,NA,NA,-1.2285902311370953,-1.3792703066992735,Codeswitching with English verb
H50,1,1,HS 2nd,2,8,96,NA,NA,NA,3,3,NA,3,Heritage Spanish,NA,NA,NA,Production,Prod-16,0,NA,NA,NA,NA,NA,NA,Omission,DOM,Masculine,Singular,NA,NA,NA,HS,2nd,Early,Yes,6,0,96,2023,0,0.5,NA,NA,-1.2285902311370953,-1.3792703066992735,"Full DP, no DOM"
H50,1,1,HS 2nd,2,8,96,NA,NA,NA,3,3,NA,3,Heritage Spanish,NA,NA,NA,Production,Prod-20,0,NA,NA,NA,NA,NA,NA,Omission,DOM,Feminine,Singular,NA,NA,NA,HS,2nd,Early,Yes,6,0,96,2023,0,0.5,NA,NA,-1.2285902311370953,-1.3792703066992735,Codeswitching with English verb
H50,1,1,HS 2nd,2,8,96,NA,NA,NA,3,3,NA,3,Heritage Spanish,NA,NA,NA,Production,Prod-24,NA,NA,NA,NA,NA,NA,el perro es saltando y es muy sucio,Grammatical alternative,DOM,Feminine,Plural,NA,NA,NA,HS,2nd,Early,Yes,6,0,96,2023,NA,0.5,NA,NA,-1.2285902311370953,-1.3792703066992735,Grammatical alternative
H50,1,1,HS 2nd,2,8,96,NA,NA,NA,3,3,NA,3,Heritage Spanish,NA,NA,NA,Production,Prod-27,0,NA,NA,NA,NA,NA,NA,Omission,DOM,Feminine,Plural,NA,NA,NA,HS,2nd,Early,Yes,6,0,96,2023,0,0.5,NA,NA,-1.2285902311370953,-1.3792703066992735,Codeswitching with English verb
H50,1,2,HS 4th/5th,5,8,96,NA,NA,NA,3,3,NA,3,Heritage Spanish,NA,NA,NA,Production,Prod-01,0,NA,NA,NA,NA,NA,es mirando enfrente,Omission,DOM,Masculine,Singular,NA,NA,NA,HS,4th/5th,Early,Yes,6,36,132,2026,0,0.5,NA,NA,-1.2285902311370953,-0.10735025963988762,Grammatical alternative
H50,1,2,HS 4th/5th,5,8,96,NA,NA,NA,3,3,NA,3,Heritage Spanish,NA,NA,NA,Production,Prod-04,0,NA,NA,NA,NA,NA,es mirando a deardios,Omission,DOM,Masculine,Singular,NA,NA,NA,HS,4th/5th,Early,Yes,6,36,132,2026,0,0.5,NA,NA,-1.2285902311370953,-0.10735025963988762,NA
H50,1,2,HS 4th/5th,5,8,96,NA,NA,NA,3,3,NA,3,Heritage Spanish,NA,NA,NA,Production,Prod-08,0,NA,NA,NA,NA,NA,está empujando la hija,Omission,DOM,Feminine,Singular,NA,NA,NA,HS,4th/5th,Early,Yes,6,36,132,2026,0,0.5,NA,NA,-1.2285902311370953,-0.10735025963988762,"Full DP, no DOM"
H50,1,2,HS 4th/5th,5,8,96,NA,NA,NA,3,3,NA,3,Heritage Spanish,NA,NA,NA,Production,Prod-12,NA,NA,NA,NA,NA,NA,está dando besos,Grammatical alternative,DOM,Masculine,Singular,NA,NA,NA,HS,4th/5th,Early,Yes,6,36,132,2026,NA,0.5,NA,NA,-1.2285902311370953,-0.10735025963988762,Grammatical alternative
H50,1,2,HS 4th/5th,5,8,96,NA,NA,NA,3,3,NA,3,Heritage Spanish,NA,NA,NA,Production,Prod-16,0,NA,NA,NA,NA,NA,está bañando su bebé,NA,DOM,Masculine,Singular,NA,NA,NA,HS,4th/5th,Early,Yes,6,36,132,2026,0,0.5,NA,NA,-1.2285902311370953,-0.10735025963988762,"Full DP, no DOM"
H50,1,2,HS 4th/5th,5,8,96,NA,NA,NA,3,3,NA,3,Heritage Spanish,NA,NA,NA,Production,Prod-20,0,NA,NA,NA,NA,NA,mira,NA,DOM,Feminine,Singular,NA,NA,NA,HS,4th/5th,Early,Yes,6,36,132,2026,0,0.5,NA,NA,-1.2285902311370953,-0.10735025963988762,Grammatical alternative
H50,1,2,HS 4th/5th,5,8,96,NA,NA,NA,3,3,NA,3,Heritage Spanish,NA,NA,NA,Production,Prod-24,1,NA,NA,NA,NA,NA,es subiendo a los niños,NA,DOM,Feminine,Plural,NA,NA,NA,HS,4th/5th,Early,Yes,6,36,132,2026,1,0.5,NA,NA,-1.2285902311370953,-0.10735025963988762,Grammatical alternative
H50,1,2,HS 4th/5th,5,8,96,NA,NA,NA,3,3,NA,3,Heritage Spanish,NA,NA,NA,Production,Prod-27,NA,NA,NA,NA,NA,NA,está llamando,Other,DOM,Feminine,Plural,NA,NA,NA,HS,4th/5th,Early,Yes,6,36,132,2026,NA,0.5,NA,NA,-1.2285902311370953,-0.10735025963988762,NA
H51,1,1,L2L 2nd,2,8,100,NA,NA,NA,2,6,NA,3,L2 learner,L2,L2,L2,Production,Prod-01,0,NA,NA,NA,NA,NA,NA,Omission,DOM,Masculine,Singular,NA,NA,NA,L2L,2nd,Early,Yes,8,0,100,2023,0,0.25,NA,NA,-1.0754054678758016,-1.2379458570260085,"DP, no verb, no DOM"
H51,1,1,L2L 2nd,2,8,100,NA,NA,NA,2,6,NA,3,L2 learner,L2,L2,L2,Production,Prod-04,NA,NA,NA,NA,NA,NA,la mamá que es el niño,Grammatical alternative,DOM,Masculine,Singular,NA,NA,NA,L2L,2nd,Early,Yes,8,0,100,2023,NA,0.25,NA,NA,-1.0754054678758016,-1.2379458570260085,Grammatical alternative
H51,1,1,L2L 2nd,2,8,100,NA,NA,NA,2,6,NA,3,L2 learner,L2,L2,L2,Production,Prod-08,0,NA,NA,NA,NA,NA,NA,Omission,DOM,Feminine,Singular,NA,NA,NA,L2L,2nd,Early,Yes,8,0,100,2023,0,0.25,NA,NA,-1.0754054678758016,-1.2379458570260085,Codeswitching with English verb
H51,1,1,L2L 2nd,2,8,100,NA,NA,NA,2,6,NA,3,L2 learner,L2,L2,L2,Production,Prod-12,0,NA,NA,NA,NA,NA,NA,Omission,DOM,Masculine,Singular,NA,NA,NA,L2L,2nd,Early,Yes,8,0,100,2023,0,0.25,NA,NA,-1.0754054678758016,-1.2379458570260085,Codeswitching with English verb
H51,1,1,L2L 2nd,2,8,100,NA,NA,NA,2,6,NA,3,L2 learner,L2,L2,L2,Production,Prod-16,0,NA,NA,NA,NA,NA,NA,Omission,DOM,Masculine,Singular,NA,NA,NA,L2L,2nd,Early,Yes,8,0,100,2023,0,0.25,NA,NA,-1.0754054678758016,-1.2379458570260085,Codeswitching with English verb
H51,1,1,L2L 2nd,2,8,100,NA,NA,NA,2,6,NA,3,L2 learner,L2,L2,L2,Production,Prod-20,1,NA,NA,NA,NA,NA,NA,NA,DOM,Feminine,Singular,NA,NA,NA,L2L,2nd,Early,Yes,8,0,100,2023,1,0.25,NA,NA,-1.0754054678758016,-1.2379458570260085,NA
H51,1,1,L2L 2nd,2,8,100,NA,NA,NA,2,6,NA,3,L2 learner,L2,L2,L2,Production,Prod-24,NA,NA,NA,NA,NA,NA,NA,Other,DOM,Feminine,Plural,NA,NA,NA,L2L,2nd,Early,Yes,8,0,100,2023,NA,0.25,NA,NA,-1.0754054678758016,-1.2379458570260085,Grammatical alternative
H51,1,1,L2L 2nd,2,8,100,NA,NA,NA,2,6,NA,3,L2 learner,L2,L2,L2,Production,Prod-27,0,NA,NA,NA,NA,NA,NA,Omission,DOM,Feminine,Plural,NA,NA,NA,L2L,2nd,Early,Yes,8,0,100,2023,0,0.25,NA,NA,-1.0754054678758016,-1.2379458570260085,Codeswitching with English verb
H52,1,1,L2L 2nd,2,8,98,NA,NA,NA,0,6,NA,3,"German, Russian",No,Yes,Yes,Production,Prod-01,0,NA,NA,NA,NA,NA,NA,Omission,DOM,Masculine,Singular,NA,NA,NA,L2L,2nd,Early,Yes,6,0,98,2023,0,0,NA,NA,-1.1519978495064485,-1.308608081862641,"DP, no verb, no DOM"
H52,1,1,L2L 2nd,2,8,98,NA,NA,NA,0,6,NA,3,"German, Russian",No,Yes,Yes,Production,Prod-04,0,NA,NA,NA,NA,NA,NA,Omission,DOM,Masculine,Singular,NA,NA,NA,L2L,2nd,Early,Yes,6,0,98,2023,0,0,NA,NA,-1.1519978495064485,-1.308608081862641,"DP, no verb, no DOM"
H52,1,1,L2L 2nd,2,8,98,NA,NA,NA,0,6,NA,3,"German, Russian",No,Yes,Yes,Production,Prod-08,0,NA,NA,NA,NA,NA,NA,Omission,DOM,Feminine,Singular,NA,NA,NA,L2L,2nd,Early,Yes,6,0,98,2023,0,0,NA,NA,-1.1519978495064485,-1.308608081862641,"DP, no verb, no DOM"
H52,1,1,L2L 2nd,2,8,98,NA,NA,NA,0,6,NA,3,"German, Russian",No,Yes,Yes,Production,Prod-12,0,NA,NA,NA,NA,NA,NA,Omission,DOM,Masculine,Singular,NA,NA,NA,L2L,2nd,Early,Yes,6,0,98,2023,0,0,NA,NA,-1.1519978495064485,-1.308608081862641,"DP, no verb, no DOM"
H52,1,1,L2L 2nd,2,8,98,NA,NA,NA,0,6,NA,3,"German, Russian",No,Yes,Yes,Production,Prod-16,0,NA,NA,NA,NA,NA,NA,Omission,DOM,Masculine,Singular,NA,NA,NA,L2L,2nd,Early,Yes,6,0,98,2023,0,0,NA,NA,-1.1519978495064485,-1.308608081862641,"DP, no verb, no DOM"
H52,1,1,L2L 2nd,2,8,98,NA,NA,NA,0,6,NA,3,"German, Russian",No,Yes,Yes,Production,Prod-20,0,NA,NA,NA,NA,NA,NA,Omission,DOM,Feminine,Singular,NA,NA,NA,L2L,2nd,Early,Yes,6,0,98,2023,0,0,NA,NA,-1.1519978495064485,-1.308608081862641,"DP, no verb, no DOM"
H52,1,1,L2L 2nd,2,8,98,NA,NA,NA,0,6,NA,3,"German, Russian",No,Yes,Yes,Production,Prod-24,0,NA,NA,NA,NA,NA,NA,Omission,DOM,Feminine,Plural,NA,NA,NA,L2L,2nd,Early,Yes,6,0,98,2023,0,0,NA,NA,-1.1519978495064485,-1.308608081862641,"DP, no verb, no DOM"
H52,1,1,L2L 2nd,2,8,98,NA,NA,NA,0,6,NA,3,"German, Russian",No,Yes,Yes,Production,Prod-27,0,NA,NA,NA,NA,NA,NA,Omission,DOM,Feminine,Plural,NA,NA,NA,L2L,2nd,Early,Yes,6,0,98,2023,0,0,NA,NA,-1.1519978495064485,-1.308608081862641,"DP, no verb, no DOM"
H54,1,1,HS 2nd,2,8,99,NA,NA,NA,4,4,NA,7,Heritage Spanish,NA,NA,NA,Production,Prod-01,1,NA,NA,NA,NA,NA,NA,NA,DOM,Masculine,Singular,NA,NA,NA,HS,2nd,Early,Yes,8,0,99,2023,1,0.5,NA,NA,-1.113701658691125,-1.2732769694443247,NA
H54,1,1,HS 2nd,2,8,99,NA,NA,NA,4,4,NA,7,Heritage Spanish,NA,NA,NA,Production,Prod-04,0,NA,NA,NA,NA,NA,NA,Omission,DOM,Masculine,Singular,NA,NA,NA,HS,2nd,Early,Yes,8,0,99,2023,0,0.5,NA,NA,-1.113701658691125,-1.2732769694443247,"DP, no verb, no DOM"
H54,1,1,HS 2nd,2,8,99,NA,NA,NA,4,4,NA,7,Heritage Spanish,NA,NA,NA,Production,Prod-08,0,NA,NA,NA,NA,NA,NA,Omission,DOM,Feminine,Singular,NA,NA,NA,HS,2nd,Early,Yes,8,0,99,2023,0,0.5,NA,NA,-1.113701658691125,-1.2732769694443247,"Full DP, no DOM"
H54,1,1,HS 2nd,2,8,99,NA,NA,NA,4,4,NA,7,Heritage Spanish,NA,NA,NA,Production,Prod-12,0,NA,NA,NA,NA,NA,NA,Omission,DOM,Masculine,Singular,NA,NA,NA,HS,2nd,Early,Yes,8,0,99,2023,0,0.5,NA,NA,-1.113701658691125,-1.2732769694443247,"DP, no verb, no DOM"
H54,1,1,HS 2nd,2,8,99,NA,NA,NA,4,4,NA,7,Heritage Spanish,NA,NA,NA,Production,Prod-16,0,NA,NA,NA,NA,NA,NA,Omission,DOM,Masculine,Singular,NA,NA,NA,HS,2nd,Early,Yes,8,0,99,2023,0,0.5,NA,NA,-1.113701658691125,-1.2732769694443247,"DP, no verb, no DOM"
H54,1,1,HS 2nd,2,8,99,NA,NA,NA,4,4,NA,7,Heritage Spanish,NA,NA,NA,Production,Prod-20,0,NA,NA,NA,NA,NA,NA,Omission,DOM,Feminine,Singular,NA,NA,NA,HS,2nd,Early,Yes,8,0,99,2023,0,0.5,NA,NA,-1.113701658691125,-1.2732769694443247,"Full DP, no DOM"
H54,1,1,HS 2nd,2,8,99,NA,NA,NA,4,4,NA,7,Heritage Spanish,NA,NA,NA,Production,Prod-24,1,NA,NA,NA,NA,NA,NA,NA,DOM,Feminine,Plural,NA,NA,NA,HS,2nd,Early,Yes,8,0,99,2023,1,0.5,NA,NA,-1.113701658691125,-1.2732769694443247,NA
H54,1,1,HS 2nd,2,8,99,NA,NA,NA,4,4,NA,7,Heritage Spanish,NA,NA,NA,Production,Prod-27,0,NA,NA,NA,NA,NA,NA,Omission,DOM,Feminine,Plural,NA,NA,NA,HS,2nd,Early,Yes,8,0,99,2023,0,0.5,NA,NA,-1.113701658691125,-1.2732769694443247,"DP, no verb, no DOM"
H56,1,1,L2L 2nd,2,8,101,NA,NA,NA,3,6,NA,3,"Gujarathi, French, Malayalam",Yes,Yes,Yes,Production,Prod-01,0,NA,NA,NA,NA,NA,NA,Omission,DOM,Masculine,Singular,NA,NA,NA,L2L,2nd,Early,Yes,9,0,101,2023,0,0.3333333333333333,NA,NA,-1.0371092770604782,-1.2026147446076922,"Full DP, no DOM"
H56,1,1,L2L 2nd,2,8,101,NA,NA,NA,3,6,NA,3,"Gujarathi, French, Malayalam",Yes,Yes,Yes,Production,Prod-04,0,NA,NA,NA,NA,NA,NA,Omission,DOM,Masculine,Singular,NA,NA,NA,L2L,2nd,Early,Yes,9,0,101,2023,0,0.3333333333333333,NA,NA,-1.0371092770604782,-1.2026147446076922,"Full DP, no DOM"
H56,1,1,L2L 2nd,2,8,101,NA,NA,NA,3,6,NA,3,"Gujarathi, French, Malayalam",Yes,Yes,Yes,Production,Prod-08,0,NA,NA,NA,NA,NA,NA,Omission,DOM,Feminine,Singular,NA,NA,NA,L2L,2nd,Early,Yes,9,0,101,2023,0,0.3333333333333333,NA,NA,-1.0371092770604782,-1.2026147446076922,"Full DP, no DOM"
H56,1,1,L2L 2nd,2,8,101,NA,NA,NA,3,6,NA,3,"Gujarathi, French, Malayalam",Yes,Yes,Yes,Production,Prod-12,0,NA,NA,NA,NA,NA,NA,Omission,DOM,Masculine,Singular,NA,NA,NA,L2L,2nd,Early,Yes,9,0,101,2023,0,0.3333333333333333,NA,NA,-1.0371092770604782,-1.2026147446076922,"Full DP, no DOM"
H56,1,1,L2L 2nd,2,8,101,NA,NA,NA,3,6,NA,3,"Gujarathi, French, Malayalam",Yes,Yes,Yes,Production,Prod-16,0,NA,NA,NA,NA,NA,NA,Omission,DOM,Masculine,Singular,NA,NA,NA,L2L,2nd,Early,Yes,9,0,101,2023,0,0.3333333333333333,NA,NA,-1.0371092770604782,-1.2026147446076922,"Full DP, no DOM"
H56,1,1,L2L 2nd,2,8,101,NA,NA,NA,3,6,NA,3,"Gujarathi, French, Malayalam",Yes,Yes,Yes,Production,Prod-20,0,NA,NA,NA,NA,NA,NA,Omission,DOM,Feminine,Singular,NA,NA,NA,L2L,2nd,Early,Yes,9,0,101,2023,0,0.3333333333333333,NA,NA,-1.0371092770604782,-1.2026147446076922,"Full DP, no DOM"
H56,1,1,L2L 2nd,2,8,101,NA,NA,NA,3,6,NA,3,"Gujarathi, French, Malayalam",Yes,Yes,Yes,Production,Prod-24,0,NA,NA,NA,NA,NA,NA,Omission,DOM,Feminine,Plural,NA,NA,NA,L2L,2nd,Early,Yes,9,0,101,2023,0,0.3333333333333333,NA,NA,-1.0371092770604782,-1.2026147446076922,"Full DP, no DOM"
H56,1,1,L2L 2nd,2,8,101,NA,NA,NA,3,6,NA,3,"Gujarathi, French, Malayalam",Yes,Yes,Yes,Production,Prod-27,0,NA,NA,NA,NA,NA,NA,Omission,DOM,Feminine,Plural,NA,NA,NA,L2L,2nd,Early,Yes,9,0,101,2023,0,0.3333333333333333,NA,NA,-1.0371092770604782,-1.2026147446076922,"Full DP, no DOM"
H57,1,1,L2L 2nd,2,NA,102,NA,NA,NA,NA,NA,3,4,L2 learner,L2,L2,L2,Production,Prod-01,NA,NA,NA,NA,NA,NA,[Long response],Grammatical alternative,DOM,Masculine,Singular,NA,NA,NA,L2L,2nd,Early,Yes,NA,0,102,2023,NA,NA,NA,NA,-0.9988130862451546,-1.1672836321893758,Grammatical alternative
H57,1,1,L2L 2nd,2,NA,102,NA,NA,NA,NA,NA,3,4,L2 learner,L2,L2,L2,Production,Prod-04,1,NA,NA,NA,NA,NA,NA,Omission,DOM,Masculine,Singular,NA,NA,NA,L2L,2nd,Early,Yes,NA,0,102,2023,1,NA,NA,NA,-0.9988130862451546,-1.1672836321893758,NA
H57,1,1,L2L 2nd,2,NA,102,NA,NA,NA,NA,NA,3,4,L2 learner,L2,L2,L2,Production,Prod-08,0,NA,NA,NA,NA,NA,NA,Omission,DOM,Feminine,Singular,NA,NA,NA,L2L,2nd,Early,Yes,NA,0,102,2023,0,NA,NA,NA,-0.9988130862451546,-1.1672836321893758,"Full DP, no DOM"
H57,1,1,L2L 2nd,2,NA,102,NA,NA,NA,NA,NA,3,4,L2 learner,L2,L2,L2,Production,Prod-12,0,NA,NA,NA,NA,NA,NA,Omission,DOM,Masculine,Singular,NA,NA,NA,L2L,2nd,Early,Yes,NA,0,102,2023,0,NA,NA,NA,-0.9988130862451546,-1.1672836321893758,"DP, no verb, no DOM"
H57,1,1,L2L 2nd,2,NA,102,NA,NA,NA,NA,NA,3,4,L2 learner,L2,L2,L2,Production,Prod-16,0,NA,NA,NA,NA,NA,NA,Omission,DOM,Masculine,Singular,NA,NA,NA,L2L,2nd,Early,Yes,NA,0,102,2023,0,NA,NA,NA,-0.9988130862451546,-1.1672836321893758,"Full DP, no DOM"
H57,1,1,L2L 2nd,2,NA,102,NA,NA,NA,NA,NA,3,4,L2 learner,L2,L2,L2,Production,Prod-20,0,NA,NA,NA,NA,NA,quiere comer el niña,Omission,DOM,Feminine,Singular,NA,NA,NA,L2L,2nd,Early,Yes,NA,0,102,2023,0,NA,NA,NA,-0.9988130862451546,-1.1672836321893758,"Full DP, no DOM"
H57,1,1,L2L 2nd,2,NA,102,NA,NA,NA,NA,NA,3,4,L2 learner,L2,L2,L2,Production,Prod-24,NA,NA,NA,NA,NA,NA,NA,Other,DOM,Feminine,Plural,NA,NA,NA,L2L,2nd,Early,Yes,NA,0,102,2023,NA,NA,NA,NA,-0.9988130862451546,-1.1672836321893758,Grammatical alternative
H57,1,1,L2L 2nd,2,NA,102,NA,NA,NA,NA,NA,3,4,L2 learner,L2,L2,L2,Production,Prod-27,NA,NA,NA,NA,NA,NA,NA,NA,DOM,Feminine,Plural,NA,NA,NA,L2L,2nd,Early,Yes,NA,0,102,2023,NA,NA,NA,NA,-0.9988130862451546,-1.1672836321893758,Grammatical alternative
H57,1,2,L2L 4th/5th,5,NA,102,NA,NA,NA,NA,NA,3,4,L2 learner,L2,L2,L2,Production,Prod-01,0,NA,NA,NA,NA,NA,se puede ver un niño,Omission,DOM,Masculine,Singular,NA,NA,NA,L2L,4th/5th,Early,Yes,NA,36,138,2026,0,NA,NA,NA,-0.9988130862451546,0.10463641487001005,"Full DP, no DOM"
H57,1,2,L2L 4th/5th,5,NA,102,NA,NA,NA,NA,NA,3,4,L2 learner,L2,L2,L2,Production,Prod-04,0,NA,NA,NA,NA,NA,su niño,NA,DOM,Masculine,Singular,NA,NA,NA,L2L,4th/5th,Early,Yes,NA,36,138,2026,0,NA,NA,NA,-0.9988130862451546,0.10463641487001005,"Full DP, no DOM"
H57,1,2,L2L 4th/5th,5,NA,102,NA,NA,NA,NA,NA,3,4,L2 learner,L2,L2,L2,Production,Prod-08,1,NA,NA,NA,NA,NA,puede ver a su niña,NA,DOM,Feminine,Singular,NA,NA,NA,L2L,4th/5th,Early,Yes,NA,36,138,2026,1,NA,NA,NA,-0.9988130862451546,0.10463641487001005,NA
H57,1,2,L2L 4th/5th,5,NA,102,NA,NA,NA,NA,NA,3,4,L2 learner,L2,L2,L2,Production,Prod-12,1,NA,NA,NA,NA,NA,puede ver a su guardador,NA,DOM,Masculine,Singular,NA,NA,NA,L2L,4th/5th,Early,Yes,NA,36,138,2026,1,NA,NA,NA,-0.9988130862451546,0.10463641487001005,NA
H57,1,2,L2L 4th/5th,5,NA,102,NA,NA,NA,NA,NA,3,4,L2 learner,L2,L2,L2,Production,Prod-16,1,NA,NA,NA,NA,NA,puede ver a su bebé,NA,DOM,Masculine,Singular,NA,NA,NA,L2L,4th/5th,Early,Yes,NA,36,138,2026,1,NA,NA,NA,-0.9988130862451546,0.10463641487001005,NA
H57,1,2,L2L 4th/5th,5,NA,102,NA,NA,NA,NA,NA,3,4,L2 learner,L2,L2,L2,Production,Prod-20,1,NA,NA,NA,NA,NA,se puede ver a un niña,NA,DOM,Feminine,Singular,NA,NA,NA,L2L,4th/5th,Early,Yes,NA,36,138,2026,1,NA,NA,NA,-0.9988130862451546,0.10463641487001005,NA
H57,1,2,L2L 4th/5th,5,NA,102,NA,NA,NA,NA,NA,3,4,L2 learner,L2,L2,L2,Production,Prod-24,1,NA,NA,NA,NA,NA,puede ver a sus amigas,NA,DOM,Feminine,Plural,NA,NA,NA,L2L,4th/5th,Early,Yes,NA,36,138,2026,1,NA,NA,NA,-0.9988130862451546,0.10463641487001005,NA
H57,1,2,L2L 4th/5th,5,NA,102,NA,NA,NA,NA,NA,3,4,L2 learner,L2,L2,L2,Production,Prod-27,1,NA,NA,NA,NA,NA,se puede ver a sus amigas,NA,DOM,Feminine,Plural,NA,NA,NA,L2L,4th/5th,Early,Yes,NA,36,138,2026,1,NA,NA,NA,-0.9988130862451546,0.10463641487001005,NA
H58,1,1,HS 2nd,2,NA,95,NA,NA,NA,4,5,2,8,Heritage Spanish,NA,NA,NA,Production,Prod-01,1,NA,NA,NA,NA,NA,NA,NA,DOM,Masculine,Singular,NA,NA,NA,HS,2nd,Early,Yes,9,0,95,2023,1,0.4444444444444444,NA,NA,-1.2668864219524187,-1.41460141911759,NA
H58,1,1,HS 2nd,2,NA,95,NA,NA,NA,4,5,2,8,Heritage Spanish,NA,NA,NA,Production,Prod-04,1,NA,NA,NA,NA,NA,NA,NA,DOM,Masculine,Singular,NA,NA,NA,HS,2nd,Early,Yes,9,0,95,2023,1,0.4444444444444444,NA,NA,-1.2668864219524187,-1.41460141911759,NA
H58,1,1,HS 2nd,2,NA,95,NA,NA,NA,4,5,2,8,Heritage Spanish,NA,NA,NA,Production,Prod-08,0,NA,NA,NA,NA,NA,NA,Omission,DOM,Feminine,Singular,NA,NA,NA,HS,2nd,Early,Yes,9,0,95,2023,0,0.4444444444444444,NA,NA,-1.2668864219524187,-1.41460141911759,NA
H58,1,1,HS 2nd,2,NA,95,NA,NA,NA,4,5,2,8,Heritage Spanish,NA,NA,NA,Production,Prod-12,1,NA,NA,NA,NA,NA,NA,NA,DOM,Masculine,Singular,NA,NA,NA,HS,2nd,Early,Yes,9,0,95,2023,1,0.4444444444444444,NA,NA,-1.2668864219524187,-1.41460141911759,NA
H58,1,1,HS 2nd,2,NA,95,NA,NA,NA,4,5,2,8,Heritage Spanish,NA,NA,NA,Production,Prod-16,1,NA,NA,NA,NA,NA,NA,NA,DOM,Masculine,Singular,NA,NA,NA,HS,2nd,Early,Yes,9,0,95,2023,1,0.4444444444444444,NA,NA,-1.2668864219524187,-1.41460141911759,NA
H58,1,1,HS 2nd,2,NA,95,NA,NA,NA,4,5,2,8,Heritage Spanish,NA,NA,NA,Production,Prod-20,1,NA,NA,NA,NA,NA,NA,NA,DOM,Feminine,Singular,NA,NA,NA,HS,2nd,Early,Yes,9,0,95,2023,1,0.4444444444444444,NA,NA,-1.2668864219524187,-1.41460141911759,NA
H58,1,1,HS 2nd,2,NA,95,NA,NA,NA,4,5,2,8,Heritage Spanish,NA,NA,NA,Production,Prod-24,1,NA,NA,NA,NA,NA,NA,NA,DOM,Feminine,Plural,NA,NA,NA,HS,2nd,Early,Yes,9,0,95,2023,1,0.4444444444444444,NA,NA,-1.2668864219524187,-1.41460141911759,NA
H58,1,1,HS 2nd,2,NA,95,NA,NA,NA,4,5,2,8,Heritage Spanish,NA,NA,NA,Production,Prod-27,1,NA,NA,NA,NA,NA,NA,NA,DOM,Feminine,Plural,NA,NA,NA,HS,2nd,Early,Yes,9,0,95,2023,1,0.4444444444444444,NA,NA,-1.2668864219524187,-1.41460141911759,NA
H58,1,2,HS 4th/5th,5,NA,95,NA,NA,NA,4,5,2,8,Heritage Spanish,NA,NA,NA,Production,Prod-01,1,NA,NA,NA,NA,NA,a su hijo,NA,DOM,Masculine,Singular,NA,NA,NA,HS,4th/5th,Early,Yes,9,36,131,2026,1,0.4444444444444444,NA,NA,-1.2668864219524187,-0.1426813720582039,NA
H58,1,2,HS 4th/5th,5,NA,95,NA,NA,NA,4,5,2,8,Heritage Spanish,NA,NA,NA,Production,Prod-04,1,NA,NA,NA,NA,NA,ve al hijo,NA,DOM,Masculine,Singular,NA,NA,NA,HS,4th/5th,Early,Yes,9,36,131,2026,1,0.4444444444444444,NA,NA,-1.2668864219524187,-0.1426813720582039,NA
H58,1,2,HS 4th/5th,5,NA,95,NA,NA,NA,4,5,2,8,Heritage Spanish,NA,NA,NA,Production,Prod-08,1,NA,NA,NA,NA,NA,ve a su grand…,NA,DOM,Feminine,Singular,NA,NA,NA,HS,4th/5th,Early,Yes,9,36,131,2026,1,0.4444444444444444,NA,NA,-1.2668864219524187,-0.1426813720582039,NA
H58,1,2,HS 4th/5th,5,NA,95,NA,NA,NA,4,5,2,8,Heritage Spanish,NA,NA,NA,Production,Prod-12,1,NA,NA,NA,NA,NA,ve a su dueño,NA,DOM,Masculine,Singular,NA,NA,NA,HS,4th/5th,Early,Yes,9,36,131,2026,1,0.4444444444444444,NA,NA,-1.2668864219524187,-0.1426813720582039,NA
H58,1,2,HS 4th/5th,5,NA,95,NA,NA,NA,4,5,2,8,Heritage Spanish,NA,NA,NA,Production,Prod-16,1,NA,NA,NA,NA,NA,está bañando a su bebé,NA,DOM,Masculine,Singular,NA,NA,NA,HS,4th/5th,Early,Yes,9,36,131,2026,1,0.4444444444444444,NA,NA,-1.2668864219524187,-0.1426813720582039,NA
H58,1,2,HS 4th/5th,5,NA,95,NA,NA,NA,4,5,2,8,Heritage Spanish,NA,NA,NA,Production,Prod-20,1,NA,NA,NA,NA,NA,ve a la niña asustada,NA,DOM,Feminine,Singular,NA,NA,NA,HS,4th/5th,Early,Yes,9,36,131,2026,1,0.4444444444444444,NA,NA,-1.2668864219524187,-0.1426813720582039,NA
H58,1,2,HS 4th/5th,5,NA,95,NA,NA,NA,4,5,2,8,Heritage Spanish,NA,NA,NA,Production,Prod-24,1,NA,NA,NA,NA,NA,ve a los niñas,NA,DOM,Feminine,Plural,NA,NA,NA,HS,4th/5th,Early,Yes,9,36,131,2026,1,0.4444444444444444,NA,NA,-1.2668864219524187,-0.1426813720582039,NA
H58,1,2,HS 4th/5th,5,NA,95,NA,NA,NA,4,5,2,8,Heritage Spanish,NA,NA,NA,Production,Prod-27,1,NA,NA,NA,NA,NA,a sus niñas,NA,DOM,Feminine,Plural,NA,NA,NA,HS,4th/5th,Early,Yes,9,36,131,2026,1,0.4444444444444444,NA,NA,-1.2668864219524187,-0.1426813720582039,NA
H59,1,1,L2L 2nd,2,NA,101,NA,NA,NA,1,2,3,3,Mandarin,Yes,No,No,Production,Prod-01,0,NA,NA,NA,NA,NA,NA,Omission,DOM,Masculine,Singular,NA,NA,NA,L2L,2nd,Early,Yes,3,0,101,2023,0,0.3333333333333333,NA,NA,-1.0371092770604782,-1.2026147446076922,"Full DP, no DOM"
H59,1,1,L2L 2nd,2,NA,101,NA,NA,NA,1,2,3,3,Mandarin,Yes,No,No,Production,Prod-04,0,NA,NA,NA,NA,NA,NA,Omission,DOM,Masculine,Singular,NA,NA,NA,L2L,2nd,Early,Yes,3,0,101,2023,0,0.3333333333333333,NA,NA,-1.0371092770604782,-1.2026147446076922,"DP, no verb, no DOM"
H59,1,1,L2L 2nd,2,NA,101,NA,NA,NA,1,2,3,3,Mandarin,Yes,No,No,Production,Prod-08,1,NA,NA,NA,NA,NA,NA,Omission,DOM,Feminine,Singular,NA,NA,NA,L2L,2nd,Early,Yes,3,0,101,2023,1,0.3333333333333333,NA,NA,-1.0371092770604782,-1.2026147446076922,NA
H59,1,1,L2L 2nd,2,NA,101,NA,NA,NA,1,2,3,3,Mandarin,Yes,No,No,Production,Prod-12,0,NA,NA,NA,NA,NA,NA,Omission,DOM,Masculine,Singular,NA,NA,NA,L2L,2nd,Early,Yes,3,0,101,2023,0,0.3333333333333333,NA,NA,-1.0371092770604782,-1.2026147446076922,Codeswitching with English verb
H59,1,1,L2L 2nd,2,NA,101,NA,NA,NA,1,2,3,3,Mandarin,Yes,No,No,Production,Prod-16,0,NA,NA,NA,NA,NA,NA,Omission,DOM,Masculine,Singular,NA,NA,NA,L2L,2nd,Early,Yes,3,0,101,2023,0,0.3333333333333333,NA,NA,-1.0371092770604782,-1.2026147446076922,Codeswitching with English verb
H59,1,1,L2L 2nd,2,NA,101,NA,NA,NA,1,2,3,3,Mandarin,Yes,No,No,Production,Prod-20,1,NA,NA,NA,NA,NA,NA,Omission,DOM,Feminine,Singular,NA,NA,NA,L2L,2nd,Early,Yes,3,0,101,2023,1,0.3333333333333333,NA,NA,-1.0371092770604782,-1.2026147446076922,NA
H59,1,1,L2L 2nd,2,NA,101,NA,NA,NA,1,2,3,3,Mandarin,Yes,No,No,Production,Prod-24,0,NA,NA,NA,NA,NA,NA,Omission,DOM,Feminine,Plural,NA,NA,NA,L2L,2nd,Early,Yes,3,0,101,2023,0,0.3333333333333333,NA,NA,-1.0371092770604782,-1.2026147446076922,Codeswitching with English verb
H59,1,1,L2L 2nd,2,NA,101,NA,NA,NA,1,2,3,3,Mandarin,Yes,No,No,Production,Prod-27,0,NA,NA,NA,NA,NA,NA,Omission,DOM,Feminine,Plural,NA,NA,NA,L2L,2nd,Early,Yes,3,0,101,2023,0,0.3333333333333333,NA,NA,-1.0371092770604782,-1.2026147446076922,Codeswitching with English verb
H59,1,2,L2L 4th/5th,5,NA,101,NA,NA,NA,1,2,3,3,Mandarin,Yes,No,No,Production,Prod-01,NA,NA,NA,NA,NA,NA,es el papá del niño,Unrelated,DOM,Masculine,Singular,NA,NA,NA,L2L,4th/5th,Early,Yes,3,36,137,2026,NA,0.3333333333333333,NA,NA,-1.0371092770604782,0.06930530245169376,Grammatical alternative
H59,1,2,L2L 4th/5th,5,NA,101,NA,NA,NA,1,2,3,3,Mandarin,Yes,No,No,Production,Prod-04,0,NA,NA,NA,NA,NA,yo vi con la mamá,Alternative preposition,DOM,Masculine,Singular,NA,NA,NA,L2L,4th/5th,Early,Yes,3,36,137,2026,0,0.3333333333333333,NA,NA,-1.0371092770604782,0.06930530245169376,Grammatical alternative
H59,1,2,L2L 4th/5th,5,NA,101,NA,NA,NA,1,2,3,3,Mandarin,Yes,No,No,Production,Prod-08,NA,NA,NA,NA,NA,NA,es jugar,Unrelated,DOM,Feminine,Singular,NA,NA,NA,L2L,4th/5th,Early,Yes,3,36,137,2026,NA,0.3333333333333333,NA,NA,-1.0371092770604782,0.06930530245169376,Grammatical alternative
H59,1,2,L2L 4th/5th,5,NA,101,NA,NA,NA,1,2,3,3,Mandarin,Yes,No,No,Production,Prod-12,NA,NA,NA,NA,NA,NA,es jugar con el niño,Unrelated,DOM,Masculine,Singular,NA,NA,NA,L2L,4th/5th,Early,Yes,3,36,137,2026,NA,0.3333333333333333,NA,NA,-1.0371092770604782,0.06930530245169376,Codeswitching with English verb
H59,1,2,L2L 4th/5th,5,NA,101,NA,NA,NA,1,2,3,3,Mandarin,Yes,No,No,Production,Prod-16,0,NA,NA,NA,NA,NA,yo ve la mamá,Omission,DOM,Masculine,Singular,NA,NA,NA,L2L,4th/5th,Early,Yes,3,36,137,2026,0,0.3333333333333333,NA,NA,-1.0371092770604782,0.06930530245169376,Grammatical alternative
H59,1,2,L2L 4th/5th,5,NA,101,NA,NA,NA,1,2,3,3,Mandarin,Yes,No,No,Production,Prod-20,NA,NA,NA,NA,NA,NA,es muy mal,Unrelated,DOM,Feminine,Singular,NA,NA,NA,L2L,4th/5th,Early,Yes,3,36,137,2026,NA,0.3333333333333333,NA,NA,-1.0371092770604782,0.06930530245169376,Grammatical alternative
H59,1,2,L2L 4th/5th,5,NA,101,NA,NA,NA,1,2,3,3,Mandarin,Yes,No,No,Production,Prod-24,NA,NA,NA,NA,NA,NA,es jugar por los niños,Unrelated,DOM,Feminine,Plural,NA,NA,NA,L2L,4th/5th,Early,Yes,3,36,137,2026,NA,0.3333333333333333,NA,NA,-1.0371092770604782,0.06930530245169376,Grammatical alternative
H59,1,2,L2L 4th/5th,5,NA,101,NA,NA,NA,1,2,3,3,Mandarin,Yes,No,No,Production,Prod-27,NA,NA,NA,NA,NA,NA,es escuchar con ella,Unrelated,DOM,Feminine,Plural,NA,NA,NA,L2L,4th/5th,Early,Yes,3,36,137,2026,NA,0.3333333333333333,NA,NA,-1.0371092770604782,0.06930530245169376,Grammatical alternative
H60,1,1,L2L 2nd,2,NA,101,NA,NA,NA,2,5,2,8,L2 learner,L2,L2,L2,Production,Prod-01,0,NA,NA,NA,NA,NA,NA,English,DOM,Masculine,Singular,NA,NA,NA,L2L,2nd,Early,Yes,7,0,101,2023,0,0.2857142857142857,NA,NA,-1.0371092770604782,-1.2026147446076922,NA
H60,1,1,L2L 2nd,2,NA,101,NA,NA,NA,2,5,2,8,L2 learner,L2,L2,L2,Production,Prod-04,0,NA,NA,NA,NA,NA,NA,Omission,DOM,Masculine,Singular,NA,NA,NA,L2L,2nd,Early,Yes,7,0,101,2023,0,0.2857142857142857,NA,NA,-1.0371092770604782,-1.2026147446076922,NA
H60,1,1,L2L 2nd,2,NA,101,NA,NA,NA,2,5,2,8,L2 learner,L2,L2,L2,Production,Prod-08,0,NA,NA,NA,NA,NA,NA,Omission,DOM,Feminine,Singular,NA,NA,NA,L2L,2nd,Early,Yes,7,0,101,2023,0,0.2857142857142857,NA,NA,-1.0371092770604782,-1.2026147446076922,NA
H60,1,1,L2L 2nd,2,NA,101,NA,NA,NA,2,5,2,8,L2 learner,L2,L2,L2,Production,Prod-12,0,NA,NA,NA,NA,NA,NA,Omission,DOM,Masculine,Singular,NA,NA,NA,L2L,2nd,Early,Yes,7,0,101,2023,0,0.2857142857142857,NA,NA,-1.0371092770604782,-1.2026147446076922,NA
H60,1,1,L2L 2nd,2,NA,101,NA,NA,NA,2,5,2,8,L2 learner,L2,L2,L2,Production,Prod-16,0,NA,NA,NA,NA,NA,NA,Omission,DOM,Masculine,Singular,NA,NA,NA,L2L,2nd,Early,Yes,7,0,101,2023,0,0.2857142857142857,NA,NA,-1.0371092770604782,-1.2026147446076922,NA
H60,1,1,L2L 2nd,2,NA,101,NA,NA,NA,2,5,2,8,L2 learner,L2,L2,L2,Production,Prod-20,0,NA,NA,NA,NA,NA,NA,Omission,DOM,Feminine,Singular,NA,NA,NA,L2L,2nd,Early,Yes,7,0,101,2023,0,0.2857142857142857,NA,NA,-1.0371092770604782,-1.2026147446076922,NA
H60,1,1,L2L 2nd,2,NA,101,NA,NA,NA,2,5,2,8,L2 learner,L2,L2,L2,Production,Prod-24,0,NA,NA,NA,NA,English,se poner los masks,Omission,DOM,Feminine,Plural,NA,NA,NA,L2L,2nd,Early,Yes,7,0,101,2023,0,0.2857142857142857,NA,NA,-1.0371092770604782,-1.2026147446076922,NA
H60,1,1,L2L 2nd,2,NA,101,NA,NA,NA,2,5,2,8,L2 learner,L2,L2,L2,Production,Prod-27,0,NA,NA,NA,NA,NA,NA,Omission,DOM,Feminine,Plural,NA,NA,NA,L2L,2nd,Early,Yes,7,0,101,2023,0,0.2857142857142857,NA,NA,-1.0371092770604782,-1.2026147446076922,NA
H61,1,1,L2L 2nd,2,NA,103,NA,NA,NA,2,6,NA,4,L2 learner,L2,L2,L2,Production,Prod-01,0,NA,NA,NA,NA,NA,NA,Omission,DOM,Masculine,Singular,NA,NA,NA,L2L,2nd,Early,Yes,8,0,103,2023,0,0.25,NA,NA,-0.9605168954298312,-1.1319525197710596,NA
H61,1,1,L2L 2nd,2,NA,103,NA,NA,NA,2,6,NA,4,L2 learner,L2,L2,L2,Production,Prod-04,0,NA,NA,NA,NA,NA,NA,Omission,DOM,Masculine,Singular,NA,NA,NA,L2L,2nd,Early,Yes,8,0,103,2023,0,0.25,NA,NA,-0.9605168954298312,-1.1319525197710596,NA
H61,1,1,L2L 2nd,2,NA,103,NA,NA,NA,2,6,NA,4,L2 learner,L2,L2,L2,Production,Prod-08,0,NA,NA,NA,NA,NA,NA,Omission,DOM,Feminine,Singular,NA,NA,NA,L2L,2nd,Early,Yes,8,0,103,2023,0,0.25,NA,NA,-0.9605168954298312,-1.1319525197710596,NA
H61,1,1,L2L 2nd,2,NA,103,NA,NA,NA,2,6,NA,4,L2 learner,L2,L2,L2,Production,Prod-12,0,NA,NA,NA,NA,NA,NA,Omission,DOM,Masculine,Singular,NA,NA,NA,L2L,2nd,Early,Yes,8,0,103,2023,0,0.25,NA,NA,-0.9605168954298312,-1.1319525197710596,NA
H61,1,1,L2L 2nd,2,NA,103,NA,NA,NA,2,6,NA,4,L2 learner,L2,L2,L2,Production,Prod-16,0,NA,NA,NA,NA,NA,NA,Omission,DOM,Masculine,Singular,NA,NA,NA,L2L,2nd,Early,Yes,8,0,103,2023,0,0.25,NA,NA,-0.9605168954298312,-1.1319525197710596,NA
H61,1,1,L2L 2nd,2,NA,103,NA,NA,NA,2,6,NA,4,L2 learner,L2,L2,L2,Production,Prod-20,0,NA,NA,NA,NA,NA,NA,Omission,DOM,Feminine,Singular,NA,NA,NA,L2L,2nd,Early,Yes,8,0,103,2023,0,0.25,NA,NA,-0.9605168954298312,-1.1319525197710596,NA
H61,1,1,L2L 2nd,2,NA,103,NA,NA,NA,2,6,NA,4,L2 learner,L2,L2,L2,Production,Prod-24,0,NA,NA,NA,NA,NA,NA,Omission,DOM,Feminine,Plural,NA,NA,NA,L2L,2nd,Early,Yes,8,0,103,2023,0,0.25,NA,NA,-0.9605168954298312,-1.1319525197710596,NA
H61,1,1,L2L 2nd,2,NA,103,NA,NA,NA,2,6,NA,4,L2 learner,L2,L2,L2,Production,Prod-27,0,NA,NA,NA,NA,NA,NA,Omission,DOM,Feminine,Plural,NA,NA,NA,L2L,2nd,Early,Yes,8,0,103,2023,0,0.25,NA,NA,-0.9605168954298312,-1.1319525197710596,NA
H61,1,2,L2L 4th/5th,5,NA,103,NA,NA,NA,2,6,NA,4,L2 learner,L2,L2,L2,Production,Prod-01,NA,NA,NA,NA,NA,NA,es más alto,Unrelated,DOM,Masculine,Singular,NA,NA,NA,L2L,4th/5th,Early,Yes,8,36,139,2026,NA,0.25,NA,NA,-0.9605168954298312,0.13996752728832632,NA
H61,1,2,L2L 4th/5th,5,NA,103,NA,NA,NA,2,6,NA,4,L2 learner,L2,L2,L2,Production,Prod-04,0,NA,NA,NA,NA,NA,es bella la niño,Unrelated,DOM,Masculine,Singular,NA,NA,NA,L2L,4th/5th,Early,Yes,8,36,139,2026,0,0.25,NA,NA,-0.9605168954298312,0.13996752728832632,NA
H61,1,2,L2L 4th/5th,5,NA,103,NA,NA,NA,2,6,NA,4,L2 learner,L2,L2,L2,Production,Prod-08,NA,NA,NA,NA,NA,NA,"sí, ella empujando",No verb,DOM,Feminine,Singular,NA,NA,NA,L2L,4th/5th,Early,Yes,8,36,139,2026,NA,0.25,NA,NA,-0.9605168954298312,0.13996752728832632,NA
H61,1,2,L2L 4th/5th,5,NA,103,NA,NA,NA,2,6,NA,4,L2 learner,L2,L2,L2,Production,Prod-12,NA,NA,NA,NA,NA,NA,jugar y son feliz,Unrelated,DOM,Masculine,Singular,NA,NA,NA,L2L,4th/5th,Early,Yes,8,36,139,2026,NA,0.25,NA,NA,-0.9605168954298312,0.13996752728832632,NA
H61,1,2,L2L 4th/5th,5,NA,103,NA,NA,NA,2,6,NA,4,L2 learner,L2,L2,L2,Production,Prod-16,0,NA,NA,NA,NA,NA,limpia la niño,Omission,DOM,Masculine,Singular,NA,NA,NA,L2L,4th/5th,Early,Yes,8,36,139,2026,0,0.25,NA,NA,-0.9605168954298312,0.13996752728832632,NA
H61,1,2,L2L 4th/5th,5,NA,103,NA,NA,NA,2,6,NA,4,L2 learner,L2,L2,L2,Production,Prod-20,1,NA,NA,NA,NA,NA,asusta la niña,Omission,DOM,Feminine,Singular,NA,NA,NA,L2L,4th/5th,Early,Yes,8,36,139,2026,1,0.25,NA,NA,-0.9605168954298312,0.13996752728832632,NA
H61,1,2,L2L 4th/5th,5,NA,103,NA,NA,NA,2,6,NA,4,L2 learner,L2,L2,L2,Production,Prod-24,NA,NA,NA,NA,NA,NA,el perro es sucio,Unrelated,DOM,Feminine,Plural,NA,NA,NA,L2L,4th/5th,Early,Yes,8,36,139,2026,NA,0.25,NA,NA,-0.9605168954298312,0.13996752728832632,NA
H61,1,2,L2L 4th/5th,5,NA,103,NA,NA,NA,2,6,NA,4,L2 learner,L2,L2,L2,Production,Prod-27,NA,NA,NA,NA,NA,NA,ve que la mamá es…,Unrelated,DOM,Feminine,Plural,NA,NA,NA,L2L,4th/5th,Early,Yes,8,36,139,2026,NA,0.25,NA,NA,-0.9605168954298312,0.13996752728832632,NA
H62,1,1,L2L 2nd,2,NA,92,NA,NA,NA,1,5,3,3,L2 learner,L2,L2,L2,Production,Prod-01,1,NA,NA,NA,NA,NA,NA,NA,DOM,Masculine,Singular,NA,NA,NA,L2L,2nd,Early,Yes,6,0,92,2023,1,0.16666666666666666,NA,NA,-1.3817749943983892,-1.5205947563725386,NA
H62,1,1,L2L 2nd,2,NA,92,NA,NA,NA,1,5,3,3,L2 learner,L2,L2,L2,Production,Prod-04,1,NA,NA,NA,NA,NA,NA,NA,DOM,Masculine,Singular,NA,NA,NA,L2L,2nd,Early,Yes,6,0,92,2023,1,0.16666666666666666,NA,NA,-1.3817749943983892,-1.5205947563725386,NA
H62,1,1,L2L 2nd,2,NA,92,NA,NA,NA,1,5,3,3,L2 learner,L2,L2,L2,Production,Prod-08,0,NA,NA,NA,NA,NA,NA,Omission,DOM,Feminine,Singular,NA,NA,NA,L2L,2nd,Early,Yes,6,0,92,2023,0,0.16666666666666666,NA,NA,-1.3817749943983892,-1.5205947563725386,Codeswitching with English verb
H62,1,1,L2L 2nd,2,NA,92,NA,NA,NA,1,5,3,3,L2 learner,L2,L2,L2,Production,Prod-12,0,NA,NA,NA,NA,NA,NA,Omission,DOM,Masculine,Singular,NA,NA,NA,L2L,2nd,Early,Yes,6,0,92,2023,0,0.16666666666666666,NA,NA,-1.3817749943983892,-1.5205947563725386,Codeswitching with English verb
H62,1,1,L2L 2nd,2,NA,92,NA,NA,NA,1,5,3,3,L2 learner,L2,L2,L2,Production,Prod-16,0,NA,NA,NA,NA,NA,la mamá está limpiando el su hijo,Omission,DOM,Masculine,Singular,NA,NA,NA,L2L,2nd,Early,Yes,6,0,92,2023,0,0.16666666666666666,NA,NA,-1.3817749943983892,-1.5205947563725386,"Full DP, no DOM"
H62,1,1,L2L 2nd,2,NA,92,NA,NA,NA,1,5,3,3,L2 learner,L2,L2,L2,Production,Prod-20,0,NA,NA,NA,NA,NA,NA,Omission,DOM,Feminine,Singular,NA,NA,NA,L2L,2nd,Early,Yes,6,0,92,2023,0,0.16666666666666666,NA,NA,-1.3817749943983892,-1.5205947563725386,"Full DP, no DOM"
H62,1,1,L2L 2nd,2,NA,92,NA,NA,NA,1,5,3,3,L2 learner,L2,L2,L2,Production,Prod-24,0,NA,NA,NA,NA,NA,NA,Omission,DOM,Feminine,Plural,NA,NA,NA,L2L,2nd,Early,Yes,6,0,92,2023,0,0.16666666666666666,NA,NA,-1.3817749943983892,-1.5205947563725386,"Full DP, no DOM"
H62,1,1,L2L 2nd,2,NA,92,NA,NA,NA,1,5,3,3,L2 learner,L2,L2,L2,Production,Prod-27,1,NA,NA,NA,NA,NA,NA,NA,DOM,Feminine,Plural,NA,NA,NA,L2L,2nd,Early,Yes,6,0,92,2023,1,0.16666666666666666,NA,NA,-1.3817749943983892,-1.5205947563725386,NA
H63,1,1,L2L 7th/8th,7,13,156,NA,NA,NA,2,4,7,7,"Mandarin, Cantonese, Malay, Romanian",Yes,Yes,Yes,Production,Prod-01,1,NA,NA,NA,NA,NA,NA,Omission,DOM,Masculine,Singular,NA,NA,NA,L2L,7th/8th,Early,Yes,6,0,156,2023,1,0.3333333333333333,NA,NA,1.0691812177823117,0.740596438399703,NA
H63,1,1,L2L 7th/8th,7,13,156,NA,NA,NA,2,4,7,7,"Mandarin, Cantonese, Malay, Romanian",Yes,Yes,Yes,Production,Prod-04,0,NA,NA,NA,NA,NA,NA,Omission,DOM,Masculine,Singular,NA,NA,NA,L2L,7th/8th,Early,Yes,6,0,156,2023,0,0.3333333333333333,NA,NA,1.0691812177823117,0.740596438399703,"DP, no verb, no DOM"
H63,1,1,L2L 7th/8th,7,13,156,NA,NA,NA,2,4,7,7,"Mandarin, Cantonese, Malay, Romanian",Yes,Yes,Yes,Production,Prod-08,0,NA,NA,NA,NA,NA,el perro porque,Word order,DOM,Feminine,Singular,NA,NA,NA,L2L,7th/8th,Early,Yes,6,0,156,2023,0,0.3333333333333333,NA,NA,1.0691812177823117,0.740596438399703,Word order
H63,1,1,L2L 7th/8th,7,13,156,NA,NA,NA,2,4,7,7,"Mandarin, Cantonese, Malay, Romanian",Yes,Yes,Yes,Production,Prod-12,0,NA,NA,NA,NA,NA,NA,Omission,DOM,Masculine,Singular,NA,NA,NA,L2L,7th/8th,Early,Yes,6,0,156,2023,0,0.3333333333333333,NA,NA,1.0691812177823117,0.740596438399703,"Full DP, no DOM"
H63,1,1,L2L 7th/8th,7,13,156,NA,NA,NA,2,4,7,7,"Mandarin, Cantonese, Malay, Romanian",Yes,Yes,Yes,Production,Prod-16,1,NA,NA,NA,NA,NA,NA,DM,DOM,Masculine,Singular,NA,NA,NA,L2L,7th/8th,Early,Yes,6,0,156,2023,1,0.3333333333333333,NA,NA,1.0691812177823117,0.740596438399703,NA
H63,1,1,L2L 7th/8th,7,13,156,NA,NA,NA,2,4,7,7,"Mandarin, Cantonese, Malay, Romanian",Yes,Yes,Yes,Production,Prod-20,0,NA,NA,NA,NA,NA,NA,Omission,DOM,Feminine,Singular,NA,NA,NA,L2L,7th/8th,Early,Yes,6,0,156,2023,0,0.3333333333333333,NA,NA,1.0691812177823117,0.740596438399703,"DP, no verb, no DOM"
H63,1,1,L2L 7th/8th,7,13,156,NA,NA,NA,2,4,7,7,"Mandarin, Cantonese, Malay, Romanian",Yes,Yes,Yes,Production,Prod-24,0,NA,NA,NA,NA,NA,NA,Omission,DOM,Feminine,Plural,NA,NA,NA,L2L,7th/8th,Early,Yes,6,0,156,2023,0,0.3333333333333333,NA,NA,1.0691812177823117,0.740596438399703,"DP, no verb, no DOM"
H63,1,1,L2L 7th/8th,7,13,156,NA,NA,NA,2,4,7,7,"Mandarin, Cantonese, Malay, Romanian",Yes,Yes,Yes,Production,Prod-27,0,NA,NA,NA,NA,NA,sus hijas,Omission,DOM,Feminine,Plural,NA,NA,NA,L2L,7th/8th,Early,Yes,6,0,156,2023,0,0.3333333333333333,NA,NA,1.0691812177823117,0.740596438399703,"DP, no verb, no DOM"
H64,1,1,HS 7th/8th,7,13,NA,NA,NA,NA,NA,NA,NA,8,Heritage Spanish,NA,NA,NA,Production,Prod-01,0,NA,NA,NA,NA,NA,NA,Omission,DOM,Masculine,Singular,NA,NA,NA,HS,7th/8th,Early,Yes,NA,0,NA,2023,0,NA,NA,NA,NA,NA,"DP, no verb, no DOM"
H64,1,1,HS 7th/8th,7,13,NA,NA,NA,NA,NA,NA,NA,8,Heritage Spanish,NA,NA,NA,Production,Prod-04,1,NA,NA,NA,NA,NA,NA,Omission,DOM,Masculine,Singular,NA,NA,NA,HS,7th/8th,Early,Yes,NA,0,NA,2023,1,NA,NA,NA,NA,NA,NA
H64,1,1,HS 7th/8th,7,13,NA,NA,NA,NA,NA,NA,NA,8,Heritage Spanish,NA,NA,NA,Production,Prod-08,1,NA,NA,NA,NA,NA,NA,NA,DOM,Feminine,Singular,NA,NA,NA,HS,7th/8th,Early,Yes,NA,0,NA,2023,1,NA,NA,NA,NA,NA,NA
H64,1,1,HS 7th/8th,7,13,NA,NA,NA,NA,NA,NA,NA,8,Heritage Spanish,NA,NA,NA,Production,Prod-12,1,NA,NA,NA,NA,NA,NA,Omission,DOM,Masculine,Singular,NA,NA,NA,HS,7th/8th,Early,Yes,NA,0,NA,2023,1,NA,NA,NA,NA,NA,NA
H64,1,1,HS 7th/8th,7,13,NA,NA,NA,NA,NA,NA,NA,8,Heritage Spanish,NA,NA,NA,Production,Prod-16,0,NA,NA,NA,NA,NA,NA,Omission,DOM,Masculine,Singular,NA,NA,NA,HS,7th/8th,Early,Yes,NA,0,NA,2023,0,NA,NA,NA,NA,NA,"Full DP, no DOM"
H64,1,1,HS 7th/8th,7,13,NA,NA,NA,NA,NA,NA,NA,8,Heritage Spanish,NA,NA,NA,Production,Prod-20,1,NA,NA,NA,NA,NA,la niña mujer ve al monstruo,Word order,DOM,Feminine,Singular,NA,NA,NA,HS,7th/8th,Early,Yes,NA,0,NA,2023,1,NA,NA,NA,NA,NA,Word order
H64,1,1,HS 7th/8th,7,13,NA,NA,NA,NA,NA,NA,NA,8,Heritage Spanish,NA,NA,NA,Production,Prod-24,1,NA,NA,NA,NA,NA,NA,Word order,DOM,Feminine,Plural,NA,NA,NA,HS,7th/8th,Early,Yes,NA,0,NA,2023,1,NA,NA,NA,NA,NA,Word order
H64,1,1,HS 7th/8th,7,13,NA,NA,NA,NA,NA,NA,NA,8,Heritage Spanish,NA,NA,NA,Production,Prod-27,1,NA,NA,1,1,NA,las niñas ve a la mamá,Word order,DOM,Feminine,Plural,NA,NA,NA,HS,7th/8th,Early,Yes,NA,0,NA,2023,1,NA,NA,NA,NA,NA,Word order
H65,1,1,HS 7th/8th,7,13,164,NA,NA,NA,2,3,2,8,Heritage Spanish,NA,NA,NA,Production,Prod-01,1,NA,NA,NA,NA,NA,NA,NA,DOM,Masculine,Singular,NA,NA,NA,HS,7th/8th,Early,Yes,5,0,164,2023,1,0.4,NA,NA,1.375550744304899,1.0232453377462332,NA
H65,1,1,HS 7th/8th,7,13,164,NA,NA,NA,2,3,2,8,Heritage Spanish,NA,NA,NA,Production,Prod-04,1,NA,NA,NA,NA,NA,NA,NA,DOM,Masculine,Singular,NA,NA,NA,HS,7th/8th,Early,Yes,5,0,164,2023,1,0.4,NA,NA,1.375550744304899,1.0232453377462332,NA
H65,1,1,HS 7th/8th,7,13,164,NA,NA,NA,2,3,2,8,Heritage Spanish,NA,NA,NA,Production,Prod-08,1,NA,NA,NA,NA,NA,NA,NA,DOM,Feminine,Singular,NA,NA,NA,HS,7th/8th,Early,Yes,5,0,164,2023,1,0.4,NA,NA,1.375550744304899,1.0232453377462332,NA
H65,1,1,HS 7th/8th,7,13,164,NA,NA,NA,2,3,2,8,Heritage Spanish,NA,NA,NA,Production,Prod-12,1,NA,NA,NA,NA,NA,NA,NA,DOM,Masculine,Singular,NA,NA,NA,HS,7th/8th,Early,Yes,5,0,164,2023,1,0.4,NA,NA,1.375550744304899,1.0232453377462332,NA
H65,1,1,HS 7th/8th,7,13,164,NA,NA,NA,2,3,2,8,Heritage Spanish,NA,NA,NA,Production,Prod-16,1,NA,NA,NA,NA,NA,NA,NA,DOM,Masculine,Singular,NA,NA,NA,HS,7th/8th,Early,Yes,5,0,164,2023,1,0.4,NA,NA,1.375550744304899,1.0232453377462332,NA
H65,1,1,HS 7th/8th,7,13,164,NA,NA,NA,2,3,2,8,Heritage Spanish,NA,NA,NA,Production,Prod-20,1,NA,NA,NA,NA,NA,NA,NA,DOM,Feminine,Singular,NA,NA,NA,HS,7th/8th,Early,Yes,5,0,164,2023,1,0.4,NA,NA,1.375550744304899,1.0232453377462332,NA
H65,1,1,HS 7th/8th,7,13,164,NA,NA,NA,2,3,2,8,Heritage Spanish,NA,NA,NA,Production,Prod-24,1,NA,NA,NA,NA,NA,NA,NA,DOM,Feminine,Plural,NA,NA,NA,HS,7th/8th,Early,Yes,5,0,164,2023,1,0.4,NA,NA,1.375550744304899,1.0232453377462332,NA
H65,1,1,HS 7th/8th,7,13,164,NA,NA,NA,2,3,2,8,Heritage Spanish,NA,NA,NA,Production,Prod-27,1,NA,NA,NA,NA,NA,a las niñas,NA,DOM,Feminine,Plural,NA,NA,NA,HS,7th/8th,Early,Yes,5,0,164,2023,1,0.4,NA,NA,1.375550744304899,1.0232453377462332,NA
H66,1,1,HS 7th/8th,7,12,154,NA,NA,NA,2,6,2,8,Heritage Spanish,NA,NA,NA,Production,Prod-01,1,NA,NA,NA,NA,NA,NA,NA,DOM,Masculine,Singular,NA,NA,NA,HS,7th/8th,Early,Yes,8,0,154,2023,1,0.25,NA,NA,0.9925888361516647,0.6699342135630705,NA
H66,1,1,HS 7th/8th,7,12,154,NA,NA,NA,2,6,2,8,Heritage Spanish,NA,NA,NA,Production,Prod-04,1,NA,NA,NA,NA,NA,NA,NA,DOM,Masculine,Singular,NA,NA,NA,HS,7th/8th,Early,Yes,8,0,154,2023,1,0.25,NA,NA,0.9925888361516647,0.6699342135630705,NA
H66,1,1,HS 7th/8th,7,12,154,NA,NA,NA,2,6,2,8,Heritage Spanish,NA,NA,NA,Production,Prod-08,1,NA,NA,NA,NA,NA,NA,NA,DOM,Feminine,Singular,NA,NA,NA,HS,7th/8th,Early,Yes,8,0,154,2023,1,0.25,NA,NA,0.9925888361516647,0.6699342135630705,NA
H66,1,1,HS 7th/8th,7,12,154,NA,NA,NA,2,6,2,8,Heritage Spanish,NA,NA,NA,Production,Prod-12,1,NA,NA,NA,NA,NA,NA,NA,DOM,Masculine,Singular,NA,NA,NA,HS,7th/8th,Early,Yes,8,0,154,2023,1,0.25,NA,NA,0.9925888361516647,0.6699342135630705,NA
H66,1,1,HS 7th/8th,7,12,154,NA,NA,NA,2,6,2,8,Heritage Spanish,NA,NA,NA,Production,Prod-16,1,NA,NA,NA,NA,NA,NA,NA,DOM,Masculine,Singular,NA,NA,NA,HS,7th/8th,Early,Yes,8,0,154,2023,1,0.25,NA,NA,0.9925888361516647,0.6699342135630705,NA
H66,1,1,HS 7th/8th,7,12,154,NA,NA,NA,2,6,2,8,Heritage Spanish,NA,NA,NA,Production,Prod-20,1,NA,NA,NA,NA,NA,NA,NA,DOM,Feminine,Singular,NA,NA,NA,HS,7th/8th,Early,Yes,8,0,154,2023,1,0.25,NA,NA,0.9925888361516647,0.6699342135630705,NA
H66,1,1,HS 7th/8th,7,12,154,NA,NA,NA,2,6,2,8,Heritage Spanish,NA,NA,NA,Production,Prod-24,1,NA,NA,NA,NA,NA,NA,NA,DOM,Feminine,Plural,NA,NA,NA,HS,7th/8th,Early,Yes,8,0,154,2023,1,0.25,NA,NA,0.9925888361516647,0.6699342135630705,NA
H66,1,1,HS 7th/8th,7,12,154,NA,NA,NA,2,6,2,8,Heritage Spanish,NA,NA,NA,Production,Prod-27,1,NA,NA,NA,NA,NA,a los niños,NA,DOM,Feminine,Plural,NA,NA,NA,HS,7th/8th,Early,Yes,8,0,154,2023,1,0.25,NA,NA,0.9925888361516647,0.6699342135630705,NA
H67,1,1,L2L 7th/8th,7,13,160,NA,NA,NA,2,4,3,8,Gujarati,Yes,Yes,No,Production,Prod-01,1,NA,NA,NA,NA,NA,NA,NA,DOM,Masculine,Singular,NA,NA,NA,L2L,7th/8th,Early,Yes,6,0,160,2023,1,0.3333333333333333,NA,NA,1.2223659810436054,0.8819208880729681,NA
H67,1,1,L2L 7th/8th,7,13,160,NA,NA,NA,2,4,3,8,Gujarati,Yes,Yes,No,Production,Prod-04,1,NA,NA,NA,NA,NA,NA,NA,DOM,Masculine,Singular,NA,NA,NA,L2L,7th/8th,Early,Yes,6,0,160,2023,1,0.3333333333333333,NA,NA,1.2223659810436054,0.8819208880729681,NA
H67,1,1,L2L 7th/8th,7,13,160,NA,NA,NA,2,4,3,8,Gujarati,Yes,Yes,No,Production,Prod-08,1,NA,NA,NA,NA,NA,NA,NA,DOM,Feminine,Singular,NA,NA,NA,L2L,7th/8th,Early,Yes,6,0,160,2023,1,0.3333333333333333,NA,NA,1.2223659810436054,0.8819208880729681,NA
H67,1,1,L2L 7th/8th,7,13,160,NA,NA,NA,2,4,3,8,Gujarati,Yes,Yes,No,Production,Prod-12,1,NA,NA,NA,NA,NA,NA,NA,DOM,Masculine,Singular,NA,NA,NA,L2L,7th/8th,Early,Yes,6,0,160,2023,1,0.3333333333333333,NA,NA,1.2223659810436054,0.8819208880729681,NA
H67,1,1,L2L 7th/8th,7,13,160,NA,NA,NA,2,4,3,8,Gujarati,Yes,Yes,No,Production,Prod-16,1,NA,NA,NA,NA,NA,NA,NA,DOM,Masculine,Singular,NA,NA,NA,L2L,7th/8th,Early,Yes,6,0,160,2023,1,0.3333333333333333,NA,NA,1.2223659810436054,0.8819208880729681,NA
H67,1,1,L2L 7th/8th,7,13,160,NA,NA,NA,2,4,3,8,Gujarati,Yes,Yes,No,Production,Prod-20,1,NA,NA,NA,NA,NA,NA,NA,DOM,Feminine,Singular,NA,NA,NA,L2L,7th/8th,Early,Yes,6,0,160,2023,1,0.3333333333333333,NA,NA,1.2223659810436054,0.8819208880729681,NA
H67,1,1,L2L 7th/8th,7,13,160,NA,NA,NA,2,4,3,8,Gujarati,Yes,Yes,No,Production,Prod-24,1,NA,NA,NA,NA,NA,NA,Omission,DOM,Feminine,Plural,NA,NA,NA,L2L,7th/8th,Early,Yes,6,0,160,2023,1,0.3333333333333333,NA,NA,1.2223659810436054,0.8819208880729681,NA
H67,1,1,L2L 7th/8th,7,13,160,NA,NA,NA,2,4,3,8,Gujarati,Yes,Yes,No,Production,Prod-27,1,NA,NA,NA,NA,NA,a 2 niñas,NA,DOM,Feminine,Plural,NA,NA,NA,L2L,7th/8th,Early,Yes,6,0,160,2023,1,0.3333333333333333,NA,NA,1.2223659810436054,0.8819208880729681,NA
H68,1,1,L2L 2nd,2,7,94,NA,NA,NA,1,2,2,3,L2 learner,L2,L2,L2,Production,Prod-01,NA,NA,NA,NA,NA,NA,NA,English,DOM,Masculine,Singular,NA,NA,NA,L2L,2nd,Early,Yes,3,0,94,2023,NA,0.3333333333333333,NA,NA,-1.3051826127677424,-1.4499325315359062,NA
H68,1,1,L2L 2nd,2,7,94,NA,NA,NA,1,2,2,3,L2 learner,L2,L2,L2,Production,Prod-04,1,NA,NA,NA,NA,NA,NA,NA,DOM,Masculine,Singular,NA,NA,NA,L2L,2nd,Early,Yes,3,0,94,2023,1,0.3333333333333333,NA,NA,-1.3051826127677424,-1.4499325315359062,NA
H68,1,1,L2L 2nd,2,7,94,NA,NA,NA,1,2,2,3,L2 learner,L2,L2,L2,Production,Prod-08,1,NA,NA,NA,NA,NA,NA,NA,DOM,Feminine,Singular,NA,NA,NA,L2L,2nd,Early,Yes,3,0,94,2023,1,0.3333333333333333,NA,NA,-1.3051826127677424,-1.4499325315359062,NA
H68,1,1,L2L 2nd,2,7,94,NA,NA,NA,1,2,2,3,L2 learner,L2,L2,L2,Production,Prod-12,1,NA,NA,NA,NA,NA,NA,NA,DOM,Masculine,Singular,NA,NA,NA,L2L,2nd,Early,Yes,3,0,94,2023,1,0.3333333333333333,NA,NA,-1.3051826127677424,-1.4499325315359062,NA
H68,1,1,L2L 2nd,2,7,94,NA,NA,NA,1,2,2,3,L2 learner,L2,L2,L2,Production,Prod-16,1,NA,NA,NA,NA,NA,NA,NA,DOM,Masculine,Singular,NA,NA,NA,L2L,2nd,Early,Yes,3,0,94,2023,1,0.3333333333333333,NA,NA,-1.3051826127677424,-1.4499325315359062,NA
H68,1,1,L2L 2nd,2,7,94,NA,NA,NA,1,2,2,3,L2 learner,L2,L2,L2,Production,Prod-20,NA,NA,NA,NA,NA,NA,NA,English,DOM,Feminine,Singular,NA,NA,NA,L2L,2nd,Early,Yes,3,0,94,2023,NA,0.3333333333333333,NA,NA,-1.3051826127677424,-1.4499325315359062,NA
H68,1,1,L2L 2nd,2,7,94,NA,NA,NA,1,2,2,3,L2 learner,L2,L2,L2,Production,Prod-24,NA,NA,NA,NA,NA,NA,NA,English,DOM,Feminine,Plural,NA,NA,NA,L2L,2nd,Early,Yes,3,0,94,2023,NA,0.3333333333333333,NA,NA,-1.3051826127677424,-1.4499325315359062,NA
H68,1,1,L2L 2nd,2,7,94,NA,NA,NA,1,2,2,3,L2 learner,L2,L2,L2,Production,Prod-27,NA,NA,NA,NA,NA,NA,NA,Other,DOM,Feminine,Plural,NA,NA,NA,L2L,2nd,Early,Yes,3,0,94,2023,NA,0.3333333333333333,NA,NA,-1.3051826127677424,-1.4499325315359062,NA
H69,1,1,HS 2nd,2,8,102,NA,NA,NA,5,4,2,8,Heritage Spanish,NA,NA,NA,Production,Prod-01,0,NA,NA,NA,NA,NA,NA,Omission,DOM,Masculine,Singular,NA,NA,NA,HS,2nd,Early,Yes,9,0,102,2023,0,0.5555555555555556,NA,NA,-0.9988130862451546,-1.1672836321893758,"DP, no verb, no DOM"
H69,1,1,HS 2nd,2,8,102,NA,NA,NA,5,4,2,8,Heritage Spanish,NA,NA,NA,Production,Prod-04,1,NA,NA,NA,NA,NA,NA,Omission,DOM,Masculine,Singular,NA,NA,NA,HS,2nd,Early,Yes,9,0,102,2023,1,0.5555555555555556,NA,NA,-0.9988130862451546,-1.1672836321893758,NA
H69,1,1,HS 2nd,2,8,102,NA,NA,NA,5,4,2,8,Heritage Spanish,NA,NA,NA,Production,Prod-08,0,NA,NA,NA,NA,NA,NA,Omission,DOM,Feminine,Singular,NA,NA,NA,HS,2nd,Early,Yes,9,0,102,2023,0,0.5555555555555556,NA,NA,-0.9988130862451546,-1.1672836321893758,"DP, no verb, no DOM"
H69,1,1,HS 2nd,2,8,102,NA,NA,NA,5,4,2,8,Heritage Spanish,NA,NA,NA,Production,Prod-12,0,NA,NA,NA,NA,NA,NA,Omission,DOM,Masculine,Singular,NA,NA,NA,HS,2nd,Early,Yes,9,0,102,2023,0,0.5555555555555556,NA,NA,-0.9988130862451546,-1.1672836321893758,"DP, no verb, no DOM"
H69,1,1,HS 2nd,2,8,102,NA,NA,NA,5,4,2,8,Heritage Spanish,NA,NA,NA,Production,Prod-16,0,NA,NA,NA,NA,NA,NA,Omission,DOM,Masculine,Singular,NA,NA,NA,HS,2nd,Early,Yes,9,0,102,2023,0,0.5555555555555556,NA,NA,-0.9988130862451546,-1.1672836321893758,"DP, no verb, no DOM"
H69,1,1,HS 2nd,2,8,102,NA,NA,NA,5,4,2,8,Heritage Spanish,NA,NA,NA,Production,Prod-20,0,NA,NA,NA,NA,NA,NA,Omission,DOM,Feminine,Singular,NA,NA,NA,HS,2nd,Early,Yes,9,0,102,2023,0,0.5555555555555556,NA,NA,-0.9988130862451546,-1.1672836321893758,"DP, no verb, no DOM"
H69,1,1,HS 2nd,2,8,102,NA,NA,NA,5,4,2,8,Heritage Spanish,NA,NA,NA,Production,Prod-24,1,NA,NA,NA,NA,NA,NA,Omission,DOM,Feminine,Plural,NA,NA,NA,HS,2nd,Early,Yes,9,0,102,2023,1,0.5555555555555556,NA,NA,-0.9988130862451546,-1.1672836321893758,NA
H69,1,1,HS 2nd,2,8,102,NA,NA,NA,5,4,2,8,Heritage Spanish,NA,NA,NA,Production,Prod-27,0,NA,NA,NA,NA,NA,NA,Omission,DOM,Feminine,Plural,NA,NA,NA,HS,2nd,Early,Yes,9,0,102,2023,0,0.5555555555555556,NA,NA,-0.9988130862451546,-1.1672836321893758,"DP, no verb, no DOM"
H70,1,1,HS 2nd,2,7,95,NA,NA,NA,2,6,2,8,Heritage Spanish,NA,NA,NA,Production,Prod-01,0,NA,NA,NA,NA,NA,NA,Omission,DOM,Masculine,Singular,NA,NA,NA,HS,2nd,Early,Yes,8,0,95,2023,0,0.25,NA,NA,-1.2668864219524187,-1.41460141911759,"Full DP, no DOM"
H70,1,1,HS 2nd,2,7,95,NA,NA,NA,2,6,2,8,Heritage Spanish,NA,NA,NA,Production,Prod-04,0,NA,NA,NA,NA,NA,NA,Omission,DOM,Masculine,Singular,NA,NA,NA,HS,2nd,Early,Yes,8,0,95,2023,0,0.25,NA,NA,-1.2668864219524187,-1.41460141911759,"Full DP, no DOM"
H70,1,1,HS 2nd,2,7,95,NA,NA,NA,2,6,2,8,Heritage Spanish,NA,NA,NA,Production,Prod-08,0,NA,NA,NA,NA,NA,NA,Omission,DOM,Feminine,Singular,NA,NA,NA,HS,2nd,Early,Yes,8,0,95,2023,0,0.25,NA,NA,-1.2668864219524187,-1.41460141911759,"Full DP, no DOM"
H70,1,1,HS 2nd,2,7,95,NA,NA,NA,2,6,2,8,Heritage Spanish,NA,NA,NA,Production,Prod-12,0,NA,NA,NA,NA,NA,NA,Omission,DOM,Masculine,Singular,NA,NA,NA,HS,2nd,Early,Yes,8,0,95,2023,0,0.25,NA,NA,-1.2668864219524187,-1.41460141911759,"Full DP, no DOM"
H70,1,1,HS 2nd,2,7,95,NA,NA,NA,2,6,2,8,Heritage Spanish,NA,NA,NA,Production,Prod-16,0,NA,NA,NA,NA,NA,NA,Omission,DOM,Masculine,Singular,NA,NA,NA,HS,2nd,Early,Yes,8,0,95,2023,0,0.25,NA,NA,-1.2668864219524187,-1.41460141911759,"Full DP, no DOM"
H70,1,1,HS 2nd,2,7,95,NA,NA,NA,2,6,2,8,Heritage Spanish,NA,NA,NA,Production,Prod-20,0,NA,NA,NA,NA,NA,NA,Omission,DOM,Feminine,Singular,NA,NA,NA,HS,2nd,Early,Yes,8,0,95,2023,0,0.25,NA,NA,-1.2668864219524187,-1.41460141911759,"Full DP, no DOM"
H70,1,1,HS 2nd,2,7,95,NA,NA,NA,2,6,2,8,Heritage Spanish,NA,NA,NA,Production,Prod-24,0,NA,NA,NA,NA,NA,NA,Omission,DOM,Feminine,Plural,NA,NA,NA,HS,2nd,Early,Yes,8,0,95,2023,0,0.25,NA,NA,-1.2668864219524187,-1.41460141911759,"Full DP, no DOM"
H70,1,1,HS 2nd,2,7,95,NA,NA,NA,2,6,2,8,Heritage Spanish,NA,NA,NA,Production,Prod-27,0,NA,NA,NA,NA,NA,NA,Omission,DOM,Feminine,Plural,NA,NA,NA,HS,2nd,Early,Yes,8,0,95,2023,0,0.25,NA,NA,-1.2668864219524187,-1.41460141911759,"Full DP, no DOM"
H70,1,2,HS 4th/5th,5,7,95,NA,NA,NA,2,6,2,8,Heritage Spanish,NA,NA,NA,Production,Prod-01,1,NA,NA,NA,NA,NA,ve a su hija,NA,DOM,Masculine,Singular,NA,NA,NA,HS,4th/5th,Early,Yes,8,36,131,2026,1,0.25,NA,NA,-1.2668864219524187,-0.1426813720582039,NA
H70,1,2,HS 4th/5th,5,7,95,NA,NA,NA,2,6,2,8,Heritage Spanish,NA,NA,NA,Production,Prod-04,1,NA,NA,NA,NA,NA,a su hijo,NA,DOM,Masculine,Singular,NA,NA,NA,HS,4th/5th,Early,Yes,8,36,131,2026,1,0.25,NA,NA,-1.2668864219524187,-0.1426813720582039,NA
H70,1,2,HS 4th/5th,5,7,95,NA,NA,NA,2,6,2,8,Heritage Spanish,NA,NA,NA,Production,Prod-08,1,NA,NA,NA,NA,NA,a su hija,NA,DOM,Feminine,Singular,NA,NA,NA,HS,4th/5th,Early,Yes,8,36,131,2026,1,0.25,NA,NA,-1.2668864219524187,-0.1426813720582039,NA
H70,1,2,HS 4th/5th,5,7,95,NA,NA,NA,2,6,2,8,Heritage Spanish,NA,NA,NA,Production,Prod-12,1,NA,NA,NA,NA,NA,al chico,NA,DOM,Masculine,Singular,NA,NA,NA,HS,4th/5th,Early,Yes,8,36,131,2026,1,0.25,NA,NA,-1.2668864219524187,-0.1426813720582039,NA
H70,1,2,HS 4th/5th,5,7,95,NA,NA,NA,2,6,2,8,Heritage Spanish,NA,NA,NA,Production,Prod-16,1,NA,NA,NA,NA,NA,a su hijo,NA,DOM,Masculine,Singular,NA,NA,NA,HS,4th/5th,Early,Yes,8,36,131,2026,1,0.25,NA,NA,-1.2668864219524187,-0.1426813720582039,NA
H70,1,2,HS 4th/5th,5,7,95,NA,NA,NA,2,6,2,8,Heritage Spanish,NA,NA,NA,Production,Prod-20,0,NA,NA,NA,NA,NA,la niña,Omission,DOM,Feminine,Singular,NA,NA,NA,HS,4th/5th,Early,Yes,8,36,131,2026,0,0.25,NA,NA,-1.2668864219524187,-0.1426813720582039,"DP, no verb, no DOM"
H70,1,2,HS 4th/5th,5,7,95,NA,NA,NA,2,6,2,8,Heritage Spanish,NA,NA,NA,Production,Prod-24,1,NA,NA,NA,NA,NA,a las chicas,NA,DOM,Feminine,Plural,NA,NA,NA,HS,4th/5th,Early,Yes,8,36,131,2026,1,0.25,NA,NA,-1.2668864219524187,-0.1426813720582039,NA
H70,1,2,HS 4th/5th,5,7,95,NA,NA,NA,2,6,2,8,Heritage Spanish,NA,NA,NA,Production,Prod-27,0,NA,NA,NA,NA,NA,su hijas,Omission,DOM,Feminine,Plural,NA,NA,NA,HS,4th/5th,Early,Yes,8,36,131,2026,0,0.25,NA,NA,-1.2668864219524187,-0.1426813720582039,"DP, no verb, no DOM"
H71,1,1,L2L 2nd,2,7,94,NA,NA,NA,1,4,2,7,L2 learner,L2,L2,L2,Production,Prod-01,NA,NA,NA,NA,NA,NA,NA,Other,DOM,Masculine,Singular,NA,NA,NA,L2L,2nd,Early,Yes,5,0,94,2023,NA,0.2,NA,NA,-1.3051826127677424,-1.4499325315359062,NA
H71,1,1,L2L 2nd,2,7,94,NA,NA,NA,1,4,2,7,L2 learner,L2,L2,L2,Production,Prod-04,NA,NA,NA,NA,NA,NA,NA,Other,DOM,Masculine,Singular,NA,NA,NA,L2L,2nd,Early,Yes,5,0,94,2023,NA,0.2,NA,NA,-1.3051826127677424,-1.4499325315359062,NA
H71,1,1,L2L 2nd,2,7,94,NA,NA,NA,1,4,2,7,L2 learner,L2,L2,L2,Production,Prod-08,NA,NA,NA,NA,NA,NA,NA,Other,DOM,Feminine,Singular,NA,NA,NA,L2L,2nd,Early,Yes,5,0,94,2023,NA,0.2,NA,NA,-1.3051826127677424,-1.4499325315359062,NA
H71,1,1,L2L 2nd,2,7,94,NA,NA,NA,1,4,2,7,L2 learner,L2,L2,L2,Production,Prod-12,NA,NA,NA,NA,NA,NA,NA,Other,DOM,Masculine,Singular,NA,NA,NA,L2L,2nd,Early,Yes,5,0,94,2023,NA,0.2,NA,NA,-1.3051826127677424,-1.4499325315359062,NA
H71,1,1,L2L 2nd,2,7,94,NA,NA,NA,1,4,2,7,L2 learner,L2,L2,L2,Production,Prod-16,NA,NA,NA,NA,NA,NA,NA,Other,DOM,Masculine,Singular,NA,NA,NA,L2L,2nd,Early,Yes,5,0,94,2023,NA,0.2,NA,NA,-1.3051826127677424,-1.4499325315359062,NA
H71,1,1,L2L 2nd,2,7,94,NA,NA,NA,1,4,2,7,L2 learner,L2,L2,L2,Production,Prod-20,NA,NA,NA,NA,NA,NA,NA,Other,DOM,Feminine,Singular,NA,NA,NA,L2L,2nd,Early,Yes,5,0,94,2023,NA,0.2,NA,NA,-1.3051826127677424,-1.4499325315359062,NA
H71,1,1,L2L 2nd,2,7,94,NA,NA,NA,1,4,2,7,L2 learner,L2,L2,L2,Production,Prod-24,NA,NA,NA,NA,NA,NA,NA,Other,DOM,Feminine,Plural,NA,NA,NA,L2L,2nd,Early,Yes,5,0,94,2023,NA,0.2,NA,NA,-1.3051826127677424,-1.4499325315359062,NA
H71,1,1,L2L 2nd,2,7,94,NA,NA,NA,1,4,2,7,L2 learner,L2,L2,L2,Production,Prod-27,NA,NA,NA,NA,NA,NA,NA,Other,DOM,Feminine,Plural,NA,NA,NA,L2L,2nd,Early,Yes,5,0,94,2023,NA,0.2,NA,NA,-1.3051826127677424,-1.4499325315359062,NA
H72,1,1,L2L 2nd,2,7,94,NA,NA,NA,3,4,2,8,Russian,No,Yes,Yes,Production,Prod-01,0,NA,NA,NA,NA,NA,ve una niña,Omission,DOM,Masculine,Singular,NA,NA,NA,L2L,2nd,Early,Yes,7,0,94,2023,0,0.42857142857142855,NA,NA,-1.3051826127677424,-1.4499325315359062,"Full DP, no DOM"
H72,1,1,L2L 2nd,2,7,94,NA,NA,NA,3,4,2,8,Russian,No,Yes,Yes,Production,Prod-04,1,NA,NA,NA,NA,NA,a su hijo,NA,DOM,Masculine,Singular,NA,NA,NA,L2L,2nd,Early,Yes,7,0,94,2023,1,0.42857142857142855,NA,NA,-1.3051826127677424,-1.4499325315359062,NA
H72,1,1,L2L 2nd,2,7,94,NA,NA,NA,3,4,2,8,Russian,No,Yes,Yes,Production,Prod-08,1,NA,NA,NA,NA,NA,a la niña,NA,DOM,Feminine,Singular,NA,NA,NA,L2L,2nd,Early,Yes,7,0,94,2023,1,0.42857142857142855,NA,NA,-1.3051826127677424,-1.4499325315359062,NA
H72,1,1,L2L 2nd,2,7,94,NA,NA,NA,3,4,2,8,Russian,No,Yes,Yes,Production,Prod-12,1,NA,NA,NA,NA,NA,al niño,NA,DOM,Masculine,Singular,NA,NA,NA,L2L,2nd,Early,Yes,7,0,94,2023,1,0.42857142857142855,NA,NA,-1.3051826127677424,-1.4499325315359062,NA
H72,1,1,L2L 2nd,2,7,94,NA,NA,NA,3,4,2,8,Russian,No,Yes,Yes,Production,Prod-16,1,NA,NA,NA,NA,NA,a su hijo,Grammatical alternative,DOM,Masculine,Singular,NA,NA,NA,L2L,2nd,Early,Yes,7,0,94,2023,1,0.42857142857142855,NA,NA,-1.3051826127677424,-1.4499325315359062,NA
H72,1,1,L2L 2nd,2,7,94,NA,NA,NA,3,4,2,8,Russian,No,Yes,Yes,Production,Prod-20,NA,NA,NA,NA,NA,NA,el monstruo es esta persona,Grammatical alternative,DOM,Feminine,Singular,NA,NA,NA,L2L,2nd,Early,Yes,7,0,94,2023,NA,0.42857142857142855,NA,NA,-1.3051826127677424,-1.4499325315359062,Grammatical alternative
H72,1,1,L2L 2nd,2,7,94,NA,NA,NA,3,4,2,8,Russian,No,Yes,Yes,Production,Prod-24,1,NA,NA,NA,NA,NA,ve a las niñas,Grammatical alternative,DOM,Feminine,Plural,NA,NA,NA,L2L,2nd,Early,Yes,7,0,94,2023,1,0.42857142857142855,NA,NA,-1.3051826127677424,-1.4499325315359062,NA
H72,1,1,L2L 2nd,2,7,94,NA,NA,NA,3,4,2,8,Russian,No,Yes,Yes,Production,Prod-27,NA,NA,NA,NA,NA,NA,la mamá es esta persona,Grammatical alternative,DOM,Feminine,Plural,NA,NA,NA,L2L,2nd,Early,Yes,7,0,94,2023,NA,0.42857142857142855,NA,NA,-1.3051826127677424,-1.4499325315359062,Grammatical alternative
H72,1,2,L2L 4th/5th,5,7,94,NA,NA,NA,3,4,2,8,Russian,No,Yes,Yes,Production,Prod-01,1,NA,NA,NA,NA,NA,ve a su niño,NA,DOM,Masculine,Singular,NA,NA,NA,L2L,4th/5th,Early,Yes,7,36,130,2026,1,0.42857142857142855,NA,NA,-1.3051826127677424,-0.17801248447652016,NA
H72,1,2,L2L 4th/5th,5,7,94,NA,NA,NA,3,4,2,8,Russian,No,Yes,Yes,Production,Prod-04,1,NA,NA,NA,NA,NA,ve a su hijo,NA,DOM,Masculine,Singular,NA,NA,NA,L2L,4th/5th,Early,Yes,7,36,130,2026,1,0.42857142857142855,NA,NA,-1.3051826127677424,-0.17801248447652016,NA
H72,1,2,L2L 4th/5th,5,7,94,NA,NA,NA,3,4,2,8,Russian,No,Yes,Yes,Production,Prod-08,1,NA,NA,NA,NA,NA,ve a su hija,NA,DOM,Feminine,Singular,NA,NA,NA,L2L,4th/5th,Early,Yes,7,36,130,2026,1,0.42857142857142855,NA,NA,-1.3051826127677424,-0.17801248447652016,NA
H72,1,2,L2L 4th/5th,5,7,94,NA,NA,NA,3,4,2,8,Russian,No,Yes,Yes,Production,Prod-12,1,NA,NA,NA,NA,NA,ve a su dueño,NA,DOM,Masculine,Singular,NA,NA,NA,L2L,4th/5th,Early,Yes,7,36,130,2026,1,0.42857142857142855,NA,NA,-1.3051826127677424,-0.17801248447652016,NA
H72,1,2,L2L 4th/5th,5,7,94,NA,NA,NA,3,4,2,8,Russian,No,Yes,Yes,Production,Prod-16,1,NA,NA,NA,NA,NA,ve a su hijo,NA,DOM,Masculine,Singular,NA,NA,NA,L2L,4th/5th,Early,Yes,7,36,130,2026,1,0.42857142857142855,NA,NA,-1.3051826127677424,-0.17801248447652016,NA
H72,1,2,L2L 4th/5th,5,7,94,NA,NA,NA,3,4,2,8,Russian,No,Yes,Yes,Production,Prod-20,1,NA,NA,NA,NA,NA,ve a una niña,NA,DOM,Feminine,Singular,NA,NA,NA,L2L,4th/5th,Early,Yes,7,36,130,2026,1,0.42857142857142855,NA,NA,-1.3051826127677424,-0.17801248447652016,NA
H72,1,2,L2L 4th/5th,5,7,94,NA,NA,NA,3,4,2,8,Russian,No,Yes,Yes,Production,Prod-24,1,NA,NA,NA,NA,NA,ve a dos niñas,NA,DOM,Feminine,Plural,NA,NA,NA,L2L,4th/5th,Early,Yes,7,36,130,2026,1,0.42857142857142855,NA,NA,-1.3051826127677424,-0.17801248447652016,NA
H72,1,2,L2L 4th/5th,5,7,94,NA,NA,NA,3,4,2,8,Russian,No,Yes,Yes,Production,Prod-27,1,NA,NA,NA,NA,NA,ve a los dos niños,NA,DOM,Feminine,Plural,NA,NA,NA,L2L,4th/5th,Early,Yes,7,36,130,2026,1,0.42857142857142855,NA,NA,-1.3051826127677424,-0.17801248447652016,NA
H73,1,1,L2L 4th/5th,4,10,125,NA,NA,NA,3,5,NA,6,"Mandarin, Cantonese, Fujianese",Yes,No,No,Production,Prod-01,0,NA,NA,NA,NA,NA,NA,Omission,DOM,Masculine,Singular,NA,NA,NA,L2L,4th/5th,Early,Yes,8,0,125,2023,0,0.375,NA,NA,-0.11800069749271534,-0.3546680465681015,NA
H73,1,1,L2L 4th/5th,4,10,125,NA,NA,NA,3,5,NA,6,"Mandarin, Cantonese, Fujianese",Yes,No,No,Production,Prod-04,NA,NA,NA,NA,NA,NA,NA,English,DOM,Masculine,Singular,NA,NA,NA,L2L,4th/5th,Early,Yes,8,0,125,2023,NA,0.375,NA,NA,-0.11800069749271534,-0.3546680465681015,NA
H73,1,1,L2L 4th/5th,4,10,125,NA,NA,NA,3,5,NA,6,"Mandarin, Cantonese, Fujianese",Yes,No,No,Production,Prod-08,0,NA,NA,NA,NA,NA,NA,Omission,DOM,Feminine,Singular,NA,NA,NA,L2L,4th/5th,Early,Yes,8,0,125,2023,0,0.375,NA,NA,-0.11800069749271534,-0.3546680465681015,NA
H73,1,1,L2L 4th/5th,4,10,125,NA,NA,NA,3,5,NA,6,"Mandarin, Cantonese, Fujianese",Yes,No,No,Production,Prod-12,NA,NA,NA,1,1,NA,NA,Other,DOM,Masculine,Singular,NA,NA,NA,L2L,4th/5th,Early,Yes,8,0,125,2023,NA,0.375,NA,NA,-0.11800069749271534,-0.3546680465681015,NA
H73,1,1,L2L 4th/5th,4,10,125,NA,NA,NA,3,5,NA,6,"Mandarin, Cantonese, Fujianese",Yes,No,No,Production,Prod-16,NA,NA,NA,NA,NA,NA,NA,Other,DOM,Masculine,Singular,NA,NA,NA,L2L,4th/5th,Early,Yes,8,0,125,2023,NA,0.375,NA,NA,-0.11800069749271534,-0.3546680465681015,NA
H73,1,1,L2L 4th/5th,4,10,125,NA,NA,NA,3,5,NA,6,"Mandarin, Cantonese, Fujianese",Yes,No,No,Production,Prod-20,NA,NA,NA,NA,NA,NA,NA,English,DOM,Feminine,Singular,NA,NA,NA,L2L,4th/5th,Early,Yes,8,0,125,2023,NA,0.375,NA,NA,-0.11800069749271534,-0.3546680465681015,NA
H73,1,1,L2L 4th/5th,4,10,125,NA,NA,NA,3,5,NA,6,"Mandarin, Cantonese, Fujianese",Yes,No,No,Production,Prod-24,0,NA,NA,1,0,NA,NA,Omission,DOM,Feminine,Plural,NA,NA,NA,L2L,4th/5th,Early,Yes,8,0,125,2023,0,0.375,NA,NA,-0.11800069749271534,-0.3546680465681015,NA
H73,1,1,L2L 4th/5th,4,10,125,NA,NA,NA,3,5,NA,6,"Mandarin, Cantonese, Fujianese",Yes,No,No,Production,Prod-27,NA,NA,NA,NA,NA,NA,el mamá es comunicar con ellas,Other,DOM,Feminine,Plural,NA,NA,NA,L2L,4th/5th,Early,Yes,8,0,125,2023,NA,0.375,NA,NA,-0.11800069749271534,-0.3546680465681015,NA
H73,1,2,L2L 7th/8th,7,10,125,NA,NA,NA,3,5,NA,6,"Mandarin, Cantonese, Fujianese",Yes,No,No,Production,Prod-01,1,NA,NA,NA,NA,NA,ve a su niño,NA,DOM,Masculine,Singular,NA,NA,NA,L2L,7th/8th,Early,Yes,8,36,161,2026,1,0.375,NA,NA,-0.11800069749271534,0.9172520004912844,NA
H73,1,2,L2L 7th/8th,7,10,125,NA,NA,NA,3,5,NA,6,"Mandarin, Cantonese, Fujianese",Yes,No,No,Production,Prod-04,1,NA,NA,NA,NA,NA,ve a su niño,NA,DOM,Masculine,Singular,NA,NA,NA,L2L,7th/8th,Early,Yes,8,36,161,2026,1,0.375,NA,NA,-0.11800069749271534,0.9172520004912844,NA
H73,1,2,L2L 7th/8th,7,10,125,NA,NA,NA,3,5,NA,6,"Mandarin, Cantonese, Fujianese",Yes,No,No,Production,Prod-08,NA,NA,NA,NA,NA,NA,jugando con una niña,Grammatical alternative,DOM,Feminine,Singular,NA,NA,NA,L2L,7th/8th,Early,Yes,8,36,161,2026,NA,0.375,NA,NA,-0.11800069749271534,0.9172520004912844,NA
H73,1,2,L2L 7th/8th,7,10,125,NA,NA,NA,3,5,NA,6,"Mandarin, Cantonese, Fujianese",Yes,No,No,Production,Prod-12,1,NA,NA,NA,NA,NA,ve a un niño,NA,DOM,Masculine,Singular,NA,NA,NA,L2L,7th/8th,Early,Yes,8,36,161,2026,1,0.375,NA,NA,-0.11800069749271534,0.9172520004912844,NA
H73,1,2,L2L 7th/8th,7,10,125,NA,NA,NA,3,5,NA,6,"Mandarin, Cantonese, Fujianese",Yes,No,No,Production,Prod-16,1,NA,NA,NA,NA,NA,ve a su hijo,NA,DOM,Masculine,Singular,NA,NA,NA,L2L,7th/8th,Early,Yes,8,36,161,2026,1,0.375,NA,NA,-0.11800069749271534,0.9172520004912844,NA
H73,1,2,L2L 7th/8th,7,10,125,NA,NA,NA,3,5,NA,6,"Mandarin, Cantonese, Fujianese",Yes,No,No,Production,Prod-20,1,NA,NA,NA,NA,NA,ve a una niña,NA,DOM,Feminine,Singular,NA,NA,NA,L2L,7th/8th,Early,Yes,8,36,161,2026,1,0.375,NA,NA,-0.11800069749271534,0.9172520004912844,NA
H73,1,2,L2L 7th/8th,7,10,125,NA,NA,NA,3,5,NA,6,"Mandarin, Cantonese, Fujianese",Yes,No,No,Production,Prod-24,0,NA,NA,NA,NA,NA,ve dos niños,Omission,DOM,Feminine,Plural,NA,NA,NA,L2L,7th/8th,Early,Yes,8,36,161,2026,0,0.375,NA,NA,-0.11800069749271534,0.9172520004912844,NA
H73,1,2,L2L 7th/8th,7,10,125,NA,NA,NA,3,5,NA,6,"Mandarin, Cantonese, Fujianese",Yes,No,No,Production,Prod-27,1,NA,NA,NA,NA,NA,ve a sus hijas,NA,DOM,Feminine,Plural,NA,NA,NA,L2L,7th/8th,Early,Yes,8,36,161,2026,1,0.375,NA,NA,-0.11800069749271534,0.9172520004912844,NA
H74,1,1,L2L 4th/5th,4,10,121,NA,NA,NA,5,4,NA,5,Tagalog,Yes,No,No,Production,Prod-01,0,NA,NA,NA,NA,NA,NA,Omission,DOM,Masculine,Singular,NA,NA,NA,L2L,4th/5th,Early,Yes,9,0,121,2023,0,0.5555555555555556,NA,NA,-0.2711854607540091,-0.49599249624136665,"DP, no verb, no DOM"
H74,1,1,L2L 4th/5th,4,10,121,NA,NA,NA,5,4,NA,5,Tagalog,Yes,No,No,Production,Prod-04,0,NA,NA,NA,NA,NA,NA,Omission,DOM,Masculine,Singular,NA,NA,NA,L2L,4th/5th,Early,Yes,9,0,121,2023,0,0.5555555555555556,NA,NA,-0.2711854607540091,-0.49599249624136665,"DP, no verb, no DOM"
H74,1,1,L2L 4th/5th,4,10,121,NA,NA,NA,5,4,NA,5,Tagalog,Yes,No,No,Production,Prod-08,0,NA,NA,NA,NA,NA,NA,Omission,DOM,Feminine,Singular,NA,NA,NA,L2L,4th/5th,Early,Yes,9,0,121,2023,0,0.5555555555555556,NA,NA,-0.2711854607540091,-0.49599249624136665,"DP, no verb, no DOM"
H74,1,1,L2L 4th/5th,4,10,121,NA,NA,NA,5,4,NA,5,Tagalog,Yes,No,No,Production,Prod-12,0,NA,NA,NA,NA,NA,NA,Omission,DOM,Masculine,Singular,NA,NA,NA,L2L,4th/5th,Early,Yes,9,0,121,2023,0,0.5555555555555556,NA,NA,-0.2711854607540091,-0.49599249624136665,"DP, no verb, no DOM"
H74,1,1,L2L 4th/5th,4,10,121,NA,NA,NA,5,4,NA,5,Tagalog,Yes,No,No,Production,Prod-16,0,NA,NA,NA,NA,NA,NA,Omission,DOM,Masculine,Singular,NA,NA,NA,L2L,4th/5th,Early,Yes,9,0,121,2023,0,0.5555555555555556,NA,NA,-0.2711854607540091,-0.49599249624136665,"DP, no verb, no DOM"
H74,1,1,L2L 4th/5th,4,10,121,NA,NA,NA,5,4,NA,5,Tagalog,Yes,No,No,Production,Prod-20,0,NA,NA,NA,NA,NA,NA,Omission,DOM,Feminine,Singular,NA,NA,NA,L2L,4th/5th,Early,Yes,9,0,121,2023,0,0.5555555555555556,NA,NA,-0.2711854607540091,-0.49599249624136665,"DP, no verb, no DOM"
H74,1,1,L2L 4th/5th,4,10,121,NA,NA,NA,5,4,NA,5,Tagalog,Yes,No,No,Production,Prod-24,0,NA,NA,NA,NA,NA,NA,Indicative,DOM,Feminine,Plural,NA,NA,NA,L2L,4th/5th,Early,Yes,9,0,121,2023,0,0.5555555555555556,NA,NA,-0.2711854607540091,-0.49599249624136665,"DP, no verb, no DOM"
H74,1,1,L2L 4th/5th,4,10,121,NA,NA,NA,5,4,NA,5,Tagalog,Yes,No,No,Production,Prod-27,0,NA,NA,NA,NA,NA,NA,Omission,DOM,Feminine,Plural,NA,NA,NA,L2L,4th/5th,Early,Yes,9,0,121,2023,0,0.5555555555555556,NA,NA,-0.2711854607540091,-0.49599249624136665,"DP, no verb, no DOM"
H74,1,2,L2L 7th/8th,7,10,121,NA,NA,NA,5,4,NA,5,Tagalog,Yes,No,No,Production,Prod-01,1,NA,NA,NA,NA,NA,ve a su niño,NA,DOM,Masculine,Singular,NA,NA,NA,L2L,7th/8th,Early,Yes,9,36,157,2026,1,0.5555555555555556,NA,NA,-0.2711854607540091,0.7759275508180193,NA
H74,1,2,L2L 7th/8th,7,10,121,NA,NA,NA,5,4,NA,5,Tagalog,Yes,No,No,Production,Prod-04,1,NA,NA,NA,NA,NA,ve a su niño,NA,DOM,Masculine,Singular,NA,NA,NA,L2L,7th/8th,Early,Yes,9,36,157,2026,1,0.5555555555555556,NA,NA,-0.2711854607540091,0.7759275508180193,NA
H74,1,2,L2L 7th/8th,7,10,121,NA,NA,NA,5,4,NA,5,Tagalog,Yes,No,No,Production,Prod-08,1,NA,NA,NA,NA,NA,ve a la niña,NA,DOM,Feminine,Singular,NA,NA,NA,L2L,7th/8th,Early,Yes,9,36,157,2026,1,0.5555555555555556,NA,NA,-0.2711854607540091,0.7759275508180193,NA
H74,1,2,L2L 7th/8th,7,10,121,NA,NA,NA,5,4,NA,5,Tagalog,Yes,No,No,Production,Prod-12,1,NA,NA,NA,NA,NA,ve a uno niño,NA,DOM,Masculine,Singular,NA,NA,NA,L2L,7th/8th,Early,Yes,9,36,157,2026,1,0.5555555555555556,NA,NA,-0.2711854607540091,0.7759275508180193,NA
H74,1,2,L2L 7th/8th,7,10,121,NA,NA,NA,5,4,NA,5,Tagalog,Yes,No,No,Production,Prod-16,1,NA,NA,NA,NA,NA,ven a su bebé,NA,DOM,Masculine,Singular,NA,NA,NA,L2L,7th/8th,Early,Yes,9,36,157,2026,1,0.5555555555555556,NA,NA,-0.2711854607540091,0.7759275508180193,NA
H74,1,2,L2L 7th/8th,7,10,121,NA,NA,NA,5,4,NA,5,Tagalog,Yes,No,No,Production,Prod-20,1,NA,NA,NA,NA,NA,ven a la niña,NA,DOM,Feminine,Singular,NA,NA,NA,L2L,7th/8th,Early,Yes,9,36,157,2026,1,0.5555555555555556,NA,NA,-0.2711854607540091,0.7759275508180193,NA
H74,1,2,L2L 7th/8th,7,10,121,NA,NA,NA,5,4,NA,5,Tagalog,Yes,No,No,Production,Prod-24,1,NA,NA,NA,NA,NA,ven a los dos niñas,NA,DOM,Feminine,Plural,NA,NA,NA,L2L,7th/8th,Early,Yes,9,36,157,2026,1,0.5555555555555556,NA,NA,-0.2711854607540091,0.7759275508180193,NA
H74,1,2,L2L 7th/8th,7,10,121,NA,NA,NA,5,4,NA,5,Tagalog,Yes,No,No,Production,Prod-27,1,NA,NA,NA,NA,NA,ve a una niña,NA,DOM,Feminine,Plural,NA,NA,NA,L2L,7th/8th,Early,Yes,9,36,157,2026,1,0.5555555555555556,NA,NA,-0.2711854607540091,0.7759275508180193,NA
H75,1,1,L2L 4th/5th,4,10,120,NA,NA,NA,2,2,NA,8,L2 learner,L2,L2,L2,Production,Prod-01,1,NA,NA,NA,NA,NA,NA,Omission,DOM,Masculine,Singular,NA,NA,NA,L2L,4th/5th,Early,Yes,4,0,120,2023,1,0.5,NA,NA,-0.3094816515693326,-0.531323608659683,NA
H75,1,1,L2L 4th/5th,4,10,120,NA,NA,NA,2,2,NA,8,L2 learner,L2,L2,L2,Production,Prod-04,1,NA,NA,NA,NA,NA,NA,NA,DOM,Masculine,Singular,NA,NA,NA,L2L,4th/5th,Early,Yes,4,0,120,2023,1,0.5,NA,NA,-0.3094816515693326,-0.531323608659683,NA
H75,1,1,L2L 4th/5th,4,10,120,NA,NA,NA,2,2,NA,8,L2 learner,L2,L2,L2,Production,Prod-08,1,NA,NA,NA,NA,NA,NA,NA,DOM,Feminine,Singular,NA,NA,NA,L2L,4th/5th,Early,Yes,4,0,120,2023,1,0.5,NA,NA,-0.3094816515693326,-0.531323608659683,NA
H75,1,1,L2L 4th/5th,4,10,120,NA,NA,NA,2,2,NA,8,L2 learner,L2,L2,L2,Production,Prod-12,0,NA,NA,NA,NA,NA,NA,Omission,DOM,Masculine,Singular,NA,NA,NA,L2L,4th/5th,Early,Yes,4,0,120,2023,0,0.5,NA,NA,-0.3094816515693326,-0.531323608659683,"DP, no verb, no DOM"
H75,1,1,L2L 4th/5th,4,10,120,NA,NA,NA,2,2,NA,8,L2 learner,L2,L2,L2,Production,Prod-16,NA,NA,NA,NA,NA,NA,[unintelligible],Unintelligible,DOM,Masculine,Singular,NA,NA,NA,L2L,4th/5th,Early,Yes,4,0,120,2023,NA,0.5,NA,NA,-0.3094816515693326,-0.531323608659683,Unintelligible/cannot tell
H75,1,1,L2L 4th/5th,4,10,120,NA,NA,NA,2,2,NA,8,L2 learner,L2,L2,L2,Production,Prod-20,NA,NA,NA,NA,NA,NA,[unintelligible],Unintelligible,DOM,Feminine,Singular,NA,NA,NA,L2L,4th/5th,Early,Yes,4,0,120,2023,NA,0.5,NA,NA,-0.3094816515693326,-0.531323608659683,Unintelligible/cannot tell
H75,1,1,L2L 4th/5th,4,10,120,NA,NA,NA,2,2,NA,8,L2 learner,L2,L2,L2,Production,Prod-24,1,NA,NA,NA,NA,NA,NA,Omission,DOM,Feminine,Plural,NA,NA,NA,L2L,4th/5th,Early,Yes,4,0,120,2023,1,0.5,NA,NA,-0.3094816515693326,-0.531323608659683,NA
H75,1,1,L2L 4th/5th,4,10,120,NA,NA,NA,2,2,NA,8,L2 learner,L2,L2,L2,Production,Prod-27,1,NA,NA,NA,NA,NA,NA,Omission,DOM,Feminine,Plural,NA,NA,NA,L2L,4th/5th,Early,Yes,4,0,120,2023,1,0.5,NA,NA,-0.3094816515693326,-0.531323608659683,NA
H76,1,1,L2L 4th/5th,4,10,126,NA,NA,NA,1,4,3,8,Hindi,Yes,Yes,Yes,Production,Prod-01,0,NA,NA,NA,NA,NA,NA,Omission,DOM,Masculine,Singular,NA,NA,NA,L2L,4th/5th,Early,Yes,5,0,126,2023,0,0.2,NA,NA,-0.0797045066773919,-0.31933693414978526,NA
H76,1,1,L2L 4th/5th,4,10,126,NA,NA,NA,1,4,3,8,Hindi,Yes,Yes,Yes,Production,Prod-04,0,NA,NA,NA,NA,NA,NA,Omission,DOM,Masculine,Singular,NA,NA,NA,L2L,4th/5th,Early,Yes,5,0,126,2023,0,0.2,NA,NA,-0.0797045066773919,-0.31933693414978526,NA
H76,1,1,L2L 4th/5th,4,10,126,NA,NA,NA,1,4,3,8,Hindi,Yes,Yes,Yes,Production,Prod-08,0,NA,NA,NA,NA,NA,NA,Omission,DOM,Feminine,Singular,NA,NA,NA,L2L,4th/5th,Early,Yes,5,0,126,2023,0,0.2,NA,NA,-0.0797045066773919,-0.31933693414978526,NA
H76,1,1,L2L 4th/5th,4,10,126,NA,NA,NA,1,4,3,8,Hindi,Yes,Yes,Yes,Production,Prod-12,0,NA,NA,NA,NA,NA,NA,Omission,DOM,Masculine,Singular,NA,NA,NA,L2L,4th/5th,Early,Yes,5,0,126,2023,0,0.2,NA,NA,-0.0797045066773919,-0.31933693414978526,NA
H76,1,1,L2L 4th/5th,4,10,126,NA,NA,NA,1,4,3,8,Hindi,Yes,Yes,Yes,Production,Prod-16,NA,NA,NA,NA,NA,NA,NA,Omission,DOM,Masculine,Singular,NA,NA,NA,L2L,4th/5th,Early,Yes,5,0,126,2023,NA,0.2,NA,NA,-0.0797045066773919,-0.31933693414978526,NA
H76,1,1,L2L 4th/5th,4,10,126,NA,NA,NA,1,4,3,8,Hindi,Yes,Yes,Yes,Production,Prod-20,1,NA,NA,NA,NA,NA,NA,NA,DOM,Feminine,Singular,NA,NA,NA,L2L,4th/5th,Early,Yes,5,0,126,2023,1,0.2,NA,NA,-0.0797045066773919,-0.31933693414978526,NA
H76,1,1,L2L 4th/5th,4,10,126,NA,NA,NA,1,4,3,8,Hindi,Yes,Yes,Yes,Production,Prod-24,0,NA,NA,NA,NA,NA,NA,Omission,DOM,Feminine,Plural,NA,NA,NA,L2L,4th/5th,Early,Yes,5,0,126,2023,0,0.2,NA,NA,-0.0797045066773919,-0.31933693414978526,NA
H76,1,1,L2L 4th/5th,4,10,126,NA,NA,NA,1,4,3,8,Hindi,Yes,Yes,Yes,Production,Prod-27,0,NA,NA,NA,NA,NA,NA,Omission,DOM,Feminine,Plural,NA,NA,NA,L2L,4th/5th,Early,Yes,5,0,126,2023,0,0.2,NA,NA,-0.0797045066773919,-0.31933693414978526,NA
H76,1,2,L2L 7th/8th,7,10,126,NA,NA,NA,1,4,3,8,Hindi,Yes,Yes,Yes,Production,Prod-01,1,NA,NA,NA,NA,NA,está viendo a su hijo,NA,DOM,Masculine,Singular,NA,NA,NA,L2L,7th/8th,Early,Yes,5,36,162,2026,1,0.2,NA,NA,-0.0797045066773919,0.9525831129096007,NA
H76,1,2,L2L 7th/8th,7,10,126,NA,NA,NA,1,4,3,8,Hindi,Yes,Yes,Yes,Production,Prod-04,NA,NA,NA,NA,NA,NA,se da un beso a su hijo,Grammatical alternative,DOM,Masculine,Singular,NA,NA,NA,L2L,7th/8th,Early,Yes,5,36,162,2026,NA,0.2,NA,NA,-0.0797045066773919,0.9525831129096007,NA
H76,1,2,L2L 7th/8th,7,10,126,NA,NA,NA,1,4,3,8,Hindi,Yes,Yes,Yes,Production,Prod-08,1,NA,NA,NA,NA,NA,viendo a su hija de su hija,NA,DOM,Feminine,Singular,NA,NA,NA,L2L,7th/8th,Early,Yes,5,36,162,2026,1,0.2,NA,NA,-0.0797045066773919,0.9525831129096007,NA
H76,1,2,L2L 7th/8th,7,10,126,NA,NA,NA,1,4,3,8,Hindi,Yes,Yes,Yes,Production,Prod-12,1,NA,NA,NA,NA,NA,viendo a su niño,NA,DOM,Masculine,Singular,NA,NA,NA,L2L,7th/8th,Early,Yes,5,36,162,2026,1,0.2,NA,NA,-0.0797045066773919,0.9525831129096007,NA
H76,1,2,L2L 7th/8th,7,10,126,NA,NA,NA,1,4,3,8,Hindi,Yes,Yes,Yes,Production,Prod-16,1,NA,NA,NA,NA,NA,viendo a su hijo,NA,DOM,Masculine,Singular,NA,NA,NA,L2L,7th/8th,Early,Yes,5,36,162,2026,1,0.2,NA,NA,-0.0797045066773919,0.9525831129096007,NA
H76,1,2,L2L 7th/8th,7,10,126,NA,NA,NA,1,4,3,8,Hindi,Yes,Yes,Yes,Production,Prod-20,1,NA,NA,NA,NA,NA,se ve a una niña,NA,DOM,Feminine,Singular,NA,NA,NA,L2L,7th/8th,Early,Yes,5,36,162,2026,1,0.2,NA,NA,-0.0797045066773919,0.9525831129096007,NA
H76,1,2,L2L 7th/8th,7,10,126,NA,NA,NA,1,4,3,8,Hindi,Yes,Yes,Yes,Production,Prod-24,1,NA,NA,NA,NA,NA,está viendo a dos niñas,NA,DOM,Feminine,Plural,NA,NA,NA,L2L,7th/8th,Early,Yes,5,36,162,2026,1,0.2,NA,NA,-0.0797045066773919,0.9525831129096007,NA
H76,1,2,L2L 7th/8th,7,10,126,NA,NA,NA,1,4,3,8,Hindi,Yes,Yes,Yes,Production,Prod-27,1,NA,NA,NA,NA,NA,está viendo a sus hijas,NA,DOM,Feminine,Plural,NA,NA,NA,L2L,7th/8th,Early,Yes,5,36,162,2026,1,0.2,NA,NA,-0.0797045066773919,0.9525831129096007,NA
H77,1,1,HS 4th/5th,4,11,132,NA,NA,NA,5,5,NA,8,Heritage Spanish,NA,NA,NA,Production,Prod-01,0,NA,NA,NA,NA,NA,NA,Omission,DOM,Masculine,Singular,NA,NA,NA,HS,4th/5th,Early,Yes,10,0,132,2023,0,0.5,NA,NA,0.1500726382145488,-0.10735025963988762,"DP, no verb, no DOM"
H77,1,1,HS 4th/5th,4,11,132,NA,NA,NA,5,5,NA,8,Heritage Spanish,NA,NA,NA,Production,Prod-04,0,NA,NA,NA,NA,NA,NA,Omission,DOM,Masculine,Singular,NA,NA,NA,HS,4th/5th,Early,Yes,10,0,132,2023,0,0.5,NA,NA,0.1500726382145488,-0.10735025963988762,"DP, no verb, no DOM"
H77,1,1,HS 4th/5th,4,11,132,NA,NA,NA,5,5,NA,8,Heritage Spanish,NA,NA,NA,Production,Prod-08,NA,NA,NA,NA,NA,NA,NA,Omission,DOM,Feminine,Singular,NA,NA,NA,HS,4th/5th,Early,Yes,10,0,132,2023,NA,0.5,NA,NA,0.1500726382145488,-0.10735025963988762,NA
H77,1,1,HS 4th/5th,4,11,132,NA,NA,NA,5,5,NA,8,Heritage Spanish,NA,NA,NA,Production,Prod-12,1,NA,NA,NA,NA,NA,NA,NA,DOM,Masculine,Singular,NA,NA,NA,HS,4th/5th,Early,Yes,10,0,132,2023,1,0.5,NA,NA,0.1500726382145488,-0.10735025963988762,NA
H77,1,1,HS 4th/5th,4,11,132,NA,NA,NA,5,5,NA,8,Heritage Spanish,NA,NA,NA,Production,Prod-16,1,NA,NA,NA,NA,NA,NA,NA,DOM,Masculine,Singular,NA,NA,NA,HS,4th/5th,Early,Yes,10,0,132,2023,1,0.5,NA,NA,0.1500726382145488,-0.10735025963988762,NA
H77,1,1,HS 4th/5th,4,11,132,NA,NA,NA,5,5,NA,8,Heritage Spanish,NA,NA,NA,Production,Prod-20,1,NA,NA,NA,NA,NA,NA,NA,DOM,Feminine,Singular,NA,NA,NA,HS,4th/5th,Early,Yes,10,0,132,2023,1,0.5,NA,NA,0.1500726382145488,-0.10735025963988762,NA
H77,1,1,HS 4th/5th,4,11,132,NA,NA,NA,5,5,NA,8,Heritage Spanish,NA,NA,NA,Production,Prod-24,0,NA,NA,NA,NA,NA,NA,Omission,DOM,Feminine,Plural,NA,NA,NA,HS,4th/5th,Early,Yes,10,0,132,2023,0,0.5,NA,NA,0.1500726382145488,-0.10735025963988762,"DP, no verb, no DOM"
H77,1,1,HS 4th/5th,4,11,132,NA,NA,NA,5,5,NA,8,Heritage Spanish,NA,NA,NA,Production,Prod-27,1,NA,NA,NA,NA,NA,NA,NA,DOM,Feminine,Plural,NA,NA,NA,HS,4th/5th,Early,Yes,10,0,132,2023,1,0.5,NA,NA,0.1500726382145488,-0.10735025963988762,NA
H78,1,1,L2L 4th/5th,4,10,123,NA,NA,NA,2,4,NA,8,L2 learner,L2,L2,L2,Production,Prod-01,NA,NA,NA,NA,NA,NA,NA,Omission,DOM,Masculine,Singular,NA,NA,NA,L2L,4th/5th,Early,Yes,6,0,123,2023,NA,0.3333333333333333,NA,NA,-0.19459307912336224,-0.4253302714047341,NA
H78,1,1,L2L 4th/5th,4,10,123,NA,NA,NA,2,4,NA,8,L2 learner,L2,L2,L2,Production,Prod-04,0,NA,NA,NA,NA,NA,NA,Omission,DOM,Masculine,Singular,NA,NA,NA,L2L,4th/5th,Early,Yes,6,0,123,2023,0,0.3333333333333333,NA,NA,-0.19459307912336224,-0.4253302714047341,"DP, no verb, no DOM"
H78,1,1,L2L 4th/5th,4,10,123,NA,NA,NA,2,4,NA,8,L2 learner,L2,L2,L2,Production,Prod-08,1,NA,NA,NA,NA,NA,NA,Omission,DOM,Feminine,Singular,NA,NA,NA,L2L,4th/5th,Early,Yes,6,0,123,2023,1,0.3333333333333333,NA,NA,-0.19459307912336224,-0.4253302714047341,NA
H78,1,1,L2L 4th/5th,4,10,123,NA,NA,NA,2,4,NA,8,L2 learner,L2,L2,L2,Production,Prod-12,0,NA,NA,NA,NA,NA,NA,Omission,DOM,Masculine,Singular,NA,NA,NA,L2L,4th/5th,Early,Yes,6,0,123,2023,0,0.3333333333333333,NA,NA,-0.19459307912336224,-0.4253302714047341,"DP, no verb, no DOM"
H78,1,1,L2L 4th/5th,4,10,123,NA,NA,NA,2,4,NA,8,L2 learner,L2,L2,L2,Production,Prod-16,1,NA,NA,NA,NA,NA,NA,NA,DOM,Masculine,Singular,NA,NA,NA,L2L,4th/5th,Early,Yes,6,0,123,2023,1,0.3333333333333333,NA,NA,-0.19459307912336224,-0.4253302714047341,NA
H78,1,1,L2L 4th/5th,4,10,123,NA,NA,NA,2,4,NA,8,L2 learner,L2,L2,L2,Production,Prod-20,0,NA,NA,NA,NA,NA,NA,Omission,DOM,Feminine,Singular,NA,NA,NA,L2L,4th/5th,Early,Yes,6,0,123,2023,0,0.3333333333333333,NA,NA,-0.19459307912336224,-0.4253302714047341,"DP, no verb, no DOM"
H78,1,1,L2L 4th/5th,4,10,123,NA,NA,NA,2,4,NA,8,L2 learner,L2,L2,L2,Production,Prod-24,NA,NA,NA,NA,NA,NA,los niñas están tienen mucho lodo,Grammatical alternative,DOM,Feminine,Plural,NA,NA,NA,L2L,4th/5th,Early,Yes,6,0,123,2023,NA,0.3333333333333333,NA,NA,-0.19459307912336224,-0.4253302714047341,Grammatical alternative
H78,1,1,L2L 4th/5th,4,10,123,NA,NA,NA,2,4,NA,8,L2 learner,L2,L2,L2,Production,Prod-27,0,NA,NA,NA,NA,NA,NA,Omission,DOM,Feminine,Plural,NA,NA,NA,L2L,4th/5th,Early,Yes,6,0,123,2023,0,0.3333333333333333,NA,NA,-0.19459307912336224,-0.4253302714047341,"Full DP, no DOM"
H79,2,1,L2L 7th/8th,7,NA,157,NA,NA,NA,NA,NA,NA,NA,L2 Learner,NA,NA,NA,Production,Prod-01,0,NA,NA,NA,NA,NA,niño,Omission,DOM,Masculine,Singular,NA,NA,NA,L2L,7th/8th,Early,Yes,NA,0,157,2026,0,NA,NA,NA,1.107477408597635,0.7759275508180193,"noun, no verb, no DOM"
H79,2,1,L2L 7th/8th,7,NA,157,NA,NA,NA,NA,NA,NA,NA,L2 Learner,NA,NA,NA,Production,Prod-04,0,NA,NA,NA,NA,NA,niño,Omission,DOM,Masculine,Singular,NA,NA,NA,L2L,7th/8th,Early,Yes,NA,0,157,2026,0,NA,NA,NA,1.107477408597635,0.7759275508180193,"noun, no verb, no DOM"
H79,2,1,L2L 7th/8th,7,NA,157,NA,NA,NA,NA,NA,NA,NA,L2 Learner,NA,NA,NA,Production,Prod-08,0,NA,NA,NA,NA,NA,a quien un niño,Omission,DOM,Feminine,Singular,NA,NA,NA,L2L,7th/8th,Early,Yes,NA,0,157,2026,0,NA,NA,NA,1.107477408597635,0.7759275508180193,"noun, no verb, no DOM"
H79,2,1,L2L 7th/8th,7,NA,157,NA,NA,NA,NA,NA,NA,NA,L2 Learner,NA,NA,NA,Production,Prod-12,0,NA,NA,NA,NA,NA,un niño,Omission,DOM,Masculine,Singular,NA,NA,NA,L2L,7th/8th,Early,Yes,NA,0,157,2026,0,NA,NA,NA,1.107477408597635,0.7759275508180193,"DP, no verb, no DOM"
H79,2,1,L2L 7th/8th,7,NA,157,NA,NA,NA,NA,NA,NA,NA,L2 Learner,NA,NA,NA,Production,Prod-16,0,NA,NA,NA,NA,NA,mamá baña un niño,Omission,DOM,Masculine,Singular,NA,NA,NA,L2L,7th/8th,Early,Yes,NA,0,157,2026,0,NA,NA,NA,1.107477408597635,0.7759275508180193,"Full DP, no DOM"
H79,2,1,L2L 7th/8th,7,NA,157,NA,NA,NA,NA,NA,NA,NA,L2 Learner,NA,NA,NA,Production,Prod-20,0,NA,NA,NA,NA,NA,it's like scaring un niña,Omission,DOM,Feminine,Singular,NA,NA,NA,L2L,7th/8th,Early,Yes,NA,0,157,2026,0,NA,NA,NA,1.107477408597635,0.7759275508180193,Codeswitching with English verb
H79,2,1,L2L 7th/8th,7,NA,157,NA,NA,NA,NA,NA,NA,NA,L2 Learner,NA,NA,NA,Production,Prod-24,0,NA,NA,NA,NA,NA,perro dirty un niña's dress,English verb,DOM,Feminine,Plural,NA,NA,NA,L2L,7th/8th,Early,Yes,NA,0,157,2026,0,NA,NA,NA,1.107477408597635,0.7759275508180193,Codeswitching with English verb
H79,2,1,L2L 7th/8th,7,NA,157,NA,NA,NA,NA,NA,NA,NA,L2 Learner,NA,NA,NA,Production,Prod-27,0,NA,NA,NA,NA,NA,niñas…they're facetiming,Omission,DOM,Feminine,Plural,NA,NA,NA,L2L,7th/8th,Early,Yes,NA,0,157,2026,0,NA,NA,NA,1.107477408597635,0.7759275508180193,Codeswitching with English verb
H80,2,1,HS 7th/8th,7,NA,156,NA,NA,NA,NA,NA,NA,NA,Heritage Spanish,NA,NA,NA,Production,Prod-01,0,NA,NA,NA,NA,NA,el niño,Omission,DOM,Masculine,Singular,NA,NA,NA,HS,7th/8th,Early,Yes,NA,0,156,2026,0,NA,NA,NA,1.0691812177823117,0.740596438399703,NA
H80,2,1,HS 7th/8th,7,NA,156,NA,NA,NA,NA,NA,NA,NA,Heritage Spanish,NA,NA,NA,Production,Prod-04,0,NA,NA,NA,NA,NA,el niño,Omission,DOM,Masculine,Singular,NA,NA,NA,HS,7th/8th,Early,Yes,NA,0,156,2026,0,NA,NA,NA,1.0691812177823117,0.740596438399703,NA
H80,2,1,HS 7th/8th,7,NA,156,NA,NA,NA,NA,NA,NA,NA,Heritage Spanish,NA,NA,NA,Production,Prod-08,0,NA,NA,NA,NA,NA,el perro y el niña,Omission,DOM,Feminine,Singular,NA,NA,NA,HS,7th/8th,Early,Yes,NA,0,156,2026,0,NA,NA,NA,1.0691812177823117,0.740596438399703,NA
H80,2,1,HS 7th/8th,7,NA,156,NA,NA,NA,NA,NA,NA,NA,Heritage Spanish,NA,NA,NA,Production,Prod-12,0,NA,NA,NA,NA,NA,el niño,Omission,DOM,Masculine,Singular,NA,NA,NA,HS,7th/8th,Early,Yes,NA,0,156,2026,0,NA,NA,NA,1.0691812177823117,0.740596438399703,NA
H80,2,1,HS 7th/8th,7,NA,156,NA,NA,NA,NA,NA,NA,NA,Heritage Spanish,NA,NA,NA,Production,Prod-16,0,NA,NA,NA,NA,NA,el niño,Omission,DOM,Masculine,Singular,NA,NA,NA,HS,7th/8th,Early,Yes,NA,0,156,2026,0,NA,NA,NA,1.0691812177823117,0.740596438399703,NA
H80,2,1,HS 7th/8th,7,NA,156,NA,NA,NA,NA,NA,NA,NA,Heritage Spanish,NA,NA,NA,Production,Prod-20,0,NA,NA,NA,NA,NA,la niña,Omission,DOM,Feminine,Singular,NA,NA,NA,HS,7th/8th,Early,Yes,NA,0,156,2026,0,NA,NA,NA,1.0691812177823117,0.740596438399703,NA
H80,2,1,HS 7th/8th,7,NA,156,NA,NA,NA,NA,NA,NA,NA,Heritage Spanish,NA,NA,NA,Production,Prod-24,NA,NA,NA,NA,NA,NA,dos niñas,Omission,DOM,Feminine,Plural,NA,NA,NA,HS,7th/8th,Early,Yes,NA,0,156,2026,NA,NA,NA,NA,1.0691812177823117,0.740596438399703,NA
H80,2,1,HS 7th/8th,7,NA,156,NA,NA,NA,NA,NA,NA,NA,Heritage Spanish,NA,NA,NA,Production,Prod-27,0,NA,NA,NA,NA,NA,sus hijas,Omission,DOM,Feminine,Plural,NA,NA,NA,HS,7th/8th,Early,Yes,NA,0,156,2026,0,NA,NA,NA,1.0691812177823117,0.740596438399703,NA
H81,2,1,NA,6,NA,140,NA,NA,NA,NA,NA,NA,NA,Heritage Spanish,NA,NA,NA,Production,Prod-01,1,NA,NA,NA,NA,NA,ve a una chica,NA,DOM,Masculine,Singular,NA,NA,NA,HS,NA,Early,Yes,NA,0,140,2026,1,NA,NA,NA,0.4564421647371364,0.1752986397066426,NA
H81,2,1,NA,6,NA,140,NA,NA,NA,NA,NA,NA,NA,Heritage Spanish,NA,NA,NA,Production,Prod-04,1,NA,NA,NA,NA,NA,ve a su hijo,NA,DOM,Masculine,Singular,NA,NA,NA,HS,NA,Early,Yes,NA,0,140,2026,1,NA,NA,NA,0.4564421647371364,0.1752986397066426,NA
H81,2,1,NA,6,NA,140,NA,NA,NA,NA,NA,NA,NA,Heritage Spanish,NA,NA,NA,Production,Prod-08,0,NA,NA,NA,NA,NA,ve un perro y una niña,Omission,DOM,Feminine,Singular,NA,NA,NA,HS,NA,Early,Yes,NA,0,140,2026,0,NA,NA,NA,0.4564421647371364,0.1752986397066426,"Full DP, no DOM"
H81,2,1,NA,6,NA,140,NA,NA,NA,NA,NA,NA,NA,Heritage Spanish,NA,NA,NA,Production,Prod-12,1,NA,NA,NA,NA,NA,ve a un niño,NA,DOM,Masculine,Singular,NA,NA,NA,HS,NA,Early,Yes,NA,0,140,2026,1,NA,NA,NA,0.4564421647371364,0.1752986397066426,NA
H81,2,1,NA,6,NA,140,NA,NA,NA,NA,NA,NA,NA,Heritage Spanish,NA,NA,NA,Production,Prod-16,1,NA,NA,NA,NA,NA,ve a un bebé,NA,DOM,Masculine,Singular,NA,NA,NA,HS,NA,Early,Yes,NA,0,140,2026,1,NA,NA,NA,0.4564421647371364,0.1752986397066426,NA
H81,2,1,NA,6,NA,140,NA,NA,NA,NA,NA,NA,NA,Heritage Spanish,NA,NA,NA,Production,Prod-20,1,NA,NA,NA,NA,NA,ve a una niña asustado,NA,DOM,Feminine,Singular,NA,NA,NA,HS,NA,Early,Yes,NA,0,140,2026,1,NA,NA,NA,0.4564421647371364,0.1752986397066426,NA
H81,2,1,NA,6,NA,140,NA,NA,NA,NA,NA,NA,NA,Heritage Spanish,NA,NA,NA,Production,Prod-24,1,NA,NA,NA,NA,NA,ven a dos niños,NA,DOM,Feminine,Plural,NA,NA,NA,HS,NA,Early,Yes,NA,0,140,2026,1,NA,NA,NA,0.4564421647371364,0.1752986397066426,NA
H81,2,1,NA,6,NA,140,NA,NA,NA,NA,NA,NA,NA,Heritage Spanish,NA,NA,NA,Production,Prod-27,1,NA,NA,NA,NA,NA,ve a unoas niñas,NA,DOM,Feminine,Plural,NA,NA,NA,HS,NA,Early,Yes,NA,0,140,2026,1,NA,NA,NA,0.4564421647371364,0.1752986397066426,NA
H82,2,1,NA,6,NA,140,NA,NA,NA,NA,NA,NA,NA,Heritage Spanish,NA,NA,NA,Production,Prod-01,0,NA,NA,NA,NA,NA,el niño,Omission,DOM,Masculine,Singular,NA,NA,NA,HS,NA,Early,Yes,NA,0,140,2026,0,NA,NA,NA,0.4564421647371364,0.1752986397066426,"Full DP, no DOM"
H82,2,1,NA,6,NA,140,NA,NA,NA,NA,NA,NA,NA,Heritage Spanish,NA,NA,NA,Production,Prod-04,0,NA,NA,NA,NA,NA,ve su hijo,Omission,DOM,Masculine,Singular,NA,NA,NA,HS,NA,Early,Yes,NA,0,140,2026,0,NA,NA,NA,0.4564421647371364,0.1752986397066426,"Full DP, no DOM"
H82,2,1,NA,6,NA,140,NA,NA,NA,NA,NA,NA,NA,Heritage Spanish,NA,NA,NA,Production,Prod-08,1,NA,NA,NA,NA,NA,ve a su hija,NA,DOM,Feminine,Singular,NA,NA,NA,HS,NA,Early,Yes,NA,0,140,2026,1,NA,NA,NA,0.4564421647371364,0.1752986397066426,NA
H82,2,1,NA,6,NA,140,NA,NA,NA,NA,NA,NA,NA,Heritage Spanish,NA,NA,NA,Production,Prod-12,0,NA,NA,NA,NA,NA,el niño,NA,DOM,Masculine,Singular,NA,NA,NA,HS,NA,Early,Yes,NA,0,140,2026,0,NA,NA,NA,0.4564421647371364,0.1752986397066426,"DP, no verb, no DOM"
H82,2,1,NA,6,NA,140,NA,NA,NA,NA,NA,NA,NA,Heritage Spanish,NA,NA,NA,Production,Prod-16,0,NA,NA,NA,NA,NA,la mamá ve su bebé,NA,DOM,Masculine,Singular,NA,NA,NA,HS,NA,Early,Yes,NA,0,140,2026,0,NA,NA,NA,0.4564421647371364,0.1752986397066426,"Full DP, no DOM"
H82,2,1,NA,6,NA,140,NA,NA,NA,NA,NA,NA,NA,Heritage Spanish,NA,NA,NA,Production,Prod-20,1,NA,NA,NA,NA,NA,a la niña,NA,DOM,Feminine,Singular,NA,NA,NA,HS,NA,Early,Yes,NA,0,140,2026,1,NA,NA,NA,0.4564421647371364,0.1752986397066426,NA
H82,2,1,NA,6,NA,140,NA,NA,NA,NA,NA,NA,NA,Heritage Spanish,NA,NA,NA,Production,Prod-24,1,NA,NA,NA,NA,NA,ve a sus niños,NA,DOM,Feminine,Plural,NA,NA,NA,HS,NA,Early,Yes,NA,0,140,2026,1,NA,NA,NA,0.4564421647371364,0.1752986397066426,NA
H82,2,1,NA,6,NA,140,NA,NA,NA,NA,NA,NA,NA,Heritage Spanish,NA,NA,NA,Production,Prod-27,1,NA,NA,NA,NA,NA,ve a sus niños,NA,DOM,Feminine,Plural,NA,NA,NA,HS,NA,Early,Yes,NA,0,140,2026,1,NA,NA,NA,0.4564421647371364,0.1752986397066426,NA
H84,2,1,L2L 7th/8th,7,NA,159,NA,NA,NA,NA,NA,NA,NA,"Russian, Turkish",NA,NA,NA,Production,Prod-01,0,NA,NA,NA,NA,NA,el niño,Omission,DOM,Masculine,Singular,NA,NA,NA,L2L,7th/8th,Early,Yes,NA,0,159,2026,0,NA,NA,NA,1.184069790228282,0.8465897756546519,"DP, no verb, no DOM"
H84,2,1,L2L 7th/8th,7,NA,159,NA,NA,NA,NA,NA,NA,NA,"Russian, Turkish",NA,NA,NA,Production,Prod-04,NA,NA,NA,NA,NA,NA,dice que adiós el niño,Unrelated,DOM,Masculine,Singular,NA,NA,NA,L2L,7th/8th,Early,Yes,NA,0,159,2026,NA,NA,NA,NA,1.184069790228282,0.8465897756546519,Grammatical alternative
H84,2,1,L2L 7th/8th,7,NA,159,NA,NA,NA,NA,NA,NA,NA,"Russian, Turkish",NA,NA,NA,Production,Prod-08,NA,NA,NA,NA,NA,NA,sung el niña,Codeswitched,DOM,Feminine,Singular,NA,NA,NA,L2L,7th/8th,Early,Yes,NA,0,159,2026,NA,NA,NA,NA,1.184069790228282,0.8465897756546519,"DP, no verb, no DOM"
H84,2,1,L2L 7th/8th,7,NA,159,NA,NA,NA,NA,NA,NA,NA,"Russian, Turkish",NA,NA,NA,Production,Prod-12,NA,NA,NA,NA,NA,NA,que play,Codeswitched,DOM,Masculine,Singular,NA,NA,NA,L2L,7th/8th,Early,Yes,NA,0,159,2026,NA,NA,NA,NA,1.184069790228282,0.8465897756546519,Grammatical alternative
H84,2,1,L2L 7th/8th,7,NA,159,NA,NA,NA,NA,NA,NA,NA,"Russian, Turkish",NA,NA,NA,Production,Prod-16,NA,NA,NA,NA,NA,NA,un bath por el niño,Codeswitched,DOM,Masculine,Singular,NA,NA,NA,L2L,7th/8th,Early,Yes,NA,0,159,2026,NA,NA,NA,NA,1.184069790228282,0.8465897756546519,Grammatical alternative
H84,2,1,L2L 7th/8th,7,NA,159,NA,NA,NA,NA,NA,NA,NA,"Russian, Turkish",NA,NA,NA,Production,Prod-20,NA,NA,NA,NA,NA,NA,ella es scared,Codeswitched,DOM,Feminine,Singular,NA,NA,NA,L2L,7th/8th,Early,Yes,NA,0,159,2026,NA,NA,NA,NA,1.184069790228282,0.8465897756546519,Grammatical alternative
H84,2,1,L2L 7th/8th,7,NA,159,NA,NA,NA,NA,NA,NA,NA,"Russian, Turkish",NA,NA,NA,Production,Prod-24,NA,NA,NA,NA,NA,NA,quiere que play,Codeswitched,DOM,Feminine,Plural,NA,NA,NA,L2L,7th/8th,Early,Yes,NA,0,159,2026,NA,NA,NA,NA,1.184069790228282,0.8465897756546519,Grammatical alternative
H84,2,1,L2L 7th/8th,7,NA,159,NA,NA,NA,NA,NA,NA,NA,"Russian, Turkish",NA,NA,NA,Production,Prod-27,NA,NA,NA,NA,NA,NA,el mamá es call ella niña,Codeswitched,DOM,Feminine,Plural,NA,NA,NA,L2L,7th/8th,Early,Yes,NA,0,159,2026,NA,NA,NA,NA,1.184069790228282,0.8465897756546519,Codeswitching with English verb
H85,2,1,L2L 4th/5th,4,NA,120,NA,NA,NA,NA,NA,NA,NA,NA,NA,NA,NA,Production,Prod-01,0,NA,NA,NA,NA,NA,ve un niño,Omission,DOM,Masculine,Singular,NA,NA,NA,L2L,4th/5th,Early,Yes,NA,0,120,2026,0,NA,NA,NA,-0.3094816515693326,-0.531323608659683,"Full DP, no DOM"
H85,2,1,L2L 4th/5th,4,NA,120,NA,NA,NA,NA,NA,NA,NA,NA,NA,NA,NA,Production,Prod-04,0,NA,NA,NA,NA,NA,besando el niño,Omission,DOM,Masculine,Singular,NA,NA,NA,L2L,4th/5th,Early,Yes,NA,0,120,2026,0,NA,NA,NA,-0.3094816515693326,-0.531323608659683,"Full DP, no DOM"
H85,2,1,L2L 4th/5th,4,NA,120,NA,NA,NA,NA,NA,NA,NA,NA,NA,NA,NA,Production,Prod-08,1,NA,NA,NA,NA,NA,empujando al niño,NA,DOM,Feminine,Singular,NA,NA,NA,L2L,4th/5th,Early,Yes,NA,0,120,2026,1,NA,NA,NA,-0.3094816515693326,-0.531323608659683,NA
H85,2,1,L2L 4th/5th,4,NA,120,NA,NA,NA,NA,NA,NA,NA,NA,NA,NA,NA,Production,Prod-12,NA,NA,NA,NA,NA,NA,está jugando con el niño,Grammatical alternative,DOM,Masculine,Singular,NA,NA,NA,L2L,4th/5th,Early,Yes,NA,0,120,2026,NA,NA,NA,NA,-0.3094816515693326,-0.531323608659683,Grammatical alternative
H85,2,1,L2L 4th/5th,4,NA,120,NA,NA,NA,NA,NA,NA,NA,NA,NA,NA,NA,Production,Prod-16,0,NA,NA,NA,NA,NA,está limpiando el niño,Omission,DOM,Masculine,Singular,NA,NA,NA,L2L,4th/5th,Early,Yes,NA,0,120,2026,0,NA,NA,NA,-0.3094816515693326,-0.531323608659683,"Full DP, no DOM"
H85,2,1,L2L 4th/5th,4,NA,120,NA,NA,NA,NA,NA,NA,NA,NA,NA,NA,NA,Production,Prod-20,NA,NA,NA,NA,NA,NA,está aburrida,Grammatical alternative,DOM,Feminine,Singular,NA,NA,NA,L2L,4th/5th,Early,Yes,NA,0,120,2026,NA,NA,NA,NA,-0.3094816515693326,-0.531323608659683,Grammatical alternative
H85,2,1,L2L 4th/5th,4,NA,120,NA,NA,NA,NA,NA,NA,NA,NA,NA,NA,NA,Production,Prod-24,NA,NA,NA,NA,NA,NA,quiere jugar,Grammatical alternative,DOM,Feminine,Plural,NA,NA,NA,L2L,4th/5th,Early,Yes,NA,0,120,2026,NA,NA,NA,NA,-0.3094816515693326,-0.531323608659683,Grammatical alternative
H85,2,1,L2L 4th/5th,4,NA,120,NA,NA,NA,NA,NA,NA,NA,NA,NA,NA,NA,Production,Prod-27,NA,NA,NA,NA,NA,NA,está hablando,Grammatical alternative,DOM,Feminine,Plural,NA,NA,NA,L2L,4th/5th,Early,Yes,NA,0,120,2026,NA,NA,NA,NA,-0.3094816515693326,-0.531323608659683,Grammatical alternative
H86,2,1,L2L 2nd,2,NA,92,NA,NA,NA,NA,NA,NA,NA,NA,NA,NA,NA,Production,Prod-01,1,NA,NA,NA,NA,NA,ve a un niño,NA,DOM,Masculine,Singular,NA,NA,NA,L2L,2nd,Early,Yes,NA,0,92,2026,1,NA,NA,NA,-1.3817749943983892,-1.5205947563725386,NA
H86,2,1,L2L 2nd,2,NA,92,NA,NA,NA,NA,NA,NA,NA,NA,NA,NA,NA,Production,Prod-04,1,NA,NA,NA,NA,NA,ve a su niño,NA,DOM,Masculine,Singular,NA,NA,NA,L2L,2nd,Early,Yes,NA,0,92,2026,1,NA,NA,NA,-1.3817749943983892,-1.5205947563725386,NA
H86,2,1,L2L 2nd,2,NA,92,NA,NA,NA,NA,NA,NA,NA,NA,NA,NA,NA,Production,Prod-08,1,NA,NA,NA,NA,NA,ve a un niña,NA,DOM,Feminine,Singular,NA,NA,NA,L2L,2nd,Early,Yes,NA,0,92,2026,1,NA,NA,NA,-1.3817749943983892,-1.5205947563725386,NA
H86,2,1,L2L 2nd,2,NA,92,NA,NA,NA,NA,NA,NA,NA,NA,NA,NA,NA,Production,Prod-12,1,NA,NA,NA,NA,NA,ve a un niño,NA,DOM,Masculine,Singular,NA,NA,NA,L2L,2nd,Early,Yes,NA,0,92,2026,1,NA,NA,NA,-1.3817749943983892,-1.5205947563725386,NA
H86,2,1,L2L 2nd,2,NA,92,NA,NA,NA,NA,NA,NA,NA,NA,NA,NA,NA,Production,Prod-16,1,NA,NA,NA,NA,NA,ve al niño,NA,DOM,Masculine,Singular,NA,NA,NA,L2L,2nd,Early,Yes,NA,0,92,2026,1,NA,NA,NA,-1.3817749943983892,-1.5205947563725386,NA
H86,2,1,L2L 2nd,2,NA,92,NA,NA,NA,NA,NA,NA,NA,NA,NA,NA,NA,Production,Prod-20,1,NA,NA,NA,NA,NA,a un niña,NA,DOM,Feminine,Singular,NA,NA,NA,L2L,2nd,Early,Yes,NA,0,92,2026,1,NA,NA,NA,-1.3817749943983892,-1.5205947563725386,NA
H86,2,1,L2L 2nd,2,NA,92,NA,NA,NA,NA,NA,NA,NA,NA,NA,NA,NA,Production,Prod-24,1,NA,NA,NA,NA,NA,ve a las niñas,NA,DOM,Feminine,Plural,NA,NA,NA,L2L,2nd,Early,Yes,NA,0,92,2026,1,NA,NA,NA,-1.3817749943983892,-1.5205947563725386,NA
H86,2,1,L2L 2nd,2,NA,92,NA,NA,NA,NA,NA,NA,NA,NA,NA,NA,NA,Production,Prod-27,1,NA,NA,NA,NA,NA,los ve a los niñas,NA,DOM,Feminine,Plural,NA,NA,NA,L2L,2nd,Early,Yes,NA,0,92,2026,1,NA,NA,NA,-1.3817749943983892,-1.5205947563725386,NA
H87,2,1,NA,3,NA,110,NA,NA,NA,NA,NA,NA,NA,NA,NA,NA,NA,Production,Prod-01,0,NA,NA,NA,NA,NA,el papá ve uhm la niño,NA,DOM,Masculine,Singular,NA,NA,NA,L2L,NA,Early,Yes,NA,0,110,2026,0,NA,NA,NA,-0.6924435597225671,-0.8846347328428457,"Full DP, no DOM"
H87,2,1,NA,3,NA,110,NA,NA,NA,NA,NA,NA,NA,NA,NA,NA,NA,Production,Prod-04,0,NA,NA,NA,NA,NA,su hijo,Omission,DOM,Masculine,Singular,NA,NA,NA,L2L,NA,Early,Yes,NA,0,110,2026,0,NA,NA,NA,-0.6924435597225671,-0.8846347328428457,"Full DP, no DOM"
H87,2,1,NA,3,NA,110,NA,NA,NA,NA,NA,NA,NA,NA,NA,NA,NA,Production,Prod-08,0,NA,NA,NA,NA,NA,la niña,Omission,DOM,Feminine,Singular,NA,NA,NA,L2L,NA,Early,Yes,NA,0,110,2026,0,NA,NA,NA,-0.6924435597225671,-0.8846347328428457,"Full DP, no DOM"
H87,2,1,NA,3,NA,110,NA,NA,NA,NA,NA,NA,NA,NA,NA,NA,NA,Production,Prod-12,0,NA,NA,NA,NA,NA,ve el niño,Omission,DOM,Masculine,Singular,NA,NA,NA,L2L,NA,Early,Yes,NA,0,110,2026,0,NA,NA,NA,-0.6924435597225671,-0.8846347328428457,"Full DP, no DOM"
H87,2,1,NA,3,NA,110,NA,NA,NA,NA,NA,NA,NA,NA,NA,NA,NA,Production,Prod-16,0,NA,NA,NA,NA,NA,ve su hijo,Omission,DOM,Masculine,Singular,NA,NA,NA,L2L,NA,Early,Yes,NA,0,110,2026,0,NA,NA,NA,-0.6924435597225671,-0.8846347328428457,"Full DP, no DOM"
H87,2,1,NA,3,NA,110,NA,NA,NA,NA,NA,NA,NA,NA,NA,NA,NA,Production,Prod-20,0,NA,NA,NA,NA,Reversed subject/object,la niña ve el monstruo,Omission,DOM,Feminine,Singular,NA,NA,NA,L2L,NA,Early,Yes,NA,0,110,2026,0,NA,NA,NA,-0.6924435597225671,-0.8846347328428457,"Full DP, no DOM"
H87,2,1,NA,3,NA,110,NA,NA,NA,NA,NA,NA,NA,NA,NA,NA,NA,Production,Prod-24,0,NA,NA,NA,NA,NA,las niñas,DP,DOM,Feminine,Plural,NA,NA,NA,L2L,NA,Early,Yes,NA,0,110,2026,0,NA,NA,NA,-0.6924435597225671,-0.8846347328428457,"DP, no verb, no DOM"
H87,2,1,NA,3,NA,110,NA,NA,NA,NA,NA,NA,NA,NA,NA,NA,NA,Production,Prod-27,0,NA,NA,NA,NA,NA,las niñas,Omission,DOM,Feminine,Plural,NA,NA,NA,L2L,NA,Early,Yes,NA,0,110,2026,0,NA,NA,NA,-0.6924435597225671,-0.8846347328428457,"DP, no verb, no DOM"
H88,2,1,NA,3,NA,109,NA,NA,NA,NA,NA,NA,NA,NA,NA,NA,NA,Production,Prod-01,0,NA,NA,NA,NA,NA,ve un niño,Omission,DOM,Masculine,Singular,NA,NA,NA,HS,NA,Early,Yes,NA,0,109,2026,0,NA,NA,NA,-0.7307397505378905,-0.919965845261162,"Full DP, no DOM"
H88,2,1,NA,3,NA,109,NA,NA,NA,NA,NA,NA,NA,NA,NA,NA,NA,Production,Prod-04,0,NA,NA,NA,NA,NA,está viendo a la niño,Omission,DOM,Masculine,Singular,NA,NA,NA,HS,NA,Early,Yes,NA,0,109,2026,0,NA,NA,NA,-0.7307397505378905,-0.919965845261162,NA
H88,2,1,NA,3,NA,109,NA,NA,NA,NA,NA,NA,NA,NA,NA,NA,NA,Production,Prod-08,1,NA,NA,NA,NA,NA,está viendo a la niño y el perro,NA,DOM,Feminine,Singular,NA,NA,NA,HS,NA,Early,Yes,NA,0,109,2026,1,NA,NA,NA,-0.7307397505378905,-0.919965845261162,NA
H88,2,1,NA,3,NA,109,NA,NA,NA,NA,NA,NA,NA,NA,NA,NA,NA,Production,Prod-12,0,NA,NA,NA,NA,Subject/object reversed,el niño está viendo al perro y dando amor,Word order,DOM,Masculine,Singular,NA,NA,NA,HS,NA,Early,Yes,NA,0,109,2026,0,NA,NA,NA,-0.7307397505378905,-0.919965845261162,"Full DP, no DOM"
H88,2,1,NA,3,NA,109,NA,NA,NA,NA,NA,NA,NA,NA,NA,NA,NA,Production,Prod-16,1,NA,NA,NA,NA,NA,está viendo a la niño,NA,DOM,Masculine,Singular,NA,NA,NA,HS,NA,Early,Yes,NA,0,109,2026,1,NA,NA,NA,-0.7307397505378905,-0.919965845261162,NA
H88,2,1,NA,3,NA,109,NA,NA,NA,NA,NA,NA,NA,NA,NA,NA,NA,Production,Prod-20,1,NA,NA,NA,NA,NA,ve a la niña,Gender,DOM,Feminine,Singular,NA,NA,NA,HS,NA,Early,Yes,NA,0,109,2026,1,NA,NA,NA,-0.7307397505378905,-0.919965845261162,NA
H88,2,1,NA,3,NA,109,NA,NA,NA,NA,NA,NA,NA,NA,NA,NA,NA,Production,Prod-24,1,NA,NA,NA,NA,NA,el perro está viendo a las niñas,NA,DOM,Feminine,Plural,NA,NA,NA,HS,NA,Early,Yes,NA,0,109,2026,1,NA,NA,NA,-0.7307397505378905,-0.919965845261162,NA
H88,2,1,NA,3,NA,109,NA,NA,NA,NA,NA,NA,NA,NA,NA,NA,NA,Production,Prod-27,1,NA,NA,NA,NA,NA,viendo a los niñas,NA,DOM,Feminine,Plural,NA,NA,NA,HS,NA,Early,Yes,NA,0,109,2026,1,NA,NA,NA,-0.7307397505378905,-0.919965845261162,NA
H89,2,1,L2L 4th/5th,4,NA,120,NA,NA,NA,NA,NA,NA,NA,NA,NA,NA,NA,Production,Prod-01,1,NA,NA,NA,NA,NA,ve al niño,NA,DOM,Masculine,Singular,NA,NA,NA,L2L,4th/5th,Early,Yes,NA,0,120,2026,1,NA,NA,NA,-0.3094816515693326,-0.531323608659683,NA
H89,2,1,L2L 4th/5th,4,NA,120,NA,NA,NA,NA,NA,NA,NA,NA,NA,NA,NA,Production,Prod-04,1,NA,NA,NA,NA,NA,ve a su hijo,NA,DOM,Masculine,Singular,NA,NA,NA,L2L,4th/5th,Early,Yes,NA,0,120,2026,1,NA,NA,NA,-0.3094816515693326,-0.531323608659683,NA
H89,2,1,L2L 4th/5th,4,NA,120,NA,NA,NA,NA,NA,NA,NA,NA,NA,NA,NA,Production,Prod-08,1,NA,NA,NA,NA,NA,al niña,NA,DOM,Feminine,Singular,NA,NA,NA,L2L,4th/5th,Early,Yes,NA,0,120,2026,1,NA,NA,NA,-0.3094816515693326,-0.531323608659683,NA
H89,2,1,L2L 4th/5th,4,NA,120,NA,NA,NA,NA,NA,NA,NA,NA,NA,NA,NA,Production,Prod-12,1,NA,NA,NA,NA,NA,ve al niño,NA,DOM,Masculine,Singular,NA,NA,NA,L2L,4th/5th,Early,Yes,NA,0,120,2026,1,NA,NA,NA,-0.3094816515693326,-0.531323608659683,NA
H89,2,1,L2L 4th/5th,4,NA,120,NA,NA,NA,NA,NA,NA,NA,NA,NA,NA,NA,Production,Prod-16,1,NA,NA,NA,NA,NA,al bebé,NA,DOM,Masculine,Singular,NA,NA,NA,L2L,4th/5th,Early,Yes,NA,0,120,2026,1,NA,NA,NA,-0.3094816515693326,-0.531323608659683,NA
H89,2,1,L2L 4th/5th,4,NA,120,NA,NA,NA,NA,NA,NA,NA,NA,NA,NA,NA,Production,Prod-20,1,NA,NA,NA,NA,NA,ve a niña,NA,DOM,Feminine,Singular,NA,NA,NA,L2L,4th/5th,Early,Yes,NA,0,120,2026,1,NA,NA,NA,-0.3094816515693326,-0.531323608659683,NA
H89,2,1,L2L 4th/5th,4,NA,120,NA,NA,NA,NA,NA,NA,NA,NA,NA,NA,NA,Production,Prod-24,1,NA,NA,NA,NA,NA,ve a las niñas,NA,DOM,Feminine,Plural,NA,NA,NA,L2L,4th/5th,Early,Yes,NA,0,120,2026,1,NA,NA,NA,-0.3094816515693326,-0.531323608659683,NA
H89,2,1,L2L 4th/5th,4,NA,120,NA,NA,NA,NA,NA,NA,NA,NA,NA,NA,NA,Production,Prod-27,1,NA,NA,NA,NA,NA,las ve a las niñas,NA,DOM,Feminine,Plural,NA,NA,NA,L2L,4th/5th,Early,Yes,NA,0,120,2026,1,NA,NA,NA,-0.3094816515693326,-0.531323608659683,NA
H90,2,1,L2L 4th/5th,4,NA,122,NA,NA,NA,NA,NA,NA,NA,NA,NA,NA,NA,Production,Prod-01,0,NA,NA,NA,NA,NA,vio el niño,DP,DOM,Masculine,Singular,NA,NA,NA,L2L,4th/5th,Early,Yes,NA,0,122,2026,0,NA,NA,NA,-0.2328892699386857,-0.4606613838230504,"Full DP, no DOM"
H90,2,1,L2L 4th/5th,4,NA,122,NA,NA,NA,NA,NA,NA,NA,NA,NA,NA,NA,Production,Prod-04,0,NA,NA,NA,NA,NA,vio su hijo,DOM,DOM,Masculine,Singular,NA,NA,NA,L2L,4th/5th,Early,Yes,NA,0,122,2026,0,NA,NA,NA,-0.2328892699386857,-0.4606613838230504,"Full DP, no DOM"
H90,2,1,L2L 4th/5th,4,NA,122,NA,NA,NA,NA,NA,NA,NA,NA,NA,NA,NA,Production,Prod-08,0,NA,NA,NA,NA,NA,la niña,Omission,DOM,Feminine,Singular,NA,NA,NA,L2L,4th/5th,Early,Yes,NA,0,122,2026,0,NA,NA,NA,-0.2328892699386857,-0.4606613838230504,"DP, no verb, no DOM"
H90,2,1,L2L 4th/5th,4,NA,122,NA,NA,NA,NA,NA,NA,NA,NA,NA,NA,NA,Production,Prod-12,0,NA,NA,NA,NA,NA,vio el niño,Omission,DOM,Masculine,Singular,NA,NA,NA,L2L,4th/5th,Early,Yes,NA,0,122,2026,0,NA,NA,NA,-0.2328892699386857,-0.4606613838230504,"Full DP, no DOM"
H90,2,1,L2L 4th/5th,4,NA,122,NA,NA,NA,NA,NA,NA,NA,NA,NA,NA,NA,Production,Prod-16,0,NA,NA,NA,NA,NA,vio su bebé,Omission,DOM,Masculine,Singular,NA,NA,NA,L2L,4th/5th,Early,Yes,NA,0,122,2026,0,NA,NA,NA,-0.2328892699386857,-0.4606613838230504,"Full DP, no DOM"
H90,2,1,L2L 4th/5th,4,NA,122,NA,NA,NA,NA,NA,NA,NA,NA,NA,NA,NA,Production,Prod-20,0,NA,NA,NA,NA,NA,vi la niña,Omission,DOM,Feminine,Singular,NA,NA,NA,L2L,4th/5th,Early,Yes,NA,0,122,2026,0,NA,NA,NA,-0.2328892699386857,-0.4606613838230504,"Full DP, no DOM"
H90,2,1,L2L 4th/5th,4,NA,122,NA,NA,NA,NA,NA,NA,NA,NA,NA,NA,NA,Production,Prod-24,0,NA,NA,NA,NA,NA,las niñas,Omission,DOM,Feminine,Plural,NA,NA,NA,L2L,4th/5th,Early,Yes,NA,0,122,2026,0,NA,NA,NA,-0.2328892699386857,-0.4606613838230504,"DP, no verb, no DOM"
H90,2,1,L2L 4th/5th,4,NA,122,NA,NA,NA,NA,NA,NA,NA,NA,NA,NA,NA,Production,Prod-27,0,NA,NA,NA,NA,NA,ve las niñas,Omission,DOM,Feminine,Plural,NA,NA,NA,L2L,4th/5th,Early,Yes,NA,0,122,2026,0,NA,NA,NA,-0.2328892699386857,-0.4606613838230504,"Full DP, no DOM"
H91,1,1,L2L 2nd,2,NA,102,NA,NA,NA,NA,NA,NA,NA,NA,NA,NA,NA,Production,Prod-01,1,NA,NA,NA,NA,NA,al papá,NA,DOM,Masculine,Singular,NA,NA,NA,L2L,2nd,Early,Yes,NA,0,102,2023,1,NA,NA,NA,-0.9988130862451546,-1.1672836321893758,NA
H91,1,1,L2L 2nd,2,NA,102,NA,NA,NA,NA,NA,NA,NA,NA,NA,NA,NA,Production,Prod-04,1,NA,NA,NA,NA,NA,a su niño,NA,DOM,Masculine,Singular,NA,NA,NA,L2L,2nd,Early,Yes,NA,0,102,2023,1,NA,NA,NA,-0.9988130862451546,-1.1672836321893758,NA
H91,1,1,L2L 2nd,2,NA,102,NA,NA,NA,NA,NA,NA,NA,NA,NA,NA,NA,Production,Prod-08,0,NA,NA,NA,NA,NA,el niño,Omission,DOM,Feminine,Singular,NA,NA,NA,L2L,2nd,Early,Yes,NA,0,102,2023,0,NA,NA,NA,-0.9988130862451546,-1.1672836321893758,NA
H91,1,1,L2L 2nd,2,NA,102,NA,NA,NA,NA,NA,NA,NA,NA,NA,NA,NA,Production,Prod-12,1,NA,NA,NA,NA,NA,al niño,NA,DOM,Masculine,Singular,NA,NA,NA,L2L,2nd,Early,Yes,NA,0,102,2023,1,NA,NA,NA,-0.9988130862451546,-1.1672836321893758,NA
H91,1,1,L2L 2nd,2,NA,102,NA,NA,NA,NA,NA,NA,NA,NA,NA,NA,NA,Production,Prod-16,1,NA,NA,NA,NA,NA,a su niño,NA,DOM,Masculine,Singular,NA,NA,NA,L2L,2nd,Early,Yes,NA,0,102,2023,1,NA,NA,NA,-0.9988130862451546,-1.1672836321893758,NA
H91,1,1,L2L 2nd,2,NA,102,NA,NA,NA,NA,NA,NA,NA,NA,NA,NA,NA,Production,Prod-20,0,NA,NA,NA,NA,NA,a la niña,NA,DOM,Feminine,Singular,NA,NA,NA,L2L,2nd,Early,Yes,NA,0,102,2023,0,NA,NA,NA,-0.9988130862451546,-1.1672836321893758,NA
H91,1,1,L2L 2nd,2,NA,102,NA,NA,NA,NA,NA,NA,NA,NA,NA,NA,NA,Production,Prod-24,1,NA,NA,NA,NA,NA,a las niñas,NA,DOM,Feminine,Plural,NA,NA,NA,L2L,2nd,Early,Yes,NA,0,102,2023,1,NA,NA,NA,-0.9988130862451546,-1.1672836321893758,NA
H91,1,1,L2L 2nd,2,NA,102,NA,NA,NA,NA,NA,NA,NA,NA,NA,NA,NA,Production,Prod-27,1,NA,NA,NA,NA,NA,a sus niños,NA,DOM,Feminine,Plural,NA,NA,NA,L2L,2nd,Early,Yes,NA,0,102,2023,1,NA,NA,NA,-0.9988130862451546,-1.1672836321893758,NA
H93,2,1,NA,6,NA,146,NA,NA,NA,NA,NA,NA,NA,NA,NA,NA,NA,Production,Prod-01,0,NA,NA,NA,NA,NA,el niño,Omission,DOM,Masculine,Singular,NA,NA,NA,L2L,NA,Early,Yes,NA,0,146,2026,0,NA,NA,NA,0.6862193096290771,0.3872853142165403,"DP, no verb, no DOM"
H93,2,1,NA,6,NA,146,NA,NA,NA,NA,NA,NA,NA,NA,NA,NA,NA,Production,Prod-04,0,NA,NA,NA,NA,NA,el niño,Omission,DOM,Masculine,Singular,NA,NA,NA,L2L,NA,Early,Yes,NA,0,146,2026,0,NA,NA,NA,0.6862193096290771,0.3872853142165403,"DP, no verb, no DOM"
H93,2,1,NA,6,NA,146,NA,NA,NA,NA,NA,NA,NA,NA,NA,NA,NA,Production,Prod-08,0,NA,NA,NA,NA,NA,el niña,Omission,DOM,Feminine,Singular,NA,NA,NA,L2L,NA,Early,Yes,NA,0,146,2026,0,NA,NA,NA,0.6862193096290771,0.3872853142165403,"DP, no verb, no DOM"
H93,2,1,NA,6,NA,146,NA,NA,NA,NA,NA,NA,NA,NA,NA,NA,NA,Production,Prod-12,0,NA,NA,NA,NA,NA,el niño,Omission,DOM,Masculine,Singular,NA,NA,NA,L2L,NA,Early,Yes,NA,0,146,2026,0,NA,NA,NA,0.6862193096290771,0.3872853142165403,"DP, no verb, no DOM"
H93,2,1,NA,6,NA,146,NA,NA,NA,NA,NA,NA,NA,NA,NA,NA,NA,Production,Prod-16,0,NA,NA,NA,NA,NA,el bebé,Omission,DOM,Masculine,Singular,NA,NA,NA,L2L,NA,Early,Yes,NA,0,146,2026,0,NA,NA,NA,0.6862193096290771,0.3872853142165403,"DP, no verb, no DOM"
H93,2,1,NA,6,NA,146,NA,NA,NA,NA,NA,NA,NA,NA,NA,NA,NA,Production,Prod-20,0,NA,NA,NA,NA,NA,el bebé,Omission,DOM,Feminine,Singular,NA,NA,NA,L2L,NA,Early,Yes,NA,0,146,2026,0,NA,NA,NA,0.6862193096290771,0.3872853142165403,"DP, no verb, no DOM"
H93,2,1,NA,6,NA,146,NA,NA,NA,NA,NA,NA,NA,NA,NA,NA,NA,Production,Prod-24,0,NA,NA,NA,NA,NA,los niñas,Omission,DOM,Feminine,Plural,NA,NA,NA,L2L,NA,Early,Yes,NA,0,146,2026,0,NA,NA,NA,0.6862193096290771,0.3872853142165403,"DP, no verb, no DOM"
H93,2,1,NA,6,NA,146,NA,NA,NA,NA,NA,NA,NA,NA,NA,NA,NA,Production,Prod-27,0,NA,NA,NA,NA,NA,se llamar,Omission,DOM,Feminine,Plural,NA,NA,NA,L2L,NA,Early,Yes,NA,0,146,2026,0,NA,NA,NA,0.6862193096290771,0.3872853142165403,"DP, no verb, no DOM"
H94,2,1,NA,6,NA,141,NA,NA,NA,NA,NA,NA,NA,NA,NA,NA,NA,Production,Prod-01,0,NA,NA,NA,NA,NA,el chico,Omission,DOM,Masculine,Singular,NA,NA,NA,L2L,NA,Early,Yes,NA,0,141,2026,0,NA,NA,NA,0.4947383555524599,0.21062975212495888,"DP, no verb, no DOM"
H94,2,1,NA,6,NA,141,NA,NA,NA,NA,NA,NA,NA,NA,NA,NA,NA,Production,Prod-04,0,NA,NA,NA,NA,NA,ven la chico,Omission,DOM,Masculine,Singular,NA,NA,NA,L2L,NA,Early,Yes,NA,0,141,2026,0,NA,NA,NA,0.4947383555524599,0.21062975212495888,"Full DP, no DOM"
H94,2,1,NA,6,NA,141,NA,NA,NA,NA,NA,NA,NA,NA,NA,NA,NA,Production,Prod-08,0,NA,NA,NA,NA,NA,ven la chica,Omission,DOM,Feminine,Singular,NA,NA,NA,L2L,NA,Early,Yes,NA,0,141,2026,0,NA,NA,NA,0.4947383555524599,0.21062975212495888,"Full DP, no DOM"
H94,2,1,NA,6,NA,141,NA,NA,NA,NA,NA,NA,NA,NA,NA,NA,NA,Production,Prod-12,0,NA,NA,NA,NA,NA,ve el chico,Omission,DOM,Masculine,Singular,NA,NA,NA,L2L,NA,Early,Yes,NA,0,141,2026,0,NA,NA,NA,0.4947383555524599,0.21062975212495888,"Full DP, no DOM"
H94,2,1,NA,6,NA,141,NA,NA,NA,NA,NA,NA,NA,NA,NA,NA,NA,Production,Prod-16,0,NA,NA,NA,NA,NA,ve el chico,Omission,DOM,Masculine,Singular,NA,NA,NA,L2L,NA,Early,Yes,NA,0,141,2026,0,NA,NA,NA,0.4947383555524599,0.21062975212495888,"Full DP, no DOM"
H94,2,1,NA,6,NA,141,NA,NA,NA,NA,NA,NA,NA,NA,NA,NA,NA,Production,Prod-20,1,NA,NA,NA,NA,NA,ve el niño al niña,Omission,DOM,Feminine,Singular,NA,NA,NA,L2L,NA,Early,Yes,NA,0,141,2026,1,NA,NA,NA,0.4947383555524599,0.21062975212495888,NA
H94,2,1,NA,6,NA,141,NA,NA,NA,NA,NA,NA,NA,NA,NA,NA,NA,Production,Prod-24,0,NA,NA,NA,NA,NA,ven el chicas,NA,DOM,Feminine,Plural,NA,NA,NA,L2L,NA,Early,Yes,NA,0,141,2026,0,NA,NA,NA,0.4947383555524599,0.21062975212495888,"Full DP, no DOM"
H94,2,1,NA,6,NA,141,NA,NA,NA,NA,NA,NA,NA,NA,NA,NA,NA,Production,Prod-27,0,NA,NA,NA,NA,NA,ve los chicas,Omission,DOM,Feminine,Plural,NA,NA,NA,L2L,NA,Early,Yes,NA,0,141,2026,0,NA,NA,NA,0.4947383555524599,0.21062975212495888,"Full DP, no DOM"
H95,2,1,L2L 7th/8th,8,NA,173,NA,NA,NA,NA,NA,NA,NA,NA,NA,NA,NA,Production,Prod-01,NA,NA,NA,NA,NA,NA,ve el derecho,Grammatical alternative,DOM,Masculine,Singular,NA,NA,NA,L2L,7th/8th,Early,Yes,NA,0,173,2026,NA,NA,NA,NA,1.7202164616428102,1.3412253495110797,Grammatical alternative
H95,2,1,L2L 7th/8th,8,NA,173,NA,NA,NA,NA,NA,NA,NA,NA,NA,NA,NA,Production,Prod-04,NA,NA,NA,NA,NA,NA,dice adios a su hijo,Grammatical alternative,DOM,Masculine,Singular,NA,NA,NA,L2L,7th/8th,Early,Yes,NA,0,173,2026,NA,NA,NA,NA,1.7202164616428102,1.3412253495110797,Grammatical alternative
H95,2,1,L2L 7th/8th,8,NA,173,NA,NA,NA,NA,NA,NA,NA,NA,NA,NA,NA,Production,Prod-08,NA,NA,NA,NA,NA,NA,jugué en el parque,Unrelated,DOM,Feminine,Singular,NA,NA,NA,L2L,7th/8th,Early,Yes,NA,0,173,2026,NA,NA,NA,NA,1.7202164616428102,1.3412253495110797,Grammatical alternative
H95,2,1,L2L 7th/8th,8,NA,173,NA,NA,NA,NA,NA,NA,NA,NA,NA,NA,NA,Production,Prod-12,NA,NA,NA,NA,NA,NA,jugar con el niño,Grammatical alternative,DOM,Masculine,Singular,NA,NA,NA,L2L,7th/8th,Early,Yes,NA,0,173,2026,NA,NA,NA,NA,1.7202164616428102,1.3412253495110797,Grammatical alternative
H95,2,1,L2L 7th/8th,8,NA,173,NA,NA,NA,NA,NA,NA,NA,NA,NA,NA,NA,Production,Prod-16,1,NA,NA,NA,NA,NA,ayuda a la niño,Omission,DOM,Masculine,Singular,NA,NA,NA,L2L,7th/8th,Early,Yes,NA,0,173,2026,1,NA,NA,NA,1.7202164616428102,1.3412253495110797,NA
H95,2,1,L2L 7th/8th,8,NA,173,NA,NA,NA,NA,NA,NA,NA,NA,NA,NA,NA,Production,Prod-20,1,NA,NA,NA,NA,NA,asustado a la niña,NA,DOM,Feminine,Singular,NA,NA,NA,L2L,7th/8th,Early,Yes,NA,0,173,2026,1,NA,NA,NA,1.7202164616428102,1.3412253495110797,NA
H95,2,1,L2L 7th/8th,8,NA,173,NA,NA,NA,NA,NA,NA,NA,NA,NA,NA,NA,Production,Prod-24,NA,NA,NA,NA,NA,NA,jugar con las niñas,Grammatical alternative,DOM,Feminine,Plural,NA,NA,NA,L2L,7th/8th,Early,Yes,NA,0,173,2026,NA,NA,NA,NA,1.7202164616428102,1.3412253495110797,Grammatical alternative
H95,2,1,L2L 7th/8th,8,NA,173,NA,NA,NA,NA,NA,NA,NA,NA,NA,NA,NA,Production,Prod-27,NA,NA,NA,NA,NA,NA,tocar,Unrelated,DOM,Feminine,Plural,NA,NA,NA,L2L,7th/8th,Early,Yes,NA,0,173,2026,NA,NA,NA,NA,1.7202164616428102,1.3412253495110797,Grammatical alternative
H96,2,1,L2L 7th/8th,8,NA,175,NA,NA,NA,NA,NA,NA,NA,NA,NA,NA,NA,Production,Prod-01,1,NA,NA,NA,NA,NA,ve a un niño,NA,DOM,Masculine,Singular,NA,NA,NA,L2L,7th/8th,Early,Yes,NA,0,175,2026,1,NA,NA,NA,1.7968088432734572,1.4118875743477124,NA
H96,2,1,L2L 7th/8th,8,NA,175,NA,NA,NA,NA,NA,NA,NA,NA,NA,NA,NA,Production,Prod-04,1,NA,NA,NA,NA,NA,está besando a su hijo,NA,DOM,Masculine,Singular,NA,NA,NA,L2L,7th/8th,Early,Yes,NA,0,175,2026,1,NA,NA,NA,1.7968088432734572,1.4118875743477124,NA
H96,2,1,L2L 7th/8th,8,NA,175,NA,NA,NA,NA,NA,NA,NA,NA,NA,NA,NA,Production,Prod-08,1,NA,NA,NA,NA,NA,ve a su hija,NA,DOM,Feminine,Singular,NA,NA,NA,L2L,7th/8th,Early,Yes,NA,0,175,2026,1,NA,NA,NA,1.7968088432734572,1.4118875743477124,NA
H96,2,1,L2L 7th/8th,8,NA,175,NA,NA,NA,NA,NA,NA,NA,NA,NA,NA,NA,Production,Prod-12,1,NA,NA,NA,NA,NA,ve al niño,NA,DOM,Masculine,Singular,NA,NA,NA,L2L,7th/8th,Early,Yes,NA,0,175,2026,1,NA,NA,NA,1.7968088432734572,1.4118875743477124,NA
H96,2,1,L2L 7th/8th,8,NA,175,NA,NA,NA,NA,NA,NA,NA,NA,NA,NA,NA,Production,Prod-16,1,NA,NA,NA,NA,NA,está lavando a su ninno,NA,DOM,Masculine,Singular,NA,NA,NA,L2L,7th/8th,Early,Yes,NA,0,175,2026,1,NA,NA,NA,1.7968088432734572,1.4118875743477124,NA
H96,2,1,L2L 7th/8th,8,NA,175,NA,NA,NA,NA,NA,NA,NA,NA,NA,NA,NA,Production,Prod-20,1,NA,NA,NA,NA,NA,a una niña,NA,DOM,Feminine,Singular,NA,NA,NA,L2L,7th/8th,Early,Yes,NA,0,175,2026,1,NA,NA,NA,1.7968088432734572,1.4118875743477124,NA
H96,2,1,L2L 7th/8th,8,NA,175,NA,NA,NA,NA,NA,NA,NA,NA,NA,NA,NA,Production,Prod-24,1,NA,NA,NA,NA,NA,ve a dos niñas,NA,DOM,Feminine,Plural,NA,NA,NA,L2L,7th/8th,Early,Yes,NA,0,175,2026,1,NA,NA,NA,1.7968088432734572,1.4118875743477124,NA
H96,2,1,L2L 7th/8th,8,NA,175,NA,NA,NA,NA,NA,NA,NA,NA,NA,NA,NA,Production,Prod-27,1,NA,NA,NA,NA,NA,ve a sus niñas,NA,DOM,Feminine,Plural,NA,NA,NA,L2L,7th/8th,Early,Yes,NA,0,175,2026,1,NA,NA,NA,1.7968088432734572,1.4118875743477124,NA
H97,2,1,NA,6,NA,141,NA,NA,NA,NA,NA,NA,NA,NA,NA,NA,NA,Production,Prod-01,1,NA,NA,NA,NA,NA,ve a su hijo,NA,DOM,Masculine,Singular,NA,NA,NA,L2L,NA,Early,Yes,NA,0,141,2026,1,NA,NA,NA,0.4947383555524599,0.21062975212495888,NA
H97,2,1,NA,6,NA,141,NA,NA,NA,NA,NA,NA,NA,NA,NA,NA,NA,Production,Prod-04,1,NA,NA,NA,NA,NA,ve a su hijo,NA,DOM,Masculine,Singular,NA,NA,NA,L2L,NA,Early,Yes,NA,0,141,2026,1,NA,NA,NA,0.4947383555524599,0.21062975212495888,NA
H97,2,1,NA,6,NA,141,NA,NA,NA,NA,NA,NA,NA,NA,NA,NA,NA,Production,Prod-08,1,NA,NA,NA,NA,NA,la abuela ve a su nieta,NA,DOM,Feminine,Singular,NA,NA,NA,L2L,NA,Early,Yes,NA,0,141,2026,1,NA,NA,NA,0.4947383555524599,0.21062975212495888,NA
H97,2,1,NA,6,NA,141,NA,NA,NA,NA,NA,NA,NA,NA,NA,NA,NA,Production,Prod-12,1,NA,NA,NA,NA,NA,ve a su muñeca,NA,DOM,Masculine,Singular,NA,NA,NA,L2L,NA,Early,Yes,NA,0,141,2026,1,NA,NA,NA,0.4947383555524599,0.21062975212495888,NA
H97,2,1,NA,6,NA,141,NA,NA,NA,NA,NA,NA,NA,NA,NA,NA,NA,Production,Prod-16,1,NA,NA,NA,NA,NA,la mamá ve a su bebé,NA,DOM,Masculine,Singular,NA,NA,NA,L2L,NA,Early,Yes,NA,0,141,2026,1,NA,NA,NA,0.4947383555524599,0.21062975212495888,NA
H97,2,1,NA,6,NA,141,NA,NA,NA,NA,NA,NA,NA,NA,NA,NA,NA,Production,Prod-20,1,NA,NA,NA,NA,NA,ve a una niña,NA,DOM,Feminine,Singular,NA,NA,NA,L2L,NA,Early,Yes,NA,0,141,2026,1,NA,NA,NA,0.4947383555524599,0.21062975212495888,NA
H97,2,1,NA,6,NA,141,NA,NA,NA,NA,NA,NA,NA,NA,NA,NA,NA,Production,Prod-24,1,NA,NA,NA,NA,NA,ve a dos niñas,NA,DOM,Feminine,Plural,NA,NA,NA,L2L,NA,Early,Yes,NA,0,141,2026,1,NA,NA,NA,0.4947383555524599,0.21062975212495888,NA
H97,2,1,NA,6,NA,141,NA,NA,NA,NA,NA,NA,NA,NA,NA,NA,NA,Production,Prod-27,1,NA,NA,NA,NA,NA,ve a dos niños,NA,DOM,Feminine,Plural,NA,NA,NA,L2L,NA,Early,Yes,NA,0,141,2026,1,NA,NA,NA,0.4947383555524599,0.21062975212495888,NA
H98,2,1,NA,6,NA,150,NA,NA,NA,NA,NA,NA,NA,Heritage Spanish,NA,NA,NA,Production,Prod-01,NA,NA,NA,NA,NA,NA,Not related,NA,DOM,Masculine,Singular,NA,NA,NA,HS,NA,Early,Yes,NA,0,150,2026,NA,NA,NA,NA,0.8394040728903709,0.5286097638898054,Grammatical alternative
H98,2,1,NA,6,NA,150,NA,NA,NA,NA,NA,NA,NA,Heritage Spanish,NA,NA,NA,Production,Prod-04,1,NA,NA,NA,NA,NA,ve a su hijo pequeño,NA,DOM,Masculine,Singular,NA,NA,NA,HS,NA,Early,Yes,NA,0,150,2026,1,NA,NA,NA,0.8394040728903709,0.5286097638898054,NA
H98,2,1,NA,6,NA,150,NA,NA,NA,NA,NA,NA,NA,Heritage Spanish,NA,NA,NA,Production,Prod-08,1,NA,NA,NA,NA,NA,está empujando a su ???,NA,DOM,Feminine,Singular,NA,NA,NA,HS,NA,Early,Yes,NA,0,150,2026,1,NA,NA,NA,0.8394040728903709,0.5286097638898054,NA
H98,2,1,NA,6,NA,150,NA,NA,NA,NA,NA,NA,NA,Heritage Spanish,NA,NA,NA,Production,Prod-12,1,NA,NA,NA,NA,NA,ve a su dueño,NA,DOM,Masculine,Singular,NA,NA,NA,HS,NA,Early,Yes,NA,0,150,2026,1,NA,NA,NA,0.8394040728903709,0.5286097638898054,NA
H98,2,1,NA,6,NA,150,NA,NA,NA,NA,NA,NA,NA,Heritage Spanish,NA,NA,NA,Production,Prod-16,1,NA,NA,NA,NA,NA,ve a su bebé,NA,DOM,Masculine,Singular,NA,NA,NA,HS,NA,Early,Yes,NA,0,150,2026,1,NA,NA,NA,0.8394040728903709,0.5286097638898054,NA
H98,2,1,NA,6,NA,150,NA,NA,NA,NA,NA,NA,NA,Heritage Spanish,NA,NA,NA,Production,Prod-20,1,NA,NA,NA,NA,NA,ve a una niña,NA,DOM,Feminine,Singular,NA,NA,NA,HS,NA,Early,Yes,NA,0,150,2026,1,NA,NA,NA,0.8394040728903709,0.5286097638898054,NA
H98,2,1,NA,6,NA,150,NA,NA,NA,NA,NA,NA,NA,Heritage Spanish,NA,NA,NA,Production,Prod-24,1,NA,NA,NA,NA,NA,a sus dueños,NA,DOM,Feminine,Plural,NA,NA,NA,HS,NA,Early,Yes,NA,0,150,2026,1,NA,NA,NA,0.8394040728903709,0.5286097638898054,NA
H98,2,1,NA,6,NA,150,NA,NA,NA,NA,NA,NA,NA,Heritage Spanish,NA,NA,NA,Production,Prod-27,1,NA,NA,NA,NA,NA,ve a sus niñas,NA,DOM,Feminine,Plural,NA,NA,NA,HS,NA,Early,Yes,NA,0,150,2026,1,NA,NA,NA,0.8394040728903709,0.5286097638898054,NA
H99,2,1,NA,6,NA,144,NA,NA,NA,NA,NA,NA,NA,NA,NA,NA,NA,Production,Prod-01,0,NA,NA,NA,NA,NA,su hijo,Omission,DOM,Masculine,Singular,NA,NA,NA,L2L,NA,Early,Yes,NA,0,144,2026,0,NA,NA,NA,0.6096269279984302,0.3166230893799077,"Full DP, no DOM"
H99,2,1,NA,6,NA,144,NA,NA,NA,NA,NA,NA,NA,NA,NA,NA,NA,Production,Prod-04,1,NA,NA,NA,NA,NA,a su hijo,NA,DOM,Masculine,Singular,NA,NA,NA,L2L,NA,Early,Yes,NA,0,144,2026,1,NA,NA,NA,0.6096269279984302,0.3166230893799077,"Full DP, no DOM"
H99,2,1,NA,6,NA,144,NA,NA,NA,NA,NA,NA,NA,NA,NA,NA,NA,Production,Prod-08,1,NA,NA,NA,NA,NA,ve a su hija,NA,DOM,Feminine,Singular,NA,NA,NA,L2L,NA,Early,Yes,NA,0,144,2026,1,NA,NA,NA,0.6096269279984302,0.3166230893799077,NA
H99,2,1,NA,6,NA,144,NA,NA,NA,NA,NA,NA,NA,NA,NA,NA,NA,Production,Prod-12,1,NA,NA,NA,NA,NA,a un niño,NA,DOM,Masculine,Singular,NA,NA,NA,L2L,NA,Early,Yes,NA,0,144,2026,1,NA,NA,NA,0.6096269279984302,0.3166230893799077,NA
H99,2,1,NA,6,NA,144,NA,NA,NA,NA,NA,NA,NA,NA,NA,NA,NA,Production,Prod-16,1,NA,NA,NA,NA,NA,ve al bebé,NA,DOM,Masculine,Singular,NA,NA,NA,L2L,NA,Early,Yes,NA,0,144,2026,1,NA,NA,NA,0.6096269279984302,0.3166230893799077,NA
H99,2,1,NA,6,NA,144,NA,NA,NA,NA,NA,NA,NA,NA,NA,NA,NA,Production,Prod-20,0,NA,NA,NA,NA,NA,a chica,NA,DOM,Feminine,Singular,NA,NA,NA,L2L,NA,Early,Yes,NA,0,144,2026,0,NA,NA,NA,0.6096269279984302,0.3166230893799077,NA
H99,2,1,NA,6,NA,144,NA,NA,NA,NA,NA,NA,NA,NA,NA,NA,NA,Production,Prod-24,1,NA,NA,NA,NA,NA,a dos chicos,NA,DOM,Feminine,Plural,NA,NA,NA,L2L,NA,Early,Yes,NA,0,144,2026,1,NA,NA,NA,0.6096269279984302,0.3166230893799077,NA
H99,2,1,NA,6,NA,144,NA,NA,NA,NA,NA,NA,NA,NA,NA,NA,NA,Production,Prod-27,1,NA,NA,NA,NA,NA,a dos niñas,NA,DOM,Feminine,Plural,NA,NA,NA,L2L,NA,Early,Yes,NA,0,144,2026,1,NA,NA,NA,0.6096269279984302,0.3166230893799077,NA
H100,2,1,NA,6,NA,150,NA,NA,NA,NA,NA,NA,NA,NA,NA,NA,NA,Production,Prod-01,NA,NA,NA,NA,NA,NA,hay un papá con un niño,Grammatical alternative,DOM,Masculine,Singular,NA,NA,NA,L2L,NA,Early,Yes,NA,0,150,2026,NA,NA,NA,NA,0.8394040728903709,0.5286097638898054,Grammatical alternative
H100,2,1,NA,6,NA,150,NA,NA,NA,NA,NA,NA,NA,NA,NA,NA,NA,Production,Prod-04,1,NA,NA,NA,NA,NA,a su niño,NA,DOM,Masculine,Singular,NA,NA,NA,L2L,NA,Early,Yes,NA,0,150,2026,1,NA,NA,NA,0.8394040728903709,0.5286097638898054,NA
H100,2,1,NA,6,NA,150,NA,NA,NA,NA,NA,NA,NA,NA,NA,NA,NA,Production,Prod-08,1,NA,NA,NA,NA,NA,a su niña,NA,DOM,Feminine,Singular,NA,NA,NA,L2L,NA,Early,Yes,NA,0,150,2026,1,NA,NA,NA,0.8394040728903709,0.5286097638898054,NA
H100,2,1,NA,6,NA,150,NA,NA,NA,NA,NA,NA,NA,NA,NA,NA,NA,Production,Prod-12,1,NA,NA,NA,NA,NA,ve a su hermano,NA,DOM,Masculine,Singular,NA,NA,NA,L2L,NA,Early,Yes,NA,0,150,2026,1,NA,NA,NA,0.8394040728903709,0.5286097638898054,NA
H100,2,1,NA,6,NA,150,NA,NA,NA,NA,NA,NA,NA,NA,NA,NA,NA,Production,Prod-16,NA,NA,NA,NA,NA,NA,su niño está lavando,Grammatical alternative,DOM,Masculine,Singular,NA,NA,NA,L2L,NA,Early,Yes,NA,0,150,2026,NA,NA,NA,NA,0.8394040728903709,0.5286097638898054,Grammatical alternative
H100,2,1,NA,6,NA,150,NA,NA,NA,NA,NA,NA,NA,NA,NA,NA,NA,Production,Prod-20,1,NA,NA,NA,NA,NA,a un niña,NA,DOM,Feminine,Singular,NA,NA,NA,L2L,NA,Early,Yes,NA,0,150,2026,1,NA,NA,NA,0.8394040728903709,0.5286097638898054,NA
H100,2,1,NA,6,NA,150,NA,NA,NA,NA,NA,NA,NA,NA,NA,NA,NA,Production,Prod-24,1,NA,NA,NA,NA,NA,a sus hermanas,Omission,DOM,Feminine,Plural,NA,NA,NA,L2L,NA,Early,Yes,NA,0,150,2026,1,NA,NA,NA,0.8394040728903709,0.5286097638898054,NA
H100,2,1,NA,6,NA,150,NA,NA,NA,NA,NA,NA,NA,NA,NA,NA,NA,Production,Prod-27,1,NA,NA,NA,NA,NA,a sus niñas,Omission,DOM,Feminine,Plural,NA,NA,NA,L2L,NA,Early,Yes,NA,0,150,2026,1,NA,NA,NA,0.8394040728903709,0.5286097638898054,NA
H101,2,1,L2L 7th/8th,7,NA,151,NA,NA,NA,NA,NA,NA,NA,"French, Italian",No,Yes,Yes,Production,Prod-01,1,NA,NA,NA,NA,NA,el papá ve a el hijo,Omission,DOM,Masculine,Singular,NA,NA,NA,L2L,7th/8th,Early,Yes,NA,0,151,2026,1,NA,NA,NA,0.8777002637056943,0.5639408763081216,NA
H101,2,1,L2L 7th/8th,7,NA,151,NA,NA,NA,NA,NA,NA,NA,"French, Italian",No,Yes,Yes,Production,Prod-04,1,NA,NA,NA,NA,NA,la mamá ve a su hijo,NA,DOM,Masculine,Singular,NA,NA,NA,L2L,7th/8th,Early,Yes,NA,0,151,2026,1,NA,NA,NA,0.8777002637056943,0.5639408763081216,NA
H101,2,1,L2L 7th/8th,7,NA,151,NA,NA,NA,NA,NA,NA,NA,"French, Italian",No,Yes,Yes,Production,Prod-08,1,NA,NA,NA,NA,NA,la abuela ve a la hija de su hija,NA,DOM,Feminine,Singular,NA,NA,NA,L2L,7th/8th,Early,Yes,NA,0,151,2026,1,NA,NA,NA,0.8777002637056943,0.5639408763081216,NA
H101,2,1,L2L 7th/8th,7,NA,151,NA,NA,NA,NA,NA,NA,NA,"French, Italian",No,Yes,Yes,Production,Prod-12,0,NA,NA,NA,NA,NA,el perro ve la hijo,Omission,DOM,Masculine,Singular,NA,NA,NA,L2L,7th/8th,Early,Yes,NA,0,151,2026,0,NA,NA,NA,0.8777002637056943,0.5639408763081216,"Full DP, no DOM"
H101,2,1,L2L 7th/8th,7,NA,151,NA,NA,NA,NA,NA,NA,NA,"French, Italian",No,Yes,Yes,Production,Prod-16,1,NA,NA,NA,NA,NA,la mamá ve a su hijo,NA,DOM,Masculine,Singular,NA,NA,NA,L2L,7th/8th,Early,Yes,NA,0,151,2026,1,NA,NA,NA,0.8777002637056943,0.5639408763081216,NA
H101,2,1,L2L 7th/8th,7,NA,151,NA,NA,NA,NA,NA,NA,NA,"French, Italian",No,Yes,Yes,Production,Prod-20,1,NA,NA,NA,NA,NA,ve a la niña,NA,DOM,Feminine,Singular,NA,NA,NA,L2L,7th/8th,Early,Yes,NA,0,151,2026,1,NA,NA,NA,0.8777002637056943,0.5639408763081216,NA
H101,2,1,L2L 7th/8th,7,NA,151,NA,NA,NA,NA,NA,NA,NA,"French, Italian",No,Yes,Yes,Production,Prod-24,1,NA,NA,NA,NA,NA,el perro ve a las niñas,NA,DOM,Feminine,Plural,NA,NA,NA,L2L,7th/8th,Early,Yes,NA,0,151,2026,1,NA,NA,NA,0.8777002637056943,0.5639408763081216,NA
H101,2,1,L2L 7th/8th,7,NA,151,NA,NA,NA,NA,NA,NA,NA,"French, Italian",No,Yes,Yes,Production,Prod-27,1,NA,NA,NA,NA,NA,ve a los niños,NA,DOM,Feminine,Plural,NA,NA,NA,L2L,7th/8th,Early,Yes,NA,0,151,2026,1,NA,NA,NA,0.8777002637056943,0.5639408763081216,NA
H102,2,1,NA,3,NA,112,NA,NA,NA,NA,NA,NA,NA,NA,NA,NA,NA,Production,Prod-01,0,NA,NA,NA,NA,NA,ve un niño,Omission,DOM,Masculine,Singular,NA,NA,NA,L2L,NA,Early,Yes,NA,0,112,2026,0,NA,NA,NA,-0.6158511780919201,-0.8139725080062131,NA
H102,2,1,NA,3,NA,112,NA,NA,NA,NA,NA,NA,NA,NA,NA,NA,NA,Production,Prod-04,NA,NA,NA,NA,NA,NA,dando un beso al niño,Grammatical alternative,DOM,Masculine,Singular,NA,NA,NA,L2L,NA,Early,Yes,NA,0,112,2026,NA,NA,NA,NA,-0.6158511780919201,-0.8139725080062131,NA
H102,2,1,NA,3,NA,112,NA,NA,NA,NA,NA,NA,NA,NA,NA,NA,NA,Production,Prod-08,1,NA,NA,NA,NA,NA,está empujando al niña,NA,DOM,Feminine,Singular,NA,NA,NA,L2L,NA,Early,Yes,NA,0,112,2026,1,NA,NA,NA,-0.6158511780919201,-0.8139725080062131,NA
H102,2,1,NA,3,NA,112,NA,NA,NA,NA,NA,NA,NA,NA,NA,NA,NA,Production,Prod-12,0,NA,NA,NA,NA,Did not comprehend DOM,el niño ve el perro,Word order,DOM,Masculine,Singular,NA,NA,NA,L2L,NA,Early,Yes,NA,0,112,2026,0,NA,NA,NA,-0.6158511780919201,-0.8139725080062131,Word order
H102,2,1,NA,3,NA,112,NA,NA,NA,NA,NA,NA,NA,NA,NA,NA,NA,Production,Prod-16,0,NA,NA,NA,NA,NA,ve el bebé,Omission,DOM,Masculine,Singular,NA,NA,NA,L2L,NA,Early,Yes,NA,0,112,2026,0,NA,NA,NA,-0.6158511780919201,-0.8139725080062131,"Full DP, no DOM"
H102,2,1,NA,3,NA,112,NA,NA,NA,NA,NA,NA,NA,NA,NA,NA,NA,Production,Prod-20,0,NA,NA,NA,NA,NA,una niña más grande,Omission,DOM,Feminine,Singular,NA,NA,NA,L2L,NA,Early,Yes,NA,0,112,2026,0,NA,NA,NA,-0.6158511780919201,-0.8139725080062131,"DP, no verb, no DOM"
H102,2,1,NA,3,NA,112,NA,NA,NA,NA,NA,NA,NA,NA,NA,NA,NA,Production,Prod-24,0,NA,NA,NA,NA,NA,dos niñas,Omission,DOM,Feminine,Plural,NA,NA,NA,L2L,NA,Early,Yes,NA,0,112,2026,0,NA,NA,NA,-0.6158511780919201,-0.8139725080062131,"DP, no verb, no DOM"
H102,2,1,NA,3,NA,112,NA,NA,NA,NA,NA,NA,NA,NA,NA,NA,NA,Production,Prod-27,0,NA,NA,NA,NA,NA,dos niñas,Omission,DOM,Feminine,Plural,NA,NA,NA,L2L,NA,Early,Yes,NA,0,112,2026,0,NA,NA,NA,-0.6158511780919201,-0.8139725080062131,"DP, no verb, no DOM"
H103,2,1,L2L 4th/5th,4,NA,127,NA,NA,NA,NA,NA,NA,NA,NA,NA,NA,NA,Production,Prod-01,NA,NA,NA,NA,NA,NA,es el niño,Grammatical alternative,DOM,Masculine,Singular,NA,NA,NA,L2L,4th/5th,Early,Yes,NA,0,127,2026,NA,NA,NA,NA,-0.041408315862068446,-0.284005821731469,Grammatical alternative
H103,2,1,L2L 4th/5th,4,NA,127,NA,NA,NA,NA,NA,NA,NA,NA,NA,NA,NA,Production,Prod-04,0,NA,NA,NA,NA,NA,el niño,Omission,DOM,Masculine,Singular,NA,NA,NA,L2L,4th/5th,Early,Yes,NA,0,127,2026,0,NA,NA,NA,-0.041408315862068446,-0.284005821731469,"DP, no verb, no DOM"
H103,2,1,L2L 4th/5th,4,NA,127,NA,NA,NA,NA,NA,NA,NA,NA,NA,NA,NA,Production,Prod-08,0,NA,NA,NA,NA,NA,la niña,Omission,DOM,Feminine,Singular,NA,NA,NA,L2L,4th/5th,Early,Yes,NA,0,127,2026,0,NA,NA,NA,-0.041408315862068446,-0.284005821731469,"DP, no verb, no DOM"
H103,2,1,L2L 4th/5th,4,NA,127,NA,NA,NA,NA,NA,NA,NA,NA,NA,NA,NA,Production,Prod-12,0,NA,NA,NA,NA,NA,el niño,Omission,DOM,Masculine,Singular,NA,NA,NA,L2L,4th/5th,Early,Yes,NA,0,127,2026,0,NA,NA,NA,-0.041408315862068446,-0.284005821731469,"DP, no verb, no DOM"
H103,2,1,L2L 4th/5th,4,NA,127,NA,NA,NA,NA,NA,NA,NA,NA,NA,NA,NA,Production,Prod-16,0,NA,NA,NA,NA,NA,la bebé,Omission,DOM,Masculine,Singular,NA,NA,NA,L2L,4th/5th,Early,Yes,NA,0,127,2026,0,NA,NA,NA,-0.041408315862068446,-0.284005821731469,"DP, no verb, no DOM"
H103,2,1,L2L 4th/5th,4,NA,127,NA,NA,NA,NA,NA,NA,NA,NA,NA,NA,NA,Production,Prod-20,0,NA,NA,NA,NA,NA,la niña,Omission,DOM,Feminine,Singular,NA,NA,NA,L2L,4th/5th,Early,Yes,NA,0,127,2026,0,NA,NA,NA,-0.041408315862068446,-0.284005821731469,"DP, no verb, no DOM"
H103,2,1,L2L 4th/5th,4,NA,127,NA,NA,NA,NA,NA,NA,NA,NA,NA,NA,NA,Production,Prod-24,0,NA,NA,NA,NA,NA,los dos niños,NA,DOM,Feminine,Plural,NA,NA,NA,L2L,4th/5th,Early,Yes,NA,0,127,2026,0,NA,NA,NA,-0.041408315862068446,-0.284005821731469,"DP, no verb, no DOM"
H103,2,1,L2L 4th/5th,4,NA,127,NA,NA,NA,NA,NA,NA,NA,NA,NA,NA,NA,Production,Prod-27,0,NA,NA,NA,NA,NA,los dos niñas,Omission,DOM,Feminine,Plural,NA,NA,NA,L2L,4th/5th,Early,Yes,NA,0,127,2026,0,NA,NA,NA,-0.041408315862068446,-0.284005821731469,"DP, no verb, no DOM"
H104,2,1,L2L 2nd,2,NA,96,NA,NA,NA,NA,NA,NA,NA,NA,NA,NA,NA,Production,Prod-01,0,NA,NA,NA,NA,NA,su hijo,Omission,DOM,Masculine,Singular,NA,NA,NA,L2L,2nd,Early,Yes,NA,0,96,2026,0,NA,NA,NA,-1.2285902311370953,-1.3792703066992735,"DP, no verb, no DOM"
H104,2,1,L2L 2nd,2,NA,96,NA,NA,NA,NA,NA,NA,NA,NA,NA,NA,NA,Production,Prod-04,0,NA,NA,NA,NA,NA,su hijo,Omission,DOM,Masculine,Singular,NA,NA,NA,L2L,2nd,Early,Yes,NA,0,96,2026,0,NA,NA,NA,-1.2285902311370953,-1.3792703066992735,"DP, no verb, no DOM"
H104,2,1,L2L 2nd,2,NA,96,NA,NA,NA,NA,NA,NA,NA,NA,NA,NA,NA,Production,Prod-08,0,NA,NA,NA,NA,NA,su nieta,Omission,DOM,Feminine,Singular,NA,NA,NA,L2L,2nd,Early,Yes,NA,0,96,2026,0,NA,NA,NA,-1.2285902311370953,-1.3792703066992735,"DP, no verb, no DOM"
H104,2,1,L2L 2nd,2,NA,96,NA,NA,NA,NA,NA,NA,NA,NA,NA,NA,NA,Production,Prod-12,0,NA,NA,NA,NA,NA,vi su un niño,Omission,DOM,Masculine,Singular,NA,NA,NA,L2L,2nd,Early,Yes,NA,0,96,2026,0,NA,NA,NA,-1.2285902311370953,-1.3792703066992735,"DP, no verb, no DOM"
H104,2,1,L2L 2nd,2,NA,96,NA,NA,NA,NA,NA,NA,NA,NA,NA,NA,NA,Production,Prod-16,0,NA,NA,NA,NA,NA,ve su hijo bebé,Omission,DOM,Masculine,Singular,NA,NA,NA,L2L,2nd,Early,Yes,NA,0,96,2026,0,NA,NA,NA,-1.2285902311370953,-1.3792703066992735,"Full DP, no DOM"
H104,2,1,L2L 2nd,2,NA,96,NA,NA,NA,NA,NA,NA,NA,NA,NA,NA,NA,Production,Prod-20,0,NA,NA,NA,NA,NA,la niña ve el monstruo,Word order,DOM,Feminine,Singular,NA,NA,NA,L2L,2nd,Early,Yes,NA,0,96,2026,0,NA,NA,NA,-1.2285902311370953,-1.3792703066992735,"DP, no verb, no DOM"
H104,2,1,L2L 2nd,2,NA,96,NA,NA,NA,NA,NA,NA,NA,NA,NA,NA,NA,Production,Prod-24,1,NA,NA,NA,NA,NA,ve a unas niñas,NA,DOM,Feminine,Plural,NA,NA,NA,L2L,2nd,Early,Yes,NA,0,96,2026,1,NA,NA,NA,-1.2285902311370953,-1.3792703066992735,NA
H104,2,1,L2L 2nd,2,NA,96,NA,NA,NA,NA,NA,NA,NA,NA,NA,NA,NA,Production,Prod-27,1,NA,NA,NA,NA,NA,la mamá ve a sus hujos en la teléfono,NA,DOM,Feminine,Plural,NA,NA,NA,L2L,2nd,Early,Yes,NA,0,96,2026,1,NA,NA,NA,-1.2285902311370953,-1.3792703066992735,NA
H105,2,1,L2L 4th/5th,5,NA,129,NA,NA,NA,NA,NA,NA,NA,NA,NA,NA,NA,Production,Prod-01,1,NA,NA,NA,NA,NA,a su niño,NA,DOM,Masculine,Singular,NA,NA,NA,L2L,4th/5th,Early,Yes,NA,0,129,2026,1,NA,NA,NA,0.03518406576857845,-0.21334359689483645,NA
H105,2,1,L2L 4th/5th,5,NA,129,NA,NA,NA,NA,NA,NA,NA,NA,NA,NA,NA,Production,Prod-04,1,NA,NA,NA,NA,NA,ve a su hijo,NA,DOM,Masculine,Singular,NA,NA,NA,L2L,4th/5th,Early,Yes,NA,0,129,2026,1,NA,NA,NA,0.03518406576857845,-0.21334359689483645,NA
H105,2,1,L2L 4th/5th,5,NA,129,NA,NA,NA,NA,NA,NA,NA,NA,NA,NA,NA,Production,Prod-08,1,NA,NA,NA,NA,NA,a la niña,NA,DOM,Feminine,Singular,NA,NA,NA,L2L,4th/5th,Early,Yes,NA,0,129,2026,1,NA,NA,NA,0.03518406576857845,-0.21334359689483645,NA
H105,2,1,L2L 4th/5th,5,NA,129,NA,NA,NA,NA,NA,NA,NA,NA,NA,NA,NA,Production,Prod-12,1,NA,NA,NA,NA,NA,al dueño,NA,DOM,Masculine,Singular,NA,NA,NA,L2L,4th/5th,Early,Yes,NA,0,129,2026,1,NA,NA,NA,0.03518406576857845,-0.21334359689483645,NA
H105,2,1,L2L 4th/5th,5,NA,129,NA,NA,NA,NA,NA,NA,NA,NA,NA,NA,NA,Production,Prod-16,1,NA,NA,NA,NA,NA,ve a su bebé,NA,DOM,Masculine,Singular,NA,NA,NA,L2L,4th/5th,Early,Yes,NA,0,129,2026,1,NA,NA,NA,0.03518406576857845,-0.21334359689483645,NA
H105,2,1,L2L 4th/5th,5,NA,129,NA,NA,NA,NA,NA,NA,NA,NA,NA,NA,NA,Production,Prod-20,1,NA,NA,NA,NA,NA,a una niña,NA,DOM,Feminine,Singular,NA,NA,NA,L2L,4th/5th,Early,Yes,NA,0,129,2026,1,NA,NA,NA,0.03518406576857845,-0.21334359689483645,NA
H105,2,1,L2L 4th/5th,5,NA,129,NA,NA,NA,NA,NA,NA,NA,NA,NA,NA,NA,Production,Prod-24,1,NA,NA,NA,NA,NA,a las niñas,NA,DOM,Feminine,Plural,NA,NA,NA,L2L,4th/5th,Early,Yes,NA,0,129,2026,1,NA,NA,NA,0.03518406576857845,-0.21334359689483645,NA
H105,2,1,L2L 4th/5th,5,NA,129,NA,NA,NA,NA,NA,NA,NA,NA,NA,NA,NA,Production,Prod-27,1,NA,NA,NA,NA,NA,ve a sus hijas,NA,DOM,Feminine,Plural,NA,NA,NA,L2L,4th/5th,Early,Yes,NA,0,129,2026,1,NA,NA,NA,0.03518406576857845,-0.21334359689483645,NA
H106,2,1,L2L 7th/8th,7,NA,153,NA,NA,NA,NA,NA,NA,NA,NA,NA,NA,NA,Production,Prod-01,0,NA,NA,NA,NA,NA,es es es,No response,DOM,Masculine,Singular,NA,NA,NA,L2L,7th/8th,Early,Yes,NA,0,153,2026,0,NA,NA,NA,0.9542926453363413,0.6346031011447542,"DP, no verb, no DOM"
H106,2,1,L2L 7th/8th,7,NA,153,NA,NA,NA,NA,NA,NA,NA,NA,NA,NA,NA,Production,Prod-04,NA,NA,NA,NA,NA,NA,kissing el niño,Codeswitched,DOM,Masculine,Singular,NA,NA,NA,L2L,7th/8th,Early,Yes,NA,0,153,2026,NA,NA,NA,NA,0.9542926453363413,0.6346031011447542,Codeswitching with English verb
H106,2,1,L2L 7th/8th,7,NA,153,NA,NA,NA,NA,NA,NA,NA,NA,NA,NA,NA,Production,Prod-08,NA,NA,NA,NA,NA,NA,el abuela es pushing el niña,Codeswitched,DOM,Feminine,Singular,NA,NA,NA,L2L,7th/8th,Early,Yes,NA,0,153,2026,NA,NA,NA,NA,0.9542926453363413,0.6346031011447542,Codeswitching with English verb
H106,2,1,L2L 7th/8th,7,NA,153,NA,NA,NA,NA,NA,NA,NA,NA,NA,NA,NA,Production,Prod-12,NA,NA,NA,NA,NA,NA,el niño es playing with,Codeswitched,DOM,Masculine,Singular,NA,NA,NA,L2L,7th/8th,Early,Yes,NA,0,153,2026,NA,NA,NA,NA,0.9542926453363413,0.6346031011447542,Codeswitching with English verb
H106,2,1,L2L 7th/8th,7,NA,153,NA,NA,NA,NA,NA,NA,NA,NA,NA,NA,NA,Production,Prod-16,NA,NA,NA,NA,NA,NA,bathing el niño,Codeswitched,DOM,Masculine,Singular,NA,NA,NA,L2L,7th/8th,Early,Yes,NA,0,153,2026,NA,NA,NA,NA,0.9542926453363413,0.6346031011447542,Codeswitching with English verb
H106,2,1,L2L 7th/8th,7,NA,153,NA,NA,NA,NA,NA,NA,NA,NA,NA,NA,NA,Production,Prod-20,0,NA,NA,NA,NA,NA,es comer el niña,Omission,DOM,Feminine,Singular,NA,NA,NA,L2L,7th/8th,Early,Yes,NA,0,153,2026,0,NA,NA,NA,0.9542926453363413,0.6346031011447542,"Full DP, no DOM"
H106,2,1,L2L 7th/8th,7,NA,153,NA,NA,NA,NA,NA,NA,NA,NA,NA,NA,NA,Production,Prod-24,NA,NA,NA,NA,NA,NA,es putting el mano,Codeswitched,DOM,Feminine,Plural,NA,NA,NA,L2L,7th/8th,Early,Yes,NA,0,153,2026,NA,NA,NA,NA,0.9542926453363413,0.6346031011447542,Codeswitching with English verb
H106,2,1,L2L 7th/8th,7,NA,153,NA,NA,NA,NA,NA,NA,NA,NA,NA,NA,NA,Production,Prod-27,NA,NA,NA,NA,NA,NA,es on un teléfono call,Codeswitched,DOM,Feminine,Plural,NA,NA,NA,L2L,7th/8th,Early,Yes,NA,0,153,2026,NA,NA,NA,NA,0.9542926453363413,0.6346031011447542,Codeswitching
H107,2,1,L2L 4th/5th,4,NA,117,NA,NA,NA,NA,NA,NA,NA,NA,NA,NA,NA,Production,Prod-01,0,NA,NA,NA,NA,NA,una niño,Omission,DOM,Masculine,Singular,NA,NA,NA,L2L,4th/5th,Early,Yes,NA,0,117,2026,0,NA,NA,NA,-0.42437022401530294,-0.6373169459146317,"Full DP, no DOM"
H107,2,1,L2L 4th/5th,4,NA,117,NA,NA,NA,NA,NA,NA,NA,NA,NA,NA,NA,Production,Prod-04,NA,NA,NA,NA,NA,NA,es con el chico,Unrelated,DOM,Masculine,Singular,NA,NA,NA,L2L,4th/5th,Early,Yes,NA,0,117,2026,NA,NA,NA,NA,-0.42437022401530294,-0.6373169459146317,Grammatical alternative
H107,2,1,L2L 4th/5th,4,NA,117,NA,NA,NA,NA,NA,NA,NA,NA,NA,NA,NA,Production,Prod-08,NA,NA,NA,NA,NA,NA,es con una chica,Unrelated,DOM,Feminine,Singular,NA,NA,NA,L2L,4th/5th,Early,Yes,NA,0,117,2026,NA,NA,NA,NA,-0.42437022401530294,-0.6373169459146317,Codeswitching with English verb
H107,2,1,L2L 4th/5th,4,NA,117,NA,NA,NA,NA,NA,NA,NA,NA,NA,NA,NA,Production,Prod-12,0,NA,NA,NA,NA,NA,ve el chico,Omission,DOM,Masculine,Singular,NA,NA,NA,L2L,4th/5th,Early,Yes,NA,0,117,2026,0,NA,NA,NA,-0.42437022401530294,-0.6373169459146317,"Full DP, no DOM"
H107,2,1,L2L 4th/5th,4,NA,117,NA,NA,NA,NA,NA,NA,NA,NA,NA,NA,NA,Production,Prod-16,0,NA,NA,NA,NA,NA,ve tu chico,Omission,DOM,Masculine,Singular,NA,NA,NA,L2L,4th/5th,Early,Yes,NA,0,117,2026,0,NA,NA,NA,-0.42437022401530294,-0.6373169459146317,"Full DP, no DOM"
H107,2,1,L2L 4th/5th,4,NA,117,NA,NA,NA,NA,NA,NA,NA,NA,NA,NA,NA,Production,Prod-20,0,NA,NA,NA,NA,NA,ve una chica,Omission,DOM,Feminine,Singular,NA,NA,NA,L2L,4th/5th,Early,Yes,NA,0,117,2026,0,NA,NA,NA,-0.42437022401530294,-0.6373169459146317,"Full DP, no DOM"
H107,2,1,L2L 4th/5th,4,NA,117,NA,NA,NA,NA,NA,NA,NA,NA,NA,NA,NA,Production,Prod-24,0,NA,NA,NA,NA,NA,ver los chicas,Omission,DOM,Feminine,Plural,NA,NA,NA,L2L,4th/5th,Early,Yes,NA,0,117,2026,0,NA,NA,NA,-0.42437022401530294,-0.6373169459146317,"Full DP, no DOM"
H107,2,1,L2L 4th/5th,4,NA,117,NA,NA,NA,NA,NA,NA,NA,NA,NA,NA,NA,Production,Prod-27,0,NA,NA,NA,NA,NA,ve el chicas,Omission,DOM,Feminine,Plural,NA,NA,NA,L2L,4th/5th,Early,Yes,NA,0,117,2026,0,NA,NA,NA,-0.42437022401530294,-0.6373169459146317,"Full DP, no DOM"
H108,2,1,NA,3,NA,102,NA,NA,NA,NA,NA,NA,NA,Romanian,Yes,Yes,Yes,Production,Prod-01,1,NA,NA,NA,NA,NA,ve a un niño,NA,DOM,Masculine,Singular,NA,NA,NA,L2L,NA,Early,Yes,NA,0,102,2026,1,NA,NA,NA,-0.9988130862451546,-1.1672836321893758,NA
H108,2,1,NA,3,NA,102,NA,NA,NA,NA,NA,NA,NA,Romanian,Yes,Yes,Yes,Production,Prod-04,1,NA,NA,NA,NA,NA,ve a un niño,NA,DOM,Masculine,Singular,NA,NA,NA,L2L,NA,Early,Yes,NA,0,102,2026,1,NA,NA,NA,-0.9988130862451546,-1.1672836321893758,NA
H108,2,1,NA,3,NA,102,NA,NA,NA,NA,NA,NA,NA,Romanian,Yes,Yes,Yes,Production,Prod-08,1,NA,NA,NA,NA,NA,ve a una niña,NA,DOM,Feminine,Singular,NA,NA,NA,L2L,NA,Early,Yes,NA,0,102,2026,1,NA,NA,NA,-0.9988130862451546,-1.1672836321893758,NA
H108,2,1,NA,3,NA,102,NA,NA,NA,NA,NA,NA,NA,Romanian,Yes,Yes,Yes,Production,Prod-12,1,NA,NA,NA,NA,NA,ve a un niño,NA,DOM,Masculine,Singular,NA,NA,NA,L2L,NA,Early,Yes,NA,0,102,2026,1,NA,NA,NA,-0.9988130862451546,-1.1672836321893758,NA
H108,2,1,NA,3,NA,102,NA,NA,NA,NA,NA,NA,NA,Romanian,Yes,Yes,Yes,Production,Prod-16,1,NA,NA,NA,NA,NA,ve a un bebé,NA,DOM,Masculine,Singular,NA,NA,NA,L2L,NA,Early,Yes,NA,0,102,2026,1,NA,NA,NA,-0.9988130862451546,-1.1672836321893758,NA
H108,2,1,NA,3,NA,102,NA,NA,NA,NA,NA,NA,NA,Romanian,Yes,Yes,Yes,Production,Prod-20,1,NA,NA,NA,NA,NA,ve a una niña,NA,DOM,Feminine,Singular,NA,NA,NA,L2L,NA,Early,Yes,NA,0,102,2026,1,NA,NA,NA,-0.9988130862451546,-1.1672836321893758,NA
H108,2,1,NA,3,NA,102,NA,NA,NA,NA,NA,NA,NA,Romanian,Yes,Yes,Yes,Production,Prod-24,1,NA,NA,NA,NA,NA,ve a dos niñas,NA,DOM,Feminine,Plural,NA,NA,NA,L2L,NA,Early,Yes,NA,0,102,2026,1,NA,NA,NA,-0.9988130862451546,-1.1672836321893758,NA
H108,2,1,NA,3,NA,102,NA,NA,NA,NA,NA,NA,NA,Romanian,Yes,Yes,Yes,Production,Prod-27,1,NA,NA,NA,NA,NA,ve a dos niñas,NA,DOM,Feminine,Plural,NA,NA,NA,L2L,NA,Early,Yes,NA,0,102,2026,1,NA,NA,NA,-0.9988130862451546,-1.1672836321893758,NA
H109,2,1,L2L 4th/5th,4,NA,119,NA,NA,NA,NA,NA,NA,NA,"Hindi, Malayalam, Marathi",Yes,Yes,Yes,Production,Prod-01,0,NA,NA,NA,NA,NA,yo ve una un niño,Omission,DOM,Masculine,Singular,NA,NA,NA,L2L,4th/5th,Early,Yes,NA,0,119,2026,0,NA,NA,NA,-0.34777784238465603,-0.5666547210779992,"DP, no verb, no DOM"
H109,2,1,L2L 4th/5th,4,NA,119,NA,NA,NA,NA,NA,NA,NA,"Hindi, Malayalam, Marathi",Yes,Yes,Yes,Production,Prod-04,1,NA,NA,NA,NA,NA,ve el niño…ama a la niña,Omission,DOM,Masculine,Singular,NA,NA,NA,L2L,4th/5th,Early,Yes,NA,0,119,2026,1,NA,NA,NA,-0.34777784238465603,-0.5666547210779992,NA
H109,2,1,L2L 4th/5th,4,NA,119,NA,NA,NA,NA,NA,NA,NA,"Hindi, Malayalam, Marathi",Yes,Yes,Yes,Production,Prod-08,0,NA,NA,NA,NA,NA,ve una niña,Omission,DOM,Feminine,Singular,NA,NA,NA,L2L,4th/5th,Early,Yes,NA,0,119,2026,0,NA,NA,NA,-0.34777784238465603,-0.5666547210779992,"Full DP, no DOM"
H109,2,1,L2L 4th/5th,4,NA,119,NA,NA,NA,NA,NA,NA,NA,"Hindi, Malayalam, Marathi",Yes,Yes,Yes,Production,Prod-12,0,NA,NA,NA,NA,NA,una niña,Omission,DOM,Masculine,Singular,NA,NA,NA,L2L,4th/5th,Early,Yes,NA,0,119,2026,0,NA,NA,NA,-0.34777784238465603,-0.5666547210779992,"DP, no verb, no DOM"
H109,2,1,L2L 4th/5th,4,NA,119,NA,NA,NA,NA,NA,NA,NA,"Hindi, Malayalam, Marathi",Yes,Yes,Yes,Production,Prod-16,0,NA,NA,NA,NA,NA,el bebé,Omission,DOM,Masculine,Singular,NA,NA,NA,L2L,4th/5th,Early,Yes,NA,0,119,2026,0,NA,NA,NA,-0.34777784238465603,-0.5666547210779992,"DP, no verb, no DOM"
H109,2,1,L2L 4th/5th,4,NA,119,NA,NA,NA,NA,NA,NA,NA,"Hindi, Malayalam, Marathi",Yes,Yes,Yes,Production,Prod-20,0,NA,NA,NA,NA,NA,una niña,Omission,DOM,Feminine,Singular,NA,NA,NA,L2L,4th/5th,Early,Yes,NA,0,119,2026,0,NA,NA,NA,-0.34777784238465603,-0.5666547210779992,"DP, no verb, no DOM"
H109,2,1,L2L 4th/5th,4,NA,119,NA,NA,NA,NA,NA,NA,NA,"Hindi, Malayalam, Marathi",Yes,Yes,Yes,Production,Prod-24,0,NA,NA,NA,NA,NA,dos niñas,Omission,DOM,Feminine,Plural,NA,NA,NA,L2L,4th/5th,Early,Yes,NA,0,119,2026,0,NA,NA,NA,-0.34777784238465603,-0.5666547210779992,"DP, no verb, no DOM"
H109,2,1,L2L 4th/5th,4,NA,119,NA,NA,NA,NA,NA,NA,NA,"Hindi, Malayalam, Marathi",Yes,Yes,Yes,Production,Prod-27,0,NA,NA,NA,NA,NA,dos niñas,Omission,DOM,Feminine,Plural,NA,NA,NA,L2L,4th/5th,Early,Yes,NA,0,119,2026,0,NA,NA,NA,-0.34777784238465603,-0.5666547210779992,"DP, no verb, no DOM"
H110,2,1,L2L 2nd,2,NA,93,NA,NA,NA,NA,NA,NA,NA,Romanian,Yes,Yes,Yes,Production,Prod-01,0,NA,NA,NA,NA,NA,un niño,Omission,DOM,Masculine,Singular,NA,NA,NA,L2L,2nd,Early,Yes,NA,0,93,2026,0,NA,NA,NA,-1.3434788035830658,-1.4852636439542224,"DP, no verb, no DOM"
H110,2,1,L2L 2nd,2,NA,93,NA,NA,NA,NA,NA,NA,NA,Romanian,Yes,Yes,Yes,Production,Prod-04,0,NA,NA,NA,NA,NA,el niño,Omission,DOM,Masculine,Singular,NA,NA,NA,L2L,2nd,Early,Yes,NA,0,93,2026,0,NA,NA,NA,-1.3434788035830658,-1.4852636439542224,"DP, no verb, no DOM"
H110,2,1,L2L 2nd,2,NA,93,NA,NA,NA,NA,NA,NA,NA,Romanian,Yes,Yes,Yes,Production,Prod-08,0,NA,NA,NA,NA,NA,la niña,Omission,DOM,Feminine,Singular,NA,NA,NA,L2L,2nd,Early,Yes,NA,0,93,2026,0,NA,NA,NA,-1.3434788035830658,-1.4852636439542224,"DP, no verb, no DOM"
H110,2,1,L2L 2nd,2,NA,93,NA,NA,NA,NA,NA,NA,NA,Romanian,Yes,Yes,Yes,Production,Prod-12,0,NA,NA,NA,NA,NA,el niño,Omission,DOM,Masculine,Singular,NA,NA,NA,L2L,2nd,Early,Yes,NA,0,93,2026,0,NA,NA,NA,-1.3434788035830658,-1.4852636439542224,"DP, no verb, no DOM"
H110,2,1,L2L 2nd,2,NA,93,NA,NA,NA,NA,NA,NA,NA,Romanian,Yes,Yes,Yes,Production,Prod-16,0,NA,NA,NA,NA,NA,el bebé,NA,DOM,Masculine,Singular,NA,NA,NA,L2L,2nd,Early,Yes,NA,0,93,2026,0,NA,NA,NA,-1.3434788035830658,-1.4852636439542224,"DP, no verb, no DOM"
H110,2,1,L2L 2nd,2,NA,93,NA,NA,NA,NA,NA,NA,NA,Romanian,Yes,Yes,Yes,Production,Prod-20,0,NA,NA,NA,NA,NA,la niña,Omission,DOM,Feminine,Singular,NA,NA,NA,L2L,2nd,Early,Yes,NA,0,93,2026,0,NA,NA,NA,-1.3434788035830658,-1.4852636439542224,"DP, no verb, no DOM"
H110,2,1,L2L 2nd,2,NA,93,NA,NA,NA,NA,NA,NA,NA,Romanian,Yes,Yes,Yes,Production,Prod-24,0,NA,NA,NA,NA,NA,las niñas,Omission,DOM,Feminine,Plural,NA,NA,NA,L2L,2nd,Early,Yes,NA,0,93,2026,0,NA,NA,NA,-1.3434788035830658,-1.4852636439542224,"DP, no verb, no DOM"
H110,2,1,L2L 2nd,2,NA,93,NA,NA,NA,NA,NA,NA,NA,Romanian,Yes,Yes,Yes,Production,Prod-27,0,NA,NA,NA,NA,NA,las niñas,Omission,DOM,Feminine,Plural,NA,NA,NA,L2L,2nd,Early,Yes,NA,0,93,2026,0,NA,NA,NA,-1.3434788035830658,-1.4852636439542224,"DP, no verb, no DOM"
H111,2,1,NA,3,NA,110,NA,NA,NA,NA,NA,NA,NA,NA,NA,NA,NA,Production,Prod-01,0,NA,NA,NA,NA,NA,la papá ve un niño,Omission,DOM,Masculine,Singular,NA,NA,NA,L2L,NA,Early,Yes,NA,0,110,2026,0,NA,NA,NA,-0.6924435597225671,-0.8846347328428457,"Full DP, no DOM"
H111,2,1,NA,3,NA,110,NA,NA,NA,NA,NA,NA,NA,NA,NA,NA,NA,Production,Prod-04,1,NA,NA,NA,NA,NA,la mamá ve a un niño,NA,DOM,Masculine,Singular,NA,NA,NA,L2L,NA,Early,Yes,NA,0,110,2026,1,NA,NA,NA,-0.6924435597225671,-0.8846347328428457,NA
H111,2,1,NA,3,NA,110,NA,NA,NA,NA,NA,NA,NA,NA,NA,NA,NA,Production,Prod-08,0,NA,NA,NA,NA,NA,la abuela ve una niña,Omission,DOM,Feminine,Singular,NA,NA,NA,L2L,NA,Early,Yes,NA,0,110,2026,0,NA,NA,NA,-0.6924435597225671,-0.8846347328428457,"Full DP, no DOM"
H111,2,1,NA,3,NA,110,NA,NA,NA,NA,NA,NA,NA,NA,NA,NA,NA,Production,Prod-12,0,NA,NA,NA,NA,NA,ve una niña que está muy feliz,Omission,DOM,Masculine,Singular,NA,NA,NA,L2L,NA,Early,Yes,NA,0,110,2026,0,NA,NA,NA,-0.6924435597225671,-0.8846347328428457,"Full DP, no DOM"
H111,2,1,NA,3,NA,110,NA,NA,NA,NA,NA,NA,NA,NA,NA,NA,NA,Production,Prod-16,0,NA,NA,NA,NA,NA,ve un niño,Omission,DOM,Masculine,Singular,NA,NA,NA,L2L,NA,Early,Yes,NA,0,110,2026,0,NA,NA,NA,-0.6924435597225671,-0.8846347328428457,"Full DP, no DOM"
H111,2,1,NA,3,NA,110,NA,NA,NA,NA,NA,NA,NA,NA,NA,NA,NA,Production,Prod-20,0,NA,NA,NA,NA,NA,la monstruo ve un niña,Omission,DOM,Feminine,Singular,NA,NA,NA,L2L,NA,Early,Yes,NA,0,110,2026,0,NA,NA,NA,-0.6924435597225671,-0.8846347328428457,"Full DP, no DOM"
H111,2,1,NA,3,NA,110,NA,NA,NA,NA,NA,NA,NA,NA,NA,NA,NA,Production,Prod-24,0,NA,NA,NA,NA,NA,los perros ve dos niñas,Omission,DOM,Feminine,Plural,NA,NA,NA,L2L,NA,Early,Yes,NA,0,110,2026,0,NA,NA,NA,-0.6924435597225671,-0.8846347328428457,"Full DP, no DOM"
H111,2,1,NA,3,NA,110,NA,NA,NA,NA,NA,NA,NA,NA,NA,NA,NA,Production,Prod-27,0,NA,NA,NA,NA,NA,ve dos niñas,Omission,DOM,Feminine,Plural,NA,NA,NA,L2L,NA,Early,Yes,NA,0,110,2026,0,NA,NA,NA,-0.6924435597225671,-0.8846347328428457,"Full DP, no DOM"
H113,2,1,NA,3,NA,115,NA,NA,NA,NA,NA,NA,NA,NA,NA,NA,NA,Production,Prod-01,0,NA,NA,NA,NA,NA,la niña o el niño,NA,DOM,Masculine,Singular,NA,NA,NA,L2L,NA,Early,Yes,NA,0,115,2026,0,NA,NA,NA,-0.5009626056459499,-0.7079791707512643,"DP, no verb, no DOM"
H113,2,1,NA,3,NA,115,NA,NA,NA,NA,NA,NA,NA,NA,NA,NA,NA,Production,Prod-04,1,NA,NA,NA,NA,NA,a el niño,NA,DOM,Masculine,Singular,NA,NA,NA,L2L,NA,Early,Yes,NA,0,115,2026,1,NA,NA,NA,-0.5009626056459499,-0.7079791707512643,NA
H113,2,1,NA,3,NA,115,NA,NA,NA,NA,NA,NA,NA,NA,NA,NA,NA,Production,Prod-08,0,NA,NA,NA,NA,NA,la niña y el perro,Omission,DOM,Feminine,Singular,NA,NA,NA,L2L,NA,Early,Yes,NA,0,115,2026,0,NA,NA,NA,-0.5009626056459499,-0.7079791707512643,"DP, no verb, no DOM"
H113,2,1,NA,3,NA,115,NA,NA,NA,NA,NA,NA,NA,NA,NA,NA,NA,Production,Prod-12,0,NA,NA,NA,NA,NA,el niño,Omission,DOM,Masculine,Singular,NA,NA,NA,L2L,NA,Early,Yes,NA,0,115,2026,0,NA,NA,NA,-0.5009626056459499,-0.7079791707512643,"DP, no verb, no DOM"
H113,2,1,NA,3,NA,115,NA,NA,NA,NA,NA,NA,NA,NA,NA,NA,NA,Production,Prod-16,0,NA,NA,NA,NA,NA,el bebé,Omission,DOM,Masculine,Singular,NA,NA,NA,L2L,NA,Early,Yes,NA,0,115,2026,0,NA,NA,NA,-0.5009626056459499,-0.7079791707512643,"DP, no verb, no DOM"
H113,2,1,NA,3,NA,115,NA,NA,NA,NA,NA,NA,NA,NA,NA,NA,NA,Production,Prod-20,0,NA,NA,NA,NA,NA,la niña,Omission,DOM,Feminine,Singular,NA,NA,NA,L2L,NA,Early,Yes,NA,0,115,2026,0,NA,NA,NA,-0.5009626056459499,-0.7079791707512643,"DP, no verb, no DOM"
H113,2,1,NA,3,NA,115,NA,NA,NA,NA,NA,NA,NA,NA,NA,NA,NA,Production,Prod-24,0,NA,NA,NA,NA,NA,las niñas,Omission,DOM,Feminine,Plural,NA,NA,NA,L2L,NA,Early,Yes,NA,0,115,2026,0,NA,NA,NA,-0.5009626056459499,-0.7079791707512643,"DP, no verb, no DOM"
H113,2,1,NA,3,NA,115,NA,NA,NA,NA,NA,NA,NA,NA,NA,NA,NA,Production,Prod-27,0,NA,NA,NA,NA,NA,las niñas,Omission,DOM,Feminine,Plural,NA,NA,NA,L2L,NA,Early,Yes,NA,0,115,2026,0,NA,NA,NA,-0.5009626056459499,-0.7079791707512643,"DP, no verb, no DOM"
H114,2,1,L2L 7th/8th,7,NA,153,NA,NA,NA,NA,NA,NA,NA,NA,NA,NA,NA,Production,Prod-01,1,NA,NA,NA,NA,NA,ve a su hijo,NA,DOM,Masculine,Singular,NA,NA,NA,L2L,7th/8th,Early,Yes,NA,0,153,2026,1,NA,NA,NA,0.9542926453363413,0.6346031011447542,NA
H114,2,1,L2L 7th/8th,7,NA,153,NA,NA,NA,NA,NA,NA,NA,NA,NA,NA,NA,Production,Prod-04,1,NA,NA,NA,NA,NA,ve a su hijo,NA,DOM,Masculine,Singular,NA,NA,NA,L2L,7th/8th,Early,Yes,NA,0,153,2026,1,NA,NA,NA,0.9542926453363413,0.6346031011447542,NA
H114,2,1,L2L 7th/8th,7,NA,153,NA,NA,NA,NA,NA,NA,NA,NA,NA,NA,NA,Production,Prod-08,1,NA,NA,NA,NA,NA,a su a una niña,NA,DOM,Feminine,Singular,NA,NA,NA,L2L,7th/8th,Early,Yes,NA,0,153,2026,1,NA,NA,NA,0.9542926453363413,0.6346031011447542,NA
H114,2,1,L2L 7th/8th,7,NA,153,NA,NA,NA,NA,NA,NA,NA,NA,NA,NA,NA,Production,Prod-12,1,NA,NA,NA,NA,NA,a un niño,NA,DOM,Masculine,Singular,NA,NA,NA,L2L,7th/8th,Early,Yes,NA,0,153,2026,1,NA,NA,NA,0.9542926453363413,0.6346031011447542,NA
H114,2,1,L2L 7th/8th,7,NA,153,NA,NA,NA,NA,NA,NA,NA,NA,NA,NA,NA,Production,Prod-16,1,NA,NA,NA,NA,NA,a su hijo,NA,DOM,Masculine,Singular,NA,NA,NA,L2L,7th/8th,Early,Yes,NA,0,153,2026,1,NA,NA,NA,0.9542926453363413,0.6346031011447542,NA
H114,2,1,L2L 7th/8th,7,NA,153,NA,NA,NA,NA,NA,NA,NA,NA,NA,NA,NA,Production,Prod-20,1,NA,NA,NA,NA,NA,a una niño,NA,DOM,Feminine,Singular,NA,NA,NA,L2L,7th/8th,Early,Yes,NA,0,153,2026,1,NA,NA,NA,0.9542926453363413,0.6346031011447542,NA
H114,2,1,L2L 7th/8th,7,NA,153,NA,NA,NA,NA,NA,NA,NA,NA,NA,NA,NA,Production,Prod-24,1,NA,NA,NA,NA,NA,ve a las niños,NA,DOM,Feminine,Plural,NA,NA,NA,L2L,7th/8th,Early,Yes,NA,0,153,2026,1,NA,NA,NA,0.9542926453363413,0.6346031011447542,NA
H114,2,1,L2L 7th/8th,7,NA,153,NA,NA,NA,NA,NA,NA,NA,NA,NA,NA,NA,Production,Prod-27,1,NA,NA,NA,NA,NA,ve a los niños,NA,DOM,Feminine,Plural,NA,NA,NA,L2L,7th/8th,Early,Yes,NA,0,153,2026,1,NA,NA,NA,0.9542926453363413,0.6346031011447542,NA
H116,2,1,HS 7th/8th,8,NA,165,NA,NA,NA,NA,NA,NA,NA,NA,NA,NA,NA,Production,Prod-01,1,NA,NA,NA,NA,NA,ve a un niño,NA,DOM,Masculine,Singular,NA,NA,NA,HS,7th/8th,Early,Yes,NA,0,165,2026,1,NA,NA,NA,1.4138469351202227,1.0585764501645496,NA
H116,2,1,HS 7th/8th,8,NA,165,NA,NA,NA,NA,NA,NA,NA,NA,NA,NA,NA,Production,Prod-04,NA,NA,NA,NA,NA,NA,probablemente es su hijo,Grammatical alternative,DOM,Masculine,Singular,NA,NA,NA,HS,7th/8th,Early,Yes,NA,0,165,2026,NA,NA,NA,NA,1.4138469351202227,1.0585764501645496,Grammatical alternative
H116,2,1,HS 7th/8th,8,NA,165,NA,NA,NA,NA,NA,NA,NA,NA,NA,NA,NA,Production,Prod-08,1,NA,NA,NA,NA,NA,ve a su nieta,NA,DOM,Feminine,Singular,NA,NA,NA,HS,7th/8th,Early,Yes,NA,0,165,2026,1,NA,NA,NA,1.4138469351202227,1.0585764501645496,NA
H116,2,1,HS 7th/8th,8,NA,165,NA,NA,NA,NA,NA,NA,NA,NA,NA,NA,NA,Production,Prod-12,1,NA,NA,NA,NA,NA,ve a su amigo,NA,DOM,Masculine,Singular,NA,NA,NA,HS,7th/8th,Early,Yes,NA,0,165,2026,1,NA,NA,NA,1.4138469351202227,1.0585764501645496,NA
H116,2,1,HS 7th/8th,8,NA,165,NA,NA,NA,NA,NA,NA,NA,NA,NA,NA,NA,Production,Prod-16,1,NA,NA,NA,NA,NA,ve a su hijo,NA,DOM,Masculine,Singular,NA,NA,NA,HS,7th/8th,Early,Yes,NA,0,165,2026,1,NA,NA,NA,1.4138469351202227,1.0585764501645496,NA
H116,2,1,HS 7th/8th,8,NA,165,NA,NA,NA,NA,NA,NA,NA,NA,NA,NA,NA,Production,Prod-20,1,NA,NA,NA,NA,NA,ve a una niña,NA,DOM,Feminine,Singular,NA,NA,NA,HS,7th/8th,Early,Yes,NA,0,165,2026,1,NA,NA,NA,1.4138469351202227,1.0585764501645496,NA
H116,2,1,HS 7th/8th,8,NA,165,NA,NA,NA,NA,NA,NA,NA,NA,NA,NA,NA,Production,Prod-24,1,NA,NA,NA,NA,NA,ve a dos niñas,NA,DOM,Feminine,Plural,NA,NA,NA,HS,7th/8th,Early,Yes,NA,0,165,2026,1,NA,NA,NA,1.4138469351202227,1.0585764501645496,NA
H116,2,1,HS 7th/8th,8,NA,165,NA,NA,NA,NA,NA,NA,NA,NA,NA,NA,NA,Production,Prod-27,1,NA,NA,NA,NA,NA,ve a dos niñas,NA,DOM,Feminine,Plural,NA,NA,NA,HS,7th/8th,Early,Yes,NA,0,165,2026,1,NA,NA,NA,1.4138469351202227,1.0585764501645496,NA
H118,2,1,HS 4th/5th,4,NA,118,NA,NA,NA,NA,NA,NA,NA,Heritage Spanish,NA,NA,NA,Production,Prod-01,0,NA,NA,NA,NA,NA,ve un niño,Omission,DOM,Masculine,Singular,NA,NA,NA,HS,4th/5th,Early,Yes,NA,0,118,2026,0,NA,NA,NA,-0.3860740331999795,-0.6019858334963155,"Full DP, no DOM"
H118,2,1,HS 4th/5th,4,NA,118,NA,NA,NA,NA,NA,NA,NA,Heritage Spanish,NA,NA,NA,Production,Prod-04,0,NA,NA,NA,NA,NA,la mamá vio su hijo,Omission,DOM,Masculine,Singular,NA,NA,NA,HS,4th/5th,Early,Yes,NA,0,118,2026,0,NA,NA,NA,-0.3860740331999795,-0.6019858334963155,"Full DP, no DOM"
H118,2,1,HS 4th/5th,4,NA,118,NA,NA,NA,NA,NA,NA,NA,Heritage Spanish,NA,NA,NA,Production,Prod-08,0,NA,NA,NA,NA,NA,ve una niña,Omission,DOM,Feminine,Singular,NA,NA,NA,HS,4th/5th,Early,Yes,NA,0,118,2026,0,NA,NA,NA,-0.3860740331999795,-0.6019858334963155,"Full DP, no DOM"
H118,2,1,HS 4th/5th,4,NA,118,NA,NA,NA,NA,NA,NA,NA,Heritage Spanish,NA,NA,NA,Production,Prod-12,0,NA,NA,NA,NA,NA,ve el niño,Omission,DOM,Masculine,Singular,NA,NA,NA,HS,4th/5th,Early,Yes,NA,0,118,2026,0,NA,NA,NA,-0.3860740331999795,-0.6019858334963155,"Full DP, no DOM"
H118,2,1,HS 4th/5th,4,NA,118,NA,NA,NA,NA,NA,NA,NA,Heritage Spanish,NA,NA,NA,Production,Prod-16,0,NA,NA,NA,NA,NA,ve el niño,Omission,DOM,Masculine,Singular,NA,NA,NA,HS,4th/5th,Early,Yes,NA,0,118,2026,0,NA,NA,NA,-0.3860740331999795,-0.6019858334963155,"Full DP, no DOM"
H118,2,1,HS 4th/5th,4,NA,118,NA,NA,NA,NA,NA,NA,NA,Heritage Spanish,NA,NA,NA,Production,Prod-20,0,NA,NA,NA,NA,NA,una niña,Omission,DOM,Feminine,Singular,NA,NA,NA,HS,4th/5th,Early,Yes,NA,0,118,2026,0,NA,NA,NA,-0.3860740331999795,-0.6019858334963155,"Full DP, no DOM"
H118,2,1,HS 4th/5th,4,NA,118,NA,NA,NA,NA,NA,NA,NA,Heritage Spanish,NA,NA,NA,Production,Prod-24,0,NA,NA,NA,NA,NA,ve los dos niñas,NA,DOM,Feminine,Plural,NA,NA,NA,HS,4th/5th,Early,Yes,NA,0,118,2026,0,NA,NA,NA,-0.3860740331999795,-0.6019858334963155,"Full DP, no DOM"
H118,2,1,HS 4th/5th,4,NA,118,NA,NA,NA,NA,NA,NA,NA,Heritage Spanish,NA,NA,NA,Production,Prod-27,0,NA,NA,NA,NA,NA,ve los dos niños,Omission,DOM,Feminine,Plural,NA,NA,NA,HS,4th/5th,Early,Yes,NA,0,118,2026,0,NA,NA,NA,-0.3860740331999795,-0.6019858334963155,"Full DP, no DOM"
H119,2,1,HS 4th/5th,4,NA,122,NA,NA,NA,NA,NA,NA,NA,Heritage Spanish,NA,NA,NA,Production,Prod-01,0,NA,NA,NA,NA,NA,el niño,Omission,DOM,Masculine,Singular,NA,NA,NA,HS,4th/5th,Early,Yes,NA,0,122,2026,0,NA,NA,NA,-0.2328892699386857,-0.4606613838230504,"DP, no verb, no DOM"
H119,2,1,HS 4th/5th,4,NA,122,NA,NA,NA,NA,NA,NA,NA,Heritage Spanish,NA,NA,NA,Production,Prod-04,0,NA,NA,NA,NA,NA,viendo el niño,Omission,DOM,Masculine,Singular,NA,NA,NA,HS,4th/5th,Early,Yes,NA,0,122,2026,0,NA,NA,NA,-0.2328892699386857,-0.4606613838230504,"Full DP, no DOM"
H119,2,1,HS 4th/5th,4,NA,122,NA,NA,NA,NA,NA,NA,NA,Heritage Spanish,NA,NA,NA,Production,Prod-08,0,NA,NA,NA,NA,NA,ve el niña,Omission,DOM,Feminine,Singular,NA,NA,NA,HS,4th/5th,Early,Yes,NA,0,122,2026,0,NA,NA,NA,-0.2328892699386857,-0.4606613838230504,"Full DP, no DOM"
H119,2,1,HS 4th/5th,4,NA,122,NA,NA,NA,NA,NA,NA,NA,Heritage Spanish,NA,NA,NA,Production,Prod-12,1,NA,NA,NA,NA,NA,al niño,NA,DOM,Masculine,Singular,NA,NA,NA,HS,4th/5th,Early,Yes,NA,0,122,2026,1,NA,NA,NA,-0.2328892699386857,-0.4606613838230504,NA
H119,2,1,HS 4th/5th,4,NA,122,NA,NA,NA,NA,NA,NA,NA,Heritage Spanish,NA,NA,NA,Production,Prod-16,1,NA,NA,NA,NA,NA,al bebé,NA,DOM,Masculine,Singular,NA,NA,NA,HS,4th/5th,Early,Yes,NA,0,122,2026,1,NA,NA,NA,-0.2328892699386857,-0.4606613838230504,NA
H119,2,1,HS 4th/5th,4,NA,122,NA,NA,NA,NA,NA,NA,NA,Heritage Spanish,NA,NA,NA,Production,Prod-20,1,NA,NA,NA,NA,NA,al niño,NA,DOM,Feminine,Singular,NA,NA,NA,HS,4th/5th,Early,Yes,NA,0,122,2026,1,NA,NA,NA,-0.2328892699386857,-0.4606613838230504,NA
H119,2,1,HS 4th/5th,4,NA,122,NA,NA,NA,NA,NA,NA,NA,Heritage Spanish,NA,NA,NA,Production,Prod-24,1,NA,NA,NA,NA,NA,a los niños,NA,DOM,Feminine,Plural,NA,NA,NA,HS,4th/5th,Early,Yes,NA,0,122,2026,1,NA,NA,NA,-0.2328892699386857,-0.4606613838230504,NA
H119,2,1,HS 4th/5th,4,NA,122,NA,NA,NA,NA,NA,NA,NA,Heritage Spanish,NA,NA,NA,Production,Prod-27,1,NA,NA,NA,NA,NA,a los niños,NA,DOM,Feminine,Plural,NA,NA,NA,HS,4th/5th,Early,Yes,NA,0,122,2026,1,NA,NA,NA,-0.2328892699386857,-0.4606613838230504,NA
H120,2,1,HS 4th/5th,4,NA,125,NA,NA,NA,NA,NA,NA,NA,Heritage Spanish,NA,NA,NA,Production,Prod-01,0,NA,NA,NA,NA,NA,ve la chica,Omission,DOM,Masculine,Singular,NA,NA,NA,HS,4th/5th,Early,Yes,NA,0,125,2026,0,NA,NA,NA,-0.11800069749271534,-0.3546680465681015,"Full DP, no DOM"
H120,2,1,HS 4th/5th,4,NA,125,NA,NA,NA,NA,NA,NA,NA,Heritage Spanish,NA,NA,NA,Production,Prod-04,0,NA,NA,NA,NA,NA,ve su chico,Omission,DOM,Masculine,Singular,NA,NA,NA,HS,4th/5th,Early,Yes,NA,0,125,2026,0,NA,NA,NA,-0.11800069749271534,-0.3546680465681015,"Full DP, no DOM"
H120,2,1,HS 4th/5th,4,NA,125,NA,NA,NA,NA,NA,NA,NA,Heritage Spanish,NA,NA,NA,Production,Prod-08,0,NA,NA,NA,NA,NA,ve una chica,Omission,DOM,Feminine,Singular,NA,NA,NA,HS,4th/5th,Early,Yes,NA,0,125,2026,0,NA,NA,NA,-0.11800069749271534,-0.3546680465681015,"Full DP, no DOM"
H120,2,1,HS 4th/5th,4,NA,125,NA,NA,NA,NA,NA,NA,NA,Heritage Spanish,NA,NA,NA,Production,Prod-12,0,NA,NA,NA,NA,NA,ve uhm un chico,NA,DOM,Masculine,Singular,NA,NA,NA,HS,4th/5th,Early,Yes,NA,0,125,2026,0,NA,NA,NA,-0.11800069749271534,-0.3546680465681015,"Full DP, no DOM"
H120,2,1,HS 4th/5th,4,NA,125,NA,NA,NA,NA,NA,NA,NA,Heritage Spanish,NA,NA,NA,Production,Prod-16,0,NA,NA,NA,NA,NA,ve su hijo,Omission,DOM,Masculine,Singular,NA,NA,NA,HS,4th/5th,Early,Yes,NA,0,125,2026,0,NA,NA,NA,-0.11800069749271534,-0.3546680465681015,"Full DP, no DOM"
H120,2,1,HS 4th/5th,4,NA,125,NA,NA,NA,NA,NA,NA,NA,Heritage Spanish,NA,NA,NA,Production,Prod-20,0,NA,NA,NA,NA,NA,ve la chica,Omission,DOM,Feminine,Singular,NA,NA,NA,HS,4th/5th,Early,Yes,NA,0,125,2026,0,NA,NA,NA,-0.11800069749271534,-0.3546680465681015,"Full DP, no DOM"
H120,2,1,HS 4th/5th,4,NA,125,NA,NA,NA,NA,NA,NA,NA,Heritage Spanish,NA,NA,NA,Production,Prod-24,0,NA,NA,NA,NA,NA,ve las chicas,NA,DOM,Feminine,Plural,NA,NA,NA,HS,4th/5th,Early,Yes,NA,0,125,2026,0,NA,NA,NA,-0.11800069749271534,-0.3546680465681015,"Full DP, no DOM"
H120,2,1,HS 4th/5th,4,NA,125,NA,NA,NA,NA,NA,NA,NA,Heritage Spanish,NA,NA,NA,Production,Prod-27,0,NA,NA,NA,NA,NA,ve las chicas,Omission,DOM,Feminine,Plural,NA,NA,NA,HS,4th/5th,Early,Yes,NA,0,125,2026,0,NA,NA,NA,-0.11800069749271534,-0.3546680465681015,"Full DP, no DOM"
H121,2,1,NA,3,NA,102,NA,NA,NA,NA,NA,NA,NA,Heritage Spanish,NA,NA,NA,Production,Prod-01,0,NA,NA,NA,NA,NA,la niño,Omission,DOM,Masculine,Singular,NA,NA,NA,HS,NA,Early,Yes,NA,0,102,2026,0,NA,NA,NA,-0.9988130862451546,-1.1672836321893758,"Full DP, no DOM"
H121,2,1,NA,3,NA,102,NA,NA,NA,NA,NA,NA,NA,Heritage Spanish,NA,NA,NA,Production,Prod-04,1,NA,NA,NA,NA,NA,ve a la niño,NA,DOM,Masculine,Singular,NA,NA,NA,HS,NA,Early,Yes,NA,0,102,2026,1,NA,NA,NA,-0.9988130862451546,-1.1672836321893758,NA
H121,2,1,NA,3,NA,102,NA,NA,NA,NA,NA,NA,NA,Heritage Spanish,NA,NA,NA,Production,Prod-08,0,NA,NA,NA,NA,NA,ve la niña,Omission,DOM,Feminine,Singular,NA,NA,NA,HS,NA,Early,Yes,NA,0,102,2026,0,NA,NA,NA,-0.9988130862451546,-1.1672836321893758,"Full DP, no DOM"
H121,2,1,NA,3,NA,102,NA,NA,NA,NA,NA,NA,NA,Heritage Spanish,NA,NA,NA,Production,Prod-12,0,NA,NA,NA,NA,NA,se la niño,Omission,DOM,Masculine,Singular,NA,NA,NA,HS,NA,Early,Yes,NA,0,102,2026,0,NA,NA,NA,-0.9988130862451546,-1.1672836321893758,"Full DP, no DOM"
H121,2,1,NA,3,NA,102,NA,NA,NA,NA,NA,NA,NA,Heritage Spanish,NA,NA,NA,Production,Prod-16,0,NA,NA,NA,NA,NA,ve el niña,Omission,DOM,Masculine,Singular,NA,NA,NA,HS,NA,Early,Yes,NA,0,102,2026,0,NA,NA,NA,-0.9988130862451546,-1.1672836321893758,"Full DP, no DOM"
H121,2,1,NA,3,NA,102,NA,NA,NA,NA,NA,NA,NA,Heritage Spanish,NA,NA,NA,Production,Prod-20,NA,NA,NA,NA,NA,NA,se scare la niña,Codeswitched,DOM,Feminine,Singular,NA,NA,NA,HS,NA,Early,Yes,NA,0,102,2026,NA,NA,NA,NA,-0.9988130862451546,-1.1672836321893758,Codeswitching with English verb
H121,2,1,NA,3,NA,102,NA,NA,NA,NA,NA,NA,NA,Heritage Spanish,NA,NA,NA,Production,Prod-24,0,NA,NA,NA,NA,NA,los ve las niñas,Omission,DOM,Feminine,Plural,NA,NA,NA,HS,NA,Early,Yes,NA,0,102,2026,0,NA,NA,NA,-0.9988130862451546,-1.1672836321893758,"Full DP, no DOM"
H121,2,1,NA,3,NA,102,NA,NA,NA,NA,NA,NA,NA,Heritage Spanish,NA,NA,NA,Production,Prod-27,0,NA,NA,NA,NA,NA,ve las niñas,Omission,DOM,Feminine,Plural,NA,NA,NA,HS,NA,Early,Yes,NA,0,102,2026,0,NA,NA,NA,-0.9988130862451546,-1.1672836321893758,"Full DP, no DOM"
H122,2,1,NA,3,NA,110,NA,NA,NA,NA,NA,NA,NA,Heritage Spanish,NA,NA,NA,Production,Prod-01,0,NA,NA,NA,NA,NA,ve el niño,Omission,DOM,Masculine,Singular,NA,NA,NA,HS,NA,Early,Yes,NA,0,110,2026,0,NA,NA,NA,-0.6924435597225671,-0.8846347328428457,"DP, no verb, no DOM"
H122,2,1,NA,3,NA,110,NA,NA,NA,NA,NA,NA,NA,Heritage Spanish,NA,NA,NA,Production,Prod-04,1,NA,NA,NA,NA,NA,ve a el niño,NA,DOM,Masculine,Singular,NA,NA,NA,HS,NA,Early,Yes,NA,0,110,2026,1,NA,NA,NA,-0.6924435597225671,-0.8846347328428457,NA
H122,2,1,NA,3,NA,110,NA,NA,NA,NA,NA,NA,NA,Heritage Spanish,NA,NA,NA,Production,Prod-08,1,NA,NA,NA,NA,NA,ve a la niña,NA,DOM,Feminine,Singular,NA,NA,NA,HS,NA,Early,Yes,NA,0,110,2026,1,NA,NA,NA,-0.6924435597225671,-0.8846347328428457,NA
H122,2,1,NA,3,NA,110,NA,NA,NA,NA,NA,NA,NA,Heritage Spanish,NA,NA,NA,Production,Prod-12,0,NA,NA,NA,NA,NA,ve el niño,NA,DOM,Masculine,Singular,NA,NA,NA,HS,NA,Early,Yes,NA,0,110,2026,0,NA,NA,NA,-0.6924435597225671,-0.8846347328428457,"Full DP, no DOM"
H122,2,1,NA,3,NA,110,NA,NA,NA,NA,NA,NA,NA,Heritage Spanish,NA,NA,NA,Production,Prod-16,1,NA,NA,NA,NA,NA,ve a su hijo,NA,DOM,Masculine,Singular,NA,NA,NA,HS,NA,Early,Yes,NA,0,110,2026,1,NA,NA,NA,-0.6924435597225671,-0.8846347328428457,NA
H122,2,1,NA,3,NA,110,NA,NA,NA,NA,NA,NA,NA,Heritage Spanish,NA,NA,NA,Production,Prod-20,1,NA,NA,NA,NA,NA,ve a la niña,NA,DOM,Feminine,Singular,NA,NA,NA,HS,NA,Early,Yes,NA,0,110,2026,1,NA,NA,NA,-0.6924435597225671,-0.8846347328428457,NA
H122,2,1,NA,3,NA,110,NA,NA,NA,NA,NA,NA,NA,Heritage Spanish,NA,NA,NA,Production,Prod-24,1,NA,NA,NA,NA,NA,ve a la niña,NA,DOM,Feminine,Plural,NA,NA,NA,HS,NA,Early,Yes,NA,0,110,2026,1,NA,NA,NA,-0.6924435597225671,-0.8846347328428457,NA
H122,2,1,NA,3,NA,110,NA,NA,NA,NA,NA,NA,NA,Heritage Spanish,NA,NA,NA,Production,Prod-27,1,NA,NA,NA,NA,NA,ve a las dos niño,NA,DOM,Feminine,Plural,NA,NA,NA,HS,NA,Early,Yes,NA,0,110,2026,1,NA,NA,NA,-0.6924435597225671,-0.8846347328428457,NA
H123,2,1,NA,3,NA,114,NA,NA,NA,NA,NA,NA,NA,Heritage Spanish,NA,NA,NA,Production,Prod-01,0,NA,NA,NA,NA,NA,ve un niño,Omission,DOM,Masculine,Singular,NA,NA,NA,L2L,NA,Early,Yes,NA,0,114,2026,0,NA,NA,NA,-0.5392587964612733,-0.7433102831695806,"Full DP, no DOM"
H123,2,1,NA,3,NA,114,NA,NA,NA,NA,NA,NA,NA,Heritage Spanish,NA,NA,NA,Production,Prod-04,1,NA,NA,NA,NA,NA,ve a su hijo,NA,DOM,Masculine,Singular,NA,NA,NA,L2L,NA,Early,Yes,NA,0,114,2026,1,NA,NA,NA,-0.5392587964612733,-0.7433102831695806,NA
H123,2,1,NA,3,NA,114,NA,NA,NA,NA,NA,NA,NA,Heritage Spanish,NA,NA,NA,Production,Prod-08,1,NA,NA,NA,NA,NA,ve a una niña,NA,DOM,Feminine,Singular,NA,NA,NA,L2L,NA,Early,Yes,NA,0,114,2026,1,NA,NA,NA,-0.5392587964612733,-0.7433102831695806,NA
H123,2,1,NA,3,NA,114,NA,NA,NA,NA,NA,NA,NA,Heritage Spanish,NA,NA,NA,Production,Prod-12,1,NA,NA,NA,NA,NA,ve a su niño,NA,DOM,Masculine,Singular,NA,NA,NA,L2L,NA,Early,Yes,NA,0,114,2026,1,NA,NA,NA,-0.5392587964612733,-0.7433102831695806,NA
H123,2,1,NA,3,NA,114,NA,NA,NA,NA,NA,NA,NA,Heritage Spanish,NA,NA,NA,Production,Prod-16,1,NA,NA,NA,NA,NA,ve a su bebé,NA,DOM,Masculine,Singular,NA,NA,NA,L2L,NA,Early,Yes,NA,0,114,2026,1,NA,NA,NA,-0.5392587964612733,-0.7433102831695806,NA
H123,2,1,NA,3,NA,114,NA,NA,NA,NA,NA,NA,NA,Heritage Spanish,NA,NA,NA,Production,Prod-20,1,NA,NA,NA,NA,NA,ve a una niña,NA,DOM,Feminine,Singular,NA,NA,NA,L2L,NA,Early,Yes,NA,0,114,2026,1,NA,NA,NA,-0.5392587964612733,-0.7433102831695806,NA
H123,2,1,NA,3,NA,114,NA,NA,NA,NA,NA,NA,NA,Heritage Spanish,NA,NA,NA,Production,Prod-24,1,NA,NA,NA,NA,NA,ve a las niñas,NA,DOM,Feminine,Plural,NA,NA,NA,L2L,NA,Early,Yes,NA,0,114,2026,1,NA,NA,NA,-0.5392587964612733,-0.7433102831695806,NA
H123,2,1,NA,3,NA,114,NA,NA,NA,NA,NA,NA,NA,Heritage Spanish,NA,NA,NA,Production,Prod-27,1,NA,NA,NA,NA,NA,ve a sus hujas,NA,DOM,Feminine,Plural,NA,NA,NA,L2L,NA,Early,Yes,NA,0,114,2026,1,NA,NA,NA,-0.5392587964612733,-0.7433102831695806,NA
H124,2,1,HS 2nd,2,NA,95,NA,NA,NA,NA,NA,NA,NA,Heritage Spanish,NA,NA,NA,Production,Prod-01,0,NA,NA,NA,NA,NA,un niño,Omission,DOM,Masculine,Singular,NA,NA,NA,HS,2nd,Early,Yes,NA,0,95,2026,0,NA,NA,NA,-1.2668864219524187,-1.41460141911759,"DP, no verb, no DOM"
H124,2,1,HS 2nd,2,NA,95,NA,NA,NA,NA,NA,NA,NA,Heritage Spanish,NA,NA,NA,Production,Prod-04,NA,NA,NA,NA,NA,NA,un beso al niño,Grammatical alternative,DOM,Masculine,Singular,NA,NA,NA,HS,2nd,Early,Yes,NA,0,95,2026,NA,NA,NA,NA,-1.2668864219524187,-1.41460141911759,NA
H124,2,1,HS 2nd,2,NA,95,NA,NA,NA,NA,NA,NA,NA,Heritage Spanish,NA,NA,NA,Production,Prod-08,0,NA,NA,NA,NA,NA,el grandson,Omission,DOM,Feminine,Singular,NA,NA,NA,HS,2nd,Early,Yes,NA,0,95,2026,0,NA,NA,NA,-1.2668864219524187,-1.41460141911759,"DP, no verb, no DOM"
H124,2,1,HS 2nd,2,NA,95,NA,NA,NA,NA,NA,NA,NA,Heritage Spanish,NA,NA,NA,Production,Prod-12,0,NA,NA,NA,NA,NA,la niño,Omission,DOM,Masculine,Singular,NA,NA,NA,HS,2nd,Early,Yes,NA,0,95,2026,0,NA,NA,NA,-1.2668864219524187,-1.41460141911759,"DP, no verb, no DOM"
H124,2,1,HS 2nd,2,NA,95,NA,NA,NA,NA,NA,NA,NA,Heritage Spanish,NA,NA,NA,Production,Prod-16,0,NA,NA,NA,NA,NA,su bebé,Omission,DOM,Masculine,Singular,NA,NA,NA,HS,2nd,Early,Yes,NA,0,95,2026,0,NA,NA,NA,-1.2668864219524187,-1.41460141911759,"DP, no verb, no DOM"
H124,2,1,HS 2nd,2,NA,95,NA,NA,NA,NA,NA,NA,NA,Heritage Spanish,NA,NA,NA,Production,Prod-20,0,NA,NA,NA,NA,NA,la niña,Omission,DOM,Feminine,Singular,NA,NA,NA,HS,2nd,Early,Yes,NA,0,95,2026,0,NA,NA,NA,-1.2668864219524187,-1.41460141911759,"DP, no verb, no DOM"
H124,2,1,HS 2nd,2,NA,95,NA,NA,NA,NA,NA,NA,NA,Heritage Spanish,NA,NA,NA,Production,Prod-24,0,NA,NA,NA,NA,NA,la niña,Omission,DOM,Feminine,Plural,NA,NA,NA,HS,2nd,Early,Yes,NA,0,95,2026,0,NA,NA,NA,-1.2668864219524187,-1.41460141911759,"DP, no verb, no DOM"
H124,2,1,HS 2nd,2,NA,95,NA,NA,NA,NA,NA,NA,NA,Heritage Spanish,NA,NA,NA,Production,Prod-27,1,NA,NA,NA,NA,NA,a las niñas,NA,DOM,Feminine,Plural,NA,NA,NA,HS,2nd,Early,Yes,NA,0,95,2026,1,NA,NA,NA,-1.2668864219524187,-1.41460141911759,NA
H125,2,1,L2L 4th/5th,4,NA,121,NA,NA,NA,NA,NA,NA,NA,L2,NA,NA,NA,Production,Prod-01,0,NA,NA,NA,NA,NA,el niño,Omission,DOM,Masculine,Singular,NA,NA,NA,L2L,4th/5th,Early,Yes,NA,0,121,2026,0,NA,NA,NA,-0.2711854607540091,-0.49599249624136665,"Full DP, no DOM"
H125,2,1,L2L 4th/5th,4,NA,121,NA,NA,NA,NA,NA,NA,NA,L2,NA,NA,NA,Production,Prod-04,0,NA,NA,NA,NA,NA,ve uh ve el niño,NA,DOM,Masculine,Singular,NA,NA,NA,L2L,4th/5th,Early,Yes,NA,0,121,2026,0,NA,NA,NA,-0.2711854607540091,-0.49599249624136665,"Full DP, no DOM"
H125,2,1,L2L 4th/5th,4,NA,121,NA,NA,NA,NA,NA,NA,NA,L2,NA,NA,NA,Production,Prod-08,0,NA,NA,NA,NA,NA,ve una niña,Omission,DOM,Feminine,Singular,NA,NA,NA,L2L,4th/5th,Early,Yes,NA,0,121,2026,0,NA,NA,NA,-0.2711854607540091,-0.49599249624136665,"Full DP, no DOM"
H125,2,1,L2L 4th/5th,4,NA,121,NA,NA,NA,NA,NA,NA,NA,L2,NA,NA,NA,Production,Prod-12,0,NA,NA,NA,NA,NA,el niño,NA,DOM,Masculine,Singular,NA,NA,NA,L2L,4th/5th,Early,Yes,NA,0,121,2026,0,NA,NA,NA,-0.2711854607540091,-0.49599249624136665,"DP, no verb, no DOM"
H125,2,1,L2L 4th/5th,4,NA,121,NA,NA,NA,NA,NA,NA,NA,L2,NA,NA,NA,Production,Prod-16,0,NA,NA,NA,NA,NA,ve su hijo,Omission,DOM,Masculine,Singular,NA,NA,NA,L2L,4th/5th,Early,Yes,NA,0,121,2026,0,NA,NA,NA,-0.2711854607540091,-0.49599249624136665,"Full DP, no DOM"
H125,2,1,L2L 4th/5th,4,NA,121,NA,NA,NA,NA,NA,NA,NA,L2,NA,NA,NA,Production,Prod-20,0,NA,NA,NA,NA,NA,ve el monstruo,Word order,DOM,Feminine,Singular,NA,NA,NA,L2L,4th/5th,Early,Yes,NA,0,121,2026,0,NA,NA,NA,-0.2711854607540091,-0.49599249624136665,Word order
H125,2,1,L2L 4th/5th,4,NA,121,NA,NA,NA,NA,NA,NA,NA,L2,NA,NA,NA,Production,Prod-24,0,NA,NA,NA,NA,NA,los niños ve el perro,Word order,DOM,Feminine,Plural,NA,NA,NA,L2L,4th/5th,Early,Yes,NA,0,121,2026,0,NA,NA,NA,-0.2711854607540091,-0.49599249624136665,Word order
H125,2,1,L2L 4th/5th,4,NA,121,NA,NA,NA,NA,NA,NA,NA,L2,NA,NA,NA,Production,Prod-27,0,NA,NA,NA,NA,NA,ve las niñas,Omission,DOM,Feminine,Plural,NA,NA,NA,L2L,4th/5th,Early,Yes,NA,0,121,2026,0,NA,NA,NA,-0.2711854607540091,-0.49599249624136665,"Full DP, no DOM"
C01,C,C,Chile,NA,5,67,NA,NA,NA,NA,NA,Spanish,NA,Spanish,NA,NA,NA,Production,Prod-01,1,NA,NA,NA,NA,NA,el niño ve al papá,NA,DOM,Masculine,Singular,NA,NA,NA,ML,NA,Early,Yes,NA,0,67,2026,1,NA,NA,NA,-2.3391797647814756,-2.4038725668304455,NA
C01,C,C,Chile,NA,5,67,NA,NA,NA,NA,NA,Spanish,NA,Spanish,NA,NA,NA,Production,Prod-04,0,NA,NA,NA,NA,NA,el niño,DP,DOM,Masculine,Singular,NA,NA,NA,ML,NA,Early,Yes,NA,0,67,2026,0,NA,NA,NA,-2.3391797647814756,-2.4038725668304455,NA
C01,C,C,Chile,NA,5,67,NA,NA,NA,NA,NA,Spanish,NA,Spanish,NA,NA,NA,Production,Prod-08,1,NA,NA,NA,NA,NA,ve a la niña,NA,DOM,Feminine,Singular,NA,NA,NA,ML,NA,Early,Yes,NA,0,67,2026,1,NA,NA,NA,-2.3391797647814756,-2.4038725668304455,NA
C01,C,C,Chile,NA,5,67,NA,NA,NA,NA,NA,Spanish,NA,Spanish,NA,NA,NA,Production,Prod-12,1,NA,NA,NA,NA,NA,ve al niño,NA,DOM,Masculine,Singular,NA,NA,NA,ML,NA,Early,Yes,NA,0,67,2026,1,NA,NA,NA,-2.3391797647814756,-2.4038725668304455,NA
C01,C,C,Chile,NA,5,67,NA,NA,NA,NA,NA,Spanish,NA,Spanish,NA,NA,NA,Production,Prod-16,1,NA,NA,NA,NA,NA,ve al bebé,NA,DOM,Masculine,Singular,NA,NA,NA,ML,NA,Early,Yes,NA,0,67,2026,1,NA,NA,NA,-2.3391797647814756,-2.4038725668304455,NA
C01,C,C,Chile,NA,5,67,NA,NA,NA,NA,NA,Spanish,NA,Spanish,NA,NA,NA,Production,Prod-20,1,NA,NA,NA,NA,NA,ve a la mujer,NA,DOM,Feminine,Singular,NA,NA,NA,ML,NA,Early,Yes,NA,0,67,2026,1,NA,NA,NA,-2.3391797647814756,-2.4038725668304455,NA
C01,C,C,Chile,NA,5,67,NA,NA,NA,NA,NA,Spanish,NA,Spanish,NA,NA,NA,Production,Prod-24,1,NA,NA,NA,NA,NA,ve a la niña,NA,DOM,Feminine,Plural,NA,NA,NA,ML,NA,Early,Yes,NA,0,67,2026,1,NA,NA,NA,-2.3391797647814756,-2.4038725668304455,NA
C01,C,C,Chile,NA,5,67,NA,NA,NA,NA,NA,Spanish,NA,Spanish,NA,NA,NA,Production,Prod-27,1,NA,NA,NA,NA,NA,ve al niño,NA,DOM,Feminine,Plural,NA,NA,NA,ML,NA,Early,Yes,NA,0,67,2026,1,NA,NA,NA,-2.3391797647814756,-2.4038725668304455,NA
C02,C,C,Chile,5,10,131,NA,NA,NA,NA,NA,Spanish,NA,Spanish,NA,NA,NA,Production,Prod-01,1,NA,NA,NA,NA,NA,el papá ve a su hijo,NA,DOM,Masculine,Singular,NA,NA,NA,ML,4th/5th,Early,Yes,NA,0,131,2026,1,NA,NA,NA,0.11177644739922535,-0.1426813720582039,NA
C02,C,C,Chile,5,10,131,NA,NA,NA,NA,NA,Spanish,NA,Spanish,NA,NA,NA,Production,Prod-04,1,NA,NA,NA,NA,NA,al hijo,NA,DOM,Masculine,Singular,NA,NA,NA,ML,4th/5th,Early,Yes,NA,0,131,2026,1,NA,NA,NA,0.11177644739922535,-0.1426813720582039,NA
C02,C,C,Chile,5,10,131,NA,NA,NA,NA,NA,Spanish,NA,Spanish,NA,NA,NA,Production,Prod-08,1,NA,NA,NA,NA,NA,está viendo a la niña,NA,DOM,Feminine,Singular,NA,NA,NA,ML,4th/5th,Early,Yes,NA,0,131,2026,1,NA,NA,NA,0.11177644739922535,-0.1426813720582039,NA
C02,C,C,Chile,5,10,131,NA,NA,NA,NA,NA,Spanish,NA,Spanish,NA,NA,NA,Production,Prod-12,1,NA,NA,NA,NA,NA,el perro está viendo al niño,NA,DOM,Masculine,Singular,NA,NA,NA,ML,4th/5th,Early,Yes,NA,0,131,2026,1,NA,NA,NA,0.11177644739922535,-0.1426813720582039,NA
C02,C,C,Chile,5,10,131,NA,NA,NA,NA,NA,Spanish,NA,Spanish,NA,NA,NA,Production,Prod-16,1,NA,NA,NA,NA,NA,está viendo a su bebé,NA,DOM,Masculine,Singular,NA,NA,NA,ML,4th/5th,Early,Yes,NA,0,131,2026,1,NA,NA,NA,0.11177644739922535,-0.1426813720582039,NA
C02,C,C,Chile,5,10,131,NA,NA,NA,NA,NA,Spanish,NA,Spanish,NA,NA,NA,Production,Prod-20,1,NA,NA,NA,NA,NA,a la señora,NA,DOM,Feminine,Singular,NA,NA,NA,ML,4th/5th,Early,Yes,NA,0,131,2026,1,NA,NA,NA,0.11177644739922535,-0.1426813720582039,NA
C02,C,C,Chile,5,10,131,NA,NA,NA,NA,NA,Spanish,NA,Spanish,NA,NA,NA,Production,Prod-24,1,NA,NA,NA,NA,NA,el perro ve a las niñas,NA,DOM,Feminine,Plural,NA,NA,NA,ML,4th/5th,Early,Yes,NA,0,131,2026,1,NA,NA,NA,0.11177644739922535,-0.1426813720582039,NA
C02,C,C,Chile,5,10,131,NA,NA,NA,NA,NA,Spanish,NA,Spanish,NA,NA,NA,Production,Prod-27,1,NA,NA,NA,NA,NA,la mamá ve a los niños,NA,DOM,Feminine,Plural,NA,NA,NA,ML,4th/5th,Early,Yes,NA,0,131,2026,1,NA,NA,NA,0.11177644739922535,-0.1426813720582039,NA
C03,C,C,Chile,3,8,101,NA,NA,NA,NA,NA,Spanish,NA,Spanish,NA,NA,NA,Production,Prod-01,1,NA,NA,NA,NA,NA,a un niño,NA,DOM,Masculine,Singular,NA,NA,NA,ML,NA,Early,Yes,NA,0,101,2026,1,NA,NA,NA,-1.0371092770604782,-1.2026147446076922,NA
C03,C,C,Chile,3,8,101,NA,NA,NA,NA,NA,Spanish,NA,Spanish,NA,NA,NA,Production,Prod-04,1,NA,NA,NA,NA,NA,a su hijo,NA,DOM,Masculine,Singular,NA,NA,NA,ML,NA,Early,Yes,NA,0,101,2026,1,NA,NA,NA,-1.0371092770604782,-1.2026147446076922,NA
C03,C,C,Chile,3,8,101,NA,NA,NA,NA,NA,Spanish,NA,Spanish,NA,NA,NA,Production,Prod-08,1,NA,NA,NA,NA,NA,a la niña,NA,DOM,Feminine,Singular,NA,NA,NA,ML,NA,Early,Yes,NA,0,101,2026,1,NA,NA,NA,-1.0371092770604782,-1.2026147446076922,NA
C03,C,C,Chile,3,8,101,NA,NA,NA,NA,NA,Spanish,NA,Spanish,NA,NA,NA,Production,Prod-12,1,NA,NA,NA,NA,NA,ve al niño,NA,DOM,Masculine,Singular,NA,NA,NA,ML,NA,Early,Yes,NA,0,101,2026,1,NA,NA,NA,-1.0371092770604782,-1.2026147446076922,NA
C03,C,C,Chile,3,8,101,NA,NA,NA,NA,NA,Spanish,NA,Spanish,NA,NA,NA,Production,Prod-16,1,NA,NA,NA,NA,NA,a su bebé,NA,DOM,Masculine,Singular,NA,NA,NA,ML,NA,Early,Yes,NA,0,101,2026,1,NA,NA,NA,-1.0371092770604782,-1.2026147446076922,NA
C03,C,C,Chile,3,8,101,NA,NA,NA,NA,NA,Spanish,NA,Spanish,NA,NA,NA,Production,Prod-20,1,NA,NA,NA,NA,NA,a la mujer,NA,DOM,Feminine,Singular,NA,NA,NA,ML,NA,Early,Yes,NA,0,101,2026,1,NA,NA,NA,-1.0371092770604782,-1.2026147446076922,NA
C03,C,C,Chile,3,8,101,NA,NA,NA,NA,NA,Spanish,NA,Spanish,NA,NA,NA,Production,Prod-24,1,NA,NA,NA,NA,NA,a las dos niñas,NA,DOM,Feminine,Plural,NA,NA,NA,ML,NA,Early,Yes,NA,0,101,2026,1,NA,NA,NA,-1.0371092770604782,-1.2026147446076922,NA
C03,C,C,Chile,3,8,101,NA,NA,NA,NA,NA,Spanish,NA,Spanish,NA,NA,NA,Production,Prod-27,1,NA,NA,NA,NA,NA,ve a las niñas,NA,DOM,Feminine,Plural,NA,NA,NA,ML,NA,Early,Yes,NA,0,101,2026,1,NA,NA,NA,-1.0371092770604782,-1.2026147446076922,NA
C04,C,C,Chile,1,6,83,NA,NA,NA,NA,NA,Spanish,NA,Spanish,NA,NA,NA,Production,Prod-01,1,NA,NA,NA,NA,NA,al hijo,NA,DOM,Masculine,Singular,NA,NA,NA,ML,2nd,Early,Yes,NA,0,83,2026,1,NA,NA,NA,-1.7264407117363003,-1.8385747681373852,NA
C04,C,C,Chile,1,6,83,NA,NA,NA,NA,NA,Spanish,NA,Spanish,NA,NA,NA,Production,Prod-04,1,NA,NA,NA,NA,NA,al hijo,NA,DOM,Masculine,Singular,NA,NA,NA,ML,2nd,Early,Yes,NA,0,83,2026,1,NA,NA,NA,-1.7264407117363003,-1.8385747681373852,NA
C04,C,C,Chile,1,6,83,NA,NA,NA,NA,NA,Spanish,NA,Spanish,NA,NA,NA,Production,Prod-08,1,NA,NA,NA,NA,NA,a su nieta,NA,DOM,Feminine,Singular,NA,NA,NA,ML,2nd,Early,Yes,NA,0,83,2026,1,NA,NA,NA,-1.7264407117363003,-1.8385747681373852,NA
C04,C,C,Chile,1,6,83,NA,NA,NA,NA,NA,Spanish,NA,Spanish,NA,NA,NA,Production,Prod-12,1,NA,NA,NA,NA,NA,a su dueño,NA,DOM,Masculine,Singular,NA,NA,NA,ML,2nd,Early,Yes,NA,0,83,2026,1,NA,NA,NA,-1.7264407117363003,-1.8385747681373852,NA
C04,C,C,Chile,1,6,83,NA,NA,NA,NA,NA,Spanish,NA,Spanish,NA,NA,NA,Production,Prod-16,1,NA,NA,NA,NA,NA,a su hijo pequeñito,NA,DOM,Masculine,Singular,NA,NA,NA,ML,2nd,Early,Yes,NA,0,83,2026,1,NA,NA,NA,-1.7264407117363003,-1.8385747681373852,NA
C04,C,C,Chile,1,6,83,NA,NA,NA,NA,NA,Spanish,NA,Spanish,NA,NA,NA,Production,Prod-20,1,NA,NA,NA,NA,NA,a la niña,NA,DOM,Feminine,Singular,NA,NA,NA,ML,2nd,Early,Yes,NA,0,83,2026,1,NA,NA,NA,-1.7264407117363003,-1.8385747681373852,NA
C04,C,C,Chile,1,6,83,NA,NA,NA,NA,NA,Spanish,NA,Spanish,NA,NA,NA,Production,Prod-24,1,NA,NA,NA,NA,NA,a dos niñas,NA,DOM,Feminine,Plural,NA,NA,NA,ML,2nd,Early,Yes,NA,0,83,2026,1,NA,NA,NA,-1.7264407117363003,-1.8385747681373852,NA
C04,C,C,Chile,1,6,83,NA,NA,NA,NA,NA,Spanish,NA,Spanish,NA,NA,NA,Production,Prod-27,1,NA,NA,NA,NA,NA,a dos niñas,NA,DOM,Feminine,Plural,NA,NA,NA,ML,2nd,Early,Yes,NA,0,83,2026,1,NA,NA,NA,-1.7264407117363003,-1.8385747681373852,NA
C05,C,C,Chile,4,10,120,NA,NA,NA,NA,NA,Spanish,NA,Spanish,NA,NA,NA,Production,Prod-01,1,NA,NA,NA,NA,NA,a su hijo,NA,DOM,Masculine,Singular,NA,NA,NA,ML,4th/5th,Early,Yes,NA,0,120,2026,1,NA,NA,NA,-0.3094816515693326,-0.531323608659683,NA
C05,C,C,Chile,4,10,120,NA,NA,NA,NA,NA,Spanish,NA,Spanish,NA,NA,NA,Production,Prod-04,1,NA,NA,NA,NA,NA,a su hijo,NA,DOM,Masculine,Singular,NA,NA,NA,ML,4th/5th,Early,Yes,NA,0,120,2026,1,NA,NA,NA,-0.3094816515693326,-0.531323608659683,NA
C05,C,C,Chile,4,10,120,NA,NA,NA,NA,NA,Spanish,NA,Spanish,NA,NA,NA,Production,Prod-08,1,NA,NA,NA,NA,NA,a su nieta,NA,DOM,Feminine,Singular,NA,NA,NA,ML,4th/5th,Early,Yes,NA,0,120,2026,1,NA,NA,NA,-0.3094816515693326,-0.531323608659683,NA
C05,C,C,Chile,4,10,120,NA,NA,NA,NA,NA,Spanish,NA,Spanish,NA,NA,NA,Production,Prod-12,1,NA,NA,NA,NA,NA,a su dueño,NA,DOM,Masculine,Singular,NA,NA,NA,ML,4th/5th,Early,Yes,NA,0,120,2026,1,NA,NA,NA,-0.3094816515693326,-0.531323608659683,NA
C05,C,C,Chile,4,10,120,NA,NA,NA,NA,NA,Spanish,NA,Spanish,NA,NA,NA,Production,Prod-16,1,NA,NA,NA,NA,NA,a su hijo,NA,DOM,Masculine,Singular,NA,NA,NA,ML,4th/5th,Early,Yes,NA,0,120,2026,1,NA,NA,NA,-0.3094816515693326,-0.531323608659683,NA
C05,C,C,Chile,4,10,120,NA,NA,NA,NA,NA,Spanish,NA,Spanish,NA,NA,NA,Production,Prod-20,1,NA,NA,NA,NA,NA,a esa persona,NA,DOM,Feminine,Singular,NA,NA,NA,ML,4th/5th,Early,Yes,NA,0,120,2026,1,NA,NA,NA,-0.3094816515693326,-0.531323608659683,NA
C05,C,C,Chile,4,10,120,NA,NA,NA,NA,NA,Spanish,NA,Spanish,NA,NA,NA,Production,Prod-24,1,NA,NA,NA,NA,NA,a las niñas,NA,DOM,Feminine,Plural,NA,NA,NA,ML,4th/5th,Early,Yes,NA,0,120,2026,1,NA,NA,NA,-0.3094816515693326,-0.531323608659683,NA
C05,C,C,Chile,4,10,120,NA,NA,NA,NA,NA,Spanish,NA,Spanish,NA,NA,NA,Production,Prod-27,1,NA,NA,NA,NA,NA,a sus hijas,NA,DOM,Feminine,Plural,NA,NA,NA,ML,4th/5th,Early,Yes,NA,0,120,2026,1,NA,NA,NA,-0.3094816515693326,-0.531323608659683,NA
C06,C,C,Chile,NA,5,68,NA,NA,NA,NA,NA,Spanish,NA,Spanish,NA,NA,NA,Production,Prod-01,0,NA,NA,NA,NA,NA,el niño,Omission,DOM,Masculine,Singular,NA,NA,NA,ML,NA,Early,Yes,NA,0,68,2026,0,NA,NA,NA,-2.300883573966152,-2.3685414544121293,NA
C06,C,C,Chile,NA,5,68,NA,NA,NA,NA,NA,Spanish,NA,Spanish,NA,NA,NA,Production,Prod-04,1,NA,NA,NA,NA,NA,a un niño,NA,DOM,Masculine,Singular,NA,NA,NA,ML,NA,Early,Yes,NA,0,68,2026,1,NA,NA,NA,-2.300883573966152,-2.3685414544121293,NA
C06,C,C,Chile,NA,5,68,NA,NA,NA,NA,NA,Spanish,NA,Spanish,NA,NA,NA,Production,Prod-08,1,NA,NA,NA,NA,NA,ve a su perro y a la niña,NA,DOM,Feminine,Singular,NA,NA,NA,ML,NA,Early,Yes,NA,0,68,2026,1,NA,NA,NA,-2.300883573966152,-2.3685414544121293,NA
C06,C,C,Chile,NA,5,68,NA,NA,NA,NA,NA,Spanish,NA,Spanish,NA,NA,NA,Production,Prod-12,NA,NA,NA,NA,NA,NA,la cabeza de niño,Grammatical alternative,DOM,Masculine,Singular,NA,NA,NA,ML,NA,Early,Yes,NA,0,68,2026,NA,NA,NA,NA,-2.300883573966152,-2.3685414544121293,NA
C06,C,C,Chile,NA,5,68,NA,NA,NA,NA,NA,Spanish,NA,Spanish,NA,NA,NA,Production,Prod-16,1,NA,NA,NA,NA,NA,al niño,NA,DOM,Masculine,Singular,NA,NA,NA,ML,NA,Early,Yes,NA,0,68,2026,1,NA,NA,NA,-2.300883573966152,-2.3685414544121293,NA
C06,C,C,Chile,NA,5,68,NA,NA,NA,NA,NA,Spanish,NA,Spanish,NA,NA,NA,Production,Prod-20,1,NA,NA,NA,NA,NA,a la niña,NA,DOM,Feminine,Singular,NA,NA,NA,ML,NA,Early,Yes,NA,0,68,2026,1,NA,NA,NA,-2.300883573966152,-2.3685414544121293,NA
C06,C,C,Chile,NA,5,68,NA,NA,NA,NA,NA,Spanish,NA,Spanish,NA,NA,NA,Production,Prod-24,1,NA,NA,NA,NA,NA,a las niñas,NA,DOM,Feminine,Plural,NA,NA,NA,ML,NA,Early,Yes,NA,0,68,2026,1,NA,NA,NA,-2.300883573966152,-2.3685414544121293,NA
C06,C,C,Chile,NA,5,68,NA,NA,NA,NA,NA,Spanish,NA,Spanish,NA,NA,NA,Production,Prod-27,0,NA,NA,NA,NA,NA,las niñas,Omission,DOM,Feminine,Plural,NA,NA,NA,ML,NA,Early,Yes,NA,0,68,2026,0,NA,NA,NA,-2.300883573966152,-2.3685414544121293,NA
C07,C,C,Chile,NA,6,75,NA,NA,NA,NA,NA,Spanish,NA,Spanish,NA,NA,NA,Production,Prod-01,1,NA,NA,NA,NA,NA,el niño,DP,DOM,Masculine,Singular,NA,NA,NA,ML,NA,Early,Yes,NA,0,75,2026,1,NA,NA,NA,-2.0328102382588877,-2.1212236674839153,NA
C07,C,C,Chile,NA,6,75,NA,NA,NA,NA,NA,Spanish,NA,Spanish,NA,NA,NA,Production,Prod-04,NA,NA,NA,NA,NA,NA,No response,NA,DOM,Masculine,Singular,NA,NA,NA,ML,NA,Early,Yes,NA,0,75,2026,NA,NA,NA,NA,-2.0328102382588877,-2.1212236674839153,NA
C07,C,C,Chile,NA,6,75,NA,NA,NA,NA,NA,Spanish,NA,Spanish,NA,NA,NA,Production,Prod-08,1,NA,NA,NA,NA,NA,a la niña,NA,DOM,Feminine,Singular,NA,NA,NA,ML,NA,Early,Yes,NA,0,75,2026,1,NA,NA,NA,-2.0328102382588877,-2.1212236674839153,NA
C07,C,C,Chile,NA,6,75,NA,NA,NA,NA,NA,Spanish,NA,Spanish,NA,NA,NA,Production,Prod-12,1,NA,NA,NA,NA,refiriendose de que el perro están chupando (langueteando) al niño,el niño... chupando al niñito,NA,DOM,Masculine,Singular,NA,NA,NA,ML,NA,Early,Yes,NA,0,75,2026,1,NA,NA,NA,-2.0328102382588877,-2.1212236674839153,NA
C07,C,C,Chile,NA,6,75,NA,NA,NA,NA,NA,Spanish,NA,Spanish,NA,NA,NA,Production,Prod-16,0,NA,NA,NA,NA,NA,el bebé,Omission,DOM,Masculine,Singular,NA,NA,NA,ML,NA,Early,Yes,NA,0,75,2026,0,NA,NA,NA,-2.0328102382588877,-2.1212236674839153,NA
C07,C,C,Chile,NA,6,75,NA,NA,NA,NA,NA,Spanish,NA,Spanish,NA,NA,NA,Production,Prod-20,NA,NA,NA,NA,NA,NA,la niña,DP,DOM,Feminine,Singular,NA,NA,NA,ML,NA,Early,Yes,NA,0,75,2026,NA,NA,NA,NA,-2.0328102382588877,-2.1212236674839153,NA
C07,C,C,Chile,NA,6,75,NA,NA,NA,NA,NA,Spanish,NA,Spanish,NA,NA,NA,Production,Prod-24,NA,NA,NA,NA,NA,NA,la niña,DP,DOM,Feminine,Plural,NA,NA,NA,ML,NA,Early,Yes,NA,0,75,2026,NA,NA,NA,NA,-2.0328102382588877,-2.1212236674839153,NA
C07,C,C,Chile,NA,6,75,NA,NA,NA,NA,NA,Spanish,NA,Spanish,NA,NA,NA,Production,Prod-27,NA,NA,NA,NA,NA,NA,la niña,DP,DOM,Feminine,Plural,NA,NA,NA,ML,NA,Early,Yes,NA,0,75,2026,NA,NA,NA,NA,-2.0328102382588877,-2.1212236674839153,NA
C08,C,C,Chile,2,7,95,NA,NA,NA,NA,NA,Spanish,NA,Spanish,NA,NA,NA,Production,Prod-01,1,NA,NA,NA,NA,NA,a su hijo,NA,DOM,Masculine,Singular,NA,NA,NA,ML,2nd,Early,Yes,NA,0,95,2026,1,NA,NA,NA,-1.2668864219524187,-1.41460141911759,NA
C08,C,C,Chile,2,7,95,NA,NA,NA,NA,NA,Spanish,NA,Spanish,NA,NA,NA,Production,Prod-04,1,NA,NA,NA,NA,NA,a su hijo,NA,DOM,Masculine,Singular,NA,NA,NA,ML,2nd,Early,Yes,NA,0,95,2026,1,NA,NA,NA,-1.2668864219524187,-1.41460141911759,NA
C08,C,C,Chile,2,7,95,NA,NA,NA,NA,NA,Spanish,NA,Spanish,NA,NA,NA,Production,Prod-08,1,NA,NA,NA,NA,NA,a su hija,NA,DOM,Feminine,Singular,NA,NA,NA,ML,2nd,Early,Yes,NA,0,95,2026,1,NA,NA,NA,-1.2668864219524187,-1.41460141911759,NA
C08,C,C,Chile,2,7,95,NA,NA,NA,NA,NA,Spanish,NA,Spanish,NA,NA,NA,Production,Prod-12,1,NA,NA,NA,NA,NA,al hijo,NA,DOM,Masculine,Singular,NA,NA,NA,ML,2nd,Early,Yes,NA,0,95,2026,1,NA,NA,NA,-1.2668864219524187,-1.41460141911759,NA
C08,C,C,Chile,2,7,95,NA,NA,NA,NA,NA,Spanish,NA,Spanish,NA,NA,NA,Production,Prod-16,1,NA,NA,NA,NA,NA,a su hijo,NA,DOM,Masculine,Singular,NA,NA,NA,ML,2nd,Early,Yes,NA,0,95,2026,1,NA,NA,NA,-1.2668864219524187,-1.41460141911759,NA
C08,C,C,Chile,2,7,95,NA,NA,NA,NA,NA,Spanish,NA,Spanish,NA,NA,NA,Production,Prod-20,1,NA,NA,NA,NA,NA,a la niña,NA,DOM,Feminine,Singular,NA,NA,NA,ML,2nd,Early,Yes,NA,0,95,2026,1,NA,NA,NA,-1.2668864219524187,-1.41460141911759,NA
C08,C,C,Chile,2,7,95,NA,NA,NA,NA,NA,Spanish,NA,Spanish,NA,NA,NA,Production,Prod-24,1,NA,NA,NA,NA,NA,a la niña y la otra niña,NA,DOM,Feminine,Plural,NA,NA,NA,ML,2nd,Early,Yes,NA,0,95,2026,1,NA,NA,NA,-1.2668864219524187,-1.41460141911759,NA
C08,C,C,Chile,2,7,95,NA,NA,NA,NA,NA,Spanish,NA,Spanish,NA,NA,NA,Production,Prod-27,1,NA,NA,NA,NA,NA,ve a las dos niñas,NA,DOM,Feminine,Plural,NA,NA,NA,ML,2nd,Early,Yes,NA,0,95,2026,1,NA,NA,NA,-1.2668864219524187,-1.41460141911759,NA
C09,C,C,Chile,1,7,88,NA,NA,NA,NA,NA,Spanish,NA,Spanish,NA,NA,NA,Production,Prod-01,1,NA,NA,NA,NA,NA,al niño,NA,DOM,Masculine,Singular,NA,NA,NA,ML,2nd,Early,Yes,NA,0,88,2026,1,NA,NA,NA,-1.534959757659683,-1.661919206045804,NA
C09,C,C,Chile,1,7,88,NA,NA,NA,NA,NA,Spanish,NA,Spanish,NA,NA,NA,Production,Prod-04,1,NA,NA,NA,NA,NA,al hijo,NA,DOM,Masculine,Singular,NA,NA,NA,ML,2nd,Early,Yes,NA,0,88,2026,1,NA,NA,NA,-1.534959757659683,-1.661919206045804,"DP, no verb, no DOM"
C09,C,C,Chile,1,7,88,NA,NA,NA,NA,NA,Spanish,NA,Spanish,NA,NA,NA,Production,Prod-08,1,NA,NA,NA,NA,NA,a la niña,NA,DOM,Feminine,Singular,NA,NA,NA,ML,2nd,Early,Yes,NA,0,88,2026,1,NA,NA,NA,-1.534959757659683,-1.661919206045804,NA
C09,C,C,Chile,1,7,88,NA,NA,NA,NA,NA,Spanish,NA,Spanish,NA,NA,NA,Production,Prod-12,1,NA,NA,NA,NA,NA,al dueño,NA,DOM,Masculine,Singular,NA,NA,NA,ML,2nd,Early,Yes,NA,0,88,2026,1,NA,NA,NA,-1.534959757659683,-1.661919206045804,NA
C09,C,C,Chile,1,7,88,NA,NA,NA,NA,NA,Spanish,NA,Spanish,NA,NA,NA,Production,Prod-16,1,NA,NA,NA,NA,NA,al niño,NA,DOM,Masculine,Singular,NA,NA,NA,ML,2nd,Early,Yes,NA,0,88,2026,1,NA,NA,NA,-1.534959757659683,-1.661919206045804,NA
C09,C,C,Chile,1,7,88,NA,NA,NA,NA,NA,Spanish,NA,Spanish,NA,NA,NA,Production,Prod-20,1,NA,NA,NA,NA,NA,a la persona,NA,DOM,Feminine,Singular,NA,NA,NA,ML,2nd,Early,Yes,NA,0,88,2026,1,NA,NA,NA,-1.534959757659683,-1.661919206045804,NA
C09,C,C,Chile,1,7,88,NA,NA,NA,NA,NA,Spanish,NA,Spanish,NA,NA,NA,Production,Prod-24,1,NA,NA,NA,NA,NA,a los dueños,NA,DOM,Feminine,Plural,NA,NA,NA,ML,2nd,Early,Yes,NA,0,88,2026,1,NA,NA,NA,-1.534959757659683,-1.661919206045804,NA
C09,C,C,Chile,1,7,88,NA,NA,NA,NA,NA,Spanish,NA,Spanish,NA,NA,NA,Production,Prod-27,1,NA,NA,NA,NA,NA,a las niñas,NA,DOM,Feminine,Plural,NA,NA,NA,ML,2nd,Early,Yes,NA,0,88,2026,1,NA,NA,NA,-1.534959757659683,-1.661919206045804,NA
C10,C,C,Chile,7,13,157,NA,NA,NA,NA,NA,Spanish,NA,Spanish,NA,NA,NA,Production,Prod-01,1,NA,NA,NA,NA,NA,a su hijo,NA,DOM,Masculine,Singular,NA,NA,NA,ML,7th/8th,Early,Yes,NA,0,157,2026,1,NA,NA,NA,1.107477408597635,0.7759275508180193,NA
C10,C,C,Chile,7,13,157,NA,NA,NA,NA,NA,Spanish,NA,Spanish,NA,NA,NA,Production,Prod-04,1,NA,NA,NA,NA,NA,a su hijo,NA,DOM,Masculine,Singular,NA,NA,NA,ML,7th/8th,Early,Yes,NA,0,157,2026,1,NA,NA,NA,1.107477408597635,0.7759275508180193,NA
C10,C,C,Chile,7,13,157,NA,NA,NA,NA,NA,Spanish,NA,Spanish,NA,NA,NA,Production,Prod-08,1,NA,NA,NA,NA,NA,a su nieta,NA,DOM,Feminine,Singular,NA,NA,NA,ML,7th/8th,Early,Yes,NA,0,157,2026,1,NA,NA,NA,1.107477408597635,0.7759275508180193,NA
C10,C,C,Chile,7,13,157,NA,NA,NA,NA,NA,Spanish,NA,Spanish,NA,NA,NA,Production,Prod-12,1,NA,NA,NA,NA,NA,a su dueño,NA,DOM,Masculine,Singular,NA,NA,NA,ML,7th/8th,Early,Yes,NA,0,157,2026,1,NA,NA,NA,1.107477408597635,0.7759275508180193,NA
C10,C,C,Chile,7,13,157,NA,NA,NA,NA,NA,Spanish,NA,Spanish,NA,NA,NA,Production,Prod-16,1,NA,NA,NA,NA,NA,a su hijo,NA,DOM,Masculine,Singular,NA,NA,NA,ML,7th/8th,Early,Yes,NA,0,157,2026,1,NA,NA,NA,1.107477408597635,0.7759275508180193,NA
C10,C,C,Chile,7,13,157,NA,NA,NA,NA,NA,Spanish,NA,Spanish,NA,NA,NA,Production,Prod-20,1,NA,NA,NA,NA,NA,a la niña,NA,DOM,Feminine,Singular,NA,NA,NA,ML,7th/8th,Early,Yes,NA,0,157,2026,1,NA,NA,NA,1.107477408597635,0.7759275508180193,NA
C10,C,C,Chile,7,13,157,NA,NA,NA,NA,NA,Spanish,NA,Spanish,NA,NA,NA,Production,Prod-24,1,NA,NA,NA,NA,NA,a las niñas,NA,DOM,Feminine,Plural,NA,NA,NA,ML,7th/8th,Early,Yes,NA,0,157,2026,1,NA,NA,NA,1.107477408597635,0.7759275508180193,NA
C10,C,C,Chile,7,13,157,NA,NA,NA,NA,NA,Spanish,NA,Spanish,NA,NA,NA,Production,Prod-27,1,NA,NA,NA,NA,NA,a las niñas,NA,DOM,Feminine,Plural,NA,NA,NA,ML,7th/8th,Early,Yes,NA,0,157,2026,1,NA,NA,NA,1.107477408597635,0.7759275508180193,NA
C11,C,C,Chile,5,10,131,NA,NA,NA,NA,NA,Spanish,NA,Spanish,NA,NA,NA,Production,Prod-01,1,NA,NA,NA,NA,NA,al niño,NA,DOM,Masculine,Singular,NA,NA,NA,ML,4th/5th,Early,Yes,NA,0,131,2026,1,NA,NA,NA,0.11177644739922535,-0.1426813720582039,NA
C11,C,C,Chile,5,10,131,NA,NA,NA,NA,NA,Spanish,NA,Spanish,NA,NA,NA,Production,Prod-04,1,NA,NA,NA,NA,NA,al niño,NA,DOM,Masculine,Singular,NA,NA,NA,ML,4th/5th,Early,Yes,NA,0,131,2026,1,NA,NA,NA,0.11177644739922535,-0.1426813720582039,NA
C11,C,C,Chile,5,10,131,NA,NA,NA,NA,NA,Spanish,NA,Spanish,NA,NA,NA,Production,Prod-08,1,NA,NA,NA,NA,NA,a la niña,NA,DOM,Feminine,Singular,NA,NA,NA,ML,4th/5th,Early,Yes,NA,0,131,2026,1,NA,NA,NA,0.11177644739922535,-0.1426813720582039,NA
C11,C,C,Chile,5,10,131,NA,NA,NA,NA,NA,Spanish,NA,Spanish,NA,NA,NA,Production,Prod-12,1,NA,NA,NA,NA,NA,al niño,NA,DOM,Masculine,Singular,NA,NA,NA,ML,4th/5th,Early,Yes,NA,0,131,2026,1,NA,NA,NA,0.11177644739922535,-0.1426813720582039,NA
C11,C,C,Chile,5,10,131,NA,NA,NA,NA,NA,Spanish,NA,Spanish,NA,NA,NA,Production,Prod-16,1,NA,NA,NA,NA,NA,al bebé,NA,DOM,Masculine,Singular,NA,NA,NA,ML,4th/5th,Early,Yes,NA,0,131,2026,1,NA,NA,NA,0.11177644739922535,-0.1426813720582039,NA
C11,C,C,Chile,5,10,131,NA,NA,NA,NA,NA,Spanish,NA,Spanish,NA,NA,NA,Production,Prod-20,1,NA,NA,NA,NA,NA,a la mujer,NA,DOM,Feminine,Singular,NA,NA,NA,ML,4th/5th,Early,Yes,NA,0,131,2026,1,NA,NA,NA,0.11177644739922535,-0.1426813720582039,NA
C11,C,C,Chile,5,10,131,NA,NA,NA,NA,NA,Spanish,NA,Spanish,NA,NA,NA,Production,Prod-24,1,NA,NA,NA,NA,NA,a las dos niñas,NA,DOM,Feminine,Plural,NA,NA,NA,ML,4th/5th,Early,Yes,NA,0,131,2026,1,NA,NA,NA,0.11177644739922535,-0.1426813720582039,NA
C11,C,C,Chile,5,10,131,NA,NA,NA,NA,NA,Spanish,NA,Spanish,NA,NA,NA,Production,Prod-27,0,NA,NA,NA,NA,NA,las niñas,Omission,DOM,Feminine,Plural,NA,NA,NA,ML,4th/5th,Early,Yes,NA,0,131,2026,0,NA,NA,NA,0.11177644739922535,-0.1426813720582039,NA
C12,C,C,Chile,2,7,90,NA,NA,NA,NA,NA,Spanish,NA,Spanish,NA,NA,NA,Production,Prod-01,1,NA,NA,NA,NA,NA,a su hijo,NA,DOM,Masculine,Singular,NA,NA,NA,ML,2nd,Early,Yes,NA,0,90,2026,1,NA,NA,NA,-1.458367376029036,-1.5912569812091713,NA
C12,C,C,Chile,2,7,90,NA,NA,NA,NA,NA,Spanish,NA,Spanish,NA,NA,NA,Production,Prod-04,1,NA,NA,NA,NA,NA,a su hijo,NA,DOM,Masculine,Singular,NA,NA,NA,ML,2nd,Early,Yes,NA,0,90,2026,1,NA,NA,NA,-1.458367376029036,-1.5912569812091713,NA
C12,C,C,Chile,2,7,90,NA,NA,NA,NA,NA,Spanish,NA,Spanish,NA,NA,NA,Production,Prod-08,1,NA,NA,NA,NA,NA,a su nieta,NA,DOM,Feminine,Singular,NA,NA,NA,ML,2nd,Early,Yes,NA,0,90,2026,1,NA,NA,NA,-1.458367376029036,-1.5912569812091713,NA
C12,C,C,Chile,2,7,90,NA,NA,NA,NA,NA,Spanish,NA,Spanish,NA,NA,NA,Production,Prod-12,1,NA,NA,NA,NA,NA,a su dueño,NA,DOM,Masculine,Singular,NA,NA,NA,ML,2nd,Early,Yes,NA,0,90,2026,1,NA,NA,NA,-1.458367376029036,-1.5912569812091713,NA
C12,C,C,Chile,2,7,90,NA,NA,NA,NA,NA,Spanish,NA,Spanish,NA,NA,NA,Production,Prod-16,1,NA,NA,NA,NA,NA,a su hijo,NA,DOM,Masculine,Singular,NA,NA,NA,ML,2nd,Early,Yes,NA,0,90,2026,1,NA,NA,NA,-1.458367376029036,-1.5912569812091713,NA
C12,C,C,Chile,2,7,90,NA,NA,NA,NA,NA,Spanish,NA,Spanish,NA,NA,NA,Production,Prod-20,1,NA,NA,NA,NA,NA,a la niña,NA,DOM,Feminine,Singular,NA,NA,NA,ML,2nd,Early,Yes,NA,0,90,2026,1,NA,NA,NA,-1.458367376029036,-1.5912569812091713,NA
C12,C,C,Chile,2,7,90,NA,NA,NA,NA,NA,Spanish,NA,Spanish,NA,NA,NA,Production,Prod-24,1,NA,NA,NA,NA,NA,a las niñas,NA,DOM,Feminine,Plural,NA,NA,NA,ML,2nd,Early,Yes,NA,0,90,2026,1,NA,NA,NA,-1.458367376029036,-1.5912569812091713,NA
C12,C,C,Chile,2,7,90,NA,NA,NA,NA,NA,Spanish,NA,Spanish,NA,NA,NA,Production,Prod-27,1,NA,NA,NA,NA,NA,a los niños,NA,DOM,Feminine,Plural,NA,NA,NA,ML,2nd,Early,Yes,NA,0,90,2026,1,NA,NA,NA,-1.458367376029036,-1.5912569812091713,NA
C13,C,C,Chile,NA,6,74,NA,NA,NA,NA,NA,Spanish,NA,Spanish,NA,NA,NA,Production,Prod-01,1,NA,NA,NA,NA,NA,al hijo,NA,DOM,Masculine,Singular,NA,NA,NA,ML,NA,Early,Yes,NA,0,74,2026,1,NA,NA,NA,-2.071106429074211,-2.1565547799022315,NA
C13,C,C,Chile,NA,6,74,NA,NA,NA,NA,NA,Spanish,NA,Spanish,NA,NA,NA,Production,Prod-04,1,NA,NA,NA,NA,NA,al hijo,NA,DOM,Masculine,Singular,NA,NA,NA,ML,NA,Early,Yes,NA,0,74,2026,1,NA,NA,NA,-2.071106429074211,-2.1565547799022315,NA
C13,C,C,Chile,NA,6,74,NA,NA,NA,NA,NA,Spanish,NA,Spanish,NA,NA,NA,Production,Prod-08,1,NA,NA,NA,NA,NA,a la niña,NA,DOM,Feminine,Singular,NA,NA,NA,ML,NA,Early,Yes,NA,0,74,2026,1,NA,NA,NA,-2.071106429074211,-2.1565547799022315,NA
C13,C,C,Chile,NA,6,74,NA,NA,NA,NA,NA,Spanish,NA,Spanish,NA,NA,NA,Production,Prod-12,0,NA,NA,NA,NA,NA,el niño,DP,DOM,Masculine,Singular,NA,NA,NA,ML,NA,Early,Yes,NA,0,74,2026,0,NA,NA,NA,-2.071106429074211,-2.1565547799022315,NA
C13,C,C,Chile,NA,6,74,NA,NA,NA,NA,NA,Spanish,NA,Spanish,NA,NA,NA,Production,Prod-16,1,NA,NA,NA,NA,NA,al niño,NA,DOM,Masculine,Singular,NA,NA,NA,ML,NA,Early,Yes,NA,0,74,2026,1,NA,NA,NA,-2.071106429074211,-2.1565547799022315,NA
C13,C,C,Chile,NA,6,74,NA,NA,NA,NA,NA,Spanish,NA,Spanish,NA,NA,NA,Production,Prod-20,1,NA,NA,NA,NA,NA,a la niña,NA,DOM,Feminine,Singular,NA,NA,NA,ML,NA,Early,Yes,NA,0,74,2026,1,NA,NA,NA,-2.071106429074211,-2.1565547799022315,NA
C13,C,C,Chile,NA,6,74,NA,NA,NA,NA,NA,Spanish,NA,Spanish,NA,NA,NA,Production,Prod-24,1,NA,NA,NA,NA,NA,a las niñas,NA,DOM,Feminine,Plural,NA,NA,NA,ML,NA,Early,Yes,NA,0,74,2026,1,NA,NA,NA,-2.071106429074211,-2.1565547799022315,NA
C13,C,C,Chile,NA,6,74,NA,NA,NA,NA,NA,Spanish,NA,Spanish,NA,NA,NA,Production,Prod-27,1,NA,NA,NA,NA,NA,a las hijas,NA,DOM,Feminine,Plural,NA,NA,NA,ML,NA,Early,Yes,NA,0,74,2026,1,NA,NA,NA,-2.071106429074211,-2.1565547799022315,NA
C14,C,C,Chile,NA,6,72,NA,NA,NA,NA,NA,Spanish,NA,Spanish,NA,NA,NA,Production,Prod-01,1,NA,NA,NA,NA,NA,al hijo,NA,DOM,Masculine,Singular,NA,NA,NA,ML,NA,Early,Yes,NA,0,72,2026,1,NA,NA,NA,-2.147698810704858,-2.2272170047388644,NA
C14,C,C,Chile,NA,6,72,NA,NA,NA,NA,NA,Spanish,NA,Spanish,NA,NA,NA,Production,Prod-04,1,NA,NA,NA,NA,NA,a su hijo,NA,DOM,Masculine,Singular,NA,NA,NA,ML,NA,Early,Yes,NA,0,72,2026,1,NA,NA,NA,-2.147698810704858,-2.2272170047388644,NA
C14,C,C,Chile,NA,6,72,NA,NA,NA,NA,NA,Spanish,NA,Spanish,NA,NA,NA,Production,Prod-08,1,NA,NA,NA,NA,NA,a su hija,NA,DOM,Feminine,Singular,NA,NA,NA,ML,NA,Early,Yes,NA,0,72,2026,1,NA,NA,NA,-2.147698810704858,-2.2272170047388644,NA
C14,C,C,Chile,NA,6,72,NA,NA,NA,NA,NA,Spanish,NA,Spanish,NA,NA,NA,Production,Prod-12,1,NA,NA,NA,NA,NA,al niño,NA,DOM,Masculine,Singular,NA,NA,NA,ML,NA,Early,Yes,NA,0,72,2026,1,NA,NA,NA,-2.147698810704858,-2.2272170047388644,NA
C14,C,C,Chile,NA,6,72,NA,NA,NA,NA,NA,Spanish,NA,Spanish,NA,NA,NA,Production,Prod-16,0,NA,NA,NA,NA,NA,el niño,Omission,DOM,Masculine,Singular,NA,NA,NA,ML,NA,Early,Yes,NA,0,72,2026,0,NA,NA,NA,-2.147698810704858,-2.2272170047388644,NA
C14,C,C,Chile,NA,6,72,NA,NA,NA,NA,NA,Spanish,NA,Spanish,NA,NA,NA,Production,Prod-20,1,NA,NA,NA,NA,NA,a la una niña,NA,DOM,Feminine,Singular,NA,NA,NA,ML,NA,Early,Yes,NA,0,72,2026,1,NA,NA,NA,-2.147698810704858,-2.2272170047388644,NA
C14,C,C,Chile,NA,6,72,NA,NA,NA,NA,NA,Spanish,NA,Spanish,NA,NA,NA,Production,Prod-24,1,NA,NA,NA,NA,NA,a una niña y una mamá,NA,DOM,Feminine,Plural,NA,NA,NA,ML,NA,Early,Yes,NA,0,72,2026,1,NA,NA,NA,-2.147698810704858,-2.2272170047388644,NA
C14,C,C,Chile,NA,6,72,NA,NA,NA,NA,NA,Spanish,NA,Spanish,NA,NA,NA,Production,Prod-27,0,NA,NA,NA,NA,NA,una niñas,Omission,DOM,Feminine,Plural,NA,NA,NA,ML,NA,Early,Yes,NA,0,72,2026,0,NA,NA,NA,-2.147698810704858,-2.2272170047388644,NA
C15,C,C,Chile,5,11,136,NA,NA,NA,NA,NA,Spanish,NA,Spanish,NA,NA,NA,Production,Prod-01,1,NA,NA,NA,NA,NA,al hijo,NA,DOM,Masculine,Singular,NA,NA,NA,ML,4th/5th,Early,Yes,NA,0,136,2026,1,NA,NA,NA,0.3032574014758426,0.0339741900333775,NA
C15,C,C,Chile,5,11,136,NA,NA,NA,NA,NA,Spanish,NA,Spanish,NA,NA,NA,Production,Prod-04,1,NA,NA,NA,NA,NA,al hijo,NA,DOM,Masculine,Singular,NA,NA,NA,ML,4th/5th,Early,Yes,NA,0,136,2026,1,NA,NA,NA,0.3032574014758426,0.0339741900333775,NA
C15,C,C,Chile,5,11,136,NA,NA,NA,NA,NA,Spanish,NA,Spanish,NA,NA,NA,Production,Prod-08,1,NA,NA,NA,NA,NA,a la niña,NA,DOM,Feminine,Singular,NA,NA,NA,ML,4th/5th,Early,Yes,NA,0,136,2026,1,NA,NA,NA,0.3032574014758426,0.0339741900333775,NA
C15,C,C,Chile,5,11,136,NA,NA,NA,NA,NA,Spanish,NA,Spanish,NA,NA,NA,Production,Prod-12,1,NA,NA,NA,NA,NA,al niño,NA,DOM,Masculine,Singular,NA,NA,NA,ML,4th/5th,Early,Yes,NA,0,136,2026,1,NA,NA,NA,0.3032574014758426,0.0339741900333775,NA
C15,C,C,Chile,5,11,136,NA,NA,NA,NA,NA,Spanish,NA,Spanish,NA,NA,NA,Production,Prod-16,1,NA,NA,NA,NA,NA,al hijo,NA,DOM,Masculine,Singular,NA,NA,NA,ML,4th/5th,Early,Yes,NA,0,136,2026,1,NA,NA,NA,0.3032574014758426,0.0339741900333775,NA
C15,C,C,Chile,5,11,136,NA,NA,NA,NA,NA,Spanish,NA,Spanish,NA,NA,NA,Production,Prod-20,1,NA,NA,NA,NA,NA,a la niña,NA,DOM,Feminine,Singular,NA,NA,NA,ML,4th/5th,Early,Yes,NA,0,136,2026,1,NA,NA,NA,0.3032574014758426,0.0339741900333775,NA
C15,C,C,Chile,5,11,136,NA,NA,NA,NA,NA,Spanish,NA,Spanish,NA,NA,NA,Production,Prod-24,1,NA,NA,NA,NA,NA,a las niñas,NA,DOM,Feminine,Plural,NA,NA,NA,ML,4th/5th,Early,Yes,NA,0,136,2026,1,NA,NA,NA,0.3032574014758426,0.0339741900333775,NA
C15,C,C,Chile,5,11,136,NA,NA,NA,NA,NA,Spanish,NA,Spanish,NA,NA,NA,Production,Prod-27,1,NA,NA,NA,NA,NA,a las niñas,NA,DOM,Feminine,Plural,NA,NA,NA,ML,4th/5th,Early,Yes,NA,0,136,2026,1,NA,NA,NA,0.3032574014758426,0.0339741900333775,NA
C16,C,C,Chile,2,7,90,NA,NA,NA,NA,NA,Spanish,NA,Spanish,NA,NA,NA,Production,Prod-01,1,NA,NA,NA,NA,NA,al niño,NA,DOM,Masculine,Singular,NA,NA,NA,ML,2nd,Early,Yes,NA,0,90,2026,1,NA,NA,NA,-1.458367376029036,-1.5912569812091713,NA
C16,C,C,Chile,2,7,90,NA,NA,NA,NA,NA,Spanish,NA,Spanish,NA,NA,NA,Production,Prod-04,1,NA,NA,NA,NA,NA,al niño,NA,DOM,Masculine,Singular,NA,NA,NA,ML,2nd,Early,Yes,NA,0,90,2026,1,NA,NA,NA,-1.458367376029036,-1.5912569812091713,NA
C16,C,C,Chile,2,7,90,NA,NA,NA,NA,NA,Spanish,NA,Spanish,NA,NA,NA,Production,Prod-08,1,NA,NA,NA,NA,NA,a la niña,NA,DOM,Feminine,Singular,NA,NA,NA,ML,2nd,Early,Yes,NA,0,90,2026,1,NA,NA,NA,-1.458367376029036,-1.5912569812091713,NA
C16,C,C,Chile,2,7,90,NA,NA,NA,NA,NA,Spanish,NA,Spanish,NA,NA,NA,Production,Prod-12,0,NA,NA,NA,NA,NA,el niño,Omission,DOM,Masculine,Singular,NA,NA,NA,ML,2nd,Early,Yes,NA,0,90,2026,0,NA,NA,NA,-1.458367376029036,-1.5912569812091713,NA
C16,C,C,Chile,2,7,90,NA,NA,NA,NA,NA,Spanish,NA,Spanish,NA,NA,NA,Production,Prod-16,0,NA,NA,NA,NA,NA,un niño,Omission,DOM,Masculine,Singular,NA,NA,NA,ML,2nd,Early,Yes,NA,0,90,2026,0,NA,NA,NA,-1.458367376029036,-1.5912569812091713,NA
C16,C,C,Chile,2,7,90,NA,NA,NA,NA,NA,Spanish,NA,Spanish,NA,NA,NA,Production,Prod-20,0,NA,NA,NA,NA,NA,la niña,Omission,DOM,Feminine,Singular,NA,NA,NA,ML,2nd,Early,Yes,NA,0,90,2026,0,NA,NA,NA,-1.458367376029036,-1.5912569812091713,"DP, no verb, no DOM"
C16,C,C,Chile,2,7,90,NA,NA,NA,NA,NA,Spanish,NA,Spanish,NA,NA,NA,Production,Prod-24,1,NA,NA,NA,NA,NA,a las niñas,NA,DOM,Feminine,Plural,NA,NA,NA,ML,2nd,Early,Yes,NA,0,90,2026,1,NA,NA,NA,-1.458367376029036,-1.5912569812091713,NA
C16,C,C,Chile,2,7,90,NA,NA,NA,NA,NA,Spanish,NA,Spanish,NA,NA,NA,Production,Prod-27,1,NA,NA,NA,NA,NA,a las niñas,NA,DOM,Feminine,Plural,NA,NA,NA,ML,2nd,Early,Yes,NA,0,90,2026,1,NA,NA,NA,-1.458367376029036,-1.5912569812091713,NA
C17,C,C,Chile,5,11,135,NA,NA,NA,NA,NA,Spanish,NA,Spanish,NA,NA,NA,Production,Prod-01,NA,NA,NA,NA,NA,NA,el niño,NA,DOM,Masculine,Singular,NA,NA,NA,ML,4th/5th,Early,Yes,NA,0,135,2026,NA,NA,NA,NA,0.26496121066051914,-0.001356922384938782,NA
C17,C,C,Chile,5,11,135,NA,NA,NA,NA,NA,Spanish,NA,Spanish,NA,NA,NA,Production,Prod-04,1,NA,NA,NA,NA,NA,al niño,NA,DOM,Masculine,Singular,NA,NA,NA,ML,4th/5th,Early,Yes,NA,0,135,2026,1,NA,NA,NA,0.26496121066051914,-0.001356922384938782,NA
C17,C,C,Chile,5,11,135,NA,NA,NA,NA,NA,Spanish,NA,Spanish,NA,NA,NA,Production,Prod-08,1,NA,NA,NA,NA,NA,a la niña,NA,DOM,Feminine,Singular,NA,NA,NA,ML,4th/5th,Early,Yes,NA,0,135,2026,1,NA,NA,NA,0.26496121066051914,-0.001356922384938782,NA
C17,C,C,Chile,5,11,135,NA,NA,NA,NA,NA,Spanish,NA,Spanish,NA,NA,NA,Production,Prod-12,1,NA,NA,NA,NA,NA,mirando al niño,NA,DOM,Masculine,Singular,NA,NA,NA,ML,4th/5th,Early,Yes,NA,0,135,2026,1,NA,NA,NA,0.26496121066051914,-0.001356922384938782,NA
C17,C,C,Chile,5,11,135,NA,NA,NA,NA,NA,Spanish,NA,Spanish,NA,NA,NA,Production,Prod-16,1,NA,NA,NA,NA,NA,mirando al niño,NA,DOM,Masculine,Singular,NA,NA,NA,ML,4th/5th,Early,Yes,NA,0,135,2026,1,NA,NA,NA,0.26496121066051914,-0.001356922384938782,NA
C17,C,C,Chile,5,11,135,NA,NA,NA,NA,NA,Spanish,NA,Spanish,NA,NA,NA,Production,Prod-20,1,NA,NA,NA,NA,NA,mirando a la niña,NA,DOM,Feminine,Singular,NA,NA,NA,ML,4th/5th,Early,Yes,NA,0,135,2026,1,NA,NA,NA,0.26496121066051914,-0.001356922384938782,NA
C17,C,C,Chile,5,11,135,NA,NA,NA,NA,NA,Spanish,NA,Spanish,NA,NA,NA,Production,Prod-24,1,NA,NA,NA,NA,NA,ve a las niñas,NA,DOM,Feminine,Plural,NA,NA,NA,ML,4th/5th,Early,Yes,NA,0,135,2026,1,NA,NA,NA,0.26496121066051914,-0.001356922384938782,NA
C17,C,C,Chile,5,11,135,NA,NA,NA,NA,NA,Spanish,NA,Spanish,NA,NA,NA,Production,Prod-27,1,NA,NA,NA,NA,NA,ve a las niñas,NA,DOM,Feminine,Plural,NA,NA,NA,ML,4th/5th,Early,Yes,NA,0,135,2026,1,NA,NA,NA,0.26496121066051914,-0.001356922384938782,NA
H01,1,1,L2L 4th/5th,5,NA,129,NA,NA,NA,1,5,NA,3,L2 learner,L2,L2,L2,Selection,FCT-01,1,NA,NA,NA,NA,NA,NA,NA,DOM,Masculine,NA,NA,NA,NA,L2L,4th/5th,Early,Yes,6,0,129,2023,1,0.16666666666666666,NA,NA,0.03518406576857845,-0.21334359689483645,NA
H01,1,1,L2L 4th/5th,5,NA,129,NA,NA,NA,1,5,NA,3,L2 learner,L2,L2,L2,Selection,FCT-04,1,NA,NA,NA,NA,NA,NA,NA,DOM,Feminine,Singular,NA,NA,NA,L2L,4th/5th,Early,Yes,6,0,129,2023,1,0.16666666666666666,NA,NA,0.03518406576857845,-0.21334359689483645,NA
H01,1,1,L2L 4th/5th,5,NA,129,NA,NA,NA,1,5,NA,3,L2 learner,L2,L2,L2,Selection,FCT-08,0,NA,NA,NA,NA,NA,NA,NA,DOM,Masculine,NA,NA,NA,NA,L2L,4th/5th,Early,Yes,6,0,129,2023,0,0.16666666666666666,NA,NA,0.03518406576857845,-0.21334359689483645,NA
H01,1,1,L2L 4th/5th,5,NA,129,NA,NA,NA,1,5,NA,3,L2 learner,L2,L2,L2,Selection,FCT-12,0,NA,NA,NA,NA,NA,NA,NA,DOM,Feminine,Singular,NA,NA,NA,L2L,4th/5th,Early,Yes,6,0,129,2023,0,0.16666666666666666,NA,NA,0.03518406576857845,-0.21334359689483645,NA
H01,1,1,L2L 4th/5th,5,NA,129,NA,NA,NA,1,5,NA,3,L2 learner,L2,L2,L2,Selection,FCT-16,1,NA,NA,NA,NA,NA,NA,NA,DOM,Masculine,NA,NA,NA,NA,L2L,4th/5th,Early,Yes,6,0,129,2023,1,0.16666666666666666,NA,NA,0.03518406576857845,-0.21334359689483645,NA
H01,1,1,L2L 4th/5th,5,NA,129,NA,NA,NA,1,5,NA,3,L2 learner,L2,L2,L2,Selection,FCT-20,1,NA,NA,NA,NA,NA,NA,NA,DOM,Feminine,Singular,NA,NA,NA,L2L,4th/5th,Early,Yes,6,0,129,2023,1,0.16666666666666666,NA,NA,0.03518406576857845,-0.21334359689483645,NA
H01,1,1,L2L 4th/5th,5,NA,129,NA,NA,NA,1,5,NA,3,L2 learner,L2,L2,L2,Selection,FCT-24,1,NA,NA,NA,NA,NA,NA,NA,DOM,Masculine,NA,NA,NA,NA,L2L,4th/5th,Early,Yes,6,0,129,2023,1,0.16666666666666666,NA,NA,0.03518406576857845,-0.21334359689483645,NA
H01,1,1,L2L 4th/5th,5,NA,129,NA,NA,NA,1,5,NA,3,L2 learner,L2,L2,L2,Selection,FCT-27,1,NA,NA,NA,NA,NA,NA,NA,DOM,Feminine,Singular,NA,NA,NA,L2L,4th/5th,Early,Yes,6,0,129,2023,1,0.16666666666666666,NA,NA,0.03518406576857845,-0.21334359689483645,NA
H02,1,1,L2L 7th/8th,8,NA,175,NA,NA,NA,2,4,NA,8,L2 learner,L2,L2,L2,Selection,FCT-01,1,NA,NA,NA,NA,NA,NA,NA,DOM,Masculine,NA,NA,NA,NA,L2L,7th/8th,Early,Yes,6,0,175,2023,1,0.3333333333333333,NA,NA,1.7968088432734572,1.4118875743477124,NA
H02,1,1,L2L 7th/8th,8,NA,175,NA,NA,NA,2,4,NA,8,L2 learner,L2,L2,L2,Selection,FCT-04,1,NA,NA,NA,NA,NA,NA,NA,DOM,Feminine,Singular,NA,NA,NA,L2L,7th/8th,Early,Yes,6,0,175,2023,1,0.3333333333333333,NA,NA,1.7968088432734572,1.4118875743477124,NA
H02,1,1,L2L 7th/8th,8,NA,175,NA,NA,NA,2,4,NA,8,L2 learner,L2,L2,L2,Selection,FCT-08,0,NA,NA,NA,NA,NA,NA,NA,DOM,Masculine,NA,NA,NA,NA,L2L,7th/8th,Early,Yes,6,0,175,2023,0,0.3333333333333333,NA,NA,1.7968088432734572,1.4118875743477124,NA
H02,1,1,L2L 7th/8th,8,NA,175,NA,NA,NA,2,4,NA,8,L2 learner,L2,L2,L2,Selection,FCT-12,1,NA,NA,NA,NA,NA,NA,NA,DOM,Feminine,Singular,NA,NA,NA,L2L,7th/8th,Early,Yes,6,0,175,2023,1,0.3333333333333333,NA,NA,1.7968088432734572,1.4118875743477124,NA
H02,1,1,L2L 7th/8th,8,NA,175,NA,NA,NA,2,4,NA,8,L2 learner,L2,L2,L2,Selection,FCT-16,0,NA,NA,NA,NA,NA,NA,NA,DOM,Masculine,NA,NA,NA,NA,L2L,7th/8th,Early,Yes,6,0,175,2023,0,0.3333333333333333,NA,NA,1.7968088432734572,1.4118875743477124,NA
H02,1,1,L2L 7th/8th,8,NA,175,NA,NA,NA,2,4,NA,8,L2 learner,L2,L2,L2,Selection,FCT-20,1,NA,NA,NA,NA,NA,NA,NA,DOM,Feminine,Singular,NA,NA,NA,L2L,7th/8th,Early,Yes,6,0,175,2023,1,0.3333333333333333,NA,NA,1.7968088432734572,1.4118875743477124,NA
H02,1,1,L2L 7th/8th,8,NA,175,NA,NA,NA,2,4,NA,8,L2 learner,L2,L2,L2,Selection,FCT-24,1,NA,NA,NA,NA,NA,NA,NA,DOM,Masculine,NA,NA,NA,NA,L2L,7th/8th,Early,Yes,6,0,175,2023,1,0.3333333333333333,NA,NA,1.7968088432734572,1.4118875743477124,NA
H02,1,1,L2L 7th/8th,8,NA,175,NA,NA,NA,2,4,NA,8,L2 learner,L2,L2,L2,Selection,FCT-27,1,NA,NA,NA,NA,NA,NA,NA,DOM,Feminine,Singular,NA,NA,NA,L2L,7th/8th,Early,Yes,6,0,175,2023,1,0.3333333333333333,NA,NA,1.7968088432734572,1.4118875743477124,NA
H03,1,1,L2L 7th/8th,8,14,170,NA,NA,NA,2,4,3,8,Portuguese,No,Yes,Yes,Selection,FCT-01,0,NA,NA,NA,NA,NA,NA,NA,DOM,Masculine,NA,NA,NA,NA,L2L,7th/8th,Early,Yes,6,0,170,2023,0,0.3333333333333333,NA,NA,1.6053278891968399,1.2352320122561309,NA
H03,1,1,L2L 7th/8th,8,14,170,NA,NA,NA,2,4,3,8,Portuguese,No,Yes,Yes,Selection,FCT-04,0,NA,NA,NA,NA,NA,NA,NA,DOM,Feminine,Singular,NA,NA,NA,L2L,7th/8th,Early,Yes,6,0,170,2023,0,0.3333333333333333,NA,NA,1.6053278891968399,1.2352320122561309,NA
H03,1,1,L2L 7th/8th,8,14,170,NA,NA,NA,2,4,3,8,Portuguese,No,Yes,Yes,Selection,FCT-08,0,NA,NA,NA,NA,NA,NA,NA,DOM,Masculine,NA,NA,NA,NA,L2L,7th/8th,Early,Yes,6,0,170,2023,0,0.3333333333333333,NA,NA,1.6053278891968399,1.2352320122561309,NA
H03,1,1,L2L 7th/8th,8,14,170,NA,NA,NA,2,4,3,8,Portuguese,No,Yes,Yes,Selection,FCT-12,0,NA,NA,NA,NA,NA,NA,NA,DOM,Feminine,Singular,NA,NA,NA,L2L,7th/8th,Early,Yes,6,0,170,2023,0,0.3333333333333333,NA,NA,1.6053278891968399,1.2352320122561309,NA
H03,1,1,L2L 7th/8th,8,14,170,NA,NA,NA,2,4,3,8,Portuguese,No,Yes,Yes,Selection,FCT-16,0,NA,NA,NA,NA,NA,NA,NA,DOM,Masculine,NA,NA,NA,NA,L2L,7th/8th,Early,Yes,6,0,170,2023,0,0.3333333333333333,NA,NA,1.6053278891968399,1.2352320122561309,NA
H03,1,1,L2L 7th/8th,8,14,170,NA,NA,NA,2,4,3,8,Portuguese,No,Yes,Yes,Selection,FCT-20,0,NA,NA,NA,NA,NA,NA,NA,DOM,Feminine,Singular,NA,NA,NA,L2L,7th/8th,Early,Yes,6,0,170,2023,0,0.3333333333333333,NA,NA,1.6053278891968399,1.2352320122561309,NA
H03,1,1,L2L 7th/8th,8,14,170,NA,NA,NA,2,4,3,8,Portuguese,No,Yes,Yes,Selection,FCT-24,0,NA,NA,NA,NA,NA,NA,NA,DOM,Masculine,NA,NA,NA,NA,L2L,7th/8th,Early,Yes,6,0,170,2023,0,0.3333333333333333,NA,NA,1.6053278891968399,1.2352320122561309,NA
H03,1,1,L2L 7th/8th,8,14,170,NA,NA,NA,2,4,3,8,Portuguese,No,Yes,Yes,Selection,FCT-27,0,NA,NA,NA,NA,NA,NA,NA,DOM,Feminine,Singular,NA,NA,NA,L2L,7th/8th,Early,Yes,6,0,170,2023,0,0.3333333333333333,NA,NA,1.6053278891968399,1.2352320122561309,NA
H04,1,1,L2L 7th/8th,8,NA,166,NA,NA,NA,1,4,NA,8,L2 learner,L2,L2,L2,Selection,FCT-01,0,NA,NA,NA,NA,NA,NA,NA,DOM,Masculine,NA,NA,NA,NA,L2L,7th/8th,Early,Yes,5,0,166,2023,0,0.2,NA,NA,1.4521431259355462,1.0939075625828658,NA
H04,1,1,L2L 7th/8th,8,NA,166,NA,NA,NA,1,4,NA,8,L2 learner,L2,L2,L2,Selection,FCT-04,0,NA,NA,NA,NA,NA,NA,NA,DOM,Feminine,Singular,NA,NA,NA,L2L,7th/8th,Early,Yes,5,0,166,2023,0,0.2,NA,NA,1.4521431259355462,1.0939075625828658,NA
H04,1,1,L2L 7th/8th,8,NA,166,NA,NA,NA,1,4,NA,8,L2 learner,L2,L2,L2,Selection,FCT-08,0,NA,NA,NA,NA,NA,NA,NA,DOM,Masculine,NA,NA,NA,NA,L2L,7th/8th,Early,Yes,5,0,166,2023,0,0.2,NA,NA,1.4521431259355462,1.0939075625828658,NA
H04,1,1,L2L 7th/8th,8,NA,166,NA,NA,NA,1,4,NA,8,L2 learner,L2,L2,L2,Selection,FCT-12,0,NA,NA,NA,NA,NA,NA,NA,DOM,Feminine,Singular,NA,NA,NA,L2L,7th/8th,Early,Yes,5,0,166,2023,0,0.2,NA,NA,1.4521431259355462,1.0939075625828658,NA
H04,1,1,L2L 7th/8th,8,NA,166,NA,NA,NA,1,4,NA,8,L2 learner,L2,L2,L2,Selection,FCT-16,1,NA,NA,NA,NA,NA,NA,NA,DOM,Masculine,NA,NA,NA,NA,L2L,7th/8th,Early,Yes,5,0,166,2023,1,0.2,NA,NA,1.4521431259355462,1.0939075625828658,NA
H04,1,1,L2L 7th/8th,8,NA,166,NA,NA,NA,1,4,NA,8,L2 learner,L2,L2,L2,Selection,FCT-20,0,NA,NA,NA,NA,NA,NA,NA,DOM,Feminine,Singular,NA,NA,NA,L2L,7th/8th,Early,Yes,5,0,166,2023,0,0.2,NA,NA,1.4521431259355462,1.0939075625828658,NA
H04,1,1,L2L 7th/8th,8,NA,166,NA,NA,NA,1,4,NA,8,L2 learner,L2,L2,L2,Selection,FCT-24,1,NA,NA,NA,NA,NA,NA,NA,DOM,Masculine,NA,NA,NA,NA,L2L,7th/8th,Early,Yes,5,0,166,2023,1,0.2,NA,NA,1.4521431259355462,1.0939075625828658,NA
H04,1,1,L2L 7th/8th,8,NA,166,NA,NA,NA,1,4,NA,8,L2 learner,L2,L2,L2,Selection,FCT-27,1,NA,NA,NA,NA,NA,NA,NA,DOM,Feminine,Singular,NA,NA,NA,L2L,7th/8th,Early,Yes,5,0,166,2023,1,0.2,NA,NA,1.4521431259355462,1.0939075625828658,NA
H05,1,1,HS 7th/8th,8,NA,174,NA,NA,NA,2,6,NA,8,Heritage Spanish,NA,NA,NA,Selection,FCT-01,1,NA,NA,NA,NA,NA,NA,NA,DOM,Masculine,NA,NA,NA,NA,HS,7th/8th,Early,Yes,8,0,174,2023,1,0.25,NA,NA,1.7585126524581336,1.376556461929396,NA
H05,1,1,HS 7th/8th,8,NA,174,NA,NA,NA,2,6,NA,8,Heritage Spanish,NA,NA,NA,Selection,FCT-04,1,NA,NA,NA,NA,NA,NA,NA,DOM,Feminine,Singular,NA,NA,NA,HS,7th/8th,Early,Yes,8,0,174,2023,1,0.25,NA,NA,1.7585126524581336,1.376556461929396,NA
H05,1,1,HS 7th/8th,8,NA,174,NA,NA,NA,2,6,NA,8,Heritage Spanish,NA,NA,NA,Selection,FCT-08,0,NA,NA,NA,NA,NA,NA,NA,DOM,Masculine,NA,NA,NA,NA,HS,7th/8th,Early,Yes,8,0,174,2023,0,0.25,NA,NA,1.7585126524581336,1.376556461929396,NA
H05,1,1,HS 7th/8th,8,NA,174,NA,NA,NA,2,6,NA,8,Heritage Spanish,NA,NA,NA,Selection,FCT-12,1,NA,NA,NA,NA,NA,NA,NA,DOM,Feminine,Singular,NA,NA,NA,HS,7th/8th,Early,Yes,8,0,174,2023,1,0.25,NA,NA,1.7585126524581336,1.376556461929396,NA
H05,1,1,HS 7th/8th,8,NA,174,NA,NA,NA,2,6,NA,8,Heritage Spanish,NA,NA,NA,Selection,FCT-16,0,NA,NA,NA,NA,NA,NA,NA,DOM,Masculine,NA,NA,NA,NA,HS,7th/8th,Early,Yes,8,0,174,2023,0,0.25,NA,NA,1.7585126524581336,1.376556461929396,NA
H05,1,1,HS 7th/8th,8,NA,174,NA,NA,NA,2,6,NA,8,Heritage Spanish,NA,NA,NA,Selection,FCT-20,0,NA,NA,NA,NA,NA,NA,NA,DOM,Feminine,Singular,NA,NA,NA,HS,7th/8th,Early,Yes,8,0,174,2023,0,0.25,NA,NA,1.7585126524581336,1.376556461929396,NA
H05,1,1,HS 7th/8th,8,NA,174,NA,NA,NA,2,6,NA,8,Heritage Spanish,NA,NA,NA,Selection,FCT-24,0,NA,NA,NA,NA,NA,NA,NA,DOM,Masculine,NA,NA,NA,NA,HS,7th/8th,Early,Yes,8,0,174,2023,0,0.25,NA,NA,1.7585126524581336,1.376556461929396,NA
H05,1,1,HS 7th/8th,8,NA,174,NA,NA,NA,2,6,NA,8,Heritage Spanish,NA,NA,NA,Selection,FCT-27,0,NA,NA,NA,NA,NA,NA,NA,DOM,Feminine,Singular,NA,NA,NA,HS,7th/8th,Early,Yes,8,0,174,2023,0,0.25,NA,NA,1.7585126524581336,1.376556461929396,NA
H06,1,1,L2L 7th/8th,8,NA,174,NA,NA,NA,2,4,NA,8,L2 learner,L2,L2,L2,Selection,FCT-01,0,NA,NA,NA,NA,NA,NA,NA,DOM,Masculine,NA,NA,NA,NA,L2L,7th/8th,Early,Yes,6,0,174,2023,0,0.3333333333333333,NA,NA,1.7585126524581336,1.376556461929396,NA
H06,1,1,L2L 7th/8th,8,NA,174,NA,NA,NA,2,4,NA,8,L2 learner,L2,L2,L2,Selection,FCT-04,0,NA,NA,NA,NA,NA,NA,NA,DOM,Feminine,Singular,NA,NA,NA,L2L,7th/8th,Early,Yes,6,0,174,2023,0,0.3333333333333333,NA,NA,1.7585126524581336,1.376556461929396,NA
H06,1,1,L2L 7th/8th,8,NA,174,NA,NA,NA,2,4,NA,8,L2 learner,L2,L2,L2,Selection,FCT-08,0,NA,NA,NA,NA,NA,NA,NA,DOM,Masculine,NA,NA,NA,NA,L2L,7th/8th,Early,Yes,6,0,174,2023,0,0.3333333333333333,NA,NA,1.7585126524581336,1.376556461929396,NA
H06,1,1,L2L 7th/8th,8,NA,174,NA,NA,NA,2,4,NA,8,L2 learner,L2,L2,L2,Selection,FCT-12,1,NA,NA,NA,NA,NA,NA,NA,DOM,Feminine,Singular,NA,NA,NA,L2L,7th/8th,Early,Yes,6,0,174,2023,1,0.3333333333333333,NA,NA,1.7585126524581336,1.376556461929396,NA
H06,1,1,L2L 7th/8th,8,NA,174,NA,NA,NA,2,4,NA,8,L2 learner,L2,L2,L2,Selection,FCT-16,0,NA,NA,NA,NA,NA,NA,NA,DOM,Masculine,NA,NA,NA,NA,L2L,7th/8th,Early,Yes,6,0,174,2023,0,0.3333333333333333,NA,NA,1.7585126524581336,1.376556461929396,NA
H06,1,1,L2L 7th/8th,8,NA,174,NA,NA,NA,2,4,NA,8,L2 learner,L2,L2,L2,Selection,FCT-20,1,NA,NA,NA,NA,NA,NA,NA,DOM,Feminine,Singular,NA,NA,NA,L2L,7th/8th,Early,Yes,6,0,174,2023,1,0.3333333333333333,NA,NA,1.7585126524581336,1.376556461929396,NA
H06,1,1,L2L 7th/8th,8,NA,174,NA,NA,NA,2,4,NA,8,L2 learner,L2,L2,L2,Selection,FCT-24,0,NA,NA,NA,NA,NA,NA,NA,DOM,Masculine,NA,NA,NA,NA,L2L,7th/8th,Early,Yes,6,0,174,2023,0,0.3333333333333333,NA,NA,1.7585126524581336,1.376556461929396,NA
H06,1,1,L2L 7th/8th,8,NA,174,NA,NA,NA,2,4,NA,8,L2 learner,L2,L2,L2,Selection,FCT-27,1,NA,NA,NA,NA,NA,NA,NA,DOM,Feminine,Singular,NA,NA,NA,L2L,7th/8th,Early,Yes,6,0,174,2023,1,0.3333333333333333,NA,NA,1.7585126524581336,1.376556461929396,NA
H07,1,1,HS 7th/8th,8,NA,171,NA,NA,NA,4,4,NA,8,Heritage Spanish,NA,NA,NA,Selection,FCT-01,0,NA,NA,NA,NA,NA,NA,NA,DOM,Masculine,NA,NA,NA,NA,HS,7th/8th,Early,Yes,8,0,171,2023,0,0.5,NA,NA,1.6436240800121633,1.270563124674447,NA
H07,1,1,HS 7th/8th,8,NA,171,NA,NA,NA,4,4,NA,8,Heritage Spanish,NA,NA,NA,Selection,FCT-04,1,NA,NA,NA,NA,NA,NA,NA,DOM,Feminine,Singular,NA,NA,NA,HS,7th/8th,Early,Yes,8,0,171,2023,1,0.5,NA,NA,1.6436240800121633,1.270563124674447,NA
H07,1,1,HS 7th/8th,8,NA,171,NA,NA,NA,4,4,NA,8,Heritage Spanish,NA,NA,NA,Selection,FCT-08,1,NA,NA,NA,NA,NA,NA,NA,DOM,Masculine,NA,NA,NA,NA,HS,7th/8th,Early,Yes,8,0,171,2023,1,0.5,NA,NA,1.6436240800121633,1.270563124674447,NA
H07,1,1,HS 7th/8th,8,NA,171,NA,NA,NA,4,4,NA,8,Heritage Spanish,NA,NA,NA,Selection,FCT-12,1,NA,NA,NA,NA,NA,NA,NA,DOM,Feminine,Singular,NA,NA,NA,HS,7th/8th,Early,Yes,8,0,171,2023,1,0.5,NA,NA,1.6436240800121633,1.270563124674447,NA
H07,1,1,HS 7th/8th,8,NA,171,NA,NA,NA,4,4,NA,8,Heritage Spanish,NA,NA,NA,Selection,FCT-16,1,NA,NA,NA,NA,NA,NA,NA,DOM,Masculine,NA,NA,NA,NA,HS,7th/8th,Early,Yes,8,0,171,2023,1,0.5,NA,NA,1.6436240800121633,1.270563124674447,NA
H07,1,1,HS 7th/8th,8,NA,171,NA,NA,NA,4,4,NA,8,Heritage Spanish,NA,NA,NA,Selection,FCT-20,0,NA,NA,NA,NA,NA,NA,NA,DOM,Feminine,Singular,NA,NA,NA,HS,7th/8th,Early,Yes,8,0,171,2023,0,0.5,NA,NA,1.6436240800121633,1.270563124674447,NA
H07,1,1,HS 7th/8th,8,NA,171,NA,NA,NA,4,4,NA,8,Heritage Spanish,NA,NA,NA,Selection,FCT-24,1,NA,NA,NA,NA,NA,NA,NA,DOM,Masculine,NA,NA,NA,NA,HS,7th/8th,Early,Yes,8,0,171,2023,1,0.5,NA,NA,1.6436240800121633,1.270563124674447,NA
H07,1,1,HS 7th/8th,8,NA,171,NA,NA,NA,4,4,NA,8,Heritage Spanish,NA,NA,NA,Selection,FCT-27,0,NA,NA,NA,NA,NA,NA,NA,DOM,Feminine,Singular,NA,NA,NA,HS,7th/8th,Early,Yes,8,0,171,2023,0,0.5,NA,NA,1.6436240800121633,1.270563124674447,NA
H08,1,1,L2L 7th/8th,8,NA,168,NA,NA,NA,1,6,NA,8,"Hindi, Mandarin",Yes,Yes,Yes,Selection,FCT-01,0,NA,NA,NA,NA,NA,NA,NA,DOM,Masculine,NA,NA,NA,NA,L2L,7th/8th,Early,Yes,7,0,168,2023,0,0.14285714285714285,NA,NA,1.528735507566193,1.1645697874194985,NA
H08,1,1,L2L 7th/8th,8,NA,168,NA,NA,NA,1,6,NA,8,"Hindi, Mandarin",Yes,Yes,Yes,Selection,FCT-04,1,NA,NA,NA,NA,NA,NA,NA,DOM,Feminine,Singular,NA,NA,NA,L2L,7th/8th,Early,Yes,7,0,168,2023,1,0.14285714285714285,NA,NA,1.528735507566193,1.1645697874194985,NA
H08,1,1,L2L 7th/8th,8,NA,168,NA,NA,NA,1,6,NA,8,"Hindi, Mandarin",Yes,Yes,Yes,Selection,FCT-08,0,NA,NA,NA,NA,NA,NA,NA,DOM,Masculine,NA,NA,NA,NA,L2L,7th/8th,Early,Yes,7,0,168,2023,0,0.14285714285714285,NA,NA,1.528735507566193,1.1645697874194985,NA
H08,1,1,L2L 7th/8th,8,NA,168,NA,NA,NA,1,6,NA,8,"Hindi, Mandarin",Yes,Yes,Yes,Selection,FCT-12,1,NA,NA,NA,NA,NA,NA,NA,DOM,Feminine,Singular,NA,NA,NA,L2L,7th/8th,Early,Yes,7,0,168,2023,1,0.14285714285714285,NA,NA,1.528735507566193,1.1645697874194985,NA
H08,1,1,L2L 7th/8th,8,NA,168,NA,NA,NA,1,6,NA,8,"Hindi, Mandarin",Yes,Yes,Yes,Selection,FCT-16,0,NA,NA,NA,NA,NA,NA,NA,DOM,Masculine,NA,NA,NA,NA,L2L,7th/8th,Early,Yes,7,0,168,2023,0,0.14285714285714285,NA,NA,1.528735507566193,1.1645697874194985,NA
H08,1,1,L2L 7th/8th,8,NA,168,NA,NA,NA,1,6,NA,8,"Hindi, Mandarin",Yes,Yes,Yes,Selection,FCT-20,1,NA,NA,NA,NA,NA,NA,NA,DOM,Feminine,Singular,NA,NA,NA,L2L,7th/8th,Early,Yes,7,0,168,2023,1,0.14285714285714285,NA,NA,1.528735507566193,1.1645697874194985,NA
H08,1,1,L2L 7th/8th,8,NA,168,NA,NA,NA,1,6,NA,8,"Hindi, Mandarin",Yes,Yes,Yes,Selection,FCT-24,0,NA,NA,NA,NA,NA,NA,NA,DOM,Masculine,NA,NA,NA,NA,L2L,7th/8th,Early,Yes,7,0,168,2023,0,0.14285714285714285,NA,NA,1.528735507566193,1.1645697874194985,NA
H08,1,1,L2L 7th/8th,8,NA,168,NA,NA,NA,1,6,NA,8,"Hindi, Mandarin",Yes,Yes,Yes,Selection,FCT-27,1,NA,NA,NA,NA,NA,NA,NA,DOM,Feminine,Singular,NA,NA,NA,L2L,7th/8th,Early,Yes,7,0,168,2023,1,0.14285714285714285,NA,NA,1.528735507566193,1.1645697874194985,NA
H09,1,1,L2L 7th/8th,8,NA,168,NA,NA,NA,1,4,NA,7,L2 learner,L2,L2,L2,Selection,FCT-01,0,NA,NA,NA,NA,NA,NA,NA,DOM,Masculine,NA,NA,NA,NA,L2L,7th/8th,Early,Yes,5,0,168,2023,0,0.2,NA,NA,1.528735507566193,1.1645697874194985,NA
H09,1,1,L2L 7th/8th,8,NA,168,NA,NA,NA,1,4,NA,7,L2 learner,L2,L2,L2,Selection,FCT-04,0,NA,NA,NA,NA,NA,NA,NA,DOM,Feminine,Singular,NA,NA,NA,L2L,7th/8th,Early,Yes,5,0,168,2023,0,0.2,NA,NA,1.528735507566193,1.1645697874194985,NA
H09,1,1,L2L 7th/8th,8,NA,168,NA,NA,NA,1,4,NA,7,L2 learner,L2,L2,L2,Selection,FCT-08,1,NA,NA,NA,NA,NA,NA,NA,DOM,Masculine,NA,NA,NA,NA,L2L,7th/8th,Early,Yes,5,0,168,2023,1,0.2,NA,NA,1.528735507566193,1.1645697874194985,NA
H09,1,1,L2L 7th/8th,8,NA,168,NA,NA,NA,1,4,NA,7,L2 learner,L2,L2,L2,Selection,FCT-12,1,NA,NA,NA,NA,NA,NA,NA,DOM,Feminine,Singular,NA,NA,NA,L2L,7th/8th,Early,Yes,5,0,168,2023,1,0.2,NA,NA,1.528735507566193,1.1645697874194985,NA
H09,1,1,L2L 7th/8th,8,NA,168,NA,NA,NA,1,4,NA,7,L2 learner,L2,L2,L2,Selection,FCT-16,0,NA,NA,NA,NA,NA,NA,NA,DOM,Masculine,NA,NA,NA,NA,L2L,7th/8th,Early,Yes,5,0,168,2023,0,0.2,NA,NA,1.528735507566193,1.1645697874194985,NA
H09,1,1,L2L 7th/8th,8,NA,168,NA,NA,NA,1,4,NA,7,L2 learner,L2,L2,L2,Selection,FCT-20,0,NA,NA,NA,NA,NA,NA,NA,DOM,Feminine,Singular,NA,NA,NA,L2L,7th/8th,Early,Yes,5,0,168,2023,0,0.2,NA,NA,1.528735507566193,1.1645697874194985,NA
H09,1,1,L2L 7th/8th,8,NA,168,NA,NA,NA,1,4,NA,7,L2 learner,L2,L2,L2,Selection,FCT-24,1,NA,NA,NA,NA,NA,NA,NA,DOM,Masculine,NA,NA,NA,NA,L2L,7th/8th,Early,Yes,5,0,168,2023,1,0.2,NA,NA,1.528735507566193,1.1645697874194985,NA
H09,1,1,L2L 7th/8th,8,NA,168,NA,NA,NA,1,4,NA,7,L2 learner,L2,L2,L2,Selection,FCT-27,0,NA,NA,NA,NA,NA,NA,NA,DOM,Feminine,Singular,NA,NA,NA,L2L,7th/8th,Early,Yes,5,0,168,2023,0,0.2,NA,NA,1.528735507566193,1.1645697874194985,NA
H10,1,1,L2L 7th/8th,8,NA,173,NA,NA,NA,2,4,3,8,Russian,No,Yes,Yes,Selection,FCT-01,1,NA,NA,NA,NA,NA,NA,NA,DOM,Masculine,NA,NA,NA,NA,L2L,7th/8th,Early,Yes,6,0,173,2023,1,0.3333333333333333,NA,NA,1.7202164616428102,1.3412253495110797,NA
H10,1,1,L2L 7th/8th,8,NA,173,NA,NA,NA,2,4,3,8,Russian,No,Yes,Yes,Selection,FCT-04,0,NA,NA,NA,NA,NA,NA,NA,DOM,Feminine,Singular,NA,NA,NA,L2L,7th/8th,Early,Yes,6,0,173,2023,0,0.3333333333333333,NA,NA,1.7202164616428102,1.3412253495110797,NA
H10,1,1,L2L 7th/8th,8,NA,173,NA,NA,NA,2,4,3,8,Russian,No,Yes,Yes,Selection,FCT-08,0,NA,NA,NA,NA,NA,NA,NA,DOM,Masculine,NA,NA,NA,NA,L2L,7th/8th,Early,Yes,6,0,173,2023,0,0.3333333333333333,NA,NA,1.7202164616428102,1.3412253495110797,NA
H10,1,1,L2L 7th/8th,8,NA,173,NA,NA,NA,2,4,3,8,Russian,No,Yes,Yes,Selection,FCT-12,1,NA,NA,NA,NA,NA,NA,NA,DOM,Feminine,Singular,NA,NA,NA,L2L,7th/8th,Early,Yes,6,0,173,2023,1,0.3333333333333333,NA,NA,1.7202164616428102,1.3412253495110797,NA
H10,1,1,L2L 7th/8th,8,NA,173,NA,NA,NA,2,4,3,8,Russian,No,Yes,Yes,Selection,FCT-16,1,NA,NA,NA,NA,NA,NA,NA,DOM,Masculine,NA,NA,NA,NA,L2L,7th/8th,Early,Yes,6,0,173,2023,1,0.3333333333333333,NA,NA,1.7202164616428102,1.3412253495110797,NA
H10,1,1,L2L 7th/8th,8,NA,173,NA,NA,NA,2,4,3,8,Russian,No,Yes,Yes,Selection,FCT-20,1,NA,NA,NA,NA,NA,NA,NA,DOM,Feminine,Singular,NA,NA,NA,L2L,7th/8th,Early,Yes,6,0,173,2023,1,0.3333333333333333,NA,NA,1.7202164616428102,1.3412253495110797,NA
H10,1,1,L2L 7th/8th,8,NA,173,NA,NA,NA,2,4,3,8,Russian,No,Yes,Yes,Selection,FCT-24,1,NA,NA,NA,NA,NA,NA,NA,DOM,Masculine,NA,NA,NA,NA,L2L,7th/8th,Early,Yes,6,0,173,2023,1,0.3333333333333333,NA,NA,1.7202164616428102,1.3412253495110797,NA
H10,1,1,L2L 7th/8th,8,NA,173,NA,NA,NA,2,4,3,8,Russian,No,Yes,Yes,Selection,FCT-27,0,NA,NA,NA,NA,NA,NA,NA,DOM,Feminine,Singular,NA,NA,NA,L2L,7th/8th,Early,Yes,6,0,173,2023,0,0.3333333333333333,NA,NA,1.7202164616428102,1.3412253495110797,NA
H11,1,1,L2L 7th/8th,8,NA,173,NA,NA,NA,2,4,3,8,Russian,No,Yes,Yes,Selection,FCT-01,1,NA,NA,NA,NA,NA,NA,NA,DOM,Masculine,NA,NA,NA,NA,L2L,7th/8th,Early,Yes,6,0,173,2023,1,0.3333333333333333,NA,NA,1.7202164616428102,1.3412253495110797,NA
H11,1,1,L2L 7th/8th,8,NA,173,NA,NA,NA,2,4,3,8,Russian,No,Yes,Yes,Selection,FCT-04,1,NA,NA,NA,NA,NA,NA,NA,DOM,Feminine,Singular,NA,NA,NA,L2L,7th/8th,Early,Yes,6,0,173,2023,1,0.3333333333333333,NA,NA,1.7202164616428102,1.3412253495110797,NA
H11,1,1,L2L 7th/8th,8,NA,173,NA,NA,NA,2,4,3,8,Russian,No,Yes,Yes,Selection,FCT-08,1,NA,NA,NA,NA,NA,NA,NA,DOM,Masculine,NA,NA,NA,NA,L2L,7th/8th,Early,Yes,6,0,173,2023,1,0.3333333333333333,NA,NA,1.7202164616428102,1.3412253495110797,NA
H11,1,1,L2L 7th/8th,8,NA,173,NA,NA,NA,2,4,3,8,Russian,No,Yes,Yes,Selection,FCT-12,0,NA,NA,NA,NA,NA,NA,NA,DOM,Feminine,Singular,NA,NA,NA,L2L,7th/8th,Early,Yes,6,0,173,2023,0,0.3333333333333333,NA,NA,1.7202164616428102,1.3412253495110797,NA
H11,1,1,L2L 7th/8th,8,NA,173,NA,NA,NA,2,4,3,8,Russian,No,Yes,Yes,Selection,FCT-16,1,NA,NA,NA,NA,NA,NA,NA,DOM,Masculine,NA,NA,NA,NA,L2L,7th/8th,Early,Yes,6,0,173,2023,1,0.3333333333333333,NA,NA,1.7202164616428102,1.3412253495110797,NA
H11,1,1,L2L 7th/8th,8,NA,173,NA,NA,NA,2,4,3,8,Russian,No,Yes,Yes,Selection,FCT-20,1,NA,NA,NA,NA,NA,NA,NA,DOM,Feminine,Singular,NA,NA,NA,L2L,7th/8th,Early,Yes,6,0,173,2023,1,0.3333333333333333,NA,NA,1.7202164616428102,1.3412253495110797,NA
H11,1,1,L2L 7th/8th,8,NA,173,NA,NA,NA,2,4,3,8,Russian,No,Yes,Yes,Selection,FCT-24,1,NA,NA,NA,NA,NA,NA,NA,DOM,Masculine,NA,NA,NA,NA,L2L,7th/8th,Early,Yes,6,0,173,2023,1,0.3333333333333333,NA,NA,1.7202164616428102,1.3412253495110797,NA
H11,1,1,L2L 7th/8th,8,NA,173,NA,NA,NA,2,4,3,8,Russian,No,Yes,Yes,Selection,FCT-27,1,NA,NA,NA,NA,NA,NA,NA,DOM,Feminine,Singular,NA,NA,NA,L2L,7th/8th,Early,Yes,6,0,173,2023,1,0.3333333333333333,NA,NA,1.7202164616428102,1.3412253495110797,NA
H12,1,1,L2L 7th/8th,8,NA,174,NA,NA,NA,2,2,NA,5,L2 learner,L2,L2,L2,Selection,FCT-01,1,NA,NA,NA,NA,NA,NA,NA,DOM,Masculine,NA,NA,NA,NA,L2L,7th/8th,Early,Yes,4,0,174,2023,1,0.5,NA,NA,1.7585126524581336,1.376556461929396,NA
H12,1,1,L2L 7th/8th,8,NA,174,NA,NA,NA,2,2,NA,5,L2 learner,L2,L2,L2,Selection,FCT-04,0,NA,NA,NA,NA,NA,NA,NA,DOM,Feminine,Singular,NA,NA,NA,L2L,7th/8th,Early,Yes,4,0,174,2023,0,0.5,NA,NA,1.7585126524581336,1.376556461929396,NA
H12,1,1,L2L 7th/8th,8,NA,174,NA,NA,NA,2,2,NA,5,L2 learner,L2,L2,L2,Selection,FCT-08,1,NA,NA,NA,NA,NA,NA,NA,DOM,Masculine,NA,NA,NA,NA,L2L,7th/8th,Early,Yes,4,0,174,2023,1,0.5,NA,NA,1.7585126524581336,1.376556461929396,NA
H12,1,1,L2L 7th/8th,8,NA,174,NA,NA,NA,2,2,NA,5,L2 learner,L2,L2,L2,Selection,FCT-12,1,NA,NA,NA,NA,NA,NA,NA,DOM,Feminine,Singular,NA,NA,NA,L2L,7th/8th,Early,Yes,4,0,174,2023,1,0.5,NA,NA,1.7585126524581336,1.376556461929396,NA
H12,1,1,L2L 7th/8th,8,NA,174,NA,NA,NA,2,2,NA,5,L2 learner,L2,L2,L2,Selection,FCT-16,1,NA,NA,NA,NA,NA,NA,NA,DOM,Masculine,NA,NA,NA,NA,L2L,7th/8th,Early,Yes,4,0,174,2023,1,0.5,NA,NA,1.7585126524581336,1.376556461929396,NA
H12,1,1,L2L 7th/8th,8,NA,174,NA,NA,NA,2,2,NA,5,L2 learner,L2,L2,L2,Selection,FCT-20,1,NA,NA,NA,NA,NA,NA,NA,DOM,Feminine,Singular,NA,NA,NA,L2L,7th/8th,Early,Yes,4,0,174,2023,1,0.5,NA,NA,1.7585126524581336,1.376556461929396,NA
H12,1,1,L2L 7th/8th,8,NA,174,NA,NA,NA,2,2,NA,5,L2 learner,L2,L2,L2,Selection,FCT-24,0,NA,NA,NA,NA,NA,NA,NA,DOM,Masculine,NA,NA,NA,NA,L2L,7th/8th,Early,Yes,4,0,174,2023,0,0.5,NA,NA,1.7585126524581336,1.376556461929396,NA
H12,1,1,L2L 7th/8th,8,NA,174,NA,NA,NA,2,2,NA,5,L2 learner,L2,L2,L2,Selection,FCT-27,0,NA,NA,NA,NA,NA,NA,NA,DOM,Feminine,Singular,NA,NA,NA,L2L,7th/8th,Early,Yes,4,0,174,2023,0,0.5,NA,NA,1.7585126524581336,1.376556461929396,NA
H13,1,1,L2L 7th/8th,8,NA,173,NA,NA,NA,3,4,NA,8,"Bulgarian, Russian",No,Yes,Yes,Selection,FCT-01,1,NA,NA,NA,NA,NA,NA,NA,DOM,Masculine,NA,NA,NA,NA,L2L,7th/8th,Early,Yes,7,0,173,2023,1,0.42857142857142855,NA,NA,1.7202164616428102,1.3412253495110797,NA
H13,1,1,L2L 7th/8th,8,NA,173,NA,NA,NA,3,4,NA,8,"Bulgarian, Russian",No,Yes,Yes,Selection,FCT-04,1,NA,NA,NA,NA,NA,NA,NA,DOM,Feminine,Singular,NA,NA,NA,L2L,7th/8th,Early,Yes,7,0,173,2023,1,0.42857142857142855,NA,NA,1.7202164616428102,1.3412253495110797,NA
H13,1,1,L2L 7th/8th,8,NA,173,NA,NA,NA,3,4,NA,8,"Bulgarian, Russian",No,Yes,Yes,Selection,FCT-08,1,NA,NA,NA,NA,NA,NA,NA,DOM,Masculine,NA,NA,NA,NA,L2L,7th/8th,Early,Yes,7,0,173,2023,1,0.42857142857142855,NA,NA,1.7202164616428102,1.3412253495110797,NA
H13,1,1,L2L 7th/8th,8,NA,173,NA,NA,NA,3,4,NA,8,"Bulgarian, Russian",No,Yes,Yes,Selection,FCT-12,1,NA,NA,NA,NA,NA,NA,NA,DOM,Feminine,Singular,NA,NA,NA,L2L,7th/8th,Early,Yes,7,0,173,2023,1,0.42857142857142855,NA,NA,1.7202164616428102,1.3412253495110797,NA
H13,1,1,L2L 7th/8th,8,NA,173,NA,NA,NA,3,4,NA,8,"Bulgarian, Russian",No,Yes,Yes,Selection,FCT-16,0,NA,NA,NA,NA,NA,NA,NA,DOM,Masculine,NA,NA,NA,NA,L2L,7th/8th,Early,Yes,7,0,173,2023,0,0.42857142857142855,NA,NA,1.7202164616428102,1.3412253495110797,NA
H13,1,1,L2L 7th/8th,8,NA,173,NA,NA,NA,3,4,NA,8,"Bulgarian, Russian",No,Yes,Yes,Selection,FCT-20,1,NA,NA,NA,NA,NA,NA,NA,DOM,Feminine,Singular,NA,NA,NA,L2L,7th/8th,Early,Yes,7,0,173,2023,1,0.42857142857142855,NA,NA,1.7202164616428102,1.3412253495110797,NA
H13,1,1,L2L 7th/8th,8,NA,173,NA,NA,NA,3,4,NA,8,"Bulgarian, Russian",No,Yes,Yes,Selection,FCT-24,0,NA,NA,NA,NA,NA,NA,NA,DOM,Masculine,NA,NA,NA,NA,L2L,7th/8th,Early,Yes,7,0,173,2023,0,0.42857142857142855,NA,NA,1.7202164616428102,1.3412253495110797,NA
H13,1,1,L2L 7th/8th,8,NA,173,NA,NA,NA,3,4,NA,8,"Bulgarian, Russian",No,Yes,Yes,Selection,FCT-27,1,NA,NA,NA,NA,NA,NA,NA,DOM,Feminine,Singular,NA,NA,NA,L2L,7th/8th,Early,Yes,7,0,173,2023,1,0.42857142857142855,NA,NA,1.7202164616428102,1.3412253495110797,NA
H14,1,1,L2L 7th/8th,8,NA,172,NA,NA,NA,2,4,NA,8,L2 learner,L2,L2,L2,Selection,FCT-01,1,NA,NA,NA,NA,NA,NA,NA,DOM,Masculine,NA,NA,NA,NA,L2L,7th/8th,Early,Yes,6,0,172,2023,1,0.3333333333333333,NA,NA,1.6819202708274867,1.3058942370927635,NA
H14,1,1,L2L 7th/8th,8,NA,172,NA,NA,NA,2,4,NA,8,L2 learner,L2,L2,L2,Selection,FCT-04,1,NA,NA,NA,NA,NA,NA,NA,DOM,Feminine,Singular,NA,NA,NA,L2L,7th/8th,Early,Yes,6,0,172,2023,1,0.3333333333333333,NA,NA,1.6819202708274867,1.3058942370927635,NA
H14,1,1,L2L 7th/8th,8,NA,172,NA,NA,NA,2,4,NA,8,L2 learner,L2,L2,L2,Selection,FCT-08,0,NA,NA,NA,NA,NA,NA,NA,DOM,Masculine,NA,NA,NA,NA,L2L,7th/8th,Early,Yes,6,0,172,2023,0,0.3333333333333333,NA,NA,1.6819202708274867,1.3058942370927635,NA
H14,1,1,L2L 7th/8th,8,NA,172,NA,NA,NA,2,4,NA,8,L2 learner,L2,L2,L2,Selection,FCT-12,0,NA,NA,NA,NA,NA,NA,NA,DOM,Feminine,Singular,NA,NA,NA,L2L,7th/8th,Early,Yes,6,0,172,2023,0,0.3333333333333333,NA,NA,1.6819202708274867,1.3058942370927635,NA
H14,1,1,L2L 7th/8th,8,NA,172,NA,NA,NA,2,4,NA,8,L2 learner,L2,L2,L2,Selection,FCT-16,0,NA,NA,NA,NA,NA,NA,NA,DOM,Masculine,NA,NA,NA,NA,L2L,7th/8th,Early,Yes,6,0,172,2023,0,0.3333333333333333,NA,NA,1.6819202708274867,1.3058942370927635,NA
H14,1,1,L2L 7th/8th,8,NA,172,NA,NA,NA,2,4,NA,8,L2 learner,L2,L2,L2,Selection,FCT-20,1,NA,NA,NA,NA,NA,NA,NA,DOM,Feminine,Singular,NA,NA,NA,L2L,7th/8th,Early,Yes,6,0,172,2023,1,0.3333333333333333,NA,NA,1.6819202708274867,1.3058942370927635,NA
H14,1,1,L2L 7th/8th,8,NA,172,NA,NA,NA,2,4,NA,8,L2 learner,L2,L2,L2,Selection,FCT-24,1,NA,NA,NA,NA,NA,NA,NA,DOM,Masculine,NA,NA,NA,NA,L2L,7th/8th,Early,Yes,6,0,172,2023,1,0.3333333333333333,NA,NA,1.6819202708274867,1.3058942370927635,NA
H14,1,1,L2L 7th/8th,8,NA,172,NA,NA,NA,2,4,NA,8,L2 learner,L2,L2,L2,Selection,FCT-27,1,NA,NA,NA,NA,NA,NA,NA,DOM,Feminine,Singular,NA,NA,NA,L2L,7th/8th,Early,Yes,6,0,172,2023,1,0.3333333333333333,NA,NA,1.6819202708274867,1.3058942370927635,NA
H15,1,1,HS 7th/8th,8,NA,172,NA,NA,NA,1,4,NA,8,Heritage Spanish,NA,NA,NA,Selection,FCT-01,0,NA,NA,NA,NA,NA,NA,NA,DOM,Masculine,NA,NA,NA,NA,HS,7th/8th,Early,Yes,5,0,172,2023,0,0.2,NA,NA,1.6819202708274867,1.3058942370927635,NA
H15,1,1,HS 7th/8th,8,NA,172,NA,NA,NA,1,4,NA,8,Heritage Spanish,NA,NA,NA,Selection,FCT-04,0,NA,NA,NA,NA,NA,NA,NA,DOM,Feminine,Singular,NA,NA,NA,HS,7th/8th,Early,Yes,5,0,172,2023,0,0.2,NA,NA,1.6819202708274867,1.3058942370927635,NA
H15,1,1,HS 7th/8th,8,NA,172,NA,NA,NA,1,4,NA,8,Heritage Spanish,NA,NA,NA,Selection,FCT-08,1,NA,NA,NA,NA,NA,NA,NA,DOM,Masculine,NA,NA,NA,NA,HS,7th/8th,Early,Yes,5,0,172,2023,1,0.2,NA,NA,1.6819202708274867,1.3058942370927635,NA
H15,1,1,HS 7th/8th,8,NA,172,NA,NA,NA,1,4,NA,8,Heritage Spanish,NA,NA,NA,Selection,FCT-12,1,NA,NA,NA,NA,NA,NA,NA,DOM,Feminine,Singular,NA,NA,NA,HS,7th/8th,Early,Yes,5,0,172,2023,1,0.2,NA,NA,1.6819202708274867,1.3058942370927635,NA
H15,1,1,HS 7th/8th,8,NA,172,NA,NA,NA,1,4,NA,8,Heritage Spanish,NA,NA,NA,Selection,FCT-16,0,NA,NA,NA,NA,NA,NA,NA,DOM,Masculine,NA,NA,NA,NA,HS,7th/8th,Early,Yes,5,0,172,2023,0,0.2,NA,NA,1.6819202708274867,1.3058942370927635,NA
H15,1,1,HS 7th/8th,8,NA,172,NA,NA,NA,1,4,NA,8,Heritage Spanish,NA,NA,NA,Selection,FCT-20,0,NA,NA,NA,NA,NA,NA,NA,DOM,Feminine,Singular,NA,NA,NA,HS,7th/8th,Early,Yes,5,0,172,2023,0,0.2,NA,NA,1.6819202708274867,1.3058942370927635,NA
H15,1,1,HS 7th/8th,8,NA,172,NA,NA,NA,1,4,NA,8,Heritage Spanish,NA,NA,NA,Selection,FCT-24,0,NA,NA,NA,NA,NA,NA,NA,DOM,Masculine,NA,NA,NA,NA,HS,7th/8th,Early,Yes,5,0,172,2023,0,0.2,NA,NA,1.6819202708274867,1.3058942370927635,NA
H15,1,1,HS 7th/8th,8,NA,172,NA,NA,NA,1,4,NA,8,Heritage Spanish,NA,NA,NA,Selection,FCT-27,1,NA,NA,NA,NA,NA,NA,NA,DOM,Feminine,Singular,NA,NA,NA,HS,7th/8th,Early,Yes,5,0,172,2023,1,0.2,NA,NA,1.6819202708274867,1.3058942370927635,NA
H16,1,1,L2L 7th/8th,8,NA,165,NA,NA,NA,2,5,NA,7,L2 learner,L2,L2,L2,Selection,FCT-01,1,NA,NA,NA,NA,NA,NA,NA,DOM,Masculine,NA,NA,NA,NA,L2L,7th/8th,Early,Yes,7,0,165,2023,1,0.2857142857142857,NA,NA,1.4138469351202227,1.0585764501645496,NA
H16,1,1,L2L 7th/8th,8,NA,165,NA,NA,NA,2,5,NA,7,L2 learner,L2,L2,L2,Selection,FCT-04,1,NA,NA,NA,NA,NA,NA,NA,DOM,Feminine,Singular,NA,NA,NA,L2L,7th/8th,Early,Yes,7,0,165,2023,1,0.2857142857142857,NA,NA,1.4138469351202227,1.0585764501645496,NA
H16,1,1,L2L 7th/8th,8,NA,165,NA,NA,NA,2,5,NA,7,L2 learner,L2,L2,L2,Selection,FCT-08,0,NA,NA,NA,NA,NA,NA,NA,DOM,Masculine,NA,NA,NA,NA,L2L,7th/8th,Early,Yes,7,0,165,2023,0,0.2857142857142857,NA,NA,1.4138469351202227,1.0585764501645496,NA
H16,1,1,L2L 7th/8th,8,NA,165,NA,NA,NA,2,5,NA,7,L2 learner,L2,L2,L2,Selection,FCT-12,1,NA,NA,NA,NA,NA,NA,NA,DOM,Feminine,Singular,NA,NA,NA,L2L,7th/8th,Early,Yes,7,0,165,2023,1,0.2857142857142857,NA,NA,1.4138469351202227,1.0585764501645496,NA
H16,1,1,L2L 7th/8th,8,NA,165,NA,NA,NA,2,5,NA,7,L2 learner,L2,L2,L2,Selection,FCT-16,0,NA,NA,NA,NA,NA,NA,NA,DOM,Masculine,NA,NA,NA,NA,L2L,7th/8th,Early,Yes,7,0,165,2023,0,0.2857142857142857,NA,NA,1.4138469351202227,1.0585764501645496,NA
H16,1,1,L2L 7th/8th,8,NA,165,NA,NA,NA,2,5,NA,7,L2 learner,L2,L2,L2,Selection,FCT-20,1,NA,NA,NA,NA,NA,NA,NA,DOM,Feminine,Singular,NA,NA,NA,L2L,7th/8th,Early,Yes,7,0,165,2023,1,0.2857142857142857,NA,NA,1.4138469351202227,1.0585764501645496,NA
H16,1,1,L2L 7th/8th,8,NA,165,NA,NA,NA,2,5,NA,7,L2 learner,L2,L2,L2,Selection,FCT-24,0,NA,NA,NA,NA,NA,NA,NA,DOM,Masculine,NA,NA,NA,NA,L2L,7th/8th,Early,Yes,7,0,165,2023,0,0.2857142857142857,NA,NA,1.4138469351202227,1.0585764501645496,NA
H16,1,1,L2L 7th/8th,8,NA,165,NA,NA,NA,2,5,NA,7,L2 learner,L2,L2,L2,Selection,FCT-27,1,NA,NA,NA,NA,NA,NA,NA,DOM,Feminine,Singular,NA,NA,NA,L2L,7th/8th,Early,Yes,7,0,165,2023,1,0.2857142857142857,NA,NA,1.4138469351202227,1.0585764501645496,NA
H17,1,1,HS 4th/5th,5,10,126,NA,NA,NA,2,6,NA,8,Heritage Spanish,NA,NA,NA,Selection,FCT-01,1,NA,NA,NA,NA,NA,NA,NA,DOM,Masculine,NA,NA,NA,NA,HS,4th/5th,Early,Yes,8,0,126,2023,1,0.25,NA,NA,-0.0797045066773919,-0.31933693414978526,NA
H17,1,1,HS 4th/5th,5,10,126,NA,NA,NA,2,6,NA,8,Heritage Spanish,NA,NA,NA,Selection,FCT-04,1,NA,NA,NA,NA,NA,NA,NA,DOM,Feminine,Singular,NA,NA,NA,HS,4th/5th,Early,Yes,8,0,126,2023,1,0.25,NA,NA,-0.0797045066773919,-0.31933693414978526,NA
H17,1,1,HS 4th/5th,5,10,126,NA,NA,NA,2,6,NA,8,Heritage Spanish,NA,NA,NA,Selection,FCT-08,1,NA,NA,NA,NA,NA,NA,NA,DOM,Masculine,NA,NA,NA,NA,HS,4th/5th,Early,Yes,8,0,126,2023,1,0.25,NA,NA,-0.0797045066773919,-0.31933693414978526,NA
H17,1,1,HS 4th/5th,5,10,126,NA,NA,NA,2,6,NA,8,Heritage Spanish,NA,NA,NA,Selection,FCT-12,1,NA,NA,NA,NA,NA,NA,NA,DOM,Feminine,Singular,NA,NA,NA,HS,4th/5th,Early,Yes,8,0,126,2023,1,0.25,NA,NA,-0.0797045066773919,-0.31933693414978526,NA
H17,1,1,HS 4th/5th,5,10,126,NA,NA,NA,2,6,NA,8,Heritage Spanish,NA,NA,NA,Selection,FCT-16,1,NA,NA,NA,NA,NA,NA,NA,DOM,Masculine,NA,NA,NA,NA,HS,4th/5th,Early,Yes,8,0,126,2023,1,0.25,NA,NA,-0.0797045066773919,-0.31933693414978526,NA
H17,1,1,HS 4th/5th,5,10,126,NA,NA,NA,2,6,NA,8,Heritage Spanish,NA,NA,NA,Selection,FCT-20,1,NA,NA,NA,NA,NA,NA,NA,DOM,Feminine,Singular,NA,NA,NA,HS,4th/5th,Early,Yes,8,0,126,2023,1,0.25,NA,NA,-0.0797045066773919,-0.31933693414978526,NA
H17,1,1,HS 4th/5th,5,10,126,NA,NA,NA,2,6,NA,8,Heritage Spanish,NA,NA,NA,Selection,FCT-24,0,NA,NA,NA,NA,NA,NA,NA,DOM,Masculine,NA,NA,NA,NA,HS,4th/5th,Early,Yes,8,0,126,2023,0,0.25,NA,NA,-0.0797045066773919,-0.31933693414978526,NA
H17,1,1,HS 4th/5th,5,10,126,NA,NA,NA,2,6,NA,8,Heritage Spanish,NA,NA,NA,Selection,FCT-27,1,NA,NA,NA,NA,NA,NA,NA,DOM,Feminine,Singular,NA,NA,NA,HS,4th/5th,Early,Yes,8,0,126,2023,1,0.25,NA,NA,-0.0797045066773919,-0.31933693414978526,NA
H17,1,2,HS 7th/8th,8,10,126,NA,NA,NA,2,6,NA,8,Heritage Spanish,NA,NA,NA,Selection,FCT-01,1,NA,NA,NA,NA,NA,NA,NA,DOM,Masculine,NA,NA,NA,NA,HS,7th/8th,Early,Yes,8,36,162,2026,1,0.25,NA,NA,-0.0797045066773919,0.9525831129096007,NA
H17,1,2,HS 7th/8th,8,10,126,NA,NA,NA,2,6,NA,8,Heritage Spanish,NA,NA,NA,Selection,FCT-04,0,NA,NA,NA,NA,NA,NA,NA,DOM,Feminine,Singular,NA,NA,NA,HS,7th/8th,Early,Yes,8,36,162,2026,0,0.25,NA,NA,-0.0797045066773919,0.9525831129096007,NA
H17,1,2,HS 7th/8th,8,10,126,NA,NA,NA,2,6,NA,8,Heritage Spanish,NA,NA,NA,Selection,FCT-08,1,NA,NA,NA,NA,NA,NA,NA,DOM,Masculine,NA,NA,NA,NA,HS,7th/8th,Early,Yes,8,36,162,2026,1,0.25,NA,NA,-0.0797045066773919,0.9525831129096007,NA
H17,1,2,HS 7th/8th,8,10,126,NA,NA,NA,2,6,NA,8,Heritage Spanish,NA,NA,NA,Selection,FCT-12,1,NA,NA,NA,NA,NA,NA,NA,DOM,Feminine,Singular,NA,NA,NA,HS,7th/8th,Early,Yes,8,36,162,2026,1,0.25,NA,NA,-0.0797045066773919,0.9525831129096007,NA
H17,1,2,HS 7th/8th,8,10,126,NA,NA,NA,2,6,NA,8,Heritage Spanish,NA,NA,NA,Selection,FCT-16,1,NA,NA,NA,NA,NA,NA,NA,DOM,Masculine,NA,NA,NA,NA,HS,7th/8th,Early,Yes,8,36,162,2026,1,0.25,NA,NA,-0.0797045066773919,0.9525831129096007,NA
H17,1,2,HS 7th/8th,8,10,126,NA,NA,NA,2,6,NA,8,Heritage Spanish,NA,NA,NA,Selection,FCT-20,0,NA,NA,NA,NA,NA,NA,NA,DOM,Feminine,Singular,NA,NA,NA,HS,7th/8th,Early,Yes,8,36,162,2026,0,0.25,NA,NA,-0.0797045066773919,0.9525831129096007,NA
H17,1,2,HS 7th/8th,8,10,126,NA,NA,NA,2,6,NA,8,Heritage Spanish,NA,NA,NA,Selection,FCT-24,1,NA,NA,NA,NA,NA,NA,NA,DOM,Masculine,NA,NA,NA,NA,HS,7th/8th,Early,Yes,8,36,162,2026,1,0.25,NA,NA,-0.0797045066773919,0.9525831129096007,NA
H17,1,2,HS 7th/8th,8,10,126,NA,NA,NA,2,6,NA,8,Heritage Spanish,NA,NA,NA,Selection,FCT-27,1,NA,NA,NA,NA,NA,NA,NA,DOM,Feminine,Singular,NA,NA,NA,HS,7th/8th,Early,Yes,8,36,162,2026,1,0.25,NA,NA,-0.0797045066773919,0.9525831129096007,NA
H18,1,1,L2L 4th/5th,5,10,130,NA,NA,NA,3,4,NA,8,"Russian, Lithuanian",No,Yes,Yes,Selection,FCT-01,1,NA,NA,NA,NA,NA,NA,NA,DOM,Masculine,NA,NA,NA,NA,L2L,4th/5th,Early,Yes,7,0,130,2023,1,0.42857142857142855,NA,NA,0.0734802565839019,-0.17801248447652016,NA
H18,1,1,L2L 4th/5th,5,10,130,NA,NA,NA,3,4,NA,8,"Russian, Lithuanian",No,Yes,Yes,Selection,FCT-04,0,NA,NA,NA,NA,NA,NA,NA,DOM,Feminine,Singular,NA,NA,NA,L2L,4th/5th,Early,Yes,7,0,130,2023,0,0.42857142857142855,NA,NA,0.0734802565839019,-0.17801248447652016,NA
H18,1,1,L2L 4th/5th,5,10,130,NA,NA,NA,3,4,NA,8,"Russian, Lithuanian",No,Yes,Yes,Selection,FCT-08,0,NA,NA,NA,NA,NA,NA,NA,DOM,Masculine,NA,NA,NA,NA,L2L,4th/5th,Early,Yes,7,0,130,2023,0,0.42857142857142855,NA,NA,0.0734802565839019,-0.17801248447652016,NA
H18,1,1,L2L 4th/5th,5,10,130,NA,NA,NA,3,4,NA,8,"Russian, Lithuanian",No,Yes,Yes,Selection,FCT-12,1,NA,NA,NA,NA,NA,NA,NA,DOM,Feminine,Singular,NA,NA,NA,L2L,4th/5th,Early,Yes,7,0,130,2023,1,0.42857142857142855,NA,NA,0.0734802565839019,-0.17801248447652016,NA
H18,1,1,L2L 4th/5th,5,10,130,NA,NA,NA,3,4,NA,8,"Russian, Lithuanian",No,Yes,Yes,Selection,FCT-16,1,NA,NA,NA,NA,NA,NA,NA,DOM,Masculine,NA,NA,NA,NA,L2L,4th/5th,Early,Yes,7,0,130,2023,1,0.42857142857142855,NA,NA,0.0734802565839019,-0.17801248447652016,NA
H18,1,1,L2L 4th/5th,5,10,130,NA,NA,NA,3,4,NA,8,"Russian, Lithuanian",No,Yes,Yes,Selection,FCT-20,1,NA,NA,NA,NA,NA,NA,NA,DOM,Feminine,Singular,NA,NA,NA,L2L,4th/5th,Early,Yes,7,0,130,2023,1,0.42857142857142855,NA,NA,0.0734802565839019,-0.17801248447652016,NA
H18,1,1,L2L 4th/5th,5,10,130,NA,NA,NA,3,4,NA,8,"Russian, Lithuanian",No,Yes,Yes,Selection,FCT-24,0,NA,NA,NA,NA,NA,NA,NA,DOM,Masculine,NA,NA,NA,NA,L2L,4th/5th,Early,Yes,7,0,130,2023,0,0.42857142857142855,NA,NA,0.0734802565839019,-0.17801248447652016,NA
H18,1,1,L2L 4th/5th,5,10,130,NA,NA,NA,3,4,NA,8,"Russian, Lithuanian",No,Yes,Yes,Selection,FCT-27,1,NA,NA,NA,NA,NA,NA,NA,DOM,Feminine,Singular,NA,NA,NA,L2L,4th/5th,Early,Yes,7,0,130,2023,1,0.42857142857142855,NA,NA,0.0734802565839019,-0.17801248447652016,NA
H18,1,2,L2L 7th/8th,8,NA,130,NA,NA,NA,3,4,NA,8,"Russian, Lithuanian",No,Yes,Yes,Selection,FCT-01,0,NA,NA,NA,NA,NA,NA,NA,DOM,Masculine,NA,NA,NA,NA,L2L,7th/8th,Early,Yes,7,36,166,2026,0,0.42857142857142855,NA,NA,0.0734802565839019,1.0939075625828658,NA
H18,1,2,L2L 7th/8th,8,NA,130,NA,NA,NA,3,4,NA,8,"Russian, Lithuanian",No,Yes,Yes,Selection,FCT-04,0,NA,NA,NA,NA,NA,NA,NA,DOM,Feminine,Singular,NA,NA,NA,L2L,7th/8th,Early,Yes,7,36,166,2026,0,0.42857142857142855,NA,NA,0.0734802565839019,1.0939075625828658,NA
H18,1,2,L2L 7th/8th,8,NA,130,NA,NA,NA,3,4,NA,8,"Russian, Lithuanian",No,Yes,Yes,Selection,FCT-08,1,NA,NA,NA,NA,NA,NA,NA,DOM,Masculine,NA,NA,NA,NA,L2L,7th/8th,Early,Yes,7,36,166,2026,1,0.42857142857142855,NA,NA,0.0734802565839019,1.0939075625828658,NA
H18,1,2,L2L 7th/8th,8,NA,130,NA,NA,NA,3,4,NA,8,"Russian, Lithuanian",No,Yes,Yes,Selection,FCT-12,0,NA,NA,NA,NA,NA,NA,NA,DOM,Feminine,Singular,NA,NA,NA,L2L,7th/8th,Early,Yes,7,36,166,2026,0,0.42857142857142855,NA,NA,0.0734802565839019,1.0939075625828658,NA
H18,1,2,L2L 7th/8th,8,NA,130,NA,NA,NA,3,4,NA,8,"Russian, Lithuanian",No,Yes,Yes,Selection,FCT-16,0,NA,NA,NA,NA,NA,NA,NA,DOM,Masculine,NA,NA,NA,NA,L2L,7th/8th,Early,Yes,7,36,166,2026,0,0.42857142857142855,NA,NA,0.0734802565839019,1.0939075625828658,NA
H18,1,2,L2L 7th/8th,8,NA,130,NA,NA,NA,3,4,NA,8,"Russian, Lithuanian",No,Yes,Yes,Selection,FCT-20,1,NA,NA,NA,NA,NA,NA,NA,DOM,Feminine,Singular,NA,NA,NA,L2L,7th/8th,Early,Yes,7,36,166,2026,1,0.42857142857142855,NA,NA,0.0734802565839019,1.0939075625828658,NA
H18,1,2,L2L 7th/8th,8,NA,130,NA,NA,NA,3,4,NA,8,"Russian, Lithuanian",No,Yes,Yes,Selection,FCT-24,1,NA,NA,NA,NA,NA,NA,NA,DOM,Masculine,NA,NA,NA,NA,L2L,7th/8th,Early,Yes,7,36,166,2026,1,0.42857142857142855,NA,NA,0.0734802565839019,1.0939075625828658,NA
H18,1,2,L2L 7th/8th,8,NA,130,NA,NA,NA,3,4,NA,8,"Russian, Lithuanian",No,Yes,Yes,Selection,FCT-27,1,NA,NA,NA,NA,NA,NA,NA,DOM,Feminine,Singular,NA,NA,NA,L2L,7th/8th,Early,Yes,7,36,166,2026,1,0.42857142857142855,NA,NA,0.0734802565839019,1.0939075625828658,NA
H19,1,1,L2L 4th/5th,5,10,129,NA,NA,NA,2,5,NA,4,Russian,No,Yes,Yes,Selection,FCT-01,1,NA,NA,NA,NA,NA,NA,NA,DOM,Masculine,NA,NA,NA,NA,L2L,4th/5th,Early,Yes,7,0,129,2023,1,0.2857142857142857,NA,NA,0.03518406576857845,-0.21334359689483645,NA
H19,1,1,L2L 4th/5th,5,10,129,NA,NA,NA,2,5,NA,4,Russian,No,Yes,Yes,Selection,FCT-04,1,NA,NA,NA,NA,NA,NA,NA,DOM,Feminine,Singular,NA,NA,NA,L2L,4th/5th,Early,Yes,7,0,129,2023,1,0.2857142857142857,NA,NA,0.03518406576857845,-0.21334359689483645,NA
H19,1,1,L2L 4th/5th,5,10,129,NA,NA,NA,2,5,NA,4,Russian,No,Yes,Yes,Selection,FCT-08,0,NA,NA,NA,NA,NA,NA,NA,DOM,Masculine,NA,NA,NA,NA,L2L,4th/5th,Early,Yes,7,0,129,2023,0,0.2857142857142857,NA,NA,0.03518406576857845,-0.21334359689483645,NA
H19,1,1,L2L 4th/5th,5,10,129,NA,NA,NA,2,5,NA,4,Russian,No,Yes,Yes,Selection,FCT-12,1,NA,NA,NA,NA,NA,NA,NA,DOM,Feminine,Singular,NA,NA,NA,L2L,4th/5th,Early,Yes,7,0,129,2023,1,0.2857142857142857,NA,NA,0.03518406576857845,-0.21334359689483645,NA
H19,1,1,L2L 4th/5th,5,10,129,NA,NA,NA,2,5,NA,4,Russian,No,Yes,Yes,Selection,FCT-16,1,NA,NA,NA,NA,NA,NA,NA,DOM,Masculine,NA,NA,NA,NA,L2L,4th/5th,Early,Yes,7,0,129,2023,1,0.2857142857142857,NA,NA,0.03518406576857845,-0.21334359689483645,NA
H19,1,1,L2L 4th/5th,5,10,129,NA,NA,NA,2,5,NA,4,Russian,No,Yes,Yes,Selection,FCT-20,0,NA,NA,NA,NA,NA,NA,NA,DOM,Feminine,Singular,NA,NA,NA,L2L,4th/5th,Early,Yes,7,0,129,2023,0,0.2857142857142857,NA,NA,0.03518406576857845,-0.21334359689483645,NA
H19,1,1,L2L 4th/5th,5,10,129,NA,NA,NA,2,5,NA,4,Russian,No,Yes,Yes,Selection,FCT-24,0,NA,NA,NA,NA,NA,NA,NA,DOM,Masculine,NA,NA,NA,NA,L2L,4th/5th,Early,Yes,7,0,129,2023,0,0.2857142857142857,NA,NA,0.03518406576857845,-0.21334359689483645,NA
H19,1,1,L2L 4th/5th,5,10,129,NA,NA,NA,2,5,NA,4,Russian,No,Yes,Yes,Selection,FCT-27,1,NA,NA,NA,NA,NA,NA,NA,DOM,Feminine,Singular,NA,NA,NA,L2L,4th/5th,Early,Yes,7,0,129,2023,1,0.2857142857142857,NA,NA,0.03518406576857845,-0.21334359689483645,NA
H19,1,2,L2L 7th/8th,8,10,129,NA,NA,NA,2,5,NA,4,Russian,No,Yes,Yes,Selection,FCT-01,0,NA,NA,NA,NA,NA,NA,NA,DOM,Masculine,NA,NA,NA,NA,L2L,7th/8th,Early,Yes,7,36,165,2026,0,0.2857142857142857,NA,NA,0.03518406576857845,1.0585764501645496,NA
H19,1,2,L2L 7th/8th,8,10,129,NA,NA,NA,2,5,NA,4,Russian,No,Yes,Yes,Selection,FCT-04,0,NA,NA,NA,NA,NA,NA,NA,DOM,Feminine,Singular,NA,NA,NA,L2L,7th/8th,Early,Yes,7,36,165,2026,0,0.2857142857142857,NA,NA,0.03518406576857845,1.0585764501645496,NA
H19,1,2,L2L 7th/8th,8,10,129,NA,NA,NA,2,5,NA,4,Russian,No,Yes,Yes,Selection,FCT-08,1,NA,NA,NA,NA,NA,NA,NA,DOM,Masculine,NA,NA,NA,NA,L2L,7th/8th,Early,Yes,7,36,165,2026,1,0.2857142857142857,NA,NA,0.03518406576857845,1.0585764501645496,NA
H19,1,2,L2L 7th/8th,8,10,129,NA,NA,NA,2,5,NA,4,Russian,No,Yes,Yes,Selection,FCT-12,0,NA,NA,NA,NA,NA,NA,NA,DOM,Feminine,Singular,NA,NA,NA,L2L,7th/8th,Early,Yes,7,36,165,2026,0,0.2857142857142857,NA,NA,0.03518406576857845,1.0585764501645496,NA
H19,1,2,L2L 7th/8th,8,10,129,NA,NA,NA,2,5,NA,4,Russian,No,Yes,Yes,Selection,FCT-16,0,NA,NA,NA,NA,NA,NA,NA,DOM,Masculine,NA,NA,NA,NA,L2L,7th/8th,Early,Yes,7,36,165,2026,0,0.2857142857142857,NA,NA,0.03518406576857845,1.0585764501645496,NA
H19,1,2,L2L 7th/8th,8,10,129,NA,NA,NA,2,5,NA,4,Russian,No,Yes,Yes,Selection,FCT-20,1,NA,NA,NA,NA,NA,NA,NA,DOM,Feminine,Singular,NA,NA,NA,L2L,7th/8th,Early,Yes,7,36,165,2026,1,0.2857142857142857,NA,NA,0.03518406576857845,1.0585764501645496,NA
H19,1,2,L2L 7th/8th,8,10,129,NA,NA,NA,2,5,NA,4,Russian,No,Yes,Yes,Selection,FCT-24,1,NA,NA,NA,NA,NA,NA,NA,DOM,Masculine,NA,NA,NA,NA,L2L,7th/8th,Early,Yes,7,36,165,2026,1,0.2857142857142857,NA,NA,0.03518406576857845,1.0585764501645496,NA
H19,1,2,L2L 7th/8th,8,10,129,NA,NA,NA,2,5,NA,4,Russian,No,Yes,Yes,Selection,FCT-27,1,NA,NA,NA,NA,NA,NA,NA,DOM,Feminine,Singular,NA,NA,NA,L2L,7th/8th,Early,Yes,7,36,165,2026,1,0.2857142857142857,NA,NA,0.03518406576857845,1.0585764501645496,NA
H20,1,1,HS 4th/5th,5,11,138,NA,NA,NA,5,5,NA,8,Heritage Spanish,NA,NA,NA,Selection,FCT-01,0,NA,NA,NA,NA,NA,NA,NA,DOM,Masculine,NA,NA,NA,NA,HS,4th/5th,Early,Yes,10,0,138,2023,0,0.5,NA,NA,0.3798497831064895,0.10463641487001005,NA
H20,1,1,HS 4th/5th,5,11,138,NA,NA,NA,5,5,NA,8,Heritage Spanish,NA,NA,NA,Selection,FCT-04,1,NA,NA,NA,NA,NA,NA,NA,DOM,Feminine,Singular,NA,NA,NA,HS,4th/5th,Early,Yes,10,0,138,2023,1,0.5,NA,NA,0.3798497831064895,0.10463641487001005,NA
H20,1,1,HS 4th/5th,5,11,138,NA,NA,NA,5,5,NA,8,Heritage Spanish,NA,NA,NA,Selection,FCT-08,0,NA,NA,NA,NA,NA,NA,NA,DOM,Masculine,NA,NA,NA,NA,HS,4th/5th,Early,Yes,10,0,138,2023,0,0.5,NA,NA,0.3798497831064895,0.10463641487001005,NA
H20,1,1,HS 4th/5th,5,11,138,NA,NA,NA,5,5,NA,8,Heritage Spanish,NA,NA,NA,Selection,FCT-12,1,NA,NA,NA,NA,NA,NA,NA,DOM,Feminine,Singular,NA,NA,NA,HS,4th/5th,Early,Yes,10,0,138,2023,1,0.5,NA,NA,0.3798497831064895,0.10463641487001005,NA
H20,1,1,HS 4th/5th,5,11,138,NA,NA,NA,5,5,NA,8,Heritage Spanish,NA,NA,NA,Selection,FCT-16,1,NA,NA,NA,NA,NA,NA,NA,DOM,Masculine,NA,NA,NA,NA,HS,4th/5th,Early,Yes,10,0,138,2023,1,0.5,NA,NA,0.3798497831064895,0.10463641487001005,NA
H20,1,1,HS 4th/5th,5,11,138,NA,NA,NA,5,5,NA,8,Heritage Spanish,NA,NA,NA,Selection,FCT-20,1,NA,NA,NA,NA,NA,NA,NA,DOM,Feminine,Singular,NA,NA,NA,HS,4th/5th,Early,Yes,10,0,138,2023,1,0.5,NA,NA,0.3798497831064895,0.10463641487001005,NA
H20,1,1,HS 4th/5th,5,11,138,NA,NA,NA,5,5,NA,8,Heritage Spanish,NA,NA,NA,Selection,FCT-24,0,NA,NA,NA,NA,NA,NA,NA,DOM,Masculine,NA,NA,NA,NA,HS,4th/5th,Early,Yes,10,0,138,2023,0,0.5,NA,NA,0.3798497831064895,0.10463641487001005,NA
H20,1,1,HS 4th/5th,5,11,138,NA,NA,NA,5,5,NA,8,Heritage Spanish,NA,NA,NA,Selection,FCT-27,1,NA,NA,NA,NA,NA,NA,NA,DOM,Feminine,Singular,NA,NA,NA,HS,4th/5th,Early,Yes,10,0,138,2023,1,0.5,NA,NA,0.3798497831064895,0.10463641487001005,NA
H21,1,1,L2L 4th/5th,5,11,139,NA,NA,NA,NA,NA,NA,8,L2 learner,L2,L2,L2,Selection,FCT-01,1,NA,NA,NA,NA,NA,NA,NA,DOM,Masculine,NA,NA,NA,NA,L2L,4th/5th,Early,Yes,NA,0,139,2023,1,NA,NA,NA,0.41814597392181296,0.13996752728832632,NA
H21,1,1,L2L 4th/5th,5,11,139,NA,NA,NA,NA,NA,NA,8,L2 learner,L2,L2,L2,Selection,FCT-04,1,NA,NA,NA,NA,NA,NA,NA,DOM,Feminine,Singular,NA,NA,NA,L2L,4th/5th,Early,Yes,NA,0,139,2023,1,NA,NA,NA,0.41814597392181296,0.13996752728832632,NA
H21,1,1,L2L 4th/5th,5,11,139,NA,NA,NA,NA,NA,NA,8,L2 learner,L2,L2,L2,Selection,FCT-08,0,NA,NA,NA,NA,NA,NA,NA,DOM,Masculine,NA,NA,NA,NA,L2L,4th/5th,Early,Yes,NA,0,139,2023,0,NA,NA,NA,0.41814597392181296,0.13996752728832632,NA
H21,1,1,L2L 4th/5th,5,11,139,NA,NA,NA,NA,NA,NA,8,L2 learner,L2,L2,L2,Selection,FCT-12,0,NA,NA,NA,NA,NA,NA,NA,DOM,Feminine,Singular,NA,NA,NA,L2L,4th/5th,Early,Yes,NA,0,139,2023,0,NA,NA,NA,0.41814597392181296,0.13996752728832632,NA
H21,1,1,L2L 4th/5th,5,11,139,NA,NA,NA,NA,NA,NA,8,L2 learner,L2,L2,L2,Selection,FCT-16,0,NA,NA,NA,NA,NA,NA,NA,DOM,Masculine,NA,NA,NA,NA,L2L,4th/5th,Early,Yes,NA,0,139,2023,0,NA,NA,NA,0.41814597392181296,0.13996752728832632,NA
H21,1,1,L2L 4th/5th,5,11,139,NA,NA,NA,NA,NA,NA,8,L2 learner,L2,L2,L2,Selection,FCT-20,1,NA,NA,NA,NA,NA,NA,NA,DOM,Feminine,Singular,NA,NA,NA,L2L,4th/5th,Early,Yes,NA,0,139,2023,1,NA,NA,NA,0.41814597392181296,0.13996752728832632,NA
H21,1,1,L2L 4th/5th,5,11,139,NA,NA,NA,NA,NA,NA,8,L2 learner,L2,L2,L2,Selection,FCT-24,0,NA,NA,NA,NA,NA,NA,NA,DOM,Masculine,NA,NA,NA,NA,L2L,4th/5th,Early,Yes,NA,0,139,2023,0,NA,NA,NA,0.41814597392181296,0.13996752728832632,NA
H21,1,1,L2L 4th/5th,5,11,139,NA,NA,NA,NA,NA,NA,8,L2 learner,L2,L2,L2,Selection,FCT-27,0,NA,NA,NA,NA,NA,NA,NA,DOM,Feminine,Singular,NA,NA,NA,L2L,4th/5th,Early,Yes,NA,0,139,2023,0,NA,NA,NA,0.41814597392181296,0.13996752728832632,NA
H22,1,1,HS 4th/5th,5,11,138,NA,NA,NA,4,3,NA,8,Heritage Spanish,NA,NA,NA,Selection,FCT-01,0,NA,NA,NA,NA,NA,NA,NA,DOM,Masculine,NA,NA,NA,NA,HS,4th/5th,Early,Yes,7,0,138,2023,0,0.5714285714285714,NA,NA,0.3798497831064895,0.10463641487001005,NA
H22,1,1,HS 4th/5th,5,11,138,NA,NA,NA,4,3,NA,8,Heritage Spanish,NA,NA,NA,Selection,FCT-04,1,NA,NA,NA,NA,NA,NA,NA,DOM,Feminine,Singular,NA,NA,NA,HS,4th/5th,Early,Yes,7,0,138,2023,1,0.5714285714285714,NA,NA,0.3798497831064895,0.10463641487001005,NA
H22,1,1,HS 4th/5th,5,11,138,NA,NA,NA,4,3,NA,8,Heritage Spanish,NA,NA,NA,Selection,FCT-08,0,NA,NA,NA,NA,NA,NA,NA,DOM,Masculine,NA,NA,NA,NA,HS,4th/5th,Early,Yes,7,0,138,2023,0,0.5714285714285714,NA,NA,0.3798497831064895,0.10463641487001005,NA
H22,1,1,HS 4th/5th,5,11,138,NA,NA,NA,4,3,NA,8,Heritage Spanish,NA,NA,NA,Selection,FCT-12,0,NA,NA,NA,NA,NA,NA,NA,DOM,Feminine,Singular,NA,NA,NA,HS,4th/5th,Early,Yes,7,0,138,2023,0,0.5714285714285714,NA,NA,0.3798497831064895,0.10463641487001005,NA
H22,1,1,HS 4th/5th,5,11,138,NA,NA,NA,4,3,NA,8,Heritage Spanish,NA,NA,NA,Selection,FCT-16,0,NA,NA,NA,NA,NA,NA,NA,DOM,Masculine,NA,NA,NA,NA,HS,4th/5th,Early,Yes,7,0,138,2023,0,0.5714285714285714,NA,NA,0.3798497831064895,0.10463641487001005,NA
H22,1,1,HS 4th/5th,5,11,138,NA,NA,NA,4,3,NA,8,Heritage Spanish,NA,NA,NA,Selection,FCT-20,0,NA,NA,NA,NA,NA,NA,NA,DOM,Feminine,Singular,NA,NA,NA,HS,4th/5th,Early,Yes,7,0,138,2023,0,0.5714285714285714,NA,NA,0.3798497831064895,0.10463641487001005,NA
H22,1,1,HS 4th/5th,5,11,138,NA,NA,NA,4,3,NA,8,Heritage Spanish,NA,NA,NA,Selection,FCT-24,0,NA,NA,NA,NA,NA,NA,NA,DOM,Masculine,NA,NA,NA,NA,HS,4th/5th,Early,Yes,7,0,138,2023,0,0.5714285714285714,NA,NA,0.3798497831064895,0.10463641487001005,NA
H22,1,1,HS 4th/5th,5,11,138,NA,NA,NA,4,3,NA,8,Heritage Spanish,NA,NA,NA,Selection,FCT-27,0,NA,NA,NA,NA,NA,NA,NA,DOM,Feminine,Singular,NA,NA,NA,HS,4th/5th,Early,Yes,7,0,138,2023,0,0.5714285714285714,NA,NA,0.3798497831064895,0.10463641487001005,NA
H22,1,2,HS 7th/8th,8,NA,138,NA,NA,NA,4,3,NA,8,Heritage Spanish,NA,NA,NA,Selection,FCT-01,1,NA,NA,NA,NA,NA,NA,NA,DOM,Masculine,NA,NA,NA,NA,HS,7th/8th,Early,Yes,7,36,174,2026,1,0.5714285714285714,NA,NA,0.3798497831064895,1.376556461929396,NA
H22,1,2,HS 7th/8th,8,NA,138,NA,NA,NA,4,3,NA,8,Heritage Spanish,NA,NA,NA,Selection,FCT-04,0,NA,NA,NA,NA,NA,NA,NA,DOM,Feminine,Singular,NA,NA,NA,HS,7th/8th,Early,Yes,7,36,174,2026,0,0.5714285714285714,NA,NA,0.3798497831064895,1.376556461929396,NA
H22,1,2,HS 7th/8th,8,NA,138,NA,NA,NA,4,3,NA,8,Heritage Spanish,NA,NA,NA,Selection,FCT-08,1,NA,NA,NA,NA,NA,NA,NA,DOM,Masculine,NA,NA,NA,NA,HS,7th/8th,Early,Yes,7,36,174,2026,1,0.5714285714285714,NA,NA,0.3798497831064895,1.376556461929396,NA
H22,1,2,HS 7th/8th,8,NA,138,NA,NA,NA,4,3,NA,8,Heritage Spanish,NA,NA,NA,Selection,FCT-12,1,NA,NA,NA,NA,NA,NA,NA,DOM,Feminine,Singular,NA,NA,NA,HS,7th/8th,Early,Yes,7,36,174,2026,1,0.5714285714285714,NA,NA,0.3798497831064895,1.376556461929396,NA
H22,1,2,HS 7th/8th,8,NA,138,NA,NA,NA,4,3,NA,8,Heritage Spanish,NA,NA,NA,Selection,FCT-16,0,NA,NA,NA,NA,NA,NA,NA,DOM,Masculine,NA,NA,NA,NA,HS,7th/8th,Early,Yes,7,36,174,2026,0,0.5714285714285714,NA,NA,0.3798497831064895,1.376556461929396,NA
H22,1,2,HS 7th/8th,8,NA,138,NA,NA,NA,4,3,NA,8,Heritage Spanish,NA,NA,NA,Selection,FCT-20,0,NA,NA,NA,NA,NA,NA,NA,DOM,Feminine,Singular,NA,NA,NA,HS,7th/8th,Early,Yes,7,36,174,2026,0,0.5714285714285714,NA,NA,0.3798497831064895,1.376556461929396,NA
H22,1,2,HS 7th/8th,8,NA,138,NA,NA,NA,4,3,NA,8,Heritage Spanish,NA,NA,NA,Selection,FCT-24,0,NA,NA,NA,NA,NA,NA,NA,DOM,Masculine,NA,NA,NA,NA,HS,7th/8th,Early,Yes,7,36,174,2026,0,0.5714285714285714,NA,NA,0.3798497831064895,1.376556461929396,NA
H22,1,2,HS 7th/8th,8,NA,138,NA,NA,NA,4,3,NA,8,Heritage Spanish,NA,NA,NA,Selection,FCT-27,0,NA,NA,NA,NA,NA,NA,NA,DOM,Feminine,Singular,NA,NA,NA,HS,7th/8th,Early,Yes,7,36,174,2026,0,0.5714285714285714,NA,NA,0.3798497831064895,1.376556461929396,NA
H23,1,1,L2L 4th/5th,5,11,137,NA,NA,NA,2,3,NA,8,L2 learner,L2,L2,L2,Selection,FCT-01,0,NA,NA,NA,NA,NA,NA,NA,DOM,Masculine,NA,NA,NA,NA,L2L,4th/5th,Early,Yes,5,0,137,2023,0,0.4,NA,NA,0.34155359229116605,0.06930530245169376,NA
H23,1,1,L2L 4th/5th,5,11,137,NA,NA,NA,2,3,NA,8,L2 learner,L2,L2,L2,Selection,FCT-04,1,NA,NA,NA,NA,NA,NA,NA,DOM,Feminine,Singular,NA,NA,NA,L2L,4th/5th,Early,Yes,5,0,137,2023,1,0.4,NA,NA,0.34155359229116605,0.06930530245169376,NA
H23,1,1,L2L 4th/5th,5,11,137,NA,NA,NA,2,3,NA,8,L2 learner,L2,L2,L2,Selection,FCT-08,1,NA,NA,NA,NA,NA,NA,NA,DOM,Masculine,NA,NA,NA,NA,L2L,4th/5th,Early,Yes,5,0,137,2023,1,0.4,NA,NA,0.34155359229116605,0.06930530245169376,NA
H23,1,1,L2L 4th/5th,5,11,137,NA,NA,NA,2,3,NA,8,L2 learner,L2,L2,L2,Selection,FCT-12,0,NA,NA,NA,NA,NA,NA,NA,DOM,Feminine,Singular,NA,NA,NA,L2L,4th/5th,Early,Yes,5,0,137,2023,0,0.4,NA,NA,0.34155359229116605,0.06930530245169376,NA
H23,1,1,L2L 4th/5th,5,11,137,NA,NA,NA,2,3,NA,8,L2 learner,L2,L2,L2,Selection,FCT-16,0,NA,NA,NA,NA,NA,NA,NA,DOM,Masculine,NA,NA,NA,NA,L2L,4th/5th,Early,Yes,5,0,137,2023,0,0.4,NA,NA,0.34155359229116605,0.06930530245169376,NA
H23,1,1,L2L 4th/5th,5,11,137,NA,NA,NA,2,3,NA,8,L2 learner,L2,L2,L2,Selection,FCT-20,0,NA,NA,NA,NA,NA,NA,NA,DOM,Feminine,Singular,NA,NA,NA,L2L,4th/5th,Early,Yes,5,0,137,2023,0,0.4,NA,NA,0.34155359229116605,0.06930530245169376,NA
H23,1,1,L2L 4th/5th,5,11,137,NA,NA,NA,2,3,NA,8,L2 learner,L2,L2,L2,Selection,FCT-24,0,NA,NA,NA,NA,NA,NA,NA,DOM,Masculine,NA,NA,NA,NA,L2L,4th/5th,Early,Yes,5,0,137,2023,0,0.4,NA,NA,0.34155359229116605,0.06930530245169376,NA
H23,1,1,L2L 4th/5th,5,11,137,NA,NA,NA,2,3,NA,8,L2 learner,L2,L2,L2,Selection,FCT-27,0,NA,NA,NA,NA,NA,NA,NA,DOM,Feminine,Singular,NA,NA,NA,L2L,4th/5th,Early,Yes,5,0,137,2023,0,0.4,NA,NA,0.34155359229116605,0.06930530245169376,NA
H23,1,2,L2L 7th/8th,8,NA,137,NA,NA,NA,2,3,NA,8,L2 learner,L2,L2,L2,Selection,FCT-01,0,NA,NA,NA,NA,NA,NA,NA,DOM,Masculine,NA,NA,NA,NA,L2L,7th/8th,Early,Yes,5,36,173,2026,0,0.4,NA,NA,0.34155359229116605,1.3412253495110797,NA
H23,1,2,L2L 7th/8th,8,NA,137,NA,NA,NA,2,3,NA,8,L2 learner,L2,L2,L2,Selection,FCT-04,1,NA,NA,NA,NA,NA,NA,NA,DOM,Feminine,Singular,NA,NA,NA,L2L,7th/8th,Early,Yes,5,36,173,2026,1,0.4,NA,NA,0.34155359229116605,1.3412253495110797,NA
H23,1,2,L2L 7th/8th,8,NA,137,NA,NA,NA,2,3,NA,8,L2 learner,L2,L2,L2,Selection,FCT-08,0,NA,NA,NA,NA,NA,NA,NA,DOM,Masculine,NA,NA,NA,NA,L2L,7th/8th,Early,Yes,5,36,173,2026,0,0.4,NA,NA,0.34155359229116605,1.3412253495110797,NA
H23,1,2,L2L 7th/8th,8,NA,137,NA,NA,NA,2,3,NA,8,L2 learner,L2,L2,L2,Selection,FCT-12,0,NA,NA,NA,NA,NA,NA,NA,DOM,Feminine,Singular,NA,NA,NA,L2L,7th/8th,Early,Yes,5,36,173,2026,0,0.4,NA,NA,0.34155359229116605,1.3412253495110797,NA
H23,1,2,L2L 7th/8th,8,NA,137,NA,NA,NA,2,3,NA,8,L2 learner,L2,L2,L2,Selection,FCT-16,0,NA,NA,NA,NA,NA,NA,NA,DOM,Masculine,NA,NA,NA,NA,L2L,7th/8th,Early,Yes,5,36,173,2026,0,0.4,NA,NA,0.34155359229116605,1.3412253495110797,NA
H23,1,2,L2L 7th/8th,8,NA,137,NA,NA,NA,2,3,NA,8,L2 learner,L2,L2,L2,Selection,FCT-20,1,NA,NA,NA,NA,NA,NA,NA,DOM,Feminine,Singular,NA,NA,NA,L2L,7th/8th,Early,Yes,5,36,173,2026,1,0.4,NA,NA,0.34155359229116605,1.3412253495110797,NA
H23,1,2,L2L 7th/8th,8,NA,137,NA,NA,NA,2,3,NA,8,L2 learner,L2,L2,L2,Selection,FCT-24,1,NA,NA,NA,NA,NA,NA,NA,DOM,Masculine,NA,NA,NA,NA,L2L,7th/8th,Early,Yes,5,36,173,2026,1,0.4,NA,NA,0.34155359229116605,1.3412253495110797,NA
H23,1,2,L2L 7th/8th,8,NA,137,NA,NA,NA,2,3,NA,8,L2 learner,L2,L2,L2,Selection,FCT-27,1,NA,NA,NA,NA,NA,NA,NA,DOM,Feminine,Singular,NA,NA,NA,L2L,7th/8th,Early,Yes,5,36,173,2026,1,0.4,NA,NA,0.34155359229116605,1.3412253495110797,NA
H24,1,1,HS 4th/5th,5,11,138,NA,NA,NA,2,3,NA,8,Heritage Spanish,NA,NA,NA,Selection,FCT-01,0,NA,NA,NA,NA,NA,NA,NA,DOM,Masculine,NA,NA,NA,NA,HS,4th/5th,Early,Yes,5,0,138,2023,0,0.4,NA,NA,0.3798497831064895,0.10463641487001005,NA
H24,1,1,HS 4th/5th,5,11,138,NA,NA,NA,2,3,NA,8,Heritage Spanish,NA,NA,NA,Selection,FCT-04,1,NA,NA,NA,NA,NA,NA,NA,DOM,Feminine,Singular,NA,NA,NA,HS,4th/5th,Early,Yes,5,0,138,2023,1,0.4,NA,NA,0.3798497831064895,0.10463641487001005,NA
H24,1,1,HS 4th/5th,5,11,138,NA,NA,NA,2,3,NA,8,Heritage Spanish,NA,NA,NA,Selection,FCT-08,1,NA,NA,NA,NA,NA,NA,NA,DOM,Masculine,NA,NA,NA,NA,HS,4th/5th,Early,Yes,5,0,138,2023,1,0.4,NA,NA,0.3798497831064895,0.10463641487001005,NA
H24,1,1,HS 4th/5th,5,11,138,NA,NA,NA,2,3,NA,8,Heritage Spanish,NA,NA,NA,Selection,FCT-12,1,NA,NA,NA,NA,NA,NA,NA,DOM,Feminine,Singular,NA,NA,NA,HS,4th/5th,Early,Yes,5,0,138,2023,1,0.4,NA,NA,0.3798497831064895,0.10463641487001005,NA
H24,1,1,HS 4th/5th,5,11,138,NA,NA,NA,2,3,NA,8,Heritage Spanish,NA,NA,NA,Selection,FCT-16,0,NA,NA,NA,NA,NA,NA,NA,DOM,Masculine,NA,NA,NA,NA,HS,4th/5th,Early,Yes,5,0,138,2023,0,0.4,NA,NA,0.3798497831064895,0.10463641487001005,NA
H24,1,1,HS 4th/5th,5,11,138,NA,NA,NA,2,3,NA,8,Heritage Spanish,NA,NA,NA,Selection,FCT-20,1,NA,NA,NA,NA,NA,NA,NA,DOM,Feminine,Singular,NA,NA,NA,HS,4th/5th,Early,Yes,5,0,138,2023,1,0.4,NA,NA,0.3798497831064895,0.10463641487001005,NA
H24,1,1,HS 4th/5th,5,11,138,NA,NA,NA,2,3,NA,8,Heritage Spanish,NA,NA,NA,Selection,FCT-24,0,NA,NA,NA,NA,NA,NA,NA,DOM,Masculine,NA,NA,NA,NA,HS,4th/5th,Early,Yes,5,0,138,2023,0,0.4,NA,NA,0.3798497831064895,0.10463641487001005,NA
H24,1,1,HS 4th/5th,5,11,138,NA,NA,NA,2,3,NA,8,Heritage Spanish,NA,NA,NA,Selection,FCT-27,0,NA,NA,NA,NA,NA,NA,NA,DOM,Feminine,Singular,NA,NA,NA,HS,4th/5th,Early,Yes,5,0,138,2023,0,0.4,NA,NA,0.3798497831064895,0.10463641487001005,NA
H24,1,2,HS 7th/8th,8,NA,138,NA,NA,NA,2,3,NA,8,Heritage Spanish,NA,NA,NA,Selection,FCT-01,0,NA,NA,NA,NA,NA,NA,NA,DOM,Masculine,NA,NA,NA,NA,HS,7th/8th,Early,Yes,5,36,174,2026,0,0.4,NA,NA,0.3798497831064895,1.376556461929396,NA
H24,1,2,HS 7th/8th,8,NA,138,NA,NA,NA,2,3,NA,8,Heritage Spanish,NA,NA,NA,Selection,FCT-04,1,NA,NA,NA,NA,NA,NA,NA,DOM,Feminine,Singular,NA,NA,NA,HS,7th/8th,Early,Yes,5,36,174,2026,1,0.4,NA,NA,0.3798497831064895,1.376556461929396,NA
H24,1,2,HS 7th/8th,8,NA,138,NA,NA,NA,2,3,NA,8,Heritage Spanish,NA,NA,NA,Selection,FCT-08,0,NA,NA,NA,NA,NA,NA,NA,DOM,Masculine,NA,NA,NA,NA,HS,7th/8th,Early,Yes,5,36,174,2026,0,0.4,NA,NA,0.3798497831064895,1.376556461929396,NA
H24,1,2,HS 7th/8th,8,NA,138,NA,NA,NA,2,3,NA,8,Heritage Spanish,NA,NA,NA,Selection,FCT-12,0,NA,NA,NA,NA,NA,NA,NA,DOM,Feminine,Singular,NA,NA,NA,HS,7th/8th,Early,Yes,5,36,174,2026,0,0.4,NA,NA,0.3798497831064895,1.376556461929396,NA
H24,1,2,HS 7th/8th,8,NA,138,NA,NA,NA,2,3,NA,8,Heritage Spanish,NA,NA,NA,Selection,FCT-16,1,NA,NA,NA,NA,NA,NA,NA,DOM,Masculine,NA,NA,NA,NA,HS,7th/8th,Early,Yes,5,36,174,2026,1,0.4,NA,NA,0.3798497831064895,1.376556461929396,NA
H24,1,2,HS 7th/8th,8,NA,138,NA,NA,NA,2,3,NA,8,Heritage Spanish,NA,NA,NA,Selection,FCT-20,1,NA,NA,NA,NA,NA,NA,NA,DOM,Feminine,Singular,NA,NA,NA,HS,7th/8th,Early,Yes,5,36,174,2026,1,0.4,NA,NA,0.3798497831064895,1.376556461929396,NA
H24,1,2,HS 7th/8th,8,NA,138,NA,NA,NA,2,3,NA,8,Heritage Spanish,NA,NA,NA,Selection,FCT-24,1,NA,NA,NA,NA,NA,NA,NA,DOM,Masculine,NA,NA,NA,NA,HS,7th/8th,Early,Yes,5,36,174,2026,1,0.4,NA,NA,0.3798497831064895,1.376556461929396,NA
H24,1,2,HS 7th/8th,8,NA,138,NA,NA,NA,2,3,NA,8,Heritage Spanish,NA,NA,NA,Selection,FCT-27,1,NA,NA,NA,NA,NA,NA,NA,DOM,Feminine,Singular,NA,NA,NA,HS,7th/8th,Early,Yes,5,36,174,2026,1,0.4,NA,NA,0.3798497831064895,1.376556461929396,NA
H25,1,1,HS 4th/5th,5,10,128,NA,NA,NA,4,2,NA,7,Heritage Spanish,NA,NA,NA,Selection,FCT-01,0,NA,NA,NA,NA,NA,NA,NA,DOM,Masculine,NA,NA,NA,NA,HS,4th/5th,Early,Yes,6,0,128,2023,0,0.6666666666666666,NA,NA,-0.0031121250467449975,-0.24867470931315272,NA
H25,1,1,HS 4th/5th,5,10,128,NA,NA,NA,4,2,NA,7,Heritage Spanish,NA,NA,NA,Selection,FCT-04,1,NA,NA,NA,NA,NA,NA,NA,DOM,Feminine,Singular,NA,NA,NA,HS,4th/5th,Early,Yes,6,0,128,2023,1,0.6666666666666666,NA,NA,-0.0031121250467449975,-0.24867470931315272,NA
H25,1,1,HS 4th/5th,5,10,128,NA,NA,NA,4,2,NA,7,Heritage Spanish,NA,NA,NA,Selection,FCT-08,0,NA,NA,NA,NA,NA,NA,NA,DOM,Masculine,NA,NA,NA,NA,HS,4th/5th,Early,Yes,6,0,128,2023,0,0.6666666666666666,NA,NA,-0.0031121250467449975,-0.24867470931315272,NA
H25,1,1,HS 4th/5th,5,10,128,NA,NA,NA,4,2,NA,7,Heritage Spanish,NA,NA,NA,Selection,FCT-12,1,NA,NA,NA,NA,NA,NA,NA,DOM,Feminine,Singular,NA,NA,NA,HS,4th/5th,Early,Yes,6,0,128,2023,1,0.6666666666666666,NA,NA,-0.0031121250467449975,-0.24867470931315272,NA
H25,1,1,HS 4th/5th,5,10,128,NA,NA,NA,4,2,NA,7,Heritage Spanish,NA,NA,NA,Selection,FCT-16,0,NA,NA,NA,NA,NA,NA,NA,DOM,Masculine,NA,NA,NA,NA,HS,4th/5th,Early,Yes,6,0,128,2023,0,0.6666666666666666,NA,NA,-0.0031121250467449975,-0.24867470931315272,NA
H25,1,1,HS 4th/5th,5,10,128,NA,NA,NA,4,2,NA,7,Heritage Spanish,NA,NA,NA,Selection,FCT-20,0,NA,NA,NA,NA,NA,NA,NA,DOM,Feminine,Singular,NA,NA,NA,HS,4th/5th,Early,Yes,6,0,128,2023,0,0.6666666666666666,NA,NA,-0.0031121250467449975,-0.24867470931315272,NA
H25,1,1,HS 4th/5th,5,10,128,NA,NA,NA,4,2,NA,7,Heritage Spanish,NA,NA,NA,Selection,FCT-24,0,NA,NA,NA,NA,NA,NA,NA,DOM,Masculine,NA,NA,NA,NA,HS,4th/5th,Early,Yes,6,0,128,2023,0,0.6666666666666666,NA,NA,-0.0031121250467449975,-0.24867470931315272,NA
H25,1,1,HS 4th/5th,5,10,128,NA,NA,NA,4,2,NA,7,Heritage Spanish,NA,NA,NA,Selection,FCT-27,1,NA,NA,NA,NA,NA,NA,NA,DOM,Feminine,Singular,NA,NA,NA,HS,4th/5th,Early,Yes,6,0,128,2023,1,0.6666666666666666,NA,NA,-0.0031121250467449975,-0.24867470931315272,NA
H25,1,2,HS 7th/8th,8,10,128,NA,NA,NA,4,2,NA,7,Heritage Spanish,NA,NA,NA,Selection,FCT-01,0,NA,NA,NA,NA,NA,NA,NA,DOM,Masculine,NA,NA,NA,NA,HS,7th/8th,Early,Yes,6,36,164,2026,0,0.6666666666666666,NA,NA,-0.0031121250467449975,1.0232453377462332,NA
H25,1,2,HS 7th/8th,8,10,128,NA,NA,NA,4,2,NA,7,Heritage Spanish,NA,NA,NA,Selection,FCT-04,1,NA,NA,NA,NA,NA,NA,NA,DOM,Feminine,Singular,NA,NA,NA,HS,7th/8th,Early,Yes,6,36,164,2026,1,0.6666666666666666,NA,NA,-0.0031121250467449975,1.0232453377462332,NA
H25,1,2,HS 7th/8th,8,10,128,NA,NA,NA,4,2,NA,7,Heritage Spanish,NA,NA,NA,Selection,FCT-08,1,NA,NA,NA,NA,NA,NA,NA,DOM,Masculine,NA,NA,NA,NA,HS,7th/8th,Early,Yes,6,36,164,2026,1,0.6666666666666666,NA,NA,-0.0031121250467449975,1.0232453377462332,NA
H25,1,2,HS 7th/8th,8,10,128,NA,NA,NA,4,2,NA,7,Heritage Spanish,NA,NA,NA,Selection,FCT-12,1,NA,NA,NA,NA,NA,NA,NA,DOM,Feminine,Singular,NA,NA,NA,HS,7th/8th,Early,Yes,6,36,164,2026,1,0.6666666666666666,NA,NA,-0.0031121250467449975,1.0232453377462332,NA
H25,1,2,HS 7th/8th,8,10,128,NA,NA,NA,4,2,NA,7,Heritage Spanish,NA,NA,NA,Selection,FCT-16,1,NA,NA,NA,NA,NA,NA,NA,DOM,Masculine,NA,NA,NA,NA,HS,7th/8th,Early,Yes,6,36,164,2026,1,0.6666666666666666,NA,NA,-0.0031121250467449975,1.0232453377462332,NA
H25,1,2,HS 7th/8th,8,10,128,NA,NA,NA,4,2,NA,7,Heritage Spanish,NA,NA,NA,Selection,FCT-20,1,NA,NA,NA,NA,NA,NA,NA,DOM,Feminine,Singular,NA,NA,NA,HS,7th/8th,Early,Yes,6,36,164,2026,1,0.6666666666666666,NA,NA,-0.0031121250467449975,1.0232453377462332,NA
H25,1,2,HS 7th/8th,8,10,128,NA,NA,NA,4,2,NA,7,Heritage Spanish,NA,NA,NA,Selection,FCT-24,0,NA,NA,NA,NA,NA,NA,NA,DOM,Masculine,NA,NA,NA,NA,HS,7th/8th,Early,Yes,6,36,164,2026,0,0.6666666666666666,NA,NA,-0.0031121250467449975,1.0232453377462332,NA
H25,1,2,HS 7th/8th,8,10,128,NA,NA,NA,4,2,NA,7,Heritage Spanish,NA,NA,NA,Selection,FCT-27,1,NA,NA,NA,NA,NA,NA,NA,DOM,Feminine,Singular,NA,NA,NA,HS,7th/8th,Early,Yes,6,36,164,2026,1,0.6666666666666666,NA,NA,-0.0031121250467449975,1.0232453377462332,NA
H26,1,1,HS 4th/5th,5,NA,132,NA,NA,NA,1,3,NA,8,Heritage Spanish,NA,NA,NA,Selection,FCT-01,1,NA,NA,NA,NA,NA,NA,NA,DOM,Masculine,NA,NA,NA,NA,HS,4th/5th,Early,Yes,4,0,132,2023,1,0.25,NA,NA,0.1500726382145488,-0.10735025963988762,NA
H26,1,1,HS 4th/5th,5,NA,132,NA,NA,NA,1,3,NA,8,Heritage Spanish,NA,NA,NA,Selection,FCT-04,1,NA,NA,NA,NA,NA,NA,NA,DOM,Feminine,Singular,NA,NA,NA,HS,4th/5th,Early,Yes,4,0,132,2023,1,0.25,NA,NA,0.1500726382145488,-0.10735025963988762,NA
H26,1,1,HS 4th/5th,5,NA,132,NA,NA,NA,1,3,NA,8,Heritage Spanish,NA,NA,NA,Selection,FCT-08,0,NA,NA,NA,NA,NA,NA,NA,DOM,Masculine,NA,NA,NA,NA,HS,4th/5th,Early,Yes,4,0,132,2023,0,0.25,NA,NA,0.1500726382145488,-0.10735025963988762,NA
H26,1,1,HS 4th/5th,5,NA,132,NA,NA,NA,1,3,NA,8,Heritage Spanish,NA,NA,NA,Selection,FCT-12,0,NA,NA,NA,NA,NA,NA,NA,DOM,Feminine,Singular,NA,NA,NA,HS,4th/5th,Early,Yes,4,0,132,2023,0,0.25,NA,NA,0.1500726382145488,-0.10735025963988762,NA
H26,1,1,HS 4th/5th,5,NA,132,NA,NA,NA,1,3,NA,8,Heritage Spanish,NA,NA,NA,Selection,FCT-16,1,NA,NA,NA,NA,NA,NA,NA,DOM,Masculine,NA,NA,NA,NA,HS,4th/5th,Early,Yes,4,0,132,2023,1,0.25,NA,NA,0.1500726382145488,-0.10735025963988762,NA
H26,1,1,HS 4th/5th,5,NA,132,NA,NA,NA,1,3,NA,8,Heritage Spanish,NA,NA,NA,Selection,FCT-20,1,NA,NA,NA,NA,NA,NA,NA,DOM,Feminine,Singular,NA,NA,NA,HS,4th/5th,Early,Yes,4,0,132,2023,1,0.25,NA,NA,0.1500726382145488,-0.10735025963988762,NA
H26,1,1,HS 4th/5th,5,NA,132,NA,NA,NA,1,3,NA,8,Heritage Spanish,NA,NA,NA,Selection,FCT-24,1,NA,NA,NA,NA,NA,NA,NA,DOM,Masculine,NA,NA,NA,NA,HS,4th/5th,Early,Yes,4,0,132,2023,1,0.25,NA,NA,0.1500726382145488,-0.10735025963988762,NA
H26,1,1,HS 4th/5th,5,NA,132,NA,NA,NA,1,3,NA,8,Heritage Spanish,NA,NA,NA,Selection,FCT-27,0,NA,NA,NA,NA,NA,NA,NA,DOM,Feminine,Singular,NA,NA,NA,HS,4th/5th,Early,Yes,4,0,132,2023,0,0.25,NA,NA,0.1500726382145488,-0.10735025963988762,NA
H27,1,1,L2L 4th/5th,5,11,133,NA,NA,NA,3,6,4,8,Japanese,Yes,No,No,Selection,FCT-01,1,NA,NA,NA,NA,NA,NA,NA,DOM,Masculine,NA,NA,NA,NA,L2L,4th/5th,Early,Yes,9,0,133,2023,1,0.3333333333333333,NA,NA,0.18836882902987226,-0.07201914722157134,NA
H27,1,1,L2L 4th/5th,5,11,133,NA,NA,NA,3,6,4,8,Japanese,Yes,No,No,Selection,FCT-04,1,NA,NA,NA,NA,NA,NA,NA,DOM,Feminine,Singular,NA,NA,NA,L2L,4th/5th,Early,Yes,9,0,133,2023,1,0.3333333333333333,NA,NA,0.18836882902987226,-0.07201914722157134,NA
H27,1,1,L2L 4th/5th,5,11,133,NA,NA,NA,3,6,4,8,Japanese,Yes,No,No,Selection,FCT-08,0,NA,NA,NA,NA,NA,NA,NA,DOM,Masculine,NA,NA,NA,NA,L2L,4th/5th,Early,Yes,9,0,133,2023,0,0.3333333333333333,NA,NA,0.18836882902987226,-0.07201914722157134,NA
H27,1,1,L2L 4th/5th,5,11,133,NA,NA,NA,3,6,4,8,Japanese,Yes,No,No,Selection,FCT-12,1,NA,NA,NA,NA,NA,NA,NA,DOM,Feminine,Singular,NA,NA,NA,L2L,4th/5th,Early,Yes,9,0,133,2023,1,0.3333333333333333,NA,NA,0.18836882902987226,-0.07201914722157134,NA
H27,1,1,L2L 4th/5th,5,11,133,NA,NA,NA,3,6,4,8,Japanese,Yes,No,No,Selection,FCT-16,0,NA,NA,NA,NA,NA,NA,NA,DOM,Masculine,NA,NA,NA,NA,L2L,4th/5th,Early,Yes,9,0,133,2023,0,0.3333333333333333,NA,NA,0.18836882902987226,-0.07201914722157134,NA
H27,1,1,L2L 4th/5th,5,11,133,NA,NA,NA,3,6,4,8,Japanese,Yes,No,No,Selection,FCT-20,1,NA,NA,NA,NA,NA,NA,NA,DOM,Feminine,Singular,NA,NA,NA,L2L,4th/5th,Early,Yes,9,0,133,2023,1,0.3333333333333333,NA,NA,0.18836882902987226,-0.07201914722157134,NA
H27,1,1,L2L 4th/5th,5,11,133,NA,NA,NA,3,6,4,8,Japanese,Yes,No,No,Selection,FCT-24,0,NA,NA,NA,NA,NA,NA,NA,DOM,Masculine,NA,NA,NA,NA,L2L,4th/5th,Early,Yes,9,0,133,2023,0,0.3333333333333333,NA,NA,0.18836882902987226,-0.07201914722157134,NA
H27,1,1,L2L 4th/5th,5,11,133,NA,NA,NA,3,6,4,8,Japanese,Yes,No,No,Selection,FCT-27,1,NA,NA,NA,NA,NA,NA,NA,DOM,Feminine,Singular,NA,NA,NA,L2L,4th/5th,Early,Yes,9,0,133,2023,1,0.3333333333333333,NA,NA,0.18836882902987226,-0.07201914722157134,NA
H27,1,2,L2L 7th/8th,8,11,133,NA,NA,NA,3,6,4,8,Japanese,Yes,No,No,Selection,FCT-01,1,NA,NA,NA,NA,NA,NA,NA,DOM,Masculine,NA,NA,NA,NA,L2L,7th/8th,Early,Yes,9,36,169,2026,1,0.3333333333333333,NA,NA,0.18836882902987226,1.1999008998378147,NA
H27,1,2,L2L 7th/8th,8,11,133,NA,NA,NA,3,6,4,8,Japanese,Yes,No,No,Selection,FCT-04,1,NA,NA,NA,NA,NA,NA,NA,DOM,Feminine,Singular,NA,NA,NA,L2L,7th/8th,Early,Yes,9,36,169,2026,1,0.3333333333333333,NA,NA,0.18836882902987226,1.1999008998378147,NA
H27,1,2,L2L 7th/8th,8,11,133,NA,NA,NA,3,6,4,8,Japanese,Yes,No,No,Selection,FCT-08,0,NA,NA,NA,NA,NA,NA,NA,DOM,Masculine,NA,NA,NA,NA,L2L,7th/8th,Early,Yes,9,36,169,2026,0,0.3333333333333333,NA,NA,0.18836882902987226,1.1999008998378147,NA
H27,1,2,L2L 7th/8th,8,11,133,NA,NA,NA,3,6,4,8,Japanese,Yes,No,No,Selection,FCT-12,0,NA,NA,NA,NA,NA,NA,NA,DOM,Feminine,Singular,NA,NA,NA,L2L,7th/8th,Early,Yes,9,36,169,2026,0,0.3333333333333333,NA,NA,0.18836882902987226,1.1999008998378147,NA
H27,1,2,L2L 7th/8th,8,11,133,NA,NA,NA,3,6,4,8,Japanese,Yes,No,No,Selection,FCT-16,1,NA,NA,NA,NA,NA,NA,NA,DOM,Masculine,NA,NA,NA,NA,L2L,7th/8th,Early,Yes,9,36,169,2026,1,0.3333333333333333,NA,NA,0.18836882902987226,1.1999008998378147,NA
H27,1,2,L2L 7th/8th,8,11,133,NA,NA,NA,3,6,4,8,Japanese,Yes,No,No,Selection,FCT-20,1,NA,NA,NA,NA,NA,NA,NA,DOM,Feminine,Singular,NA,NA,NA,L2L,7th/8th,Early,Yes,9,36,169,2026,1,0.3333333333333333,NA,NA,0.18836882902987226,1.1999008998378147,NA
H27,1,2,L2L 7th/8th,8,11,133,NA,NA,NA,3,6,4,8,Japanese,Yes,No,No,Selection,FCT-24,1,NA,NA,NA,NA,NA,NA,NA,DOM,Masculine,NA,NA,NA,NA,L2L,7th/8th,Early,Yes,9,36,169,2026,1,0.3333333333333333,NA,NA,0.18836882902987226,1.1999008998378147,NA
H27,1,2,L2L 7th/8th,8,11,133,NA,NA,NA,3,6,4,8,Japanese,Yes,No,No,Selection,FCT-27,1,NA,NA,NA,NA,NA,NA,NA,DOM,Feminine,Singular,NA,NA,NA,L2L,7th/8th,Early,Yes,9,36,169,2026,1,0.3333333333333333,NA,NA,0.18836882902987226,1.1999008998378147,NA
H28,1,1,L2L 4th/5th,5,NA,139,NA,NA,NA,2,4,NA,8,"French, Turkish",Yes,Yes,Yes,Selection,FCT-01,0,NA,NA,NA,NA,NA,NA,NA,DOM,Masculine,NA,NA,NA,NA,L2L,4th/5th,Early,Yes,6,0,139,2023,0,0.3333333333333333,NA,NA,0.41814597392181296,0.13996752728832632,NA
H28,1,1,L2L 4th/5th,5,NA,139,NA,NA,NA,2,4,NA,8,"French, Turkish",Yes,Yes,Yes,Selection,FCT-04,1,NA,NA,NA,NA,NA,NA,NA,DOM,Feminine,Singular,NA,NA,NA,L2L,4th/5th,Early,Yes,6,0,139,2023,1,0.3333333333333333,NA,NA,0.41814597392181296,0.13996752728832632,NA
H28,1,1,L2L 4th/5th,5,NA,139,NA,NA,NA,2,4,NA,8,"French, Turkish",Yes,Yes,Yes,Selection,FCT-08,0,NA,NA,NA,NA,NA,NA,NA,DOM,Masculine,NA,NA,NA,NA,L2L,4th/5th,Early,Yes,6,0,139,2023,0,0.3333333333333333,NA,NA,0.41814597392181296,0.13996752728832632,NA
H28,1,1,L2L 4th/5th,5,NA,139,NA,NA,NA,2,4,NA,8,"French, Turkish",Yes,Yes,Yes,Selection,FCT-12,1,NA,NA,NA,NA,NA,NA,NA,DOM,Feminine,Singular,NA,NA,NA,L2L,4th/5th,Early,Yes,6,0,139,2023,1,0.3333333333333333,NA,NA,0.41814597392181296,0.13996752728832632,NA
H28,1,1,L2L 4th/5th,5,NA,139,NA,NA,NA,2,4,NA,8,"French, Turkish",Yes,Yes,Yes,Selection,FCT-16,0,NA,NA,NA,NA,NA,NA,NA,DOM,Masculine,NA,NA,NA,NA,L2L,4th/5th,Early,Yes,6,0,139,2023,0,0.3333333333333333,NA,NA,0.41814597392181296,0.13996752728832632,NA
H28,1,1,L2L 4th/5th,5,NA,139,NA,NA,NA,2,4,NA,8,"French, Turkish",Yes,Yes,Yes,Selection,FCT-20,1,NA,NA,NA,NA,NA,NA,NA,DOM,Feminine,Singular,NA,NA,NA,L2L,4th/5th,Early,Yes,6,0,139,2023,1,0.3333333333333333,NA,NA,0.41814597392181296,0.13996752728832632,NA
H28,1,1,L2L 4th/5th,5,NA,139,NA,NA,NA,2,4,NA,8,"French, Turkish",Yes,Yes,Yes,Selection,FCT-24,1,NA,NA,NA,NA,NA,NA,NA,DOM,Masculine,NA,NA,NA,NA,L2L,4th/5th,Early,Yes,6,0,139,2023,1,0.3333333333333333,NA,NA,0.41814597392181296,0.13996752728832632,NA
H28,1,1,L2L 4th/5th,5,NA,139,NA,NA,NA,2,4,NA,8,"French, Turkish",Yes,Yes,Yes,Selection,FCT-27,1,NA,NA,NA,NA,NA,NA,NA,DOM,Feminine,Singular,NA,NA,NA,L2L,4th/5th,Early,Yes,6,0,139,2023,1,0.3333333333333333,NA,NA,0.41814597392181296,0.13996752728832632,NA
H28,1,2,L2L 7th/8th,8,NA,139,NA,NA,NA,2,4,NA,8,"French, Turkish",Yes,Yes,Yes,Selection,FCT-01,0,NA,NA,NA,NA,NA,NA,NA,DOM,Masculine,NA,NA,NA,NA,L2L,7th/8th,Early,Yes,6,36,175,2026,0,0.3333333333333333,NA,NA,0.41814597392181296,1.4118875743477124,NA
H28,1,2,L2L 7th/8th,8,NA,139,NA,NA,NA,2,4,NA,8,"French, Turkish",Yes,Yes,Yes,Selection,FCT-04,0,NA,NA,NA,NA,NA,NA,NA,DOM,Feminine,Singular,NA,NA,NA,L2L,7th/8th,Early,Yes,6,36,175,2026,0,0.3333333333333333,NA,NA,0.41814597392181296,1.4118875743477124,NA
H28,1,2,L2L 7th/8th,8,NA,139,NA,NA,NA,2,4,NA,8,"French, Turkish",Yes,Yes,Yes,Selection,FCT-08,0,NA,NA,NA,NA,NA,NA,NA,DOM,Masculine,NA,NA,NA,NA,L2L,7th/8th,Early,Yes,6,36,175,2026,0,0.3333333333333333,NA,NA,0.41814597392181296,1.4118875743477124,NA
H28,1,2,L2L 7th/8th,8,NA,139,NA,NA,NA,2,4,NA,8,"French, Turkish",Yes,Yes,Yes,Selection,FCT-12,1,NA,NA,NA,NA,NA,NA,NA,DOM,Feminine,Singular,NA,NA,NA,L2L,7th/8th,Early,Yes,6,36,175,2026,1,0.3333333333333333,NA,NA,0.41814597392181296,1.4118875743477124,NA
H28,1,2,L2L 7th/8th,8,NA,139,NA,NA,NA,2,4,NA,8,"French, Turkish",Yes,Yes,Yes,Selection,FCT-16,0,NA,NA,NA,NA,NA,NA,NA,DOM,Masculine,NA,NA,NA,NA,L2L,7th/8th,Early,Yes,6,36,175,2026,0,0.3333333333333333,NA,NA,0.41814597392181296,1.4118875743477124,NA
H28,1,2,L2L 7th/8th,8,NA,139,NA,NA,NA,2,4,NA,8,"French, Turkish",Yes,Yes,Yes,Selection,FCT-20,0,NA,NA,NA,NA,NA,NA,NA,DOM,Feminine,Singular,NA,NA,NA,L2L,7th/8th,Early,Yes,6,36,175,2026,0,0.3333333333333333,NA,NA,0.41814597392181296,1.4118875743477124,NA
H28,1,2,L2L 7th/8th,8,NA,139,NA,NA,NA,2,4,NA,8,"French, Turkish",Yes,Yes,Yes,Selection,FCT-24,0,NA,NA,NA,NA,NA,NA,NA,DOM,Masculine,NA,NA,NA,NA,L2L,7th/8th,Early,Yes,6,36,175,2026,0,0.3333333333333333,NA,NA,0.41814597392181296,1.4118875743477124,NA
H28,1,2,L2L 7th/8th,8,NA,139,NA,NA,NA,2,4,NA,8,"French, Turkish",Yes,Yes,Yes,Selection,FCT-27,0,NA,NA,NA,NA,NA,NA,NA,DOM,Feminine,Singular,NA,NA,NA,L2L,7th/8th,Early,Yes,6,36,175,2026,0,0.3333333333333333,NA,NA,0.41814597392181296,1.4118875743477124,NA
H29,1,1,L2L 4th/5th,5,11,138,NA,NA,NA,3,3,3,7,"Ukrainian, Russian",Yes,Yes,Yes,Selection,FCT-01,0,NA,NA,NA,NA,NA,NA,NA,DOM,Masculine,NA,NA,NA,NA,L2L,4th/5th,Early,Yes,6,0,138,2023,0,0.5,NA,NA,0.3798497831064895,0.10463641487001005,NA
H29,1,1,L2L 4th/5th,5,11,138,NA,NA,NA,3,3,3,7,"Ukrainian, Russian",Yes,Yes,Yes,Selection,FCT-04,1,NA,NA,NA,NA,NA,NA,NA,DOM,Feminine,Singular,NA,NA,NA,L2L,4th/5th,Early,Yes,6,0,138,2023,1,0.5,NA,NA,0.3798497831064895,0.10463641487001005,NA
H29,1,1,L2L 4th/5th,5,11,138,NA,NA,NA,3,3,3,7,"Ukrainian, Russian",Yes,Yes,Yes,Selection,FCT-08,0,NA,NA,NA,NA,NA,NA,NA,DOM,Masculine,NA,NA,NA,NA,L2L,4th/5th,Early,Yes,6,0,138,2023,0,0.5,NA,NA,0.3798497831064895,0.10463641487001005,NA
H29,1,1,L2L 4th/5th,5,11,138,NA,NA,NA,3,3,3,7,"Ukrainian, Russian",Yes,Yes,Yes,Selection,FCT-12,0,NA,NA,NA,NA,NA,NA,NA,DOM,Feminine,Singular,NA,NA,NA,L2L,4th/5th,Early,Yes,6,0,138,2023,0,0.5,NA,NA,0.3798497831064895,0.10463641487001005,NA
H29,1,1,L2L 4th/5th,5,11,138,NA,NA,NA,3,3,3,7,"Ukrainian, Russian",Yes,Yes,Yes,Selection,FCT-16,0,NA,NA,NA,NA,NA,NA,NA,DOM,Masculine,NA,NA,NA,NA,L2L,4th/5th,Early,Yes,6,0,138,2023,0,0.5,NA,NA,0.3798497831064895,0.10463641487001005,NA
H29,1,1,L2L 4th/5th,5,11,138,NA,NA,NA,3,3,3,7,"Ukrainian, Russian",Yes,Yes,Yes,Selection,FCT-20,0,NA,NA,NA,NA,NA,NA,NA,DOM,Feminine,Singular,NA,NA,NA,L2L,4th/5th,Early,Yes,6,0,138,2023,0,0.5,NA,NA,0.3798497831064895,0.10463641487001005,NA
H29,1,1,L2L 4th/5th,5,11,138,NA,NA,NA,3,3,3,7,"Ukrainian, Russian",Yes,Yes,Yes,Selection,FCT-24,1,NA,NA,NA,NA,NA,NA,NA,DOM,Masculine,NA,NA,NA,NA,L2L,4th/5th,Early,Yes,6,0,138,2023,1,0.5,NA,NA,0.3798497831064895,0.10463641487001005,NA
H29,1,1,L2L 4th/5th,5,11,138,NA,NA,NA,3,3,3,7,"Ukrainian, Russian",Yes,Yes,Yes,Selection,FCT-27,0,NA,NA,NA,NA,NA,NA,NA,DOM,Feminine,Singular,NA,NA,NA,L2L,4th/5th,Early,Yes,6,0,138,2023,0,0.5,NA,NA,0.3798497831064895,0.10463641487001005,NA
H29,1,2,L2L 7th/8th,8,NA,138,NA,NA,NA,3,3,3,7,"Ukrainian, Russian",Yes,Yes,Yes,Selection,FCT-01,1,NA,NA,NA,NA,NA,NA,NA,DOM,Masculine,NA,NA,NA,NA,L2L,7th/8th,Early,Yes,6,36,174,2026,1,0.5,NA,NA,0.3798497831064895,1.376556461929396,NA
H29,1,2,L2L 7th/8th,8,NA,138,NA,NA,NA,3,3,3,7,"Ukrainian, Russian",Yes,Yes,Yes,Selection,FCT-04,1,NA,NA,NA,NA,NA,NA,NA,DOM,Feminine,Singular,NA,NA,NA,L2L,7th/8th,Early,Yes,6,36,174,2026,1,0.5,NA,NA,0.3798497831064895,1.376556461929396,NA
H29,1,2,L2L 7th/8th,8,NA,138,NA,NA,NA,3,3,3,7,"Ukrainian, Russian",Yes,Yes,Yes,Selection,FCT-08,1,NA,NA,NA,NA,NA,NA,NA,DOM,Masculine,NA,NA,NA,NA,L2L,7th/8th,Early,Yes,6,36,174,2026,1,0.5,NA,NA,0.3798497831064895,1.376556461929396,NA
H29,1,2,L2L 7th/8th,8,NA,138,NA,NA,NA,3,3,3,7,"Ukrainian, Russian",Yes,Yes,Yes,Selection,FCT-12,0,NA,NA,NA,NA,NA,NA,NA,DOM,Feminine,Singular,NA,NA,NA,L2L,7th/8th,Early,Yes,6,36,174,2026,0,0.5,NA,NA,0.3798497831064895,1.376556461929396,NA
H29,1,2,L2L 7th/8th,8,NA,138,NA,NA,NA,3,3,3,7,"Ukrainian, Russian",Yes,Yes,Yes,Selection,FCT-16,1,NA,NA,NA,NA,NA,NA,NA,DOM,Masculine,NA,NA,NA,NA,L2L,7th/8th,Early,Yes,6,36,174,2026,1,0.5,NA,NA,0.3798497831064895,1.376556461929396,NA
H29,1,2,L2L 7th/8th,8,NA,138,NA,NA,NA,3,3,3,7,"Ukrainian, Russian",Yes,Yes,Yes,Selection,FCT-20,1,NA,NA,NA,NA,NA,NA,NA,DOM,Feminine,Singular,NA,NA,NA,L2L,7th/8th,Early,Yes,6,36,174,2026,1,0.5,NA,NA,0.3798497831064895,1.376556461929396,NA
H29,1,2,L2L 7th/8th,8,NA,138,NA,NA,NA,3,3,3,7,"Ukrainian, Russian",Yes,Yes,Yes,Selection,FCT-24,1,NA,NA,NA,NA,NA,NA,NA,DOM,Masculine,NA,NA,NA,NA,L2L,7th/8th,Early,Yes,6,36,174,2026,1,0.5,NA,NA,0.3798497831064895,1.376556461929396,NA
H29,1,2,L2L 7th/8th,8,NA,138,NA,NA,NA,3,3,3,7,"Ukrainian, Russian",Yes,Yes,Yes,Selection,FCT-27,1,NA,NA,NA,NA,NA,NA,NA,DOM,Feminine,Singular,NA,NA,NA,L2L,7th/8th,Early,Yes,6,36,174,2026,1,0.5,NA,NA,0.3798497831064895,1.376556461929396,NA
H30,1,1,L2L 4th/5th,5,NA,140,NA,NA,NA,2,5,NA,6,L2 learner,L2,L2,L2,Selection,FCT-01,0,NA,NA,NA,NA,NA,NA,NA,DOM,Masculine,NA,NA,NA,NA,L2L,4th/5th,Early,Yes,7,0,140,2023,0,0.2857142857142857,NA,NA,0.4564421647371364,0.1752986397066426,NA
H30,1,1,L2L 4th/5th,5,NA,140,NA,NA,NA,2,5,NA,6,L2 learner,L2,L2,L2,Selection,FCT-04,1,NA,NA,NA,NA,NA,NA,NA,DOM,Feminine,Singular,NA,NA,NA,L2L,4th/5th,Early,Yes,7,0,140,2023,1,0.2857142857142857,NA,NA,0.4564421647371364,0.1752986397066426,NA
H30,1,1,L2L 4th/5th,5,NA,140,NA,NA,NA,2,5,NA,6,L2 learner,L2,L2,L2,Selection,FCT-08,1,NA,NA,NA,NA,NA,NA,NA,DOM,Masculine,NA,NA,NA,NA,L2L,4th/5th,Early,Yes,7,0,140,2023,1,0.2857142857142857,NA,NA,0.4564421647371364,0.1752986397066426,NA
H30,1,1,L2L 4th/5th,5,NA,140,NA,NA,NA,2,5,NA,6,L2 learner,L2,L2,L2,Selection,FCT-12,1,NA,NA,NA,NA,NA,NA,NA,DOM,Feminine,Singular,NA,NA,NA,L2L,4th/5th,Early,Yes,7,0,140,2023,1,0.2857142857142857,NA,NA,0.4564421647371364,0.1752986397066426,NA
H30,1,1,L2L 4th/5th,5,NA,140,NA,NA,NA,2,5,NA,6,L2 learner,L2,L2,L2,Selection,FCT-16,0,NA,NA,NA,NA,NA,NA,NA,DOM,Masculine,NA,NA,NA,NA,L2L,4th/5th,Early,Yes,7,0,140,2023,0,0.2857142857142857,NA,NA,0.4564421647371364,0.1752986397066426,NA
H30,1,1,L2L 4th/5th,5,NA,140,NA,NA,NA,2,5,NA,6,L2 learner,L2,L2,L2,Selection,FCT-20,1,NA,NA,NA,NA,NA,NA,NA,DOM,Feminine,Singular,NA,NA,NA,L2L,4th/5th,Early,Yes,7,0,140,2023,1,0.2857142857142857,NA,NA,0.4564421647371364,0.1752986397066426,NA
H30,1,1,L2L 4th/5th,5,NA,140,NA,NA,NA,2,5,NA,6,L2 learner,L2,L2,L2,Selection,FCT-24,0,NA,NA,NA,NA,NA,NA,NA,DOM,Masculine,NA,NA,NA,NA,L2L,4th/5th,Early,Yes,7,0,140,2023,0,0.2857142857142857,NA,NA,0.4564421647371364,0.1752986397066426,NA
H30,1,1,L2L 4th/5th,5,NA,140,NA,NA,NA,2,5,NA,6,L2 learner,L2,L2,L2,Selection,FCT-27,1,NA,NA,NA,NA,NA,NA,NA,DOM,Feminine,Singular,NA,NA,NA,L2L,4th/5th,Early,Yes,7,0,140,2023,1,0.2857142857142857,NA,NA,0.4564421647371364,0.1752986397066426,NA
H31,1,1,L2L 4th/5th,5,NA,131,NA,NA,NA,2,5,NA,8,L2 learner,L2,L2,L2,Selection,FCT-01,0,NA,NA,NA,NA,NA,NA,NA,DOM,Masculine,NA,NA,NA,NA,L2L,4th/5th,Early,Yes,7,0,131,2023,0,0.2857142857142857,NA,NA,0.11177644739922535,-0.1426813720582039,NA
H31,1,1,L2L 4th/5th,5,NA,131,NA,NA,NA,2,5,NA,8,L2 learner,L2,L2,L2,Selection,FCT-04,0,NA,NA,NA,NA,NA,NA,NA,DOM,Feminine,Singular,NA,NA,NA,L2L,4th/5th,Early,Yes,7,0,131,2023,0,0.2857142857142857,NA,NA,0.11177644739922535,-0.1426813720582039,NA
H31,1,1,L2L 4th/5th,5,NA,131,NA,NA,NA,2,5,NA,8,L2 learner,L2,L2,L2,Selection,FCT-08,1,NA,NA,NA,NA,NA,NA,NA,DOM,Masculine,NA,NA,NA,NA,L2L,4th/5th,Early,Yes,7,0,131,2023,1,0.2857142857142857,NA,NA,0.11177644739922535,-0.1426813720582039,NA
H31,1,1,L2L 4th/5th,5,NA,131,NA,NA,NA,2,5,NA,8,L2 learner,L2,L2,L2,Selection,FCT-12,0,NA,NA,NA,NA,NA,NA,NA,DOM,Feminine,Singular,NA,NA,NA,L2L,4th/5th,Early,Yes,7,0,131,2023,0,0.2857142857142857,NA,NA,0.11177644739922535,-0.1426813720582039,NA
H31,1,1,L2L 4th/5th,5,NA,131,NA,NA,NA,2,5,NA,8,L2 learner,L2,L2,L2,Selection,FCT-16,0,NA,NA,NA,NA,NA,NA,NA,DOM,Masculine,NA,NA,NA,NA,L2L,4th/5th,Early,Yes,7,0,131,2023,0,0.2857142857142857,NA,NA,0.11177644739922535,-0.1426813720582039,NA
H31,1,1,L2L 4th/5th,5,NA,131,NA,NA,NA,2,5,NA,8,L2 learner,L2,L2,L2,Selection,FCT-20,1,NA,NA,NA,NA,NA,NA,NA,DOM,Feminine,Singular,NA,NA,NA,L2L,4th/5th,Early,Yes,7,0,131,2023,1,0.2857142857142857,NA,NA,0.11177644739922535,-0.1426813720582039,NA
H31,1,1,L2L 4th/5th,5,NA,131,NA,NA,NA,2,5,NA,8,L2 learner,L2,L2,L2,Selection,FCT-24,0,NA,NA,NA,NA,NA,NA,NA,DOM,Masculine,NA,NA,NA,NA,L2L,4th/5th,Early,Yes,7,0,131,2023,0,0.2857142857142857,NA,NA,0.11177644739922535,-0.1426813720582039,NA
H31,1,1,L2L 4th/5th,5,NA,131,NA,NA,NA,2,5,NA,8,L2 learner,L2,L2,L2,Selection,FCT-27,0,NA,NA,NA,NA,NA,NA,NA,DOM,Feminine,Singular,NA,NA,NA,L2L,4th/5th,Early,Yes,7,0,131,2023,0,0.2857142857142857,NA,NA,0.11177644739922535,-0.1426813720582039,NA
H31,1,2,L2L 7th/8th,8,NA,131,NA,NA,NA,2,5,NA,8,L2 learner,L2,L2,L2,Selection,FCT-01,1,NA,NA,NA,NA,NA,NA,NA,DOM,Masculine,NA,NA,NA,NA,L2L,7th/8th,Early,Yes,7,36,167,2026,1,0.2857142857142857,NA,NA,0.11177644739922535,1.129238675001182,NA
H31,1,2,L2L 7th/8th,8,NA,131,NA,NA,NA,2,5,NA,8,L2 learner,L2,L2,L2,Selection,FCT-04,1,NA,NA,NA,NA,NA,NA,NA,DOM,Feminine,Singular,NA,NA,NA,L2L,7th/8th,Early,Yes,7,36,167,2026,1,0.2857142857142857,NA,NA,0.11177644739922535,1.129238675001182,NA
H31,1,2,L2L 7th/8th,8,NA,131,NA,NA,NA,2,5,NA,8,L2 learner,L2,L2,L2,Selection,FCT-08,1,NA,NA,NA,NA,NA,NA,NA,DOM,Masculine,NA,NA,NA,NA,L2L,7th/8th,Early,Yes,7,36,167,2026,1,0.2857142857142857,NA,NA,0.11177644739922535,1.129238675001182,NA
H31,1,2,L2L 7th/8th,8,NA,131,NA,NA,NA,2,5,NA,8,L2 learner,L2,L2,L2,Selection,FCT-12,1,NA,NA,NA,NA,NA,NA,NA,DOM,Feminine,Singular,NA,NA,NA,L2L,7th/8th,Early,Yes,7,36,167,2026,1,0.2857142857142857,NA,NA,0.11177644739922535,1.129238675001182,NA
H31,1,2,L2L 7th/8th,8,NA,131,NA,NA,NA,2,5,NA,8,L2 learner,L2,L2,L2,Selection,FCT-16,1,NA,NA,NA,NA,NA,NA,NA,DOM,Masculine,NA,NA,NA,NA,L2L,7th/8th,Early,Yes,7,36,167,2026,1,0.2857142857142857,NA,NA,0.11177644739922535,1.129238675001182,NA
H31,1,2,L2L 7th/8th,8,NA,131,NA,NA,NA,2,5,NA,8,L2 learner,L2,L2,L2,Selection,FCT-20,1,NA,NA,NA,NA,NA,NA,NA,DOM,Feminine,Singular,NA,NA,NA,L2L,7th/8th,Early,Yes,7,36,167,2026,1,0.2857142857142857,NA,NA,0.11177644739922535,1.129238675001182,NA
H31,1,2,L2L 7th/8th,8,NA,131,NA,NA,NA,2,5,NA,8,L2 learner,L2,L2,L2,Selection,FCT-24,1,NA,NA,NA,NA,NA,NA,NA,DOM,Masculine,NA,NA,NA,NA,L2L,7th/8th,Early,Yes,7,36,167,2026,1,0.2857142857142857,NA,NA,0.11177644739922535,1.129238675001182,NA
H31,1,2,L2L 7th/8th,8,NA,131,NA,NA,NA,2,5,NA,8,L2 learner,L2,L2,L2,Selection,FCT-27,1,NA,NA,NA,NA,NA,NA,NA,DOM,Feminine,Singular,NA,NA,NA,L2L,7th/8th,Early,Yes,7,36,167,2026,1,0.2857142857142857,NA,NA,0.11177644739922535,1.129238675001182,NA
H32,1,1,L2L 4th/5th,5,NA,130,NA,NA,NA,1,5,NA,8,Russian,No,Yes,Yes,Selection,FCT-01,1,NA,NA,NA,NA,NA,NA,NA,DOM,Masculine,NA,NA,NA,NA,L2L,4th/5th,Early,Yes,6,0,130,2023,1,0.16666666666666666,NA,NA,0.0734802565839019,-0.17801248447652016,NA
H32,1,1,L2L 4th/5th,5,NA,130,NA,NA,NA,1,5,NA,8,Russian,No,Yes,Yes,Selection,FCT-04,0,NA,NA,NA,NA,NA,NA,NA,DOM,Feminine,Singular,NA,NA,NA,L2L,4th/5th,Early,Yes,6,0,130,2023,0,0.16666666666666666,NA,NA,0.0734802565839019,-0.17801248447652016,NA
H32,1,1,L2L 4th/5th,5,NA,130,NA,NA,NA,1,5,NA,8,Russian,No,Yes,Yes,Selection,FCT-08,0,NA,NA,NA,NA,NA,NA,NA,DOM,Masculine,NA,NA,NA,NA,L2L,4th/5th,Early,Yes,6,0,130,2023,0,0.16666666666666666,NA,NA,0.0734802565839019,-0.17801248447652016,NA
H32,1,1,L2L 4th/5th,5,NA,130,NA,NA,NA,1,5,NA,8,Russian,No,Yes,Yes,Selection,FCT-12,0,NA,NA,NA,NA,NA,NA,NA,DOM,Feminine,Singular,NA,NA,NA,L2L,4th/5th,Early,Yes,6,0,130,2023,0,0.16666666666666666,NA,NA,0.0734802565839019,-0.17801248447652016,NA
H32,1,1,L2L 4th/5th,5,NA,130,NA,NA,NA,1,5,NA,8,Russian,No,Yes,Yes,Selection,FCT-16,1,NA,NA,NA,NA,NA,NA,NA,DOM,Masculine,NA,NA,NA,NA,L2L,4th/5th,Early,Yes,6,0,130,2023,1,0.16666666666666666,NA,NA,0.0734802565839019,-0.17801248447652016,NA
H32,1,1,L2L 4th/5th,5,NA,130,NA,NA,NA,1,5,NA,8,Russian,No,Yes,Yes,Selection,FCT-20,1,NA,NA,NA,NA,NA,NA,NA,DOM,Feminine,Singular,NA,NA,NA,L2L,4th/5th,Early,Yes,6,0,130,2023,1,0.16666666666666666,NA,NA,0.0734802565839019,-0.17801248447652016,NA
H32,1,1,L2L 4th/5th,5,NA,130,NA,NA,NA,1,5,NA,8,Russian,No,Yes,Yes,Selection,FCT-24,1,NA,NA,NA,NA,NA,NA,NA,DOM,Masculine,NA,NA,NA,NA,L2L,4th/5th,Early,Yes,6,0,130,2023,1,0.16666666666666666,NA,NA,0.0734802565839019,-0.17801248447652016,NA
H32,1,1,L2L 4th/5th,5,NA,130,NA,NA,NA,1,5,NA,8,Russian,No,Yes,Yes,Selection,FCT-27,0,NA,NA,NA,NA,NA,NA,NA,DOM,Feminine,Singular,NA,NA,NA,L2L,4th/5th,Early,Yes,6,0,130,2023,0,0.16666666666666666,NA,NA,0.0734802565839019,-0.17801248447652016,NA
H32,1,2,L2L 7th/8th,8,NA,130,NA,NA,NA,1,5,NA,8,Russian,No,Yes,Yes,Selection,FCT-01,0,NA,NA,NA,NA,NA,NA,NA,DOM,Masculine,NA,NA,NA,NA,L2L,7th/8th,Early,Yes,6,36,166,2026,0,0.16666666666666666,NA,NA,0.0734802565839019,1.0939075625828658,NA
H32,1,2,L2L 7th/8th,8,NA,130,NA,NA,NA,1,5,NA,8,Russian,No,Yes,Yes,Selection,FCT-04,1,NA,NA,NA,NA,NA,NA,NA,DOM,Feminine,Singular,NA,NA,NA,L2L,7th/8th,Early,Yes,6,36,166,2026,1,0.16666666666666666,NA,NA,0.0734802565839019,1.0939075625828658,NA
H32,1,2,L2L 7th/8th,8,NA,130,NA,NA,NA,1,5,NA,8,Russian,No,Yes,Yes,Selection,FCT-08,1,NA,NA,NA,NA,NA,NA,NA,DOM,Masculine,NA,NA,NA,NA,L2L,7th/8th,Early,Yes,6,36,166,2026,1,0.16666666666666666,NA,NA,0.0734802565839019,1.0939075625828658,NA
H32,1,2,L2L 7th/8th,8,NA,130,NA,NA,NA,1,5,NA,8,Russian,No,Yes,Yes,Selection,FCT-12,1,NA,NA,NA,NA,NA,NA,NA,DOM,Feminine,Singular,NA,NA,NA,L2L,7th/8th,Early,Yes,6,36,166,2026,1,0.16666666666666666,NA,NA,0.0734802565839019,1.0939075625828658,NA
H32,1,2,L2L 7th/8th,8,NA,130,NA,NA,NA,1,5,NA,8,Russian,No,Yes,Yes,Selection,FCT-16,1,NA,NA,NA,NA,NA,NA,NA,DOM,Masculine,NA,NA,NA,NA,L2L,7th/8th,Early,Yes,6,36,166,2026,1,0.16666666666666666,NA,NA,0.0734802565839019,1.0939075625828658,NA
H32,1,2,L2L 7th/8th,8,NA,130,NA,NA,NA,1,5,NA,8,Russian,No,Yes,Yes,Selection,FCT-20,1,NA,NA,NA,NA,NA,NA,NA,DOM,Feminine,Singular,NA,NA,NA,L2L,7th/8th,Early,Yes,6,36,166,2026,1,0.16666666666666666,NA,NA,0.0734802565839019,1.0939075625828658,NA
H32,1,2,L2L 7th/8th,8,NA,130,NA,NA,NA,1,5,NA,8,Russian,No,Yes,Yes,Selection,FCT-24,0,NA,NA,NA,NA,NA,NA,NA,DOM,Masculine,NA,NA,NA,NA,L2L,7th/8th,Early,Yes,6,36,166,2026,0,0.16666666666666666,NA,NA,0.0734802565839019,1.0939075625828658,NA
H32,1,2,L2L 7th/8th,8,NA,130,NA,NA,NA,1,5,NA,8,Russian,No,Yes,Yes,Selection,FCT-27,1,NA,NA,NA,NA,NA,NA,NA,DOM,Feminine,Singular,NA,NA,NA,L2L,7th/8th,Early,Yes,6,36,166,2026,1,0.16666666666666666,NA,NA,0.0734802565839019,1.0939075625828658,NA
H33,1,1,L2L 4th/5th,5,NA,128,NA,NA,NA,2,4,NA,3,"Hindi, Marathi",Yes,Yes,Yes,Selection,FCT-01,0,NA,NA,NA,NA,NA,NA,NA,DOM,Masculine,NA,NA,NA,NA,L2L,4th/5th,Early,Yes,6,0,128,2023,0,0.3333333333333333,NA,NA,-0.0031121250467449975,-0.24867470931315272,NA
H33,1,1,L2L 4th/5th,5,NA,128,NA,NA,NA,2,4,NA,3,"Hindi, Marathi",Yes,Yes,Yes,Selection,FCT-04,0,NA,NA,NA,NA,NA,NA,NA,DOM,Feminine,Singular,NA,NA,NA,L2L,4th/5th,Early,Yes,6,0,128,2023,0,0.3333333333333333,NA,NA,-0.0031121250467449975,-0.24867470931315272,NA
H33,1,1,L2L 4th/5th,5,NA,128,NA,NA,NA,2,4,NA,3,"Hindi, Marathi",Yes,Yes,Yes,Selection,FCT-08,0,NA,NA,NA,NA,NA,NA,NA,DOM,Masculine,NA,NA,NA,NA,L2L,4th/5th,Early,Yes,6,0,128,2023,0,0.3333333333333333,NA,NA,-0.0031121250467449975,-0.24867470931315272,NA
H33,1,1,L2L 4th/5th,5,NA,128,NA,NA,NA,2,4,NA,3,"Hindi, Marathi",Yes,Yes,Yes,Selection,FCT-12,1,NA,NA,NA,NA,NA,NA,NA,DOM,Feminine,Singular,NA,NA,NA,L2L,4th/5th,Early,Yes,6,0,128,2023,1,0.3333333333333333,NA,NA,-0.0031121250467449975,-0.24867470931315272,NA
H33,1,1,L2L 4th/5th,5,NA,128,NA,NA,NA,2,4,NA,3,"Hindi, Marathi",Yes,Yes,Yes,Selection,FCT-16,0,NA,NA,NA,NA,NA,NA,NA,DOM,Masculine,NA,NA,NA,NA,L2L,4th/5th,Early,Yes,6,0,128,2023,0,0.3333333333333333,NA,NA,-0.0031121250467449975,-0.24867470931315272,NA
H33,1,1,L2L 4th/5th,5,NA,128,NA,NA,NA,2,4,NA,3,"Hindi, Marathi",Yes,Yes,Yes,Selection,FCT-20,0,NA,NA,NA,NA,NA,NA,NA,DOM,Feminine,Singular,NA,NA,NA,L2L,4th/5th,Early,Yes,6,0,128,2023,0,0.3333333333333333,NA,NA,-0.0031121250467449975,-0.24867470931315272,NA
H33,1,1,L2L 4th/5th,5,NA,128,NA,NA,NA,2,4,NA,3,"Hindi, Marathi",Yes,Yes,Yes,Selection,FCT-24,0,NA,NA,NA,NA,NA,NA,NA,DOM,Masculine,NA,NA,NA,NA,L2L,4th/5th,Early,Yes,6,0,128,2023,0,0.3333333333333333,NA,NA,-0.0031121250467449975,-0.24867470931315272,NA
H33,1,1,L2L 4th/5th,5,NA,128,NA,NA,NA,2,4,NA,3,"Hindi, Marathi",Yes,Yes,Yes,Selection,FCT-27,1,NA,NA,NA,NA,NA,NA,NA,DOM,Feminine,Singular,NA,NA,NA,L2L,4th/5th,Early,Yes,6,0,128,2023,1,0.3333333333333333,NA,NA,-0.0031121250467449975,-0.24867470931315272,NA
H33,1,2,L2L 7th/8th,8,NA,128,NA,NA,NA,2,4,NA,3,"Hindi, Marathi",Yes,Yes,Yes,Selection,FCT-01,0,NA,NA,NA,NA,NA,NA,NA,DOM,Masculine,NA,NA,NA,NA,L2L,7th/8th,Early,Yes,6,36,164,2026,0,0.3333333333333333,NA,NA,-0.0031121250467449975,1.0232453377462332,NA
H33,1,2,L2L 7th/8th,8,NA,128,NA,NA,NA,2,4,NA,3,"Hindi, Marathi",Yes,Yes,Yes,Selection,FCT-04,1,NA,NA,NA,NA,NA,NA,NA,DOM,Feminine,Singular,NA,NA,NA,L2L,7th/8th,Early,Yes,6,36,164,2026,1,0.3333333333333333,NA,NA,-0.0031121250467449975,1.0232453377462332,NA
H33,1,2,L2L 7th/8th,8,NA,128,NA,NA,NA,2,4,NA,3,"Hindi, Marathi",Yes,Yes,Yes,Selection,FCT-08,0,NA,NA,NA,NA,NA,NA,NA,DOM,Masculine,NA,NA,NA,NA,L2L,7th/8th,Early,Yes,6,36,164,2026,0,0.3333333333333333,NA,NA,-0.0031121250467449975,1.0232453377462332,NA
H33,1,2,L2L 7th/8th,8,NA,128,NA,NA,NA,2,4,NA,3,"Hindi, Marathi",Yes,Yes,Yes,Selection,FCT-12,1,NA,NA,NA,NA,NA,NA,NA,DOM,Feminine,Singular,NA,NA,NA,L2L,7th/8th,Early,Yes,6,36,164,2026,1,0.3333333333333333,NA,NA,-0.0031121250467449975,1.0232453377462332,NA
H33,1,2,L2L 7th/8th,8,NA,128,NA,NA,NA,2,4,NA,3,"Hindi, Marathi",Yes,Yes,Yes,Selection,FCT-16,0,NA,NA,NA,NA,NA,NA,NA,DOM,Masculine,NA,NA,NA,NA,L2L,7th/8th,Early,Yes,6,36,164,2026,0,0.3333333333333333,NA,NA,-0.0031121250467449975,1.0232453377462332,NA
H33,1,2,L2L 7th/8th,8,NA,128,NA,NA,NA,2,4,NA,3,"Hindi, Marathi",Yes,Yes,Yes,Selection,FCT-20,1,NA,NA,NA,NA,NA,NA,NA,DOM,Feminine,Singular,NA,NA,NA,L2L,7th/8th,Early,Yes,6,36,164,2026,1,0.3333333333333333,NA,NA,-0.0031121250467449975,1.0232453377462332,NA
H33,1,2,L2L 7th/8th,8,NA,128,NA,NA,NA,2,4,NA,3,"Hindi, Marathi",Yes,Yes,Yes,Selection,FCT-24,0,NA,NA,NA,NA,NA,NA,NA,DOM,Masculine,NA,NA,NA,NA,L2L,7th/8th,Early,Yes,6,36,164,2026,0,0.3333333333333333,NA,NA,-0.0031121250467449975,1.0232453377462332,NA
H33,1,2,L2L 7th/8th,8,NA,128,NA,NA,NA,2,4,NA,3,"Hindi, Marathi",Yes,Yes,Yes,Selection,FCT-27,1,NA,NA,NA,NA,NA,NA,NA,DOM,Feminine,Singular,NA,NA,NA,L2L,7th/8th,Early,Yes,6,36,164,2026,1,0.3333333333333333,NA,NA,-0.0031121250467449975,1.0232453377462332,NA
H34,1,1,L2L 4th/5th,5,11,132,NA,NA,NA,2,4,3,8,Sinhala,Yes,Yes,Yes,Selection,FCT-01,0,NA,NA,NA,NA,NA,NA,NA,DOM,Masculine,NA,NA,NA,NA,L2L,4th/5th,Early,Yes,6,0,132,2023,0,0.3333333333333333,NA,NA,0.1500726382145488,-0.10735025963988762,NA
H34,1,1,L2L 4th/5th,5,11,132,NA,NA,NA,2,4,3,8,Sinhala,Yes,Yes,Yes,Selection,FCT-04,1,NA,NA,NA,NA,NA,NA,NA,DOM,Feminine,Singular,NA,NA,NA,L2L,4th/5th,Early,Yes,6,0,132,2023,1,0.3333333333333333,NA,NA,0.1500726382145488,-0.10735025963988762,NA
H34,1,1,L2L 4th/5th,5,11,132,NA,NA,NA,2,4,3,8,Sinhala,Yes,Yes,Yes,Selection,FCT-08,0,NA,NA,NA,NA,NA,NA,NA,DOM,Masculine,NA,NA,NA,NA,L2L,4th/5th,Early,Yes,6,0,132,2023,0,0.3333333333333333,NA,NA,0.1500726382145488,-0.10735025963988762,NA
H34,1,1,L2L 4th/5th,5,11,132,NA,NA,NA,2,4,3,8,Sinhala,Yes,Yes,Yes,Selection,FCT-12,0,NA,NA,NA,NA,NA,NA,NA,DOM,Feminine,Singular,NA,NA,NA,L2L,4th/5th,Early,Yes,6,0,132,2023,0,0.3333333333333333,NA,NA,0.1500726382145488,-0.10735025963988762,NA
H34,1,1,L2L 4th/5th,5,11,132,NA,NA,NA,2,4,3,8,Sinhala,Yes,Yes,Yes,Selection,FCT-16,0,NA,NA,NA,NA,NA,NA,NA,DOM,Masculine,NA,NA,NA,NA,L2L,4th/5th,Early,Yes,6,0,132,2023,0,0.3333333333333333,NA,NA,0.1500726382145488,-0.10735025963988762,NA
H34,1,1,L2L 4th/5th,5,11,132,NA,NA,NA,2,4,3,8,Sinhala,Yes,Yes,Yes,Selection,FCT-20,0,NA,NA,NA,NA,NA,NA,NA,DOM,Feminine,Singular,NA,NA,NA,L2L,4th/5th,Early,Yes,6,0,132,2023,0,0.3333333333333333,NA,NA,0.1500726382145488,-0.10735025963988762,NA
H34,1,1,L2L 4th/5th,5,11,132,NA,NA,NA,2,4,3,8,Sinhala,Yes,Yes,Yes,Selection,FCT-24,0,NA,NA,NA,NA,NA,NA,NA,DOM,Masculine,NA,NA,NA,NA,L2L,4th/5th,Early,Yes,6,0,132,2023,0,0.3333333333333333,NA,NA,0.1500726382145488,-0.10735025963988762,NA
H34,1,1,L2L 4th/5th,5,11,132,NA,NA,NA,2,4,3,8,Sinhala,Yes,Yes,Yes,Selection,FCT-27,0,NA,NA,NA,NA,NA,NA,NA,DOM,Feminine,Singular,NA,NA,NA,L2L,4th/5th,Early,Yes,6,0,132,2023,0,0.3333333333333333,NA,NA,0.1500726382145488,-0.10735025963988762,NA
H34,1,2,L2L 7th/8th,8,11,132,NA,NA,NA,2,4,3,8,Sinhala,Yes,Yes,Yes,Selection,FCT-01,0,NA,NA,NA,NA,NA,NA,NA,DOM,Masculine,NA,NA,NA,NA,L2L,7th/8th,Early,Yes,6,36,168,2026,0,0.3333333333333333,NA,NA,0.1500726382145488,1.1645697874194985,NA
H34,1,2,L2L 7th/8th,8,11,132,NA,NA,NA,2,4,3,8,Sinhala,Yes,Yes,Yes,Selection,FCT-04,0,NA,NA,NA,NA,NA,NA,NA,DOM,Feminine,Singular,NA,NA,NA,L2L,7th/8th,Early,Yes,6,36,168,2026,0,0.3333333333333333,NA,NA,0.1500726382145488,1.1645697874194985,NA
H34,1,2,L2L 7th/8th,8,11,132,NA,NA,NA,2,4,3,8,Sinhala,Yes,Yes,Yes,Selection,FCT-08,1,NA,NA,NA,NA,NA,NA,NA,DOM,Masculine,NA,NA,NA,NA,L2L,7th/8th,Early,Yes,6,36,168,2026,1,0.3333333333333333,NA,NA,0.1500726382145488,1.1645697874194985,NA
H34,1,2,L2L 7th/8th,8,11,132,NA,NA,NA,2,4,3,8,Sinhala,Yes,Yes,Yes,Selection,FCT-12,0,NA,NA,NA,NA,NA,NA,NA,DOM,Feminine,Singular,NA,NA,NA,L2L,7th/8th,Early,Yes,6,36,168,2026,0,0.3333333333333333,NA,NA,0.1500726382145488,1.1645697874194985,NA
H34,1,2,L2L 7th/8th,8,11,132,NA,NA,NA,2,4,3,8,Sinhala,Yes,Yes,Yes,Selection,FCT-16,0,NA,NA,NA,NA,NA,NA,NA,DOM,Masculine,NA,NA,NA,NA,L2L,7th/8th,Early,Yes,6,36,168,2026,0,0.3333333333333333,NA,NA,0.1500726382145488,1.1645697874194985,NA
H34,1,2,L2L 7th/8th,8,11,132,NA,NA,NA,2,4,3,8,Sinhala,Yes,Yes,Yes,Selection,FCT-20,1,NA,NA,NA,NA,NA,NA,NA,DOM,Feminine,Singular,NA,NA,NA,L2L,7th/8th,Early,Yes,6,36,168,2026,1,0.3333333333333333,NA,NA,0.1500726382145488,1.1645697874194985,NA
H34,1,2,L2L 7th/8th,8,11,132,NA,NA,NA,2,4,3,8,Sinhala,Yes,Yes,Yes,Selection,FCT-24,0,NA,NA,NA,NA,NA,NA,NA,DOM,Masculine,NA,NA,NA,NA,L2L,7th/8th,Early,Yes,6,36,168,2026,0,0.3333333333333333,NA,NA,0.1500726382145488,1.1645697874194985,NA
H34,1,2,L2L 7th/8th,8,11,132,NA,NA,NA,2,4,3,8,Sinhala,Yes,Yes,Yes,Selection,FCT-27,0,NA,NA,NA,NA,NA,NA,NA,DOM,Feminine,Singular,NA,NA,NA,L2L,7th/8th,Early,Yes,6,36,168,2026,0,0.3333333333333333,NA,NA,0.1500726382145488,1.1645697874194985,NA
H35,1,1,L2L 4th/5th,5,NA,130,NA,NA,NA,2,2,NA,7,Romanian,Yes,Yes,Yes,Selection,FCT-01,1,NA,NA,NA,NA,NA,NA,NA,DOM,Masculine,NA,NA,NA,NA,L2L,4th/5th,Early,Yes,4,0,130,2023,1,0.5,NA,NA,0.0734802565839019,-0.17801248447652016,NA
H35,1,1,L2L 4th/5th,5,NA,130,NA,NA,NA,2,2,NA,7,Romanian,Yes,Yes,Yes,Selection,FCT-04,0,NA,NA,NA,NA,NA,NA,NA,DOM,Feminine,Singular,NA,NA,NA,L2L,4th/5th,Early,Yes,4,0,130,2023,0,0.5,NA,NA,0.0734802565839019,-0.17801248447652016,NA
H35,1,1,L2L 4th/5th,5,NA,130,NA,NA,NA,2,2,NA,7,Romanian,Yes,Yes,Yes,Selection,FCT-08,0,NA,NA,NA,NA,NA,NA,NA,DOM,Masculine,NA,NA,NA,NA,L2L,4th/5th,Early,Yes,4,0,130,2023,0,0.5,NA,NA,0.0734802565839019,-0.17801248447652016,NA
H35,1,1,L2L 4th/5th,5,NA,130,NA,NA,NA,2,2,NA,7,Romanian,Yes,Yes,Yes,Selection,FCT-12,1,NA,NA,NA,NA,NA,NA,NA,DOM,Feminine,Singular,NA,NA,NA,L2L,4th/5th,Early,Yes,4,0,130,2023,1,0.5,NA,NA,0.0734802565839019,-0.17801248447652016,NA
H35,1,1,L2L 4th/5th,5,NA,130,NA,NA,NA,2,2,NA,7,Romanian,Yes,Yes,Yes,Selection,FCT-16,1,NA,NA,NA,NA,NA,NA,NA,DOM,Masculine,NA,NA,NA,NA,L2L,4th/5th,Early,Yes,4,0,130,2023,1,0.5,NA,NA,0.0734802565839019,-0.17801248447652016,NA
H35,1,1,L2L 4th/5th,5,NA,130,NA,NA,NA,2,2,NA,7,Romanian,Yes,Yes,Yes,Selection,FCT-20,0,NA,NA,NA,NA,NA,NA,NA,DOM,Feminine,Singular,NA,NA,NA,L2L,4th/5th,Early,Yes,4,0,130,2023,0,0.5,NA,NA,0.0734802565839019,-0.17801248447652016,NA
H35,1,1,L2L 4th/5th,5,NA,130,NA,NA,NA,2,2,NA,7,Romanian,Yes,Yes,Yes,Selection,FCT-24,0,NA,NA,NA,NA,NA,NA,NA,DOM,Masculine,NA,NA,NA,NA,L2L,4th/5th,Early,Yes,4,0,130,2023,0,0.5,NA,NA,0.0734802565839019,-0.17801248447652016,NA
H35,1,1,L2L 4th/5th,5,NA,130,NA,NA,NA,2,2,NA,7,Romanian,Yes,Yes,Yes,Selection,FCT-27,0,NA,NA,NA,NA,NA,NA,NA,DOM,Feminine,Singular,NA,NA,NA,L2L,4th/5th,Early,Yes,4,0,130,2023,0,0.5,NA,NA,0.0734802565839019,-0.17801248447652016,NA
H35,1,2,L2L 7th/8th,8,NA,130,NA,NA,NA,2,2,NA,7,Romanian,Yes,Yes,Yes,Selection,FCT-01,0,NA,NA,NA,NA,NA,NA,NA,DOM,Masculine,NA,NA,NA,NA,L2L,7th/8th,Early,Yes,4,36,166,2026,0,0.5,NA,NA,0.0734802565839019,1.0939075625828658,NA
H35,1,2,L2L 7th/8th,8,NA,130,NA,NA,NA,2,2,NA,7,Romanian,Yes,Yes,Yes,Selection,FCT-04,0,NA,NA,NA,NA,NA,NA,NA,DOM,Feminine,Singular,NA,NA,NA,L2L,7th/8th,Early,Yes,4,36,166,2026,0,0.5,NA,NA,0.0734802565839019,1.0939075625828658,NA
H35,1,2,L2L 7th/8th,8,NA,130,NA,NA,NA,2,2,NA,7,Romanian,Yes,Yes,Yes,Selection,FCT-08,1,NA,NA,NA,NA,NA,NA,NA,DOM,Masculine,NA,NA,NA,NA,L2L,7th/8th,Early,Yes,4,36,166,2026,1,0.5,NA,NA,0.0734802565839019,1.0939075625828658,NA
H35,1,2,L2L 7th/8th,8,NA,130,NA,NA,NA,2,2,NA,7,Romanian,Yes,Yes,Yes,Selection,FCT-12,1,NA,NA,NA,NA,NA,NA,NA,DOM,Feminine,Singular,NA,NA,NA,L2L,7th/8th,Early,Yes,4,36,166,2026,1,0.5,NA,NA,0.0734802565839019,1.0939075625828658,NA
H35,1,2,L2L 7th/8th,8,NA,130,NA,NA,NA,2,2,NA,7,Romanian,Yes,Yes,Yes,Selection,FCT-16,0,NA,NA,NA,NA,NA,NA,NA,DOM,Masculine,NA,NA,NA,NA,L2L,7th/8th,Early,Yes,4,36,166,2026,0,0.5,NA,NA,0.0734802565839019,1.0939075625828658,NA
H35,1,2,L2L 7th/8th,8,NA,130,NA,NA,NA,2,2,NA,7,Romanian,Yes,Yes,Yes,Selection,FCT-20,1,NA,NA,NA,NA,NA,NA,NA,DOM,Feminine,Singular,NA,NA,NA,L2L,7th/8th,Early,Yes,4,36,166,2026,1,0.5,NA,NA,0.0734802565839019,1.0939075625828658,NA
H35,1,2,L2L 7th/8th,8,NA,130,NA,NA,NA,2,2,NA,7,Romanian,Yes,Yes,Yes,Selection,FCT-24,1,NA,NA,NA,NA,NA,NA,NA,DOM,Masculine,NA,NA,NA,NA,L2L,7th/8th,Early,Yes,4,36,166,2026,1,0.5,NA,NA,0.0734802565839019,1.0939075625828658,NA
H35,1,2,L2L 7th/8th,8,NA,130,NA,NA,NA,2,2,NA,7,Romanian,Yes,Yes,Yes,Selection,FCT-27,1,NA,NA,NA,NA,NA,NA,NA,DOM,Feminine,Singular,NA,NA,NA,L2L,7th/8th,Early,Yes,4,36,166,2026,1,0.5,NA,NA,0.0734802565839019,1.0939075625828658,NA
H36,1,1,L2L 7th/8th,7,NA,155,NA,NA,NA,2,4,NA,3,L2 learner,L2,L2,L2,Selection,FCT-01,0,NA,NA,NA,NA,NA,NA,NA,DOM,Masculine,NA,NA,NA,NA,L2L,7th/8th,Early,Yes,6,0,155,2023,0,0.3333333333333333,NA,NA,1.0308850269669882,0.7052653259813868,NA
H36,1,1,L2L 7th/8th,7,NA,155,NA,NA,NA,2,4,NA,3,L2 learner,L2,L2,L2,Selection,FCT-04,1,NA,NA,NA,NA,NA,NA,NA,DOM,Feminine,Singular,NA,NA,NA,L2L,7th/8th,Early,Yes,6,0,155,2023,1,0.3333333333333333,NA,NA,1.0308850269669882,0.7052653259813868,NA
H36,1,1,L2L 7th/8th,7,NA,155,NA,NA,NA,2,4,NA,3,L2 learner,L2,L2,L2,Selection,FCT-08,1,NA,NA,NA,NA,NA,NA,NA,DOM,Masculine,NA,NA,NA,NA,L2L,7th/8th,Early,Yes,6,0,155,2023,1,0.3333333333333333,NA,NA,1.0308850269669882,0.7052653259813868,NA
H36,1,1,L2L 7th/8th,7,NA,155,NA,NA,NA,2,4,NA,3,L2 learner,L2,L2,L2,Selection,FCT-12,1,NA,NA,NA,NA,NA,NA,NA,DOM,Feminine,Singular,NA,NA,NA,L2L,7th/8th,Early,Yes,6,0,155,2023,1,0.3333333333333333,NA,NA,1.0308850269669882,0.7052653259813868,NA
H36,1,1,L2L 7th/8th,7,NA,155,NA,NA,NA,2,4,NA,3,L2 learner,L2,L2,L2,Selection,FCT-16,0,NA,NA,NA,NA,NA,NA,NA,DOM,Masculine,NA,NA,NA,NA,L2L,7th/8th,Early,Yes,6,0,155,2023,0,0.3333333333333333,NA,NA,1.0308850269669882,0.7052653259813868,NA
H36,1,1,L2L 7th/8th,7,NA,155,NA,NA,NA,2,4,NA,3,L2 learner,L2,L2,L2,Selection,FCT-20,1,NA,NA,NA,NA,NA,NA,NA,DOM,Feminine,Singular,NA,NA,NA,L2L,7th/8th,Early,Yes,6,0,155,2023,1,0.3333333333333333,NA,NA,1.0308850269669882,0.7052653259813868,NA
H36,1,1,L2L 7th/8th,7,NA,155,NA,NA,NA,2,4,NA,3,L2 learner,L2,L2,L2,Selection,FCT-24,1,NA,NA,NA,NA,NA,NA,NA,DOM,Masculine,NA,NA,NA,NA,L2L,7th/8th,Early,Yes,6,0,155,2023,1,0.3333333333333333,NA,NA,1.0308850269669882,0.7052653259813868,NA
H36,1,1,L2L 7th/8th,7,NA,155,NA,NA,NA,2,4,NA,3,L2 learner,L2,L2,L2,Selection,FCT-27,1,NA,NA,NA,NA,NA,NA,NA,DOM,Feminine,Singular,NA,NA,NA,L2L,7th/8th,Early,Yes,6,0,155,2023,1,0.3333333333333333,NA,NA,1.0308850269669882,0.7052653259813868,NA
H37,1,1,L2L 7th/8th,8,NA,174,NA,NA,NA,3,3,NA,3,L2 learner,L2,L2,L2,Selection,FCT-01,1,NA,NA,NA,NA,NA,NA,NA,DOM,Masculine,NA,NA,NA,NA,L2L,7th/8th,Early,Yes,6,0,174,2023,1,0.5,NA,NA,1.7585126524581336,1.376556461929396,NA
H37,1,1,L2L 7th/8th,8,NA,174,NA,NA,NA,3,3,NA,3,L2 learner,L2,L2,L2,Selection,FCT-04,1,NA,NA,NA,NA,NA,NA,NA,DOM,Feminine,Singular,NA,NA,NA,L2L,7th/8th,Early,Yes,6,0,174,2023,1,0.5,NA,NA,1.7585126524581336,1.376556461929396,NA
H37,1,1,L2L 7th/8th,8,NA,174,NA,NA,NA,3,3,NA,3,L2 learner,L2,L2,L2,Selection,FCT-08,1,NA,NA,NA,NA,NA,NA,NA,DOM,Masculine,NA,NA,NA,NA,L2L,7th/8th,Early,Yes,6,0,174,2023,1,0.5,NA,NA,1.7585126524581336,1.376556461929396,NA
H37,1,1,L2L 7th/8th,8,NA,174,NA,NA,NA,3,3,NA,3,L2 learner,L2,L2,L2,Selection,FCT-12,0,NA,NA,NA,NA,NA,NA,NA,DOM,Feminine,Singular,NA,NA,NA,L2L,7th/8th,Early,Yes,6,0,174,2023,0,0.5,NA,NA,1.7585126524581336,1.376556461929396,NA
H37,1,1,L2L 7th/8th,8,NA,174,NA,NA,NA,3,3,NA,3,L2 learner,L2,L2,L2,Selection,FCT-16,0,NA,NA,NA,NA,NA,NA,NA,DOM,Masculine,NA,NA,NA,NA,L2L,7th/8th,Early,Yes,6,0,174,2023,0,0.5,NA,NA,1.7585126524581336,1.376556461929396,NA
H37,1,1,L2L 7th/8th,8,NA,174,NA,NA,NA,3,3,NA,3,L2 learner,L2,L2,L2,Selection,FCT-20,1,NA,NA,NA,NA,NA,NA,NA,DOM,Feminine,Singular,NA,NA,NA,L2L,7th/8th,Early,Yes,6,0,174,2023,1,0.5,NA,NA,1.7585126524581336,1.376556461929396,NA
H37,1,1,L2L 7th/8th,8,NA,174,NA,NA,NA,3,3,NA,3,L2 learner,L2,L2,L2,Selection,FCT-24,0,NA,NA,NA,NA,NA,NA,NA,DOM,Masculine,NA,NA,NA,NA,L2L,7th/8th,Early,Yes,6,0,174,2023,0,0.5,NA,NA,1.7585126524581336,1.376556461929396,NA
H37,1,1,L2L 7th/8th,8,NA,174,NA,NA,NA,3,3,NA,3,L2 learner,L2,L2,L2,Selection,FCT-27,0,NA,NA,NA,NA,NA,NA,NA,DOM,Feminine,Singular,NA,NA,NA,L2L,7th/8th,Early,Yes,6,0,174,2023,0,0.5,NA,NA,1.7585126524581336,1.376556461929396,NA
H38,1,1,HS 7th/8th,7,NA,159,NA,NA,NA,2,5,NA,8,Heritage Spanish,NA,NA,NA,Selection,FCT-01,0,NA,NA,NA,NA,NA,NA,NA,DOM,Masculine,NA,NA,NA,NA,HS,7th/8th,Early,Yes,7,0,159,2023,0,0.2857142857142857,NA,NA,1.184069790228282,0.8465897756546519,NA
H38,1,1,HS 7th/8th,7,NA,159,NA,NA,NA,2,5,NA,8,Heritage Spanish,NA,NA,NA,Selection,FCT-04,1,NA,NA,NA,NA,NA,NA,NA,DOM,Feminine,Singular,NA,NA,NA,HS,7th/8th,Early,Yes,7,0,159,2023,1,0.2857142857142857,NA,NA,1.184069790228282,0.8465897756546519,NA
H38,1,1,HS 7th/8th,7,NA,159,NA,NA,NA,2,5,NA,8,Heritage Spanish,NA,NA,NA,Selection,FCT-08,1,NA,NA,NA,NA,NA,NA,NA,DOM,Masculine,NA,NA,NA,NA,HS,7th/8th,Early,Yes,7,0,159,2023,1,0.2857142857142857,NA,NA,1.184069790228282,0.8465897756546519,NA
H38,1,1,HS 7th/8th,7,NA,159,NA,NA,NA,2,5,NA,8,Heritage Spanish,NA,NA,NA,Selection,FCT-12,1,NA,NA,NA,NA,NA,NA,NA,DOM,Feminine,Singular,NA,NA,NA,HS,7th/8th,Early,Yes,7,0,159,2023,1,0.2857142857142857,NA,NA,1.184069790228282,0.8465897756546519,NA
H38,1,1,HS 7th/8th,7,NA,159,NA,NA,NA,2,5,NA,8,Heritage Spanish,NA,NA,NA,Selection,FCT-16,1,NA,NA,NA,NA,NA,NA,NA,DOM,Masculine,NA,NA,NA,NA,HS,7th/8th,Early,Yes,7,0,159,2023,1,0.2857142857142857,NA,NA,1.184069790228282,0.8465897756546519,NA
H38,1,1,HS 7th/8th,7,NA,159,NA,NA,NA,2,5,NA,8,Heritage Spanish,NA,NA,NA,Selection,FCT-20,1,NA,NA,NA,NA,NA,NA,NA,DOM,Feminine,Singular,NA,NA,NA,HS,7th/8th,Early,Yes,7,0,159,2023,1,0.2857142857142857,NA,NA,1.184069790228282,0.8465897756546519,NA
H38,1,1,HS 7th/8th,7,NA,159,NA,NA,NA,2,5,NA,8,Heritage Spanish,NA,NA,NA,Selection,FCT-24,1,NA,NA,NA,NA,NA,NA,NA,DOM,Masculine,NA,NA,NA,NA,HS,7th/8th,Early,Yes,7,0,159,2023,1,0.2857142857142857,NA,NA,1.184069790228282,0.8465897756546519,NA
H38,1,1,HS 7th/8th,7,NA,159,NA,NA,NA,2,5,NA,8,Heritage Spanish,NA,NA,NA,Selection,FCT-27,1,NA,NA,NA,NA,NA,NA,NA,DOM,Feminine,Singular,NA,NA,NA,HS,7th/8th,Early,Yes,7,0,159,2023,1,0.2857142857142857,NA,NA,1.184069790228282,0.8465897756546519,NA
H39,1,1,L2L 7th/8th,7,NA,159,NA,NA,NA,4,3,NA,8,L2 learner,L2,L2,L2,Selection,FCT-01,1,NA,NA,NA,NA,NA,NA,NA,DOM,Masculine,NA,NA,NA,NA,L2L,7th/8th,Early,Yes,7,0,159,2023,1,0.5714285714285714,NA,NA,1.184069790228282,0.8465897756546519,NA
H39,1,1,L2L 7th/8th,7,NA,159,NA,NA,NA,4,3,NA,8,L2 learner,L2,L2,L2,Selection,FCT-04,0,NA,NA,NA,NA,NA,NA,NA,DOM,Feminine,Singular,NA,NA,NA,L2L,7th/8th,Early,Yes,7,0,159,2023,0,0.5714285714285714,NA,NA,1.184069790228282,0.8465897756546519,NA
H39,1,1,L2L 7th/8th,7,NA,159,NA,NA,NA,4,3,NA,8,L2 learner,L2,L2,L2,Selection,FCT-08,0,NA,NA,NA,NA,NA,NA,NA,DOM,Masculine,NA,NA,NA,NA,L2L,7th/8th,Early,Yes,7,0,159,2023,0,0.5714285714285714,NA,NA,1.184069790228282,0.8465897756546519,NA
H39,1,1,L2L 7th/8th,7,NA,159,NA,NA,NA,4,3,NA,8,L2 learner,L2,L2,L2,Selection,FCT-12,0,NA,NA,NA,NA,NA,NA,NA,DOM,Feminine,Singular,NA,NA,NA,L2L,7th/8th,Early,Yes,7,0,159,2023,0,0.5714285714285714,NA,NA,1.184069790228282,0.8465897756546519,NA
H39,1,1,L2L 7th/8th,7,NA,159,NA,NA,NA,4,3,NA,8,L2 learner,L2,L2,L2,Selection,FCT-16,1,NA,NA,NA,NA,NA,NA,NA,DOM,Masculine,NA,NA,NA,NA,L2L,7th/8th,Early,Yes,7,0,159,2023,1,0.5714285714285714,NA,NA,1.184069790228282,0.8465897756546519,NA
H39,1,1,L2L 7th/8th,7,NA,159,NA,NA,NA,4,3,NA,8,L2 learner,L2,L2,L2,Selection,FCT-20,0,NA,NA,NA,NA,NA,NA,NA,DOM,Feminine,Singular,NA,NA,NA,L2L,7th/8th,Early,Yes,7,0,159,2023,0,0.5714285714285714,NA,NA,1.184069790228282,0.8465897756546519,NA
H39,1,1,L2L 7th/8th,7,NA,159,NA,NA,NA,4,3,NA,8,L2 learner,L2,L2,L2,Selection,FCT-24,0,NA,NA,NA,NA,NA,NA,NA,DOM,Masculine,NA,NA,NA,NA,L2L,7th/8th,Early,Yes,7,0,159,2023,0,0.5714285714285714,NA,NA,1.184069790228282,0.8465897756546519,NA
H39,1,1,L2L 7th/8th,7,NA,159,NA,NA,NA,4,3,NA,8,L2 learner,L2,L2,L2,Selection,FCT-27,1,NA,NA,NA,NA,NA,NA,NA,DOM,Feminine,Singular,NA,NA,NA,L2L,7th/8th,Early,Yes,7,0,159,2023,1,0.5714285714285714,NA,NA,1.184069790228282,0.8465897756546519,NA
H40,1,1,L2L 7th/8th,7,NA,155,NA,NA,NA,4,4,NA,8,Sinhala,Yes,Yes,Yes,Selection,FCT-01,1,NA,NA,NA,NA,NA,NA,NA,DOM,Masculine,NA,NA,NA,NA,L2L,7th/8th,Early,Yes,8,0,155,2023,1,0.5,NA,NA,1.0308850269669882,0.7052653259813868,NA
H40,1,1,L2L 7th/8th,7,NA,155,NA,NA,NA,4,4,NA,8,Sinhala,Yes,Yes,Yes,Selection,FCT-04,1,NA,NA,NA,NA,NA,NA,NA,DOM,Feminine,Singular,NA,NA,NA,L2L,7th/8th,Early,Yes,8,0,155,2023,1,0.5,NA,NA,1.0308850269669882,0.7052653259813868,NA
H40,1,1,L2L 7th/8th,7,NA,155,NA,NA,NA,4,4,NA,8,Sinhala,Yes,Yes,Yes,Selection,FCT-08,1,NA,NA,NA,NA,NA,NA,NA,DOM,Masculine,NA,NA,NA,NA,L2L,7th/8th,Early,Yes,8,0,155,2023,1,0.5,NA,NA,1.0308850269669882,0.7052653259813868,NA
H40,1,1,L2L 7th/8th,7,NA,155,NA,NA,NA,4,4,NA,8,Sinhala,Yes,Yes,Yes,Selection,FCT-12,0,NA,NA,NA,NA,NA,NA,NA,DOM,Feminine,Singular,NA,NA,NA,L2L,7th/8th,Early,Yes,8,0,155,2023,0,0.5,NA,NA,1.0308850269669882,0.7052653259813868,NA
H40,1,1,L2L 7th/8th,7,NA,155,NA,NA,NA,4,4,NA,8,Sinhala,Yes,Yes,Yes,Selection,FCT-16,0,NA,NA,NA,NA,NA,NA,NA,DOM,Masculine,NA,NA,NA,NA,L2L,7th/8th,Early,Yes,8,0,155,2023,0,0.5,NA,NA,1.0308850269669882,0.7052653259813868,NA
H40,1,1,L2L 7th/8th,7,NA,155,NA,NA,NA,4,4,NA,8,Sinhala,Yes,Yes,Yes,Selection,FCT-20,1,NA,NA,NA,NA,NA,NA,NA,DOM,Feminine,Singular,NA,NA,NA,L2L,7th/8th,Early,Yes,8,0,155,2023,1,0.5,NA,NA,1.0308850269669882,0.7052653259813868,NA
H40,1,1,L2L 7th/8th,7,NA,155,NA,NA,NA,4,4,NA,8,Sinhala,Yes,Yes,Yes,Selection,FCT-24,0,NA,NA,NA,NA,NA,NA,NA,DOM,Masculine,NA,NA,NA,NA,L2L,7th/8th,Early,Yes,8,0,155,2023,0,0.5,NA,NA,1.0308850269669882,0.7052653259813868,NA
H40,1,1,L2L 7th/8th,7,NA,155,NA,NA,NA,4,4,NA,8,Sinhala,Yes,Yes,Yes,Selection,FCT-27,0,NA,NA,NA,NA,NA,NA,NA,DOM,Feminine,Singular,NA,NA,NA,L2L,7th/8th,Early,Yes,8,0,155,2023,0,0.5,NA,NA,1.0308850269669882,0.7052653259813868,NA
H41,1,1,L2L 4th/5th,5,NA,139,NA,NA,NA,2,1,NA,7,L2 learner,L2,L2,L2,Selection,FCT-01,0,NA,NA,NA,NA,NA,NA,NA,DOM,Masculine,NA,NA,NA,NA,L2L,4th/5th,Early,Yes,3,0,139,2023,0,0.6666666666666666,NA,NA,0.41814597392181296,0.13996752728832632,NA
H41,1,1,L2L 4th/5th,5,NA,139,NA,NA,NA,2,1,NA,7,L2 learner,L2,L2,L2,Selection,FCT-04,1,NA,NA,NA,NA,NA,NA,NA,DOM,Feminine,Singular,NA,NA,NA,L2L,4th/5th,Early,Yes,3,0,139,2023,1,0.6666666666666666,NA,NA,0.41814597392181296,0.13996752728832632,NA
H41,1,1,L2L 4th/5th,5,NA,139,NA,NA,NA,2,1,NA,7,L2 learner,L2,L2,L2,Selection,FCT-08,1,NA,NA,NA,NA,NA,NA,NA,DOM,Masculine,NA,NA,NA,NA,L2L,4th/5th,Early,Yes,3,0,139,2023,1,0.6666666666666666,NA,NA,0.41814597392181296,0.13996752728832632,NA
H41,1,1,L2L 4th/5th,5,NA,139,NA,NA,NA,2,1,NA,7,L2 learner,L2,L2,L2,Selection,FCT-12,0,NA,NA,NA,NA,NA,NA,NA,DOM,Feminine,Singular,NA,NA,NA,L2L,4th/5th,Early,Yes,3,0,139,2023,0,0.6666666666666666,NA,NA,0.41814597392181296,0.13996752728832632,NA
H41,1,1,L2L 4th/5th,5,NA,139,NA,NA,NA,2,1,NA,7,L2 learner,L2,L2,L2,Selection,FCT-16,0,NA,NA,NA,NA,NA,NA,NA,DOM,Masculine,NA,NA,NA,NA,L2L,4th/5th,Early,Yes,3,0,139,2023,0,0.6666666666666666,NA,NA,0.41814597392181296,0.13996752728832632,NA
H41,1,1,L2L 4th/5th,5,NA,139,NA,NA,NA,2,1,NA,7,L2 learner,L2,L2,L2,Selection,FCT-20,1,NA,NA,NA,NA,NA,NA,NA,DOM,Feminine,Singular,NA,NA,NA,L2L,4th/5th,Early,Yes,3,0,139,2023,1,0.6666666666666666,NA,NA,0.41814597392181296,0.13996752728832632,NA
H41,1,1,L2L 4th/5th,5,NA,139,NA,NA,NA,2,1,NA,7,L2 learner,L2,L2,L2,Selection,FCT-24,0,NA,NA,NA,NA,NA,NA,NA,DOM,Masculine,NA,NA,NA,NA,L2L,4th/5th,Early,Yes,3,0,139,2023,0,0.6666666666666666,NA,NA,0.41814597392181296,0.13996752728832632,NA
H41,1,1,L2L 4th/5th,5,NA,139,NA,NA,NA,2,1,NA,7,L2 learner,L2,L2,L2,Selection,FCT-27,1,NA,NA,NA,NA,NA,NA,NA,DOM,Feminine,Singular,NA,NA,NA,L2L,4th/5th,Early,Yes,3,0,139,2023,1,0.6666666666666666,NA,NA,0.41814597392181296,0.13996752728832632,NA
H41,1,2,L2L 7th/8th,8,NA,139,NA,NA,NA,2,1,NA,7,L2 learner,L2,L2,L2,Selection,FCT-01,0,NA,NA,NA,NA,NA,NA,NA,DOM,Masculine,NA,NA,NA,NA,L2L,7th/8th,Early,Yes,3,36,175,2026,0,0.6666666666666666,NA,NA,0.41814597392181296,1.4118875743477124,NA
H41,1,2,L2L 7th/8th,8,NA,139,NA,NA,NA,2,1,NA,7,L2 learner,L2,L2,L2,Selection,FCT-04,0,NA,NA,NA,NA,NA,NA,NA,DOM,Feminine,Singular,NA,NA,NA,L2L,7th/8th,Early,Yes,3,36,175,2026,0,0.6666666666666666,NA,NA,0.41814597392181296,1.4118875743477124,NA
H41,1,2,L2L 7th/8th,8,NA,139,NA,NA,NA,2,1,NA,7,L2 learner,L2,L2,L2,Selection,FCT-08,1,NA,NA,NA,NA,NA,NA,NA,DOM,Masculine,NA,NA,NA,NA,L2L,7th/8th,Early,Yes,3,36,175,2026,1,0.6666666666666666,NA,NA,0.41814597392181296,1.4118875743477124,NA
H41,1,2,L2L 7th/8th,8,NA,139,NA,NA,NA,2,1,NA,7,L2 learner,L2,L2,L2,Selection,FCT-12,1,NA,NA,NA,NA,NA,NA,NA,DOM,Feminine,Singular,NA,NA,NA,L2L,7th/8th,Early,Yes,3,36,175,2026,1,0.6666666666666666,NA,NA,0.41814597392181296,1.4118875743477124,NA
H41,1,2,L2L 7th/8th,8,NA,139,NA,NA,NA,2,1,NA,7,L2 learner,L2,L2,L2,Selection,FCT-16,1,NA,NA,NA,NA,NA,NA,NA,DOM,Masculine,NA,NA,NA,NA,L2L,7th/8th,Early,Yes,3,36,175,2026,1,0.6666666666666666,NA,NA,0.41814597392181296,1.4118875743477124,NA
H41,1,2,L2L 7th/8th,8,NA,139,NA,NA,NA,2,1,NA,7,L2 learner,L2,L2,L2,Selection,FCT-20,0,NA,NA,NA,NA,NA,NA,NA,DOM,Feminine,Singular,NA,NA,NA,L2L,7th/8th,Early,Yes,3,36,175,2026,0,0.6666666666666666,NA,NA,0.41814597392181296,1.4118875743477124,NA
H41,1,2,L2L 7th/8th,8,NA,139,NA,NA,NA,2,1,NA,7,L2 learner,L2,L2,L2,Selection,FCT-24,1,NA,NA,NA,NA,NA,NA,NA,DOM,Masculine,NA,NA,NA,NA,L2L,7th/8th,Early,Yes,3,36,175,2026,1,0.6666666666666666,NA,NA,0.41814597392181296,1.4118875743477124,NA
H41,1,2,L2L 7th/8th,8,NA,139,NA,NA,NA,2,1,NA,7,L2 learner,L2,L2,L2,Selection,FCT-27,1,NA,NA,NA,NA,NA,NA,NA,DOM,Feminine,Singular,NA,NA,NA,L2L,7th/8th,Early,Yes,3,36,175,2026,1,0.6666666666666666,NA,NA,0.41814597392181296,1.4118875743477124,NA
H42,1,1,L2L 4th/5th,5,NA,132,NA,NA,NA,2,5,NA,3,Mandarin,Yes,No,No,Selection,FCT-01,1,NA,NA,NA,NA,NA,NA,NA,DOM,Masculine,NA,NA,NA,NA,L2L,4th/5th,Early,Yes,7,0,132,2023,1,0.2857142857142857,NA,NA,0.1500726382145488,-0.10735025963988762,NA
H42,1,1,L2L 4th/5th,5,NA,132,NA,NA,NA,2,5,NA,3,Mandarin,Yes,No,No,Selection,FCT-04,1,NA,NA,NA,NA,NA,NA,NA,DOM,Feminine,Singular,NA,NA,NA,L2L,4th/5th,Early,Yes,7,0,132,2023,1,0.2857142857142857,NA,NA,0.1500726382145488,-0.10735025963988762,NA
H42,1,1,L2L 4th/5th,5,NA,132,NA,NA,NA,2,5,NA,3,Mandarin,Yes,No,No,Selection,FCT-08,0,NA,NA,NA,NA,NA,NA,NA,DOM,Masculine,NA,NA,NA,NA,L2L,4th/5th,Early,Yes,7,0,132,2023,0,0.2857142857142857,NA,NA,0.1500726382145488,-0.10735025963988762,NA
H42,1,1,L2L 4th/5th,5,NA,132,NA,NA,NA,2,5,NA,3,Mandarin,Yes,No,No,Selection,FCT-12,0,NA,NA,NA,NA,NA,NA,NA,DOM,Feminine,Singular,NA,NA,NA,L2L,4th/5th,Early,Yes,7,0,132,2023,0,0.2857142857142857,NA,NA,0.1500726382145488,-0.10735025963988762,NA
H42,1,1,L2L 4th/5th,5,NA,132,NA,NA,NA,2,5,NA,3,Mandarin,Yes,No,No,Selection,FCT-16,0,NA,NA,NA,NA,NA,NA,NA,DOM,Masculine,NA,NA,NA,NA,L2L,4th/5th,Early,Yes,7,0,132,2023,0,0.2857142857142857,NA,NA,0.1500726382145488,-0.10735025963988762,NA
H42,1,1,L2L 4th/5th,5,NA,132,NA,NA,NA,2,5,NA,3,Mandarin,Yes,No,No,Selection,FCT-20,1,NA,NA,NA,NA,NA,NA,NA,DOM,Feminine,Singular,NA,NA,NA,L2L,4th/5th,Early,Yes,7,0,132,2023,1,0.2857142857142857,NA,NA,0.1500726382145488,-0.10735025963988762,NA
H42,1,1,L2L 4th/5th,5,NA,132,NA,NA,NA,2,5,NA,3,Mandarin,Yes,No,No,Selection,FCT-24,0,NA,NA,NA,NA,NA,NA,NA,DOM,Masculine,NA,NA,NA,NA,L2L,4th/5th,Early,Yes,7,0,132,2023,0,0.2857142857142857,NA,NA,0.1500726382145488,-0.10735025963988762,NA
H42,1,1,L2L 4th/5th,5,NA,132,NA,NA,NA,2,5,NA,3,Mandarin,Yes,No,No,Selection,FCT-27,0,NA,NA,NA,NA,NA,NA,NA,DOM,Feminine,Singular,NA,NA,NA,L2L,4th/5th,Early,Yes,7,0,132,2023,0,0.2857142857142857,NA,NA,0.1500726382145488,-0.10735025963988762,NA
H42,1,2,L2L 7th/8th,8,NA,132,NA,NA,NA,2,5,NA,3,Mandarin,Yes,No,No,Selection,FCT-01,1,NA,NA,NA,NA,NA,NA,NA,DOM,Masculine,NA,NA,NA,NA,L2L,7th/8th,Early,Yes,7,36,168,2026,1,0.2857142857142857,NA,NA,0.1500726382145488,1.1645697874194985,NA
H42,1,2,L2L 7th/8th,8,NA,132,NA,NA,NA,2,5,NA,3,Mandarin,Yes,No,No,Selection,FCT-04,1,NA,NA,NA,NA,NA,NA,NA,DOM,Feminine,Singular,NA,NA,NA,L2L,7th/8th,Early,Yes,7,36,168,2026,1,0.2857142857142857,NA,NA,0.1500726382145488,1.1645697874194985,NA
H42,1,2,L2L 7th/8th,8,NA,132,NA,NA,NA,2,5,NA,3,Mandarin,Yes,No,No,Selection,FCT-08,1,NA,NA,NA,NA,NA,NA,NA,DOM,Masculine,NA,NA,NA,NA,L2L,7th/8th,Early,Yes,7,36,168,2026,1,0.2857142857142857,NA,NA,0.1500726382145488,1.1645697874194985,NA
H42,1,2,L2L 7th/8th,8,NA,132,NA,NA,NA,2,5,NA,3,Mandarin,Yes,No,No,Selection,FCT-12,1,NA,NA,NA,NA,NA,NA,NA,DOM,Feminine,Singular,NA,NA,NA,L2L,7th/8th,Early,Yes,7,36,168,2026,1,0.2857142857142857,NA,NA,0.1500726382145488,1.1645697874194985,NA
H42,1,2,L2L 7th/8th,8,NA,132,NA,NA,NA,2,5,NA,3,Mandarin,Yes,No,No,Selection,FCT-16,1,NA,NA,NA,NA,NA,NA,NA,DOM,Masculine,NA,NA,NA,NA,L2L,7th/8th,Early,Yes,7,36,168,2026,1,0.2857142857142857,NA,NA,0.1500726382145488,1.1645697874194985,NA
H42,1,2,L2L 7th/8th,8,NA,132,NA,NA,NA,2,5,NA,3,Mandarin,Yes,No,No,Selection,FCT-20,1,NA,NA,NA,NA,NA,NA,NA,DOM,Feminine,Singular,NA,NA,NA,L2L,7th/8th,Early,Yes,7,36,168,2026,1,0.2857142857142857,NA,NA,0.1500726382145488,1.1645697874194985,NA
H42,1,2,L2L 7th/8th,8,NA,132,NA,NA,NA,2,5,NA,3,Mandarin,Yes,No,No,Selection,FCT-24,0,NA,NA,NA,NA,NA,NA,NA,DOM,Masculine,NA,NA,NA,NA,L2L,7th/8th,Early,Yes,7,36,168,2026,0,0.2857142857142857,NA,NA,0.1500726382145488,1.1645697874194985,NA
H42,1,2,L2L 7th/8th,8,NA,132,NA,NA,NA,2,5,NA,3,Mandarin,Yes,No,No,Selection,FCT-27,1,NA,NA,NA,NA,NA,NA,NA,DOM,Feminine,Singular,NA,NA,NA,L2L,7th/8th,Early,Yes,7,36,168,2026,1,0.2857142857142857,NA,NA,0.1500726382145488,1.1645697874194985,NA
H43,1,1,L2L 4th/5th,5,NA,136,NA,NA,NA,3,4,NA,8,L2 learner,L2,L2,L2,Selection,FCT-01,0,NA,NA,NA,NA,NA,NA,NA,DOM,Masculine,NA,NA,NA,NA,L2L,4th/5th,Early,Yes,7,0,136,2023,0,0.42857142857142855,NA,NA,0.3032574014758426,0.0339741900333775,NA
H43,1,1,L2L 4th/5th,5,NA,136,NA,NA,NA,3,4,NA,8,L2 learner,L2,L2,L2,Selection,FCT-04,1,NA,NA,NA,NA,NA,NA,NA,DOM,Feminine,Singular,NA,NA,NA,L2L,4th/5th,Early,Yes,7,0,136,2023,1,0.42857142857142855,NA,NA,0.3032574014758426,0.0339741900333775,NA
H43,1,1,L2L 4th/5th,5,NA,136,NA,NA,NA,3,4,NA,8,L2 learner,L2,L2,L2,Selection,FCT-08,0,NA,NA,NA,NA,NA,NA,NA,DOM,Masculine,NA,NA,NA,NA,L2L,4th/5th,Early,Yes,7,0,136,2023,0,0.42857142857142855,NA,NA,0.3032574014758426,0.0339741900333775,NA
H43,1,1,L2L 4th/5th,5,NA,136,NA,NA,NA,3,4,NA,8,L2 learner,L2,L2,L2,Selection,FCT-12,0,NA,NA,NA,NA,NA,NA,NA,DOM,Feminine,Singular,NA,NA,NA,L2L,4th/5th,Early,Yes,7,0,136,2023,0,0.42857142857142855,NA,NA,0.3032574014758426,0.0339741900333775,NA
H43,1,1,L2L 4th/5th,5,NA,136,NA,NA,NA,3,4,NA,8,L2 learner,L2,L2,L2,Selection,FCT-16,1,NA,NA,NA,NA,NA,NA,NA,DOM,Masculine,NA,NA,NA,NA,L2L,4th/5th,Early,Yes,7,0,136,2023,1,0.42857142857142855,NA,NA,0.3032574014758426,0.0339741900333775,NA
H43,1,1,L2L 4th/5th,5,NA,136,NA,NA,NA,3,4,NA,8,L2 learner,L2,L2,L2,Selection,FCT-20,0,NA,NA,NA,NA,NA,NA,NA,DOM,Feminine,Singular,NA,NA,NA,L2L,4th/5th,Early,Yes,7,0,136,2023,0,0.42857142857142855,NA,NA,0.3032574014758426,0.0339741900333775,NA
H43,1,1,L2L 4th/5th,5,NA,136,NA,NA,NA,3,4,NA,8,L2 learner,L2,L2,L2,Selection,FCT-24,1,NA,NA,NA,NA,NA,NA,NA,DOM,Masculine,NA,NA,NA,NA,L2L,4th/5th,Early,Yes,7,0,136,2023,1,0.42857142857142855,NA,NA,0.3032574014758426,0.0339741900333775,NA
H43,1,1,L2L 4th/5th,5,NA,136,NA,NA,NA,3,4,NA,8,L2 learner,L2,L2,L2,Selection,FCT-27,1,NA,NA,NA,NA,NA,NA,NA,DOM,Feminine,Singular,NA,NA,NA,L2L,4th/5th,Early,Yes,7,0,136,2023,1,0.42857142857142855,NA,NA,0.3032574014758426,0.0339741900333775,NA
H43,1,2,L2L 7th/8th,8,NA,136,NA,NA,NA,3,4,NA,8,L2 learner,L2,L2,L2,Selection,FCT-01,1,NA,NA,NA,NA,NA,NA,NA,DOM,Masculine,NA,NA,NA,NA,L2L,7th/8th,Early,Yes,7,36,172,2026,1,0.42857142857142855,NA,NA,0.3032574014758426,1.3058942370927635,NA
H43,1,2,L2L 7th/8th,8,NA,136,NA,NA,NA,3,4,NA,8,L2 learner,L2,L2,L2,Selection,FCT-04,1,NA,NA,NA,NA,NA,NA,NA,DOM,Feminine,Singular,NA,NA,NA,L2L,7th/8th,Early,Yes,7,36,172,2026,1,0.42857142857142855,NA,NA,0.3032574014758426,1.3058942370927635,NA
H43,1,2,L2L 7th/8th,8,NA,136,NA,NA,NA,3,4,NA,8,L2 learner,L2,L2,L2,Selection,FCT-08,1,NA,NA,NA,NA,NA,NA,NA,DOM,Masculine,NA,NA,NA,NA,L2L,7th/8th,Early,Yes,7,36,172,2026,1,0.42857142857142855,NA,NA,0.3032574014758426,1.3058942370927635,NA
H43,1,2,L2L 7th/8th,8,NA,136,NA,NA,NA,3,4,NA,8,L2 learner,L2,L2,L2,Selection,FCT-12,1,NA,NA,NA,NA,NA,NA,NA,DOM,Feminine,Singular,NA,NA,NA,L2L,7th/8th,Early,Yes,7,36,172,2026,1,0.42857142857142855,NA,NA,0.3032574014758426,1.3058942370927635,NA
H43,1,2,L2L 7th/8th,8,NA,136,NA,NA,NA,3,4,NA,8,L2 learner,L2,L2,L2,Selection,FCT-16,1,NA,NA,NA,NA,NA,NA,NA,DOM,Masculine,NA,NA,NA,NA,L2L,7th/8th,Early,Yes,7,36,172,2026,1,0.42857142857142855,NA,NA,0.3032574014758426,1.3058942370927635,NA
H43,1,2,L2L 7th/8th,8,NA,136,NA,NA,NA,3,4,NA,8,L2 learner,L2,L2,L2,Selection,FCT-20,1,NA,NA,NA,NA,NA,NA,NA,DOM,Feminine,Singular,NA,NA,NA,L2L,7th/8th,Early,Yes,7,36,172,2026,1,0.42857142857142855,NA,NA,0.3032574014758426,1.3058942370927635,NA
H43,1,2,L2L 7th/8th,8,NA,136,NA,NA,NA,3,4,NA,8,L2 learner,L2,L2,L2,Selection,FCT-24,1,NA,NA,NA,NA,NA,NA,NA,DOM,Masculine,NA,NA,NA,NA,L2L,7th/8th,Early,Yes,7,36,172,2026,1,0.42857142857142855,NA,NA,0.3032574014758426,1.3058942370927635,NA
H43,1,2,L2L 7th/8th,8,NA,136,NA,NA,NA,3,4,NA,8,L2 learner,L2,L2,L2,Selection,FCT-27,1,NA,NA,NA,NA,NA,NA,NA,DOM,Feminine,Singular,NA,NA,NA,L2L,7th/8th,Early,Yes,7,36,172,2026,1,0.42857142857142855,NA,NA,0.3032574014758426,1.3058942370927635,NA
H44,1,1,HS 4th/5th,5,NA,137,NA,NA,NA,2,6,NA,4,Heritage Spanish,NA,NA,NA,Selection,FCT-01,0,NA,NA,NA,NA,NA,NA,NA,DOM,Masculine,NA,NA,NA,NA,HS,4th/5th,Early,Yes,8,0,137,2023,0,0.25,NA,NA,0.34155359229116605,0.06930530245169376,NA
H44,1,1,HS 4th/5th,5,NA,137,NA,NA,NA,2,6,NA,4,Heritage Spanish,NA,NA,NA,Selection,FCT-04,1,NA,NA,NA,NA,NA,NA,NA,DOM,Feminine,Singular,NA,NA,NA,HS,4th/5th,Early,Yes,8,0,137,2023,1,0.25,NA,NA,0.34155359229116605,0.06930530245169376,NA
H44,1,1,HS 4th/5th,5,NA,137,NA,NA,NA,2,6,NA,4,Heritage Spanish,NA,NA,NA,Selection,FCT-08,0,NA,NA,NA,NA,NA,NA,NA,DOM,Masculine,NA,NA,NA,NA,HS,4th/5th,Early,Yes,8,0,137,2023,0,0.25,NA,NA,0.34155359229116605,0.06930530245169376,NA
H44,1,1,HS 4th/5th,5,NA,137,NA,NA,NA,2,6,NA,4,Heritage Spanish,NA,NA,NA,Selection,FCT-12,1,NA,NA,NA,NA,NA,NA,NA,DOM,Feminine,Singular,NA,NA,NA,HS,4th/5th,Early,Yes,8,0,137,2023,1,0.25,NA,NA,0.34155359229116605,0.06930530245169376,NA
H44,1,1,HS 4th/5th,5,NA,137,NA,NA,NA,2,6,NA,4,Heritage Spanish,NA,NA,NA,Selection,FCT-16,1,NA,NA,NA,NA,NA,NA,NA,DOM,Masculine,NA,NA,NA,NA,HS,4th/5th,Early,Yes,8,0,137,2023,1,0.25,NA,NA,0.34155359229116605,0.06930530245169376,NA
H44,1,1,HS 4th/5th,5,NA,137,NA,NA,NA,2,6,NA,4,Heritage Spanish,NA,NA,NA,Selection,FCT-20,0,NA,NA,NA,NA,NA,NA,NA,DOM,Feminine,Singular,NA,NA,NA,HS,4th/5th,Early,Yes,8,0,137,2023,0,0.25,NA,NA,0.34155359229116605,0.06930530245169376,NA
H44,1,1,HS 4th/5th,5,NA,137,NA,NA,NA,2,6,NA,4,Heritage Spanish,NA,NA,NA,Selection,FCT-24,0,NA,NA,NA,NA,NA,NA,NA,DOM,Masculine,NA,NA,NA,NA,HS,4th/5th,Early,Yes,8,0,137,2023,0,0.25,NA,NA,0.34155359229116605,0.06930530245169376,NA
H44,1,1,HS 4th/5th,5,NA,137,NA,NA,NA,2,6,NA,4,Heritage Spanish,NA,NA,NA,Selection,FCT-27,0,NA,NA,NA,NA,NA,NA,NA,DOM,Feminine,Singular,NA,NA,NA,HS,4th/5th,Early,Yes,8,0,137,2023,0,0.25,NA,NA,0.34155359229116605,0.06930530245169376,NA
H45,1,1,HS 4th/5th,5,NA,136,NA,NA,NA,4,4,NA,3,Heritage Spanish,NA,NA,NA,Selection,FCT-01,1,NA,NA,NA,NA,NA,NA,NA,DOM,Masculine,NA,NA,NA,NA,HS,4th/5th,Early,Yes,8,0,136,2023,1,0.5,NA,NA,0.3032574014758426,0.0339741900333775,NA
H45,1,1,HS 4th/5th,5,NA,136,NA,NA,NA,4,4,NA,3,Heritage Spanish,NA,NA,NA,Selection,FCT-04,1,NA,NA,NA,NA,NA,NA,NA,DOM,Feminine,Singular,NA,NA,NA,HS,4th/5th,Early,Yes,8,0,136,2023,1,0.5,NA,NA,0.3032574014758426,0.0339741900333775,NA
H45,1,1,HS 4th/5th,5,NA,136,NA,NA,NA,4,4,NA,3,Heritage Spanish,NA,NA,NA,Selection,FCT-08,1,NA,NA,NA,NA,NA,NA,NA,DOM,Masculine,NA,NA,NA,NA,HS,4th/5th,Early,Yes,8,0,136,2023,1,0.5,NA,NA,0.3032574014758426,0.0339741900333775,NA
H45,1,1,HS 4th/5th,5,NA,136,NA,NA,NA,4,4,NA,3,Heritage Spanish,NA,NA,NA,Selection,FCT-12,1,NA,NA,NA,NA,NA,NA,NA,DOM,Feminine,Singular,NA,NA,NA,HS,4th/5th,Early,Yes,8,0,136,2023,1,0.5,NA,NA,0.3032574014758426,0.0339741900333775,NA
H45,1,1,HS 4th/5th,5,NA,136,NA,NA,NA,4,4,NA,3,Heritage Spanish,NA,NA,NA,Selection,FCT-16,1,NA,NA,NA,NA,NA,NA,NA,DOM,Masculine,NA,NA,NA,NA,HS,4th/5th,Early,Yes,8,0,136,2023,1,0.5,NA,NA,0.3032574014758426,0.0339741900333775,NA
H45,1,1,HS 4th/5th,5,NA,136,NA,NA,NA,4,4,NA,3,Heritage Spanish,NA,NA,NA,Selection,FCT-20,0,NA,NA,NA,NA,NA,NA,NA,DOM,Feminine,Singular,NA,NA,NA,HS,4th/5th,Early,Yes,8,0,136,2023,0,0.5,NA,NA,0.3032574014758426,0.0339741900333775,NA
H45,1,1,HS 4th/5th,5,NA,136,NA,NA,NA,4,4,NA,3,Heritage Spanish,NA,NA,NA,Selection,FCT-24,0,NA,NA,NA,NA,NA,NA,NA,DOM,Masculine,NA,NA,NA,NA,HS,4th/5th,Early,Yes,8,0,136,2023,0,0.5,NA,NA,0.3032574014758426,0.0339741900333775,NA
H45,1,1,HS 4th/5th,5,NA,136,NA,NA,NA,4,4,NA,3,Heritage Spanish,NA,NA,NA,Selection,FCT-27,0,NA,NA,NA,NA,NA,NA,NA,DOM,Feminine,Singular,NA,NA,NA,HS,4th/5th,Early,Yes,8,0,136,2023,0,0.5,NA,NA,0.3032574014758426,0.0339741900333775,NA
H46,1,1,HS 4th/5th,5,NA,146,NA,NA,NA,2,3,NA,6,Heritage Spanish,NA,NA,NA,Selection,FCT-01,0,NA,NA,NA,NA,NA,NA,NA,DOM,Masculine,NA,NA,NA,NA,HS,4th/5th,Early,Yes,5,0,146,2023,0,0.4,NA,NA,0.6862193096290771,0.3872853142165403,NA
H46,1,1,HS 4th/5th,5,NA,146,NA,NA,NA,2,3,NA,6,Heritage Spanish,NA,NA,NA,Selection,FCT-04,1,NA,NA,NA,NA,NA,NA,NA,DOM,Feminine,Singular,NA,NA,NA,HS,4th/5th,Early,Yes,5,0,146,2023,1,0.4,NA,NA,0.6862193096290771,0.3872853142165403,NA
H46,1,1,HS 4th/5th,5,NA,146,NA,NA,NA,2,3,NA,6,Heritage Spanish,NA,NA,NA,Selection,FCT-08,0,NA,NA,NA,NA,NA,NA,NA,DOM,Masculine,NA,NA,NA,NA,HS,4th/5th,Early,Yes,5,0,146,2023,0,0.4,NA,NA,0.6862193096290771,0.3872853142165403,NA
H46,1,1,HS 4th/5th,5,NA,146,NA,NA,NA,2,3,NA,6,Heritage Spanish,NA,NA,NA,Selection,FCT-12,0,NA,NA,NA,NA,NA,NA,NA,DOM,Feminine,Singular,NA,NA,NA,HS,4th/5th,Early,Yes,5,0,146,2023,0,0.4,NA,NA,0.6862193096290771,0.3872853142165403,NA
H46,1,1,HS 4th/5th,5,NA,146,NA,NA,NA,2,3,NA,6,Heritage Spanish,NA,NA,NA,Selection,FCT-16,0,NA,NA,NA,NA,NA,NA,NA,DOM,Masculine,NA,NA,NA,NA,HS,4th/5th,Early,Yes,5,0,146,2023,0,0.4,NA,NA,0.6862193096290771,0.3872853142165403,NA
H46,1,1,HS 4th/5th,5,NA,146,NA,NA,NA,2,3,NA,6,Heritage Spanish,NA,NA,NA,Selection,FCT-20,1,NA,NA,NA,NA,NA,NA,NA,DOM,Feminine,Singular,NA,NA,NA,HS,4th/5th,Early,Yes,5,0,146,2023,1,0.4,NA,NA,0.6862193096290771,0.3872853142165403,NA
H46,1,1,HS 4th/5th,5,NA,146,NA,NA,NA,2,3,NA,6,Heritage Spanish,NA,NA,NA,Selection,FCT-24,1,NA,NA,NA,NA,NA,NA,NA,DOM,Masculine,NA,NA,NA,NA,HS,4th/5th,Early,Yes,5,0,146,2023,1,0.4,NA,NA,0.6862193096290771,0.3872853142165403,NA
H46,1,1,HS 4th/5th,5,NA,146,NA,NA,NA,2,3,NA,6,Heritage Spanish,NA,NA,NA,Selection,FCT-27,1,NA,NA,NA,NA,NA,NA,NA,DOM,Feminine,Singular,NA,NA,NA,HS,4th/5th,Early,Yes,5,0,146,2023,1,0.4,NA,NA,0.6862193096290771,0.3872853142165403,NA
H46,1,2,HS 7th/8th,8,NA,146,NA,NA,NA,2,3,NA,6,Heritage Spanish,NA,NA,NA,Selection,FCT-01,0,NA,NA,NA,NA,NA,NA,NA,DOM,Masculine,NA,NA,NA,NA,HS,7th/8th,Early,Yes,5,36,182,2026,0,0.4,NA,NA,0.6862193096290771,1.6592053612759263,NA
H46,1,2,HS 7th/8th,8,NA,146,NA,NA,NA,2,3,NA,6,Heritage Spanish,NA,NA,NA,Selection,FCT-04,1,NA,NA,NA,NA,NA,NA,NA,DOM,Feminine,Singular,NA,NA,NA,HS,7th/8th,Early,Yes,5,36,182,2026,1,0.4,NA,NA,0.6862193096290771,1.6592053612759263,NA
H46,1,2,HS 7th/8th,8,NA,146,NA,NA,NA,2,3,NA,6,Heritage Spanish,NA,NA,NA,Selection,FCT-08,1,NA,NA,NA,NA,NA,NA,NA,DOM,Masculine,NA,NA,NA,NA,HS,7th/8th,Early,Yes,5,36,182,2026,1,0.4,NA,NA,0.6862193096290771,1.6592053612759263,NA
H46,1,2,HS 7th/8th,8,NA,146,NA,NA,NA,2,3,NA,6,Heritage Spanish,NA,NA,NA,Selection,FCT-12,0,NA,NA,NA,NA,NA,NA,NA,DOM,Feminine,Singular,NA,NA,NA,HS,7th/8th,Early,Yes,5,36,182,2026,0,0.4,NA,NA,0.6862193096290771,1.6592053612759263,NA
H46,1,2,HS 7th/8th,8,NA,146,NA,NA,NA,2,3,NA,6,Heritage Spanish,NA,NA,NA,Selection,FCT-16,1,NA,NA,NA,NA,NA,NA,NA,DOM,Masculine,NA,NA,NA,NA,HS,7th/8th,Early,Yes,5,36,182,2026,1,0.4,NA,NA,0.6862193096290771,1.6592053612759263,NA
H46,1,2,HS 7th/8th,8,NA,146,NA,NA,NA,2,3,NA,6,Heritage Spanish,NA,NA,NA,Selection,FCT-20,0,NA,NA,NA,NA,NA,NA,NA,DOM,Feminine,Singular,NA,NA,NA,HS,7th/8th,Early,Yes,5,36,182,2026,0,0.4,NA,NA,0.6862193096290771,1.6592053612759263,NA
H46,1,2,HS 7th/8th,8,NA,146,NA,NA,NA,2,3,NA,6,Heritage Spanish,NA,NA,NA,Selection,FCT-24,1,NA,NA,NA,NA,NA,NA,NA,DOM,Masculine,NA,NA,NA,NA,HS,7th/8th,Early,Yes,5,36,182,2026,1,0.4,NA,NA,0.6862193096290771,1.6592053612759263,NA
H46,1,2,HS 7th/8th,8,NA,146,NA,NA,NA,2,3,NA,6,Heritage Spanish,NA,NA,NA,Selection,FCT-27,0,NA,NA,NA,NA,NA,NA,NA,DOM,Feminine,Singular,NA,NA,NA,HS,7th/8th,Early,Yes,5,36,182,2026,0,0.4,NA,NA,0.6862193096290771,1.6592053612759263,NA
H47,1,1,HS 2nd,2,8,99,NA,NA,NA,2,6,NA,8,Heritage Spanish,NA,NA,NA,Selection,FCT-01,0,NA,NA,NA,NA,NA,NA,NA,DOM,Masculine,NA,NA,NA,NA,HS,2nd,Early,Yes,8,0,99,2023,0,0.25,NA,NA,-1.113701658691125,-1.2732769694443247,NA
H47,1,1,HS 2nd,2,8,99,NA,NA,NA,2,6,NA,8,Heritage Spanish,NA,NA,NA,Selection,FCT-04,0,NA,NA,NA,NA,NA,NA,NA,DOM,Feminine,Singular,NA,NA,NA,HS,2nd,Early,Yes,8,0,99,2023,0,0.25,NA,NA,-1.113701658691125,-1.2732769694443247,NA
H47,1,1,HS 2nd,2,8,99,NA,NA,NA,2,6,NA,8,Heritage Spanish,NA,NA,NA,Selection,FCT-08,1,NA,NA,NA,NA,NA,NA,NA,DOM,Masculine,NA,NA,NA,NA,HS,2nd,Early,Yes,8,0,99,2023,1,0.25,NA,NA,-1.113701658691125,-1.2732769694443247,NA
H47,1,1,HS 2nd,2,8,99,NA,NA,NA,2,6,NA,8,Heritage Spanish,NA,NA,NA,Selection,FCT-12,1,NA,NA,NA,NA,NA,NA,NA,DOM,Feminine,Singular,NA,NA,NA,HS,2nd,Early,Yes,8,0,99,2023,1,0.25,NA,NA,-1.113701658691125,-1.2732769694443247,NA
H47,1,1,HS 2nd,2,8,99,NA,NA,NA,2,6,NA,8,Heritage Spanish,NA,NA,NA,Selection,FCT-16,1,NA,NA,NA,NA,NA,NA,NA,DOM,Masculine,NA,NA,NA,NA,HS,2nd,Early,Yes,8,0,99,2023,1,0.25,NA,NA,-1.113701658691125,-1.2732769694443247,NA
H47,1,1,HS 2nd,2,8,99,NA,NA,NA,2,6,NA,8,Heritage Spanish,NA,NA,NA,Selection,FCT-20,1,NA,NA,NA,NA,NA,NA,NA,DOM,Feminine,Singular,NA,NA,NA,HS,2nd,Early,Yes,8,0,99,2023,1,0.25,NA,NA,-1.113701658691125,-1.2732769694443247,NA
H47,1,1,HS 2nd,2,8,99,NA,NA,NA,2,6,NA,8,Heritage Spanish,NA,NA,NA,Selection,FCT-24,1,NA,NA,NA,NA,NA,NA,NA,DOM,Masculine,NA,NA,NA,NA,HS,2nd,Early,Yes,8,0,99,2023,1,0.25,NA,NA,-1.113701658691125,-1.2732769694443247,NA
H47,1,1,HS 2nd,2,8,99,NA,NA,NA,2,6,NA,8,Heritage Spanish,NA,NA,NA,Selection,FCT-27,0,NA,NA,NA,NA,NA,NA,NA,DOM,Feminine,Singular,NA,NA,NA,HS,2nd,Early,Yes,8,0,99,2023,0,0.25,NA,NA,-1.113701658691125,-1.2732769694443247,NA
H47,1,2,HS 4th/5th,5,8,99,NA,NA,NA,2,6,NA,8,Heritage Spanish,NA,NA,NA,Selection,FCT-01,1,NA,NA,NA,NA,NA,NA,NA,DOM,Masculine,NA,NA,NA,NA,HS,4th/5th,Early,Yes,8,36,135,2026,1,0.25,NA,NA,-1.113701658691125,-0.001356922384938782,NA
H47,1,2,HS 4th/5th,5,8,99,NA,NA,NA,2,6,NA,8,Heritage Spanish,NA,NA,NA,Selection,FCT-04,1,NA,NA,NA,NA,NA,NA,NA,DOM,Feminine,Singular,NA,NA,NA,HS,4th/5th,Early,Yes,8,36,135,2026,1,0.25,NA,NA,-1.113701658691125,-0.001356922384938782,NA
H47,1,2,HS 4th/5th,5,8,99,NA,NA,NA,2,6,NA,8,Heritage Spanish,NA,NA,NA,Selection,FCT-08,1,NA,NA,NA,NA,NA,NA,NA,DOM,Masculine,NA,NA,NA,NA,HS,4th/5th,Early,Yes,8,36,135,2026,1,0.25,NA,NA,-1.113701658691125,-0.001356922384938782,NA
H47,1,2,HS 4th/5th,5,8,99,NA,NA,NA,2,6,NA,8,Heritage Spanish,NA,NA,NA,Selection,FCT-12,1,NA,NA,NA,NA,NA,NA,NA,DOM,Feminine,Singular,NA,NA,NA,HS,4th/5th,Early,Yes,8,36,135,2026,1,0.25,NA,NA,-1.113701658691125,-0.001356922384938782,NA
H47,1,2,HS 4th/5th,5,8,99,NA,NA,NA,2,6,NA,8,Heritage Spanish,NA,NA,NA,Selection,FCT-16,1,NA,NA,NA,NA,NA,NA,NA,DOM,Masculine,NA,NA,NA,NA,HS,4th/5th,Early,Yes,8,36,135,2026,1,0.25,NA,NA,-1.113701658691125,-0.001356922384938782,NA
H47,1,2,HS 4th/5th,5,8,99,NA,NA,NA,2,6,NA,8,Heritage Spanish,NA,NA,NA,Selection,FCT-20,1,NA,NA,NA,NA,NA,NA,NA,DOM,Feminine,Singular,NA,NA,NA,HS,4th/5th,Early,Yes,8,36,135,2026,1,0.25,NA,NA,-1.113701658691125,-0.001356922384938782,NA
H47,1,2,HS 4th/5th,5,8,99,NA,NA,NA,2,6,NA,8,Heritage Spanish,NA,NA,NA,Selection,FCT-24,1,NA,NA,NA,NA,NA,NA,NA,DOM,Masculine,NA,NA,NA,NA,HS,4th/5th,Early,Yes,8,36,135,2026,1,0.25,NA,NA,-1.113701658691125,-0.001356922384938782,NA
H47,1,2,HS 4th/5th,5,8,99,NA,NA,NA,2,6,NA,8,Heritage Spanish,NA,NA,NA,Selection,FCT-27,0,NA,NA,NA,NA,NA,NA,NA,DOM,Feminine,Singular,NA,NA,NA,HS,4th/5th,Early,Yes,8,36,135,2026,0,0.25,NA,NA,-1.113701658691125,-0.001356922384938782,NA
H48,1,1,HS 2nd,2,8,100,NA,NA,NA,1,4,NA,8,Heritage Spanish,NA,NA,NA,Selection,FCT-01,1,NA,NA,NA,NA,NA,NA,NA,DOM,Masculine,NA,NA,NA,NA,HS,2nd,Early,Yes,5,0,100,2023,1,0.2,NA,NA,-1.0754054678758016,-1.2379458570260085,NA
H48,1,1,HS 2nd,2,8,100,NA,NA,NA,1,4,NA,8,Heritage Spanish,NA,NA,NA,Selection,FCT-04,1,NA,NA,NA,NA,NA,NA,NA,DOM,Feminine,Singular,NA,NA,NA,HS,2nd,Early,Yes,5,0,100,2023,1,0.2,NA,NA,-1.0754054678758016,-1.2379458570260085,NA
H48,1,1,HS 2nd,2,8,100,NA,NA,NA,1,4,NA,8,Heritage Spanish,NA,NA,NA,Selection,FCT-08,1,NA,NA,NA,NA,NA,NA,NA,DOM,Masculine,NA,NA,NA,NA,HS,2nd,Early,Yes,5,0,100,2023,1,0.2,NA,NA,-1.0754054678758016,-1.2379458570260085,NA
H48,1,1,HS 2nd,2,8,100,NA,NA,NA,1,4,NA,8,Heritage Spanish,NA,NA,NA,Selection,FCT-12,1,NA,NA,NA,NA,NA,NA,NA,DOM,Feminine,Singular,NA,NA,NA,HS,2nd,Early,Yes,5,0,100,2023,1,0.2,NA,NA,-1.0754054678758016,-1.2379458570260085,NA
H48,1,1,HS 2nd,2,8,100,NA,NA,NA,1,4,NA,8,Heritage Spanish,NA,NA,NA,Selection,FCT-16,1,NA,NA,NA,NA,NA,NA,NA,DOM,Masculine,NA,NA,NA,NA,HS,2nd,Early,Yes,5,0,100,2023,1,0.2,NA,NA,-1.0754054678758016,-1.2379458570260085,NA
H48,1,1,HS 2nd,2,8,100,NA,NA,NA,1,4,NA,8,Heritage Spanish,NA,NA,NA,Selection,FCT-20,1,NA,NA,NA,NA,NA,NA,NA,DOM,Feminine,Singular,NA,NA,NA,HS,2nd,Early,Yes,5,0,100,2023,1,0.2,NA,NA,-1.0754054678758016,-1.2379458570260085,NA
H48,1,1,HS 2nd,2,8,100,NA,NA,NA,1,4,NA,8,Heritage Spanish,NA,NA,NA,Selection,FCT-24,1,NA,NA,NA,NA,NA,NA,NA,DOM,Masculine,NA,NA,NA,NA,HS,2nd,Early,Yes,5,0,100,2023,1,0.2,NA,NA,-1.0754054678758016,-1.2379458570260085,NA
H48,1,1,HS 2nd,2,8,100,NA,NA,NA,1,4,NA,8,Heritage Spanish,NA,NA,NA,Selection,FCT-27,1,NA,NA,NA,NA,NA,NA,NA,DOM,Feminine,Singular,NA,NA,NA,HS,2nd,Early,Yes,5,0,100,2023,1,0.2,NA,NA,-1.0754054678758016,-1.2379458570260085,NA
H49,1,1,L2L 2nd,2,8,89,NA,NA,NA,4,5,NA,6,L2 learner,L2,L2,L2,Selection,FCT-01,1,NA,NA,NA,NA,NA,NA,NA,DOM,Masculine,NA,NA,NA,NA,L2L,2nd,Early,Yes,9,0,89,2023,1,0.4444444444444444,NA,NA,-1.4966635668443595,-1.6265880936274875,NA
H49,1,1,L2L 2nd,2,8,89,NA,NA,NA,4,5,NA,6,L2 learner,L2,L2,L2,Selection,FCT-04,0,NA,NA,NA,NA,NA,NA,NA,DOM,Feminine,Singular,NA,NA,NA,L2L,2nd,Early,Yes,9,0,89,2023,0,0.4444444444444444,NA,NA,-1.4966635668443595,-1.6265880936274875,NA
H49,1,1,L2L 2nd,2,8,89,NA,NA,NA,4,5,NA,6,L2 learner,L2,L2,L2,Selection,FCT-08,1,NA,NA,NA,NA,NA,NA,NA,DOM,Masculine,NA,NA,NA,NA,L2L,2nd,Early,Yes,9,0,89,2023,1,0.4444444444444444,NA,NA,-1.4966635668443595,-1.6265880936274875,NA
H49,1,1,L2L 2nd,2,8,89,NA,NA,NA,4,5,NA,6,L2 learner,L2,L2,L2,Selection,FCT-12,0,NA,NA,NA,NA,NA,NA,NA,DOM,Feminine,Singular,NA,NA,NA,L2L,2nd,Early,Yes,9,0,89,2023,0,0.4444444444444444,NA,NA,-1.4966635668443595,-1.6265880936274875,NA
H49,1,1,L2L 2nd,2,8,89,NA,NA,NA,4,5,NA,6,L2 learner,L2,L2,L2,Selection,FCT-16,1,NA,NA,NA,NA,NA,NA,NA,DOM,Masculine,NA,NA,NA,NA,L2L,2nd,Early,Yes,9,0,89,2023,1,0.4444444444444444,NA,NA,-1.4966635668443595,-1.6265880936274875,NA
H49,1,1,L2L 2nd,2,8,89,NA,NA,NA,4,5,NA,6,L2 learner,L2,L2,L2,Selection,FCT-20,1,NA,NA,NA,NA,NA,NA,NA,DOM,Feminine,Singular,NA,NA,NA,L2L,2nd,Early,Yes,9,0,89,2023,1,0.4444444444444444,NA,NA,-1.4966635668443595,-1.6265880936274875,NA
H49,1,1,L2L 2nd,2,8,89,NA,NA,NA,4,5,NA,6,L2 learner,L2,L2,L2,Selection,FCT-24,1,NA,NA,NA,NA,NA,NA,NA,DOM,Masculine,NA,NA,NA,NA,L2L,2nd,Early,Yes,9,0,89,2023,1,0.4444444444444444,NA,NA,-1.4966635668443595,-1.6265880936274875,NA
H49,1,1,L2L 2nd,2,8,89,NA,NA,NA,4,5,NA,6,L2 learner,L2,L2,L2,Selection,FCT-27,0,NA,NA,NA,NA,NA,NA,NA,DOM,Feminine,Singular,NA,NA,NA,L2L,2nd,Early,Yes,9,0,89,2023,0,0.4444444444444444,NA,NA,-1.4966635668443595,-1.6265880936274875,NA
H49,1,2,L2L 4th/5th,5,8,89,NA,NA,NA,4,5,NA,6,L2 learner,L2,L2,L2,Selection,FCT-01,0,NA,NA,NA,NA,NA,NA,NA,DOM,Masculine,NA,NA,NA,NA,L2L,4th/5th,Early,Yes,9,36,125,2026,0,0.4444444444444444,NA,NA,-1.4966635668443595,-0.3546680465681015,NA
H49,1,2,L2L 4th/5th,5,8,89,NA,NA,NA,4,5,NA,6,L2 learner,L2,L2,L2,Selection,FCT-04,1,NA,NA,NA,NA,NA,NA,NA,DOM,Feminine,Singular,NA,NA,NA,L2L,4th/5th,Early,Yes,9,36,125,2026,1,0.4444444444444444,NA,NA,-1.4966635668443595,-0.3546680465681015,NA
H49,1,2,L2L 4th/5th,5,8,89,NA,NA,NA,4,5,NA,6,L2 learner,L2,L2,L2,Selection,FCT-08,1,NA,NA,NA,NA,NA,NA,NA,DOM,Masculine,NA,NA,NA,NA,L2L,4th/5th,Early,Yes,9,36,125,2026,1,0.4444444444444444,NA,NA,-1.4966635668443595,-0.3546680465681015,NA
H49,1,2,L2L 4th/5th,5,8,89,NA,NA,NA,4,5,NA,6,L2 learner,L2,L2,L2,Selection,FCT-12,1,NA,NA,NA,NA,NA,NA,NA,DOM,Feminine,Singular,NA,NA,NA,L2L,4th/5th,Early,Yes,9,36,125,2026,1,0.4444444444444444,NA,NA,-1.4966635668443595,-0.3546680465681015,NA
H49,1,2,L2L 4th/5th,5,8,89,NA,NA,NA,4,5,NA,6,L2 learner,L2,L2,L2,Selection,FCT-16,1,NA,NA,NA,NA,NA,NA,NA,DOM,Masculine,NA,NA,NA,NA,L2L,4th/5th,Early,Yes,9,36,125,2026,1,0.4444444444444444,NA,NA,-1.4966635668443595,-0.3546680465681015,NA
H49,1,2,L2L 4th/5th,5,8,89,NA,NA,NA,4,5,NA,6,L2 learner,L2,L2,L2,Selection,FCT-20,1,NA,NA,NA,NA,NA,NA,NA,DOM,Feminine,Singular,NA,NA,NA,L2L,4th/5th,Early,Yes,9,36,125,2026,1,0.4444444444444444,NA,NA,-1.4966635668443595,-0.3546680465681015,NA
H49,1,2,L2L 4th/5th,5,8,89,NA,NA,NA,4,5,NA,6,L2 learner,L2,L2,L2,Selection,FCT-24,1,NA,NA,NA,NA,NA,NA,NA,DOM,Masculine,NA,NA,NA,NA,L2L,4th/5th,Early,Yes,9,36,125,2026,1,0.4444444444444444,NA,NA,-1.4966635668443595,-0.3546680465681015,NA
H49,1,2,L2L 4th/5th,5,8,89,NA,NA,NA,4,5,NA,6,L2 learner,L2,L2,L2,Selection,FCT-27,1,NA,NA,NA,NA,NA,NA,NA,DOM,Feminine,Singular,NA,NA,NA,L2L,4th/5th,Early,Yes,9,36,125,2026,1,0.4444444444444444,NA,NA,-1.4966635668443595,-0.3546680465681015,NA
H50,1,1,HS 2nd,2,8,96,NA,NA,NA,3,3,NA,3,Heritage Spanish,NA,NA,NA,Selection,FCT-01,0,NA,NA,NA,NA,NA,NA,NA,DOM,Masculine,NA,NA,NA,NA,HS,2nd,Early,Yes,6,0,96,2023,0,0.5,NA,NA,-1.2285902311370953,-1.3792703066992735,NA
H50,1,1,HS 2nd,2,8,96,NA,NA,NA,3,3,NA,3,Heritage Spanish,NA,NA,NA,Selection,FCT-04,0,NA,NA,NA,NA,NA,NA,NA,DOM,Feminine,Singular,NA,NA,NA,HS,2nd,Early,Yes,6,0,96,2023,0,0.5,NA,NA,-1.2285902311370953,-1.3792703066992735,NA
H50,1,1,HS 2nd,2,8,96,NA,NA,NA,3,3,NA,3,Heritage Spanish,NA,NA,NA,Selection,FCT-08,1,NA,NA,NA,NA,NA,NA,NA,DOM,Masculine,NA,NA,NA,NA,HS,2nd,Early,Yes,6,0,96,2023,1,0.5,NA,NA,-1.2285902311370953,-1.3792703066992735,NA
H50,1,1,HS 2nd,2,8,96,NA,NA,NA,3,3,NA,3,Heritage Spanish,NA,NA,NA,Selection,FCT-12,0,NA,NA,NA,NA,NA,NA,NA,DOM,Feminine,Singular,NA,NA,NA,HS,2nd,Early,Yes,6,0,96,2023,0,0.5,NA,NA,-1.2285902311370953,-1.3792703066992735,NA
H50,1,1,HS 2nd,2,8,96,NA,NA,NA,3,3,NA,3,Heritage Spanish,NA,NA,NA,Selection,FCT-16,0,NA,NA,NA,NA,NA,NA,NA,DOM,Masculine,NA,NA,NA,NA,HS,2nd,Early,Yes,6,0,96,2023,0,0.5,NA,NA,-1.2285902311370953,-1.3792703066992735,NA
H50,1,1,HS 2nd,2,8,96,NA,NA,NA,3,3,NA,3,Heritage Spanish,NA,NA,NA,Selection,FCT-20,0,NA,NA,NA,NA,NA,NA,NA,DOM,Feminine,Singular,NA,NA,NA,HS,2nd,Early,Yes,6,0,96,2023,0,0.5,NA,NA,-1.2285902311370953,-1.3792703066992735,NA
H50,1,1,HS 2nd,2,8,96,NA,NA,NA,3,3,NA,3,Heritage Spanish,NA,NA,NA,Selection,FCT-24,1,NA,NA,NA,NA,NA,NA,NA,DOM,Masculine,NA,NA,NA,NA,HS,2nd,Early,Yes,6,0,96,2023,1,0.5,NA,NA,-1.2285902311370953,-1.3792703066992735,NA
H50,1,1,HS 2nd,2,8,96,NA,NA,NA,3,3,NA,3,Heritage Spanish,NA,NA,NA,Selection,FCT-27,1,NA,NA,NA,NA,NA,NA,NA,DOM,Feminine,Singular,NA,NA,NA,HS,2nd,Early,Yes,6,0,96,2023,1,0.5,NA,NA,-1.2285902311370953,-1.3792703066992735,NA
H50,1,2,HS 4th/5th,5,8,96,NA,NA,NA,3,3,NA,3,Heritage Spanish,NA,NA,NA,Selection,FCT-01,0,NA,NA,NA,NA,NA,NA,NA,DOM,Masculine,NA,NA,NA,NA,HS,4th/5th,Early,Yes,6,36,132,2026,0,0.5,NA,NA,-1.2285902311370953,-0.10735025963988762,NA
H50,1,2,HS 4th/5th,5,8,96,NA,NA,NA,3,3,NA,3,Heritage Spanish,NA,NA,NA,Selection,FCT-04,1,NA,NA,NA,NA,NA,NA,NA,DOM,Feminine,Singular,NA,NA,NA,HS,4th/5th,Early,Yes,6,36,132,2026,1,0.5,NA,NA,-1.2285902311370953,-0.10735025963988762,NA
H50,1,2,HS 4th/5th,5,8,96,NA,NA,NA,3,3,NA,3,Heritage Spanish,NA,NA,NA,Selection,FCT-08,1,NA,NA,NA,NA,NA,NA,NA,DOM,Masculine,NA,NA,NA,NA,HS,4th/5th,Early,Yes,6,36,132,2026,1,0.5,NA,NA,-1.2285902311370953,-0.10735025963988762,NA
H50,1,2,HS 4th/5th,5,8,96,NA,NA,NA,3,3,NA,3,Heritage Spanish,NA,NA,NA,Selection,FCT-12,1,NA,NA,NA,NA,NA,NA,NA,DOM,Feminine,Singular,NA,NA,NA,HS,4th/5th,Early,Yes,6,36,132,2026,1,0.5,NA,NA,-1.2285902311370953,-0.10735025963988762,NA
H50,1,2,HS 4th/5th,5,8,96,NA,NA,NA,3,3,NA,3,Heritage Spanish,NA,NA,NA,Selection,FCT-16,1,NA,NA,NA,NA,NA,NA,NA,DOM,Masculine,NA,NA,NA,NA,HS,4th/5th,Early,Yes,6,36,132,2026,1,0.5,NA,NA,-1.2285902311370953,-0.10735025963988762,NA
H50,1,2,HS 4th/5th,5,8,96,NA,NA,NA,3,3,NA,3,Heritage Spanish,NA,NA,NA,Selection,FCT-20,1,NA,NA,NA,NA,NA,NA,NA,DOM,Feminine,Singular,NA,NA,NA,HS,4th/5th,Early,Yes,6,36,132,2026,1,0.5,NA,NA,-1.2285902311370953,-0.10735025963988762,NA
H50,1,2,HS 4th/5th,5,8,96,NA,NA,NA,3,3,NA,3,Heritage Spanish,NA,NA,NA,Selection,FCT-24,1,NA,NA,NA,NA,NA,NA,NA,DOM,Masculine,NA,NA,NA,NA,HS,4th/5th,Early,Yes,6,36,132,2026,1,0.5,NA,NA,-1.2285902311370953,-0.10735025963988762,NA
H50,1,2,HS 4th/5th,5,8,96,NA,NA,NA,3,3,NA,3,Heritage Spanish,NA,NA,NA,Selection,FCT-27,1,NA,NA,NA,NA,NA,NA,NA,DOM,Feminine,Singular,NA,NA,NA,HS,4th/5th,Early,Yes,6,36,132,2026,1,0.5,NA,NA,-1.2285902311370953,-0.10735025963988762,NA
H51,1,1,L2L 2nd,2,8,100,NA,NA,NA,2,6,NA,3,L2 learner,L2,L2,L2,Selection,FCT-01,1,NA,NA,NA,NA,NA,NA,NA,DOM,Masculine,NA,NA,NA,NA,L2L,2nd,Early,Yes,8,0,100,2023,1,0.25,NA,NA,-1.0754054678758016,-1.2379458570260085,NA
H51,1,1,L2L 2nd,2,8,100,NA,NA,NA,2,6,NA,3,L2 learner,L2,L2,L2,Selection,FCT-04,0,NA,NA,NA,NA,NA,NA,NA,DOM,Feminine,Singular,NA,NA,NA,L2L,2nd,Early,Yes,8,0,100,2023,0,0.25,NA,NA,-1.0754054678758016,-1.2379458570260085,NA
H51,1,1,L2L 2nd,2,8,100,NA,NA,NA,2,6,NA,3,L2 learner,L2,L2,L2,Selection,FCT-08,0,NA,NA,NA,NA,NA,NA,NA,DOM,Masculine,NA,NA,NA,NA,L2L,2nd,Early,Yes,8,0,100,2023,0,0.25,NA,NA,-1.0754054678758016,-1.2379458570260085,NA
H51,1,1,L2L 2nd,2,8,100,NA,NA,NA,2,6,NA,3,L2 learner,L2,L2,L2,Selection,FCT-12,1,NA,NA,NA,NA,NA,NA,NA,DOM,Feminine,Singular,NA,NA,NA,L2L,2nd,Early,Yes,8,0,100,2023,1,0.25,NA,NA,-1.0754054678758016,-1.2379458570260085,NA
H51,1,1,L2L 2nd,2,8,100,NA,NA,NA,2,6,NA,3,L2 learner,L2,L2,L2,Selection,FCT-16,1,NA,NA,NA,NA,NA,NA,NA,DOM,Masculine,NA,NA,NA,NA,L2L,2nd,Early,Yes,8,0,100,2023,1,0.25,NA,NA,-1.0754054678758016,-1.2379458570260085,NA
H51,1,1,L2L 2nd,2,8,100,NA,NA,NA,2,6,NA,3,L2 learner,L2,L2,L2,Selection,FCT-20,0,NA,NA,NA,NA,NA,NA,NA,DOM,Feminine,Singular,NA,NA,NA,L2L,2nd,Early,Yes,8,0,100,2023,0,0.25,NA,NA,-1.0754054678758016,-1.2379458570260085,NA
H51,1,1,L2L 2nd,2,8,100,NA,NA,NA,2,6,NA,3,L2 learner,L2,L2,L2,Selection,FCT-24,1,NA,NA,NA,NA,NA,NA,NA,DOM,Masculine,NA,NA,NA,NA,L2L,2nd,Early,Yes,8,0,100,2023,1,0.25,NA,NA,-1.0754054678758016,-1.2379458570260085,NA
H51,1,1,L2L 2nd,2,8,100,NA,NA,NA,2,6,NA,3,L2 learner,L2,L2,L2,Selection,FCT-27,0,NA,NA,NA,NA,NA,NA,NA,DOM,Feminine,Singular,NA,NA,NA,L2L,2nd,Early,Yes,8,0,100,2023,0,0.25,NA,NA,-1.0754054678758016,-1.2379458570260085,NA
H52,1,1,L2L 2nd,2,8,98,NA,NA,NA,0,6,NA,3,"German, Russian",No,Yes,Yes,Selection,FCT-01,0,NA,NA,NA,NA,NA,NA,NA,DOM,Masculine,NA,NA,NA,NA,L2L,2nd,Early,Yes,6,0,98,2023,0,0,NA,NA,-1.1519978495064485,-1.308608081862641,NA
H52,1,1,L2L 2nd,2,8,98,NA,NA,NA,0,6,NA,3,"German, Russian",No,Yes,Yes,Selection,FCT-04,1,NA,NA,NA,NA,NA,NA,NA,DOM,Feminine,Singular,NA,NA,NA,L2L,2nd,Early,Yes,6,0,98,2023,1,0,NA,NA,-1.1519978495064485,-1.308608081862641,NA
H52,1,1,L2L 2nd,2,8,98,NA,NA,NA,0,6,NA,3,"German, Russian",No,Yes,Yes,Selection,FCT-08,0,NA,NA,NA,NA,NA,NA,NA,DOM,Masculine,NA,NA,NA,NA,L2L,2nd,Early,Yes,6,0,98,2023,0,0,NA,NA,-1.1519978495064485,-1.308608081862641,NA
H52,1,1,L2L 2nd,2,8,98,NA,NA,NA,0,6,NA,3,"German, Russian",No,Yes,Yes,Selection,FCT-12,0,NA,NA,NA,NA,NA,NA,NA,DOM,Feminine,Singular,NA,NA,NA,L2L,2nd,Early,Yes,6,0,98,2023,0,0,NA,NA,-1.1519978495064485,-1.308608081862641,NA
H52,1,1,L2L 2nd,2,8,98,NA,NA,NA,0,6,NA,3,"German, Russian",No,Yes,Yes,Selection,FCT-16,1,NA,NA,NA,NA,NA,NA,NA,DOM,Masculine,NA,NA,NA,NA,L2L,2nd,Early,Yes,6,0,98,2023,1,0,NA,NA,-1.1519978495064485,-1.308608081862641,NA
H52,1,1,L2L 2nd,2,8,98,NA,NA,NA,0,6,NA,3,"German, Russian",No,Yes,Yes,Selection,FCT-20,0,NA,NA,NA,NA,NA,NA,NA,DOM,Feminine,Singular,NA,NA,NA,L2L,2nd,Early,Yes,6,0,98,2023,0,0,NA,NA,-1.1519978495064485,-1.308608081862641,NA
H52,1,1,L2L 2nd,2,8,98,NA,NA,NA,0,6,NA,3,"German, Russian",No,Yes,Yes,Selection,FCT-24,0,NA,NA,NA,NA,NA,NA,NA,DOM,Masculine,NA,NA,NA,NA,L2L,2nd,Early,Yes,6,0,98,2023,0,0,NA,NA,-1.1519978495064485,-1.308608081862641,NA
H52,1,1,L2L 2nd,2,8,98,NA,NA,NA,0,6,NA,3,"German, Russian",No,Yes,Yes,Selection,FCT-27,1,NA,NA,NA,NA,NA,NA,NA,DOM,Feminine,Singular,NA,NA,NA,L2L,2nd,Early,Yes,6,0,98,2023,1,0,NA,NA,-1.1519978495064485,-1.308608081862641,NA
H54,1,1,HS 2nd,2,8,99,NA,NA,NA,4,4,NA,7,Heritage Spanish,NA,NA,NA,Selection,FCT-01,0,NA,NA,NA,NA,NA,NA,NA,DOM,Masculine,NA,NA,NA,NA,HS,2nd,Early,Yes,8,0,99,2023,0,0.5,NA,NA,-1.113701658691125,-1.2732769694443247,NA
H54,1,1,HS 2nd,2,8,99,NA,NA,NA,4,4,NA,7,Heritage Spanish,NA,NA,NA,Selection,FCT-04,0,NA,NA,NA,NA,NA,NA,NA,DOM,Feminine,Singular,NA,NA,NA,HS,2nd,Early,Yes,8,0,99,2023,0,0.5,NA,NA,-1.113701658691125,-1.2732769694443247,NA
H54,1,1,HS 2nd,2,8,99,NA,NA,NA,4,4,NA,7,Heritage Spanish,NA,NA,NA,Selection,FCT-08,1,NA,NA,NA,NA,NA,NA,NA,DOM,Masculine,NA,NA,NA,NA,HS,2nd,Early,Yes,8,0,99,2023,1,0.5,NA,NA,-1.113701658691125,-1.2732769694443247,NA
H54,1,1,HS 2nd,2,8,99,NA,NA,NA,4,4,NA,7,Heritage Spanish,NA,NA,NA,Selection,FCT-12,1,NA,NA,NA,NA,NA,NA,NA,DOM,Feminine,Singular,NA,NA,NA,HS,2nd,Early,Yes,8,0,99,2023,1,0.5,NA,NA,-1.113701658691125,-1.2732769694443247,NA
H54,1,1,HS 2nd,2,8,99,NA,NA,NA,4,4,NA,7,Heritage Spanish,NA,NA,NA,Selection,FCT-16,0,NA,NA,NA,NA,NA,NA,NA,DOM,Masculine,NA,NA,NA,NA,HS,2nd,Early,Yes,8,0,99,2023,0,0.5,NA,NA,-1.113701658691125,-1.2732769694443247,NA
H54,1,1,HS 2nd,2,8,99,NA,NA,NA,4,4,NA,7,Heritage Spanish,NA,NA,NA,Selection,FCT-20,0,NA,NA,NA,NA,NA,NA,NA,DOM,Feminine,Singular,NA,NA,NA,HS,2nd,Early,Yes,8,0,99,2023,0,0.5,NA,NA,-1.113701658691125,-1.2732769694443247,NA
H54,1,1,HS 2nd,2,8,99,NA,NA,NA,4,4,NA,7,Heritage Spanish,NA,NA,NA,Selection,FCT-24,0,NA,NA,NA,NA,NA,NA,NA,DOM,Masculine,NA,NA,NA,NA,HS,2nd,Early,Yes,8,0,99,2023,0,0.5,NA,NA,-1.113701658691125,-1.2732769694443247,NA
H54,1,1,HS 2nd,2,8,99,NA,NA,NA,4,4,NA,7,Heritage Spanish,NA,NA,NA,Selection,FCT-27,0,NA,NA,NA,NA,NA,NA,NA,DOM,Feminine,Singular,NA,NA,NA,HS,2nd,Early,Yes,8,0,99,2023,0,0.5,NA,NA,-1.113701658691125,-1.2732769694443247,NA
H56,1,1,L2L 2nd,2,8,101,NA,NA,NA,3,6,NA,3,"Gujarathi, French, Malayalam",Yes,Yes,Yes,Selection,FCT-01,0,NA,NA,NA,NA,NA,NA,NA,DOM,Masculine,NA,NA,NA,NA,L2L,2nd,Early,Yes,9,0,101,2023,0,0.3333333333333333,NA,NA,-1.0371092770604782,-1.2026147446076922,NA
H56,1,1,L2L 2nd,2,8,101,NA,NA,NA,3,6,NA,3,"Gujarathi, French, Malayalam",Yes,Yes,Yes,Selection,FCT-04,0,NA,NA,NA,NA,NA,NA,NA,DOM,Feminine,Singular,NA,NA,NA,L2L,2nd,Early,Yes,9,0,101,2023,0,0.3333333333333333,NA,NA,-1.0371092770604782,-1.2026147446076922,NA
H56,1,1,L2L 2nd,2,8,101,NA,NA,NA,3,6,NA,3,"Gujarathi, French, Malayalam",Yes,Yes,Yes,Selection,FCT-08,1,NA,NA,NA,NA,NA,NA,NA,DOM,Masculine,NA,NA,NA,NA,L2L,2nd,Early,Yes,9,0,101,2023,1,0.3333333333333333,NA,NA,-1.0371092770604782,-1.2026147446076922,NA
H56,1,1,L2L 2nd,2,8,101,NA,NA,NA,3,6,NA,3,"Gujarathi, French, Malayalam",Yes,Yes,Yes,Selection,FCT-12,0,NA,NA,NA,NA,NA,NA,NA,DOM,Feminine,Singular,NA,NA,NA,L2L,2nd,Early,Yes,9,0,101,2023,0,0.3333333333333333,NA,NA,-1.0371092770604782,-1.2026147446076922,NA
H56,1,1,L2L 2nd,2,8,101,NA,NA,NA,3,6,NA,3,"Gujarathi, French, Malayalam",Yes,Yes,Yes,Selection,FCT-16,0,NA,NA,NA,NA,NA,NA,NA,DOM,Masculine,NA,NA,NA,NA,L2L,2nd,Early,Yes,9,0,101,2023,0,0.3333333333333333,NA,NA,-1.0371092770604782,-1.2026147446076922,NA
H56,1,1,L2L 2nd,2,8,101,NA,NA,NA,3,6,NA,3,"Gujarathi, French, Malayalam",Yes,Yes,Yes,Selection,FCT-20,0,NA,NA,NA,NA,NA,NA,NA,DOM,Feminine,Singular,NA,NA,NA,L2L,2nd,Early,Yes,9,0,101,2023,0,0.3333333333333333,NA,NA,-1.0371092770604782,-1.2026147446076922,NA
H56,1,1,L2L 2nd,2,8,101,NA,NA,NA,3,6,NA,3,"Gujarathi, French, Malayalam",Yes,Yes,Yes,Selection,FCT-24,1,NA,NA,NA,NA,NA,NA,NA,DOM,Masculine,NA,NA,NA,NA,L2L,2nd,Early,Yes,9,0,101,2023,1,0.3333333333333333,NA,NA,-1.0371092770604782,-1.2026147446076922,NA
H56,1,1,L2L 2nd,2,8,101,NA,NA,NA,3,6,NA,3,"Gujarathi, French, Malayalam",Yes,Yes,Yes,Selection,FCT-27,0,NA,NA,NA,NA,NA,NA,NA,DOM,Feminine,Singular,NA,NA,NA,L2L,2nd,Early,Yes,9,0,101,2023,0,0.3333333333333333,NA,NA,-1.0371092770604782,-1.2026147446076922,NA
H57,1,1,L2L 2nd,2,NA,102,NA,NA,NA,NA,NA,3,4,L2 learner,L2,L2,L2,Selection,FCT-01,0,NA,NA,NA,NA,NA,NA,NA,DOM,Masculine,NA,NA,NA,NA,L2L,2nd,Early,Yes,NA,0,102,2023,0,NA,NA,NA,-0.9988130862451546,-1.1672836321893758,NA
H57,1,1,L2L 2nd,2,NA,102,NA,NA,NA,NA,NA,3,4,L2 learner,L2,L2,L2,Selection,FCT-04,1,NA,NA,NA,NA,NA,NA,NA,DOM,Feminine,Singular,NA,NA,NA,L2L,2nd,Early,Yes,NA,0,102,2023,1,NA,NA,NA,-0.9988130862451546,-1.1672836321893758,NA
H57,1,1,L2L 2nd,2,NA,102,NA,NA,NA,NA,NA,3,4,L2 learner,L2,L2,L2,Selection,FCT-08,1,NA,NA,NA,NA,NA,NA,NA,DOM,Masculine,NA,NA,NA,NA,L2L,2nd,Early,Yes,NA,0,102,2023,1,NA,NA,NA,-0.9988130862451546,-1.1672836321893758,NA
H57,1,1,L2L 2nd,2,NA,102,NA,NA,NA,NA,NA,3,4,L2 learner,L2,L2,L2,Selection,FCT-12,0,NA,NA,NA,NA,NA,NA,NA,DOM,Feminine,Singular,NA,NA,NA,L2L,2nd,Early,Yes,NA,0,102,2023,0,NA,NA,NA,-0.9988130862451546,-1.1672836321893758,NA
H57,1,1,L2L 2nd,2,NA,102,NA,NA,NA,NA,NA,3,4,L2 learner,L2,L2,L2,Selection,FCT-16,0,NA,NA,NA,NA,NA,NA,NA,DOM,Masculine,NA,NA,NA,NA,L2L,2nd,Early,Yes,NA,0,102,2023,0,NA,NA,NA,-0.9988130862451546,-1.1672836321893758,NA
H57,1,1,L2L 2nd,2,NA,102,NA,NA,NA,NA,NA,3,4,L2 learner,L2,L2,L2,Selection,FCT-20,0,NA,NA,NA,NA,NA,NA,NA,DOM,Feminine,Singular,NA,NA,NA,L2L,2nd,Early,Yes,NA,0,102,2023,0,NA,NA,NA,-0.9988130862451546,-1.1672836321893758,NA
H57,1,1,L2L 2nd,2,NA,102,NA,NA,NA,NA,NA,3,4,L2 learner,L2,L2,L2,Selection,FCT-24,0,NA,NA,NA,NA,NA,NA,NA,DOM,Masculine,NA,NA,NA,NA,L2L,2nd,Early,Yes,NA,0,102,2023,0,NA,NA,NA,-0.9988130862451546,-1.1672836321893758,NA
H57,1,1,L2L 2nd,2,NA,102,NA,NA,NA,NA,NA,3,4,L2 learner,L2,L2,L2,Selection,FCT-27,0,NA,NA,NA,NA,NA,NA,NA,DOM,Feminine,Singular,NA,NA,NA,L2L,2nd,Early,Yes,NA,0,102,2023,0,NA,NA,NA,-0.9988130862451546,-1.1672836321893758,NA
H57,1,2,L2L 4th/5th,5,NA,102,NA,NA,NA,NA,NA,3,4,L2 learner,L2,L2,L2,Selection,FCT-01,0,NA,NA,NA,NA,NA,NA,NA,DOM,Masculine,NA,NA,NA,NA,L2L,4th/5th,Early,Yes,NA,36,138,2026,0,NA,NA,NA,-0.9988130862451546,0.10463641487001005,NA
H57,1,2,L2L 4th/5th,5,NA,102,NA,NA,NA,NA,NA,3,4,L2 learner,L2,L2,L2,Selection,FCT-04,1,NA,NA,NA,NA,NA,NA,NA,DOM,Feminine,Singular,NA,NA,NA,L2L,4th/5th,Early,Yes,NA,36,138,2026,1,NA,NA,NA,-0.9988130862451546,0.10463641487001005,NA
H57,1,2,L2L 4th/5th,5,NA,102,NA,NA,NA,NA,NA,3,4,L2 learner,L2,L2,L2,Selection,FCT-08,0,NA,NA,NA,NA,NA,NA,NA,DOM,Masculine,NA,NA,NA,NA,L2L,4th/5th,Early,Yes,NA,36,138,2026,0,NA,NA,NA,-0.9988130862451546,0.10463641487001005,NA
H57,1,2,L2L 4th/5th,5,NA,102,NA,NA,NA,NA,NA,3,4,L2 learner,L2,L2,L2,Selection,FCT-12,1,NA,NA,NA,NA,NA,NA,NA,DOM,Feminine,Singular,NA,NA,NA,L2L,4th/5th,Early,Yes,NA,36,138,2026,1,NA,NA,NA,-0.9988130862451546,0.10463641487001005,NA
H57,1,2,L2L 4th/5th,5,NA,102,NA,NA,NA,NA,NA,3,4,L2 learner,L2,L2,L2,Selection,FCT-16,0,NA,NA,NA,NA,NA,NA,NA,DOM,Masculine,NA,NA,NA,NA,L2L,4th/5th,Early,Yes,NA,36,138,2026,0,NA,NA,NA,-0.9988130862451546,0.10463641487001005,NA
H57,1,2,L2L 4th/5th,5,NA,102,NA,NA,NA,NA,NA,3,4,L2 learner,L2,L2,L2,Selection,FCT-20,0,NA,NA,NA,NA,NA,NA,NA,DOM,Feminine,Singular,NA,NA,NA,L2L,4th/5th,Early,Yes,NA,36,138,2026,0,NA,NA,NA,-0.9988130862451546,0.10463641487001005,NA
H57,1,2,L2L 4th/5th,5,NA,102,NA,NA,NA,NA,NA,3,4,L2 learner,L2,L2,L2,Selection,FCT-24,1,NA,NA,NA,NA,NA,NA,NA,DOM,Masculine,NA,NA,NA,NA,L2L,4th/5th,Early,Yes,NA,36,138,2026,1,NA,NA,NA,-0.9988130862451546,0.10463641487001005,NA
H57,1,2,L2L 4th/5th,5,NA,102,NA,NA,NA,NA,NA,3,4,L2 learner,L2,L2,L2,Selection,FCT-27,1,NA,NA,NA,NA,NA,NA,NA,DOM,Feminine,Singular,NA,NA,NA,L2L,4th/5th,Early,Yes,NA,36,138,2026,1,NA,NA,NA,-0.9988130862451546,0.10463641487001005,NA
H58,1,1,HS 2nd,2,NA,95,NA,NA,NA,4,5,2,8,Heritage Spanish,NA,NA,NA,Selection,FCT-01,1,NA,NA,NA,NA,NA,NA,NA,DOM,Masculine,NA,NA,NA,NA,HS,2nd,Early,Yes,9,0,95,2023,1,0.4444444444444444,NA,NA,-1.2668864219524187,-1.41460141911759,NA
H58,1,1,HS 2nd,2,NA,95,NA,NA,NA,4,5,2,8,Heritage Spanish,NA,NA,NA,Selection,FCT-04,1,NA,NA,NA,NA,NA,NA,NA,DOM,Feminine,Singular,NA,NA,NA,HS,2nd,Early,Yes,9,0,95,2023,1,0.4444444444444444,NA,NA,-1.2668864219524187,-1.41460141911759,NA
H58,1,1,HS 2nd,2,NA,95,NA,NA,NA,4,5,2,8,Heritage Spanish,NA,NA,NA,Selection,FCT-08,1,NA,NA,NA,NA,NA,NA,NA,DOM,Masculine,NA,NA,NA,NA,HS,2nd,Early,Yes,9,0,95,2023,1,0.4444444444444444,NA,NA,-1.2668864219524187,-1.41460141911759,NA
H58,1,1,HS 2nd,2,NA,95,NA,NA,NA,4,5,2,8,Heritage Spanish,NA,NA,NA,Selection,FCT-12,0,NA,NA,NA,NA,NA,NA,NA,DOM,Feminine,Singular,NA,NA,NA,HS,2nd,Early,Yes,9,0,95,2023,0,0.4444444444444444,NA,NA,-1.2668864219524187,-1.41460141911759,NA
H58,1,1,HS 2nd,2,NA,95,NA,NA,NA,4,5,2,8,Heritage Spanish,NA,NA,NA,Selection,FCT-16,1,NA,NA,NA,NA,NA,NA,NA,DOM,Masculine,NA,NA,NA,NA,HS,2nd,Early,Yes,9,0,95,2023,1,0.4444444444444444,NA,NA,-1.2668864219524187,-1.41460141911759,NA
H58,1,1,HS 2nd,2,NA,95,NA,NA,NA,4,5,2,8,Heritage Spanish,NA,NA,NA,Selection,FCT-20,0,NA,NA,NA,NA,NA,NA,NA,DOM,Feminine,Singular,NA,NA,NA,HS,2nd,Early,Yes,9,0,95,2023,0,0.4444444444444444,NA,NA,-1.2668864219524187,-1.41460141911759,NA
H58,1,1,HS 2nd,2,NA,95,NA,NA,NA,4,5,2,8,Heritage Spanish,NA,NA,NA,Selection,FCT-24,1,NA,NA,NA,NA,NA,NA,NA,DOM,Masculine,NA,NA,NA,NA,HS,2nd,Early,Yes,9,0,95,2023,1,0.4444444444444444,NA,NA,-1.2668864219524187,-1.41460141911759,NA
H58,1,1,HS 2nd,2,NA,95,NA,NA,NA,4,5,2,8,Heritage Spanish,NA,NA,NA,Selection,FCT-27,1,NA,NA,NA,NA,NA,NA,NA,DOM,Feminine,Singular,NA,NA,NA,HS,2nd,Early,Yes,9,0,95,2023,1,0.4444444444444444,NA,NA,-1.2668864219524187,-1.41460141911759,NA
H58,1,2,HS 4th/5th,5,NA,95,NA,NA,NA,4,5,2,8,Heritage Spanish,NA,NA,NA,Selection,FCT-01,0,NA,NA,NA,NA,NA,NA,NA,DOM,Masculine,NA,NA,NA,NA,HS,4th/5th,Early,Yes,9,36,131,2026,0,0.4444444444444444,NA,NA,-1.2668864219524187,-0.1426813720582039,NA
H58,1,2,HS 4th/5th,5,NA,95,NA,NA,NA,4,5,2,8,Heritage Spanish,NA,NA,NA,Selection,FCT-04,1,NA,NA,NA,NA,NA,NA,NA,DOM,Feminine,Singular,NA,NA,NA,HS,4th/5th,Early,Yes,9,36,131,2026,1,0.4444444444444444,NA,NA,-1.2668864219524187,-0.1426813720582039,NA
H58,1,2,HS 4th/5th,5,NA,95,NA,NA,NA,4,5,2,8,Heritage Spanish,NA,NA,NA,Selection,FCT-08,1,NA,NA,NA,NA,NA,NA,NA,DOM,Masculine,NA,NA,NA,NA,HS,4th/5th,Early,Yes,9,36,131,2026,1,0.4444444444444444,NA,NA,-1.2668864219524187,-0.1426813720582039,NA
H58,1,2,HS 4th/5th,5,NA,95,NA,NA,NA,4,5,2,8,Heritage Spanish,NA,NA,NA,Selection,FCT-12,0,NA,NA,NA,NA,NA,NA,NA,DOM,Feminine,Singular,NA,NA,NA,HS,4th/5th,Early,Yes,9,36,131,2026,0,0.4444444444444444,NA,NA,-1.2668864219524187,-0.1426813720582039,NA
H58,1,2,HS 4th/5th,5,NA,95,NA,NA,NA,4,5,2,8,Heritage Spanish,NA,NA,NA,Selection,FCT-16,1,NA,NA,NA,NA,NA,NA,NA,DOM,Masculine,NA,NA,NA,NA,HS,4th/5th,Early,Yes,9,36,131,2026,1,0.4444444444444444,NA,NA,-1.2668864219524187,-0.1426813720582039,NA
H58,1,2,HS 4th/5th,5,NA,95,NA,NA,NA,4,5,2,8,Heritage Spanish,NA,NA,NA,Selection,FCT-20,1,NA,NA,NA,NA,NA,NA,NA,DOM,Feminine,Singular,NA,NA,NA,HS,4th/5th,Early,Yes,9,36,131,2026,1,0.4444444444444444,NA,NA,-1.2668864219524187,-0.1426813720582039,NA
H58,1,2,HS 4th/5th,5,NA,95,NA,NA,NA,4,5,2,8,Heritage Spanish,NA,NA,NA,Selection,FCT-24,0,NA,NA,NA,NA,NA,NA,NA,DOM,Masculine,NA,NA,NA,NA,HS,4th/5th,Early,Yes,9,36,131,2026,0,0.4444444444444444,NA,NA,-1.2668864219524187,-0.1426813720582039,NA
H58,1,2,HS 4th/5th,5,NA,95,NA,NA,NA,4,5,2,8,Heritage Spanish,NA,NA,NA,Selection,FCT-27,1,NA,NA,NA,NA,NA,NA,NA,DOM,Feminine,Singular,NA,NA,NA,HS,4th/5th,Early,Yes,9,36,131,2026,1,0.4444444444444444,NA,NA,-1.2668864219524187,-0.1426813720582039,NA
H59,1,1,L2L 2nd,2,NA,101,NA,NA,NA,1,2,3,3,Mandarin,Yes,No,No,Selection,FCT-01,0,NA,NA,NA,NA,NA,NA,NA,DOM,Masculine,NA,NA,NA,NA,L2L,2nd,Early,Yes,3,0,101,2023,0,0.3333333333333333,NA,NA,-1.0371092770604782,-1.2026147446076922,NA
H59,1,1,L2L 2nd,2,NA,101,NA,NA,NA,1,2,3,3,Mandarin,Yes,No,No,Selection,FCT-04,1,NA,NA,NA,NA,NA,NA,NA,DOM,Feminine,Singular,NA,NA,NA,L2L,2nd,Early,Yes,3,0,101,2023,1,0.3333333333333333,NA,NA,-1.0371092770604782,-1.2026147446076922,NA
H59,1,1,L2L 2nd,2,NA,101,NA,NA,NA,1,2,3,3,Mandarin,Yes,No,No,Selection,FCT-08,1,NA,NA,NA,NA,NA,NA,NA,DOM,Masculine,NA,NA,NA,NA,L2L,2nd,Early,Yes,3,0,101,2023,1,0.3333333333333333,NA,NA,-1.0371092770604782,-1.2026147446076922,NA
H59,1,1,L2L 2nd,2,NA,101,NA,NA,NA,1,2,3,3,Mandarin,Yes,No,No,Selection,FCT-12,1,NA,NA,NA,NA,NA,NA,NA,DOM,Feminine,Singular,NA,NA,NA,L2L,2nd,Early,Yes,3,0,101,2023,1,0.3333333333333333,NA,NA,-1.0371092770604782,-1.2026147446076922,NA
H59,1,1,L2L 2nd,2,NA,101,NA,NA,NA,1,2,3,3,Mandarin,Yes,No,No,Selection,FCT-16,1,NA,NA,NA,NA,NA,NA,NA,DOM,Masculine,NA,NA,NA,NA,L2L,2nd,Early,Yes,3,0,101,2023,1,0.3333333333333333,NA,NA,-1.0371092770604782,-1.2026147446076922,NA
H59,1,1,L2L 2nd,2,NA,101,NA,NA,NA,1,2,3,3,Mandarin,Yes,No,No,Selection,FCT-20,0,NA,NA,NA,NA,NA,NA,NA,DOM,Feminine,Singular,NA,NA,NA,L2L,2nd,Early,Yes,3,0,101,2023,0,0.3333333333333333,NA,NA,-1.0371092770604782,-1.2026147446076922,NA
H59,1,1,L2L 2nd,2,NA,101,NA,NA,NA,1,2,3,3,Mandarin,Yes,No,No,Selection,FCT-24,0,NA,NA,NA,NA,NA,NA,NA,DOM,Masculine,NA,NA,NA,NA,L2L,2nd,Early,Yes,3,0,101,2023,0,0.3333333333333333,NA,NA,-1.0371092770604782,-1.2026147446076922,NA
H59,1,1,L2L 2nd,2,NA,101,NA,NA,NA,1,2,3,3,Mandarin,Yes,No,No,Selection,FCT-27,1,NA,NA,NA,NA,NA,NA,NA,DOM,Feminine,Singular,NA,NA,NA,L2L,2nd,Early,Yes,3,0,101,2023,1,0.3333333333333333,NA,NA,-1.0371092770604782,-1.2026147446076922,NA
H59,1,2,L2L 4th/5th,5,NA,101,NA,NA,NA,1,2,3,3,Mandarin,Yes,No,No,Selection,FCT-01,0,NA,NA,NA,NA,NA,NA,NA,DOM,Masculine,NA,NA,NA,NA,L2L,4th/5th,Early,Yes,3,36,137,2026,0,0.3333333333333333,NA,NA,-1.0371092770604782,0.06930530245169376,NA
H59,1,2,L2L 4th/5th,5,NA,101,NA,NA,NA,1,2,3,3,Mandarin,Yes,No,No,Selection,FCT-04,0,NA,NA,NA,NA,NA,NA,NA,DOM,Feminine,Singular,NA,NA,NA,L2L,4th/5th,Early,Yes,3,36,137,2026,0,0.3333333333333333,NA,NA,-1.0371092770604782,0.06930530245169376,NA
H59,1,2,L2L 4th/5th,5,NA,101,NA,NA,NA,1,2,3,3,Mandarin,Yes,No,No,Selection,FCT-08,0,NA,NA,NA,NA,NA,NA,NA,DOM,Masculine,NA,NA,NA,NA,L2L,4th/5th,Early,Yes,3,36,137,2026,0,0.3333333333333333,NA,NA,-1.0371092770604782,0.06930530245169376,NA
H59,1,2,L2L 4th/5th,5,NA,101,NA,NA,NA,1,2,3,3,Mandarin,Yes,No,No,Selection,FCT-12,0,NA,NA,NA,NA,NA,NA,NA,DOM,Feminine,Singular,NA,NA,NA,L2L,4th/5th,Early,Yes,3,36,137,2026,0,0.3333333333333333,NA,NA,-1.0371092770604782,0.06930530245169376,NA
H59,1,2,L2L 4th/5th,5,NA,101,NA,NA,NA,1,2,3,3,Mandarin,Yes,No,No,Selection,FCT-16,0,NA,NA,NA,NA,NA,NA,NA,DOM,Masculine,NA,NA,NA,NA,L2L,4th/5th,Early,Yes,3,36,137,2026,0,0.3333333333333333,NA,NA,-1.0371092770604782,0.06930530245169376,NA
H59,1,2,L2L 4th/5th,5,NA,101,NA,NA,NA,1,2,3,3,Mandarin,Yes,No,No,Selection,FCT-20,1,NA,NA,NA,NA,NA,NA,NA,DOM,Feminine,Singular,NA,NA,NA,L2L,4th/5th,Early,Yes,3,36,137,2026,1,0.3333333333333333,NA,NA,-1.0371092770604782,0.06930530245169376,NA
H59,1,2,L2L 4th/5th,5,NA,101,NA,NA,NA,1,2,3,3,Mandarin,Yes,No,No,Selection,FCT-24,1,NA,NA,NA,NA,NA,NA,NA,DOM,Masculine,NA,NA,NA,NA,L2L,4th/5th,Early,Yes,3,36,137,2026,1,0.3333333333333333,NA,NA,-1.0371092770604782,0.06930530245169376,NA
H59,1,2,L2L 4th/5th,5,NA,101,NA,NA,NA,1,2,3,3,Mandarin,Yes,No,No,Selection,FCT-27,1,NA,NA,NA,NA,NA,NA,NA,DOM,Feminine,Singular,NA,NA,NA,L2L,4th/5th,Early,Yes,3,36,137,2026,1,0.3333333333333333,NA,NA,-1.0371092770604782,0.06930530245169376,NA
H60,1,1,L2L 2nd,2,NA,101,NA,NA,NA,2,5,2,8,L2 learner,L2,L2,L2,Selection,FCT-01,0,NA,NA,NA,NA,NA,NA,NA,DOM,Masculine,NA,NA,NA,NA,L2L,2nd,Early,Yes,7,0,101,2023,0,0.2857142857142857,NA,NA,-1.0371092770604782,-1.2026147446076922,NA
H60,1,1,L2L 2nd,2,NA,101,NA,NA,NA,2,5,2,8,L2 learner,L2,L2,L2,Selection,FCT-04,0,NA,NA,NA,NA,NA,NA,NA,DOM,Feminine,Singular,NA,NA,NA,L2L,2nd,Early,Yes,7,0,101,2023,0,0.2857142857142857,NA,NA,-1.0371092770604782,-1.2026147446076922,NA
H60,1,1,L2L 2nd,2,NA,101,NA,NA,NA,2,5,2,8,L2 learner,L2,L2,L2,Selection,FCT-08,1,NA,NA,NA,NA,NA,NA,NA,DOM,Masculine,NA,NA,NA,NA,L2L,2nd,Early,Yes,7,0,101,2023,1,0.2857142857142857,NA,NA,-1.0371092770604782,-1.2026147446076922,NA
H60,1,1,L2L 2nd,2,NA,101,NA,NA,NA,2,5,2,8,L2 learner,L2,L2,L2,Selection,FCT-12,0,NA,NA,NA,NA,NA,NA,NA,DOM,Feminine,Singular,NA,NA,NA,L2L,2nd,Early,Yes,7,0,101,2023,0,0.2857142857142857,NA,NA,-1.0371092770604782,-1.2026147446076922,NA
H60,1,1,L2L 2nd,2,NA,101,NA,NA,NA,2,5,2,8,L2 learner,L2,L2,L2,Selection,FCT-16,1,NA,NA,NA,NA,NA,NA,NA,DOM,Masculine,NA,NA,NA,NA,L2L,2nd,Early,Yes,7,0,101,2023,1,0.2857142857142857,NA,NA,-1.0371092770604782,-1.2026147446076922,NA
H60,1,1,L2L 2nd,2,NA,101,NA,NA,NA,2,5,2,8,L2 learner,L2,L2,L2,Selection,FCT-20,0,NA,NA,NA,NA,NA,NA,NA,DOM,Feminine,Singular,NA,NA,NA,L2L,2nd,Early,Yes,7,0,101,2023,0,0.2857142857142857,NA,NA,-1.0371092770604782,-1.2026147446076922,NA
H60,1,1,L2L 2nd,2,NA,101,NA,NA,NA,2,5,2,8,L2 learner,L2,L2,L2,Selection,FCT-24,0,NA,NA,NA,NA,NA,NA,NA,DOM,Masculine,NA,NA,NA,NA,L2L,2nd,Early,Yes,7,0,101,2023,0,0.2857142857142857,NA,NA,-1.0371092770604782,-1.2026147446076922,NA
H60,1,1,L2L 2nd,2,NA,101,NA,NA,NA,2,5,2,8,L2 learner,L2,L2,L2,Selection,FCT-27,1,NA,NA,NA,NA,NA,NA,NA,DOM,Feminine,Singular,NA,NA,NA,L2L,2nd,Early,Yes,7,0,101,2023,1,0.2857142857142857,NA,NA,-1.0371092770604782,-1.2026147446076922,NA
H61,1,1,L2L 2nd,2,NA,103,NA,NA,NA,2,6,NA,4,L2 learner,L2,L2,L2,Selection,FCT-01,0,NA,NA,NA,NA,NA,NA,NA,DOM,Masculine,NA,NA,NA,NA,L2L,2nd,Early,Yes,8,0,103,2023,0,0.25,NA,NA,-0.9605168954298312,-1.1319525197710596,NA
H61,1,1,L2L 2nd,2,NA,103,NA,NA,NA,2,6,NA,4,L2 learner,L2,L2,L2,Selection,FCT-04,0,NA,NA,NA,NA,NA,NA,NA,DOM,Feminine,Singular,NA,NA,NA,L2L,2nd,Early,Yes,8,0,103,2023,0,0.25,NA,NA,-0.9605168954298312,-1.1319525197710596,NA
H61,1,1,L2L 2nd,2,NA,103,NA,NA,NA,2,6,NA,4,L2 learner,L2,L2,L2,Selection,FCT-08,0,NA,NA,NA,NA,NA,NA,NA,DOM,Masculine,NA,NA,NA,NA,L2L,2nd,Early,Yes,8,0,103,2023,0,0.25,NA,NA,-0.9605168954298312,-1.1319525197710596,NA
H61,1,1,L2L 2nd,2,NA,103,NA,NA,NA,2,6,NA,4,L2 learner,L2,L2,L2,Selection,FCT-12,0,NA,NA,NA,NA,NA,NA,NA,DOM,Feminine,Singular,NA,NA,NA,L2L,2nd,Early,Yes,8,0,103,2023,0,0.25,NA,NA,-0.9605168954298312,-1.1319525197710596,NA
H61,1,1,L2L 2nd,2,NA,103,NA,NA,NA,2,6,NA,4,L2 learner,L2,L2,L2,Selection,FCT-16,0,NA,NA,NA,NA,NA,NA,NA,DOM,Masculine,NA,NA,NA,NA,L2L,2nd,Early,Yes,8,0,103,2023,0,0.25,NA,NA,-0.9605168954298312,-1.1319525197710596,NA
H61,1,1,L2L 2nd,2,NA,103,NA,NA,NA,2,6,NA,4,L2 learner,L2,L2,L2,Selection,FCT-20,0,NA,NA,NA,NA,NA,NA,NA,DOM,Feminine,Singular,NA,NA,NA,L2L,2nd,Early,Yes,8,0,103,2023,0,0.25,NA,NA,-0.9605168954298312,-1.1319525197710596,NA
H61,1,1,L2L 2nd,2,NA,103,NA,NA,NA,2,6,NA,4,L2 learner,L2,L2,L2,Selection,FCT-24,1,NA,NA,NA,NA,NA,NA,NA,DOM,Masculine,NA,NA,NA,NA,L2L,2nd,Early,Yes,8,0,103,2023,1,0.25,NA,NA,-0.9605168954298312,-1.1319525197710596,NA
H61,1,1,L2L 2nd,2,NA,103,NA,NA,NA,2,6,NA,4,L2 learner,L2,L2,L2,Selection,FCT-27,1,NA,NA,NA,NA,NA,NA,NA,DOM,Feminine,Singular,NA,NA,NA,L2L,2nd,Early,Yes,8,0,103,2023,1,0.25,NA,NA,-0.9605168954298312,-1.1319525197710596,NA
H61,1,2,L2L 4th/5th,5,NA,103,NA,NA,NA,2,6,NA,4,Heritage Spanish,NA,NA,NA,Selection,FCT-01,0,NA,NA,NA,NA,NA,NA,NA,DOM,Masculine,NA,NA,NA,NA,L2L,4th/5th,Early,Yes,8,36,139,2026,0,0.25,NA,NA,-0.9605168954298312,0.13996752728832632,NA
H61,1,2,L2L 4th/5th,5,NA,103,NA,NA,NA,2,6,NA,4,Heritage Spanish,NA,NA,NA,Selection,FCT-04,1,NA,NA,NA,NA,NA,NA,NA,DOM,Feminine,Singular,NA,NA,NA,L2L,4th/5th,Early,Yes,8,36,139,2026,1,0.25,NA,NA,-0.9605168954298312,0.13996752728832632,NA
H61,1,2,L2L 4th/5th,5,NA,103,NA,NA,NA,2,6,NA,4,Heritage Spanish,NA,NA,NA,Selection,FCT-08,0,NA,NA,NA,NA,NA,NA,NA,DOM,Masculine,NA,NA,NA,NA,L2L,4th/5th,Early,Yes,8,36,139,2026,0,0.25,NA,NA,-0.9605168954298312,0.13996752728832632,NA
H61,1,2,L2L 4th/5th,5,NA,103,NA,NA,NA,2,6,NA,4,Heritage Spanish,NA,NA,NA,Selection,FCT-12,0,NA,NA,NA,NA,NA,NA,NA,DOM,Feminine,Singular,NA,NA,NA,L2L,4th/5th,Early,Yes,8,36,139,2026,0,0.25,NA,NA,-0.9605168954298312,0.13996752728832632,NA
H61,1,2,L2L 4th/5th,5,NA,103,NA,NA,NA,2,6,NA,4,Heritage Spanish,NA,NA,NA,Selection,FCT-16,0,NA,NA,NA,NA,NA,NA,NA,DOM,Masculine,NA,NA,NA,NA,L2L,4th/5th,Early,Yes,8,36,139,2026,0,0.25,NA,NA,-0.9605168954298312,0.13996752728832632,NA
H61,1,2,L2L 4th/5th,5,NA,103,NA,NA,NA,2,6,NA,4,Heritage Spanish,NA,NA,NA,Selection,FCT-20,0,NA,NA,NA,NA,NA,NA,NA,DOM,Feminine,Singular,NA,NA,NA,L2L,4th/5th,Early,Yes,8,36,139,2026,0,0.25,NA,NA,-0.9605168954298312,0.13996752728832632,NA
H61,1,2,L2L 4th/5th,5,NA,103,NA,NA,NA,2,6,NA,4,Heritage Spanish,NA,NA,NA,Selection,FCT-24,0,NA,NA,NA,NA,NA,NA,NA,DOM,Masculine,NA,NA,NA,NA,L2L,4th/5th,Early,Yes,8,36,139,2026,0,0.25,NA,NA,-0.9605168954298312,0.13996752728832632,NA
H61,1,2,L2L 4th/5th,5,NA,103,NA,NA,NA,2,6,NA,4,Heritage Spanish,NA,NA,NA,Selection,FCT-27,0,NA,NA,NA,NA,NA,NA,NA,DOM,Feminine,Singular,NA,NA,NA,L2L,4th/5th,Early,Yes,8,36,139,2026,0,0.25,NA,NA,-0.9605168954298312,0.13996752728832632,NA
H62,1,1,L2L 2nd,2,NA,92,NA,NA,NA,1,5,3,3,L2 learner,L2,L2,L2,Selection,FCT-01,0,NA,NA,NA,NA,NA,NA,NA,DOM,Masculine,NA,NA,NA,NA,L2L,2nd,Early,Yes,6,0,92,2023,0,0.16666666666666666,NA,NA,-1.3817749943983892,-1.5205947563725386,NA
H62,1,1,L2L 2nd,2,NA,92,NA,NA,NA,1,5,3,3,L2 learner,L2,L2,L2,Selection,FCT-04,0,NA,NA,NA,NA,NA,NA,NA,DOM,Feminine,Singular,NA,NA,NA,L2L,2nd,Early,Yes,6,0,92,2023,0,0.16666666666666666,NA,NA,-1.3817749943983892,-1.5205947563725386,NA
H62,1,1,L2L 2nd,2,NA,92,NA,NA,NA,1,5,3,3,L2 learner,L2,L2,L2,Selection,FCT-08,0,NA,NA,NA,NA,NA,NA,NA,DOM,Masculine,NA,NA,NA,NA,L2L,2nd,Early,Yes,6,0,92,2023,0,0.16666666666666666,NA,NA,-1.3817749943983892,-1.5205947563725386,NA
H62,1,1,L2L 2nd,2,NA,92,NA,NA,NA,1,5,3,3,L2 learner,L2,L2,L2,Selection,FCT-12,0,NA,NA,NA,NA,NA,NA,NA,DOM,Feminine,Singular,NA,NA,NA,L2L,2nd,Early,Yes,6,0,92,2023,0,0.16666666666666666,NA,NA,-1.3817749943983892,-1.5205947563725386,NA
H62,1,1,L2L 2nd,2,NA,92,NA,NA,NA,1,5,3,3,L2 learner,L2,L2,L2,Selection,FCT-16,0,NA,NA,NA,NA,NA,NA,NA,DOM,Masculine,NA,NA,NA,NA,L2L,2nd,Early,Yes,6,0,92,2023,0,0.16666666666666666,NA,NA,-1.3817749943983892,-1.5205947563725386,NA
H62,1,1,L2L 2nd,2,NA,92,NA,NA,NA,1,5,3,3,L2 learner,L2,L2,L2,Selection,FCT-20,1,NA,NA,NA,NA,NA,NA,NA,DOM,Feminine,Singular,NA,NA,NA,L2L,2nd,Early,Yes,6,0,92,2023,1,0.16666666666666666,NA,NA,-1.3817749943983892,-1.5205947563725386,NA
H62,1,1,L2L 2nd,2,NA,92,NA,NA,NA,1,5,3,3,L2 learner,L2,L2,L2,Selection,FCT-24,0,NA,NA,NA,NA,NA,NA,NA,DOM,Masculine,NA,NA,NA,NA,L2L,2nd,Early,Yes,6,0,92,2023,0,0.16666666666666666,NA,NA,-1.3817749943983892,-1.5205947563725386,NA
H62,1,1,L2L 2nd,2,NA,92,NA,NA,NA,1,5,3,3,L2 learner,L2,L2,L2,Selection,FCT-27,1,NA,NA,NA,NA,NA,NA,NA,DOM,Feminine,Singular,NA,NA,NA,L2L,2nd,Early,Yes,6,0,92,2023,1,0.16666666666666666,NA,NA,-1.3817749943983892,-1.5205947563725386,NA
H63,1,1,L2L 7th/8th,7,13,156,NA,NA,NA,2,4,7,7,"Mandarin, Cantonese, Malay, Romanian",Yes,Yes,Yes,Selection,FCT-01,1,NA,NA,NA,NA,NA,NA,NA,DOM,Masculine,NA,NA,NA,NA,L2L,7th/8th,Early,Yes,6,0,156,2023,1,0.3333333333333333,NA,NA,1.0691812177823117,0.740596438399703,NA
H63,1,1,L2L 7th/8th,7,13,156,NA,NA,NA,2,4,7,7,"Mandarin, Cantonese, Malay, Romanian",Yes,Yes,Yes,Selection,FCT-04,1,NA,NA,NA,NA,NA,NA,NA,DOM,Feminine,Singular,NA,NA,NA,L2L,7th/8th,Early,Yes,6,0,156,2023,1,0.3333333333333333,NA,NA,1.0691812177823117,0.740596438399703,NA
H63,1,1,L2L 7th/8th,7,13,156,NA,NA,NA,2,4,7,7,"Mandarin, Cantonese, Malay, Romanian",Yes,Yes,Yes,Selection,FCT-08,1,NA,NA,NA,NA,NA,NA,NA,DOM,Masculine,NA,NA,NA,NA,L2L,7th/8th,Early,Yes,6,0,156,2023,1,0.3333333333333333,NA,NA,1.0691812177823117,0.740596438399703,NA
H63,1,1,L2L 7th/8th,7,13,156,NA,NA,NA,2,4,7,7,"Mandarin, Cantonese, Malay, Romanian",Yes,Yes,Yes,Selection,FCT-12,0,NA,NA,NA,NA,NA,NA,NA,DOM,Feminine,Singular,NA,NA,NA,L2L,7th/8th,Early,Yes,6,0,156,2023,0,0.3333333333333333,NA,NA,1.0691812177823117,0.740596438399703,NA
H63,1,1,L2L 7th/8th,7,13,156,NA,NA,NA,2,4,7,7,"Mandarin, Cantonese, Malay, Romanian",Yes,Yes,Yes,Selection,FCT-16,1,NA,NA,NA,NA,NA,NA,NA,DOM,Masculine,NA,NA,NA,NA,L2L,7th/8th,Early,Yes,6,0,156,2023,1,0.3333333333333333,NA,NA,1.0691812177823117,0.740596438399703,NA
H63,1,1,L2L 7th/8th,7,13,156,NA,NA,NA,2,4,7,7,"Mandarin, Cantonese, Malay, Romanian",Yes,Yes,Yes,Selection,FCT-20,1,NA,NA,NA,NA,NA,NA,NA,DOM,Feminine,Singular,NA,NA,NA,L2L,7th/8th,Early,Yes,6,0,156,2023,1,0.3333333333333333,NA,NA,1.0691812177823117,0.740596438399703,NA
H63,1,1,L2L 7th/8th,7,13,156,NA,NA,NA,2,4,7,7,"Mandarin, Cantonese, Malay, Romanian",Yes,Yes,Yes,Selection,FCT-24,0,NA,NA,NA,NA,NA,NA,NA,DOM,Masculine,NA,NA,NA,NA,L2L,7th/8th,Early,Yes,6,0,156,2023,0,0.3333333333333333,NA,NA,1.0691812177823117,0.740596438399703,NA
H63,1,1,L2L 7th/8th,7,13,156,NA,NA,NA,2,4,7,7,"Mandarin, Cantonese, Malay, Romanian",Yes,Yes,Yes,Selection,FCT-27,1,NA,NA,NA,NA,NA,NA,NA,DOM,Feminine,Singular,NA,NA,NA,L2L,7th/8th,Early,Yes,6,0,156,2023,1,0.3333333333333333,NA,NA,1.0691812177823117,0.740596438399703,NA
H64,1,1,HS 7th/8th,7,13,NA,NA,NA,NA,NA,NA,NA,8,Heritage Spanish,NA,NA,NA,Selection,FCT-01,0,NA,NA,NA,NA,NA,NA,NA,DOM,Masculine,NA,NA,NA,NA,HS,7th/8th,Early,Yes,NA,0,NA,2023,0,NA,NA,NA,NA,NA,NA
H64,1,1,HS 7th/8th,7,13,NA,NA,NA,NA,NA,NA,NA,8,Heritage Spanish,NA,NA,NA,Selection,FCT-04,1,NA,NA,NA,NA,NA,NA,NA,DOM,Feminine,Singular,NA,NA,NA,HS,7th/8th,Early,Yes,NA,0,NA,2023,1,NA,NA,NA,NA,NA,NA
H64,1,1,HS 7th/8th,7,13,NA,NA,NA,NA,NA,NA,NA,8,Heritage Spanish,NA,NA,NA,Selection,FCT-08,1,NA,NA,NA,NA,NA,NA,NA,DOM,Masculine,NA,NA,NA,NA,HS,7th/8th,Early,Yes,NA,0,NA,2023,1,NA,NA,NA,NA,NA,NA
H64,1,1,HS 7th/8th,7,13,NA,NA,NA,NA,NA,NA,NA,8,Heritage Spanish,NA,NA,NA,Selection,FCT-12,1,NA,NA,NA,NA,NA,NA,NA,DOM,Feminine,Singular,NA,NA,NA,HS,7th/8th,Early,Yes,NA,0,NA,2023,1,NA,NA,NA,NA,NA,NA
H64,1,1,HS 7th/8th,7,13,NA,NA,NA,NA,NA,NA,NA,8,Heritage Spanish,NA,NA,NA,Selection,FCT-16,1,NA,NA,NA,NA,NA,NA,NA,DOM,Masculine,NA,NA,NA,NA,HS,7th/8th,Early,Yes,NA,0,NA,2023,1,NA,NA,NA,NA,NA,NA
H64,1,1,HS 7th/8th,7,13,NA,NA,NA,NA,NA,NA,NA,8,Heritage Spanish,NA,NA,NA,Selection,FCT-20,1,NA,NA,NA,NA,NA,NA,NA,DOM,Feminine,Singular,NA,NA,NA,HS,7th/8th,Early,Yes,NA,0,NA,2023,1,NA,NA,NA,NA,NA,NA
H64,1,1,HS 7th/8th,7,13,NA,NA,NA,NA,NA,NA,NA,8,Heritage Spanish,NA,NA,NA,Selection,FCT-24,1,NA,NA,NA,NA,NA,NA,NA,DOM,Masculine,NA,NA,NA,NA,HS,7th/8th,Early,Yes,NA,0,NA,2023,1,NA,NA,NA,NA,NA,NA
H64,1,1,HS 7th/8th,7,13,NA,NA,NA,NA,NA,NA,NA,8,Heritage Spanish,NA,NA,NA,Selection,FCT-27,1,NA,NA,NA,NA,NA,NA,NA,DOM,Feminine,Singular,NA,NA,NA,HS,7th/8th,Early,Yes,NA,0,NA,2023,1,NA,NA,NA,NA,NA,NA
H65,1,1,HS 7th/8th,7,13,164,NA,NA,NA,2,3,2,8,Heritage Spanish,NA,NA,NA,Selection,FCT-01,1,NA,NA,NA,NA,NA,NA,NA,DOM,Masculine,NA,NA,NA,NA,HS,7th/8th,Early,Yes,5,0,164,2023,1,0.4,NA,NA,1.375550744304899,1.0232453377462332,NA
H65,1,1,HS 7th/8th,7,13,164,NA,NA,NA,2,3,2,8,Heritage Spanish,NA,NA,NA,Selection,FCT-04,1,NA,NA,NA,NA,NA,NA,NA,DOM,Feminine,Singular,NA,NA,NA,HS,7th/8th,Early,Yes,5,0,164,2023,1,0.4,NA,NA,1.375550744304899,1.0232453377462332,NA
H65,1,1,HS 7th/8th,7,13,164,NA,NA,NA,2,3,2,8,Heritage Spanish,NA,NA,NA,Selection,FCT-08,1,NA,NA,NA,NA,NA,NA,NA,DOM,Masculine,NA,NA,NA,NA,HS,7th/8th,Early,Yes,5,0,164,2023,1,0.4,NA,NA,1.375550744304899,1.0232453377462332,NA
H65,1,1,HS 7th/8th,7,13,164,NA,NA,NA,2,3,2,8,Heritage Spanish,NA,NA,NA,Selection,FCT-12,1,NA,NA,NA,NA,NA,NA,NA,DOM,Feminine,Singular,NA,NA,NA,HS,7th/8th,Early,Yes,5,0,164,2023,1,0.4,NA,NA,1.375550744304899,1.0232453377462332,NA
H65,1,1,HS 7th/8th,7,13,164,NA,NA,NA,2,3,2,8,Heritage Spanish,NA,NA,NA,Selection,FCT-16,1,NA,NA,NA,NA,NA,NA,NA,DOM,Masculine,NA,NA,NA,NA,HS,7th/8th,Early,Yes,5,0,164,2023,1,0.4,NA,NA,1.375550744304899,1.0232453377462332,NA
H65,1,1,HS 7th/8th,7,13,164,NA,NA,NA,2,3,2,8,Heritage Spanish,NA,NA,NA,Selection,FCT-20,1,NA,NA,NA,NA,NA,NA,NA,DOM,Feminine,Singular,NA,NA,NA,HS,7th/8th,Early,Yes,5,0,164,2023,1,0.4,NA,NA,1.375550744304899,1.0232453377462332,NA
H65,1,1,HS 7th/8th,7,13,164,NA,NA,NA,2,3,2,8,Heritage Spanish,NA,NA,NA,Selection,FCT-24,1,NA,NA,NA,NA,NA,NA,NA,DOM,Masculine,NA,NA,NA,NA,HS,7th/8th,Early,Yes,5,0,164,2023,1,0.4,NA,NA,1.375550744304899,1.0232453377462332,NA
H65,1,1,HS 7th/8th,7,13,164,NA,NA,NA,2,3,2,8,Heritage Spanish,NA,NA,NA,Selection,FCT-27,1,NA,NA,NA,NA,NA,NA,NA,DOM,Feminine,Singular,NA,NA,NA,HS,7th/8th,Early,Yes,5,0,164,2023,1,0.4,NA,NA,1.375550744304899,1.0232453377462332,NA
H66,1,1,HS 7th/8th,7,12,154,NA,NA,NA,2,6,2,8,Heritage Spanish,NA,NA,NA,Selection,FCT-01,0,NA,NA,NA,NA,NA,NA,NA,DOM,Masculine,NA,NA,NA,NA,HS,7th/8th,Early,Yes,8,0,154,2023,0,0.25,NA,NA,0.9925888361516647,0.6699342135630705,NA
H66,1,1,HS 7th/8th,7,12,154,NA,NA,NA,2,6,2,8,Heritage Spanish,NA,NA,NA,Selection,FCT-04,0,NA,NA,NA,NA,NA,NA,NA,DOM,Feminine,Singular,NA,NA,NA,HS,7th/8th,Early,Yes,8,0,154,2023,0,0.25,NA,NA,0.9925888361516647,0.6699342135630705,NA
H66,1,1,HS 7th/8th,7,12,154,NA,NA,NA,2,6,2,8,Heritage Spanish,NA,NA,NA,Selection,FCT-08,1,NA,NA,NA,NA,NA,NA,NA,DOM,Masculine,NA,NA,NA,NA,HS,7th/8th,Early,Yes,8,0,154,2023,1,0.25,NA,NA,0.9925888361516647,0.6699342135630705,NA
H66,1,1,HS 7th/8th,7,12,154,NA,NA,NA,2,6,2,8,Heritage Spanish,NA,NA,NA,Selection,FCT-12,0,NA,NA,NA,NA,NA,NA,NA,DOM,Feminine,Singular,NA,NA,NA,HS,7th/8th,Early,Yes,8,0,154,2023,0,0.25,NA,NA,0.9925888361516647,0.6699342135630705,NA
H66,1,1,HS 7th/8th,7,12,154,NA,NA,NA,2,6,2,8,Heritage Spanish,NA,NA,NA,Selection,FCT-16,0,NA,NA,NA,NA,NA,NA,NA,DOM,Masculine,NA,NA,NA,NA,HS,7th/8th,Early,Yes,8,0,154,2023,0,0.25,NA,NA,0.9925888361516647,0.6699342135630705,NA
H66,1,1,HS 7th/8th,7,12,154,NA,NA,NA,2,6,2,8,Heritage Spanish,NA,NA,NA,Selection,FCT-20,0,NA,NA,NA,NA,NA,NA,NA,DOM,Feminine,Singular,NA,NA,NA,HS,7th/8th,Early,Yes,8,0,154,2023,0,0.25,NA,NA,0.9925888361516647,0.6699342135630705,NA
H66,1,1,HS 7th/8th,7,12,154,NA,NA,NA,2,6,2,8,Heritage Spanish,NA,NA,NA,Selection,FCT-24,0,NA,NA,NA,NA,NA,NA,NA,DOM,Masculine,NA,NA,NA,NA,HS,7th/8th,Early,Yes,8,0,154,2023,0,0.25,NA,NA,0.9925888361516647,0.6699342135630705,NA
H66,1,1,HS 7th/8th,7,12,154,NA,NA,NA,2,6,2,8,Heritage Spanish,NA,NA,NA,Selection,FCT-27,0,NA,NA,NA,NA,NA,NA,NA,DOM,Feminine,Singular,NA,NA,NA,HS,7th/8th,Early,Yes,8,0,154,2023,0,0.25,NA,NA,0.9925888361516647,0.6699342135630705,NA
H67,1,1,L2L 7th/8th,7,13,160,NA,NA,NA,2,4,3,8,Gujarati,Yes,Yes,No,Selection,FCT-01,1,NA,NA,NA,NA,NA,NA,NA,DOM,Masculine,NA,NA,NA,NA,L2L,7th/8th,Early,Yes,6,0,160,2023,1,0.3333333333333333,NA,NA,1.2223659810436054,0.8819208880729681,NA
H67,1,1,L2L 7th/8th,7,13,160,NA,NA,NA,2,4,3,8,Gujarati,Yes,Yes,No,Selection,FCT-04,0,NA,NA,NA,NA,NA,NA,NA,DOM,Feminine,Singular,NA,NA,NA,L2L,7th/8th,Early,Yes,6,0,160,2023,0,0.3333333333333333,NA,NA,1.2223659810436054,0.8819208880729681,NA
H67,1,1,L2L 7th/8th,7,13,160,NA,NA,NA,2,4,3,8,Gujarati,Yes,Yes,No,Selection,FCT-08,0,NA,NA,NA,NA,NA,NA,NA,DOM,Masculine,NA,NA,NA,NA,L2L,7th/8th,Early,Yes,6,0,160,2023,0,0.3333333333333333,NA,NA,1.2223659810436054,0.8819208880729681,NA
H67,1,1,L2L 7th/8th,7,13,160,NA,NA,NA,2,4,3,8,Gujarati,Yes,Yes,No,Selection,FCT-12,1,NA,NA,NA,NA,NA,NA,NA,DOM,Feminine,Singular,NA,NA,NA,L2L,7th/8th,Early,Yes,6,0,160,2023,1,0.3333333333333333,NA,NA,1.2223659810436054,0.8819208880729681,NA
H67,1,1,L2L 7th/8th,7,13,160,NA,NA,NA,2,4,3,8,Gujarati,Yes,Yes,No,Selection,FCT-16,0,NA,NA,NA,NA,NA,NA,NA,DOM,Masculine,NA,NA,NA,NA,L2L,7th/8th,Early,Yes,6,0,160,2023,0,0.3333333333333333,NA,NA,1.2223659810436054,0.8819208880729681,NA
H67,1,1,L2L 7th/8th,7,13,160,NA,NA,NA,2,4,3,8,Gujarati,Yes,Yes,No,Selection,FCT-20,0,NA,NA,NA,NA,NA,NA,NA,DOM,Feminine,Singular,NA,NA,NA,L2L,7th/8th,Early,Yes,6,0,160,2023,0,0.3333333333333333,NA,NA,1.2223659810436054,0.8819208880729681,NA
H67,1,1,L2L 7th/8th,7,13,160,NA,NA,NA,2,4,3,8,Gujarati,Yes,Yes,No,Selection,FCT-24,1,NA,NA,NA,NA,NA,NA,NA,DOM,Masculine,NA,NA,NA,NA,L2L,7th/8th,Early,Yes,6,0,160,2023,1,0.3333333333333333,NA,NA,1.2223659810436054,0.8819208880729681,NA
H67,1,1,L2L 7th/8th,7,13,160,NA,NA,NA,2,4,3,8,Gujarati,Yes,Yes,No,Selection,FCT-27,0,NA,NA,NA,NA,NA,NA,NA,DOM,Feminine,Singular,NA,NA,NA,L2L,7th/8th,Early,Yes,6,0,160,2023,0,0.3333333333333333,NA,NA,1.2223659810436054,0.8819208880729681,NA
H68,1,1,L2L 2nd,2,7,94,NA,NA,NA,1,2,2,3,L2 learner,L2,L2,L2,Selection,FCT-01,1,NA,NA,NA,NA,NA,NA,NA,DOM,Masculine,NA,NA,NA,NA,L2L,2nd,Early,Yes,3,0,94,2023,1,0.3333333333333333,NA,NA,-1.3051826127677424,-1.4499325315359062,NA
H68,1,1,L2L 2nd,2,7,94,NA,NA,NA,1,2,2,3,L2 learner,L2,L2,L2,Selection,FCT-04,0,NA,NA,NA,NA,NA,NA,NA,DOM,Feminine,Singular,NA,NA,NA,L2L,2nd,Early,Yes,3,0,94,2023,0,0.3333333333333333,NA,NA,-1.3051826127677424,-1.4499325315359062,NA
H68,1,1,L2L 2nd,2,7,94,NA,NA,NA,1,2,2,3,L2 learner,L2,L2,L2,Selection,FCT-08,1,NA,NA,NA,NA,NA,NA,NA,DOM,Masculine,NA,NA,NA,NA,L2L,2nd,Early,Yes,3,0,94,2023,1,0.3333333333333333,NA,NA,-1.3051826127677424,-1.4499325315359062,NA
H68,1,1,L2L 2nd,2,7,94,NA,NA,NA,1,2,2,3,L2 learner,L2,L2,L2,Selection,FCT-12,1,NA,NA,NA,NA,NA,NA,NA,DOM,Feminine,Singular,NA,NA,NA,L2L,2nd,Early,Yes,3,0,94,2023,1,0.3333333333333333,NA,NA,-1.3051826127677424,-1.4499325315359062,NA
H68,1,1,L2L 2nd,2,7,94,NA,NA,NA,1,2,2,3,L2 learner,L2,L2,L2,Selection,FCT-16,1,NA,NA,NA,NA,NA,NA,NA,DOM,Masculine,NA,NA,NA,NA,L2L,2nd,Early,Yes,3,0,94,2023,1,0.3333333333333333,NA,NA,-1.3051826127677424,-1.4499325315359062,NA
H68,1,1,L2L 2nd,2,7,94,NA,NA,NA,1,2,2,3,L2 learner,L2,L2,L2,Selection,FCT-20,1,NA,NA,NA,NA,NA,NA,NA,DOM,Feminine,Singular,NA,NA,NA,L2L,2nd,Early,Yes,3,0,94,2023,1,0.3333333333333333,NA,NA,-1.3051826127677424,-1.4499325315359062,NA
H68,1,1,L2L 2nd,2,7,94,NA,NA,NA,1,2,2,3,L2 learner,L2,L2,L2,Selection,FCT-24,0,NA,NA,NA,NA,NA,NA,NA,DOM,Masculine,NA,NA,NA,NA,L2L,2nd,Early,Yes,3,0,94,2023,0,0.3333333333333333,NA,NA,-1.3051826127677424,-1.4499325315359062,NA
H68,1,1,L2L 2nd,2,7,94,NA,NA,NA,1,2,2,3,L2 learner,L2,L2,L2,Selection,FCT-27,1,NA,NA,NA,NA,NA,NA,NA,DOM,Feminine,Singular,NA,NA,NA,L2L,2nd,Early,Yes,3,0,94,2023,1,0.3333333333333333,NA,NA,-1.3051826127677424,-1.4499325315359062,NA
H69,1,1,HS 2nd,2,8,102,NA,NA,NA,5,4,2,8,Heritage Spanish,NA,NA,NA,Selection,FCT-01,0,NA,NA,NA,NA,NA,NA,NA,DOM,Masculine,NA,NA,NA,NA,HS,2nd,Early,Yes,9,0,102,2023,0,0.5555555555555556,NA,NA,-0.9988130862451546,-1.1672836321893758,NA
H69,1,1,HS 2nd,2,8,102,NA,NA,NA,5,4,2,8,Heritage Spanish,NA,NA,NA,Selection,FCT-04,0,NA,NA,NA,NA,NA,NA,NA,DOM,Feminine,Singular,NA,NA,NA,HS,2nd,Early,Yes,9,0,102,2023,0,0.5555555555555556,NA,NA,-0.9988130862451546,-1.1672836321893758,NA
H69,1,1,HS 2nd,2,8,102,NA,NA,NA,5,4,2,8,Heritage Spanish,NA,NA,NA,Selection,FCT-08,0,NA,NA,NA,NA,NA,NA,NA,DOM,Masculine,NA,NA,NA,NA,HS,2nd,Early,Yes,9,0,102,2023,0,0.5555555555555556,NA,NA,-0.9988130862451546,-1.1672836321893758,NA
H69,1,1,HS 2nd,2,8,102,NA,NA,NA,5,4,2,8,Heritage Spanish,NA,NA,NA,Selection,FCT-12,1,NA,NA,NA,NA,NA,NA,NA,DOM,Feminine,Singular,NA,NA,NA,HS,2nd,Early,Yes,9,0,102,2023,1,0.5555555555555556,NA,NA,-0.9988130862451546,-1.1672836321893758,NA
H69,1,1,HS 2nd,2,8,102,NA,NA,NA,5,4,2,8,Heritage Spanish,NA,NA,NA,Selection,FCT-16,0,NA,NA,NA,NA,NA,NA,NA,DOM,Masculine,NA,NA,NA,NA,HS,2nd,Early,Yes,9,0,102,2023,0,0.5555555555555556,NA,NA,-0.9988130862451546,-1.1672836321893758,NA
H69,1,1,HS 2nd,2,8,102,NA,NA,NA,5,4,2,8,Heritage Spanish,NA,NA,NA,Selection,FCT-20,0,NA,NA,NA,NA,NA,NA,NA,DOM,Feminine,Singular,NA,NA,NA,HS,2nd,Early,Yes,9,0,102,2023,0,0.5555555555555556,NA,NA,-0.9988130862451546,-1.1672836321893758,NA
H69,1,1,HS 2nd,2,8,102,NA,NA,NA,5,4,2,8,Heritage Spanish,NA,NA,NA,Selection,FCT-24,0,NA,NA,NA,NA,NA,NA,NA,DOM,Masculine,NA,NA,NA,NA,HS,2nd,Early,Yes,9,0,102,2023,0,0.5555555555555556,NA,NA,-0.9988130862451546,-1.1672836321893758,NA
H69,1,1,HS 2nd,2,8,102,NA,NA,NA,5,4,2,8,Heritage Spanish,NA,NA,NA,Selection,FCT-27,1,NA,NA,NA,NA,NA,NA,NA,DOM,Feminine,Singular,NA,NA,NA,HS,2nd,Early,Yes,9,0,102,2023,1,0.5555555555555556,NA,NA,-0.9988130862451546,-1.1672836321893758,NA
H70,1,1,HS 2nd,2,7,95,NA,NA,NA,2,6,2,8,Heritage Spanish,NA,NA,NA,Selection,FCT-01,0,NA,NA,NA,NA,NA,NA,NA,DOM,Masculine,NA,NA,NA,NA,HS,2nd,Early,Yes,8,0,95,2023,0,0.25,NA,NA,-1.2668864219524187,-1.41460141911759,NA
H70,1,1,HS 2nd,2,7,95,NA,NA,NA,2,6,2,8,Heritage Spanish,NA,NA,NA,Selection,FCT-04,0,NA,NA,NA,NA,NA,NA,NA,DOM,Feminine,Singular,NA,NA,NA,HS,2nd,Early,Yes,8,0,95,2023,0,0.25,NA,NA,-1.2668864219524187,-1.41460141911759,NA
H70,1,1,HS 2nd,2,7,95,NA,NA,NA,2,6,2,8,Heritage Spanish,NA,NA,NA,Selection,FCT-08,0,NA,NA,NA,NA,NA,NA,NA,DOM,Masculine,NA,NA,NA,NA,HS,2nd,Early,Yes,8,0,95,2023,0,0.25,NA,NA,-1.2668864219524187,-1.41460141911759,NA
H70,1,1,HS 2nd,2,7,95,NA,NA,NA,2,6,2,8,Heritage Spanish,NA,NA,NA,Selection,FCT-12,0,NA,NA,NA,NA,NA,NA,NA,DOM,Feminine,Singular,NA,NA,NA,HS,2nd,Early,Yes,8,0,95,2023,0,0.25,NA,NA,-1.2668864219524187,-1.41460141911759,NA
H70,1,1,HS 2nd,2,7,95,NA,NA,NA,2,6,2,8,Heritage Spanish,NA,NA,NA,Selection,FCT-16,0,NA,NA,NA,NA,NA,NA,NA,DOM,Masculine,NA,NA,NA,NA,HS,2nd,Early,Yes,8,0,95,2023,0,0.25,NA,NA,-1.2668864219524187,-1.41460141911759,NA
H70,1,1,HS 2nd,2,7,95,NA,NA,NA,2,6,2,8,Heritage Spanish,NA,NA,NA,Selection,FCT-20,1,NA,NA,NA,NA,NA,NA,NA,DOM,Feminine,Singular,NA,NA,NA,HS,2nd,Early,Yes,8,0,95,2023,1,0.25,NA,NA,-1.2668864219524187,-1.41460141911759,NA
H70,1,1,HS 2nd,2,7,95,NA,NA,NA,2,6,2,8,Heritage Spanish,NA,NA,NA,Selection,FCT-24,1,NA,NA,NA,NA,NA,NA,NA,DOM,Masculine,NA,NA,NA,NA,HS,2nd,Early,Yes,8,0,95,2023,1,0.25,NA,NA,-1.2668864219524187,-1.41460141911759,NA
H70,1,1,HS 2nd,2,7,95,NA,NA,NA,2,6,2,8,Heritage Spanish,NA,NA,NA,Selection,FCT-27,0,NA,NA,NA,NA,NA,NA,NA,DOM,Feminine,Singular,NA,NA,NA,HS,2nd,Early,Yes,8,0,95,2023,0,0.25,NA,NA,-1.2668864219524187,-1.41460141911759,NA
H70,1,2,HS 4th/5th,5,7,95,NA,NA,NA,2,6,2,8,Heritage Spanish,NA,NA,NA,Selection,FCT-01,0,NA,NA,NA,NA,NA,NA,NA,DOM,Masculine,NA,NA,NA,NA,HS,4th/5th,Early,Yes,8,36,131,2026,0,0.25,NA,NA,-1.2668864219524187,-0.1426813720582039,NA
H70,1,2,HS 4th/5th,5,7,95,NA,NA,NA,2,6,2,8,Heritage Spanish,NA,NA,NA,Selection,FCT-04,0,NA,NA,NA,NA,NA,NA,NA,DOM,Feminine,Singular,NA,NA,NA,HS,4th/5th,Early,Yes,8,36,131,2026,0,0.25,NA,NA,-1.2668864219524187,-0.1426813720582039,NA
H70,1,2,HS 4th/5th,5,7,95,NA,NA,NA,2,6,2,8,Heritage Spanish,NA,NA,NA,Selection,FCT-08,1,NA,NA,NA,NA,NA,NA,NA,DOM,Masculine,NA,NA,NA,NA,HS,4th/5th,Early,Yes,8,36,131,2026,1,0.25,NA,NA,-1.2668864219524187,-0.1426813720582039,NA
H70,1,2,HS 4th/5th,5,7,95,NA,NA,NA,2,6,2,8,Heritage Spanish,NA,NA,NA,Selection,FCT-12,0,NA,NA,NA,NA,NA,NA,NA,DOM,Feminine,Singular,NA,NA,NA,HS,4th/5th,Early,Yes,8,36,131,2026,0,0.25,NA,NA,-1.2668864219524187,-0.1426813720582039,NA
H70,1,2,HS 4th/5th,5,7,95,NA,NA,NA,2,6,2,8,Heritage Spanish,NA,NA,NA,Selection,FCT-16,0,NA,NA,NA,NA,NA,NA,NA,DOM,Masculine,NA,NA,NA,NA,HS,4th/5th,Early,Yes,8,36,131,2026,0,0.25,NA,NA,-1.2668864219524187,-0.1426813720582039,NA
H70,1,2,HS 4th/5th,5,7,95,NA,NA,NA,2,6,2,8,Heritage Spanish,NA,NA,NA,Selection,FCT-20,0,NA,NA,NA,NA,NA,NA,NA,DOM,Feminine,Singular,NA,NA,NA,HS,4th/5th,Early,Yes,8,36,131,2026,0,0.25,NA,NA,-1.2668864219524187,-0.1426813720582039,NA
H70,1,2,HS 4th/5th,5,7,95,NA,NA,NA,2,6,2,8,Heritage Spanish,NA,NA,NA,Selection,FCT-24,0,NA,NA,NA,NA,NA,NA,NA,DOM,Masculine,NA,NA,NA,NA,HS,4th/5th,Early,Yes,8,36,131,2026,0,0.25,NA,NA,-1.2668864219524187,-0.1426813720582039,NA
H70,1,2,HS 4th/5th,5,7,95,NA,NA,NA,2,6,2,8,Heritage Spanish,NA,NA,NA,Selection,FCT-27,1,NA,NA,NA,NA,NA,NA,NA,DOM,Feminine,Singular,NA,NA,NA,HS,4th/5th,Early,Yes,8,36,131,2026,1,0.25,NA,NA,-1.2668864219524187,-0.1426813720582039,NA
H71,1,1,L2L 2nd,2,7,94,NA,NA,NA,1,4,2,7,L2 learner,L2,L2,L2,Selection,FCT-01,0,NA,NA,NA,NA,NA,NA,NA,DOM,Masculine,NA,NA,NA,NA,L2L,2nd,Early,Yes,5,0,94,2023,0,0.2,NA,NA,-1.3051826127677424,-1.4499325315359062,NA
H71,1,1,L2L 2nd,2,7,94,NA,NA,NA,1,4,2,7,L2 learner,L2,L2,L2,Selection,FCT-04,1,NA,NA,NA,NA,NA,NA,NA,DOM,Feminine,Singular,NA,NA,NA,L2L,2nd,Early,Yes,5,0,94,2023,1,0.2,NA,NA,-1.3051826127677424,-1.4499325315359062,NA
H71,1,1,L2L 2nd,2,7,94,NA,NA,NA,1,4,2,7,L2 learner,L2,L2,L2,Selection,FCT-08,0,NA,NA,NA,NA,NA,NA,NA,DOM,Masculine,NA,NA,NA,NA,L2L,2nd,Early,Yes,5,0,94,2023,0,0.2,NA,NA,-1.3051826127677424,-1.4499325315359062,NA
H71,1,1,L2L 2nd,2,7,94,NA,NA,NA,1,4,2,7,L2 learner,L2,L2,L2,Selection,FCT-12,1,NA,NA,NA,NA,NA,NA,NA,DOM,Feminine,Singular,NA,NA,NA,L2L,2nd,Early,Yes,5,0,94,2023,1,0.2,NA,NA,-1.3051826127677424,-1.4499325315359062,NA
H71,1,1,L2L 2nd,2,7,94,NA,NA,NA,1,4,2,7,L2 learner,L2,L2,L2,Selection,FCT-16,1,NA,NA,NA,NA,NA,NA,NA,DOM,Masculine,NA,NA,NA,NA,L2L,2nd,Early,Yes,5,0,94,2023,1,0.2,NA,NA,-1.3051826127677424,-1.4499325315359062,NA
H71,1,1,L2L 2nd,2,7,94,NA,NA,NA,1,4,2,7,L2 learner,L2,L2,L2,Selection,FCT-20,1,NA,NA,NA,NA,NA,NA,NA,DOM,Feminine,Singular,NA,NA,NA,L2L,2nd,Early,Yes,5,0,94,2023,1,0.2,NA,NA,-1.3051826127677424,-1.4499325315359062,NA
H71,1,1,L2L 2nd,2,7,94,NA,NA,NA,1,4,2,7,L2 learner,L2,L2,L2,Selection,FCT-24,1,NA,NA,NA,NA,NA,NA,NA,DOM,Masculine,NA,NA,NA,NA,L2L,2nd,Early,Yes,5,0,94,2023,1,0.2,NA,NA,-1.3051826127677424,-1.4499325315359062,NA
H72,1,1,L2L 2nd,2,7,94,NA,NA,NA,3,4,2,8,Russian,No,Yes,Yes,Selection,FCT-01,1,NA,NA,NA,NA,NA,NA,NA,DOM,Masculine,NA,NA,NA,NA,L2L,2nd,Early,Yes,7,0,94,2023,1,0.42857142857142855,NA,NA,-1.3051826127677424,-1.4499325315359062,NA
H72,1,1,L2L 2nd,2,7,94,NA,NA,NA,3,4,2,8,Russian,No,Yes,Yes,Selection,FCT-04,0,NA,NA,NA,NA,NA,NA,NA,DOM,Feminine,Singular,NA,NA,NA,L2L,2nd,Early,Yes,7,0,94,2023,0,0.42857142857142855,NA,NA,-1.3051826127677424,-1.4499325315359062,NA
H72,1,1,L2L 2nd,2,7,94,NA,NA,NA,3,4,2,8,Russian,No,Yes,Yes,Selection,FCT-08,0,NA,NA,NA,NA,NA,NA,NA,DOM,Masculine,NA,NA,NA,NA,L2L,2nd,Early,Yes,7,0,94,2023,0,0.42857142857142855,NA,NA,-1.3051826127677424,-1.4499325315359062,NA
H72,1,1,L2L 2nd,2,7,94,NA,NA,NA,3,4,2,8,Russian,No,Yes,Yes,Selection,FCT-12,1,NA,NA,NA,NA,NA,NA,NA,DOM,Feminine,Singular,NA,NA,NA,L2L,2nd,Early,Yes,7,0,94,2023,1,0.42857142857142855,NA,NA,-1.3051826127677424,-1.4499325315359062,NA
H72,1,1,L2L 2nd,2,7,94,NA,NA,NA,3,4,2,8,Russian,No,Yes,Yes,Selection,FCT-16,1,NA,NA,NA,NA,NA,NA,NA,DOM,Masculine,NA,NA,NA,NA,L2L,2nd,Early,Yes,7,0,94,2023,1,0.42857142857142855,NA,NA,-1.3051826127677424,-1.4499325315359062,NA
H72,1,1,L2L 2nd,2,7,94,NA,NA,NA,3,4,2,8,Russian,No,Yes,Yes,Selection,FCT-20,1,NA,NA,NA,NA,NA,NA,NA,DOM,Feminine,Singular,NA,NA,NA,L2L,2nd,Early,Yes,7,0,94,2023,1,0.42857142857142855,NA,NA,-1.3051826127677424,-1.4499325315359062,NA
H72,1,1,L2L 2nd,2,7,94,NA,NA,NA,3,4,2,8,Russian,No,Yes,Yes,Selection,FCT-24,0,NA,NA,NA,NA,NA,NA,NA,DOM,Masculine,NA,NA,NA,NA,L2L,2nd,Early,Yes,7,0,94,2023,0,0.42857142857142855,NA,NA,-1.3051826127677424,-1.4499325315359062,NA
H72,1,1,L2L 2nd,2,7,94,NA,NA,NA,3,4,2,8,Russian,No,Yes,Yes,Selection,FCT-27,NA,NA,NA,NA,NA,NA,NA,NA,DOM,Feminine,Singular,NA,NA,NA,L2L,2nd,Early,Yes,7,0,94,2023,NA,0.42857142857142855,NA,NA,-1.3051826127677424,-1.4499325315359062,NA
H72,1,2,L2L 4th/5th,5,7,94,NA,NA,NA,3,4,2,8,Russian,No,Yes,Yes,Selection,FCT-01,1,NA,NA,NA,NA,NA,NA,NA,DOM,Masculine,NA,NA,NA,NA,L2L,4th/5th,Early,Yes,7,36,130,2026,1,0.42857142857142855,NA,NA,-1.3051826127677424,-0.17801248447652016,NA
H72,1,2,L2L 4th/5th,5,7,94,NA,NA,NA,3,4,2,8,Russian,No,Yes,Yes,Selection,FCT-04,0,NA,NA,NA,NA,NA,NA,NA,DOM,Feminine,Singular,NA,NA,NA,L2L,4th/5th,Early,Yes,7,36,130,2026,0,0.42857142857142855,NA,NA,-1.3051826127677424,-0.17801248447652016,NA
H72,1,2,L2L 4th/5th,5,7,94,NA,NA,NA,3,4,2,8,Russian,No,Yes,Yes,Selection,FCT-08,1,NA,NA,NA,NA,NA,NA,NA,DOM,Masculine,NA,NA,NA,NA,L2L,4th/5th,Early,Yes,7,36,130,2026,1,0.42857142857142855,NA,NA,-1.3051826127677424,-0.17801248447652016,NA
H72,1,2,L2L 4th/5th,5,7,94,NA,NA,NA,3,4,2,8,Russian,No,Yes,Yes,Selection,FCT-12,1,NA,NA,NA,NA,NA,NA,NA,DOM,Feminine,Singular,NA,NA,NA,L2L,4th/5th,Early,Yes,7,36,130,2026,1,0.42857142857142855,NA,NA,-1.3051826127677424,-0.17801248447652016,NA
H72,1,2,L2L 4th/5th,5,7,94,NA,NA,NA,3,4,2,8,Russian,No,Yes,Yes,Selection,FCT-16,0,NA,NA,NA,NA,NA,NA,NA,DOM,Masculine,NA,NA,NA,NA,L2L,4th/5th,Early,Yes,7,36,130,2026,0,0.42857142857142855,NA,NA,-1.3051826127677424,-0.17801248447652016,NA
H72,1,2,L2L 4th/5th,5,7,94,NA,NA,NA,3,4,2,8,Russian,No,Yes,Yes,Selection,FCT-20,1,NA,NA,NA,NA,NA,NA,NA,DOM,Feminine,Singular,NA,NA,NA,L2L,4th/5th,Early,Yes,7,36,130,2026,1,0.42857142857142855,NA,NA,-1.3051826127677424,-0.17801248447652016,NA
H72,1,2,L2L 4th/5th,5,7,94,NA,NA,NA,3,4,2,8,Russian,No,Yes,Yes,Selection,FCT-24,0,NA,NA,NA,NA,NA,NA,NA,DOM,Masculine,NA,NA,NA,NA,L2L,4th/5th,Early,Yes,7,36,130,2026,0,0.42857142857142855,NA,NA,-1.3051826127677424,-0.17801248447652016,NA
H72,1,2,L2L 4th/5th,5,7,94,NA,NA,NA,3,4,2,8,Russian,No,Yes,Yes,Selection,FCT-27,0,NA,NA,NA,NA,NA,NA,NA,DOM,Feminine,Singular,NA,NA,NA,L2L,4th/5th,Early,Yes,7,36,130,2026,0,0.42857142857142855,NA,NA,-1.3051826127677424,-0.17801248447652016,NA
H73,1,1,L2L 4th/5th,4,10,125,NA,NA,NA,3,5,NA,6,"Mandarin, Cantonese, Fujianese",Yes,No,No,Selection,FCT-01,0,NA,NA,NA,NA,NA,NA,NA,DOM,Masculine,NA,NA,NA,NA,L2L,4th/5th,Early,Yes,8,0,125,2023,0,0.375,NA,NA,-0.11800069749271534,-0.3546680465681015,NA
H73,1,1,L2L 4th/5th,4,10,125,NA,NA,NA,3,5,NA,6,"Mandarin, Cantonese, Fujianese",Yes,No,No,Selection,FCT-04,0,NA,NA,NA,NA,NA,NA,NA,DOM,Feminine,Singular,NA,NA,NA,L2L,4th/5th,Early,Yes,8,0,125,2023,0,0.375,NA,NA,-0.11800069749271534,-0.3546680465681015,NA
H73,1,1,L2L 4th/5th,4,10,125,NA,NA,NA,3,5,NA,6,"Mandarin, Cantonese, Fujianese",Yes,No,No,Selection,FCT-08,0,NA,NA,NA,NA,NA,NA,NA,DOM,Masculine,NA,NA,NA,NA,L2L,4th/5th,Early,Yes,8,0,125,2023,0,0.375,NA,NA,-0.11800069749271534,-0.3546680465681015,NA
H73,1,1,L2L 4th/5th,4,10,125,NA,NA,NA,3,5,NA,6,"Mandarin, Cantonese, Fujianese",Yes,No,No,Selection,FCT-12,0,NA,NA,NA,NA,NA,NA,NA,DOM,Feminine,Singular,NA,NA,NA,L2L,4th/5th,Early,Yes,8,0,125,2023,0,0.375,NA,NA,-0.11800069749271534,-0.3546680465681015,NA
H73,1,1,L2L 4th/5th,4,10,125,NA,NA,NA,3,5,NA,6,"Mandarin, Cantonese, Fujianese",Yes,No,No,Selection,FCT-16,1,NA,NA,NA,NA,NA,NA,NA,DOM,Masculine,NA,NA,NA,NA,L2L,4th/5th,Early,Yes,8,0,125,2023,1,0.375,NA,NA,-0.11800069749271534,-0.3546680465681015,NA
H73,1,1,L2L 4th/5th,4,10,125,NA,NA,NA,3,5,NA,6,"Mandarin, Cantonese, Fujianese",Yes,No,No,Selection,FCT-20,0,NA,NA,NA,NA,NA,NA,NA,DOM,Feminine,Singular,NA,NA,NA,L2L,4th/5th,Early,Yes,8,0,125,2023,0,0.375,NA,NA,-0.11800069749271534,-0.3546680465681015,NA
H73,1,1,L2L 4th/5th,4,10,125,NA,NA,NA,3,5,NA,6,"Mandarin, Cantonese, Fujianese",Yes,No,No,Selection,FCT-24,0,NA,NA,NA,NA,NA,NA,NA,DOM,Masculine,NA,NA,NA,NA,L2L,4th/5th,Early,Yes,8,0,125,2023,0,0.375,NA,NA,-0.11800069749271534,-0.3546680465681015,NA
H73,1,1,L2L 4th/5th,4,10,125,NA,NA,NA,3,5,NA,6,"Mandarin, Cantonese, Fujianese",Yes,No,No,Selection,FCT-27,1,NA,NA,NA,NA,NA,NA,NA,DOM,Feminine,Singular,NA,NA,NA,L2L,4th/5th,Early,Yes,8,0,125,2023,1,0.375,NA,NA,-0.11800069749271534,-0.3546680465681015,NA
H73,1,2,L2L 7th/8th,7,10,125,NA,NA,NA,3,5,NA,6,"Mandarin, Cantonese, Fujianese",Yes,No,No,Selection,FCT-01,0,NA,NA,NA,NA,NA,NA,NA,DOM,Masculine,NA,NA,NA,NA,L2L,7th/8th,Early,Yes,8,36,161,2026,0,0.375,NA,NA,-0.11800069749271534,0.9172520004912844,NA
H73,1,2,L2L 7th/8th,7,10,125,NA,NA,NA,3,5,NA,6,"Mandarin, Cantonese, Fujianese",Yes,No,No,Selection,FCT-04,1,NA,NA,NA,NA,NA,NA,NA,DOM,Feminine,Singular,NA,NA,NA,L2L,7th/8th,Early,Yes,8,36,161,2026,1,0.375,NA,NA,-0.11800069749271534,0.9172520004912844,NA
H73,1,2,L2L 7th/8th,7,10,125,NA,NA,NA,3,5,NA,6,"Mandarin, Cantonese, Fujianese",Yes,No,No,Selection,FCT-08,0,NA,NA,NA,NA,NA,NA,NA,DOM,Masculine,NA,NA,NA,NA,L2L,7th/8th,Early,Yes,8,36,161,2026,0,0.375,NA,NA,-0.11800069749271534,0.9172520004912844,NA
H73,1,2,L2L 7th/8th,7,10,125,NA,NA,NA,3,5,NA,6,"Mandarin, Cantonese, Fujianese",Yes,No,No,Selection,FCT-12,1,NA,NA,NA,NA,NA,NA,NA,DOM,Feminine,Singular,NA,NA,NA,L2L,7th/8th,Early,Yes,8,36,161,2026,1,0.375,NA,NA,-0.11800069749271534,0.9172520004912844,NA
H73,1,2,L2L 7th/8th,7,10,125,NA,NA,NA,3,5,NA,6,"Mandarin, Cantonese, Fujianese",Yes,No,No,Selection,FCT-16,0,NA,NA,NA,NA,NA,NA,NA,DOM,Masculine,NA,NA,NA,NA,L2L,7th/8th,Early,Yes,8,36,161,2026,0,0.375,NA,NA,-0.11800069749271534,0.9172520004912844,NA
H73,1,2,L2L 7th/8th,7,10,125,NA,NA,NA,3,5,NA,6,"Mandarin, Cantonese, Fujianese",Yes,No,No,Selection,FCT-20,0,NA,NA,NA,NA,NA,NA,NA,DOM,Feminine,Singular,NA,NA,NA,L2L,7th/8th,Early,Yes,8,36,161,2026,0,0.375,NA,NA,-0.11800069749271534,0.9172520004912844,NA
H73,1,2,L2L 7th/8th,7,10,125,NA,NA,NA,3,5,NA,6,"Mandarin, Cantonese, Fujianese",Yes,No,No,Selection,FCT-24,0,NA,NA,NA,NA,NA,NA,NA,DOM,Masculine,NA,NA,NA,NA,L2L,7th/8th,Early,Yes,8,36,161,2026,0,0.375,NA,NA,-0.11800069749271534,0.9172520004912844,NA
H73,1,2,L2L 7th/8th,7,10,125,NA,NA,NA,3,5,NA,6,"Mandarin, Cantonese, Fujianese",Yes,No,No,Selection,FCT-27,0,NA,NA,NA,NA,NA,NA,NA,DOM,Feminine,Singular,NA,NA,NA,L2L,7th/8th,Early,Yes,8,36,161,2026,0,0.375,NA,NA,-0.11800069749271534,0.9172520004912844,NA
H74,1,1,L2L 4th/5th,4,10,121,NA,NA,NA,5,4,NA,5,Tagalog,Yes,No,No,Selection,FCT-01,1,NA,NA,NA,NA,NA,NA,NA,DOM,Masculine,NA,NA,NA,NA,L2L,4th/5th,Early,Yes,9,0,121,2023,1,0.5555555555555556,NA,NA,-0.2711854607540091,-0.49599249624136665,NA
H74,1,1,L2L 4th/5th,4,10,121,NA,NA,NA,5,4,NA,5,Tagalog,Yes,No,No,Selection,FCT-04,1,NA,NA,NA,NA,NA,NA,NA,DOM,Feminine,Singular,NA,NA,NA,L2L,4th/5th,Early,Yes,9,0,121,2023,1,0.5555555555555556,NA,NA,-0.2711854607540091,-0.49599249624136665,NA
H74,1,1,L2L 4th/5th,4,10,121,NA,NA,NA,5,4,NA,5,Tagalog,Yes,No,No,Selection,FCT-08,1,NA,NA,NA,NA,NA,NA,NA,DOM,Masculine,NA,NA,NA,NA,L2L,4th/5th,Early,Yes,9,0,121,2023,1,0.5555555555555556,NA,NA,-0.2711854607540091,-0.49599249624136665,NA
H74,1,1,L2L 4th/5th,4,10,121,NA,NA,NA,5,4,NA,5,Tagalog,Yes,No,No,Selection,FCT-12,1,NA,NA,NA,NA,NA,NA,NA,DOM,Feminine,Singular,NA,NA,NA,L2L,4th/5th,Early,Yes,9,0,121,2023,1,0.5555555555555556,NA,NA,-0.2711854607540091,-0.49599249624136665,NA
H74,1,1,L2L 4th/5th,4,10,121,NA,NA,NA,5,4,NA,5,Tagalog,Yes,No,No,Selection,FCT-16,1,NA,NA,NA,NA,NA,NA,NA,DOM,Masculine,NA,NA,NA,NA,L2L,4th/5th,Early,Yes,9,0,121,2023,1,0.5555555555555556,NA,NA,-0.2711854607540091,-0.49599249624136665,NA
H74,1,1,L2L 4th/5th,4,10,121,NA,NA,NA,5,4,NA,5,Tagalog,Yes,No,No,Selection,FCT-20,1,NA,NA,NA,NA,NA,NA,NA,DOM,Feminine,Singular,NA,NA,NA,L2L,4th/5th,Early,Yes,9,0,121,2023,1,0.5555555555555556,NA,NA,-0.2711854607540091,-0.49599249624136665,NA
H74,1,1,L2L 4th/5th,4,10,121,NA,NA,NA,5,4,NA,5,Tagalog,Yes,No,No,Selection,FCT-24,1,NA,NA,NA,NA,NA,NA,NA,DOM,Masculine,NA,NA,NA,NA,L2L,4th/5th,Early,Yes,9,0,121,2023,1,0.5555555555555556,NA,NA,-0.2711854607540091,-0.49599249624136665,NA
H74,1,1,L2L 4th/5th,4,10,121,NA,NA,NA,5,4,NA,5,Tagalog,Yes,No,No,Selection,FCT-27,0,NA,NA,NA,NA,NA,NA,NA,DOM,Feminine,Singular,NA,NA,NA,L2L,4th/5th,Early,Yes,9,0,121,2023,0,0.5555555555555556,NA,NA,-0.2711854607540091,-0.49599249624136665,NA
H74,1,2,L2L 7th/8th,7,10,121,NA,NA,NA,5,4,NA,5,Tagalog,Yes,No,No,Selection,FCT-01,1,NA,NA,NA,NA,NA,NA,NA,DOM,Masculine,NA,NA,NA,NA,L2L,7th/8th,Early,Yes,9,36,157,2026,1,0.5555555555555556,NA,NA,-0.2711854607540091,0.7759275508180193,NA
H74,1,2,L2L 7th/8th,7,10,121,NA,NA,NA,5,4,NA,5,Tagalog,Yes,No,No,Selection,FCT-04,1,NA,NA,NA,NA,NA,NA,NA,DOM,Feminine,Singular,NA,NA,NA,L2L,7th/8th,Early,Yes,9,36,157,2026,1,0.5555555555555556,NA,NA,-0.2711854607540091,0.7759275508180193,NA
H74,1,2,L2L 7th/8th,7,10,121,NA,NA,NA,5,4,NA,5,Tagalog,Yes,No,No,Selection,FCT-08,0,NA,NA,NA,NA,NA,NA,NA,DOM,Masculine,NA,NA,NA,NA,L2L,7th/8th,Early,Yes,9,36,157,2026,0,0.5555555555555556,NA,NA,-0.2711854607540091,0.7759275508180193,NA
H74,1,2,L2L 7th/8th,7,10,121,NA,NA,NA,5,4,NA,5,Tagalog,Yes,No,No,Selection,FCT-12,0,NA,NA,NA,NA,NA,NA,NA,DOM,Feminine,Singular,NA,NA,NA,L2L,7th/8th,Early,Yes,9,36,157,2026,0,0.5555555555555556,NA,NA,-0.2711854607540091,0.7759275508180193,NA
H74,1,2,L2L 7th/8th,7,10,121,NA,NA,NA,5,4,NA,5,Tagalog,Yes,No,No,Selection,FCT-16,1,NA,NA,NA,NA,NA,NA,NA,DOM,Masculine,NA,NA,NA,NA,L2L,7th/8th,Early,Yes,9,36,157,2026,1,0.5555555555555556,NA,NA,-0.2711854607540091,0.7759275508180193,NA
H74,1,2,L2L 7th/8th,7,10,121,NA,NA,NA,5,4,NA,5,Tagalog,Yes,No,No,Selection,FCT-20,1,NA,NA,NA,NA,NA,NA,NA,DOM,Feminine,Singular,NA,NA,NA,L2L,7th/8th,Early,Yes,9,36,157,2026,1,0.5555555555555556,NA,NA,-0.2711854607540091,0.7759275508180193,NA
H74,1,2,L2L 7th/8th,7,10,121,NA,NA,NA,5,4,NA,5,Tagalog,Yes,No,No,Selection,FCT-24,1,NA,NA,NA,NA,NA,NA,NA,DOM,Masculine,NA,NA,NA,NA,L2L,7th/8th,Early,Yes,9,36,157,2026,1,0.5555555555555556,NA,NA,-0.2711854607540091,0.7759275508180193,NA
H74,1,2,L2L 7th/8th,7,10,121,NA,NA,NA,5,4,NA,5,Tagalog,Yes,No,No,Selection,FCT-27,0,NA,NA,NA,NA,NA,NA,NA,DOM,Feminine,Singular,NA,NA,NA,L2L,7th/8th,Early,Yes,9,36,157,2026,0,0.5555555555555556,NA,NA,-0.2711854607540091,0.7759275508180193,NA
H75,1,1,L2L 4th/5th,4,10,120,NA,NA,NA,2,2,NA,8,L2 learner,L2,L2,L2,Selection,FCT-01,1,NA,NA,NA,NA,NA,NA,NA,DOM,Masculine,NA,NA,NA,NA,L2L,4th/5th,Early,Yes,4,0,120,2023,1,0.5,NA,NA,-0.3094816515693326,-0.531323608659683,NA
H75,1,1,L2L 4th/5th,4,10,120,NA,NA,NA,2,2,NA,8,L2 learner,L2,L2,L2,Selection,FCT-04,1,NA,NA,NA,NA,NA,NA,NA,DOM,Feminine,Singular,NA,NA,NA,L2L,4th/5th,Early,Yes,4,0,120,2023,1,0.5,NA,NA,-0.3094816515693326,-0.531323608659683,NA
H75,1,1,L2L 4th/5th,4,10,120,NA,NA,NA,2,2,NA,8,L2 learner,L2,L2,L2,Selection,FCT-08,1,NA,NA,NA,NA,NA,NA,NA,DOM,Masculine,NA,NA,NA,NA,L2L,4th/5th,Early,Yes,4,0,120,2023,1,0.5,NA,NA,-0.3094816515693326,-0.531323608659683,NA
H75,1,1,L2L 4th/5th,4,10,120,NA,NA,NA,2,2,NA,8,L2 learner,L2,L2,L2,Selection,FCT-12,0,NA,NA,NA,NA,NA,NA,NA,DOM,Feminine,Singular,NA,NA,NA,L2L,4th/5th,Early,Yes,4,0,120,2023,0,0.5,NA,NA,-0.3094816515693326,-0.531323608659683,NA
H75,1,1,L2L 4th/5th,4,10,120,NA,NA,NA,2,2,NA,8,L2 learner,L2,L2,L2,Selection,FCT-16,0,NA,NA,NA,NA,NA,NA,NA,DOM,Masculine,NA,NA,NA,NA,L2L,4th/5th,Early,Yes,4,0,120,2023,0,0.5,NA,NA,-0.3094816515693326,-0.531323608659683,NA
H75,1,1,L2L 4th/5th,4,10,120,NA,NA,NA,2,2,NA,8,L2 learner,L2,L2,L2,Selection,FCT-20,1,NA,NA,NA,NA,NA,NA,NA,DOM,Feminine,Singular,NA,NA,NA,L2L,4th/5th,Early,Yes,4,0,120,2023,1,0.5,NA,NA,-0.3094816515693326,-0.531323608659683,NA
H75,1,1,L2L 4th/5th,4,10,120,NA,NA,NA,2,2,NA,8,L2 learner,L2,L2,L2,Selection,FCT-24,0,NA,NA,NA,NA,NA,NA,NA,DOM,Masculine,NA,NA,NA,NA,L2L,4th/5th,Early,Yes,4,0,120,2023,0,0.5,NA,NA,-0.3094816515693326,-0.531323608659683,NA
H75,1,1,L2L 4th/5th,4,10,120,NA,NA,NA,2,2,NA,8,L2 learner,L2,L2,L2,Selection,FCT-27,0,NA,NA,NA,NA,NA,NA,NA,DOM,Feminine,Singular,NA,NA,NA,L2L,4th/5th,Early,Yes,4,0,120,2023,0,0.5,NA,NA,-0.3094816515693326,-0.531323608659683,NA
H76,1,1,L2L 4th/5th,4,10,126,NA,NA,NA,1,4,3,8,Hindi,Yes,Yes,Yes,Selection,FCT-01,0,NA,NA,NA,NA,NA,NA,NA,DOM,Masculine,NA,NA,NA,NA,L2L,4th/5th,Early,Yes,5,0,126,2023,0,0.2,NA,NA,-0.0797045066773919,-0.31933693414978526,NA
H76,1,1,L2L 4th/5th,4,10,126,NA,NA,NA,1,4,3,8,Hindi,Yes,Yes,Yes,Selection,FCT-04,1,NA,NA,NA,NA,NA,NA,NA,DOM,Feminine,Singular,NA,NA,NA,L2L,4th/5th,Early,Yes,5,0,126,2023,1,0.2,NA,NA,-0.0797045066773919,-0.31933693414978526,NA
H76,1,1,L2L 4th/5th,4,10,126,NA,NA,NA,1,4,3,8,Hindi,Yes,Yes,Yes,Selection,FCT-08,1,NA,NA,NA,NA,NA,NA,NA,DOM,Masculine,NA,NA,NA,NA,L2L,4th/5th,Early,Yes,5,0,126,2023,1,0.2,NA,NA,-0.0797045066773919,-0.31933693414978526,NA
H76,1,1,L2L 4th/5th,4,10,126,NA,NA,NA,1,4,3,8,Hindi,Yes,Yes,Yes,Selection,FCT-12,1,NA,NA,NA,NA,NA,NA,NA,DOM,Feminine,Singular,NA,NA,NA,L2L,4th/5th,Early,Yes,5,0,126,2023,1,0.2,NA,NA,-0.0797045066773919,-0.31933693414978526,NA
H76,1,1,L2L 4th/5th,4,10,126,NA,NA,NA,1,4,3,8,Hindi,Yes,Yes,Yes,Selection,FCT-16,1,NA,NA,NA,NA,NA,NA,NA,DOM,Masculine,NA,NA,NA,NA,L2L,4th/5th,Early,Yes,5,0,126,2023,1,0.2,NA,NA,-0.0797045066773919,-0.31933693414978526,NA
H76,1,1,L2L 4th/5th,4,10,126,NA,NA,NA,1,4,3,8,Hindi,Yes,Yes,Yes,Selection,FCT-20,1,NA,NA,NA,NA,NA,NA,NA,DOM,Feminine,Singular,NA,NA,NA,L2L,4th/5th,Early,Yes,5,0,126,2023,1,0.2,NA,NA,-0.0797045066773919,-0.31933693414978526,NA
H76,1,1,L2L 4th/5th,4,10,126,NA,NA,NA,1,4,3,8,Hindi,Yes,Yes,Yes,Selection,FCT-24,1,NA,NA,NA,NA,NA,NA,NA,DOM,Masculine,NA,NA,NA,NA,L2L,4th/5th,Early,Yes,5,0,126,2023,1,0.2,NA,NA,-0.0797045066773919,-0.31933693414978526,NA
H76,1,1,L2L 4th/5th,4,10,126,NA,NA,NA,1,4,3,8,Hindi,Yes,Yes,Yes,Selection,FCT-27,0,NA,NA,NA,NA,NA,NA,NA,DOM,Feminine,Singular,NA,NA,NA,L2L,4th/5th,Early,Yes,5,0,126,2023,0,0.2,NA,NA,-0.0797045066773919,-0.31933693414978526,NA
H76,1,2,L2L 7th/8th,7,10,126,NA,NA,NA,1,4,3,8,Hindi,Yes,Yes,Yes,Selection,FCT-01,1,NA,NA,NA,NA,NA,NA,NA,DOM,Masculine,NA,NA,NA,NA,L2L,7th/8th,Early,Yes,5,36,162,2026,1,0.2,NA,NA,-0.0797045066773919,0.9525831129096007,NA
H76,1,2,L2L 7th/8th,7,10,126,NA,NA,NA,1,4,3,8,Hindi,Yes,Yes,Yes,Selection,FCT-04,1,NA,NA,NA,NA,NA,NA,NA,DOM,Feminine,Singular,NA,NA,NA,L2L,7th/8th,Early,Yes,5,36,162,2026,1,0.2,NA,NA,-0.0797045066773919,0.9525831129096007,NA
H76,1,2,L2L 7th/8th,7,10,126,NA,NA,NA,1,4,3,8,Hindi,Yes,Yes,Yes,Selection,FCT-08,0,NA,NA,NA,NA,NA,NA,NA,DOM,Masculine,NA,NA,NA,NA,L2L,7th/8th,Early,Yes,5,36,162,2026,0,0.2,NA,NA,-0.0797045066773919,0.9525831129096007,NA
H76,1,2,L2L 7th/8th,7,10,126,NA,NA,NA,1,4,3,8,Hindi,Yes,Yes,Yes,Selection,FCT-12,1,NA,NA,NA,NA,NA,NA,NA,DOM,Feminine,Singular,NA,NA,NA,L2L,7th/8th,Early,Yes,5,36,162,2026,1,0.2,NA,NA,-0.0797045066773919,0.9525831129096007,NA
H76,1,2,L2L 7th/8th,7,10,126,NA,NA,NA,1,4,3,8,Hindi,Yes,Yes,Yes,Selection,FCT-16,1,NA,NA,NA,NA,NA,NA,NA,DOM,Masculine,NA,NA,NA,NA,L2L,7th/8th,Early,Yes,5,36,162,2026,1,0.2,NA,NA,-0.0797045066773919,0.9525831129096007,NA
H76,1,2,L2L 7th/8th,7,10,126,NA,NA,NA,1,4,3,8,Hindi,Yes,Yes,Yes,Selection,FCT-20,1,NA,NA,NA,NA,NA,NA,NA,DOM,Feminine,Singular,NA,NA,NA,L2L,7th/8th,Early,Yes,5,36,162,2026,1,0.2,NA,NA,-0.0797045066773919,0.9525831129096007,NA
H76,1,2,L2L 7th/8th,7,10,126,NA,NA,NA,1,4,3,8,Hindi,Yes,Yes,Yes,Selection,FCT-24,1,NA,NA,NA,NA,NA,NA,NA,DOM,Masculine,NA,NA,NA,NA,L2L,7th/8th,Early,Yes,5,36,162,2026,1,0.2,NA,NA,-0.0797045066773919,0.9525831129096007,NA
H76,1,2,L2L 7th/8th,7,10,126,NA,NA,NA,1,4,3,8,Hindi,Yes,Yes,Yes,Selection,FCT-27,1,NA,NA,NA,NA,NA,NA,NA,DOM,Feminine,Singular,NA,NA,NA,L2L,7th/8th,Early,Yes,5,36,162,2026,1,0.2,NA,NA,-0.0797045066773919,0.9525831129096007,NA
H77,1,1,HS 4th/5th,4,11,132,NA,NA,NA,5,5,NA,8,Heritage Spanish,NA,NA,NA,Selection,FCT-01,1,NA,NA,NA,NA,NA,NA,NA,DOM,Masculine,NA,NA,NA,NA,HS,4th/5th,Early,Yes,10,0,132,2023,1,0.5,NA,NA,0.1500726382145488,-0.10735025963988762,NA
H77,1,1,HS 4th/5th,4,11,132,NA,NA,NA,5,5,NA,8,Heritage Spanish,NA,NA,NA,Selection,FCT-04,0,NA,NA,NA,NA,NA,NA,NA,DOM,Feminine,Singular,NA,NA,NA,HS,4th/5th,Early,Yes,10,0,132,2023,0,0.5,NA,NA,0.1500726382145488,-0.10735025963988762,NA
H77,1,1,HS 4th/5th,4,11,132,NA,NA,NA,5,5,NA,8,Heritage Spanish,NA,NA,NA,Selection,FCT-08,0,NA,NA,NA,NA,NA,NA,NA,DOM,Masculine,NA,NA,NA,NA,HS,4th/5th,Early,Yes,10,0,132,2023,0,0.5,NA,NA,0.1500726382145488,-0.10735025963988762,NA
H77,1,1,HS 4th/5th,4,11,132,NA,NA,NA,5,5,NA,8,Heritage Spanish,NA,NA,NA,Selection,FCT-12,1,NA,NA,NA,NA,NA,NA,NA,DOM,Feminine,Singular,NA,NA,NA,HS,4th/5th,Early,Yes,10,0,132,2023,1,0.5,NA,NA,0.1500726382145488,-0.10735025963988762,NA
H77,1,1,HS 4th/5th,4,11,132,NA,NA,NA,5,5,NA,8,Heritage Spanish,NA,NA,NA,Selection,FCT-16,0,NA,NA,NA,NA,NA,NA,NA,DOM,Masculine,NA,NA,NA,NA,HS,4th/5th,Early,Yes,10,0,132,2023,0,0.5,NA,NA,0.1500726382145488,-0.10735025963988762,NA
H77,1,1,HS 4th/5th,4,11,132,NA,NA,NA,5,5,NA,8,Heritage Spanish,NA,NA,NA,Selection,FCT-20,0,NA,NA,NA,NA,NA,NA,NA,DOM,Feminine,Singular,NA,NA,NA,HS,4th/5th,Early,Yes,10,0,132,2023,0,0.5,NA,NA,0.1500726382145488,-0.10735025963988762,NA
H77,1,1,HS 4th/5th,4,11,132,NA,NA,NA,5,5,NA,8,Heritage Spanish,NA,NA,NA,Selection,FCT-24,1,NA,NA,NA,NA,NA,NA,NA,DOM,Masculine,NA,NA,NA,NA,HS,4th/5th,Early,Yes,10,0,132,2023,1,0.5,NA,NA,0.1500726382145488,-0.10735025963988762,NA
H77,1,1,HS 4th/5th,4,11,132,NA,NA,NA,5,5,NA,8,Heritage Spanish,NA,NA,NA,Selection,FCT-27,1,NA,NA,NA,NA,NA,NA,NA,DOM,Feminine,Singular,NA,NA,NA,HS,4th/5th,Early,Yes,10,0,132,2023,1,0.5,NA,NA,0.1500726382145488,-0.10735025963988762,NA
H78,1,1,L2L 4th/5th,4,10,123,NA,NA,NA,2,4,NA,8,L2 learner,L2,L2,L2,Selection,FCT-01,0,NA,NA,NA,NA,NA,NA,NA,DOM,Masculine,NA,NA,NA,NA,L2L,4th/5th,Early,Yes,6,0,123,2023,0,0.3333333333333333,NA,NA,-0.19459307912336224,-0.4253302714047341,NA
H78,1,1,L2L 4th/5th,4,10,123,NA,NA,NA,2,4,NA,8,L2 learner,L2,L2,L2,Selection,FCT-04,0,NA,NA,NA,NA,NA,NA,NA,DOM,Feminine,Singular,NA,NA,NA,L2L,4th/5th,Early,Yes,6,0,123,2023,0,0.3333333333333333,NA,NA,-0.19459307912336224,-0.4253302714047341,NA
H78,1,1,L2L 4th/5th,4,10,123,NA,NA,NA,2,4,NA,8,L2 learner,L2,L2,L2,Selection,FCT-08,1,NA,NA,NA,NA,NA,NA,NA,DOM,Masculine,NA,NA,NA,NA,L2L,4th/5th,Early,Yes,6,0,123,2023,1,0.3333333333333333,NA,NA,-0.19459307912336224,-0.4253302714047341,NA
H78,1,1,L2L 4th/5th,4,10,123,NA,NA,NA,2,4,NA,8,L2 learner,L2,L2,L2,Selection,FCT-12,1,NA,NA,NA,NA,NA,NA,NA,DOM,Feminine,Singular,NA,NA,NA,L2L,4th/5th,Early,Yes,6,0,123,2023,1,0.3333333333333333,NA,NA,-0.19459307912336224,-0.4253302714047341,NA
H78,1,1,L2L 4th/5th,4,10,123,NA,NA,NA,2,4,NA,8,L2 learner,L2,L2,L2,Selection,FCT-16,0,NA,NA,NA,NA,NA,NA,NA,DOM,Masculine,NA,NA,NA,NA,L2L,4th/5th,Early,Yes,6,0,123,2023,0,0.3333333333333333,NA,NA,-0.19459307912336224,-0.4253302714047341,NA
H78,1,1,L2L 4th/5th,4,10,123,NA,NA,NA,2,4,NA,8,L2 learner,L2,L2,L2,Selection,FCT-20,0,NA,NA,NA,NA,NA,NA,NA,DOM,Feminine,Singular,NA,NA,NA,L2L,4th/5th,Early,Yes,6,0,123,2023,0,0.3333333333333333,NA,NA,-0.19459307912336224,-0.4253302714047341,NA
H78,1,1,L2L 4th/5th,4,10,123,NA,NA,NA,2,4,NA,8,L2 learner,L2,L2,L2,Selection,FCT-24,0,NA,NA,NA,NA,NA,NA,NA,DOM,Masculine,NA,NA,NA,NA,L2L,4th/5th,Early,Yes,6,0,123,2023,0,0.3333333333333333,NA,NA,-0.19459307912336224,-0.4253302714047341,NA
H78,1,1,L2L 4th/5th,4,10,123,NA,NA,NA,2,4,NA,8,L2 learner,L2,L2,L2,Selection,FCT-27,1,NA,NA,NA,NA,NA,NA,NA,DOM,Feminine,Singular,NA,NA,NA,L2L,4th/5th,Early,Yes,6,0,123,2023,1,0.3333333333333333,NA,NA,-0.19459307912336224,-0.4253302714047341,NA
H79,2,1,L2L 7th/8th,7,NA,157,NA,NA,NA,NA,NA,NA,NA,L2 Learner,NA,NA,NA,Selection,FCT-01,0,NA,NA,NA,NA,NA,NA,NA,DOM,Masculine,NA,NA,NA,NA,L2L,7th/8th,Early,Yes,NA,0,157,2026,0,NA,NA,NA,1.107477408597635,0.7759275508180193,NA
H79,2,1,L2L 7th/8th,7,NA,157,NA,NA,NA,NA,NA,NA,NA,L2 Learner,NA,NA,NA,Selection,FCT-04,1,NA,NA,NA,NA,NA,NA,NA,DOM,Feminine,Singular,NA,NA,NA,L2L,7th/8th,Early,Yes,NA,0,157,2026,1,NA,NA,NA,1.107477408597635,0.7759275508180193,NA
H79,2,1,L2L 7th/8th,7,NA,157,NA,NA,NA,NA,NA,NA,NA,L2 Learner,NA,NA,NA,Selection,FCT-08,0,NA,NA,NA,NA,NA,NA,NA,DOM,Masculine,NA,NA,NA,NA,L2L,7th/8th,Early,Yes,NA,0,157,2026,0,NA,NA,NA,1.107477408597635,0.7759275508180193,NA
H79,2,1,L2L 7th/8th,7,NA,157,NA,NA,NA,NA,NA,NA,NA,L2 Learner,NA,NA,NA,Selection,FCT-12,1,NA,NA,NA,NA,NA,NA,NA,DOM,Feminine,Singular,NA,NA,NA,L2L,7th/8th,Early,Yes,NA,0,157,2026,1,NA,NA,NA,1.107477408597635,0.7759275508180193,NA
H79,2,1,L2L 7th/8th,7,NA,157,NA,NA,NA,NA,NA,NA,NA,L2 Learner,NA,NA,NA,Selection,FCT-16,0,NA,NA,NA,NA,NA,NA,NA,DOM,Masculine,NA,NA,NA,NA,L2L,7th/8th,Early,Yes,NA,0,157,2026,0,NA,NA,NA,1.107477408597635,0.7759275508180193,NA
H79,2,1,L2L 7th/8th,7,NA,157,NA,NA,NA,NA,NA,NA,NA,L2 Learner,NA,NA,NA,Selection,FCT-20,0,NA,NA,NA,NA,NA,NA,NA,DOM,Feminine,Singular,NA,NA,NA,L2L,7th/8th,Early,Yes,NA,0,157,2026,0,NA,NA,NA,1.107477408597635,0.7759275508180193,NA
H79,2,1,L2L 7th/8th,7,NA,157,NA,NA,NA,NA,NA,NA,NA,L2 Learner,NA,NA,NA,Selection,FCT-24,1,NA,NA,NA,NA,NA,NA,NA,DOM,Masculine,NA,NA,NA,NA,L2L,7th/8th,Early,Yes,NA,0,157,2026,1,NA,NA,NA,1.107477408597635,0.7759275508180193,NA
H79,2,1,L2L 7th/8th,7,NA,157,NA,NA,NA,NA,NA,NA,NA,L2 Learner,NA,NA,NA,Selection,FCT-27,1,NA,NA,NA,NA,NA,NA,NA,DOM,Feminine,Singular,NA,NA,NA,L2L,7th/8th,Early,Yes,NA,0,157,2026,1,NA,NA,NA,1.107477408597635,0.7759275508180193,NA
H80,2,1,HS 7th/8th,7,NA,156,NA,NA,NA,NA,NA,NA,NA,Heritage Spanish,NA,NA,NA,Selection,FCT-01,0,NA,NA,NA,NA,NA,NA,NA,DOM,Masculine,NA,NA,NA,NA,HS,7th/8th,Early,Yes,NA,0,156,2026,0,NA,NA,NA,1.0691812177823117,0.740596438399703,NA
H80,2,1,HS 7th/8th,7,NA,156,NA,NA,NA,NA,NA,NA,NA,Heritage Spanish,NA,NA,NA,Selection,FCT-04,0,NA,NA,NA,NA,NA,NA,NA,DOM,Feminine,Singular,NA,NA,NA,HS,7th/8th,Early,Yes,NA,0,156,2026,0,NA,NA,NA,1.0691812177823117,0.740596438399703,NA
H80,2,1,HS 7th/8th,7,NA,156,NA,NA,NA,NA,NA,NA,NA,Heritage Spanish,NA,NA,NA,Selection,FCT-08,0,NA,NA,NA,NA,NA,NA,NA,DOM,Masculine,NA,NA,NA,NA,HS,7th/8th,Early,Yes,NA,0,156,2026,0,NA,NA,NA,1.0691812177823117,0.740596438399703,NA
H80,2,1,HS 7th/8th,7,NA,156,NA,NA,NA,NA,NA,NA,NA,Heritage Spanish,NA,NA,NA,Selection,FCT-12,0,NA,NA,NA,NA,NA,NA,NA,DOM,Feminine,Singular,NA,NA,NA,HS,7th/8th,Early,Yes,NA,0,156,2026,0,NA,NA,NA,1.0691812177823117,0.740596438399703,NA
H80,2,1,HS 7th/8th,7,NA,156,NA,NA,NA,NA,NA,NA,NA,Heritage Spanish,NA,NA,NA,Selection,FCT-16,0,NA,NA,NA,NA,NA,NA,NA,DOM,Masculine,NA,NA,NA,NA,HS,7th/8th,Early,Yes,NA,0,156,2026,0,NA,NA,NA,1.0691812177823117,0.740596438399703,NA
H80,2,1,HS 7th/8th,7,NA,156,NA,NA,NA,NA,NA,NA,NA,Heritage Spanish,NA,NA,NA,Selection,FCT-20,1,NA,NA,NA,NA,NA,NA,NA,DOM,Feminine,Singular,NA,NA,NA,HS,7th/8th,Early,Yes,NA,0,156,2026,1,NA,NA,NA,1.0691812177823117,0.740596438399703,NA
H80,2,1,HS 7th/8th,7,NA,156,NA,NA,NA,NA,NA,NA,NA,Heritage Spanish,NA,NA,NA,Selection,FCT-24,0,NA,NA,NA,NA,NA,NA,NA,DOM,Masculine,NA,NA,NA,NA,HS,7th/8th,Early,Yes,NA,0,156,2026,0,NA,NA,NA,1.0691812177823117,0.740596438399703,NA
H80,2,1,HS 7th/8th,7,NA,156,NA,NA,NA,NA,NA,NA,NA,Heritage Spanish,NA,NA,NA,Selection,FCT-27,0,NA,NA,NA,NA,NA,NA,NA,DOM,Feminine,Singular,NA,NA,NA,HS,7th/8th,Early,Yes,NA,0,156,2026,0,NA,NA,NA,1.0691812177823117,0.740596438399703,NA
H81,2,1,NA,6,NA,140,NA,NA,NA,NA,NA,NA,NA,Heritage Spanish,NA,NA,NA,Selection,FCT-01,0,NA,NA,NA,NA,NA,NA,NA,DOM,Masculine,NA,NA,NA,NA,HS,NA,Early,Yes,NA,0,140,2026,0,NA,NA,NA,0.4564421647371364,0.1752986397066426,NA
H81,2,1,NA,6,NA,140,NA,NA,NA,NA,NA,NA,NA,Heritage Spanish,NA,NA,NA,Selection,FCT-04,0,NA,NA,NA,NA,NA,NA,NA,DOM,Feminine,Singular,NA,NA,NA,HS,NA,Early,Yes,NA,0,140,2026,0,NA,NA,NA,0.4564421647371364,0.1752986397066426,NA
H81,2,1,NA,6,NA,140,NA,NA,NA,NA,NA,NA,NA,Heritage Spanish,NA,NA,NA,Selection,FCT-08,0,NA,NA,NA,NA,NA,NA,NA,DOM,Masculine,NA,NA,NA,NA,HS,NA,Early,Yes,NA,0,140,2026,0,NA,NA,NA,0.4564421647371364,0.1752986397066426,NA
H81,2,1,NA,6,NA,140,NA,NA,NA,NA,NA,NA,NA,Heritage Spanish,NA,NA,NA,Selection,FCT-12,1,NA,NA,NA,NA,NA,NA,NA,DOM,Feminine,Singular,NA,NA,NA,HS,NA,Early,Yes,NA,0,140,2026,1,NA,NA,NA,0.4564421647371364,0.1752986397066426,NA
H81,2,1,NA,6,NA,140,NA,NA,NA,NA,NA,NA,NA,Heritage Spanish,NA,NA,NA,Selection,FCT-16,1,NA,NA,NA,NA,NA,NA,NA,DOM,Masculine,NA,NA,NA,NA,HS,NA,Early,Yes,NA,0,140,2026,1,NA,NA,NA,0.4564421647371364,0.1752986397066426,NA
H81,2,1,NA,6,NA,140,NA,NA,NA,NA,NA,NA,NA,Heritage Spanish,NA,NA,NA,Selection,FCT-20,1,NA,NA,NA,NA,NA,NA,NA,DOM,Feminine,Singular,NA,NA,NA,HS,NA,Early,Yes,NA,0,140,2026,1,NA,NA,NA,0.4564421647371364,0.1752986397066426,NA
H81,2,1,NA,6,NA,140,NA,NA,NA,NA,NA,NA,NA,Heritage Spanish,NA,NA,NA,Selection,FCT-24,1,NA,NA,NA,NA,NA,NA,NA,DOM,Masculine,NA,NA,NA,NA,HS,NA,Early,Yes,NA,0,140,2026,1,NA,NA,NA,0.4564421647371364,0.1752986397066426,NA
H81,2,1,NA,6,NA,140,NA,NA,NA,NA,NA,NA,NA,Heritage Spanish,NA,NA,NA,Selection,FCT-27,1,NA,NA,NA,NA,NA,NA,NA,DOM,Feminine,Singular,NA,NA,NA,HS,NA,Early,Yes,NA,0,140,2026,1,NA,NA,NA,0.4564421647371364,0.1752986397066426,NA
H82,2,1,NA,6,NA,140,NA,NA,NA,NA,NA,NA,NA,Heritage Spanish,NA,NA,NA,Selection,FCT-01,0,NA,NA,NA,NA,NA,NA,NA,DOM,Masculine,NA,NA,NA,NA,HS,NA,Early,Yes,NA,0,140,2026,0,NA,NA,NA,0.4564421647371364,0.1752986397066426,NA
H82,2,1,NA,6,NA,140,NA,NA,NA,NA,NA,NA,NA,Heritage Spanish,NA,NA,NA,Selection,FCT-04,1,NA,NA,NA,NA,NA,NA,NA,DOM,Feminine,Singular,NA,NA,NA,HS,NA,Early,Yes,NA,0,140,2026,1,NA,NA,NA,0.4564421647371364,0.1752986397066426,NA
H82,2,1,NA,6,NA,140,NA,NA,NA,NA,NA,NA,NA,Heritage Spanish,NA,NA,NA,Selection,FCT-08,1,NA,NA,NA,NA,NA,NA,NA,DOM,Masculine,NA,NA,NA,NA,HS,NA,Early,Yes,NA,0,140,2026,1,NA,NA,NA,0.4564421647371364,0.1752986397066426,NA
H82,2,1,NA,6,NA,140,NA,NA,NA,NA,NA,NA,NA,Heritage Spanish,NA,NA,NA,Selection,FCT-12,1,NA,NA,NA,NA,NA,NA,NA,DOM,Feminine,Singular,NA,NA,NA,HS,NA,Early,Yes,NA,0,140,2026,1,NA,NA,NA,0.4564421647371364,0.1752986397066426,NA
H82,2,1,NA,6,NA,140,NA,NA,NA,NA,NA,NA,NA,Heritage Spanish,NA,NA,NA,Selection,FCT-16,1,NA,NA,NA,NA,NA,NA,NA,DOM,Masculine,NA,NA,NA,NA,HS,NA,Early,Yes,NA,0,140,2026,1,NA,NA,NA,0.4564421647371364,0.1752986397066426,NA
H82,2,1,NA,6,NA,140,NA,NA,NA,NA,NA,NA,NA,Heritage Spanish,NA,NA,NA,Selection,FCT-20,1,NA,NA,NA,NA,NA,NA,NA,DOM,Feminine,Singular,NA,NA,NA,HS,NA,Early,Yes,NA,0,140,2026,1,NA,NA,NA,0.4564421647371364,0.1752986397066426,NA
H82,2,1,NA,6,NA,140,NA,NA,NA,NA,NA,NA,NA,Heritage Spanish,NA,NA,NA,Selection,FCT-24,0,NA,NA,NA,NA,NA,NA,NA,DOM,Masculine,NA,NA,NA,NA,HS,NA,Early,Yes,NA,0,140,2026,0,NA,NA,NA,0.4564421647371364,0.1752986397066426,NA
H82,2,1,NA,6,NA,140,NA,NA,NA,NA,NA,NA,NA,Heritage Spanish,NA,NA,NA,Selection,FCT-27,0,NA,NA,NA,NA,NA,NA,NA,DOM,Feminine,Singular,NA,NA,NA,HS,NA,Early,Yes,NA,0,140,2026,0,NA,NA,NA,0.4564421647371364,0.1752986397066426,NA
H84,2,1,L2L 7th/8th,7,NA,159,NA,NA,NA,NA,NA,NA,NA,"Russian, Turkish",NA,NA,NA,Selection,FCT-01,1,NA,NA,NA,NA,NA,NA,NA,DOM,Masculine,NA,NA,NA,NA,L2L,7th/8th,Early,Yes,NA,0,159,2026,1,NA,NA,NA,1.184069790228282,0.8465897756546519,NA
H84,2,1,L2L 7th/8th,7,NA,159,NA,NA,NA,NA,NA,NA,NA,"Russian, Turkish",NA,NA,NA,Selection,FCT-04,1,NA,NA,NA,NA,NA,NA,NA,DOM,Feminine,Singular,NA,NA,NA,L2L,7th/8th,Early,Yes,NA,0,159,2026,1,NA,NA,NA,1.184069790228282,0.8465897756546519,NA
H84,2,1,L2L 7th/8th,7,NA,159,NA,NA,NA,NA,NA,NA,NA,"Russian, Turkish",NA,NA,NA,Selection,FCT-08,0,NA,NA,NA,NA,NA,NA,NA,DOM,Masculine,NA,NA,NA,NA,L2L,7th/8th,Early,Yes,NA,0,159,2026,0,NA,NA,NA,1.184069790228282,0.8465897756546519,NA
H84,2,1,L2L 7th/8th,7,NA,159,NA,NA,NA,NA,NA,NA,NA,"Russian, Turkish",NA,NA,NA,Selection,FCT-12,0,NA,NA,NA,NA,NA,NA,NA,DOM,Feminine,Singular,NA,NA,NA,L2L,7th/8th,Early,Yes,NA,0,159,2026,0,NA,NA,NA,1.184069790228282,0.8465897756546519,NA
H84,2,1,L2L 7th/8th,7,NA,159,NA,NA,NA,NA,NA,NA,NA,"Russian, Turkish",NA,NA,NA,Selection,FCT-16,0,NA,NA,NA,NA,NA,NA,NA,DOM,Masculine,NA,NA,NA,NA,L2L,7th/8th,Early,Yes,NA,0,159,2026,0,NA,NA,NA,1.184069790228282,0.8465897756546519,NA
H84,2,1,L2L 7th/8th,7,NA,159,NA,NA,NA,NA,NA,NA,NA,"Russian, Turkish",NA,NA,NA,Selection,FCT-20,1,NA,NA,NA,NA,NA,NA,NA,DOM,Feminine,Singular,NA,NA,NA,L2L,7th/8th,Early,Yes,NA,0,159,2026,1,NA,NA,NA,1.184069790228282,0.8465897756546519,NA
H84,2,1,L2L 7th/8th,7,NA,159,NA,NA,NA,NA,NA,NA,NA,"Russian, Turkish",NA,NA,NA,Selection,FCT-24,0,NA,NA,NA,NA,NA,NA,NA,DOM,Masculine,NA,NA,NA,NA,L2L,7th/8th,Early,Yes,NA,0,159,2026,0,NA,NA,NA,1.184069790228282,0.8465897756546519,NA
H84,2,1,L2L 7th/8th,7,NA,159,NA,NA,NA,NA,NA,NA,NA,"Russian, Turkish",NA,NA,NA,Selection,FCT-27,1,NA,NA,NA,NA,NA,NA,NA,DOM,Feminine,Singular,NA,NA,NA,L2L,7th/8th,Early,Yes,NA,0,159,2026,1,NA,NA,NA,1.184069790228282,0.8465897756546519,NA
H85,2,1,L2L 4th/5th,4,NA,120,NA,NA,NA,NA,NA,NA,NA,NA,NA,NA,NA,Selection,FCT-01,1,NA,NA,NA,NA,NA,NA,NA,DOM,Masculine,NA,NA,NA,NA,L2L,4th/5th,Early,Yes,NA,0,120,2026,1,NA,NA,NA,-0.3094816515693326,-0.531323608659683,NA
H85,2,1,L2L 4th/5th,4,NA,120,NA,NA,NA,NA,NA,NA,NA,NA,NA,NA,NA,Selection,FCT-04,0,NA,NA,NA,NA,NA,NA,NA,DOM,Feminine,Singular,NA,NA,NA,L2L,4th/5th,Early,Yes,NA,0,120,2026,0,NA,NA,NA,-0.3094816515693326,-0.531323608659683,NA
H85,2,1,L2L 4th/5th,4,NA,120,NA,NA,NA,NA,NA,NA,NA,NA,NA,NA,NA,Selection,FCT-08,1,NA,NA,NA,NA,NA,NA,NA,DOM,Masculine,NA,NA,NA,NA,L2L,4th/5th,Early,Yes,NA,0,120,2026,1,NA,NA,NA,-0.3094816515693326,-0.531323608659683,NA
H85,2,1,L2L 4th/5th,4,NA,120,NA,NA,NA,NA,NA,NA,NA,NA,NA,NA,NA,Selection,FCT-12,0,NA,NA,NA,NA,NA,NA,NA,DOM,Feminine,Singular,NA,NA,NA,L2L,4th/5th,Early,Yes,NA,0,120,2026,0,NA,NA,NA,-0.3094816515693326,-0.531323608659683,NA
H85,2,1,L2L 4th/5th,4,NA,120,NA,NA,NA,NA,NA,NA,NA,NA,NA,NA,NA,Selection,FCT-16,0,NA,NA,NA,NA,NA,NA,NA,DOM,Masculine,NA,NA,NA,NA,L2L,4th/5th,Early,Yes,NA,0,120,2026,0,NA,NA,NA,-0.3094816515693326,-0.531323608659683,NA
H85,2,1,L2L 4th/5th,4,NA,120,NA,NA,NA,NA,NA,NA,NA,NA,NA,NA,NA,Selection,FCT-20,0,NA,NA,NA,NA,NA,NA,NA,DOM,Feminine,Singular,NA,NA,NA,L2L,4th/5th,Early,Yes,NA,0,120,2026,0,NA,NA,NA,-0.3094816515693326,-0.531323608659683,NA
H85,2,1,L2L 4th/5th,4,NA,120,NA,NA,NA,NA,NA,NA,NA,NA,NA,NA,NA,Selection,FCT-24,0,NA,NA,NA,NA,NA,NA,NA,DOM,Masculine,NA,NA,NA,NA,L2L,4th/5th,Early,Yes,NA,0,120,2026,0,NA,NA,NA,-0.3094816515693326,-0.531323608659683,NA
H85,2,1,L2L 4th/5th,4,NA,120,NA,NA,NA,NA,NA,NA,NA,NA,NA,NA,NA,Selection,FCT-27,1,NA,NA,NA,NA,NA,NA,NA,DOM,Feminine,Singular,NA,NA,NA,L2L,4th/5th,Early,Yes,NA,0,120,2026,1,NA,NA,NA,-0.3094816515693326,-0.531323608659683,NA
H86,2,1,L2L 2nd,2,NA,92,NA,NA,NA,NA,NA,NA,NA,NA,NA,NA,NA,Selection,FCT-01,0,NA,NA,NA,NA,NA,NA,NA,DOM,Masculine,NA,NA,NA,NA,L2L,2nd,Early,Yes,NA,0,92,2026,0,NA,NA,NA,-1.3817749943983892,-1.5205947563725386,NA
H86,2,1,L2L 2nd,2,NA,92,NA,NA,NA,NA,NA,NA,NA,NA,NA,NA,NA,Selection,FCT-04,1,NA,NA,NA,NA,NA,NA,NA,DOM,Feminine,Singular,NA,NA,NA,L2L,2nd,Early,Yes,NA,0,92,2026,1,NA,NA,NA,-1.3817749943983892,-1.5205947563725386,NA
H86,2,1,L2L 2nd,2,NA,92,NA,NA,NA,NA,NA,NA,NA,NA,NA,NA,NA,Selection,FCT-08,1,NA,NA,NA,NA,NA,NA,NA,DOM,Masculine,NA,NA,NA,NA,L2L,2nd,Early,Yes,NA,0,92,2026,1,NA,NA,NA,-1.3817749943983892,-1.5205947563725386,NA
H86,2,1,L2L 2nd,2,NA,92,NA,NA,NA,NA,NA,NA,NA,NA,NA,NA,NA,Selection,FCT-12,1,NA,NA,NA,NA,NA,NA,NA,DOM,Feminine,Singular,NA,NA,NA,L2L,2nd,Early,Yes,NA,0,92,2026,1,NA,NA,NA,-1.3817749943983892,-1.5205947563725386,NA
H86,2,1,L2L 2nd,2,NA,92,NA,NA,NA,NA,NA,NA,NA,NA,NA,NA,NA,Selection,FCT-16,1,NA,NA,NA,NA,NA,NA,NA,DOM,Masculine,NA,NA,NA,NA,L2L,2nd,Early,Yes,NA,0,92,2026,1,NA,NA,NA,-1.3817749943983892,-1.5205947563725386,NA
H86,2,1,L2L 2nd,2,NA,92,NA,NA,NA,NA,NA,NA,NA,NA,NA,NA,NA,Selection,FCT-20,1,NA,NA,NA,NA,NA,NA,NA,DOM,Feminine,Singular,NA,NA,NA,L2L,2nd,Early,Yes,NA,0,92,2026,1,NA,NA,NA,-1.3817749943983892,-1.5205947563725386,NA
H86,2,1,L2L 2nd,2,NA,92,NA,NA,NA,NA,NA,NA,NA,NA,NA,NA,NA,Selection,FCT-24,0,NA,NA,NA,NA,NA,NA,NA,DOM,Masculine,NA,NA,NA,NA,L2L,2nd,Early,Yes,NA,0,92,2026,0,NA,NA,NA,-1.3817749943983892,-1.5205947563725386,NA
H86,2,1,L2L 2nd,2,NA,92,NA,NA,NA,NA,NA,NA,NA,NA,NA,NA,NA,Selection,FCT-27,0,NA,NA,NA,NA,NA,NA,NA,DOM,Feminine,Singular,NA,NA,NA,L2L,2nd,Early,Yes,NA,0,92,2026,0,NA,NA,NA,-1.3817749943983892,-1.5205947563725386,NA
H87,2,1,NA,3,NA,110,NA,NA,NA,NA,NA,NA,NA,NA,NA,NA,NA,Selection,FCT-01,1,NA,NA,NA,NA,NA,NA,NA,DOM,Masculine,NA,NA,NA,NA,L2L,NA,Early,Yes,NA,0,110,2026,1,NA,NA,NA,-0.6924435597225671,-0.8846347328428457,NA
H87,2,1,NA,3,NA,110,NA,NA,NA,NA,NA,NA,NA,NA,NA,NA,NA,Selection,FCT-04,1,NA,NA,NA,NA,NA,NA,NA,DOM,Feminine,Singular,NA,NA,NA,L2L,NA,Early,Yes,NA,0,110,2026,1,NA,NA,NA,-0.6924435597225671,-0.8846347328428457,NA
H87,2,1,NA,3,NA,110,NA,NA,NA,NA,NA,NA,NA,NA,NA,NA,NA,Selection,FCT-08,0,NA,NA,NA,NA,NA,NA,NA,DOM,Masculine,NA,NA,NA,NA,L2L,NA,Early,Yes,NA,0,110,2026,0,NA,NA,NA,-0.6924435597225671,-0.8846347328428457,NA
H87,2,1,NA,3,NA,110,NA,NA,NA,NA,NA,NA,NA,NA,NA,NA,NA,Selection,FCT-12,0,NA,NA,NA,NA,NA,NA,NA,DOM,Feminine,Singular,NA,NA,NA,L2L,NA,Early,Yes,NA,0,110,2026,0,NA,NA,NA,-0.6924435597225671,-0.8846347328428457,NA
H87,2,1,NA,3,NA,110,NA,NA,NA,NA,NA,NA,NA,NA,NA,NA,NA,Selection,FCT-16,1,NA,NA,NA,NA,NA,NA,NA,DOM,Masculine,NA,NA,NA,NA,L2L,NA,Early,Yes,NA,0,110,2026,1,NA,NA,NA,-0.6924435597225671,-0.8846347328428457,NA
H87,2,1,NA,3,NA,110,NA,NA,NA,NA,NA,NA,NA,NA,NA,NA,NA,Selection,FCT-20,1,NA,NA,NA,NA,NA,NA,NA,DOM,Feminine,Singular,NA,NA,NA,L2L,NA,Early,Yes,NA,0,110,2026,1,NA,NA,NA,-0.6924435597225671,-0.8846347328428457,NA
H87,2,1,NA,3,NA,110,NA,NA,NA,NA,NA,NA,NA,NA,NA,NA,NA,Selection,FCT-24,1,NA,NA,NA,NA,NA,NA,NA,DOM,Masculine,NA,NA,NA,NA,L2L,NA,Early,Yes,NA,0,110,2026,1,NA,NA,NA,-0.6924435597225671,-0.8846347328428457,NA
H87,2,1,NA,3,NA,110,NA,NA,NA,NA,NA,NA,NA,NA,NA,NA,NA,Selection,FCT-27,0,NA,NA,NA,NA,NA,NA,NA,DOM,Feminine,Singular,NA,NA,NA,L2L,NA,Early,Yes,NA,0,110,2026,0,NA,NA,NA,-0.6924435597225671,-0.8846347328428457,NA
H88,2,1,NA,3,NA,109,NA,NA,NA,NA,NA,NA,NA,NA,NA,NA,NA,Selection,FCT-01,1,NA,NA,NA,NA,NA,NA,NA,DOM,Masculine,NA,NA,NA,NA,HS,NA,Early,Yes,NA,0,109,2026,1,NA,NA,NA,-0.7307397505378905,-0.919965845261162,NA
H88,2,1,NA,3,NA,109,NA,NA,NA,NA,NA,NA,NA,NA,NA,NA,NA,Selection,FCT-04,1,NA,NA,NA,NA,NA,NA,NA,DOM,Feminine,Singular,NA,NA,NA,HS,NA,Early,Yes,NA,0,109,2026,1,NA,NA,NA,-0.7307397505378905,-0.919965845261162,NA
H88,2,1,NA,3,NA,109,NA,NA,NA,NA,NA,NA,NA,NA,NA,NA,NA,Selection,FCT-08,1,NA,NA,NA,NA,NA,NA,NA,DOM,Masculine,NA,NA,NA,NA,HS,NA,Early,Yes,NA,0,109,2026,1,NA,NA,NA,-0.7307397505378905,-0.919965845261162,NA
H88,2,1,NA,3,NA,109,NA,NA,NA,NA,NA,NA,NA,NA,NA,NA,NA,Selection,FCT-12,0,NA,NA,NA,NA,NA,NA,NA,DOM,Feminine,Singular,NA,NA,NA,HS,NA,Early,Yes,NA,0,109,2026,0,NA,NA,NA,-0.7307397505378905,-0.919965845261162,NA
H88,2,1,NA,3,NA,109,NA,NA,NA,NA,NA,NA,NA,NA,NA,NA,NA,Selection,FCT-16,0,NA,NA,NA,NA,NA,NA,NA,DOM,Masculine,NA,NA,NA,NA,HS,NA,Early,Yes,NA,0,109,2026,0,NA,NA,NA,-0.7307397505378905,-0.919965845261162,NA
H88,2,1,NA,3,NA,109,NA,NA,NA,NA,NA,NA,NA,NA,NA,NA,NA,Selection,FCT-20,1,NA,NA,NA,NA,NA,NA,NA,DOM,Feminine,Singular,NA,NA,NA,HS,NA,Early,Yes,NA,0,109,2026,1,NA,NA,NA,-0.7307397505378905,-0.919965845261162,NA
H88,2,1,NA,3,NA,109,NA,NA,NA,NA,NA,NA,NA,NA,NA,NA,NA,Selection,FCT-24,0,NA,NA,NA,NA,NA,NA,NA,DOM,Masculine,NA,NA,NA,NA,HS,NA,Early,Yes,NA,0,109,2026,0,NA,NA,NA,-0.7307397505378905,-0.919965845261162,NA
H88,2,1,NA,3,NA,109,NA,NA,NA,NA,NA,NA,NA,NA,NA,NA,NA,Selection,FCT-27,0,NA,NA,NA,NA,NA,NA,NA,DOM,Feminine,Singular,NA,NA,NA,HS,NA,Early,Yes,NA,0,109,2026,0,NA,NA,NA,-0.7307397505378905,-0.919965845261162,NA
H89,2,1,L2L 4th/5th,4,NA,120,NA,NA,NA,NA,NA,NA,NA,NA,NA,NA,NA,Selection,FCT-01,0,NA,NA,NA,NA,NA,NA,NA,DOM,Masculine,NA,NA,NA,NA,L2L,4th/5th,Early,Yes,NA,0,120,2026,0,NA,NA,NA,-0.3094816515693326,-0.531323608659683,NA
H89,2,1,L2L 4th/5th,4,NA,120,NA,NA,NA,NA,NA,NA,NA,NA,NA,NA,NA,Selection,FCT-04,1,NA,NA,NA,NA,NA,NA,NA,DOM,Feminine,Singular,NA,NA,NA,L2L,4th/5th,Early,Yes,NA,0,120,2026,1,NA,NA,NA,-0.3094816515693326,-0.531323608659683,NA
H89,2,1,L2L 4th/5th,4,NA,120,NA,NA,NA,NA,NA,NA,NA,NA,NA,NA,NA,Selection,FCT-08,1,NA,NA,NA,NA,NA,NA,NA,DOM,Masculine,NA,NA,NA,NA,L2L,4th/5th,Early,Yes,NA,0,120,2026,1,NA,NA,NA,-0.3094816515693326,-0.531323608659683,NA
H89,2,1,L2L 4th/5th,4,NA,120,NA,NA,NA,NA,NA,NA,NA,NA,NA,NA,NA,Selection,FCT-12,1,NA,NA,NA,NA,NA,NA,NA,DOM,Feminine,Singular,NA,NA,NA,L2L,4th/5th,Early,Yes,NA,0,120,2026,1,NA,NA,NA,-0.3094816515693326,-0.531323608659683,NA
H89,2,1,L2L 4th/5th,4,NA,120,NA,NA,NA,NA,NA,NA,NA,NA,NA,NA,NA,Selection,FCT-16,1,NA,NA,NA,NA,NA,NA,NA,DOM,Masculine,NA,NA,NA,NA,L2L,4th/5th,Early,Yes,NA,0,120,2026,1,NA,NA,NA,-0.3094816515693326,-0.531323608659683,NA
H89,2,1,L2L 4th/5th,4,NA,120,NA,NA,NA,NA,NA,NA,NA,NA,NA,NA,NA,Selection,FCT-20,1,NA,NA,NA,NA,NA,NA,NA,DOM,Feminine,Singular,NA,NA,NA,L2L,4th/5th,Early,Yes,NA,0,120,2026,1,NA,NA,NA,-0.3094816515693326,-0.531323608659683,NA
H89,2,1,L2L 4th/5th,4,NA,120,NA,NA,NA,NA,NA,NA,NA,NA,NA,NA,NA,Selection,FCT-24,1,NA,NA,NA,NA,NA,NA,NA,DOM,Masculine,NA,NA,NA,NA,L2L,4th/5th,Early,Yes,NA,0,120,2026,1,NA,NA,NA,-0.3094816515693326,-0.531323608659683,NA
H89,2,1,L2L 4th/5th,4,NA,120,NA,NA,NA,NA,NA,NA,NA,NA,NA,NA,NA,Selection,FCT-27,0,NA,NA,NA,NA,NA,NA,NA,DOM,Feminine,Singular,NA,NA,NA,L2L,4th/5th,Early,Yes,NA,0,120,2026,0,NA,NA,NA,-0.3094816515693326,-0.531323608659683,NA
H90,2,1,L2L 4th/5th,4,NA,122,NA,NA,NA,NA,NA,NA,NA,NA,NA,NA,NA,Selection,FCT-01,1,NA,NA,NA,NA,NA,NA,NA,DOM,Masculine,NA,NA,NA,NA,L2L,4th/5th,Early,Yes,NA,0,122,2026,1,NA,NA,NA,-0.2328892699386857,-0.4606613838230504,NA
H90,2,1,L2L 4th/5th,4,NA,122,NA,NA,NA,NA,NA,NA,NA,NA,NA,NA,NA,Selection,FCT-04,0,NA,NA,NA,NA,NA,NA,NA,DOM,Feminine,Singular,NA,NA,NA,L2L,4th/5th,Early,Yes,NA,0,122,2026,0,NA,NA,NA,-0.2328892699386857,-0.4606613838230504,NA
H90,2,1,L2L 4th/5th,4,NA,122,NA,NA,NA,NA,NA,NA,NA,NA,NA,NA,NA,Selection,FCT-08,1,NA,NA,NA,NA,NA,NA,NA,DOM,Masculine,NA,NA,NA,NA,L2L,4th/5th,Early,Yes,NA,0,122,2026,1,NA,NA,NA,-0.2328892699386857,-0.4606613838230504,NA
H90,2,1,L2L 4th/5th,4,NA,122,NA,NA,NA,NA,NA,NA,NA,NA,NA,NA,NA,Selection,FCT-12,1,NA,NA,NA,NA,NA,NA,NA,DOM,Feminine,Singular,NA,NA,NA,L2L,4th/5th,Early,Yes,NA,0,122,2026,1,NA,NA,NA,-0.2328892699386857,-0.4606613838230504,NA
H90,2,1,L2L 4th/5th,4,NA,122,NA,NA,NA,NA,NA,NA,NA,NA,NA,NA,NA,Selection,FCT-16,0,NA,NA,NA,NA,NA,NA,NA,DOM,Masculine,NA,NA,NA,NA,L2L,4th/5th,Early,Yes,NA,0,122,2026,0,NA,NA,NA,-0.2328892699386857,-0.4606613838230504,NA
H90,2,1,L2L 4th/5th,4,NA,122,NA,NA,NA,NA,NA,NA,NA,NA,NA,NA,NA,Selection,FCT-20,0,NA,NA,NA,NA,NA,NA,NA,DOM,Feminine,Singular,NA,NA,NA,L2L,4th/5th,Early,Yes,NA,0,122,2026,0,NA,NA,NA,-0.2328892699386857,-0.4606613838230504,NA
H90,2,1,L2L 4th/5th,4,NA,122,NA,NA,NA,NA,NA,NA,NA,NA,NA,NA,NA,Selection,FCT-24,0,NA,NA,NA,NA,NA,NA,NA,DOM,Masculine,NA,NA,NA,NA,L2L,4th/5th,Early,Yes,NA,0,122,2026,0,NA,NA,NA,-0.2328892699386857,-0.4606613838230504,NA
H90,2,1,L2L 4th/5th,4,NA,122,NA,NA,NA,NA,NA,NA,NA,NA,NA,NA,NA,Selection,FCT-27,1,NA,NA,NA,NA,NA,NA,NA,DOM,Feminine,Singular,NA,NA,NA,L2L,4th/5th,Early,Yes,NA,0,122,2026,1,NA,NA,NA,-0.2328892699386857,-0.4606613838230504,NA
H91,1,1,L2L 2nd,2,NA,102,NA,NA,NA,NA,NA,NA,NA,NA,NA,NA,NA,Selection,FCT-01,1,NA,NA,NA,NA,NA,NA,NA,DOM,Masculine,NA,NA,NA,NA,L2L,2nd,Early,Yes,NA,0,102,2023,1,NA,NA,NA,-0.9988130862451546,-1.1672836321893758,NA
H91,1,1,L2L 2nd,2,NA,102,NA,NA,NA,NA,NA,NA,NA,NA,NA,NA,NA,Selection,FCT-04,1,NA,NA,NA,NA,NA,NA,NA,DOM,Feminine,Singular,NA,NA,NA,L2L,2nd,Early,Yes,NA,0,102,2023,1,NA,NA,NA,-0.9988130862451546,-1.1672836321893758,NA
H91,1,1,L2L 2nd,2,NA,102,NA,NA,NA,NA,NA,NA,NA,NA,NA,NA,NA,Selection,FCT-08,1,NA,NA,NA,NA,NA,NA,NA,DOM,Masculine,NA,NA,NA,NA,L2L,2nd,Early,Yes,NA,0,102,2023,1,NA,NA,NA,-0.9988130862451546,-1.1672836321893758,NA
H91,1,1,L2L 2nd,2,NA,102,NA,NA,NA,NA,NA,NA,NA,NA,NA,NA,NA,Selection,FCT-12,0,NA,NA,NA,NA,NA,NA,NA,DOM,Feminine,Singular,NA,NA,NA,L2L,2nd,Early,Yes,NA,0,102,2023,0,NA,NA,NA,-0.9988130862451546,-1.1672836321893758,NA
H91,1,1,L2L 2nd,2,NA,102,NA,NA,NA,NA,NA,NA,NA,NA,NA,NA,NA,Selection,FCT-16,1,NA,NA,NA,NA,NA,NA,NA,DOM,Masculine,NA,NA,NA,NA,L2L,2nd,Early,Yes,NA,0,102,2023,1,NA,NA,NA,-0.9988130862451546,-1.1672836321893758,NA
H91,1,1,L2L 2nd,2,NA,102,NA,NA,NA,NA,NA,NA,NA,NA,NA,NA,NA,Selection,FCT-20,1,NA,NA,NA,NA,NA,NA,NA,DOM,Feminine,Singular,NA,NA,NA,L2L,2nd,Early,Yes,NA,0,102,2023,1,NA,NA,NA,-0.9988130862451546,-1.1672836321893758,NA
H91,1,1,L2L 2nd,2,NA,102,NA,NA,NA,NA,NA,NA,NA,NA,NA,NA,NA,Selection,FCT-24,0,NA,NA,NA,NA,NA,NA,NA,DOM,Masculine,NA,NA,NA,NA,L2L,2nd,Early,Yes,NA,0,102,2023,0,NA,NA,NA,-0.9988130862451546,-1.1672836321893758,NA
H91,1,1,L2L 2nd,2,NA,102,NA,NA,NA,NA,NA,NA,NA,NA,NA,NA,NA,Selection,FCT-27,1,NA,NA,NA,NA,NA,NA,NA,DOM,Feminine,Singular,NA,NA,NA,L2L,2nd,Early,Yes,NA,0,102,2023,1,NA,NA,NA,-0.9988130862451546,-1.1672836321893758,NA
H93,2,1,NA,6,NA,146,NA,NA,NA,NA,NA,NA,NA,NA,NA,NA,NA,Selection,FCT-01,0,NA,NA,NA,NA,NA,NA,NA,DOM,Masculine,NA,NA,NA,NA,L2L,NA,Early,Yes,NA,0,146,2026,0,NA,NA,NA,0.6862193096290771,0.3872853142165403,NA
H93,2,1,NA,6,NA,146,NA,NA,NA,NA,NA,NA,NA,NA,NA,NA,NA,Selection,FCT-04,1,NA,NA,NA,NA,NA,NA,NA,DOM,Feminine,Singular,NA,NA,NA,L2L,NA,Early,Yes,NA,0,146,2026,1,NA,NA,NA,0.6862193096290771,0.3872853142165403,NA
H93,2,1,NA,6,NA,146,NA,NA,NA,NA,NA,NA,NA,NA,NA,NA,NA,Selection,FCT-08,0,NA,NA,NA,NA,NA,NA,NA,DOM,Masculine,NA,NA,NA,NA,L2L,NA,Early,Yes,NA,0,146,2026,0,NA,NA,NA,0.6862193096290771,0.3872853142165403,NA
H93,2,1,NA,6,NA,146,NA,NA,NA,NA,NA,NA,NA,NA,NA,NA,NA,Selection,FCT-12,0,NA,NA,NA,NA,NA,NA,NA,DOM,Feminine,Singular,NA,NA,NA,L2L,NA,Early,Yes,NA,0,146,2026,0,NA,NA,NA,0.6862193096290771,0.3872853142165403,NA
H93,2,1,NA,6,NA,146,NA,NA,NA,NA,NA,NA,NA,NA,NA,NA,NA,Selection,FCT-16,1,NA,NA,NA,NA,NA,NA,NA,DOM,Masculine,NA,NA,NA,NA,L2L,NA,Early,Yes,NA,0,146,2026,1,NA,NA,NA,0.6862193096290771,0.3872853142165403,NA
H93,2,1,NA,6,NA,146,NA,NA,NA,NA,NA,NA,NA,NA,NA,NA,NA,Selection,FCT-20,1,NA,NA,NA,NA,NA,NA,NA,DOM,Feminine,Singular,NA,NA,NA,L2L,NA,Early,Yes,NA,0,146,2026,1,NA,NA,NA,0.6862193096290771,0.3872853142165403,NA
H93,2,1,NA,6,NA,146,NA,NA,NA,NA,NA,NA,NA,NA,NA,NA,NA,Selection,FCT-24,1,NA,NA,NA,NA,NA,NA,NA,DOM,Masculine,NA,NA,NA,NA,L2L,NA,Early,Yes,NA,0,146,2026,1,NA,NA,NA,0.6862193096290771,0.3872853142165403,NA
H93,2,1,NA,6,NA,146,NA,NA,NA,NA,NA,NA,NA,NA,NA,NA,NA,Selection,FCT-27,1,NA,NA,NA,NA,NA,NA,NA,DOM,Feminine,Singular,NA,NA,NA,L2L,NA,Early,Yes,NA,0,146,2026,1,NA,NA,NA,0.6862193096290771,0.3872853142165403,NA
H94,2,1,NA,6,NA,141,NA,NA,NA,NA,NA,NA,NA,NA,NA,NA,NA,Selection,FCT-01,0,NA,NA,NA,NA,NA,NA,NA,DOM,Masculine,NA,NA,NA,NA,L2L,NA,Early,Yes,NA,0,141,2026,0,NA,NA,NA,0.4947383555524599,0.21062975212495888,NA
H94,2,1,NA,6,NA,141,NA,NA,NA,NA,NA,NA,NA,NA,NA,NA,NA,Selection,FCT-04,0,NA,NA,NA,NA,NA,NA,NA,DOM,Feminine,Singular,NA,NA,NA,L2L,NA,Early,Yes,NA,0,141,2026,0,NA,NA,NA,0.4947383555524599,0.21062975212495888,NA
H94,2,1,NA,6,NA,141,NA,NA,NA,NA,NA,NA,NA,NA,NA,NA,NA,Selection,FCT-08,0,NA,NA,NA,NA,NA,NA,NA,DOM,Masculine,NA,NA,NA,NA,L2L,NA,Early,Yes,NA,0,141,2026,0,NA,NA,NA,0.4947383555524599,0.21062975212495888,NA
H94,2,1,NA,6,NA,141,NA,NA,NA,NA,NA,NA,NA,NA,NA,NA,NA,Selection,FCT-12,0,NA,NA,NA,NA,NA,NA,NA,DOM,Feminine,Singular,NA,NA,NA,L2L,NA,Early,Yes,NA,0,141,2026,0,NA,NA,NA,0.4947383555524599,0.21062975212495888,NA
H94,2,1,NA,6,NA,141,NA,NA,NA,NA,NA,NA,NA,NA,NA,NA,NA,Selection,FCT-16,0,NA,NA,NA,NA,NA,NA,NA,DOM,Masculine,NA,NA,NA,NA,L2L,NA,Early,Yes,NA,0,141,2026,0,NA,NA,NA,0.4947383555524599,0.21062975212495888,NA
H94,2,1,NA,6,NA,141,NA,NA,NA,NA,NA,NA,NA,NA,NA,NA,NA,Selection,FCT-20,1,NA,NA,NA,NA,NA,NA,NA,DOM,Feminine,Singular,NA,NA,NA,L2L,NA,Early,Yes,NA,0,141,2026,1,NA,NA,NA,0.4947383555524599,0.21062975212495888,NA
H94,2,1,NA,6,NA,141,NA,NA,NA,NA,NA,NA,NA,NA,NA,NA,NA,Selection,FCT-24,1,NA,NA,NA,NA,NA,NA,NA,DOM,Masculine,NA,NA,NA,NA,L2L,NA,Early,Yes,NA,0,141,2026,1,NA,NA,NA,0.4947383555524599,0.21062975212495888,NA
H94,2,1,NA,6,NA,141,NA,NA,NA,NA,NA,NA,NA,NA,NA,NA,NA,Selection,FCT-27,1,NA,NA,NA,NA,NA,NA,NA,DOM,Feminine,Singular,NA,NA,NA,L2L,NA,Early,Yes,NA,0,141,2026,1,NA,NA,NA,0.4947383555524599,0.21062975212495888,NA
H95,2,1,L2L 7th/8th,8,NA,173,NA,NA,NA,NA,NA,NA,NA,NA,NA,NA,NA,Selection,FCT-01,0,NA,NA,NA,NA,NA,NA,NA,DOM,Masculine,NA,NA,NA,NA,L2L,7th/8th,Early,Yes,NA,0,173,2026,0,NA,NA,NA,1.7202164616428102,1.3412253495110797,NA
H95,2,1,L2L 7th/8th,8,NA,173,NA,NA,NA,NA,NA,NA,NA,NA,NA,NA,NA,Selection,FCT-04,0,NA,NA,NA,NA,NA,NA,NA,DOM,Feminine,Singular,NA,NA,NA,L2L,7th/8th,Early,Yes,NA,0,173,2026,0,NA,NA,NA,1.7202164616428102,1.3412253495110797,NA
H95,2,1,L2L 7th/8th,8,NA,173,NA,NA,NA,NA,NA,NA,NA,NA,NA,NA,NA,Selection,FCT-08,0,NA,NA,NA,NA,NA,NA,NA,DOM,Masculine,NA,NA,NA,NA,L2L,7th/8th,Early,Yes,NA,0,173,2026,0,NA,NA,NA,1.7202164616428102,1.3412253495110797,NA
H95,2,1,L2L 7th/8th,8,NA,173,NA,NA,NA,NA,NA,NA,NA,NA,NA,NA,NA,Selection,FCT-12,0,NA,NA,NA,NA,NA,NA,NA,DOM,Feminine,Singular,NA,NA,NA,L2L,7th/8th,Early,Yes,NA,0,173,2026,0,NA,NA,NA,1.7202164616428102,1.3412253495110797,NA
H95,2,1,L2L 7th/8th,8,NA,173,NA,NA,NA,NA,NA,NA,NA,NA,NA,NA,NA,Selection,FCT-16,1,NA,NA,NA,NA,NA,NA,NA,DOM,Masculine,NA,NA,NA,NA,L2L,7th/8th,Early,Yes,NA,0,173,2026,1,NA,NA,NA,1.7202164616428102,1.3412253495110797,NA
H95,2,1,L2L 7th/8th,8,NA,173,NA,NA,NA,NA,NA,NA,NA,NA,NA,NA,NA,Selection,FCT-20,1,NA,NA,NA,NA,NA,NA,NA,DOM,Feminine,Singular,NA,NA,NA,L2L,7th/8th,Early,Yes,NA,0,173,2026,1,NA,NA,NA,1.7202164616428102,1.3412253495110797,NA
H95,2,1,L2L 7th/8th,8,NA,173,NA,NA,NA,NA,NA,NA,NA,NA,NA,NA,NA,Selection,FCT-24,1,NA,NA,NA,NA,NA,NA,NA,DOM,Masculine,NA,NA,NA,NA,L2L,7th/8th,Early,Yes,NA,0,173,2026,1,NA,NA,NA,1.7202164616428102,1.3412253495110797,NA
H95,2,1,L2L 7th/8th,8,NA,173,NA,NA,NA,NA,NA,NA,NA,NA,NA,NA,NA,Selection,FCT-27,1,NA,NA,NA,NA,NA,NA,NA,DOM,Feminine,Singular,NA,NA,NA,L2L,7th/8th,Early,Yes,NA,0,173,2026,1,NA,NA,NA,1.7202164616428102,1.3412253495110797,NA
H96,2,1,L2L 7th/8th,8,NA,175,NA,NA,NA,NA,NA,NA,NA,NA,NA,NA,NA,Selection,FCT-01,1,NA,NA,NA,NA,NA,NA,NA,DOM,Masculine,NA,NA,NA,NA,L2L,7th/8th,Early,Yes,NA,0,175,2026,1,NA,NA,NA,1.7968088432734572,1.4118875743477124,NA
H96,2,1,L2L 7th/8th,8,NA,175,NA,NA,NA,NA,NA,NA,NA,NA,NA,NA,NA,Selection,FCT-04,1,NA,NA,NA,NA,NA,NA,NA,DOM,Feminine,Singular,NA,NA,NA,L2L,7th/8th,Early,Yes,NA,0,175,2026,1,NA,NA,NA,1.7968088432734572,1.4118875743477124,NA
H96,2,1,L2L 7th/8th,8,NA,175,NA,NA,NA,NA,NA,NA,NA,NA,NA,NA,NA,Selection,FCT-08,1,NA,NA,NA,NA,NA,NA,NA,DOM,Masculine,NA,NA,NA,NA,L2L,7th/8th,Early,Yes,NA,0,175,2026,1,NA,NA,NA,1.7968088432734572,1.4118875743477124,NA
H96,2,1,L2L 7th/8th,8,NA,175,NA,NA,NA,NA,NA,NA,NA,NA,NA,NA,NA,Selection,FCT-12,1,NA,NA,NA,NA,NA,NA,NA,DOM,Feminine,Singular,NA,NA,NA,L2L,7th/8th,Early,Yes,NA,0,175,2026,1,NA,NA,NA,1.7968088432734572,1.4118875743477124,NA
H96,2,1,L2L 7th/8th,8,NA,175,NA,NA,NA,NA,NA,NA,NA,NA,NA,NA,NA,Selection,FCT-16,1,NA,NA,NA,NA,NA,NA,NA,DOM,Masculine,NA,NA,NA,NA,L2L,7th/8th,Early,Yes,NA,0,175,2026,1,NA,NA,NA,1.7968088432734572,1.4118875743477124,NA
H96,2,1,L2L 7th/8th,8,NA,175,NA,NA,NA,NA,NA,NA,NA,NA,NA,NA,NA,Selection,FCT-20,1,NA,NA,NA,NA,NA,NA,NA,DOM,Feminine,Singular,NA,NA,NA,L2L,7th/8th,Early,Yes,NA,0,175,2026,1,NA,NA,NA,1.7968088432734572,1.4118875743477124,NA
H96,2,1,L2L 7th/8th,8,NA,175,NA,NA,NA,NA,NA,NA,NA,NA,NA,NA,NA,Selection,FCT-24,1,NA,NA,NA,NA,NA,NA,NA,DOM,Masculine,NA,NA,NA,NA,L2L,7th/8th,Early,Yes,NA,0,175,2026,1,NA,NA,NA,1.7968088432734572,1.4118875743477124,NA
H96,2,1,L2L 7th/8th,8,NA,175,NA,NA,NA,NA,NA,NA,NA,NA,NA,NA,NA,Selection,FCT-27,1,NA,NA,NA,NA,NA,NA,NA,DOM,Feminine,Singular,NA,NA,NA,L2L,7th/8th,Early,Yes,NA,0,175,2026,1,NA,NA,NA,1.7968088432734572,1.4118875743477124,NA
H97,2,1,NA,6,NA,141,NA,NA,NA,NA,NA,NA,NA,NA,NA,NA,NA,Selection,FCT-01,0,NA,NA,NA,NA,NA,NA,NA,DOM,Masculine,NA,NA,NA,NA,L2L,NA,Early,Yes,NA,0,141,2026,0,NA,NA,NA,0.4947383555524599,0.21062975212495888,NA
H97,2,1,NA,6,NA,141,NA,NA,NA,NA,NA,NA,NA,NA,NA,NA,NA,Selection,FCT-04,0,NA,NA,NA,NA,NA,NA,NA,DOM,Feminine,Singular,NA,NA,NA,L2L,NA,Early,Yes,NA,0,141,2026,0,NA,NA,NA,0.4947383555524599,0.21062975212495888,NA
H97,2,1,NA,6,NA,141,NA,NA,NA,NA,NA,NA,NA,NA,NA,NA,NA,Selection,FCT-08,0,NA,NA,NA,NA,NA,NA,NA,DOM,Masculine,NA,NA,NA,NA,L2L,NA,Early,Yes,NA,0,141,2026,0,NA,NA,NA,0.4947383555524599,0.21062975212495888,NA
H97,2,1,NA,6,NA,141,NA,NA,NA,NA,NA,NA,NA,NA,NA,NA,NA,Selection,FCT-12,1,NA,NA,NA,NA,NA,NA,NA,DOM,Feminine,Singular,NA,NA,NA,L2L,NA,Early,Yes,NA,0,141,2026,1,NA,NA,NA,0.4947383555524599,0.21062975212495888,NA
H97,2,1,NA,6,NA,141,NA,NA,NA,NA,NA,NA,NA,NA,NA,NA,NA,Selection,FCT-16,0,NA,NA,NA,NA,NA,NA,NA,DOM,Masculine,NA,NA,NA,NA,L2L,NA,Early,Yes,NA,0,141,2026,0,NA,NA,NA,0.4947383555524599,0.21062975212495888,NA
H97,2,1,NA,6,NA,141,NA,NA,NA,NA,NA,NA,NA,NA,NA,NA,NA,Selection,FCT-20,1,NA,NA,NA,NA,NA,NA,NA,DOM,Feminine,Singular,NA,NA,NA,L2L,NA,Early,Yes,NA,0,141,2026,1,NA,NA,NA,0.4947383555524599,0.21062975212495888,NA
H97,2,1,NA,6,NA,141,NA,NA,NA,NA,NA,NA,NA,NA,NA,NA,NA,Selection,FCT-24,1,NA,NA,NA,NA,NA,NA,NA,DOM,Masculine,NA,NA,NA,NA,L2L,NA,Early,Yes,NA,0,141,2026,1,NA,NA,NA,0.4947383555524599,0.21062975212495888,NA
H97,2,1,NA,6,NA,141,NA,NA,NA,NA,NA,NA,NA,NA,NA,NA,NA,Selection,FCT-27,1,NA,NA,NA,NA,NA,NA,NA,DOM,Feminine,Singular,NA,NA,NA,L2L,NA,Early,Yes,NA,0,141,2026,1,NA,NA,NA,0.4947383555524599,0.21062975212495888,NA
H98,2,1,NA,6,NA,150,NA,NA,NA,NA,NA,NA,NA,Heritage Spanish,NA,NA,NA,Selection,FCT-01,1,NA,NA,NA,NA,NA,NA,NA,DOM,Masculine,NA,NA,NA,NA,HS,NA,Early,Yes,NA,0,150,2026,1,NA,NA,NA,0.8394040728903709,0.5286097638898054,NA
H98,2,1,NA,6,NA,150,NA,NA,NA,NA,NA,NA,NA,Heritage Spanish,NA,NA,NA,Selection,FCT-04,0,NA,NA,NA,NA,NA,NA,NA,DOM,Feminine,Singular,NA,NA,NA,HS,NA,Early,Yes,NA,0,150,2026,0,NA,NA,NA,0.8394040728903709,0.5286097638898054,NA
H98,2,1,NA,6,NA,150,NA,NA,NA,NA,NA,NA,NA,Heritage Spanish,NA,NA,NA,Selection,FCT-08,1,NA,NA,NA,NA,NA,NA,NA,DOM,Masculine,NA,NA,NA,NA,HS,NA,Early,Yes,NA,0,150,2026,1,NA,NA,NA,0.8394040728903709,0.5286097638898054,NA
H98,2,1,NA,6,NA,150,NA,NA,NA,NA,NA,NA,NA,Heritage Spanish,NA,NA,NA,Selection,FCT-12,1,NA,NA,NA,NA,NA,NA,NA,DOM,Feminine,Singular,NA,NA,NA,HS,NA,Early,Yes,NA,0,150,2026,1,NA,NA,NA,0.8394040728903709,0.5286097638898054,NA
H98,2,1,NA,6,NA,150,NA,NA,NA,NA,NA,NA,NA,Heritage Spanish,NA,NA,NA,Selection,FCT-16,1,NA,NA,NA,NA,NA,NA,NA,DOM,Masculine,NA,NA,NA,NA,HS,NA,Early,Yes,NA,0,150,2026,1,NA,NA,NA,0.8394040728903709,0.5286097638898054,NA
H98,2,1,NA,6,NA,150,NA,NA,NA,NA,NA,NA,NA,Heritage Spanish,NA,NA,NA,Selection,FCT-20,1,NA,NA,NA,NA,NA,NA,NA,DOM,Feminine,Singular,NA,NA,NA,HS,NA,Early,Yes,NA,0,150,2026,1,NA,NA,NA,0.8394040728903709,0.5286097638898054,NA
H98,2,1,NA,6,NA,150,NA,NA,NA,NA,NA,NA,NA,Heritage Spanish,NA,NA,NA,Selection,FCT-24,1,NA,NA,NA,NA,NA,NA,NA,DOM,Masculine,NA,NA,NA,NA,HS,NA,Early,Yes,NA,0,150,2026,1,NA,NA,NA,0.8394040728903709,0.5286097638898054,NA
H98,2,1,NA,6,NA,150,NA,NA,NA,NA,NA,NA,NA,Heritage Spanish,NA,NA,NA,Selection,FCT-27,0,NA,NA,NA,NA,NA,NA,NA,DOM,Feminine,Singular,NA,NA,NA,HS,NA,Early,Yes,NA,0,150,2026,0,NA,NA,NA,0.8394040728903709,0.5286097638898054,NA
H99,2,1,NA,6,NA,144,NA,NA,NA,NA,NA,NA,NA,NA,NA,NA,NA,Selection,FCT-01,0,NA,NA,NA,NA,NA,NA,NA,DOM,Masculine,NA,NA,NA,NA,L2L,NA,Early,Yes,NA,0,144,2026,0,NA,NA,NA,0.6096269279984302,0.3166230893799077,NA
H99,2,1,NA,6,NA,144,NA,NA,NA,NA,NA,NA,NA,NA,NA,NA,NA,Selection,FCT-04,1,NA,NA,NA,NA,NA,NA,NA,DOM,Feminine,Singular,NA,NA,NA,L2L,NA,Early,Yes,NA,0,144,2026,1,NA,NA,NA,0.6096269279984302,0.3166230893799077,NA
H99,2,1,NA,6,NA,144,NA,NA,NA,NA,NA,NA,NA,NA,NA,NA,NA,Selection,FCT-08,0,NA,NA,NA,NA,NA,NA,NA,DOM,Masculine,NA,NA,NA,NA,L2L,NA,Early,Yes,NA,0,144,2026,0,NA,NA,NA,0.6096269279984302,0.3166230893799077,NA
H99,2,1,NA,6,NA,144,NA,NA,NA,NA,NA,NA,NA,NA,NA,NA,NA,Selection,FCT-12,0,NA,NA,NA,NA,NA,NA,NA,DOM,Feminine,Singular,NA,NA,NA,L2L,NA,Early,Yes,NA,0,144,2026,0,NA,NA,NA,0.6096269279984302,0.3166230893799077,NA
H99,2,1,NA,6,NA,144,NA,NA,NA,NA,NA,NA,NA,NA,NA,NA,NA,Selection,FCT-16,0,NA,NA,NA,NA,NA,NA,NA,DOM,Masculine,NA,NA,NA,NA,L2L,NA,Early,Yes,NA,0,144,2026,0,NA,NA,NA,0.6096269279984302,0.3166230893799077,NA
H99,2,1,NA,6,NA,144,NA,NA,NA,NA,NA,NA,NA,NA,NA,NA,NA,Selection,FCT-20,1,NA,NA,NA,NA,NA,NA,NA,DOM,Feminine,Singular,NA,NA,NA,L2L,NA,Early,Yes,NA,0,144,2026,1,NA,NA,NA,0.6096269279984302,0.3166230893799077,NA
H99,2,1,NA,6,NA,144,NA,NA,NA,NA,NA,NA,NA,NA,NA,NA,NA,Selection,FCT-24,0,NA,NA,NA,NA,NA,NA,NA,DOM,Masculine,NA,NA,NA,NA,L2L,NA,Early,Yes,NA,0,144,2026,0,NA,NA,NA,0.6096269279984302,0.3166230893799077,NA
H99,2,1,NA,6,NA,144,NA,NA,NA,NA,NA,NA,NA,NA,NA,NA,NA,Selection,FCT-27,0,NA,NA,NA,NA,NA,NA,NA,DOM,Feminine,Singular,NA,NA,NA,L2L,NA,Early,Yes,NA,0,144,2026,0,NA,NA,NA,0.6096269279984302,0.3166230893799077,NA
H100,2,1,NA,6,NA,150,NA,NA,NA,NA,NA,NA,NA,NA,NA,NA,NA,Selection,FCT-01,0,NA,NA,NA,NA,NA,NA,NA,DOM,Masculine,NA,NA,NA,NA,L2L,NA,Early,Yes,NA,0,150,2026,0,NA,NA,NA,0.8394040728903709,0.5286097638898054,NA
H100,2,1,NA,6,NA,150,NA,NA,NA,NA,NA,NA,NA,NA,NA,NA,NA,Selection,FCT-04,0,NA,NA,NA,NA,NA,NA,NA,DOM,Feminine,Singular,NA,NA,NA,L2L,NA,Early,Yes,NA,0,150,2026,0,NA,NA,NA,0.8394040728903709,0.5286097638898054,NA
H100,2,1,NA,6,NA,150,NA,NA,NA,NA,NA,NA,NA,NA,NA,NA,NA,Selection,FCT-08,0,NA,NA,NA,NA,NA,NA,NA,DOM,Masculine,NA,NA,NA,NA,L2L,NA,Early,Yes,NA,0,150,2026,0,NA,NA,NA,0.8394040728903709,0.5286097638898054,NA
H100,2,1,NA,6,NA,150,NA,NA,NA,NA,NA,NA,NA,NA,NA,NA,NA,Selection,FCT-12,0,NA,NA,NA,NA,NA,NA,NA,DOM,Feminine,Singular,NA,NA,NA,L2L,NA,Early,Yes,NA,0,150,2026,0,NA,NA,NA,0.8394040728903709,0.5286097638898054,NA
H100,2,1,NA,6,NA,150,NA,NA,NA,NA,NA,NA,NA,NA,NA,NA,NA,Selection,FCT-16,1,NA,NA,NA,NA,NA,NA,NA,DOM,Masculine,NA,NA,NA,NA,L2L,NA,Early,Yes,NA,0,150,2026,1,NA,NA,NA,0.8394040728903709,0.5286097638898054,NA
H100,2,1,NA,6,NA,150,NA,NA,NA,NA,NA,NA,NA,NA,NA,NA,NA,Selection,FCT-20,1,NA,NA,NA,NA,NA,NA,NA,DOM,Feminine,Singular,NA,NA,NA,L2L,NA,Early,Yes,NA,0,150,2026,1,NA,NA,NA,0.8394040728903709,0.5286097638898054,NA
H100,2,1,NA,6,NA,150,NA,NA,NA,NA,NA,NA,NA,NA,NA,NA,NA,Selection,FCT-24,1,NA,NA,NA,NA,NA,NA,NA,DOM,Masculine,NA,NA,NA,NA,L2L,NA,Early,Yes,NA,0,150,2026,1,NA,NA,NA,0.8394040728903709,0.5286097638898054,NA
H100,2,1,NA,6,NA,150,NA,NA,NA,NA,NA,NA,NA,NA,NA,NA,NA,Selection,FCT-27,0,NA,NA,NA,NA,NA,NA,NA,DOM,Feminine,Singular,NA,NA,NA,L2L,NA,Early,Yes,NA,0,150,2026,0,NA,NA,NA,0.8394040728903709,0.5286097638898054,NA
H101,2,1,L2L 7th/8th,7,NA,151,NA,NA,NA,NA,NA,NA,NA,"French, Italian",No,Yes,Yes,Selection,FCT-01,1,NA,NA,NA,NA,NA,NA,NA,DOM,Masculine,NA,NA,NA,NA,L2L,7th/8th,Early,Yes,NA,0,151,2026,1,NA,NA,NA,0.8777002637056943,0.5639408763081216,NA
H101,2,1,L2L 7th/8th,7,NA,151,NA,NA,NA,NA,NA,NA,NA,"French, Italian",No,Yes,Yes,Selection,FCT-04,1,NA,NA,NA,NA,NA,NA,NA,DOM,Feminine,Singular,NA,NA,NA,L2L,7th/8th,Early,Yes,NA,0,151,2026,1,NA,NA,NA,0.8777002637056943,0.5639408763081216,NA
H101,2,1,L2L 7th/8th,7,NA,151,NA,NA,NA,NA,NA,NA,NA,"French, Italian",No,Yes,Yes,Selection,FCT-08,1,NA,NA,NA,NA,NA,NA,NA,DOM,Masculine,NA,NA,NA,NA,L2L,7th/8th,Early,Yes,NA,0,151,2026,1,NA,NA,NA,0.8777002637056943,0.5639408763081216,NA
H101,2,1,L2L 7th/8th,7,NA,151,NA,NA,NA,NA,NA,NA,NA,"French, Italian",No,Yes,Yes,Selection,FCT-12,1,NA,NA,NA,NA,NA,NA,NA,DOM,Feminine,Singular,NA,NA,NA,L2L,7th/8th,Early,Yes,NA,0,151,2026,1,NA,NA,NA,0.8777002637056943,0.5639408763081216,NA
H101,2,1,L2L 7th/8th,7,NA,151,NA,NA,NA,NA,NA,NA,NA,"French, Italian",No,Yes,Yes,Selection,FCT-16,1,NA,NA,NA,NA,NA,NA,NA,DOM,Masculine,NA,NA,NA,NA,L2L,7th/8th,Early,Yes,NA,0,151,2026,1,NA,NA,NA,0.8777002637056943,0.5639408763081216,NA
H101,2,1,L2L 7th/8th,7,NA,151,NA,NA,NA,NA,NA,NA,NA,"French, Italian",No,Yes,Yes,Selection,FCT-20,1,NA,NA,NA,NA,NA,NA,NA,DOM,Feminine,Singular,NA,NA,NA,L2L,7th/8th,Early,Yes,NA,0,151,2026,1,NA,NA,NA,0.8777002637056943,0.5639408763081216,NA
H101,2,1,L2L 7th/8th,7,NA,151,NA,NA,NA,NA,NA,NA,NA,"French, Italian",No,Yes,Yes,Selection,FCT-24,1,NA,NA,NA,NA,NA,NA,NA,DOM,Masculine,NA,NA,NA,NA,L2L,7th/8th,Early,Yes,NA,0,151,2026,1,NA,NA,NA,0.8777002637056943,0.5639408763081216,NA
H101,2,1,L2L 7th/8th,7,NA,151,NA,NA,NA,NA,NA,NA,NA,"French, Italian",No,Yes,Yes,Selection,FCT-27,1,NA,NA,NA,NA,NA,NA,NA,DOM,Feminine,Singular,NA,NA,NA,L2L,7th/8th,Early,Yes,NA,0,151,2026,1,NA,NA,NA,0.8777002637056943,0.5639408763081216,NA
H102,2,1,NA,3,NA,112,NA,NA,NA,NA,NA,NA,NA,NA,NA,NA,NA,Selection,FCT-01,0,NA,NA,NA,NA,NA,NA,NA,DOM,Masculine,NA,NA,NA,NA,L2L,NA,Early,Yes,NA,0,112,2026,0,NA,NA,NA,-0.6158511780919201,-0.8139725080062131,NA
H102,2,1,NA,3,NA,112,NA,NA,NA,NA,NA,NA,NA,NA,NA,NA,NA,Selection,FCT-04,0,NA,NA,NA,NA,NA,NA,NA,DOM,Feminine,Singular,NA,NA,NA,L2L,NA,Early,Yes,NA,0,112,2026,0,NA,NA,NA,-0.6158511780919201,-0.8139725080062131,NA
H102,2,1,NA,3,NA,112,NA,NA,NA,NA,NA,NA,NA,NA,NA,NA,NA,Selection,FCT-08,1,NA,NA,NA,NA,NA,NA,NA,DOM,Masculine,NA,NA,NA,NA,L2L,NA,Early,Yes,NA,0,112,2026,1,NA,NA,NA,-0.6158511780919201,-0.8139725080062131,NA
H102,2,1,NA,3,NA,112,NA,NA,NA,NA,NA,NA,NA,NA,NA,NA,NA,Selection,FCT-12,0,NA,NA,NA,NA,NA,NA,NA,DOM,Feminine,Singular,NA,NA,NA,L2L,NA,Early,Yes,NA,0,112,2026,0,NA,NA,NA,-0.6158511780919201,-0.8139725080062131,NA
H102,2,1,NA,3,NA,112,NA,NA,NA,NA,NA,NA,NA,NA,NA,NA,NA,Selection,FCT-16,0,NA,NA,NA,NA,NA,NA,NA,DOM,Masculine,NA,NA,NA,NA,L2L,NA,Early,Yes,NA,0,112,2026,0,NA,NA,NA,-0.6158511780919201,-0.8139725080062131,NA
H102,2,1,NA,3,NA,112,NA,NA,NA,NA,NA,NA,NA,NA,NA,NA,NA,Selection,FCT-20,0,NA,NA,NA,NA,NA,NA,NA,DOM,Feminine,Singular,NA,NA,NA,L2L,NA,Early,Yes,NA,0,112,2026,0,NA,NA,NA,-0.6158511780919201,-0.8139725080062131,NA
H102,2,1,NA,3,NA,112,NA,NA,NA,NA,NA,NA,NA,NA,NA,NA,NA,Selection,FCT-24,1,NA,NA,NA,NA,NA,NA,NA,DOM,Masculine,NA,NA,NA,NA,L2L,NA,Early,Yes,NA,0,112,2026,1,NA,NA,NA,-0.6158511780919201,-0.8139725080062131,NA
H102,2,1,NA,3,NA,112,NA,NA,NA,NA,NA,NA,NA,NA,NA,NA,NA,Selection,FCT-27,1,NA,NA,NA,NA,NA,NA,NA,DOM,Feminine,Singular,NA,NA,NA,L2L,NA,Early,Yes,NA,0,112,2026,1,NA,NA,NA,-0.6158511780919201,-0.8139725080062131,NA
H103,2,1,L2L 4th/5th,4,NA,127,NA,NA,NA,NA,NA,NA,NA,NA,NA,NA,NA,Selection,FCT-01,1,NA,NA,NA,NA,NA,NA,NA,DOM,Masculine,NA,NA,NA,NA,L2L,4th/5th,Early,Yes,NA,0,127,2026,1,NA,NA,NA,-0.041408315862068446,-0.284005821731469,NA
H103,2,1,L2L 4th/5th,4,NA,127,NA,NA,NA,NA,NA,NA,NA,NA,NA,NA,NA,Selection,FCT-04,1,NA,NA,NA,NA,NA,NA,NA,DOM,Feminine,Singular,NA,NA,NA,L2L,4th/5th,Early,Yes,NA,0,127,2026,1,NA,NA,NA,-0.041408315862068446,-0.284005821731469,NA
H103,2,1,L2L 4th/5th,4,NA,127,NA,NA,NA,NA,NA,NA,NA,NA,NA,NA,NA,Selection,FCT-08,1,NA,NA,NA,NA,NA,NA,NA,DOM,Masculine,NA,NA,NA,NA,L2L,4th/5th,Early,Yes,NA,0,127,2026,1,NA,NA,NA,-0.041408315862068446,-0.284005821731469,NA
H103,2,1,L2L 4th/5th,4,NA,127,NA,NA,NA,NA,NA,NA,NA,NA,NA,NA,NA,Selection,FCT-12,0,NA,NA,NA,NA,NA,NA,NA,DOM,Feminine,Singular,NA,NA,NA,L2L,4th/5th,Early,Yes,NA,0,127,2026,0,NA,NA,NA,-0.041408315862068446,-0.284005821731469,NA
H103,2,1,L2L 4th/5th,4,NA,127,NA,NA,NA,NA,NA,NA,NA,NA,NA,NA,NA,Selection,FCT-16,0,NA,NA,NA,NA,NA,NA,NA,DOM,Masculine,NA,NA,NA,NA,L2L,4th/5th,Early,Yes,NA,0,127,2026,0,NA,NA,NA,-0.041408315862068446,-0.284005821731469,NA
H103,2,1,L2L 4th/5th,4,NA,127,NA,NA,NA,NA,NA,NA,NA,NA,NA,NA,NA,Selection,FCT-20,0,NA,NA,NA,NA,NA,NA,NA,DOM,Feminine,Singular,NA,NA,NA,L2L,4th/5th,Early,Yes,NA,0,127,2026,0,NA,NA,NA,-0.041408315862068446,-0.284005821731469,NA
H103,2,1,L2L 4th/5th,4,NA,127,NA,NA,NA,NA,NA,NA,NA,NA,NA,NA,NA,Selection,FCT-24,1,NA,NA,NA,NA,NA,NA,NA,DOM,Masculine,NA,NA,NA,NA,L2L,4th/5th,Early,Yes,NA,0,127,2026,1,NA,NA,NA,-0.041408315862068446,-0.284005821731469,NA
H103,2,1,L2L 4th/5th,4,NA,127,NA,NA,NA,NA,NA,NA,NA,NA,NA,NA,NA,Selection,FCT-27,1,NA,NA,NA,NA,NA,NA,NA,DOM,Feminine,Singular,NA,NA,NA,L2L,4th/5th,Early,Yes,NA,0,127,2026,1,NA,NA,NA,-0.041408315862068446,-0.284005821731469,NA
H104,2,1,L2L 2nd,2,NA,96,NA,NA,NA,NA,NA,NA,NA,NA,NA,NA,NA,Selection,FCT-01,1,NA,NA,NA,NA,NA,NA,NA,DOM,Masculine,NA,NA,NA,NA,L2L,2nd,Early,Yes,NA,0,96,2026,1,NA,NA,NA,-1.2285902311370953,-1.3792703066992735,NA
H104,2,1,L2L 2nd,2,NA,96,NA,NA,NA,NA,NA,NA,NA,NA,NA,NA,NA,Selection,FCT-04,0,NA,NA,NA,NA,NA,NA,NA,DOM,Feminine,Singular,NA,NA,NA,L2L,2nd,Early,Yes,NA,0,96,2026,0,NA,NA,NA,-1.2285902311370953,-1.3792703066992735,NA
H104,2,1,L2L 2nd,2,NA,96,NA,NA,NA,NA,NA,NA,NA,NA,NA,NA,NA,Selection,FCT-08,1,NA,NA,NA,NA,NA,NA,NA,DOM,Masculine,NA,NA,NA,NA,L2L,2nd,Early,Yes,NA,0,96,2026,1,NA,NA,NA,-1.2285902311370953,-1.3792703066992735,NA
H104,2,1,L2L 2nd,2,NA,96,NA,NA,NA,NA,NA,NA,NA,NA,NA,NA,NA,Selection,FCT-12,1,NA,NA,NA,NA,NA,NA,NA,DOM,Feminine,Singular,NA,NA,NA,L2L,2nd,Early,Yes,NA,0,96,2026,1,NA,NA,NA,-1.2285902311370953,-1.3792703066992735,NA
H104,2,1,L2L 2nd,2,NA,96,NA,NA,NA,NA,NA,NA,NA,NA,NA,NA,NA,Selection,FCT-16,1,NA,NA,NA,NA,NA,NA,NA,DOM,Masculine,NA,NA,NA,NA,L2L,2nd,Early,Yes,NA,0,96,2026,1,NA,NA,NA,-1.2285902311370953,-1.3792703066992735,NA
H104,2,1,L2L 2nd,2,NA,96,NA,NA,NA,NA,NA,NA,NA,NA,NA,NA,NA,Selection,FCT-20,1,NA,NA,NA,NA,NA,NA,NA,DOM,Feminine,Singular,NA,NA,NA,L2L,2nd,Early,Yes,NA,0,96,2026,1,NA,NA,NA,-1.2285902311370953,-1.3792703066992735,NA
H104,2,1,L2L 2nd,2,NA,96,NA,NA,NA,NA,NA,NA,NA,NA,NA,NA,NA,Selection,FCT-24,1,NA,NA,NA,NA,NA,NA,NA,DOM,Masculine,NA,NA,NA,NA,L2L,2nd,Early,Yes,NA,0,96,2026,1,NA,NA,NA,-1.2285902311370953,-1.3792703066992735,NA
H104,2,1,L2L 2nd,2,NA,96,NA,NA,NA,NA,NA,NA,NA,NA,NA,NA,NA,Selection,FCT-27,1,NA,NA,NA,NA,NA,NA,NA,DOM,Feminine,Singular,NA,NA,NA,L2L,2nd,Early,Yes,NA,0,96,2026,1,NA,NA,NA,-1.2285902311370953,-1.3792703066992735,NA
H105,2,1,L2L 4th/5th,5,NA,129,NA,NA,NA,NA,NA,NA,NA,NA,NA,NA,NA,Selection,FCT-01,1,NA,NA,NA,NA,NA,NA,NA,DOM,Masculine,NA,NA,NA,NA,L2L,4th/5th,Early,Yes,NA,0,129,2026,1,NA,NA,NA,0.03518406576857845,-0.21334359689483645,NA
H105,2,1,L2L 4th/5th,5,NA,129,NA,NA,NA,NA,NA,NA,NA,NA,NA,NA,NA,Selection,FCT-04,1,NA,NA,NA,NA,NA,NA,NA,DOM,Feminine,Singular,NA,NA,NA,L2L,4th/5th,Early,Yes,NA,0,129,2026,1,NA,NA,NA,0.03518406576857845,-0.21334359689483645,NA
H105,2,1,L2L 4th/5th,5,NA,129,NA,NA,NA,NA,NA,NA,NA,NA,NA,NA,NA,Selection,FCT-08,1,NA,NA,NA,NA,NA,NA,NA,DOM,Masculine,NA,NA,NA,NA,L2L,4th/5th,Early,Yes,NA,0,129,2026,1,NA,NA,NA,0.03518406576857845,-0.21334359689483645,NA
H105,2,1,L2L 4th/5th,5,NA,129,NA,NA,NA,NA,NA,NA,NA,NA,NA,NA,NA,Selection,FCT-12,1,NA,NA,NA,NA,NA,NA,NA,DOM,Feminine,Singular,NA,NA,NA,L2L,4th/5th,Early,Yes,NA,0,129,2026,1,NA,NA,NA,0.03518406576857845,-0.21334359689483645,NA
H105,2,1,L2L 4th/5th,5,NA,129,NA,NA,NA,NA,NA,NA,NA,NA,NA,NA,NA,Selection,FCT-16,1,NA,NA,NA,NA,NA,NA,NA,DOM,Masculine,NA,NA,NA,NA,L2L,4th/5th,Early,Yes,NA,0,129,2026,1,NA,NA,NA,0.03518406576857845,-0.21334359689483645,NA
H105,2,1,L2L 4th/5th,5,NA,129,NA,NA,NA,NA,NA,NA,NA,NA,NA,NA,NA,Selection,FCT-20,1,NA,NA,NA,NA,NA,NA,NA,DOM,Feminine,Singular,NA,NA,NA,L2L,4th/5th,Early,Yes,NA,0,129,2026,1,NA,NA,NA,0.03518406576857845,-0.21334359689483645,NA
H105,2,1,L2L 4th/5th,5,NA,129,NA,NA,NA,NA,NA,NA,NA,NA,NA,NA,NA,Selection,FCT-24,1,NA,NA,NA,NA,NA,NA,NA,DOM,Masculine,NA,NA,NA,NA,L2L,4th/5th,Early,Yes,NA,0,129,2026,1,NA,NA,NA,0.03518406576857845,-0.21334359689483645,NA
H105,2,1,L2L 4th/5th,5,NA,129,NA,NA,NA,NA,NA,NA,NA,NA,NA,NA,NA,Selection,FCT-27,1,NA,NA,NA,NA,NA,NA,NA,DOM,Feminine,Singular,NA,NA,NA,L2L,4th/5th,Early,Yes,NA,0,129,2026,1,NA,NA,NA,0.03518406576857845,-0.21334359689483645,NA
H106,2,1,L2L 7th/8th,7,NA,153,NA,NA,NA,NA,NA,NA,NA,NA,NA,NA,NA,Selection,FCT-01,0,NA,NA,NA,NA,NA,NA,NA,DOM,Masculine,NA,NA,NA,NA,L2L,7th/8th,Early,Yes,NA,0,153,2026,0,NA,NA,NA,0.9542926453363413,0.6346031011447542,NA
H106,2,1,L2L 7th/8th,7,NA,153,NA,NA,NA,NA,NA,NA,NA,NA,NA,NA,NA,Selection,FCT-04,1,NA,NA,NA,NA,NA,NA,NA,DOM,Feminine,Singular,NA,NA,NA,L2L,7th/8th,Early,Yes,NA,0,153,2026,1,NA,NA,NA,0.9542926453363413,0.6346031011447542,NA
H106,2,1,L2L 7th/8th,7,NA,153,NA,NA,NA,NA,NA,NA,NA,NA,NA,NA,NA,Selection,FCT-08,1,NA,NA,NA,NA,NA,NA,NA,DOM,Masculine,NA,NA,NA,NA,L2L,7th/8th,Early,Yes,NA,0,153,2026,1,NA,NA,NA,0.9542926453363413,0.6346031011447542,NA
H106,2,1,L2L 7th/8th,7,NA,153,NA,NA,NA,NA,NA,NA,NA,NA,NA,NA,NA,Selection,FCT-12,0,NA,NA,NA,NA,NA,NA,NA,DOM,Feminine,Singular,NA,NA,NA,L2L,7th/8th,Early,Yes,NA,0,153,2026,0,NA,NA,NA,0.9542926453363413,0.6346031011447542,NA
H106,2,1,L2L 7th/8th,7,NA,153,NA,NA,NA,NA,NA,NA,NA,NA,NA,NA,NA,Selection,FCT-16,1,NA,NA,NA,NA,NA,NA,NA,DOM,Masculine,NA,NA,NA,NA,L2L,7th/8th,Early,Yes,NA,0,153,2026,1,NA,NA,NA,0.9542926453363413,0.6346031011447542,NA
H106,2,1,L2L 7th/8th,7,NA,153,NA,NA,NA,NA,NA,NA,NA,NA,NA,NA,NA,Selection,FCT-20,0,NA,NA,NA,NA,NA,NA,NA,DOM,Feminine,Singular,NA,NA,NA,L2L,7th/8th,Early,Yes,NA,0,153,2026,0,NA,NA,NA,0.9542926453363413,0.6346031011447542,NA
H106,2,1,L2L 7th/8th,7,NA,153,NA,NA,NA,NA,NA,NA,NA,NA,NA,NA,NA,Selection,FCT-24,0,NA,NA,NA,NA,NA,NA,NA,DOM,Masculine,NA,NA,NA,NA,L2L,7th/8th,Early,Yes,NA,0,153,2026,0,NA,NA,NA,0.9542926453363413,0.6346031011447542,NA
H106,2,1,L2L 7th/8th,7,NA,153,NA,NA,NA,NA,NA,NA,NA,NA,NA,NA,NA,Selection,FCT-27,1,NA,NA,NA,NA,NA,NA,NA,DOM,Feminine,Singular,NA,NA,NA,L2L,7th/8th,Early,Yes,NA,0,153,2026,1,NA,NA,NA,0.9542926453363413,0.6346031011447542,NA
H107,2,1,L2L 4th/5th,4,NA,117,NA,NA,NA,NA,NA,NA,NA,NA,NA,NA,NA,Selection,FCT-01,0,NA,NA,NA,NA,NA,NA,NA,DOM,Masculine,NA,NA,NA,NA,L2L,4th/5th,Early,Yes,NA,0,117,2026,0,NA,NA,NA,-0.42437022401530294,-0.6373169459146317,NA
H107,2,1,L2L 4th/5th,4,NA,117,NA,NA,NA,NA,NA,NA,NA,NA,NA,NA,NA,Selection,FCT-04,1,NA,NA,NA,NA,NA,NA,NA,DOM,Feminine,Singular,NA,NA,NA,L2L,4th/5th,Early,Yes,NA,0,117,2026,1,NA,NA,NA,-0.42437022401530294,-0.6373169459146317,NA
H107,2,1,L2L 4th/5th,4,NA,117,NA,NA,NA,NA,NA,NA,NA,NA,NA,NA,NA,Selection,FCT-08,1,NA,NA,NA,NA,NA,NA,NA,DOM,Masculine,NA,NA,NA,NA,L2L,4th/5th,Early,Yes,NA,0,117,2026,1,NA,NA,NA,-0.42437022401530294,-0.6373169459146317,NA
H107,2,1,L2L 4th/5th,4,NA,117,NA,NA,NA,NA,NA,NA,NA,NA,NA,NA,NA,Selection,FCT-12,1,NA,NA,NA,NA,NA,NA,NA,DOM,Feminine,Singular,NA,NA,NA,L2L,4th/5th,Early,Yes,NA,0,117,2026,1,NA,NA,NA,-0.42437022401530294,-0.6373169459146317,NA
H107,2,1,L2L 4th/5th,4,NA,117,NA,NA,NA,NA,NA,NA,NA,NA,NA,NA,NA,Selection,FCT-16,0,NA,NA,NA,NA,NA,NA,NA,DOM,Masculine,NA,NA,NA,NA,L2L,4th/5th,Early,Yes,NA,0,117,2026,0,NA,NA,NA,-0.42437022401530294,-0.6373169459146317,NA
H107,2,1,L2L 4th/5th,4,NA,117,NA,NA,NA,NA,NA,NA,NA,NA,NA,NA,NA,Selection,FCT-20,1,NA,NA,NA,NA,NA,NA,NA,DOM,Feminine,Singular,NA,NA,NA,L2L,4th/5th,Early,Yes,NA,0,117,2026,1,NA,NA,NA,-0.42437022401530294,-0.6373169459146317,NA
H107,2,1,L2L 4th/5th,4,NA,117,NA,NA,NA,NA,NA,NA,NA,NA,NA,NA,NA,Selection,FCT-24,0,NA,NA,NA,NA,NA,NA,NA,DOM,Masculine,NA,NA,NA,NA,L2L,4th/5th,Early,Yes,NA,0,117,2026,0,NA,NA,NA,-0.42437022401530294,-0.6373169459146317,NA
H107,2,1,L2L 4th/5th,4,NA,117,NA,NA,NA,NA,NA,NA,NA,NA,NA,NA,NA,Selection,FCT-27,1,NA,NA,NA,NA,NA,NA,NA,DOM,Feminine,Singular,NA,NA,NA,L2L,4th/5th,Early,Yes,NA,0,117,2026,1,NA,NA,NA,-0.42437022401530294,-0.6373169459146317,NA
H108,2,1,NA,3,NA,102,NA,NA,NA,NA,NA,NA,NA,Romanian,Yes,Yes,Yes,Selection,FCT-01,1,NA,NA,NA,NA,NA,NA,NA,DOM,Masculine,NA,NA,NA,NA,L2L,NA,Early,Yes,NA,0,102,2026,1,NA,NA,NA,-0.9988130862451546,-1.1672836321893758,NA
H108,2,1,NA,3,NA,102,NA,NA,NA,NA,NA,NA,NA,Romanian,Yes,Yes,Yes,Selection,FCT-04,1,NA,NA,NA,NA,NA,NA,NA,DOM,Feminine,Singular,NA,NA,NA,L2L,NA,Early,Yes,NA,0,102,2026,1,NA,NA,NA,-0.9988130862451546,-1.1672836321893758,NA
H108,2,1,NA,3,NA,102,NA,NA,NA,NA,NA,NA,NA,Romanian,Yes,Yes,Yes,Selection,FCT-08,1,NA,NA,NA,NA,NA,NA,NA,DOM,Masculine,NA,NA,NA,NA,L2L,NA,Early,Yes,NA,0,102,2026,1,NA,NA,NA,-0.9988130862451546,-1.1672836321893758,NA
H108,2,1,NA,3,NA,102,NA,NA,NA,NA,NA,NA,NA,Romanian,Yes,Yes,Yes,Selection,FCT-12,0,NA,NA,NA,NA,NA,NA,NA,DOM,Feminine,Singular,NA,NA,NA,L2L,NA,Early,Yes,NA,0,102,2026,0,NA,NA,NA,-0.9988130862451546,-1.1672836321893758,NA
H108,2,1,NA,3,NA,102,NA,NA,NA,NA,NA,NA,NA,Romanian,Yes,Yes,Yes,Selection,FCT-16,1,NA,NA,NA,NA,NA,NA,NA,DOM,Masculine,NA,NA,NA,NA,L2L,NA,Early,Yes,NA,0,102,2026,1,NA,NA,NA,-0.9988130862451546,-1.1672836321893758,NA
H108,2,1,NA,3,NA,102,NA,NA,NA,NA,NA,NA,NA,Romanian,Yes,Yes,Yes,Selection,FCT-20,1,NA,NA,NA,NA,NA,NA,NA,DOM,Feminine,Singular,NA,NA,NA,L2L,NA,Early,Yes,NA,0,102,2026,1,NA,NA,NA,-0.9988130862451546,-1.1672836321893758,NA
H108,2,1,NA,3,NA,102,NA,NA,NA,NA,NA,NA,NA,Romanian,Yes,Yes,Yes,Selection,FCT-24,1,NA,NA,NA,NA,NA,NA,NA,DOM,Masculine,NA,NA,NA,NA,L2L,NA,Early,Yes,NA,0,102,2026,1,NA,NA,NA,-0.9988130862451546,-1.1672836321893758,NA
H108,2,1,NA,3,NA,102,NA,NA,NA,NA,NA,NA,NA,Romanian,Yes,Yes,Yes,Selection,FCT-27,0,NA,NA,NA,NA,NA,NA,NA,DOM,Feminine,Singular,NA,NA,NA,L2L,NA,Early,Yes,NA,0,102,2026,0,NA,NA,NA,-0.9988130862451546,-1.1672836321893758,NA
H109,2,1,L2L 4th/5th,4,NA,119,NA,NA,NA,NA,NA,NA,NA,"Hindi, Malayalam, Marathi",Yes,Yes,Yes,Selection,FCT-01,0,NA,NA,NA,NA,NA,NA,NA,DOM,Masculine,NA,NA,NA,NA,L2L,4th/5th,Early,Yes,NA,0,119,2026,0,NA,NA,NA,-0.34777784238465603,-0.5666547210779992,NA
H109,2,1,L2L 4th/5th,4,NA,119,NA,NA,NA,NA,NA,NA,NA,"Hindi, Malayalam, Marathi",Yes,Yes,Yes,Selection,FCT-04,1,NA,NA,NA,NA,NA,NA,NA,DOM,Feminine,Singular,NA,NA,NA,L2L,4th/5th,Early,Yes,NA,0,119,2026,1,NA,NA,NA,-0.34777784238465603,-0.5666547210779992,NA
H109,2,1,L2L 4th/5th,4,NA,119,NA,NA,NA,NA,NA,NA,NA,"Hindi, Malayalam, Marathi",Yes,Yes,Yes,Selection,FCT-08,1,NA,NA,NA,NA,NA,NA,NA,DOM,Masculine,NA,NA,NA,NA,L2L,4th/5th,Early,Yes,NA,0,119,2026,1,NA,NA,NA,-0.34777784238465603,-0.5666547210779992,NA
H109,2,1,L2L 4th/5th,4,NA,119,NA,NA,NA,NA,NA,NA,NA,"Hindi, Malayalam, Marathi",Yes,Yes,Yes,Selection,FCT-12,0,NA,NA,NA,NA,NA,NA,NA,DOM,Feminine,Singular,NA,NA,NA,L2L,4th/5th,Early,Yes,NA,0,119,2026,0,NA,NA,NA,-0.34777784238465603,-0.5666547210779992,NA
H109,2,1,L2L 4th/5th,4,NA,119,NA,NA,NA,NA,NA,NA,NA,"Hindi, Malayalam, Marathi",Yes,Yes,Yes,Selection,FCT-16,0,NA,NA,NA,NA,NA,NA,NA,DOM,Masculine,NA,NA,NA,NA,L2L,4th/5th,Early,Yes,NA,0,119,2026,0,NA,NA,NA,-0.34777784238465603,-0.5666547210779992,NA
H109,2,1,L2L 4th/5th,4,NA,119,NA,NA,NA,NA,NA,NA,NA,"Hindi, Malayalam, Marathi",Yes,Yes,Yes,Selection,FCT-20,1,NA,NA,NA,NA,NA,NA,NA,DOM,Feminine,Singular,NA,NA,NA,L2L,4th/5th,Early,Yes,NA,0,119,2026,1,NA,NA,NA,-0.34777784238465603,-0.5666547210779992,NA
H109,2,1,L2L 4th/5th,4,NA,119,NA,NA,NA,NA,NA,NA,NA,"Hindi, Malayalam, Marathi",Yes,Yes,Yes,Selection,FCT-24,1,NA,NA,NA,NA,NA,NA,NA,DOM,Masculine,NA,NA,NA,NA,L2L,4th/5th,Early,Yes,NA,0,119,2026,1,NA,NA,NA,-0.34777784238465603,-0.5666547210779992,NA
H109,2,1,L2L 4th/5th,4,NA,119,NA,NA,NA,NA,NA,NA,NA,"Hindi, Malayalam, Marathi",Yes,Yes,Yes,Selection,FCT-27,1,NA,NA,NA,NA,NA,NA,NA,DOM,Feminine,Singular,NA,NA,NA,L2L,4th/5th,Early,Yes,NA,0,119,2026,1,NA,NA,NA,-0.34777784238465603,-0.5666547210779992,NA
H110,2,1,L2L 2nd,2,NA,93,NA,NA,NA,NA,NA,NA,NA,Romanian,Yes,Yes,Yes,Selection,FCT-01,0,NA,NA,NA,NA,NA,NA,NA,DOM,Masculine,NA,NA,NA,NA,L2L,2nd,Early,Yes,NA,0,93,2026,0,NA,NA,NA,-1.3434788035830658,-1.4852636439542224,NA
H110,2,1,L2L 2nd,2,NA,93,NA,NA,NA,NA,NA,NA,NA,Romanian,Yes,Yes,Yes,Selection,FCT-04,1,NA,NA,NA,NA,NA,NA,NA,DOM,Feminine,Singular,NA,NA,NA,L2L,2nd,Early,Yes,NA,0,93,2026,1,NA,NA,NA,-1.3434788035830658,-1.4852636439542224,NA
H110,2,1,L2L 2nd,2,NA,93,NA,NA,NA,NA,NA,NA,NA,Romanian,Yes,Yes,Yes,Selection,FCT-08,1,NA,NA,NA,NA,NA,NA,NA,DOM,Masculine,NA,NA,NA,NA,L2L,2nd,Early,Yes,NA,0,93,2026,1,NA,NA,NA,-1.3434788035830658,-1.4852636439542224,NA
H110,2,1,L2L 2nd,2,NA,93,NA,NA,NA,NA,NA,NA,NA,Romanian,Yes,Yes,Yes,Selection,FCT-12,0,NA,NA,NA,NA,NA,NA,NA,DOM,Feminine,Singular,NA,NA,NA,L2L,2nd,Early,Yes,NA,0,93,2026,0,NA,NA,NA,-1.3434788035830658,-1.4852636439542224,NA
H110,2,1,L2L 2nd,2,NA,93,NA,NA,NA,NA,NA,NA,NA,Romanian,Yes,Yes,Yes,Selection,FCT-16,1,NA,NA,NA,NA,NA,NA,NA,DOM,Masculine,NA,NA,NA,NA,L2L,2nd,Early,Yes,NA,0,93,2026,1,NA,NA,NA,-1.3434788035830658,-1.4852636439542224,NA
H110,2,1,L2L 2nd,2,NA,93,NA,NA,NA,NA,NA,NA,NA,Romanian,Yes,Yes,Yes,Selection,FCT-20,1,NA,NA,NA,NA,NA,NA,NA,DOM,Feminine,Singular,NA,NA,NA,L2L,2nd,Early,Yes,NA,0,93,2026,1,NA,NA,NA,-1.3434788035830658,-1.4852636439542224,NA
H110,2,1,L2L 2nd,2,NA,93,NA,NA,NA,NA,NA,NA,NA,Romanian,Yes,Yes,Yes,Selection,FCT-24,0,NA,NA,NA,NA,NA,NA,NA,DOM,Masculine,NA,NA,NA,NA,L2L,2nd,Early,Yes,NA,0,93,2026,0,NA,NA,NA,-1.3434788035830658,-1.4852636439542224,NA
H110,2,1,L2L 2nd,2,NA,93,NA,NA,NA,NA,NA,NA,NA,Romanian,Yes,Yes,Yes,Selection,FCT-27,1,NA,NA,NA,NA,NA,NA,NA,DOM,Feminine,Singular,NA,NA,NA,L2L,2nd,Early,Yes,NA,0,93,2026,1,NA,NA,NA,-1.3434788035830658,-1.4852636439542224,NA
H111,2,1,NA,3,NA,110,NA,NA,NA,NA,NA,NA,NA,NA,NA,NA,NA,Selection,FCT-01,0,NA,NA,NA,NA,NA,NA,NA,DOM,Masculine,NA,NA,NA,NA,L2L,NA,Early,Yes,NA,0,110,2026,0,NA,NA,NA,-0.6924435597225671,-0.8846347328428457,NA
H111,2,1,NA,3,NA,110,NA,NA,NA,NA,NA,NA,NA,NA,NA,NA,NA,Selection,FCT-04,0,NA,NA,NA,NA,NA,NA,NA,DOM,Feminine,Singular,NA,NA,NA,L2L,NA,Early,Yes,NA,0,110,2026,0,NA,NA,NA,-0.6924435597225671,-0.8846347328428457,NA
H111,2,1,NA,3,NA,110,NA,NA,NA,NA,NA,NA,NA,NA,NA,NA,NA,Selection,FCT-08,0,NA,NA,NA,NA,NA,NA,NA,DOM,Masculine,NA,NA,NA,NA,L2L,NA,Early,Yes,NA,0,110,2026,0,NA,NA,NA,-0.6924435597225671,-0.8846347328428457,NA
H111,2,1,NA,3,NA,110,NA,NA,NA,NA,NA,NA,NA,NA,NA,NA,NA,Selection,FCT-12,1,NA,NA,NA,NA,NA,NA,NA,DOM,Feminine,Singular,NA,NA,NA,L2L,NA,Early,Yes,NA,0,110,2026,1,NA,NA,NA,-0.6924435597225671,-0.8846347328428457,NA
H111,2,1,NA,3,NA,110,NA,NA,NA,NA,NA,NA,NA,NA,NA,NA,NA,Selection,FCT-16,0,NA,NA,NA,NA,NA,NA,NA,DOM,Masculine,NA,NA,NA,NA,L2L,NA,Early,Yes,NA,0,110,2026,0,NA,NA,NA,-0.6924435597225671,-0.8846347328428457,NA
H111,2,1,NA,3,NA,110,NA,NA,NA,NA,NA,NA,NA,NA,NA,NA,NA,Selection,FCT-20,0,NA,NA,NA,NA,NA,NA,NA,DOM,Feminine,Singular,NA,NA,NA,L2L,NA,Early,Yes,NA,0,110,2026,0,NA,NA,NA,-0.6924435597225671,-0.8846347328428457,NA
H111,2,1,NA,3,NA,110,NA,NA,NA,NA,NA,NA,NA,NA,NA,NA,NA,Selection,FCT-24,0,NA,NA,NA,NA,NA,NA,NA,DOM,Masculine,NA,NA,NA,NA,L2L,NA,Early,Yes,NA,0,110,2026,0,NA,NA,NA,-0.6924435597225671,-0.8846347328428457,NA
H111,2,1,NA,3,NA,110,NA,NA,NA,NA,NA,NA,NA,NA,NA,NA,NA,Selection,FCT-27,0,NA,NA,NA,NA,NA,NA,NA,DOM,Feminine,Singular,NA,NA,NA,L2L,NA,Early,Yes,NA,0,110,2026,0,NA,NA,NA,-0.6924435597225671,-0.8846347328428457,NA
H113,2,1,NA,3,NA,115,NA,NA,NA,NA,NA,NA,NA,NA,NA,NA,NA,Selection,FCT-01,1,NA,NA,NA,NA,NA,NA,NA,DOM,Masculine,NA,NA,NA,NA,L2L,NA,Early,Yes,NA,0,115,2026,1,NA,NA,NA,-0.5009626056459499,-0.7079791707512643,NA
H113,2,1,NA,3,NA,115,NA,NA,NA,NA,NA,NA,NA,NA,NA,NA,NA,Selection,FCT-04,1,NA,NA,NA,NA,NA,NA,NA,DOM,Feminine,Singular,NA,NA,NA,L2L,NA,Early,Yes,NA,0,115,2026,1,NA,NA,NA,-0.5009626056459499,-0.7079791707512643,NA
H113,2,1,NA,3,NA,115,NA,NA,NA,NA,NA,NA,NA,NA,NA,NA,NA,Selection,FCT-08,1,NA,NA,NA,NA,NA,NA,NA,DOM,Masculine,NA,NA,NA,NA,L2L,NA,Early,Yes,NA,0,115,2026,1,NA,NA,NA,-0.5009626056459499,-0.7079791707512643,NA
H113,2,1,NA,3,NA,115,NA,NA,NA,NA,NA,NA,NA,NA,NA,NA,NA,Selection,FCT-12,1,NA,NA,NA,NA,NA,NA,NA,DOM,Feminine,Singular,NA,NA,NA,L2L,NA,Early,Yes,NA,0,115,2026,1,NA,NA,NA,-0.5009626056459499,-0.7079791707512643,NA
H113,2,1,NA,3,NA,115,NA,NA,NA,NA,NA,NA,NA,NA,NA,NA,NA,Selection,FCT-16,1,NA,NA,NA,NA,NA,NA,NA,DOM,Masculine,NA,NA,NA,NA,L2L,NA,Early,Yes,NA,0,115,2026,1,NA,NA,NA,-0.5009626056459499,-0.7079791707512643,NA
H113,2,1,NA,3,NA,115,NA,NA,NA,NA,NA,NA,NA,NA,NA,NA,NA,Selection,FCT-20,1,NA,NA,NA,NA,NA,NA,NA,DOM,Feminine,Singular,NA,NA,NA,L2L,NA,Early,Yes,NA,0,115,2026,1,NA,NA,NA,-0.5009626056459499,-0.7079791707512643,NA
H113,2,1,NA,3,NA,115,NA,NA,NA,NA,NA,NA,NA,NA,NA,NA,NA,Selection,FCT-24,1,NA,NA,NA,NA,NA,NA,NA,DOM,Masculine,NA,NA,NA,NA,L2L,NA,Early,Yes,NA,0,115,2026,1,NA,NA,NA,-0.5009626056459499,-0.7079791707512643,NA
H113,2,1,NA,3,NA,115,NA,NA,NA,NA,NA,NA,NA,NA,NA,NA,NA,Selection,FCT-27,1,NA,NA,NA,NA,NA,NA,NA,DOM,Feminine,Singular,NA,NA,NA,L2L,NA,Early,Yes,NA,0,115,2026,1,NA,NA,NA,-0.5009626056459499,-0.7079791707512643,NA
H114,2,1,L2L 7th/8th,7,NA,153,NA,NA,NA,NA,NA,NA,NA,NA,NA,NA,NA,Selection,FCT-01,0,NA,NA,NA,NA,NA,NA,NA,DOM,Masculine,NA,NA,NA,NA,L2L,7th/8th,Early,Yes,NA,0,153,2026,0,NA,NA,NA,0.9542926453363413,0.6346031011447542,NA
H114,2,1,L2L 7th/8th,7,NA,153,NA,NA,NA,NA,NA,NA,NA,NA,NA,NA,NA,Selection,FCT-04,1,NA,NA,NA,NA,NA,NA,NA,DOM,Feminine,Singular,NA,NA,NA,L2L,7th/8th,Early,Yes,NA,0,153,2026,1,NA,NA,NA,0.9542926453363413,0.6346031011447542,NA
H114,2,1,L2L 7th/8th,7,NA,153,NA,NA,NA,NA,NA,NA,NA,NA,NA,NA,NA,Selection,FCT-08,1,NA,NA,NA,NA,NA,NA,NA,DOM,Masculine,NA,NA,NA,NA,L2L,7th/8th,Early,Yes,NA,0,153,2026,1,NA,NA,NA,0.9542926453363413,0.6346031011447542,NA
H114,2,1,L2L 7th/8th,7,NA,153,NA,NA,NA,NA,NA,NA,NA,NA,NA,NA,NA,Selection,FCT-12,1,NA,NA,NA,NA,NA,NA,NA,DOM,Feminine,Singular,NA,NA,NA,L2L,7th/8th,Early,Yes,NA,0,153,2026,1,NA,NA,NA,0.9542926453363413,0.6346031011447542,NA
H114,2,1,L2L 7th/8th,7,NA,153,NA,NA,NA,NA,NA,NA,NA,NA,NA,NA,NA,Selection,FCT-16,1,NA,NA,NA,NA,NA,NA,NA,DOM,Masculine,NA,NA,NA,NA,L2L,7th/8th,Early,Yes,NA,0,153,2026,1,NA,NA,NA,0.9542926453363413,0.6346031011447542,NA
H114,2,1,L2L 7th/8th,7,NA,153,NA,NA,NA,NA,NA,NA,NA,NA,NA,NA,NA,Selection,FCT-20,0,NA,NA,NA,NA,NA,NA,NA,DOM,Feminine,Singular,NA,NA,NA,L2L,7th/8th,Early,Yes,NA,0,153,2026,0,NA,NA,NA,0.9542926453363413,0.6346031011447542,NA
H114,2,1,L2L 7th/8th,7,NA,153,NA,NA,NA,NA,NA,NA,NA,NA,NA,NA,NA,Selection,FCT-24,1,NA,NA,NA,NA,NA,NA,NA,DOM,Masculine,NA,NA,NA,NA,L2L,7th/8th,Early,Yes,NA,0,153,2026,1,NA,NA,NA,0.9542926453363413,0.6346031011447542,NA
H114,2,1,L2L 7th/8th,7,NA,153,NA,NA,NA,NA,NA,NA,NA,NA,NA,NA,NA,Selection,FCT-27,0,NA,NA,NA,NA,NA,NA,NA,DOM,Feminine,Singular,NA,NA,NA,L2L,7th/8th,Early,Yes,NA,0,153,2026,0,NA,NA,NA,0.9542926453363413,0.6346031011447542,NA
H116,2,1,HS 7th/8th,8,NA,165,NA,NA,NA,NA,NA,NA,NA,NA,NA,NA,NA,Selection,FCT-01,1,NA,NA,NA,NA,NA,NA,NA,DOM,Masculine,NA,NA,NA,NA,HS,7th/8th,Early,Yes,NA,0,165,2026,1,NA,NA,NA,1.4138469351202227,1.0585764501645496,NA
H116,2,1,HS 7th/8th,8,NA,165,NA,NA,NA,NA,NA,NA,NA,NA,NA,NA,NA,Selection,FCT-04,1,NA,NA,NA,NA,NA,NA,NA,DOM,Feminine,Singular,NA,NA,NA,HS,7th/8th,Early,Yes,NA,0,165,2026,1,NA,NA,NA,1.4138469351202227,1.0585764501645496,NA
H116,2,1,HS 7th/8th,8,NA,165,NA,NA,NA,NA,NA,NA,NA,NA,NA,NA,NA,Selection,FCT-08,1,NA,NA,NA,NA,NA,NA,NA,DOM,Masculine,NA,NA,NA,NA,HS,7th/8th,Early,Yes,NA,0,165,2026,1,NA,NA,NA,1.4138469351202227,1.0585764501645496,NA
H116,2,1,HS 7th/8th,8,NA,165,NA,NA,NA,NA,NA,NA,NA,NA,NA,NA,NA,Selection,FCT-12,1,NA,NA,NA,NA,NA,NA,NA,DOM,Feminine,Singular,NA,NA,NA,HS,7th/8th,Early,Yes,NA,0,165,2026,1,NA,NA,NA,1.4138469351202227,1.0585764501645496,NA
H116,2,1,HS 7th/8th,8,NA,165,NA,NA,NA,NA,NA,NA,NA,NA,NA,NA,NA,Selection,FCT-16,1,NA,NA,NA,NA,NA,NA,NA,DOM,Masculine,NA,NA,NA,NA,HS,7th/8th,Early,Yes,NA,0,165,2026,1,NA,NA,NA,1.4138469351202227,1.0585764501645496,NA
H116,2,1,HS 7th/8th,8,NA,165,NA,NA,NA,NA,NA,NA,NA,NA,NA,NA,NA,Selection,FCT-20,1,NA,NA,NA,NA,NA,NA,NA,DOM,Feminine,Singular,NA,NA,NA,HS,7th/8th,Early,Yes,NA,0,165,2026,1,NA,NA,NA,1.4138469351202227,1.0585764501645496,NA
H116,2,1,HS 7th/8th,8,NA,165,NA,NA,NA,NA,NA,NA,NA,NA,NA,NA,NA,Selection,FCT-24,1,NA,NA,NA,NA,NA,NA,NA,DOM,Masculine,NA,NA,NA,NA,HS,7th/8th,Early,Yes,NA,0,165,2026,1,NA,NA,NA,1.4138469351202227,1.0585764501645496,NA
H116,2,1,HS 7th/8th,8,NA,165,NA,NA,NA,NA,NA,NA,NA,NA,NA,NA,NA,Selection,FCT-27,1,NA,NA,NA,NA,NA,NA,NA,DOM,Feminine,Singular,NA,NA,NA,HS,7th/8th,Early,Yes,NA,0,165,2026,1,NA,NA,NA,1.4138469351202227,1.0585764501645496,NA
H118,2,1,HS 4th/5th,4,NA,118,NA,NA,NA,NA,NA,NA,NA,Heritage Spanish,NA,NA,NA,Selection,FCT-01,0,NA,NA,NA,NA,NA,NA,NA,DOM,Masculine,NA,NA,NA,NA,HS,4th/5th,Early,Yes,NA,0,118,2026,0,NA,NA,NA,-0.3860740331999795,-0.6019858334963155,NA
H118,2,1,HS 4th/5th,4,NA,118,NA,NA,NA,NA,NA,NA,NA,Heritage Spanish,NA,NA,NA,Selection,FCT-04,0,NA,NA,NA,NA,NA,NA,NA,DOM,Feminine,Singular,NA,NA,NA,HS,4th/5th,Early,Yes,NA,0,118,2026,0,NA,NA,NA,-0.3860740331999795,-0.6019858334963155,NA
H118,2,1,HS 4th/5th,4,NA,118,NA,NA,NA,NA,NA,NA,NA,Heritage Spanish,NA,NA,NA,Selection,FCT-08,1,NA,NA,NA,NA,NA,NA,NA,DOM,Masculine,NA,NA,NA,NA,HS,4th/5th,Early,Yes,NA,0,118,2026,1,NA,NA,NA,-0.3860740331999795,-0.6019858334963155,NA
H118,2,1,HS 4th/5th,4,NA,118,NA,NA,NA,NA,NA,NA,NA,Heritage Spanish,NA,NA,NA,Selection,FCT-12,0,NA,NA,NA,NA,NA,NA,NA,DOM,Feminine,Singular,NA,NA,NA,HS,4th/5th,Early,Yes,NA,0,118,2026,0,NA,NA,NA,-0.3860740331999795,-0.6019858334963155,NA
H118,2,1,HS 4th/5th,4,NA,118,NA,NA,NA,NA,NA,NA,NA,Heritage Spanish,NA,NA,NA,Selection,FCT-16,0,NA,NA,NA,NA,NA,NA,NA,DOM,Masculine,NA,NA,NA,NA,HS,4th/5th,Early,Yes,NA,0,118,2026,0,NA,NA,NA,-0.3860740331999795,-0.6019858334963155,NA
H118,2,1,HS 4th/5th,4,NA,118,NA,NA,NA,NA,NA,NA,NA,Heritage Spanish,NA,NA,NA,Selection,FCT-20,1,NA,NA,NA,NA,NA,NA,NA,DOM,Feminine,Singular,NA,NA,NA,HS,4th/5th,Early,Yes,NA,0,118,2026,1,NA,NA,NA,-0.3860740331999795,-0.6019858334963155,NA
H118,2,1,HS 4th/5th,4,NA,118,NA,NA,NA,NA,NA,NA,NA,Heritage Spanish,NA,NA,NA,Selection,FCT-24,0,NA,NA,NA,NA,NA,NA,NA,DOM,Masculine,NA,NA,NA,NA,HS,4th/5th,Early,Yes,NA,0,118,2026,0,NA,NA,NA,-0.3860740331999795,-0.6019858334963155,NA
H118,2,1,HS 4th/5th,4,NA,118,NA,NA,NA,NA,NA,NA,NA,Heritage Spanish,NA,NA,NA,Selection,FCT-27,0,NA,NA,NA,NA,NA,NA,NA,DOM,Feminine,Singular,NA,NA,NA,HS,4th/5th,Early,Yes,NA,0,118,2026,0,NA,NA,NA,-0.3860740331999795,-0.6019858334963155,NA
H119,2,1,HS 4th/5th,4,NA,122,NA,NA,NA,NA,NA,NA,NA,Heritage Spanish,NA,NA,NA,Selection,FCT-01,0,NA,NA,NA,NA,NA,NA,NA,DOM,Masculine,NA,NA,NA,NA,HS,4th/5th,Early,Yes,NA,0,122,2026,0,NA,NA,NA,-0.2328892699386857,-0.4606613838230504,NA
H119,2,1,HS 4th/5th,4,NA,122,NA,NA,NA,NA,NA,NA,NA,Heritage Spanish,NA,NA,NA,Selection,FCT-04,0,NA,NA,NA,NA,NA,NA,NA,DOM,Feminine,Singular,NA,NA,NA,HS,4th/5th,Early,Yes,NA,0,122,2026,0,NA,NA,NA,-0.2328892699386857,-0.4606613838230504,NA
H119,2,1,HS 4th/5th,4,NA,122,NA,NA,NA,NA,NA,NA,NA,Heritage Spanish,NA,NA,NA,Selection,FCT-08,0,NA,NA,NA,NA,NA,NA,NA,DOM,Masculine,NA,NA,NA,NA,HS,4th/5th,Early,Yes,NA,0,122,2026,0,NA,NA,NA,-0.2328892699386857,-0.4606613838230504,NA
H119,2,1,HS 4th/5th,4,NA,122,NA,NA,NA,NA,NA,NA,NA,Heritage Spanish,NA,NA,NA,Selection,FCT-12,1,NA,NA,NA,NA,NA,NA,NA,DOM,Feminine,Singular,NA,NA,NA,HS,4th/5th,Early,Yes,NA,0,122,2026,1,NA,NA,NA,-0.2328892699386857,-0.4606613838230504,NA
H119,2,1,HS 4th/5th,4,NA,122,NA,NA,NA,NA,NA,NA,NA,Heritage Spanish,NA,NA,NA,Selection,FCT-16,1,NA,NA,NA,NA,NA,NA,NA,DOM,Masculine,NA,NA,NA,NA,HS,4th/5th,Early,Yes,NA,0,122,2026,1,NA,NA,NA,-0.2328892699386857,-0.4606613838230504,NA
H119,2,1,HS 4th/5th,4,NA,122,NA,NA,NA,NA,NA,NA,NA,Heritage Spanish,NA,NA,NA,Selection,FCT-20,0,NA,NA,NA,NA,NA,NA,NA,DOM,Feminine,Singular,NA,NA,NA,HS,4th/5th,Early,Yes,NA,0,122,2026,0,NA,NA,NA,-0.2328892699386857,-0.4606613838230504,NA
H119,2,1,HS 4th/5th,4,NA,122,NA,NA,NA,NA,NA,NA,NA,Heritage Spanish,NA,NA,NA,Selection,FCT-24,1,NA,NA,NA,NA,NA,NA,NA,DOM,Masculine,NA,NA,NA,NA,HS,4th/5th,Early,Yes,NA,0,122,2026,1,NA,NA,NA,-0.2328892699386857,-0.4606613838230504,NA
H119,2,1,HS 4th/5th,4,NA,122,NA,NA,NA,NA,NA,NA,NA,Heritage Spanish,NA,NA,NA,Selection,FCT-27,0,NA,NA,NA,NA,NA,NA,NA,DOM,Feminine,Singular,NA,NA,NA,HS,4th/5th,Early,Yes,NA,0,122,2026,0,NA,NA,NA,-0.2328892699386857,-0.4606613838230504,NA
H120,2,1,HS 4th/5th,4,NA,125,NA,NA,NA,NA,NA,NA,NA,Heritage Spanish,NA,NA,NA,Selection,FCT-01,0,NA,NA,NA,NA,NA,NA,NA,DOM,Masculine,NA,NA,NA,NA,HS,4th/5th,Early,Yes,NA,0,125,2026,0,NA,NA,NA,-0.11800069749271534,-0.3546680465681015,NA
H120,2,1,HS 4th/5th,4,NA,125,NA,NA,NA,NA,NA,NA,NA,Heritage Spanish,NA,NA,NA,Selection,FCT-04,1,NA,NA,NA,NA,NA,NA,NA,DOM,Feminine,Singular,NA,NA,NA,HS,4th/5th,Early,Yes,NA,0,125,2026,1,NA,NA,NA,-0.11800069749271534,-0.3546680465681015,NA
H120,2,1,HS 4th/5th,4,NA,125,NA,NA,NA,NA,NA,NA,NA,Heritage Spanish,NA,NA,NA,Selection,FCT-08,1,NA,NA,NA,NA,NA,NA,NA,DOM,Masculine,NA,NA,NA,NA,HS,4th/5th,Early,Yes,NA,0,125,2026,1,NA,NA,NA,-0.11800069749271534,-0.3546680465681015,NA
H120,2,1,HS 4th/5th,4,NA,125,NA,NA,NA,NA,NA,NA,NA,Heritage Spanish,NA,NA,NA,Selection,FCT-12,0,NA,NA,NA,NA,NA,NA,NA,DOM,Feminine,Singular,NA,NA,NA,HS,4th/5th,Early,Yes,NA,0,125,2026,0,NA,NA,NA,-0.11800069749271534,-0.3546680465681015,NA
H120,2,1,HS 4th/5th,4,NA,125,NA,NA,NA,NA,NA,NA,NA,Heritage Spanish,NA,NA,NA,Selection,FCT-16,1,NA,NA,NA,NA,NA,NA,NA,DOM,Masculine,NA,NA,NA,NA,HS,4th/5th,Early,Yes,NA,0,125,2026,1,NA,NA,NA,-0.11800069749271534,-0.3546680465681015,NA
H120,2,1,HS 4th/5th,4,NA,125,NA,NA,NA,NA,NA,NA,NA,Heritage Spanish,NA,NA,NA,Selection,FCT-20,1,NA,NA,NA,NA,NA,NA,NA,DOM,Feminine,Singular,NA,NA,NA,HS,4th/5th,Early,Yes,NA,0,125,2026,1,NA,NA,NA,-0.11800069749271534,-0.3546680465681015,NA
H120,2,1,HS 4th/5th,4,NA,125,NA,NA,NA,NA,NA,NA,NA,Heritage Spanish,NA,NA,NA,Selection,FCT-24,1,NA,NA,NA,NA,NA,NA,NA,DOM,Masculine,NA,NA,NA,NA,HS,4th/5th,Early,Yes,NA,0,125,2026,1,NA,NA,NA,-0.11800069749271534,-0.3546680465681015,NA
H120,2,1,HS 4th/5th,4,NA,125,NA,NA,NA,NA,NA,NA,NA,Heritage Spanish,NA,NA,NA,Selection,FCT-27,1,NA,NA,NA,NA,NA,NA,NA,DOM,Feminine,Singular,NA,NA,NA,HS,4th/5th,Early,Yes,NA,0,125,2026,1,NA,NA,NA,-0.11800069749271534,-0.3546680465681015,NA
H121,2,1,HS 2nd,2,NA,102,NA,NA,NA,NA,NA,NA,NA,Heritage Spanish,NA,NA,NA,Selection,FCT-01,1,NA,NA,NA,NA,NA,NA,NA,DOM,Masculine,NA,NA,NA,NA,HS,2nd,Early,Yes,NA,0,102,2026,1,NA,NA,NA,-0.9988130862451546,-1.1672836321893758,NA
H121,2,1,HS 2nd,2,NA,102,NA,NA,NA,NA,NA,NA,NA,Heritage Spanish,NA,NA,NA,Selection,FCT-04,0,NA,NA,NA,NA,NA,NA,NA,DOM,Feminine,Singular,NA,NA,NA,HS,2nd,Early,Yes,NA,0,102,2026,0,NA,NA,NA,-0.9988130862451546,-1.1672836321893758,NA
H121,2,1,HS 2nd,2,NA,102,NA,NA,NA,NA,NA,NA,NA,Heritage Spanish,NA,NA,NA,Selection,FCT-08,1,NA,NA,NA,NA,NA,NA,NA,DOM,Masculine,NA,NA,NA,NA,HS,2nd,Early,Yes,NA,0,102,2026,1,NA,NA,NA,-0.9988130862451546,-1.1672836321893758,NA
H121,2,1,HS 2nd,2,NA,102,NA,NA,NA,NA,NA,NA,NA,Heritage Spanish,NA,NA,NA,Selection,FCT-12,0,NA,NA,NA,NA,NA,NA,NA,DOM,Feminine,Singular,NA,NA,NA,HS,2nd,Early,Yes,NA,0,102,2026,0,NA,NA,NA,-0.9988130862451546,-1.1672836321893758,NA
H121,2,1,HS 2nd,2,NA,102,NA,NA,NA,NA,NA,NA,NA,Heritage Spanish,NA,NA,NA,Selection,FCT-16,0,NA,NA,NA,NA,NA,NA,NA,DOM,Masculine,NA,NA,NA,NA,HS,2nd,Early,Yes,NA,0,102,2026,0,NA,NA,NA,-0.9988130862451546,-1.1672836321893758,NA
H121,2,1,HS 2nd,2,NA,102,NA,NA,NA,NA,NA,NA,NA,Heritage Spanish,NA,NA,NA,Selection,FCT-20,1,NA,NA,NA,NA,NA,NA,NA,DOM,Feminine,Singular,NA,NA,NA,HS,2nd,Early,Yes,NA,0,102,2026,1,NA,NA,NA,-0.9988130862451546,-1.1672836321893758,NA
H121,2,1,HS 2nd,2,NA,102,NA,NA,NA,NA,NA,NA,NA,Heritage Spanish,NA,NA,NA,Selection,FCT-24,0,NA,NA,NA,NA,NA,NA,NA,DOM,Masculine,NA,NA,NA,NA,HS,2nd,Early,Yes,NA,0,102,2026,0,NA,NA,NA,-0.9988130862451546,-1.1672836321893758,NA
H121,2,1,HS 2nd,2,NA,102,NA,NA,NA,NA,NA,NA,NA,Heritage Spanish,NA,NA,NA,Selection,FCT-27,1,NA,NA,NA,NA,NA,NA,NA,DOM,Feminine,Singular,NA,NA,NA,HS,2nd,Early,Yes,NA,0,102,2026,1,NA,NA,NA,-0.9988130862451546,-1.1672836321893758,NA
H122,2,1,NA,3,NA,110,NA,NA,NA,NA,NA,NA,NA,Heritage Spanish,NA,NA,NA,Selection,FCT-01,0,NA,NA,NA,NA,NA,NA,NA,DOM,Masculine,NA,NA,NA,NA,HS,NA,Early,Yes,NA,0,110,2026,0,NA,NA,NA,-0.6924435597225671,-0.8846347328428457,NA
H122,2,1,NA,3,NA,110,NA,NA,NA,NA,NA,NA,NA,Heritage Spanish,NA,NA,NA,Selection,FCT-04,0,NA,NA,NA,NA,NA,NA,NA,DOM,Feminine,Singular,NA,NA,NA,HS,NA,Early,Yes,NA,0,110,2026,0,NA,NA,NA,-0.6924435597225671,-0.8846347328428457,NA
H122,2,1,NA,3,NA,110,NA,NA,NA,NA,NA,NA,NA,Heritage Spanish,NA,NA,NA,Selection,FCT-08,1,NA,NA,NA,NA,NA,NA,NA,DOM,Masculine,NA,NA,NA,NA,HS,NA,Early,Yes,NA,0,110,2026,1,NA,NA,NA,-0.6924435597225671,-0.8846347328428457,NA
H122,2,1,NA,3,NA,110,NA,NA,NA,NA,NA,NA,NA,Heritage Spanish,NA,NA,NA,Selection,FCT-12,0,NA,NA,NA,NA,NA,NA,NA,DOM,Feminine,Singular,NA,NA,NA,HS,NA,Early,Yes,NA,0,110,2026,0,NA,NA,NA,-0.6924435597225671,-0.8846347328428457,NA
H122,2,1,NA,3,NA,110,NA,NA,NA,NA,NA,NA,NA,Heritage Spanish,NA,NA,NA,Selection,FCT-16,0,NA,NA,NA,NA,NA,NA,NA,DOM,Masculine,NA,NA,NA,NA,HS,NA,Early,Yes,NA,0,110,2026,0,NA,NA,NA,-0.6924435597225671,-0.8846347328428457,NA
H122,2,1,NA,3,NA,110,NA,NA,NA,NA,NA,NA,NA,Heritage Spanish,NA,NA,NA,Selection,FCT-20,0,NA,NA,NA,NA,NA,NA,NA,DOM,Feminine,Singular,NA,NA,NA,HS,NA,Early,Yes,NA,0,110,2026,0,NA,NA,NA,-0.6924435597225671,-0.8846347328428457,NA
H122,2,1,NA,3,NA,110,NA,NA,NA,NA,NA,NA,NA,Heritage Spanish,NA,NA,NA,Selection,FCT-24,1,NA,NA,NA,NA,NA,NA,NA,DOM,Masculine,NA,NA,NA,NA,HS,NA,Early,Yes,NA,0,110,2026,1,NA,NA,NA,-0.6924435597225671,-0.8846347328428457,NA
H122,2,1,NA,3,NA,110,NA,NA,NA,NA,NA,NA,NA,Heritage Spanish,NA,NA,NA,Selection,FCT-27,0,NA,NA,NA,NA,NA,NA,NA,DOM,Feminine,Singular,NA,NA,NA,HS,NA,Early,Yes,NA,0,110,2026,0,NA,NA,NA,-0.6924435597225671,-0.8846347328428457,NA
H123,2,1,NA,3,NA,114,NA,NA,NA,NA,NA,NA,NA,Heritage Spanish,NA,NA,NA,Selection,FCT-01,1,NA,NA,NA,NA,NA,NA,NA,DOM,Masculine,NA,NA,NA,NA,HS,NA,Early,Yes,NA,0,114,2026,1,NA,NA,NA,-0.5392587964612733,-0.7433102831695806,NA
H123,2,1,NA,3,NA,114,NA,NA,NA,NA,NA,NA,NA,Heritage Spanish,NA,NA,NA,Selection,FCT-04,1,NA,NA,NA,NA,NA,NA,NA,DOM,Feminine,Singular,NA,NA,NA,HS,NA,Early,Yes,NA,0,114,2026,1,NA,NA,NA,-0.5392587964612733,-0.7433102831695806,NA
H123,2,1,NA,3,NA,114,NA,NA,NA,NA,NA,NA,NA,Heritage Spanish,NA,NA,NA,Selection,FCT-08,1,NA,NA,NA,NA,NA,NA,NA,DOM,Masculine,NA,NA,NA,NA,HS,NA,Early,Yes,NA,0,114,2026,1,NA,NA,NA,-0.5392587964612733,-0.7433102831695806,NA
H123,2,1,NA,3,NA,114,NA,NA,NA,NA,NA,NA,NA,Heritage Spanish,NA,NA,NA,Selection,FCT-12,0,NA,NA,NA,NA,NA,NA,NA,DOM,Feminine,Singular,NA,NA,NA,HS,NA,Early,Yes,NA,0,114,2026,0,NA,NA,NA,-0.5392587964612733,-0.7433102831695806,NA
H123,2,1,NA,3,NA,114,NA,NA,NA,NA,NA,NA,NA,Heritage Spanish,NA,NA,NA,Selection,FCT-16,1,NA,NA,NA,NA,NA,NA,NA,DOM,Masculine,NA,NA,NA,NA,HS,NA,Early,Yes,NA,0,114,2026,1,NA,NA,NA,-0.5392587964612733,-0.7433102831695806,NA
H123,2,1,NA,3,NA,114,NA,NA,NA,NA,NA,NA,NA,Heritage Spanish,NA,NA,NA,Selection,FCT-20,0,NA,NA,NA,NA,NA,NA,NA,DOM,Feminine,Singular,NA,NA,NA,HS,NA,Early,Yes,NA,0,114,2026,0,NA,NA,NA,-0.5392587964612733,-0.7433102831695806,NA
H123,2,1,NA,3,NA,114,NA,NA,NA,NA,NA,NA,NA,Heritage Spanish,NA,NA,NA,Selection,FCT-24,1,NA,NA,NA,NA,NA,NA,NA,DOM,Masculine,NA,NA,NA,NA,HS,NA,Early,Yes,NA,0,114,2026,1,NA,NA,NA,-0.5392587964612733,-0.7433102831695806,NA
H123,2,1,NA,3,NA,114,NA,NA,NA,NA,NA,NA,NA,Heritage Spanish,NA,NA,NA,Selection,FCT-27,0,NA,NA,NA,NA,NA,NA,NA,DOM,Feminine,Singular,NA,NA,NA,HS,NA,Early,Yes,NA,0,114,2026,0,NA,NA,NA,-0.5392587964612733,-0.7433102831695806,NA
H124,2,1,HS 2nd,2,NA,95,NA,NA,NA,NA,NA,NA,NA,Heritage Spanish,NA,NA,NA,Selection,FCT-01,1,NA,NA,NA,NA,NA,NA,NA,DOM,Masculine,NA,NA,NA,NA,HS,2nd,Early,Yes,NA,0,95,2026,1,NA,NA,NA,-1.2668864219524187,-1.41460141911759,NA
H124,2,1,HS 2nd,2,NA,95,NA,NA,NA,NA,NA,NA,NA,Heritage Spanish,NA,NA,NA,Selection,FCT-04,0,NA,NA,NA,NA,NA,NA,NA,DOM,Feminine,Singular,NA,NA,NA,HS,2nd,Early,Yes,NA,0,95,2026,0,NA,NA,NA,-1.2668864219524187,-1.41460141911759,NA
H124,2,1,HS 2nd,2,NA,95,NA,NA,NA,NA,NA,NA,NA,Heritage Spanish,NA,NA,NA,Selection,FCT-08,1,NA,NA,NA,NA,NA,NA,NA,DOM,Masculine,NA,NA,NA,NA,HS,2nd,Early,Yes,NA,0,95,2026,1,NA,NA,NA,-1.2668864219524187,-1.41460141911759,NA
H124,2,1,HS 2nd,2,NA,95,NA,NA,NA,NA,NA,NA,NA,Heritage Spanish,NA,NA,NA,Selection,FCT-12,0,NA,NA,NA,NA,NA,NA,NA,DOM,Feminine,Singular,NA,NA,NA,HS,2nd,Early,Yes,NA,0,95,2026,0,NA,NA,NA,-1.2668864219524187,-1.41460141911759,NA
H124,2,1,HS 2nd,2,NA,95,NA,NA,NA,NA,NA,NA,NA,Heritage Spanish,NA,NA,NA,Selection,FCT-16,0,NA,NA,NA,NA,NA,NA,NA,DOM,Masculine,NA,NA,NA,NA,HS,2nd,Early,Yes,NA,0,95,2026,0,NA,NA,NA,-1.2668864219524187,-1.41460141911759,NA
H124,2,1,HS 2nd,2,NA,95,NA,NA,NA,NA,NA,NA,NA,Heritage Spanish,NA,NA,NA,Selection,FCT-20,0,NA,NA,NA,NA,NA,NA,NA,DOM,Feminine,Singular,NA,NA,NA,HS,2nd,Early,Yes,NA,0,95,2026,0,NA,NA,NA,-1.2668864219524187,-1.41460141911759,NA
H124,2,1,HS 2nd,2,NA,95,NA,NA,NA,NA,NA,NA,NA,Heritage Spanish,NA,NA,NA,Selection,FCT-24,1,NA,NA,NA,NA,NA,NA,NA,DOM,Masculine,NA,NA,NA,NA,HS,2nd,Early,Yes,NA,0,95,2026,1,NA,NA,NA,-1.2668864219524187,-1.41460141911759,NA
H124,2,1,HS 2nd,2,NA,95,NA,NA,NA,NA,NA,NA,NA,Heritage Spanish,NA,NA,NA,Selection,FCT-27,0,NA,NA,NA,NA,NA,NA,NA,DOM,Feminine,Singular,NA,NA,NA,HS,2nd,Early,Yes,NA,0,95,2026,0,NA,NA,NA,-1.2668864219524187,-1.41460141911759,NA
H125,2,1,L2L 4th/5th,4,NA,121,NA,NA,NA,NA,NA,NA,NA,L2,NA,NA,NA,Selection,FCT-01,0,NA,NA,NA,NA,NA,NA,NA,DOM,Masculine,NA,NA,NA,NA,L2L,4th/5th,Early,Yes,NA,0,121,2026,0,NA,NA,NA,-0.2711854607540091,-0.49599249624136665,NA
H125,2,1,L2L 4th/5th,4,NA,121,NA,NA,NA,NA,NA,NA,NA,L2,NA,NA,NA,Selection,FCT-04,1,NA,NA,NA,NA,NA,NA,NA,DOM,Feminine,Singular,NA,NA,NA,L2L,4th/5th,Early,Yes,NA,0,121,2026,1,NA,NA,NA,-0.2711854607540091,-0.49599249624136665,NA
H125,2,1,L2L 4th/5th,4,NA,121,NA,NA,NA,NA,NA,NA,NA,L2,NA,NA,NA,Selection,FCT-08,1,NA,NA,NA,NA,NA,NA,NA,DOM,Masculine,NA,NA,NA,NA,L2L,4th/5th,Early,Yes,NA,0,121,2026,1,NA,NA,NA,-0.2711854607540091,-0.49599249624136665,NA
H125,2,1,L2L 4th/5th,4,NA,121,NA,NA,NA,NA,NA,NA,NA,L2,NA,NA,NA,Selection,FCT-12,0,NA,NA,NA,NA,NA,NA,NA,DOM,Feminine,Singular,NA,NA,NA,L2L,4th/5th,Early,Yes,NA,0,121,2026,0,NA,NA,NA,-0.2711854607540091,-0.49599249624136665,NA
H125,2,1,L2L 4th/5th,4,NA,121,NA,NA,NA,NA,NA,NA,NA,L2,NA,NA,NA,Selection,FCT-16,0,NA,NA,NA,NA,NA,NA,NA,DOM,Masculine,NA,NA,NA,NA,L2L,4th/5th,Early,Yes,NA,0,121,2026,0,NA,NA,NA,-0.2711854607540091,-0.49599249624136665,NA
H125,2,1,L2L 4th/5th,4,NA,121,NA,NA,NA,NA,NA,NA,NA,L2,NA,NA,NA,Selection,FCT-20,1,NA,NA,NA,NA,NA,NA,NA,DOM,Feminine,Singular,NA,NA,NA,L2L,4th/5th,Early,Yes,NA,0,121,2026,1,NA,NA,NA,-0.2711854607540091,-0.49599249624136665,NA
H125,2,1,L2L 4th/5th,4,NA,121,NA,NA,NA,NA,NA,NA,NA,L2,NA,NA,NA,Selection,FCT-24,0,NA,NA,NA,NA,NA,NA,NA,DOM,Masculine,NA,NA,NA,NA,L2L,4th/5th,Early,Yes,NA,0,121,2026,0,NA,NA,NA,-0.2711854607540091,-0.49599249624136665,NA
H125,2,1,L2L 4th/5th,4,NA,121,NA,NA,NA,NA,NA,NA,NA,L2,NA,NA,NA,Selection,FCT-27,1,NA,NA,NA,NA,NA,NA,NA,DOM,Feminine,Singular,NA,NA,NA,L2L,4th/5th,Early,Yes,NA,0,121,2026,1,NA,NA,NA,-0.2711854607540091,-0.49599249624136665,NA
