Part_ID,Cohort,Session,Group,Grade,Age,Months_at_Start,AoA_SPA,AoA_ENG,SPA_Use,SPA_Contexts,ENG_Contexts,Langs,BESA_Score,Home_Lang_Group,HL_DOM,HL_Gender,HL_Subj,Task,Item,Accuracy,Accuracy_Clit_Gen,Accuracy_Clit_Num,Accuracy_DP_Gen,Accuracy_DP_Num,Questions,Initial_Response,Error_Type,Structure,Gender,Number,Verb,Verb_Freq,Verb_Type,Speaker_Group,Age_Group,Timing,Interface,Contexts,Study_Age,Months_at_Testing,Testing_Year,Accuracy_Combined,SPA_Pct,Verb_Freq_Std,BESA_Std,Months_at_Start_Ctd,Months_at_Testing_Ctd
H01,1,1,L2L 4th/5th,5,NA,129,NA,NA,NA,1,5,NA,3,L2 learner,L2,L2,L2,Production,Prod-03,NA,NA,NA,1,1,NA,están romper el globo,DP,Articles,Masculine,Singular,NA,NA,NA,L2L,4th/5th,Early,No,6,0,129,2023,1,0.16666666666666666,NA,NA,0.03518406576857845,-0.21334359689483645
H01,1,1,L2L 4th/5th,5,NA,129,NA,NA,NA,1,5,NA,3,L2 learner,L2,L2,L2,Production,Prod-07,NA,NA,NA,1,1,NA,contar los números,DP,Articles,Masculine,Plural,NA,NA,NA,L2L,4th/5th,Early,No,6,0,129,2023,1,0.16666666666666666,NA,NA,0.03518406576857845,-0.21334359689483645
H01,1,1,L2L 4th/5th,5,NA,129,NA,NA,NA,1,5,NA,3,L2 learner,L2,L2,L2,Production,Prod-09,NA,NA,NA,0,1,NA,quitar los chaquetas,DP,Articles,Feminine,Plural,NA,NA,NA,L2L,4th/5th,Early,No,6,0,129,2023,0,0.16666666666666666,NA,NA,0.03518406576857845,-0.21334359689483645
H01,1,1,L2L 4th/5th,5,NA,129,NA,NA,NA,1,5,NA,3,L2 learner,L2,L2,L2,Production,Prod-11,NA,NA,NA,1,1,NA,los niños limpiar el perro,DP,Articles,Masculine,Singular,NA,NA,NA,L2L,4th/5th,Early,No,6,0,129,2023,1,0.16666666666666666,NA,NA,0.03518406576857845,-0.21334359689483645
H01,1,1,L2L 4th/5th,5,NA,129,NA,NA,NA,1,5,NA,3,L2 learner,L2,L2,L2,Production,Prod-13,NA,NA,NA,1,1,NA,escuchar la música,DP,Articles,Feminine,Singular,NA,NA,NA,L2L,4th/5th,Early,No,6,0,129,2023,1,0.16666666666666666,NA,NA,0.03518406576857845,-0.21334359689483645
H01,1,1,L2L 4th/5th,5,NA,129,NA,NA,NA,1,5,NA,3,L2 learner,L2,L2,L2,Production,Prod-17,NA,NA,NA,1,1,NA,comer las galletas,DP,Articles,Feminine,Plural,NA,NA,NA,L2L,4th/5th,Early,No,6,0,129,2023,1,0.16666666666666666,NA,NA,0.03518406576857845,-0.21334359689483645
H01,1,1,L2L 4th/5th,5,NA,129,NA,NA,NA,1,5,NA,3,L2 learner,L2,L2,L2,Production,Prod-19,NA,NA,NA,1,1,NA,están cocinar el pescado,DP,Articles,Masculine,Singular,NA,NA,NA,L2L,4th/5th,Early,No,6,0,129,2023,1,0.16666666666666666,NA,NA,0.03518406576857845,-0.21334359689483645
H01,1,1,L2L 4th/5th,5,NA,129,NA,NA,NA,1,5,NA,3,L2 learner,L2,L2,L2,Production,Prod-21,NA,NA,NA,1,1,NA,cerrar la puerta,DP,Articles,Feminine,Singular,NA,NA,NA,L2L,4th/5th,Early,No,6,0,129,2023,1,0.16666666666666666,NA,NA,0.03518406576857845,-0.21334359689483645
H01,1,1,L2L 4th/5th,5,NA,129,NA,NA,NA,1,5,NA,3,L2 learner,L2,L2,L2,Production,Prod-23,NA,NA,NA,1,1,NA,hacer música con los instrumentos,DP,Articles,Masculine,Plural,NA,NA,NA,L2L,4th/5th,Early,No,6,0,129,2023,1,0.16666666666666666,NA,NA,0.03518406576857845,-0.21334359689483645
H01,1,1,L2L 4th/5th,5,NA,129,NA,NA,NA,1,5,NA,3,L2 learner,L2,L2,L2,Production,Prod-25,1,NA,NA,1,1,NA,ponerlas,NA,Articles,Feminine,Plural,NA,NA,NA,L2L,4th/5th,Early,No,6,0,129,2023,1,0.16666666666666666,NA,NA,0.03518406576857845,-0.21334359689483645
H02,1,1,L2L 7th/8th,8,NA,175,NA,NA,NA,2,4,NA,8,L2 learner,L2,L2,L2,Production,Prod-11,NA,NA,NA,1,NA,DOM,lavan al perro,DP,Articles,Masculine,Singular,NA,NA,NA,L2L,7th/8th,Early,No,6,0,175,2023,1,0.3333333333333333,NA,NA,1.7968088432734572,1.4118875743477124
H02,1,1,L2L 7th/8th,8,NA,175,NA,NA,NA,2,4,NA,8,L2 learner,L2,L2,L2,Production,Prod-13,NA,NA,NA,1,1,NA,están escuchando la música,DP,Articles,Feminine,Singular,NA,NA,NA,L2L,7th/8th,Early,No,6,0,175,2023,1,0.3333333333333333,NA,NA,1.7968088432734572,1.4118875743477124
H02,1,1,L2L 7th/8th,8,NA,175,NA,NA,NA,2,4,NA,8,L2 learner,L2,L2,L2,Production,Prod-17,NA,NA,NA,1,1,NA,ve el niño,DP,Articles,Feminine,Plural,NA,NA,NA,L2L,7th/8th,Early,No,6,0,175,2023,1,0.3333333333333333,NA,NA,1.7968088432734572,1.4118875743477124
H02,1,1,L2L 7th/8th,8,NA,175,NA,NA,NA,2,4,NA,8,L2 learner,L2,L2,L2,Production,Prod-19,NA,NA,NA,1,1,NA,coman la comida,DP,Articles,Masculine,Singular,NA,NA,NA,L2L,7th/8th,Early,No,6,0,175,2023,1,0.3333333333333333,NA,NA,1.7968088432734572,1.4118875743477124
H02,1,1,L2L 7th/8th,8,NA,175,NA,NA,NA,2,4,NA,8,L2 learner,L2,L2,L2,Production,Prod-21,NA,NA,NA,1,1,DOM,ve a la niña,DP,Articles,Feminine,Singular,NA,NA,NA,L2L,7th/8th,Early,No,6,0,175,2023,1,0.3333333333333333,NA,NA,1.7968088432734572,1.4118875743477124
H02,1,1,L2L 7th/8th,8,NA,175,NA,NA,NA,2,4,NA,8,L2 learner,L2,L2,L2,Production,Prod-25,NA,NA,NA,1,1,DOM,ve a las niñas,DP,Articles,Feminine,Plural,NA,NA,NA,L2L,7th/8th,Early,No,6,0,175,2023,1,0.3333333333333333,NA,NA,1.7968088432734572,1.4118875743477124
H03,1,1,L2L 7th/8th,8,14,170,NA,NA,NA,2,4,3,8,Portuguese,No,Yes,Yes,Production,Prod-11,NA,NA,NA,1,1,Recoded as no score -Jen,limpian el perro,DP,Articles,Masculine,Singular,NA,NA,NA,L2L,7th/8th,Early,No,6,0,170,2023,1,0.3333333333333333,NA,NA,1.6053278891968399,1.2352320122561309
H03,1,1,L2L 7th/8th,8,14,170,NA,NA,NA,2,4,3,8,Portuguese,No,Yes,Yes,Production,Prod-15,NA,NA,NA,1,1,Se,se ponen los libros en la mesa,DP,Articles,Masculine,Plural,NA,NA,NA,L2L,7th/8th,Early,No,6,0,170,2023,1,0.3333333333333333,NA,NA,1.6053278891968399,1.2352320122561309
H03,1,1,L2L 7th/8th,8,14,170,NA,NA,NA,2,4,3,8,Portuguese,No,Yes,Yes,Production,Prod-17,NA,NA,NA,1,1,Se,Se comen las galletas,DP,Articles,Feminine,Plural,NA,NA,NA,L2L,7th/8th,Early,No,6,0,170,2023,1,0.3333333333333333,NA,NA,1.6053278891968399,1.2352320122561309
H03,1,1,L2L 7th/8th,8,14,170,NA,NA,NA,2,4,3,8,Portuguese,No,Yes,Yes,Production,Prod-19,NA,NA,NA,1,1,NA,cocinan el pescado,DP,Articles,Masculine,Singular,NA,NA,NA,L2L,7th/8th,Early,No,6,0,170,2023,1,0.3333333333333333,NA,NA,1.6053278891968399,1.2352320122561309
H03,1,1,L2L 7th/8th,8,14,170,NA,NA,NA,2,4,3,8,Portuguese,No,Yes,Yes,Production,Prod-21,NA,NA,NA,1,1,NA,fechar la puerta,DP,Articles,Feminine,Singular,NA,NA,NA,L2L,7th/8th,Early,No,6,0,170,2023,1,0.3333333333333333,NA,NA,1.6053278891968399,1.2352320122561309
H03,1,1,L2L 7th/8th,8,14,170,NA,NA,NA,2,4,3,8,Portuguese,No,Yes,Yes,Production,Prod-23,NA,NA,NA,1,1,Se,Se juegan los instrumentos,DP,Articles,Masculine,Plural,NA,NA,NA,L2L,7th/8th,Early,No,6,0,170,2023,1,0.3333333333333333,NA,NA,1.6053278891968399,1.2352320122561309
H04,1,1,L2L 7th/8th,8,NA,166,NA,NA,NA,1,4,NA,8,L2 learner,L2,L2,L2,Production,Prod-13,NA,NA,NA,1,1,NA,van a escuchar música,DP,Articles,Feminine,Singular,NA,NA,NA,L2L,7th/8th,Early,No,5,0,166,2023,1,0.2,NA,NA,1.4521431259355462,1.0939075625828658
H04,1,1,L2L 7th/8th,8,NA,166,NA,NA,NA,1,4,NA,8,L2 learner,L2,L2,L2,Production,Prod-17,NA,NA,NA,1,1,NA,van a comer las galletas,Omission,Articles,Feminine,Plural,NA,NA,NA,L2L,7th/8th,Early,No,5,0,166,2023,1,0.2,NA,NA,1.4521431259355462,1.0939075625828658
H04,1,1,L2L 7th/8th,8,NA,166,NA,NA,NA,1,4,NA,8,L2 learner,L2,L2,L2,Production,Prod-21,NA,NA,NA,1,1,NA,van a cerrar la puerta,DP,Articles,Feminine,Singular,NA,NA,NA,L2L,7th/8th,Early,No,5,0,166,2023,1,0.2,NA,NA,1.4521431259355462,1.0939075625828658
H05,1,1,HS 7th/8th,8,NA,174,NA,NA,NA,2,6,NA,8,Heritage Spanish,NA,NA,NA,Production,Prod-09,NA,NA,NA,1,1,NA,ponen las chaquetas...,DP,Articles,Feminine,Plural,NA,NA,NA,HS,7th/8th,Early,No,8,0,174,2023,1,0.25,NA,NA,1.7585126524581336,1.376556461929396
H05,1,1,HS 7th/8th,8,NA,174,NA,NA,NA,2,6,NA,8,Heritage Spanish,NA,NA,NA,Production,Prod-15,NA,NA,NA,1,1,NA,pusiste los libros,DP,Articles,Masculine,Plural,NA,NA,NA,HS,7th/8th,Early,No,8,0,174,2023,1,0.25,NA,NA,1.7585126524581336,1.376556461929396
H05,1,1,HS 7th/8th,8,NA,174,NA,NA,NA,2,6,NA,8,Heritage Spanish,NA,NA,NA,Production,Prod-17,NA,NA,NA,1,1,NA,comiendo las galletas,DP,Articles,Feminine,Plural,NA,NA,NA,HS,7th/8th,Early,No,8,0,174,2023,1,0.25,NA,NA,1.7585126524581336,1.376556461929396
H05,1,1,HS 7th/8th,8,NA,174,NA,NA,NA,2,6,NA,8,Heritage Spanish,NA,NA,NA,Production,Prod-19,NA,NA,NA,1,1,NA,preparando el pescado,DP,Articles,Masculine,Singular,NA,NA,NA,HS,7th/8th,Early,No,8,0,174,2023,1,0.25,NA,NA,1.7585126524581336,1.376556461929396
H06,1,1,L2L 7th/8th,8,NA,174,NA,NA,NA,2,4,NA,8,L2 learner,L2,L2,L2,Production,Prod-21,NA,NA,NA,1,1,NA,ve la niña,DP,Articles,Feminine,Singular,NA,NA,NA,L2L,7th/8th,Early,No,6,0,174,2023,1,0.3333333333333333,NA,NA,1.7585126524581336,1.376556461929396
H06,1,1,L2L 7th/8th,8,NA,174,NA,NA,NA,2,4,NA,8,L2 learner,L2,L2,L2,Production,Prod-25,1,NA,NA,1,1,NA,ven las dos niñas,DP,Articles,Feminine,Plural,NA,NA,NA,L2L,7th/8th,Early,No,6,0,174,2023,1,0.3333333333333333,NA,NA,1.7585126524581336,1.376556461929396
H08,1,1,L2L 7th/8th,8,NA,168,NA,NA,NA,1,6,NA,8,"Hindi, Mandarin",Yes,Yes,Yes,Production,Prod-05,NA,NA,NA,1,1,NA,comen la pizza,DP,Articles,Feminine,Singular,NA,NA,NA,L2L,7th/8th,Early,No,7,0,168,2023,1,0.14285714285714285,NA,NA,1.528735507566193,1.1645697874194985
H08,1,1,L2L 7th/8th,8,NA,168,NA,NA,NA,1,6,NA,8,"Hindi, Mandarin",Yes,Yes,Yes,Production,Prod-13,NA,NA,NA,1,1,NA,escuchando la música,DP,Articles,Feminine,Singular,NA,NA,NA,L2L,7th/8th,Early,No,7,0,168,2023,1,0.14285714285714285,NA,NA,1.528735507566193,1.1645697874194985
H08,1,1,L2L 7th/8th,8,NA,168,NA,NA,NA,1,6,NA,8,"Hindi, Mandarin",Yes,Yes,Yes,Production,Prod-23,NA,NA,NA,1,1,NA,están tocando los instrumentos,DP,Articles,Masculine,Plural,NA,NA,NA,L2L,7th/8th,Early,No,7,0,168,2023,1,0.14285714285714285,NA,NA,1.528735507566193,1.1645697874194985
H08,1,1,L2L 7th/8th,8,NA,168,NA,NA,NA,1,6,NA,8,"Hindi, Mandarin",Yes,Yes,Yes,Production,Prod-25,NA,NA,NA,1,1,NA,ponen las mascarillas,DP,Articles,Feminine,Plural,NA,NA,NA,L2L,7th/8th,Early,No,7,0,168,2023,1,0.14285714285714285,NA,NA,1.528735507566193,1.1645697874194985
H10,1,1,L2L 7th/8th,8,NA,173,NA,NA,NA,2,4,3,8,Russian,No,Yes,Yes,Production,Prod-03,NA,NA,NA,1,1,NA,han rompido el globo,DP,Articles,Masculine,Singular,NA,NA,NA,L2L,7th/8th,Early,No,6,0,173,2023,1,0.3333333333333333,NA,NA,1.7202164616428102,1.3412253495110797
H10,1,1,L2L 7th/8th,8,NA,173,NA,NA,NA,2,4,3,8,Russian,No,Yes,Yes,Production,Prod-05,NA,NA,NA,1,1,NA,están comiendo la pizza,DP,Articles,Feminine,Singular,NA,NA,NA,L2L,7th/8th,Early,No,6,0,173,2023,1,0.3333333333333333,NA,NA,1.7202164616428102,1.3412253495110797
H10,1,1,L2L 7th/8th,8,NA,173,NA,NA,NA,2,4,3,8,Russian,No,Yes,Yes,Production,Prod-17,NA,NA,NA,1,1,NA,están comiendo las galletas,DP,Articles,Feminine,Plural,NA,NA,NA,L2L,7th/8th,Early,No,6,0,173,2023,1,0.3333333333333333,NA,NA,1.7202164616428102,1.3412253495110797
H10,1,1,L2L 7th/8th,8,NA,173,NA,NA,NA,2,4,3,8,Russian,No,Yes,Yes,Production,Prod-21,NA,NA,NA,1,1,Extra subj,cierren la puerta,DP,Articles,Feminine,Singular,NA,NA,NA,L2L,7th/8th,Early,No,6,0,173,2023,1,0.3333333333333333,NA,NA,1.7202164616428102,1.3412253495110797
H11,1,1,L2L 7th/8th,8,NA,173,NA,NA,NA,2,4,3,8,Russian,No,Yes,Yes,Production,Prod-13,NA,NA,NA,1,1,NA,están escuchando la música,DP,Articles,Feminine,Singular,NA,NA,NA,L2L,7th/8th,Early,No,6,0,173,2023,1,0.3333333333333333,NA,NA,1.7202164616428102,1.3412253495110797
H11,1,1,L2L 7th/8th,8,NA,173,NA,NA,NA,2,4,3,8,Russian,No,Yes,Yes,Production,Prod-17,NA,NA,NA,1,1,NA,están comiendo las galletas,DP,Articles,Feminine,Plural,NA,NA,NA,L2L,7th/8th,Early,No,6,0,173,2023,1,0.3333333333333333,NA,NA,1.7202164616428102,1.3412253495110797
H12,1,1,L2L 7th/8th,8,NA,174,NA,NA,NA,2,2,NA,5,L2 learner,L2,L2,L2,Production,Prod-15,NA,NA,NA,1,1,NA,poniendo los libros,DP,Articles,Masculine,Plural,NA,NA,NA,L2L,7th/8th,Early,No,4,0,174,2023,1,0.5,NA,NA,1.7585126524581336,1.376556461929396
H14,1,1,L2L 7th/8th,8,NA,172,NA,NA,NA,2,4,NA,8,L2 learner,L2,L2,L2,Production,Prod-03,NA,NA,NA,1,1,NA,ponen un objeto para que...,DP,Articles,Masculine,Singular,NA,NA,NA,L2L,7th/8th,Early,No,6,0,172,2023,1,0.3333333333333333,NA,NA,1.6819202708274867,1.3058942370927635
H14,1,1,L2L 7th/8th,8,NA,172,NA,NA,NA,2,4,NA,8,L2 learner,L2,L2,L2,Production,Prod-05,NA,NA,NA,1,1,NA,comen la pizza,DP,Articles,Feminine,Singular,NA,NA,NA,L2L,7th/8th,Early,No,6,0,172,2023,1,0.3333333333333333,NA,NA,1.6819202708274867,1.3058942370927635
H14,1,1,L2L 7th/8th,8,NA,172,NA,NA,NA,2,4,NA,8,L2 learner,L2,L2,L2,Production,Prod-11,NA,NA,NA,1,1,NA,lavan el perro,DP,Articles,Masculine,Singular,NA,NA,NA,L2L,7th/8th,Early,No,6,0,172,2023,1,0.3333333333333333,NA,NA,1.6819202708274867,1.3058942370927635
H17,1,1,HS 4th/5th,5,10,126,NA,NA,NA,2,6,NA,8,Heritage Spanish,NA,NA,NA,Production,Prod-05,NA,NA,NA,1,1,NA,comen la pizza,DP,Articles,Feminine,Singular,NA,NA,NA,HS,4th/5th,Early,No,8,0,126,2023,1,0.25,NA,NA,-0.0797045066773919,-0.31933693414978526
H17,1,1,HS 4th/5th,5,10,126,NA,NA,NA,2,6,NA,8,Heritage Spanish,NA,NA,NA,Production,Prod-07,NA,NA,NA,1,1,NA,cuentan los números,DP,Articles,Masculine,Plural,NA,NA,NA,HS,4th/5th,Early,No,8,0,126,2023,1,0.25,NA,NA,-0.0797045066773919,-0.31933693414978526
H17,1,1,HS 4th/5th,5,10,126,NA,NA,NA,2,6,NA,8,Heritage Spanish,NA,NA,NA,Production,Prod-09,NA,NA,NA,1,1,NA,ponen las chaquetas,DP,Articles,Feminine,Plural,NA,NA,NA,HS,4th/5th,Early,No,8,0,126,2023,1,0.25,NA,NA,-0.0797045066773919,-0.31933693414978526
H17,1,1,HS 4th/5th,5,10,126,NA,NA,NA,2,6,NA,8,Heritage Spanish,NA,NA,NA,Production,Prod-11,NA,NA,NA,1,1,SUBJ,laven el perro,DP,Articles,Masculine,Singular,NA,NA,NA,HS,4th/5th,Early,No,8,0,126,2023,1,0.25,NA,NA,-0.0797045066773919,-0.31933693414978526
H17,1,1,HS 4th/5th,5,10,126,NA,NA,NA,2,6,NA,8,Heritage Spanish,NA,NA,NA,Production,Prod-13,NA,NA,NA,1,1,NA,escuchan a la música,DP,Articles,Feminine,Singular,NA,NA,NA,HS,4th/5th,Early,No,8,0,126,2023,1,0.25,NA,NA,-0.0797045066773919,-0.31933693414978526
H17,1,1,HS 4th/5th,5,10,126,NA,NA,NA,2,6,NA,8,Heritage Spanish,NA,NA,NA,Production,Prod-15,NA,NA,NA,1,1,NA,poniendo los libros,DP,Articles,Masculine,Plural,NA,NA,NA,HS,4th/5th,Early,No,8,0,126,2023,1,0.25,NA,NA,-0.0797045066773919,-0.31933693414978526
H17,1,1,HS 4th/5th,5,10,126,NA,NA,NA,2,6,NA,8,Heritage Spanish,NA,NA,NA,Production,Prod-17,NA,NA,NA,1,1,NA,comen las galletas,DP,Articles,Feminine,Plural,NA,NA,NA,HS,4th/5th,Early,No,8,0,126,2023,1,0.25,NA,NA,-0.0797045066773919,-0.31933693414978526
H17,1,1,HS 4th/5th,5,10,126,NA,NA,NA,2,6,NA,8,Heritage Spanish,NA,NA,NA,Production,Prod-19,NA,NA,NA,1,1,SUBJ,cocinen el pescado,DP,Articles,Masculine,Singular,NA,NA,NA,HS,4th/5th,Early,No,8,0,126,2023,1,0.25,NA,NA,-0.0797045066773919,-0.31933693414978526
H17,1,1,HS 4th/5th,5,10,126,NA,NA,NA,2,6,NA,8,Heritage Spanish,NA,NA,NA,Production,Prod-21,NA,NA,NA,1,1,SUBJ,cierren la puerta,DP,Articles,Feminine,Singular,NA,NA,NA,HS,4th/5th,Early,No,8,0,126,2023,1,0.25,NA,NA,-0.0797045066773919,-0.31933693414978526
H17,1,1,HS 4th/5th,5,10,126,NA,NA,NA,2,6,NA,8,Heritage Spanish,NA,NA,NA,Production,Prod-23,NA,NA,NA,1,1,NA,tocan los instrumentos,DP,Articles,Masculine,Plural,NA,NA,NA,HS,4th/5th,Early,No,8,0,126,2023,1,0.25,NA,NA,-0.0797045066773919,-0.31933693414978526
H17,1,1,HS 4th/5th,5,10,126,NA,NA,NA,2,6,NA,8,Heritage Spanish,NA,NA,NA,Production,Prod-25,NA,NA,NA,1,1,NA,ponen las mascarillas,DP,Articles,Feminine,Plural,NA,NA,NA,HS,4th/5th,Early,No,8,0,126,2023,1,0.25,NA,NA,-0.0797045066773919,-0.31933693414978526
H17,1,2,HS 7th/8th,8,10,126,NA,NA,NA,2,6,NA,8,Heritage Spanish,NA,NA,NA,Production,Prod-03,NA,NA,NA,1,1,NA,explotar el globo,DP,Articles,Masculine,Singular,NA,NA,NA,HS,7th/8th,Early,No,8,36,162,2026,1,0.25,NA,NA,-0.0797045066773919,0.9525831129096007
H17,1,2,HS 7th/8th,8,10,126,NA,NA,NA,2,6,NA,8,Heritage Spanish,NA,NA,NA,Production,Prod-05,NA,NA,NA,1,1,NA,cogiendo un pedao,DP,Articles,Feminine,Singular,NA,NA,NA,HS,7th/8th,Early,No,8,36,162,2026,1,0.25,NA,NA,-0.0797045066773919,0.9525831129096007
H17,1,2,HS 7th/8th,8,10,126,NA,NA,NA,2,6,NA,8,Heritage Spanish,NA,NA,NA,Production,Prod-07,NA,NA,NA,1,1,NA,contando los números,DP,Articles,Masculine,Plural,NA,NA,NA,HS,7th/8th,Early,No,8,36,162,2026,1,0.25,NA,NA,-0.0797045066773919,0.9525831129096007
H17,1,2,HS 7th/8th,8,10,126,NA,NA,NA,2,6,NA,8,Heritage Spanish,NA,NA,NA,Production,Prod-11,NA,NA,NA,1,1,NA,lavando el perro,DP,Articles,Masculine,Singular,NA,NA,NA,HS,7th/8th,Early,No,8,36,162,2026,1,0.25,NA,NA,-0.0797045066773919,0.9525831129096007
H17,1,2,HS 7th/8th,8,10,126,NA,NA,NA,2,6,NA,8,Heritage Spanish,NA,NA,NA,Production,Prod-13,NA,NA,NA,1,1,NA,escuchando la música,DP,Articles,Feminine,Singular,NA,NA,NA,HS,7th/8th,Early,No,8,36,162,2026,1,0.25,NA,NA,-0.0797045066773919,0.9525831129096007
H17,1,2,HS 7th/8th,8,10,126,NA,NA,NA,2,6,NA,8,Heritage Spanish,NA,NA,NA,Production,Prod-15,NA,NA,NA,1,1,NA,ponen los libros,DP,Articles,Masculine,Plural,NA,NA,NA,HS,7th/8th,Early,No,8,36,162,2026,1,0.25,NA,NA,-0.0797045066773919,0.9525831129096007
H17,1,2,HS 7th/8th,8,10,126,NA,NA,NA,2,6,NA,8,Heritage Spanish,NA,NA,NA,Production,Prod-17,NA,NA,NA,1,1,NA,comen las galletas,DP,Articles,Feminine,Plural,NA,NA,NA,HS,7th/8th,Early,No,8,36,162,2026,1,0.25,NA,NA,-0.0797045066773919,0.9525831129096007
H17,1,2,HS 7th/8th,8,10,126,NA,NA,NA,2,6,NA,8,Heritage Spanish,NA,NA,NA,Production,Prod-19,NA,NA,NA,1,1,NA,cocinen el pescado,DP,Articles,Masculine,Singular,NA,NA,NA,HS,7th/8th,Early,No,8,36,162,2026,1,0.25,NA,NA,-0.0797045066773919,0.9525831129096007
H17,1,2,HS 7th/8th,8,10,126,NA,NA,NA,2,6,NA,8,Heritage Spanish,NA,NA,NA,Production,Prod-21,NA,NA,NA,1,1,NA,cierran la puerta,DP,Articles,Feminine,Singular,NA,NA,NA,HS,7th/8th,Early,No,8,36,162,2026,1,0.25,NA,NA,-0.0797045066773919,0.9525831129096007
H17,1,2,HS 7th/8th,8,10,126,NA,NA,NA,2,6,NA,8,Heritage Spanish,NA,NA,NA,Production,Prod-25,NA,NA,NA,1,1,NA,se ponen la mascarilla,DP,Articles,Feminine,Plural,NA,NA,NA,HS,7th/8th,Early,No,8,36,162,2026,1,0.25,NA,NA,-0.0797045066773919,0.9525831129096007
H18,1,1,L2L 4th/5th,5,10,130,NA,NA,NA,3,4,NA,8,"Russian, Lithuanian",No,Yes,Yes,Production,Prod-23,NA,NA,NA,1,1,NA,están tocando los instrumentos,DP,Articles,Masculine,Plural,NA,NA,NA,L2L,4th/5th,Early,No,7,0,130,2023,1,0.42857142857142855,NA,NA,0.0734802565839019,-0.17801248447652016
H18,1,2,L2L 7th/8th,8,NA,130,NA,NA,NA,3,4,NA,8,"Russian, Lithuanian",No,Yes,Yes,Production,Prod-03,NA,NA,NA,1,1,NA,el globo,DP,Articles,Masculine,Singular,NA,NA,NA,L2L,7th/8th,Early,No,7,36,166,2026,1,0.42857142857142855,NA,NA,0.0734802565839019,1.0939075625828658
H18,1,2,L2L 7th/8th,8,NA,130,NA,NA,NA,3,4,NA,8,"Russian, Lithuanian",No,Yes,Yes,Production,Prod-05,NA,NA,NA,1,1,NA,compartiendo la pizza,DP,Articles,Feminine,Singular,NA,NA,NA,L2L,7th/8th,Early,No,7,36,166,2026,1,0.42857142857142855,NA,NA,0.0734802565839019,1.0939075625828658
H18,1,2,L2L 7th/8th,8,NA,130,NA,NA,NA,3,4,NA,8,"Russian, Lithuanian",No,Yes,Yes,Production,Prod-09,NA,NA,NA,1,1,NA,sacando las chaquetas,DP,Articles,Feminine,Plural,NA,NA,NA,L2L,7th/8th,Early,No,7,36,166,2026,1,0.42857142857142855,NA,NA,0.0734802565839019,1.0939075625828658
H18,1,2,L2L 7th/8th,8,NA,130,NA,NA,NA,3,4,NA,8,"Russian, Lithuanian",No,Yes,Yes,Production,Prod-13,NA,NA,NA,1,1,NA,escuchan a la música,DP,Articles,Feminine,Singular,NA,NA,NA,L2L,7th/8th,Early,No,7,36,166,2026,1,0.42857142857142855,NA,NA,0.0734802565839019,1.0939075625828658
H18,1,2,L2L 7th/8th,8,NA,130,NA,NA,NA,3,4,NA,8,"Russian, Lithuanian",No,Yes,Yes,Production,Prod-15,NA,NA,NA,1,1,NA,están poniendo sus libros,DP,Articles,Masculine,Plural,NA,NA,NA,L2L,7th/8th,Early,No,7,36,166,2026,1,0.42857142857142855,NA,NA,0.0734802565839019,1.0939075625828658
H18,1,2,L2L 7th/8th,8,NA,130,NA,NA,NA,3,4,NA,8,"Russian, Lithuanian",No,Yes,Yes,Production,Prod-17,NA,NA,NA,1,1,NA,están comiendo las galletas,DP,Articles,Feminine,Plural,NA,NA,NA,L2L,7th/8th,Early,No,7,36,166,2026,1,0.42857142857142855,NA,NA,0.0734802565839019,1.0939075625828658
H18,1,2,L2L 7th/8th,8,NA,130,NA,NA,NA,3,4,NA,8,"Russian, Lithuanian",No,Yes,Yes,Production,Prod-23,NA,NA,NA,1,1,NA,con los instrumentos,DP,Articles,Masculine,Plural,NA,NA,NA,L2L,7th/8th,Early,No,7,36,166,2026,1,0.42857142857142855,NA,NA,0.0734802565839019,1.0939075625828658
H18,1,2,L2L 7th/8th,8,NA,130,NA,NA,NA,3,4,NA,8,"Russian, Lithuanian",No,Yes,Yes,Production,Prod-25,NA,NA,NA,1,1,NA,que están poniendo las mascarillas,DP,Articles,Feminine,Plural,NA,NA,NA,L2L,7th/8th,Early,No,7,36,166,2026,1,0.42857142857142855,NA,NA,0.0734802565839019,1.0939075625828658
H19,1,1,L2L 4th/5th,5,10,129,NA,NA,NA,2,5,NA,4,Russian,No,Yes,Yes,Production,Prod-03,NA,NA,NA,1,1,NA,popped el balón,DP,Articles,Masculine,Singular,NA,NA,NA,L2L,4th/5th,Early,No,7,0,129,2023,1,0.2857142857142857,NA,NA,0.03518406576857845,-0.21334359689483645
H19,1,1,L2L 4th/5th,5,10,129,NA,NA,NA,2,5,NA,4,Russian,No,Yes,Yes,Production,Prod-05,NA,NA,NA,0,1,NA,comen el pizza,DP,Articles,Feminine,Singular,NA,NA,NA,L2L,4th/5th,Early,No,7,0,129,2023,0,0.2857142857142857,NA,NA,0.03518406576857845,-0.21334359689483645
H19,1,1,L2L 4th/5th,5,10,129,NA,NA,NA,2,5,NA,4,Russian,No,Yes,Yes,Production,Prod-15,NA,NA,NA,0,0,NA,la libros,DP,Articles,Masculine,Plural,NA,NA,NA,L2L,4th/5th,Early,No,7,0,129,2023,0,0.2857142857142857,NA,NA,0.03518406576857845,-0.21334359689483645
H19,1,1,L2L 4th/5th,5,10,129,NA,NA,NA,2,5,NA,4,Russian,No,Yes,Yes,Production,Prod-17,NA,NA,NA,0,1,NA,los galletas,DP,Articles,Feminine,Plural,NA,NA,NA,L2L,4th/5th,Early,No,7,0,129,2023,0,0.2857142857142857,NA,NA,0.03518406576857845,-0.21334359689483645
H19,1,1,L2L 4th/5th,5,10,129,NA,NA,NA,2,5,NA,4,Russian,No,Yes,Yes,Production,Prod-19,NA,NA,NA,0,1,NA,cooking la pescado,DP,Articles,Masculine,Singular,NA,NA,NA,L2L,4th/5th,Early,No,7,0,129,2023,0,0.2857142857142857,NA,NA,0.03518406576857845,-0.21334359689483645
H19,1,1,L2L 4th/5th,5,10,129,NA,NA,NA,2,5,NA,4,Russian,No,Yes,Yes,Production,Prod-23,NA,NA,NA,0,1,NA,veo las instrumentos,DP,Articles,Masculine,Plural,NA,NA,NA,L2L,4th/5th,Early,No,7,0,129,2023,0,0.2857142857142857,NA,NA,0.03518406576857845,-0.21334359689483645
H19,1,2,L2L 7th/8th,8,10,129,NA,NA,NA,2,5,NA,4,Russian,No,Yes,Yes,Production,Prod-03,NA,NA,NA,1,1,NA,destruir el balón,DP,Articles,Masculine,Singular,NA,NA,NA,L2L,7th/8th,Early,No,7,36,165,2026,1,0.2857142857142857,NA,NA,0.03518406576857845,1.0585764501645496
H19,1,2,L2L 7th/8th,8,10,129,NA,NA,NA,2,5,NA,4,Russian,No,Yes,Yes,Production,Prod-05,NA,NA,NA,1,1,NA,están comiendo la pizza,DP,Articles,Feminine,Singular,NA,NA,NA,L2L,7th/8th,Early,No,7,36,165,2026,1,0.2857142857142857,NA,NA,0.03518406576857845,1.0585764501645496
H19,1,2,L2L 7th/8th,8,10,129,NA,NA,NA,2,5,NA,4,Russian,No,Yes,Yes,Production,Prod-07,NA,NA,NA,1,1,NA,están diciendo los números,DP,Articles,Masculine,Plural,NA,NA,NA,L2L,7th/8th,Early,No,7,36,165,2026,1,0.2857142857142857,NA,NA,0.03518406576857845,1.0585764501645496
H19,1,2,L2L 7th/8th,8,10,129,NA,NA,NA,2,5,NA,4,Russian,No,Yes,Yes,Production,Prod-11,NA,NA,NA,1,1,NA,están limpiando el perro,DP,Articles,Masculine,Singular,NA,NA,NA,L2L,7th/8th,Early,No,7,36,165,2026,1,0.2857142857142857,NA,NA,0.03518406576857845,1.0585764501645496
H19,1,2,L2L 7th/8th,8,10,129,NA,NA,NA,2,5,NA,4,Russian,No,Yes,Yes,Production,Prod-13,NA,NA,NA,1,1,NA,escuchando la música,DP,Articles,Feminine,Singular,NA,NA,NA,L2L,7th/8th,Early,No,7,36,165,2026,1,0.2857142857142857,NA,NA,0.03518406576857845,1.0585764501645496
H19,1,2,L2L 7th/8th,8,10,129,NA,NA,NA,2,5,NA,4,Russian,No,Yes,Yes,Production,Prod-15,NA,NA,NA,1,1,NA,tirar los libros,DP,Articles,Masculine,Plural,NA,NA,NA,L2L,7th/8th,Early,No,7,36,165,2026,1,0.2857142857142857,NA,NA,0.03518406576857845,1.0585764501645496
H19,1,2,L2L 7th/8th,8,10,129,NA,NA,NA,2,5,NA,4,Russian,No,Yes,Yes,Production,Prod-17,NA,NA,NA,0,1,NA,comiendo los galletas,Gender,Articles,Feminine,Plural,NA,NA,NA,L2L,7th/8th,Early,No,7,36,165,2026,0,0.2857142857142857,NA,NA,0.03518406576857845,1.0585764501645496
H19,1,2,L2L 7th/8th,8,10,129,NA,NA,NA,2,5,NA,4,Russian,No,Yes,Yes,Production,Prod-21,NA,NA,NA,1,1,NA,cerrando la puerta,DP,Articles,Feminine,Singular,NA,NA,NA,L2L,7th/8th,Early,No,7,36,165,2026,1,0.2857142857142857,NA,NA,0.03518406576857845,1.0585764501645496
H19,1,2,L2L 7th/8th,8,10,129,NA,NA,NA,2,5,NA,4,Russian,No,Yes,Yes,Production,Prod-23,NA,NA,NA,1,1,NA,jugando con los instrumentos,DP,Articles,Masculine,Plural,NA,NA,NA,L2L,7th/8th,Early,No,7,36,165,2026,1,0.2857142857142857,NA,NA,0.03518406576857845,1.0585764501645496
H19,1,2,L2L 7th/8th,8,10,129,NA,NA,NA,2,5,NA,4,Russian,No,Yes,Yes,Production,Prod-25,NA,NA,NA,1,1,NA,necesitan las mascarillas,DP,Articles,Feminine,Plural,NA,NA,NA,L2L,7th/8th,Early,No,7,36,165,2026,1,0.2857142857142857,NA,NA,0.03518406576857845,1.0585764501645496
H20,1,1,HS 4th/5th,5,11,138,NA,NA,NA,5,5,NA,8,Heritage Spanish,NA,NA,NA,Production,Prod-03,NA,NA,NA,1,1,NA,explotan el globo,DP,Articles,Masculine,Singular,NA,NA,NA,HS,4th/5th,Early,No,10,0,138,2023,1,0.5,NA,NA,0.3798497831064895,0.10463641487001005
H20,1,1,HS 4th/5th,5,11,138,NA,NA,NA,5,5,NA,8,Heritage Spanish,NA,NA,NA,Production,Prod-05,NA,NA,NA,1,1,NA,compartiendo la pizza,DP,Articles,Feminine,Singular,NA,NA,NA,HS,4th/5th,Early,No,10,0,138,2023,1,0.5,NA,NA,0.3798497831064895,0.10463641487001005
H20,1,1,HS 4th/5th,5,11,138,NA,NA,NA,5,5,NA,8,Heritage Spanish,NA,NA,NA,Production,Prod-07,NA,NA,NA,1,1,NA,están diciendo los números,DP,Articles,Masculine,Plural,NA,NA,NA,HS,4th/5th,Early,No,10,0,138,2023,1,0.5,NA,NA,0.3798497831064895,0.10463641487001005
H20,1,1,HS 4th/5th,5,11,138,NA,NA,NA,5,5,NA,8,Heritage Spanish,NA,NA,NA,Production,Prod-11,NA,NA,NA,1,1,NA,el perro,DP,Articles,Masculine,Singular,NA,NA,NA,HS,4th/5th,Early,No,10,0,138,2023,1,0.5,NA,NA,0.3798497831064895,0.10463641487001005
H20,1,1,HS 4th/5th,5,11,138,NA,NA,NA,5,5,NA,8,Heritage Spanish,NA,NA,NA,Production,Prod-13,NA,NA,NA,1,1,NA,escuchando la música,DP,Articles,Feminine,Singular,NA,NA,NA,HS,4th/5th,Early,No,10,0,138,2023,1,0.5,NA,NA,0.3798497831064895,0.10463641487001005
H21,1,1,L2L 4th/5th,5,11,139,NA,NA,NA,NA,NA,NA,8,L2 learner,L2,L2,L2,Production,Prod-19,NA,NA,NA,1,1,NA,poniendo el pescado,DP,Articles,Masculine,Singular,NA,NA,NA,L2L,4th/5th,Early,No,NA,0,139,2023,1,NA,NA,NA,0.41814597392181296,0.13996752728832632
H21,1,1,L2L 4th/5th,5,11,139,NA,NA,NA,NA,NA,NA,8,L2 learner,L2,L2,L2,Production,Prod-25,NA,NA,NA,1,1,Coded added DP -jen POSSESSIVE,sacando sus mascaras,DP,Articles,Feminine,Plural,NA,NA,NA,L2L,4th/5th,Early,No,NA,0,139,2023,1,NA,NA,NA,0.41814597392181296,0.13996752728832632
H22,1,1,HS 4th/5th,5,11,138,NA,NA,NA,4,3,NA,8,Heritage Spanish,NA,NA,NA,Production,Prod-05,0,NA,NA,1,1,NA,comen la pizza,DP,Articles,Feminine,Singular,NA,NA,NA,HS,4th/5th,Early,No,7,0,138,2023,1,0.5714285714285714,NA,NA,0.3798497831064895,0.10463641487001005
H22,1,1,HS 4th/5th,5,11,138,NA,NA,NA,4,3,NA,8,Heritage Spanish,NA,NA,NA,Production,Prod-09,0,NA,NA,1,1,NA,sacan las chaqetas,DP,Articles,Feminine,Plural,NA,NA,NA,HS,4th/5th,Early,No,7,0,138,2023,1,0.5714285714285714,NA,NA,0.3798497831064895,0.10463641487001005
H22,1,1,HS 4th/5th,5,11,138,NA,NA,NA,4,3,NA,8,Heritage Spanish,NA,NA,NA,Production,Prod-13,NA,NA,NA,1,1,NA,oye la musica,DP,Articles,Feminine,Singular,NA,NA,NA,HS,4th/5th,Early,No,7,0,138,2023,1,0.5714285714285714,NA,NA,0.3798497831064895,0.10463641487001005
H22,1,1,HS 4th/5th,5,11,138,NA,NA,NA,4,3,NA,8,Heritage Spanish,NA,NA,NA,Production,Prod-15,NA,NA,NA,1,1,Codes removed for DP (no determiner) -Jen NO VERB,libros en la mesa,DP,Articles,Masculine,Plural,NA,NA,NA,HS,4th/5th,Early,No,7,0,138,2023,1,0.5714285714285714,NA,NA,0.3798497831064895,0.10463641487001005
H22,1,1,HS 4th/5th,5,11,138,NA,NA,NA,4,3,NA,8,Heritage Spanish,NA,NA,NA,Production,Prod-17,NA,NA,NA,1,1,NA,comen las galletas,DP,Articles,Feminine,Plural,NA,NA,NA,HS,4th/5th,Early,No,7,0,138,2023,1,0.5714285714285714,NA,NA,0.3798497831064895,0.10463641487001005
H22,1,1,HS 4th/5th,5,11,138,NA,NA,NA,4,3,NA,8,Heritage Spanish,NA,NA,NA,Production,Prod-21,0,NA,NA,1,1,NA,cierran la puerta,DP,Articles,Feminine,Singular,NA,NA,NA,HS,4th/5th,Early,No,7,0,138,2023,1,0.5714285714285714,NA,NA,0.3798497831064895,0.10463641487001005
H22,1,1,HS 4th/5th,5,11,138,NA,NA,NA,4,3,NA,8,Heritage Spanish,NA,NA,NA,Production,Prod-23,NA,NA,NA,1,1,NA,jugar los instrumentos,DP,Articles,Masculine,Plural,NA,NA,NA,HS,4th/5th,Early,No,7,0,138,2023,1,0.5714285714285714,NA,NA,0.3798497831064895,0.10463641487001005
H22,1,2,HS 7th/8th,8,NA,138,NA,NA,NA,4,3,NA,8,Heritage Spanish,NA,NA,NA,Production,Prod-03,NA,NA,NA,1,1,NA,rompen el globo,DP,Articles,Masculine,Singular,NA,NA,NA,HS,7th/8th,Early,No,7,36,174,2026,1,0.5714285714285714,NA,NA,0.3798497831064895,1.376556461929396
H22,1,2,HS 7th/8th,8,NA,138,NA,NA,NA,4,3,NA,8,Heritage Spanish,NA,NA,NA,Production,Prod-05,NA,NA,NA,1,1,NA,comen la pizza,DP,Articles,Feminine,Singular,NA,NA,NA,HS,7th/8th,Early,No,7,36,174,2026,1,0.5714285714285714,NA,NA,0.3798497831064895,1.376556461929396
H22,1,2,HS 7th/8th,8,NA,138,NA,NA,NA,4,3,NA,8,Heritage Spanish,NA,NA,NA,Production,Prod-07,NA,NA,NA,1,1,NA,cuentan los números,DP,Articles,Masculine,Plural,NA,NA,NA,HS,7th/8th,Early,No,7,36,174,2026,1,0.5714285714285714,NA,NA,0.3798497831064895,1.376556461929396
H22,1,2,HS 7th/8th,8,NA,138,NA,NA,NA,4,3,NA,8,Heritage Spanish,NA,NA,NA,Production,Prod-11,NA,NA,NA,1,1,NA,están lavando el perro,DP,Articles,Masculine,Singular,NA,NA,NA,HS,7th/8th,Early,No,7,36,174,2026,1,0.5714285714285714,NA,NA,0.3798497831064895,1.376556461929396
H22,1,2,HS 7th/8th,8,NA,138,NA,NA,NA,4,3,NA,8,Heritage Spanish,NA,NA,NA,Production,Prod-13,NA,NA,NA,1,1,NA,están escuchando la música,DP,Articles,Feminine,Singular,NA,NA,NA,HS,7th/8th,Early,No,7,36,174,2026,1,0.5714285714285714,NA,NA,0.3798497831064895,1.376556461929396
H22,1,2,HS 7th/8th,8,NA,138,NA,NA,NA,4,3,NA,8,Heritage Spanish,NA,NA,NA,Production,Prod-15,NA,NA,NA,1,1,NA,pongan los libros,DP,Articles,Masculine,Plural,NA,NA,NA,HS,7th/8th,Early,No,7,36,174,2026,1,0.5714285714285714,NA,NA,0.3798497831064895,1.376556461929396
H22,1,2,HS 7th/8th,8,NA,138,NA,NA,NA,4,3,NA,8,Heritage Spanish,NA,NA,NA,Production,Prod-17,NA,NA,NA,1,1,NA,comen las galletas,DP,Articles,Feminine,Plural,NA,NA,NA,HS,7th/8th,Early,No,7,36,174,2026,1,0.5714285714285714,NA,NA,0.3798497831064895,1.376556461929396
H22,1,2,HS 7th/8th,8,NA,138,NA,NA,NA,4,3,NA,8,Heritage Spanish,NA,NA,NA,Production,Prod-19,NA,NA,NA,1,1,NA,están cocinando el pescado,DP,Articles,Masculine,Singular,NA,NA,NA,HS,7th/8th,Early,No,7,36,174,2026,1,0.5714285714285714,NA,NA,0.3798497831064895,1.376556461929396
H22,1,2,HS 7th/8th,8,NA,138,NA,NA,NA,4,3,NA,8,Heritage Spanish,NA,NA,NA,Production,Prod-21,NA,NA,NA,1,1,NA,cierran la puerta,DP,Articles,Feminine,Singular,NA,NA,NA,HS,7th/8th,Early,No,7,36,174,2026,1,0.5714285714285714,NA,NA,0.3798497831064895,1.376556461929396
H22,1,2,HS 7th/8th,8,NA,138,NA,NA,NA,4,3,NA,8,Heritage Spanish,NA,NA,NA,Production,Prod-23,NA,NA,NA,1,1,NA,se tocan los instrumentos,DP,Articles,Masculine,Plural,NA,NA,NA,HS,7th/8th,Early,No,7,36,174,2026,1,0.5714285714285714,NA,NA,0.3798497831064895,1.376556461929396
H22,1,2,HS 7th/8th,8,NA,138,NA,NA,NA,4,3,NA,8,Heritage Spanish,NA,NA,NA,Production,Prod-25,NA,NA,NA,1,1,NA,se pongan las mascarillas,DP,Articles,Feminine,Plural,NA,NA,NA,HS,7th/8th,Early,No,7,36,174,2026,1,0.5714285714285714,NA,NA,0.3798497831064895,1.376556461929396
H23,1,1,L2L 4th/5th,5,11,137,NA,NA,NA,2,3,NA,8,L2 learner,L2,L2,L2,Production,Prod-05,NA,NA,NA,1,1,NA,cortan la pizza,DP,Articles,Feminine,Singular,NA,NA,NA,L2L,4th/5th,Early,No,5,0,137,2023,1,0.4,NA,NA,0.34155359229116605,0.06930530245169376
H23,1,1,L2L 4th/5th,5,11,137,NA,NA,NA,2,3,NA,8,L2 learner,L2,L2,L2,Production,Prod-07,NA,NA,NA,1,1,Stem verb,contan los numeros,DP,Articles,Masculine,Plural,NA,NA,NA,L2L,4th/5th,Early,No,5,0,137,2023,1,0.4,NA,NA,0.34155359229116605,0.06930530245169376
H23,1,1,L2L 4th/5th,5,11,137,NA,NA,NA,2,3,NA,8,L2 learner,L2,L2,L2,Production,Prod-11,NA,NA,NA,1,1,NA,lavan el perro,DP,Articles,Masculine,Singular,NA,NA,NA,L2L,4th/5th,Early,No,5,0,137,2023,1,0.4,NA,NA,0.34155359229116605,0.06930530245169376
H23,1,1,L2L 4th/5th,5,11,137,NA,NA,NA,2,3,NA,8,L2 learner,L2,L2,L2,Production,Prod-15,NA,NA,NA,1,1,NA,ponen los libros,DP,Articles,Masculine,Plural,NA,NA,NA,L2L,4th/5th,Early,No,5,0,137,2023,1,0.4,NA,NA,0.34155359229116605,0.06930530245169376
H23,1,1,L2L 4th/5th,5,11,137,NA,NA,NA,2,3,NA,8,L2 learner,L2,L2,L2,Production,Prod-17,NA,NA,NA,1,1,NA,comen las galletas,DP,Articles,Feminine,Plural,NA,NA,NA,L2L,4th/5th,Early,No,5,0,137,2023,1,0.4,NA,NA,0.34155359229116605,0.06930530245169376
H23,1,1,L2L 4th/5th,5,11,137,NA,NA,NA,2,3,NA,8,L2 learner,L2,L2,L2,Production,Prod-19,NA,NA,NA,1,1,NA,cocinan el pescado,DP,Articles,Masculine,Singular,NA,NA,NA,L2L,4th/5th,Early,No,5,0,137,2023,1,0.4,NA,NA,0.34155359229116605,0.06930530245169376
H23,1,1,L2L 4th/5th,5,11,137,NA,NA,NA,2,3,NA,8,L2 learner,L2,L2,L2,Production,Prod-21,NA,NA,NA,1,1,Verb stem,cerran la puerta,DP,Articles,Feminine,Singular,NA,NA,NA,L2L,4th/5th,Early,No,5,0,137,2023,1,0.4,NA,NA,0.34155359229116605,0.06930530245169376
H23,1,1,L2L 4th/5th,5,11,137,NA,NA,NA,2,3,NA,8,L2 learner,L2,L2,L2,Production,Prod-23,NA,NA,NA,1,1,Verb stem,jugan los instrumentos,DP,Articles,Masculine,Plural,NA,NA,NA,L2L,4th/5th,Early,No,5,0,137,2023,1,0.4,NA,NA,0.34155359229116605,0.06930530245169376
H23,1,1,L2L 4th/5th,5,11,137,NA,NA,NA,2,3,NA,8,L2 learner,L2,L2,L2,Production,Prod-25,NA,NA,NA,1,1,NA,ponen la mascara,DP,Articles,Feminine,Plural,NA,NA,NA,L2L,4th/5th,Early,No,5,0,137,2023,1,0.4,NA,NA,0.34155359229116605,0.06930530245169376
H23,1,2,L2L 7th/8th,8,NA,137,NA,NA,NA,2,3,NA,8,L2 learner,L2,L2,L2,Production,Prod-03,NA,NA,NA,1,1,NA,destruyen el globo,DP,Articles,Masculine,Singular,NA,NA,NA,L2L,7th/8th,Early,No,5,36,173,2026,1,0.4,NA,NA,0.34155359229116605,1.3412253495110797
H23,1,2,L2L 7th/8th,8,NA,137,NA,NA,NA,2,3,NA,8,L2 learner,L2,L2,L2,Production,Prod-05,NA,NA,NA,1,1,NA,cortar la pizza,DP,Articles,Feminine,Singular,NA,NA,NA,L2L,7th/8th,Early,No,5,36,173,2026,1,0.4,NA,NA,0.34155359229116605,1.3412253495110797
H23,1,2,L2L 7th/8th,8,NA,137,NA,NA,NA,2,3,NA,8,L2 learner,L2,L2,L2,Production,Prod-07,NA,NA,NA,1,1,NA,cuentan los números,DP,Articles,Masculine,Plural,NA,NA,NA,L2L,7th/8th,Early,No,5,36,173,2026,1,0.4,NA,NA,0.34155359229116605,1.3412253495110797
H23,1,2,L2L 7th/8th,8,NA,137,NA,NA,NA,2,3,NA,8,L2 learner,L2,L2,L2,Production,Prod-09,NA,NA,NA,1,1,NA,quitan las chaquetas,DP,Articles,Feminine,Plural,NA,NA,NA,L2L,7th/8th,Early,No,5,36,173,2026,1,0.4,NA,NA,0.34155359229116605,1.3412253495110797
H23,1,2,L2L 7th/8th,8,NA,137,NA,NA,NA,2,3,NA,8,L2 learner,L2,L2,L2,Production,Prod-11,NA,NA,NA,1,1,NA,lavar el perro,DP,Articles,Masculine,Singular,NA,NA,NA,L2L,7th/8th,Early,No,5,36,173,2026,1,0.4,NA,NA,0.34155359229116605,1.3412253495110797
H23,1,2,L2L 7th/8th,8,NA,137,NA,NA,NA,2,3,NA,8,L2 learner,L2,L2,L2,Production,Prod-13,NA,NA,NA,1,1,NA,escuchan la música,DP,Articles,Feminine,Singular,NA,NA,NA,L2L,7th/8th,Early,No,5,36,173,2026,1,0.4,NA,NA,0.34155359229116605,1.3412253495110797
H23,1,2,L2L 7th/8th,8,NA,137,NA,NA,NA,2,3,NA,8,L2 learner,L2,L2,L2,Production,Prod-15,NA,NA,NA,1,1,NA,poner los libros,DP,Articles,Masculine,Plural,NA,NA,NA,L2L,7th/8th,Early,No,5,36,173,2026,1,0.4,NA,NA,0.34155359229116605,1.3412253495110797
H23,1,2,L2L 7th/8th,8,NA,137,NA,NA,NA,2,3,NA,8,L2 learner,L2,L2,L2,Production,Prod-17,NA,NA,NA,1,1,NA,comer las galletas,DP,Articles,Feminine,Plural,NA,NA,NA,L2L,7th/8th,Early,No,5,36,173,2026,1,0.4,NA,NA,0.34155359229116605,1.3412253495110797
H23,1,2,L2L 7th/8th,8,NA,137,NA,NA,NA,2,3,NA,8,L2 learner,L2,L2,L2,Production,Prod-19,NA,NA,NA,1,1,NA,cocinan el pescado,DP,Articles,Masculine,Singular,NA,NA,NA,L2L,7th/8th,Early,No,5,36,173,2026,1,0.4,NA,NA,0.34155359229116605,1.3412253495110797
H23,1,2,L2L 7th/8th,8,NA,137,NA,NA,NA,2,3,NA,8,L2 learner,L2,L2,L2,Production,Prod-21,NA,NA,NA,1,1,NA,cerrar la puerta,DP,Articles,Feminine,Singular,NA,NA,NA,L2L,7th/8th,Early,No,5,36,173,2026,1,0.4,NA,NA,0.34155359229116605,1.3412253495110797
H23,1,2,L2L 7th/8th,8,NA,137,NA,NA,NA,2,3,NA,8,L2 learner,L2,L2,L2,Production,Prod-23,NA,NA,NA,1,1,NA,tocan los instrumentos,DP,Articles,Masculine,Plural,NA,NA,NA,L2L,7th/8th,Early,No,5,36,173,2026,1,0.4,NA,NA,0.34155359229116605,1.3412253495110797
H23,1,2,L2L 7th/8th,8,NA,137,NA,NA,NA,2,3,NA,8,L2 learner,L2,L2,L2,Production,Prod-25,NA,NA,NA,1,1,NA,poner las mascarillas,DP,Articles,Feminine,Plural,NA,NA,NA,L2L,7th/8th,Early,No,5,36,173,2026,1,0.4,NA,NA,0.34155359229116605,1.3412253495110797
H24,1,1,HS 4th/5th,5,11,138,NA,NA,NA,2,3,NA,8,Heritage Spanish,NA,NA,NA,Production,Prod-15,NA,NA,NA,1,1,NA,tener una mesa,DP,Articles,Masculine,Plural,NA,NA,NA,HS,4th/5th,Early,No,5,0,138,2023,1,0.4,NA,NA,0.3798497831064895,0.10463641487001005
H24,1,2,HS 7th/8th,8,NA,138,NA,NA,NA,2,3,NA,8,Heritage Spanish,NA,NA,NA,Production,Prod-13,NA,NA,NA,1,1,NA,escuchando la música,DP,Articles,Feminine,Singular,NA,NA,NA,HS,7th/8th,Early,No,5,36,174,2026,1,0.4,NA,NA,0.3798497831064895,1.376556461929396
H25,1,1,HS 4th/5th,5,10,128,NA,NA,NA,4,2,NA,7,Heritage Spanish,NA,NA,NA,Production,Prod-09,NA,NA,NA,1,1,NA,se pone la chaqueta,DP,Articles,Feminine,Plural,NA,NA,NA,HS,4th/5th,Early,No,6,0,128,2023,1,0.6666666666666666,NA,NA,-0.0031121250467449975,-0.24867470931315272
H25,1,1,HS 4th/5th,5,10,128,NA,NA,NA,4,2,NA,7,Heritage Spanish,NA,NA,NA,Production,Prod-11,NA,NA,NA,0,1,Code changed for DP gen -Jen,lavan la perro,DP,Articles,Masculine,Singular,NA,NA,NA,HS,4th/5th,Early,No,6,0,128,2023,0,0.6666666666666666,NA,NA,-0.0031121250467449975,-0.24867470931315272
H25,1,1,HS 4th/5th,5,10,128,NA,NA,NA,4,2,NA,7,Heritage Spanish,NA,NA,NA,Production,Prod-13,NA,NA,NA,1,1,no verb,la musica,DP,Articles,Feminine,Singular,NA,NA,NA,HS,4th/5th,Early,No,6,0,128,2023,1,0.6666666666666666,NA,NA,-0.0031121250467449975,-0.24867470931315272
H25,1,1,HS 4th/5th,5,10,128,NA,NA,NA,4,2,NA,7,Heritage Spanish,NA,NA,NA,Production,Prod-15,NA,NA,NA,1,1,NA,ponen los libros,DP,Articles,Masculine,Plural,NA,NA,NA,HS,4th/5th,Early,No,6,0,128,2023,1,0.6666666666666666,NA,NA,-0.0031121250467449975,-0.24867470931315272
H25,1,1,HS 4th/5th,5,10,128,NA,NA,NA,4,2,NA,7,Heritage Spanish,NA,NA,NA,Production,Prod-19,NA,NA,NA,1,1,NA,prepara el pescado,DP,Articles,Masculine,Singular,NA,NA,NA,HS,4th/5th,Early,No,6,0,128,2023,1,0.6666666666666666,NA,NA,-0.0031121250467449975,-0.24867470931315272
H25,1,1,HS 4th/5th,5,10,128,NA,NA,NA,4,2,NA,7,Heritage Spanish,NA,NA,NA,Production,Prod-21,NA,NA,NA,1,1,NA,cierran la puerta,DP,Articles,Feminine,Singular,NA,NA,NA,HS,4th/5th,Early,No,6,0,128,2023,1,0.6666666666666666,NA,NA,-0.0031121250467449975,-0.24867470931315272
H25,1,1,HS 4th/5th,5,10,128,NA,NA,NA,4,2,NA,7,Heritage Spanish,NA,NA,NA,Production,Prod-25,NA,NA,NA,1,1,Se,se ponen la mascara,DP,Articles,Feminine,Plural,NA,NA,NA,HS,4th/5th,Early,No,6,0,128,2023,1,0.6666666666666666,NA,NA,-0.0031121250467449975,-0.24867470931315272
H25,1,2,HS 7th/8th,8,10,128,NA,NA,NA,4,2,NA,7,Heritage Spanish,NA,NA,NA,Production,Prod-03,NA,NA,NA,1,1,NA,jugando con el globo,DP,Articles,Masculine,Singular,NA,NA,NA,HS,7th/8th,Early,No,6,36,164,2026,1,0.6666666666666666,NA,NA,-0.0031121250467449975,1.0232453377462332
H25,1,2,HS 7th/8th,8,10,128,NA,NA,NA,4,2,NA,7,Heritage Spanish,NA,NA,NA,Production,Prod-05,NA,NA,NA,0,1,NA,comportando el pizza,Gender,Articles,Feminine,Singular,NA,NA,NA,HS,7th/8th,Early,No,6,36,164,2026,0,0.6666666666666666,NA,NA,-0.0031121250467449975,1.0232453377462332
H25,1,2,HS 7th/8th,8,10,128,NA,NA,NA,4,2,NA,7,Heritage Spanish,NA,NA,NA,Production,Prod-07,NA,NA,NA,1,1,NA,contando los números,DP,Articles,Masculine,Plural,NA,NA,NA,HS,7th/8th,Early,No,6,36,164,2026,1,0.6666666666666666,NA,NA,-0.0031121250467449975,1.0232453377462332
H25,1,2,HS 7th/8th,8,10,128,NA,NA,NA,4,2,NA,7,Heritage Spanish,NA,NA,NA,Production,Prod-11,NA,NA,NA,1,1,NA,se lavan el perro,DP,Articles,Masculine,Singular,NA,NA,NA,HS,7th/8th,Early,No,6,36,164,2026,1,0.6666666666666666,NA,NA,-0.0031121250467449975,1.0232453377462332
H25,1,2,HS 7th/8th,8,10,128,NA,NA,NA,4,2,NA,7,Heritage Spanish,NA,NA,NA,Production,Prod-13,NA,NA,NA,1,1,NA,se escuchan a la música,DP,Articles,Feminine,Singular,NA,NA,NA,HS,7th/8th,Early,No,6,36,164,2026,1,0.6666666666666666,NA,NA,-0.0031121250467449975,1.0232453377462332
H25,1,2,HS 7th/8th,8,10,128,NA,NA,NA,4,2,NA,7,Heritage Spanish,NA,NA,NA,Production,Prod-15,NA,NA,NA,1,1,NA,se ponen los libros encima de los otros,DP,Articles,Masculine,Plural,NA,NA,NA,HS,7th/8th,Early,No,6,36,164,2026,1,0.6666666666666666,NA,NA,-0.0031121250467449975,1.0232453377462332
H25,1,2,HS 7th/8th,8,10,128,NA,NA,NA,4,2,NA,7,Heritage Spanish,NA,NA,NA,Production,Prod-19,NA,NA,NA,1,1,NA,se cocinan el pescado,DP,Articles,Masculine,Singular,NA,NA,NA,HS,7th/8th,Early,No,6,36,164,2026,1,0.6666666666666666,NA,NA,-0.0031121250467449975,1.0232453377462332
H25,1,2,HS 7th/8th,8,10,128,NA,NA,NA,4,2,NA,7,Heritage Spanish,NA,NA,NA,Production,Prod-21,NA,NA,NA,1,1,NA,cerran la puerta,DP,Articles,Feminine,Singular,NA,NA,NA,HS,7th/8th,Early,No,6,36,164,2026,1,0.6666666666666666,NA,NA,-0.0031121250467449975,1.0232453377462332
H26,1,1,HS 4th/5th,5,NA,132,NA,NA,NA,1,3,NA,8,Heritage Spanish,NA,NA,NA,Production,Prod-07,NA,NA,NA,1,1,NA,contando los numeros,DP,Articles,Masculine,Plural,NA,NA,NA,HS,4th/5th,Early,No,4,0,132,2023,1,0.25,NA,NA,0.1500726382145488,-0.10735025963988762
H26,1,1,HS 4th/5th,5,NA,132,NA,NA,NA,1,3,NA,8,Heritage Spanish,NA,NA,NA,Production,Prod-13,NA,NA,NA,1,1,NA,escuchando la musica,DP,Articles,Feminine,Singular,NA,NA,NA,HS,4th/5th,Early,No,4,0,132,2023,1,0.25,NA,NA,0.1500726382145488,-0.10735025963988762
H26,1,1,HS 4th/5th,5,NA,132,NA,NA,NA,1,3,NA,8,Heritage Spanish,NA,NA,NA,Production,Prod-17,NA,NA,NA,1,1,NA,comiendo las galletas,DP,Articles,Feminine,Plural,NA,NA,NA,HS,4th/5th,Early,No,4,0,132,2023,1,0.25,NA,NA,0.1500726382145488,-0.10735025963988762
H26,1,1,HS 4th/5th,5,NA,132,NA,NA,NA,1,3,NA,8,Heritage Spanish,NA,NA,NA,Production,Prod-19,NA,1,1,1,1,Cltiic doubled,estan cocinandolo el pescado,NA,Articles,Masculine,Singular,NA,NA,NA,HS,4th/5th,Early,No,4,0,132,2023,1,0.25,NA,NA,0.1500726382145488,-0.10735025963988762
H26,1,1,HS 4th/5th,5,NA,132,NA,NA,NA,1,3,NA,8,Heritage Spanish,NA,NA,NA,Production,Prod-21,NA,NA,NA,1,1,NA,cerrar la puerta,DP,Articles,Feminine,Singular,NA,NA,NA,HS,4th/5th,Early,No,4,0,132,2023,1,0.25,NA,NA,0.1500726382145488,-0.10735025963988762
H26,1,1,HS 4th/5th,5,NA,132,NA,NA,NA,1,3,NA,8,Heritage Spanish,NA,NA,NA,Production,Prod-25,NA,NA,NA,1,1,NA,se ponen las mascaraillas,DP,Articles,Feminine,Plural,NA,NA,NA,HS,4th/5th,Early,No,4,0,132,2023,1,0.25,NA,NA,0.1500726382145488,-0.10735025963988762
H27,1,1,L2L 4th/5th,5,11,133,NA,NA,NA,3,6,4,8,Japanese,Yes,No,No,Production,Prod-03,NA,NA,NA,1,1,NA,destryuendo el globo,DP,Articles,Masculine,Singular,NA,NA,NA,L2L,4th/5th,Early,No,9,0,133,2023,1,0.3333333333333333,NA,NA,0.18836882902987226,-0.07201914722157134
H27,1,1,L2L 4th/5th,5,11,133,NA,NA,NA,3,6,4,8,Japanese,Yes,No,No,Production,Prod-05,NA,NA,NA,1,0,NA,cortan el pizza,DP,Articles,Feminine,Singular,NA,NA,NA,L2L,4th/5th,Early,No,9,0,133,2023,1,0.3333333333333333,NA,NA,0.18836882902987226,-0.07201914722157134
H27,1,1,L2L 4th/5th,5,11,133,NA,NA,NA,3,6,4,8,Japanese,Yes,No,No,Production,Prod-11,NA,NA,NA,1,1,NA,dando un baño,DP,Articles,Masculine,Singular,NA,NA,NA,L2L,4th/5th,Early,No,9,0,133,2023,1,0.3333333333333333,NA,NA,0.18836882902987226,-0.07201914722157134
H27,1,1,L2L 4th/5th,5,11,133,NA,NA,NA,3,6,4,8,Japanese,Yes,No,No,Production,Prod-21,NA,NA,NA,1,1,NA,cerrando la puerta,DP,Articles,Feminine,Singular,NA,NA,NA,L2L,4th/5th,Early,No,9,0,133,2023,1,0.3333333333333333,NA,NA,0.18836882902987226,-0.07201914722157134
H27,1,1,L2L 4th/5th,5,11,133,NA,NA,NA,3,6,4,8,Japanese,Yes,No,No,Production,Prod-23,NA,NA,NA,1,1,NA,jugando los instrumentos,DP,Articles,Masculine,Plural,NA,NA,NA,L2L,4th/5th,Early,No,9,0,133,2023,1,0.3333333333333333,NA,NA,0.18836882902987226,-0.07201914722157134
H27,1,1,L2L 4th/5th,5,11,133,NA,NA,NA,3,6,4,8,Japanese,Yes,No,No,Production,Prod-25,NA,NA,NA,1,1,NA,se pone la mascara,DP,Articles,Feminine,Plural,NA,NA,NA,L2L,4th/5th,Early,No,9,0,133,2023,1,0.3333333333333333,NA,NA,0.18836882902987226,-0.07201914722157134
H27,1,2,L2L 7th/8th,8,11,133,NA,NA,NA,3,6,4,8,Japanese,Yes,No,No,Production,Prod-07,NA,NA,NA,1,1,NA,están contando los números,DP,Articles,Masculine,Plural,NA,NA,NA,L2L,7th/8th,Early,No,9,36,169,2026,1,0.3333333333333333,NA,NA,0.18836882902987226,1.1999008998378147
H27,1,2,L2L 7th/8th,8,11,133,NA,NA,NA,3,6,4,8,Japanese,Yes,No,No,Production,Prod-11,NA,NA,NA,1,1,NA,están lavando el perro,DP,Articles,Masculine,Singular,NA,NA,NA,L2L,7th/8th,Early,No,9,36,169,2026,1,0.3333333333333333,NA,NA,0.18836882902987226,1.1999008998378147
H27,1,2,L2L 7th/8th,8,11,133,NA,NA,NA,3,6,4,8,Japanese,Yes,No,No,Production,Prod-13,NA,NA,NA,1,1,NA,están escuchando la música,DP,Articles,Feminine,Singular,NA,NA,NA,L2L,7th/8th,Early,No,9,36,169,2026,1,0.3333333333333333,NA,NA,0.18836882902987226,1.1999008998378147
H27,1,2,L2L 7th/8th,8,11,133,NA,NA,NA,3,6,4,8,Japanese,Yes,No,No,Production,Prod-17,NA,NA,NA,0,1,NA,están comiendo los galletas,Gender,Articles,Feminine,Plural,NA,NA,NA,L2L,7th/8th,Early,No,9,36,169,2026,0,0.3333333333333333,NA,NA,0.18836882902987226,1.1999008998378147
H27,1,2,L2L 7th/8th,8,11,133,NA,NA,NA,3,6,4,8,Japanese,Yes,No,No,Production,Prod-19,NA,NA,NA,1,1,NA,cocinando el pescado,DP,Articles,Masculine,Singular,NA,NA,NA,L2L,7th/8th,Early,No,9,36,169,2026,1,0.3333333333333333,NA,NA,0.18836882902987226,1.1999008998378147
H27,1,2,L2L 7th/8th,8,11,133,NA,NA,NA,3,6,4,8,Japanese,Yes,No,No,Production,Prod-21,NA,NA,NA,1,1,NA,están cerrando la puerta,DP,Articles,Feminine,Singular,NA,NA,NA,L2L,7th/8th,Early,No,9,36,169,2026,1,0.3333333333333333,NA,NA,0.18836882902987226,1.1999008998378147
H27,1,2,L2L 7th/8th,8,11,133,NA,NA,NA,3,6,4,8,Japanese,Yes,No,No,Production,Prod-23,NA,NA,NA,1,1,NA,están tocando los instrumentos,DP,Articles,Masculine,Plural,NA,NA,NA,L2L,7th/8th,Early,No,9,36,169,2026,1,0.3333333333333333,NA,NA,0.18836882902987226,1.1999008998378147
H27,1,2,L2L 7th/8th,8,11,133,NA,NA,NA,3,6,4,8,Japanese,Yes,No,No,Production,Prod-25,NA,NA,NA,0,1,NA,están poniendo los mascarillas,Gender,Articles,Feminine,Plural,NA,NA,NA,L2L,7th/8th,Early,No,9,36,169,2026,0,0.3333333333333333,NA,NA,0.18836882902987226,1.1999008998378147
H28,1,2,L2L 7th/8th,8,NA,139,NA,NA,NA,2,4,NA,8,"French, Turkish",Yes,Yes,Yes,Production,Prod-03,NA,NA,NA,1,1,NA,rompiendo el globo,DP,Articles,Masculine,Singular,NA,NA,NA,L2L,7th/8th,Early,No,6,36,175,2026,1,0.3333333333333333,NA,NA,0.41814597392181296,1.4118875743477124
H28,1,2,L2L 7th/8th,8,NA,139,NA,NA,NA,2,4,NA,8,"French, Turkish",Yes,Yes,Yes,Production,Prod-05,NA,NA,NA,1,1,NA,se cortan la pizza,DP,Articles,Feminine,Singular,NA,NA,NA,L2L,7th/8th,Early,No,6,36,175,2026,1,0.3333333333333333,NA,NA,0.41814597392181296,1.4118875743477124
H28,1,2,L2L 7th/8th,8,NA,139,NA,NA,NA,2,4,NA,8,"French, Turkish",Yes,Yes,Yes,Production,Prod-07,NA,NA,NA,1,1,NA,están contando los números,DP,Articles,Masculine,Plural,NA,NA,NA,L2L,7th/8th,Early,No,6,36,175,2026,1,0.3333333333333333,NA,NA,0.41814597392181296,1.4118875743477124
H28,1,2,L2L 7th/8th,8,NA,139,NA,NA,NA,2,4,NA,8,"French, Turkish",Yes,Yes,Yes,Production,Prod-11,NA,NA,NA,1,1,NA,están bañando el perro,NA,Articles,Masculine,Singular,NA,NA,NA,L2L,7th/8th,Early,No,6,36,175,2026,1,0.3333333333333333,NA,NA,0.41814597392181296,1.4118875743477124
H28,1,2,L2L 7th/8th,8,NA,139,NA,NA,NA,2,4,NA,8,"French, Turkish",Yes,Yes,Yes,Production,Prod-13,NA,NA,NA,1,1,NA,están escuchando la música,DP,Articles,Feminine,Singular,NA,NA,NA,L2L,7th/8th,Early,No,6,36,175,2026,1,0.3333333333333333,NA,NA,0.41814597392181296,1.4118875743477124
H28,1,2,L2L 7th/8th,8,NA,139,NA,NA,NA,2,4,NA,8,"French, Turkish",Yes,Yes,Yes,Production,Prod-15,NA,NA,NA,1,1,NA,los libros,DP,Articles,Masculine,Plural,NA,NA,NA,L2L,7th/8th,Early,No,6,36,175,2026,1,0.3333333333333333,NA,NA,0.41814597392181296,1.4118875743477124
H28,1,2,L2L 7th/8th,8,NA,139,NA,NA,NA,2,4,NA,8,"French, Turkish",Yes,Yes,Yes,Production,Prod-17,NA,NA,NA,1,1,NA,comen a las galletas,DP,Articles,Feminine,Plural,NA,NA,NA,L2L,7th/8th,Early,No,6,36,175,2026,1,0.3333333333333333,NA,NA,0.41814597392181296,1.4118875743477124
H28,1,2,L2L 7th/8th,8,NA,139,NA,NA,NA,2,4,NA,8,"French, Turkish",Yes,Yes,Yes,Production,Prod-21,NA,NA,NA,1,1,NA,cierran la puerta,DP,Articles,Feminine,Singular,NA,NA,NA,L2L,7th/8th,Early,No,6,36,175,2026,1,0.3333333333333333,NA,NA,0.41814597392181296,1.4118875743477124
H28,1,2,L2L 7th/8th,8,NA,139,NA,NA,NA,2,4,NA,8,"French, Turkish",Yes,Yes,Yes,Production,Prod-23,NA,NA,NA,1,1,NA,juegan los instrumentos,DP,Articles,Masculine,Plural,NA,NA,NA,L2L,7th/8th,Early,No,6,36,175,2026,1,0.3333333333333333,NA,NA,0.41814597392181296,1.4118875743477124
H28,1,2,L2L 7th/8th,8,NA,139,NA,NA,NA,2,4,NA,8,"French, Turkish",Yes,Yes,Yes,Production,Prod-25,NA,NA,NA,1,1,NA,ponen las mascarillas,DP,Articles,Feminine,Plural,NA,NA,NA,L2L,7th/8th,Early,No,6,36,175,2026,1,0.3333333333333333,NA,NA,0.41814597392181296,1.4118875743477124
H29,1,1,L2L 4th/5th,5,11,138,NA,NA,NA,3,3,3,7,"Ukrainian, Russian",Yes,Yes,Yes,Production,Prod-05,NA,NA,NA,1,1,NA,comen la pizza,DP,Articles,Feminine,Singular,NA,NA,NA,L2L,4th/5th,Early,No,6,0,138,2023,1,0.5,NA,NA,0.3798497831064895,0.10463641487001005
H29,1,1,L2L 4th/5th,5,11,138,NA,NA,NA,3,3,3,7,"Ukrainian, Russian",Yes,Yes,Yes,Production,Prod-07,NA,NA,NA,1,1,NA,cuentan los numeros,DP,Articles,Masculine,Plural,NA,NA,NA,L2L,4th/5th,Early,No,6,0,138,2023,1,0.5,NA,NA,0.3798497831064895,0.10463641487001005
H29,1,1,L2L 4th/5th,5,11,138,NA,NA,NA,3,3,3,7,"Ukrainian, Russian",Yes,Yes,Yes,Production,Prod-11,NA,NA,NA,1,1,BOTH,le dan un baño,DP,Articles,Masculine,Singular,NA,NA,NA,L2L,4th/5th,Early,No,6,0,138,2023,1,0.5,NA,NA,0.3798497831064895,0.10463641487001005
H29,1,1,L2L 4th/5th,5,11,138,NA,NA,NA,3,3,3,7,"Ukrainian, Russian",Yes,Yes,Yes,Production,Prod-13,NA,NA,NA,1,1,NA,escuchan la musica,DP,Articles,Feminine,Singular,NA,NA,NA,L2L,4th/5th,Early,No,6,0,138,2023,1,0.5,NA,NA,0.3798497831064895,0.10463641487001005
H29,1,1,L2L 4th/5th,5,11,138,NA,NA,NA,3,3,3,7,"Ukrainian, Russian",Yes,Yes,Yes,Production,Prod-15,NA,NA,NA,1,1,Dative,le ponen los libros,DP,Articles,Masculine,Plural,NA,NA,NA,L2L,4th/5th,Early,No,6,0,138,2023,1,0.5,NA,NA,0.3798497831064895,0.10463641487001005
H29,1,1,L2L 4th/5th,5,11,138,NA,NA,NA,3,3,3,7,"Ukrainian, Russian",Yes,Yes,Yes,Production,Prod-17,NA,NA,NA,1,1,NA,comen las galletas,DP,Articles,Feminine,Plural,NA,NA,NA,L2L,4th/5th,Early,No,6,0,138,2023,1,0.5,NA,NA,0.3798497831064895,0.10463641487001005
H29,1,1,L2L 4th/5th,5,11,138,NA,NA,NA,3,3,3,7,"Ukrainian, Russian",Yes,Yes,Yes,Production,Prod-19,NA,NA,NA,0,1,Dative,le ponen la pez,DP,Articles,Masculine,Singular,NA,NA,NA,L2L,4th/5th,Early,No,6,0,138,2023,0,0.5,NA,NA,0.3798497831064895,0.10463641487001005
H29,1,1,L2L 4th/5th,5,11,138,NA,NA,NA,3,3,3,7,"Ukrainian, Russian",Yes,Yes,Yes,Production,Prod-21,NA,NA,NA,1,1,NA,cerrar la puerta,DP,Articles,Feminine,Singular,NA,NA,NA,L2L,4th/5th,Early,No,6,0,138,2023,1,0.5,NA,NA,0.3798497831064895,0.10463641487001005
H29,1,1,L2L 4th/5th,5,11,138,NA,NA,NA,3,3,3,7,"Ukrainian, Russian",Yes,Yes,Yes,Production,Prod-23,NA,NA,NA,1,1,NA,juegan los instrumentos,DP,Articles,Masculine,Plural,NA,NA,NA,L2L,4th/5th,Early,No,6,0,138,2023,1,0.5,NA,NA,0.3798497831064895,0.10463641487001005
H29,1,1,L2L 4th/5th,5,11,138,NA,NA,NA,3,3,3,7,"Ukrainian, Russian",Yes,Yes,Yes,Production,Prod-25,NA,NA,NA,1,1,NA,poner la mascara,DP,Articles,Feminine,Plural,NA,NA,NA,L2L,4th/5th,Early,No,6,0,138,2023,1,0.5,NA,NA,0.3798497831064895,0.10463641487001005
H29,1,2,L2L 7th/8th,8,NA,138,NA,NA,NA,3,3,3,7,"Ukrainian, Russian",Yes,Yes,Yes,Production,Prod-03,NA,NA,NA,1,1,NA,se explotan el globo,DP,Articles,Masculine,Singular,NA,NA,NA,L2L,7th/8th,Early,No,6,36,174,2026,1,0.5,NA,NA,0.3798497831064895,1.376556461929396
H29,1,2,L2L 7th/8th,8,NA,138,NA,NA,NA,3,3,3,7,"Ukrainian, Russian",Yes,Yes,Yes,Production,Prod-05,NA,NA,NA,1,1,NA,se come la pizza,DP,Articles,Feminine,Singular,NA,NA,NA,L2L,7th/8th,Early,No,6,36,174,2026,1,0.5,NA,NA,0.3798497831064895,1.376556461929396
H29,1,2,L2L 7th/8th,8,NA,138,NA,NA,NA,3,3,3,7,"Ukrainian, Russian",Yes,Yes,Yes,Production,Prod-07,0,NA,NA,1,1,NA,se cuentan los números,DP,Articles,Masculine,Plural,NA,NA,NA,L2L,7th/8th,Early,No,6,36,174,2026,1,0.5,NA,NA,0.3798497831064895,1.376556461929396
H29,1,2,L2L 7th/8th,8,NA,138,NA,NA,NA,3,3,3,7,"Ukrainian, Russian",Yes,Yes,Yes,Production,Prod-11,NA,NA,NA,1,1,NA,se lavan el perro,DP,Articles,Masculine,Singular,NA,NA,NA,L2L,7th/8th,Early,No,6,36,174,2026,1,0.5,NA,NA,0.3798497831064895,1.376556461929396
H29,1,2,L2L 7th/8th,8,NA,138,NA,NA,NA,3,3,3,7,"Ukrainian, Russian",Yes,Yes,Yes,Production,Prod-13,NA,NA,NA,1,1,NA,escuchan la música,DP,Articles,Feminine,Singular,NA,NA,NA,L2L,7th/8th,Early,No,6,36,174,2026,1,0.5,NA,NA,0.3798497831064895,1.376556461929396
H29,1,2,L2L 7th/8th,8,NA,138,NA,NA,NA,3,3,3,7,"Ukrainian, Russian",Yes,Yes,Yes,Production,Prod-15,NA,NA,NA,1,1,NA,se dejan los libros,DP,Articles,Masculine,Plural,NA,NA,NA,L2L,7th/8th,Early,No,6,36,174,2026,1,0.5,NA,NA,0.3798497831064895,1.376556461929396
H29,1,2,L2L 7th/8th,8,NA,138,NA,NA,NA,3,3,3,7,"Ukrainian, Russian",Yes,Yes,Yes,Production,Prod-17,NA,NA,NA,1,1,NA,se comen las galletas,DP,Articles,Feminine,Plural,NA,NA,NA,L2L,7th/8th,Early,No,6,36,174,2026,1,0.5,NA,NA,0.3798497831064895,1.376556461929396
H29,1,2,L2L 7th/8th,8,NA,138,NA,NA,NA,3,3,3,7,"Ukrainian, Russian",Yes,Yes,Yes,Production,Prod-19,NA,NA,NA,1,1,NA,comen el pescado,DP,Articles,Masculine,Singular,NA,NA,NA,L2L,7th/8th,Early,No,6,36,174,2026,1,0.5,NA,NA,0.3798497831064895,1.376556461929396
H29,1,2,L2L 7th/8th,8,NA,138,NA,NA,NA,3,3,3,7,"Ukrainian, Russian",Yes,Yes,Yes,Production,Prod-21,NA,NA,NA,0,1,NA,cierran el puerta,Gender,Articles,Feminine,Singular,NA,NA,NA,L2L,7th/8th,Early,No,6,36,174,2026,0,0.5,NA,NA,0.3798497831064895,1.376556461929396
H29,1,2,L2L 7th/8th,8,NA,138,NA,NA,NA,3,3,3,7,"Ukrainian, Russian",Yes,Yes,Yes,Production,Prod-23,NA,NA,NA,1,1,NA,tocan los instrumentos,DP,Articles,Masculine,Plural,NA,NA,NA,L2L,7th/8th,Early,No,6,36,174,2026,1,0.5,NA,NA,0.3798497831064895,1.376556461929396
H30,1,1,L2L 4th/5th,5,NA,140,NA,NA,NA,2,5,NA,6,L2 learner,L2,L2,L2,Production,Prod-03,NA,NA,NA,1,1,NA,rompen el globo,DP,Articles,Masculine,Singular,NA,NA,NA,L2L,4th/5th,Early,No,7,0,140,2023,1,0.2857142857142857,NA,NA,0.4564421647371364,0.1752986397066426
H30,1,1,L2L 4th/5th,5,NA,140,NA,NA,NA,2,5,NA,6,L2 learner,L2,L2,L2,Production,Prod-09,NA,NA,NA,0,1,NA,se ponen los chaquetas,DP,Articles,Feminine,Plural,NA,NA,NA,L2L,4th/5th,Early,No,7,0,140,2023,0,0.2857142857142857,NA,NA,0.4564421647371364,0.1752986397066426
H30,1,1,L2L 4th/5th,5,NA,140,NA,NA,NA,2,5,NA,6,L2 learner,L2,L2,L2,Production,Prod-11,NA,NA,NA,1,1,NA,lavar el perro,DP,Articles,Masculine,Singular,NA,NA,NA,L2L,4th/5th,Early,No,7,0,140,2023,1,0.2857142857142857,NA,NA,0.4564421647371364,0.1752986397066426
H30,1,1,L2L 4th/5th,5,NA,140,NA,NA,NA,2,5,NA,6,L2 learner,L2,L2,L2,Production,Prod-17,NA,NA,NA,1,1,NA,estan comer las galletas,DP,Articles,Feminine,Plural,NA,NA,NA,L2L,4th/5th,Early,No,7,0,140,2023,1,0.2857142857142857,NA,NA,0.4564421647371364,0.1752986397066426
H30,1,1,L2L 4th/5th,5,NA,140,NA,NA,NA,2,5,NA,6,L2 learner,L2,L2,L2,Production,Prod-19,NA,NA,NA,1,1,NA,estan cocina el pez,DP,Articles,Masculine,Singular,NA,NA,NA,L2L,4th/5th,Early,No,7,0,140,2023,1,0.2857142857142857,NA,NA,0.4564421647371364,0.1752986397066426
H30,1,1,L2L 4th/5th,5,NA,140,NA,NA,NA,2,5,NA,6,L2 learner,L2,L2,L2,Production,Prod-21,NA,NA,NA,0,1,NA,cerrar el puerta,DP,Articles,Feminine,Singular,NA,NA,NA,L2L,4th/5th,Early,No,7,0,140,2023,0,0.2857142857142857,NA,NA,0.4564421647371364,0.1752986397066426
H30,1,1,L2L 4th/5th,5,NA,140,NA,NA,NA,2,5,NA,6,L2 learner,L2,L2,L2,Production,Prod-23,NA,NA,NA,1,1,NA,estan jugando los instrumentos,DP,Articles,Masculine,Plural,NA,NA,NA,L2L,4th/5th,Early,No,7,0,140,2023,1,0.2857142857142857,NA,NA,0.4564421647371364,0.1752986397066426
H30,1,1,L2L 4th/5th,5,NA,140,NA,NA,NA,2,5,NA,6,L2 learner,L2,L2,L2,Production,Prod-25,NA,NA,NA,1,1,NA,ponen las mascarillas,DP,Articles,Feminine,Plural,NA,NA,NA,L2L,4th/5th,Early,No,7,0,140,2023,1,0.2857142857142857,NA,NA,0.4564421647371364,0.1752986397066426
H31,1,1,L2L 4th/5th,5,NA,131,NA,NA,NA,2,5,NA,8,L2 learner,L2,L2,L2,Production,Prod-05,NA,NA,NA,1,1,NA,comio la pizza,DP,Articles,Feminine,Singular,NA,NA,NA,L2L,4th/5th,Early,No,7,0,131,2023,1,0.2857142857142857,NA,NA,0.11177644739922535,-0.1426813720582039
H31,1,1,L2L 4th/5th,5,NA,131,NA,NA,NA,2,5,NA,8,L2 learner,L2,L2,L2,Production,Prod-17,NA,NA,NA,1,1,NA,comio las galletas,DP,Articles,Feminine,Plural,NA,NA,NA,L2L,4th/5th,Early,No,7,0,131,2023,1,0.2857142857142857,NA,NA,0.11177644739922535,-0.1426813720582039
H31,1,2,L2L 7th/8th,8,NA,131,NA,NA,NA,2,5,NA,8,L2 learner,L2,L2,L2,Production,Prod-21,NA,NA,NA,1,1,NA,cierran la puerta,DP,Articles,Feminine,Singular,NA,NA,NA,L2L,7th/8th,Early,No,7,36,167,2026,1,0.2857142857142857,NA,NA,0.11177644739922535,1.129238675001182
H31,1,2,L2L 7th/8th,8,NA,131,NA,NA,NA,2,5,NA,8,L2 learner,L2,L2,L2,Production,Prod-23,NA,NA,NA,1,1,NA,jugan los instrumentos,DP,Articles,Masculine,Plural,NA,NA,NA,L2L,7th/8th,Early,No,7,36,167,2026,1,0.2857142857142857,NA,NA,0.11177644739922535,1.129238675001182
H31,1,2,L2L 7th/8th,8,NA,131,NA,NA,NA,2,5,NA,8,L2 learner,L2,L2,L2,Production,Prod-25,NA,NA,NA,1,1,NA,se ponen las mascarillas,DP,Articles,Feminine,Plural,NA,NA,NA,L2L,7th/8th,Early,No,7,36,167,2026,1,0.2857142857142857,NA,NA,0.11177644739922535,1.129238675001182
H32,1,1,L2L 4th/5th,5,NA,130,NA,NA,NA,1,5,NA,8,Russian,No,Yes,Yes,Production,Prod-05,NA,NA,NA,1,1,NA,se comen la pizza,se,Articles,Feminine,Singular,NA,NA,NA,L2L,4th/5th,Early,No,6,0,130,2023,1,0.16666666666666666,NA,NA,0.0734802565839019,-0.17801248447652016
H32,1,1,L2L 4th/5th,5,NA,130,NA,NA,NA,1,5,NA,8,Russian,No,Yes,Yes,Production,Prod-09,NA,NA,NA,1,1,NA,quitar las chaquetas,DP,Articles,Feminine,Plural,NA,NA,NA,L2L,4th/5th,Early,No,6,0,130,2023,1,0.16666666666666666,NA,NA,0.0734802565839019,-0.17801248447652016
H32,1,1,L2L 4th/5th,5,NA,130,NA,NA,NA,1,5,NA,8,Russian,No,Yes,Yes,Production,Prod-11,NA,NA,NA,1,1,NA,se lavan el perro,se,Articles,Masculine,Singular,NA,NA,NA,L2L,4th/5th,Early,No,6,0,130,2023,1,0.16666666666666666,NA,NA,0.0734802565839019,-0.17801248447652016
H32,1,1,L2L 4th/5th,5,NA,130,NA,NA,NA,1,5,NA,8,Russian,No,Yes,Yes,Production,Prod-19,NA,NA,NA,1,1,NA,cocina el pez,DP,Articles,Masculine,Singular,NA,NA,NA,L2L,4th/5th,Early,No,6,0,130,2023,1,0.16666666666666666,NA,NA,0.0734802565839019,-0.17801248447652016
H32,1,1,L2L 4th/5th,5,NA,130,NA,NA,NA,1,5,NA,8,Russian,No,Yes,Yes,Production,Prod-23,NA,NA,NA,1,1,NA,tocan los instrumentos,DP,Articles,Masculine,Plural,NA,NA,NA,L2L,4th/5th,Early,No,6,0,130,2023,1,0.16666666666666666,NA,NA,0.0734802565839019,-0.17801248447652016
H32,1,2,L2L 7th/8th,8,NA,130,NA,NA,NA,1,5,NA,8,Russian,No,Yes,Yes,Production,Prod-03,NA,NA,NA,1,1,NA,se rompen el globo,DP,Articles,Masculine,Singular,NA,NA,NA,L2L,7th/8th,Early,No,6,36,166,2026,1,0.16666666666666666,NA,NA,0.0734802565839019,1.0939075625828658
H32,1,2,L2L 7th/8th,8,NA,130,NA,NA,NA,1,5,NA,8,Russian,No,Yes,Yes,Production,Prod-05,NA,NA,NA,1,1,NA,se come la pizza,DP,Articles,Feminine,Singular,NA,NA,NA,L2L,7th/8th,Early,No,6,36,166,2026,1,0.16666666666666666,NA,NA,0.0734802565839019,1.0939075625828658
H32,1,2,L2L 7th/8th,8,NA,130,NA,NA,NA,1,5,NA,8,Russian,No,Yes,Yes,Production,Prod-07,NA,NA,NA,1,1,NA,se contan los números,DP,Articles,Masculine,Plural,NA,NA,NA,L2L,7th/8th,Early,No,6,36,166,2026,1,0.16666666666666666,NA,NA,0.0734802565839019,1.0939075625828658
H32,1,2,L2L 7th/8th,8,NA,130,NA,NA,NA,1,5,NA,8,Russian,No,Yes,Yes,Production,Prod-09,NA,NA,NA,1,1,NA,se sacan la chaqueta,DP,Articles,Feminine,Plural,NA,NA,NA,L2L,7th/8th,Early,No,6,36,166,2026,1,0.16666666666666666,NA,NA,0.0734802565839019,1.0939075625828658
H32,1,2,L2L 7th/8th,8,NA,130,NA,NA,NA,1,5,NA,8,Russian,No,Yes,Yes,Production,Prod-11,NA,NA,NA,1,1,NA,se dando un baño,DP,Articles,Masculine,Singular,NA,NA,NA,L2L,7th/8th,Early,No,6,36,166,2026,1,0.16666666666666666,NA,NA,0.0734802565839019,1.0939075625828658
H32,1,2,L2L 7th/8th,8,NA,130,NA,NA,NA,1,5,NA,8,Russian,No,Yes,Yes,Production,Prod-13,NA,NA,NA,1,1,NA,escuchando la música,DP,Articles,Feminine,Singular,NA,NA,NA,L2L,7th/8th,Early,No,6,36,166,2026,1,0.16666666666666666,NA,NA,0.0734802565839019,1.0939075625828658
H32,1,2,L2L 7th/8th,8,NA,130,NA,NA,NA,1,5,NA,8,Russian,No,Yes,Yes,Production,Prod-15,NA,NA,NA,1,1,NA,ponen los libros,DP,Articles,Masculine,Plural,NA,NA,NA,L2L,7th/8th,Early,No,6,36,166,2026,1,0.16666666666666666,NA,NA,0.0734802565839019,1.0939075625828658
H32,1,2,L2L 7th/8th,8,NA,130,NA,NA,NA,1,5,NA,8,Russian,No,Yes,Yes,Production,Prod-17,NA,NA,NA,1,1,NA,se comen las galletas,NA,Articles,Feminine,Plural,NA,NA,NA,L2L,7th/8th,Early,No,6,36,166,2026,1,0.16666666666666666,NA,NA,0.0734802565839019,1.0939075625828658
H32,1,2,L2L 7th/8th,8,NA,130,NA,NA,NA,1,5,NA,8,Russian,No,Yes,Yes,Production,Prod-19,NA,NA,NA,1,1,NA,cocinando el pescado,DP,Articles,Masculine,Singular,NA,NA,NA,L2L,7th/8th,Early,No,6,36,166,2026,1,0.16666666666666666,NA,NA,0.0734802565839019,1.0939075625828658
H32,1,2,L2L 7th/8th,8,NA,130,NA,NA,NA,1,5,NA,8,Russian,No,Yes,Yes,Production,Prod-21,NA,NA,NA,1,1,NA,cerrar la puerta,DP,Articles,Feminine,Singular,NA,NA,NA,L2L,7th/8th,Early,No,6,36,166,2026,1,0.16666666666666666,NA,NA,0.0734802565839019,1.0939075625828658
H32,1,2,L2L 7th/8th,8,NA,130,NA,NA,NA,1,5,NA,8,Russian,No,Yes,Yes,Production,Prod-23,NA,NA,NA,1,1,NA,jugando con los instrumentos,DP,Articles,Masculine,Plural,NA,NA,NA,L2L,7th/8th,Early,No,6,36,166,2026,1,0.16666666666666666,NA,NA,0.0734802565839019,1.0939075625828658
H33,1,1,L2L 4th/5th,5,NA,128,NA,NA,NA,2,4,NA,3,"Hindi, Marathi",Yes,Yes,Yes,Production,Prod-05,NA,NA,NA,1,1,NA,comiendo la pizza,DP,Articles,Feminine,Singular,NA,NA,NA,L2L,4th/5th,Early,No,6,0,128,2023,1,0.3333333333333333,NA,NA,-0.0031121250467449975,-0.24867470931315272
H33,1,1,L2L 4th/5th,5,NA,128,NA,NA,NA,2,4,NA,3,"Hindi, Marathi",Yes,Yes,Yes,Production,Prod-07,NA,NA,NA,1,1,NA,diciendo los numeros,DP,Articles,Masculine,Plural,NA,NA,NA,L2L,4th/5th,Early,No,6,0,128,2023,1,0.3333333333333333,NA,NA,-0.0031121250467449975,-0.24867470931315272
H33,1,1,L2L 4th/5th,5,NA,128,NA,NA,NA,2,4,NA,3,"Hindi, Marathi",Yes,Yes,Yes,Production,Prod-09,NA,NA,NA,1,1,NA,quitando las chaquetas,DP,Articles,Feminine,Plural,NA,NA,NA,L2L,4th/5th,Early,No,6,0,128,2023,1,0.3333333333333333,NA,NA,-0.0031121250467449975,-0.24867470931315272
H33,1,1,L2L 4th/5th,5,NA,128,NA,NA,NA,2,4,NA,3,"Hindi, Marathi",Yes,Yes,Yes,Production,Prod-11,NA,NA,NA,1,1,NA,estan bañando el perro,DP,Articles,Masculine,Singular,NA,NA,NA,L2L,4th/5th,Early,No,6,0,128,2023,1,0.3333333333333333,NA,NA,-0.0031121250467449975,-0.24867470931315272
H33,1,1,L2L 4th/5th,5,NA,128,NA,NA,NA,2,4,NA,3,"Hindi, Marathi",Yes,Yes,Yes,Production,Prod-13,NA,NA,NA,1,1,NA,poniendo los audifonos,DP,Articles,Feminine,Singular,NA,NA,NA,L2L,4th/5th,Early,No,6,0,128,2023,1,0.3333333333333333,NA,NA,-0.0031121250467449975,-0.24867470931315272
H33,1,1,L2L 4th/5th,5,NA,128,NA,NA,NA,2,4,NA,3,"Hindi, Marathi",Yes,Yes,Yes,Production,Prod-15,NA,NA,NA,1,1,english verb,taking los libros,DP,Articles,Masculine,Plural,NA,NA,NA,L2L,4th/5th,Early,No,6,0,128,2023,1,0.3333333333333333,NA,NA,-0.0031121250467449975,-0.24867470931315272
H33,1,1,L2L 4th/5th,5,NA,128,NA,NA,NA,2,4,NA,3,"Hindi, Marathi",Yes,Yes,Yes,Production,Prod-19,NA,NA,NA,1,1,NA,poniendo el pescado,DP,Articles,Masculine,Singular,NA,NA,NA,L2L,4th/5th,Early,No,6,0,128,2023,1,0.3333333333333333,NA,NA,-0.0031121250467449975,-0.24867470931315272
H33,1,1,L2L 4th/5th,5,NA,128,NA,NA,NA,2,4,NA,3,"Hindi, Marathi",Yes,Yes,Yes,Production,Prod-21,NA,NA,NA,1,1,NA,cerrar la puerta,DP,Articles,Feminine,Singular,NA,NA,NA,L2L,4th/5th,Early,No,6,0,128,2023,1,0.3333333333333333,NA,NA,-0.0031121250467449975,-0.24867470931315272
H33,1,1,L2L 4th/5th,5,NA,128,NA,NA,NA,2,4,NA,3,"Hindi, Marathi",Yes,Yes,Yes,Production,Prod-23,NA,NA,NA,1,1,NA,tocando los instrumentos,DP,Articles,Masculine,Plural,NA,NA,NA,L2L,4th/5th,Early,No,6,0,128,2023,1,0.3333333333333333,NA,NA,-0.0031121250467449975,-0.24867470931315272
H33,1,1,L2L 4th/5th,5,NA,128,NA,NA,NA,2,4,NA,3,"Hindi, Marathi",Yes,Yes,Yes,Production,Prod-25,NA,NA,NA,1,1,NA,esta poniendo las mascararas,DP,Articles,Feminine,Plural,NA,NA,NA,L2L,4th/5th,Early,No,6,0,128,2023,1,0.3333333333333333,NA,NA,-0.0031121250467449975,-0.24867470931315272
H33,1,2,L2L 7th/8th,8,NA,128,NA,NA,NA,2,4,NA,3,"Hindi, Marathi",Yes,Yes,Yes,Production,Prod-03,NA,NA,NA,1,1,NA,derrotando el globo,DP,Articles,Masculine,Singular,NA,NA,NA,L2L,7th/8th,Early,No,6,36,164,2026,1,0.3333333333333333,NA,NA,-0.0031121250467449975,1.0232453377462332
H33,1,2,L2L 7th/8th,8,NA,128,NA,NA,NA,2,4,NA,3,"Hindi, Marathi",Yes,Yes,Yes,Production,Prod-05,NA,NA,NA,0,1,NA,comiendo el pizza,Gender,Articles,Feminine,Singular,NA,NA,NA,L2L,7th/8th,Early,No,6,36,164,2026,0,0.3333333333333333,NA,NA,-0.0031121250467449975,1.0232453377462332
H33,1,2,L2L 7th/8th,8,NA,128,NA,NA,NA,2,4,NA,3,"Hindi, Marathi",Yes,Yes,Yes,Production,Prod-07,NA,NA,NA,1,1,NA,diciendo los números,DP,Articles,Masculine,Plural,NA,NA,NA,L2L,7th/8th,Early,No,6,36,164,2026,1,0.3333333333333333,NA,NA,-0.0031121250467449975,1.0232453377462332
H33,1,2,L2L 7th/8th,8,NA,128,NA,NA,NA,2,4,NA,3,"Hindi, Marathi",Yes,Yes,Yes,Production,Prod-13,NA,NA,NA,1,1,NA,escuchando la música,DP,Articles,Feminine,Singular,NA,NA,NA,L2L,7th/8th,Early,No,6,36,164,2026,1,0.3333333333333333,NA,NA,-0.0031121250467449975,1.0232453377462332
H33,1,2,L2L 7th/8th,8,NA,128,NA,NA,NA,2,4,NA,3,"Hindi, Marathi",Yes,Yes,Yes,Production,Prod-17,NA,NA,NA,1,1,NA,comiendo las galletas,DP,Articles,Feminine,Plural,NA,NA,NA,L2L,7th/8th,Early,No,6,36,164,2026,1,0.3333333333333333,NA,NA,-0.0031121250467449975,1.0232453377462332
H33,1,2,L2L 7th/8th,8,NA,128,NA,NA,NA,2,4,NA,3,"Hindi, Marathi",Yes,Yes,Yes,Production,Prod-19,NA,NA,NA,1,1,NA,preparando el pescado,DP,Articles,Masculine,Singular,NA,NA,NA,L2L,7th/8th,Early,No,6,36,164,2026,1,0.3333333333333333,NA,NA,-0.0031121250467449975,1.0232453377462332
H33,1,2,L2L 7th/8th,8,NA,128,NA,NA,NA,2,4,NA,3,"Hindi, Marathi",Yes,Yes,Yes,Production,Prod-21,NA,NA,NA,1,1,NA,cerrando la puerta,DP,Articles,Feminine,Singular,NA,NA,NA,L2L,7th/8th,Early,No,6,36,164,2026,1,0.3333333333333333,NA,NA,-0.0031121250467449975,1.0232453377462332
H33,1,2,L2L 7th/8th,8,NA,128,NA,NA,NA,2,4,NA,3,"Hindi, Marathi",Yes,Yes,Yes,Production,Prod-23,NA,NA,NA,1,1,NA,usando los instrumentos,DP,Articles,Masculine,Plural,NA,NA,NA,L2L,7th/8th,Early,No,6,36,164,2026,1,0.3333333333333333,NA,NA,-0.0031121250467449975,1.0232453377462332
H33,1,2,L2L 7th/8th,8,NA,128,NA,NA,NA,2,4,NA,3,"Hindi, Marathi",Yes,Yes,Yes,Production,Prod-25,NA,NA,NA,1,1,NA,las mascarillas,DP,Articles,Feminine,Plural,NA,NA,NA,L2L,7th/8th,Early,No,6,36,164,2026,1,0.3333333333333333,NA,NA,-0.0031121250467449975,1.0232453377462332
H34,1,1,L2L 4th/5th,5,11,132,NA,NA,NA,2,4,3,8,Sinhala,Yes,Yes,Yes,Production,Prod-05,NA,NA,NA,1,1,NA,comen la pizza,DP,Articles,Feminine,Singular,NA,NA,NA,L2L,4th/5th,Early,No,6,0,132,2023,1,0.3333333333333333,NA,NA,0.1500726382145488,-0.10735025963988762
H34,1,1,L2L 4th/5th,5,11,132,NA,NA,NA,2,4,3,8,Sinhala,Yes,Yes,Yes,Production,Prod-09,NA,NA,NA,1,1,Se,se quita la chaqueta,DP,Articles,Feminine,Plural,NA,NA,NA,L2L,4th/5th,Early,No,6,0,132,2023,1,0.3333333333333333,NA,NA,0.1500726382145488,-0.10735025963988762
H34,1,1,L2L 4th/5th,5,11,132,NA,NA,NA,2,4,3,8,Sinhala,Yes,Yes,Yes,Production,Prod-19,NA,NA,NA,1,1,NA,cocinando el pez,DP,Articles,Masculine,Singular,NA,NA,NA,L2L,4th/5th,Early,No,6,0,132,2023,1,0.3333333333333333,NA,NA,0.1500726382145488,-0.10735025963988762
H34,1,1,L2L 4th/5th,5,11,132,NA,NA,NA,2,4,3,8,Sinhala,Yes,Yes,Yes,Production,Prod-23,NA,NA,NA,1,1,NA,escuchan la musica,DP,Articles,Masculine,Plural,NA,NA,NA,L2L,4th/5th,Early,No,6,0,132,2023,1,0.3333333333333333,NA,NA,0.1500726382145488,-0.10735025963988762
H34,1,1,L2L 4th/5th,5,11,132,NA,NA,NA,2,4,3,8,Sinhala,Yes,Yes,Yes,Production,Prod-25,NA,NA,NA,1,1,NA,ponen las mascarillas,DP,Articles,Feminine,Plural,NA,NA,NA,L2L,4th/5th,Early,No,6,0,132,2023,1,0.3333333333333333,NA,NA,0.1500726382145488,-0.10735025963988762
H34,1,2,L2L 7th/8th,8,11,132,NA,NA,NA,2,4,3,8,Sinhala,Yes,Yes,Yes,Production,Prod-05,NA,NA,NA,1,1,NA,comen la pizza,DP,Articles,Feminine,Singular,NA,NA,NA,L2L,7th/8th,Early,No,6,36,168,2026,1,0.3333333333333333,NA,NA,0.1500726382145488,1.1645697874194985
H34,1,2,L2L 7th/8th,8,11,132,NA,NA,NA,2,4,3,8,Sinhala,Yes,Yes,Yes,Production,Prod-09,NA,NA,NA,0,1,NA,está poniendo un chaqueta,Gender,Articles,Feminine,Plural,NA,NA,NA,L2L,7th/8th,Early,No,6,36,168,2026,0,0.3333333333333333,NA,NA,0.1500726382145488,1.1645697874194985
H34,1,2,L2L 7th/8th,8,11,132,NA,NA,NA,2,4,3,8,Sinhala,Yes,Yes,Yes,Production,Prod-11,NA,NA,NA,1,1,NA,están lavando el perro,DP,Articles,Masculine,Singular,NA,NA,NA,L2L,7th/8th,Early,No,6,36,168,2026,1,0.3333333333333333,NA,NA,0.1500726382145488,1.1645697874194985
H34,1,2,L2L 7th/8th,8,11,132,NA,NA,NA,2,4,3,8,Sinhala,Yes,Yes,Yes,Production,Prod-13,NA,NA,NA,1,1,NA,están escuhando la música,NA,Articles,Feminine,Singular,NA,NA,NA,L2L,7th/8th,Early,No,6,36,168,2026,1,0.3333333333333333,NA,NA,0.1500726382145488,1.1645697874194985
H34,1,2,L2L 7th/8th,8,11,132,NA,NA,NA,2,4,3,8,Sinhala,Yes,Yes,Yes,Production,Prod-15,NA,NA,NA,1,1,NA,ponen los libros,DP,Articles,Masculine,Plural,NA,NA,NA,L2L,7th/8th,Early,No,6,36,168,2026,1,0.3333333333333333,NA,NA,0.1500726382145488,1.1645697874194985
H34,1,2,L2L 7th/8th,8,11,132,NA,NA,NA,2,4,3,8,Sinhala,Yes,Yes,Yes,Production,Prod-17,NA,NA,NA,1,1,NA,están comiendo las galletas,DP,Articles,Feminine,Plural,NA,NA,NA,L2L,7th/8th,Early,No,6,36,168,2026,1,0.3333333333333333,NA,NA,0.1500726382145488,1.1645697874194985
H34,1,2,L2L 7th/8th,8,11,132,NA,NA,NA,2,4,3,8,Sinhala,Yes,Yes,Yes,Production,Prod-19,NA,NA,NA,1,1,NA,está cocinando el pez,DP,Articles,Masculine,Singular,NA,NA,NA,L2L,7th/8th,Early,No,6,36,168,2026,1,0.3333333333333333,NA,NA,0.1500726382145488,1.1645697874194985
H34,1,2,L2L 7th/8th,8,11,132,NA,NA,NA,2,4,3,8,Sinhala,Yes,Yes,Yes,Production,Prod-21,NA,NA,NA,1,1,NA,cierran la puerta,DP,Articles,Feminine,Singular,NA,NA,NA,L2L,7th/8th,Early,No,6,36,168,2026,1,0.3333333333333333,NA,NA,0.1500726382145488,1.1645697874194985
H34,1,2,L2L 7th/8th,8,11,132,NA,NA,NA,2,4,3,8,Sinhala,Yes,Yes,Yes,Production,Prod-23,NA,NA,NA,1,1,NA,están tocando los instrumentos,DP,Articles,Masculine,Plural,NA,NA,NA,L2L,7th/8th,Early,No,6,36,168,2026,1,0.3333333333333333,NA,NA,0.1500726382145488,1.1645697874194985
H34,1,2,L2L 7th/8th,8,11,132,NA,NA,NA,2,4,3,8,Sinhala,Yes,Yes,Yes,Production,Prod-25,NA,NA,NA,1,1,NA,ponen las mascarillas,DP,Articles,Feminine,Plural,NA,NA,NA,L2L,7th/8th,Early,No,6,36,168,2026,1,0.3333333333333333,NA,NA,0.1500726382145488,1.1645697874194985
H35,1,1,L2L 4th/5th,5,NA,130,NA,NA,NA,2,2,NA,7,Romanian,Yes,Yes,Yes,Production,Prod-03,NA,NA,NA,1,1,NA,romper el globo,DP,Articles,Masculine,Singular,NA,NA,NA,L2L,4th/5th,Early,No,4,0,130,2023,1,0.5,NA,NA,0.0734802565839019,-0.17801248447652016
H35,1,1,L2L 4th/5th,5,NA,130,NA,NA,NA,2,2,NA,7,Romanian,Yes,Yes,Yes,Production,Prod-05,NA,NA,NA,0,1,NA,comiendo el pizza,DP,Articles,Feminine,Singular,NA,NA,NA,L2L,4th/5th,Early,No,4,0,130,2023,0,0.5,NA,NA,0.0734802565839019,-0.17801248447652016
H35,1,1,L2L 4th/5th,5,NA,130,NA,NA,NA,2,2,NA,7,Romanian,Yes,Yes,Yes,Production,Prod-07,NA,NA,NA,1,1,NA,cuentan los numeros,DP,Articles,Masculine,Plural,NA,NA,NA,L2L,4th/5th,Early,No,4,0,130,2023,1,0.5,NA,NA,0.0734802565839019,-0.17801248447652016
H35,1,1,L2L 4th/5th,5,NA,130,NA,NA,NA,2,2,NA,7,Romanian,Yes,Yes,Yes,Production,Prod-11,NA,NA,NA,1,1,NA,lava el perro,DP,Articles,Masculine,Singular,NA,NA,NA,L2L,4th/5th,Early,No,4,0,130,2023,1,0.5,NA,NA,0.0734802565839019,-0.17801248447652016
H35,1,1,L2L 4th/5th,5,NA,130,NA,NA,NA,2,2,NA,7,Romanian,Yes,Yes,Yes,Production,Prod-13,NA,NA,NA,1,1,NA,oyen la musica,DP,Articles,Feminine,Singular,NA,NA,NA,L2L,4th/5th,Early,No,4,0,130,2023,1,0.5,NA,NA,0.0734802565839019,-0.17801248447652016
H35,1,1,L2L 4th/5th,5,NA,130,NA,NA,NA,2,2,NA,7,Romanian,Yes,Yes,Yes,Production,Prod-15,NA,NA,NA,1,1,NA,ponen el libro en la mesa,DP,Articles,Masculine,Plural,NA,NA,NA,L2L,4th/5th,Early,No,4,0,130,2023,1,0.5,NA,NA,0.0734802565839019,-0.17801248447652016
H35,1,1,L2L 4th/5th,5,NA,130,NA,NA,NA,2,2,NA,7,Romanian,Yes,Yes,Yes,Production,Prod-17,NA,NA,NA,1,1,NA,comen las galletas,DP,Articles,Feminine,Plural,NA,NA,NA,L2L,4th/5th,Early,No,4,0,130,2023,1,0.5,NA,NA,0.0734802565839019,-0.17801248447652016
H35,1,1,L2L 4th/5th,5,NA,130,NA,NA,NA,2,2,NA,7,Romanian,Yes,Yes,Yes,Production,Prod-21,NA,NA,NA,1,1,NA,cierran la puerta,DP,Articles,Feminine,Singular,NA,NA,NA,L2L,4th/5th,Early,No,4,0,130,2023,1,0.5,NA,NA,0.0734802565839019,-0.17801248447652016
H35,1,2,L2L 7th/8th,8,NA,130,NA,NA,NA,2,2,NA,7,Romanian,Yes,Yes,Yes,Production,Prod-03,0,NA,NA,1,1,NA,destruyendo los globos,DP,Articles,Masculine,Singular,NA,NA,NA,L2L,7th/8th,Early,No,4,36,166,2026,1,0.5,NA,NA,0.0734802565839019,1.0939075625828658
H35,1,2,L2L 7th/8th,8,NA,130,NA,NA,NA,2,2,NA,7,Romanian,Yes,Yes,Yes,Production,Prod-05,NA,NA,NA,1,1,NA,comiendo la pizza,DP,Articles,Feminine,Singular,NA,NA,NA,L2L,7th/8th,Early,No,4,36,166,2026,1,0.5,NA,NA,0.0734802565839019,1.0939075625828658
H35,1,2,L2L 7th/8th,8,NA,130,NA,NA,NA,2,2,NA,7,Romanian,Yes,Yes,Yes,Production,Prod-09,NA,NA,NA,1,1,NA,removiendo las chaquetas,DP,Articles,Feminine,Plural,NA,NA,NA,L2L,7th/8th,Early,No,4,36,166,2026,1,0.5,NA,NA,0.0734802565839019,1.0939075625828658
H35,1,2,L2L 7th/8th,8,NA,130,NA,NA,NA,2,2,NA,7,Romanian,Yes,Yes,Yes,Production,Prod-11,NA,NA,NA,1,1,NA,está lavando el perro,DP,Articles,Masculine,Singular,NA,NA,NA,L2L,7th/8th,Early,No,4,36,166,2026,1,0.5,NA,NA,0.0734802565839019,1.0939075625828658
H35,1,2,L2L 7th/8th,8,NA,130,NA,NA,NA,2,2,NA,7,Romanian,Yes,Yes,Yes,Production,Prod-13,NA,NA,NA,1,1,NA,escuchando la música,DP,Articles,Feminine,Singular,NA,NA,NA,L2L,7th/8th,Early,No,4,36,166,2026,1,0.5,NA,NA,0.0734802565839019,1.0939075625828658
H35,1,2,L2L 7th/8th,8,NA,130,NA,NA,NA,2,2,NA,7,Romanian,Yes,Yes,Yes,Production,Prod-15,NA,NA,NA,1,1,NA,poniendo los libros,DP,Articles,Masculine,Plural,NA,NA,NA,L2L,7th/8th,Early,No,4,36,166,2026,1,0.5,NA,NA,0.0734802565839019,1.0939075625828658
H35,1,2,L2L 7th/8th,8,NA,130,NA,NA,NA,2,2,NA,7,Romanian,Yes,Yes,Yes,Production,Prod-17,NA,NA,NA,1,1,NA,poniendo otras cosas,DP,Articles,Feminine,Plural,NA,NA,NA,L2L,7th/8th,Early,No,4,36,166,2026,1,0.5,NA,NA,0.0734802565839019,1.0939075625828658
H35,1,2,L2L 7th/8th,8,NA,130,NA,NA,NA,2,2,NA,7,Romanian,Yes,Yes,Yes,Production,Prod-19,NA,NA,NA,1,1,NA,cocinando el pescado,DP,Articles,Masculine,Singular,NA,NA,NA,L2L,7th/8th,Early,No,4,36,166,2026,1,0.5,NA,NA,0.0734802565839019,1.0939075625828658
H35,1,2,L2L 7th/8th,8,NA,130,NA,NA,NA,2,2,NA,7,Romanian,Yes,Yes,Yes,Production,Prod-21,NA,NA,NA,1,1,NA,cerrando la puerta,DP,Articles,Feminine,Singular,NA,NA,NA,L2L,7th/8th,Early,No,4,36,166,2026,1,0.5,NA,NA,0.0734802565839019,1.0939075625828658
H35,1,2,L2L 7th/8th,8,NA,130,NA,NA,NA,2,2,NA,7,Romanian,Yes,Yes,Yes,Production,Prod-23,NA,NA,NA,1,1,NA,está tocando los instrumentos,DP,Articles,Masculine,Plural,NA,NA,NA,L2L,7th/8th,Early,No,4,36,166,2026,1,0.5,NA,NA,0.0734802565839019,1.0939075625828658
H35,1,2,L2L 7th/8th,8,NA,130,NA,NA,NA,2,2,NA,7,Romanian,Yes,Yes,Yes,Production,Prod-25,NA,NA,NA,1,1,NA,poniendo la mascarilla,DP,Articles,Feminine,Plural,NA,NA,NA,L2L,7th/8th,Early,No,4,36,166,2026,1,0.5,NA,NA,0.0734802565839019,1.0939075625828658
H36,1,1,L2L 7th/8th,7,NA,155,NA,NA,NA,2,4,NA,3,L2 learner,L2,L2,L2,Production,Prod-03,NA,NA,NA,1,1,english verb,pop el globo,DP,Articles,Masculine,Singular,NA,NA,NA,L2L,7th/8th,Early,No,6,0,155,2023,1,0.3333333333333333,NA,NA,1.0308850269669882,0.7052653259813868
H36,1,1,L2L 7th/8th,7,NA,155,NA,NA,NA,2,4,NA,3,L2 learner,L2,L2,L2,Production,Prod-05,NA,NA,NA,1,1,NA,comer la pizza,DP,Articles,Feminine,Singular,NA,NA,NA,L2L,7th/8th,Early,No,6,0,155,2023,1,0.3333333333333333,NA,NA,1.0308850269669882,0.7052653259813868
H36,1,1,L2L 7th/8th,7,NA,155,NA,NA,NA,2,4,NA,3,L2 learner,L2,L2,L2,Production,Prod-11,NA,NA,NA,1,1,NA,limpiar el perro,DP,Articles,Masculine,Singular,NA,NA,NA,L2L,7th/8th,Early,No,6,0,155,2023,1,0.3333333333333333,NA,NA,1.0308850269669882,0.7052653259813868
H36,1,1,L2L 7th/8th,7,NA,155,NA,NA,NA,2,4,NA,3,L2 learner,L2,L2,L2,Production,Prod-13,NA,NA,NA,1,1,english verb,listen a la musica,DP,Articles,Feminine,Singular,NA,NA,NA,L2L,7th/8th,Early,No,6,0,155,2023,1,0.3333333333333333,NA,NA,1.0308850269669882,0.7052653259813868
H36,1,1,L2L 7th/8th,7,NA,155,NA,NA,NA,2,4,NA,3,L2 learner,L2,L2,L2,Production,Prod-17,NA,NA,NA,1,1,NA,comer las galletas,DP,Articles,Feminine,Plural,NA,NA,NA,L2L,7th/8th,Early,No,6,0,155,2023,1,0.3333333333333333,NA,NA,1.0308850269669882,0.7052653259813868
H36,1,1,L2L 7th/8th,7,NA,155,NA,NA,NA,2,4,NA,3,L2 learner,L2,L2,L2,Production,Prod-21,NA,NA,NA,1,1,NA,cerrar la puerta,DP,Articles,Feminine,Singular,NA,NA,NA,L2L,7th/8th,Early,No,6,0,155,2023,1,0.3333333333333333,NA,NA,1.0308850269669882,0.7052653259813868
H36,1,1,L2L 7th/8th,7,NA,155,NA,NA,NA,2,4,NA,3,L2 learner,L2,L2,L2,Production,Prod-23,NA,NA,NA,1,1,NA,cantar con los instrumentoss,DP,Articles,Masculine,Plural,NA,NA,NA,L2L,7th/8th,Early,No,6,0,155,2023,1,0.3333333333333333,NA,NA,1.0308850269669882,0.7052653259813868
H37,1,1,L2L 7th/8th,8,NA,174,NA,NA,NA,3,3,NA,3,L2 learner,L2,L2,L2,Production,Prod-17,NA,NA,NA,1,1,NA,comen las galletas,DP,Articles,Feminine,Plural,NA,NA,NA,L2L,7th/8th,Early,No,6,0,174,2023,1,0.5,NA,NA,1.7585126524581336,1.376556461929396
H37,1,1,L2L 7th/8th,8,NA,174,NA,NA,NA,3,3,NA,3,L2 learner,L2,L2,L2,Production,Prod-21,NA,NA,NA,1,1,NA,cierra la puerta,DP,Articles,Feminine,Singular,NA,NA,NA,L2L,7th/8th,Early,No,6,0,174,2023,1,0.5,NA,NA,1.7585126524581336,1.376556461929396
H37,1,1,L2L 7th/8th,8,NA,174,NA,NA,NA,3,3,NA,3,L2 learner,L2,L2,L2,Production,Prod-23,NA,NA,NA,1,1,NA,juegan los instrumentos,DP,Articles,Masculine,Plural,NA,NA,NA,L2L,7th/8th,Early,No,6,0,174,2023,1,0.5,NA,NA,1.7585126524581336,1.376556461929396
H38,1,1,HS 7th/8th,7,NA,159,NA,NA,NA,2,5,NA,8,Heritage Spanish,NA,NA,NA,Production,Prod-21,0,0,1,1,1,Clitic doubled,Lo cerra la puerta,DP,Articles,Feminine,Singular,NA,NA,NA,HS,7th/8th,Early,No,7,0,159,2023,1,0.2857142857142857,NA,NA,1.184069790228282,0.8465897756546519
H38,1,1,HS 7th/8th,7,NA,159,NA,NA,NA,2,5,NA,8,Heritage Spanish,NA,NA,NA,Production,Prod-23,NA,NA,NA,1,1,NA,está tocando los instrumentos,DP,Articles,Masculine,Plural,NA,NA,NA,HS,7th/8th,Early,No,7,0,159,2023,1,0.2857142857142857,NA,NA,1.184069790228282,0.8465897756546519
H38,1,1,HS 7th/8th,7,NA,159,NA,NA,NA,2,5,NA,8,Heritage Spanish,NA,NA,NA,Production,Prod-25,NA,NA,NA,1,1,NA,ponen las mascarillas,NA,Articles,Feminine,Plural,NA,NA,NA,HS,7th/8th,Early,No,7,0,159,2023,1,0.2857142857142857,NA,NA,1.184069790228282,0.8465897756546519
H39,1,1,L2L 7th/8th,7,NA,159,NA,NA,NA,4,3,NA,8,L2 learner,L2,L2,L2,Production,Prod-15,NA,NA,NA,1,1,NA,estan poniendo los libros,DP,Articles,Masculine,Plural,NA,NA,NA,L2L,7th/8th,Early,No,7,0,159,2023,1,0.5714285714285714,NA,NA,1.184069790228282,0.8465897756546519
H39,1,1,L2L 7th/8th,7,NA,159,NA,NA,NA,4,3,NA,8,L2 learner,L2,L2,L2,Production,Prod-21,NA,NA,NA,1,1,NA,cierran la puerta,DP,Articles,Feminine,Singular,NA,NA,NA,L2L,7th/8th,Early,No,7,0,159,2023,1,0.5714285714285714,NA,NA,1.184069790228282,0.8465897756546519
H39,1,1,L2L 7th/8th,7,NA,159,NA,NA,NA,4,3,NA,8,L2 learner,L2,L2,L2,Production,Prod-25,NA,NA,NA,1,1,NA,ponen las mascarillas,DP,Articles,Feminine,Plural,NA,NA,NA,L2L,7th/8th,Early,No,7,0,159,2023,1,0.5714285714285714,NA,NA,1.184069790228282,0.8465897756546519
H40,1,1,L2L 7th/8th,7,NA,155,NA,NA,NA,4,4,NA,8,Sinhala,Yes,Yes,Yes,Production,Prod-07,NA,NA,NA,1,1,NA,cuentan los numeros,DP,Articles,Masculine,Plural,NA,NA,NA,L2L,7th/8th,Early,No,8,0,155,2023,1,0.5,NA,NA,1.0308850269669882,0.7052653259813868
H40,1,1,L2L 7th/8th,7,NA,155,NA,NA,NA,4,4,NA,8,Sinhala,Yes,Yes,Yes,Production,Prod-11,NA,NA,NA,1,1,NA,Bañan el perro,DP,Articles,Masculine,Singular,NA,NA,NA,L2L,7th/8th,Early,No,8,0,155,2023,1,0.5,NA,NA,1.0308850269669882,0.7052653259813868
H41,1,1,L2L 4th/5th,5,NA,139,NA,NA,NA,2,1,NA,7,L2 learner,L2,L2,L2,Production,Prod-09,NA,NA,NA,1,1,NA,poner las chaquetas,DP,Articles,Feminine,Plural,NA,NA,NA,L2L,4th/5th,Early,No,3,0,139,2023,1,0.6666666666666666,NA,NA,0.41814597392181296,0.13996752728832632
H41,1,1,L2L 4th/5th,5,NA,139,NA,NA,NA,2,1,NA,7,L2 learner,L2,L2,L2,Production,Prod-11,NA,NA,NA,1,1,NA,laven el perro,DP,Articles,Masculine,Singular,NA,NA,NA,L2L,4th/5th,Early,No,3,0,139,2023,1,0.6666666666666666,NA,NA,0.41814597392181296,0.13996752728832632
H41,1,1,L2L 4th/5th,5,NA,139,NA,NA,NA,2,1,NA,7,L2 learner,L2,L2,L2,Production,Prod-15,NA,NA,NA,1,1,NA,se ponen los libros enla mesa,DP,Articles,Masculine,Plural,NA,NA,NA,L2L,4th/5th,Early,No,3,0,139,2023,1,0.6666666666666666,NA,NA,0.41814597392181296,0.13996752728832632
H41,1,1,L2L 4th/5th,5,NA,139,NA,NA,NA,2,1,NA,7,L2 learner,L2,L2,L2,Production,Prod-21,NA,NA,NA,1,1,NA,cierran la puerta,DP,Articles,Feminine,Singular,NA,NA,NA,L2L,4th/5th,Early,No,3,0,139,2023,1,0.6666666666666666,NA,NA,0.41814597392181296,0.13996752728832632
H41,1,2,L2L 7th/8th,8,NA,139,NA,NA,NA,2,1,NA,7,L2 learner,L2,L2,L2,Production,Prod-05,NA,NA,NA,1,1,NA,comen la pizza,DP,Articles,Feminine,Singular,NA,NA,NA,L2L,7th/8th,Early,No,3,36,175,2026,1,0.6666666666666666,NA,NA,0.41814597392181296,1.4118875743477124
H41,1,2,L2L 7th/8th,8,NA,139,NA,NA,NA,2,1,NA,7,L2 learner,L2,L2,L2,Production,Prod-07,NA,NA,NA,1,1,NA,cuentan los números,DP,Articles,Masculine,Plural,NA,NA,NA,L2L,7th/8th,Early,No,3,36,175,2026,1,0.6666666666666666,NA,NA,0.41814597392181296,1.4118875743477124
H41,1,2,L2L 7th/8th,8,NA,139,NA,NA,NA,2,1,NA,7,L2 learner,L2,L2,L2,Production,Prod-09,NA,NA,NA,1,1,NA,se pone la chaqueta,DP,Articles,Feminine,Plural,NA,NA,NA,L2L,7th/8th,Early,No,3,36,175,2026,1,0.6666666666666666,NA,NA,0.41814597392181296,1.4118875743477124
H41,1,2,L2L 7th/8th,8,NA,139,NA,NA,NA,2,1,NA,7,L2 learner,L2,L2,L2,Production,Prod-11,NA,NA,NA,1,1,NA,lavan el perro,DP,Articles,Masculine,Singular,NA,NA,NA,L2L,7th/8th,Early,No,3,36,175,2026,1,0.6666666666666666,NA,NA,0.41814597392181296,1.4118875743477124
H41,1,2,L2L 7th/8th,8,NA,139,NA,NA,NA,2,1,NA,7,L2 learner,L2,L2,L2,Production,Prod-13,NA,NA,NA,1,1,NA,escuchan la música,DP,Articles,Feminine,Singular,NA,NA,NA,L2L,7th/8th,Early,No,3,36,175,2026,1,0.6666666666666666,NA,NA,0.41814597392181296,1.4118875743477124
H41,1,2,L2L 7th/8th,8,NA,139,NA,NA,NA,2,1,NA,7,L2 learner,L2,L2,L2,Production,Prod-15,NA,NA,NA,1,1,NA,se ponen los libros en la mesa,DP,Articles,Masculine,Plural,NA,NA,NA,L2L,7th/8th,Early,No,3,36,175,2026,1,0.6666666666666666,NA,NA,0.41814597392181296,1.4118875743477124
H41,1,2,L2L 7th/8th,8,NA,139,NA,NA,NA,2,1,NA,7,L2 learner,L2,L2,L2,Production,Prod-17,NA,NA,NA,1,1,NA,comen las galletas,NA,Articles,Feminine,Plural,NA,NA,NA,L2L,7th/8th,Early,No,3,36,175,2026,1,0.6666666666666666,NA,NA,0.41814597392181296,1.4118875743477124
H41,1,2,L2L 7th/8th,8,NA,139,NA,NA,NA,2,1,NA,7,L2 learner,L2,L2,L2,Production,Prod-19,NA,NA,NA,1,1,NA,comen el pescado,DP,Articles,Masculine,Singular,NA,NA,NA,L2L,7th/8th,Early,No,3,36,175,2026,1,0.6666666666666666,NA,NA,0.41814597392181296,1.4118875743477124
H41,1,2,L2L 7th/8th,8,NA,139,NA,NA,NA,2,1,NA,7,L2 learner,L2,L2,L2,Production,Prod-21,NA,NA,NA,1,1,NA,cierran la puerta,DP,Articles,Feminine,Singular,NA,NA,NA,L2L,7th/8th,Early,No,3,36,175,2026,1,0.6666666666666666,NA,NA,0.41814597392181296,1.4118875743477124
H41,1,2,L2L 7th/8th,8,NA,139,NA,NA,NA,2,1,NA,7,L2 learner,L2,L2,L2,Production,Prod-23,NA,NA,NA,1,1,NA,tocan los instrumentos,DP,Articles,Masculine,Plural,NA,NA,NA,L2L,7th/8th,Early,No,3,36,175,2026,1,0.6666666666666666,NA,NA,0.41814597392181296,1.4118875743477124
H41,1,2,L2L 7th/8th,8,NA,139,NA,NA,NA,2,1,NA,7,L2 learner,L2,L2,L2,Production,Prod-25,NA,NA,NA,1,1,NA,ponen las mascarillas,NA,Articles,Feminine,Plural,NA,NA,NA,L2L,7th/8th,Early,No,3,36,175,2026,1,0.6666666666666666,NA,NA,0.41814597392181296,1.4118875743477124
H42,1,1,L2L 4th/5th,5,NA,132,NA,NA,NA,2,5,NA,3,Mandarin,Yes,No,No,Production,Prod-03,NA,NA,NA,1,1,NA,se pop el globo,DP,Articles,Masculine,Singular,NA,NA,NA,L2L,4th/5th,Early,No,7,0,132,2023,1,0.2857142857142857,NA,NA,0.1500726382145488,-0.10735025963988762
H42,1,1,L2L 4th/5th,5,NA,132,NA,NA,NA,2,5,NA,3,Mandarin,Yes,No,No,Production,Prod-05,NA,NA,NA,1,1,NA,se cortar la pizza,DP,Articles,Feminine,Singular,NA,NA,NA,L2L,4th/5th,Early,No,7,0,132,2023,1,0.2857142857142857,NA,NA,0.1500726382145488,-0.10735025963988762
H42,1,1,L2L 4th/5th,5,NA,132,NA,NA,NA,2,5,NA,3,Mandarin,Yes,No,No,Production,Prod-07,NA,NA,NA,1,1,NA,estan diciendo. los numeros,DP,Articles,Masculine,Plural,NA,NA,NA,L2L,4th/5th,Early,No,7,0,132,2023,1,0.2857142857142857,NA,NA,0.1500726382145488,-0.10735025963988762
H42,1,1,L2L 4th/5th,5,NA,132,NA,NA,NA,2,5,NA,3,Mandarin,Yes,No,No,Production,Prod-09,NA,NA,NA,1,1,NA,las niñas se quitan sus chaquetas,DP,Articles,Feminine,Plural,NA,NA,NA,L2L,4th/5th,Early,No,7,0,132,2023,1,0.2857142857142857,NA,NA,0.1500726382145488,-0.10735025963988762
H42,1,1,L2L 4th/5th,5,NA,132,NA,NA,NA,2,5,NA,3,Mandarin,Yes,No,No,Production,Prod-11,NA,NA,NA,1,1,NA,los niños son bañando el perro,DP,Articles,Masculine,Singular,NA,NA,NA,L2L,4th/5th,Early,No,7,0,132,2023,1,0.2857142857142857,NA,NA,0.1500726382145488,-0.10735025963988762
H42,1,1,L2L 4th/5th,5,NA,132,NA,NA,NA,2,5,NA,3,Mandarin,Yes,No,No,Production,Prod-13,NA,NA,NA,1,1,NA,los niños son oyendo la musica,DP,Articles,Feminine,Singular,NA,NA,NA,L2L,4th/5th,Early,No,7,0,132,2023,1,0.2857142857142857,NA,NA,0.1500726382145488,-0.10735025963988762
H42,1,1,L2L 4th/5th,5,NA,132,NA,NA,NA,2,5,NA,3,Mandarin,Yes,No,No,Production,Prod-15,NA,NA,NA,1,1,NA,se. ponen los libros en la mesa,DP,Articles,Masculine,Plural,NA,NA,NA,L2L,4th/5th,Early,No,7,0,132,2023,1,0.2857142857142857,NA,NA,0.1500726382145488,-0.10735025963988762
H42,1,1,L2L 4th/5th,5,NA,132,NA,NA,NA,2,5,NA,3,Mandarin,Yes,No,No,Production,Prod-17,NA,NA,NA,1,1,NA,son comiendo las galletas,DP,Articles,Feminine,Plural,NA,NA,NA,L2L,4th/5th,Early,No,7,0,132,2023,1,0.2857142857142857,NA,NA,0.1500726382145488,-0.10735025963988762
H42,1,1,L2L 4th/5th,5,NA,132,NA,NA,NA,2,5,NA,3,Mandarin,Yes,No,No,Production,Prod-21,NA,NA,NA,1,1,NA,los. niños cerran la puerta,DP,Articles,Feminine,Singular,NA,NA,NA,L2L,4th/5th,Early,No,7,0,132,2023,1,0.2857142857142857,NA,NA,0.1500726382145488,-0.10735025963988762
H42,1,1,L2L 4th/5th,5,NA,132,NA,NA,NA,2,5,NA,3,Mandarin,Yes,No,No,Production,Prod-23,NA,NA,NA,1,1,NA,son tocando los instrumentos,DP,Articles,Masculine,Plural,NA,NA,NA,L2L,4th/5th,Early,No,7,0,132,2023,1,0.2857142857142857,NA,NA,0.1500726382145488,-0.10735025963988762
H42,1,2,L2L 7th/8th,8,NA,132,NA,NA,NA,2,5,NA,3,Mandarin,Yes,No,No,Production,Prod-03,NA,NA,NA,1,1,NA,los niño están rompiendo el globo,DP,Articles,Masculine,Singular,NA,NA,NA,L2L,7th/8th,Early,No,7,36,168,2026,1,0.2857142857142857,NA,NA,0.1500726382145488,1.1645697874194985
H42,1,2,L2L 7th/8th,8,NA,132,NA,NA,NA,2,5,NA,3,Mandarin,Yes,No,No,Production,Prod-05,NA,NA,NA,1,1,NA,comiendo la pizza,DP,Articles,Feminine,Singular,NA,NA,NA,L2L,7th/8th,Early,No,7,36,168,2026,1,0.2857142857142857,NA,NA,0.1500726382145488,1.1645697874194985
H42,1,2,L2L 7th/8th,8,NA,132,NA,NA,NA,2,5,NA,3,Mandarin,Yes,No,No,Production,Prod-07,NA,NA,NA,1,1,NA,contando y diciendo los números,DP,Articles,Masculine,Plural,NA,NA,NA,L2L,7th/8th,Early,No,7,36,168,2026,1,0.2857142857142857,NA,NA,0.1500726382145488,1.1645697874194985
H42,1,2,L2L 7th/8th,8,NA,132,NA,NA,NA,2,5,NA,3,Mandarin,Yes,No,No,Production,Prod-11,NA,NA,NA,1,1,NA,lavando el perro,DP,Articles,Masculine,Singular,NA,NA,NA,L2L,7th/8th,Early,No,7,36,168,2026,1,0.2857142857142857,NA,NA,0.1500726382145488,1.1645697874194985
H42,1,2,L2L 7th/8th,8,NA,132,NA,NA,NA,2,5,NA,3,Mandarin,Yes,No,No,Production,Prod-13,NA,NA,NA,1,1,NA,escuchando a la música,DP,Articles,Feminine,Singular,NA,NA,NA,L2L,7th/8th,Early,No,7,36,168,2026,1,0.2857142857142857,NA,NA,0.1500726382145488,1.1645697874194985
H42,1,2,L2L 7th/8th,8,NA,132,NA,NA,NA,2,5,NA,3,Mandarin,Yes,No,No,Production,Prod-15,NA,NA,NA,1,1,NA,poniendo los libros en la mesa,DP,Articles,Masculine,Plural,NA,NA,NA,L2L,7th/8th,Early,No,7,36,168,2026,1,0.2857142857142857,NA,NA,0.1500726382145488,1.1645697874194985
H42,1,2,L2L 7th/8th,8,NA,132,NA,NA,NA,2,5,NA,3,Mandarin,Yes,No,No,Production,Prod-17,NA,NA,NA,0,1,NA,están comiendo los galletas,Gender,Articles,Feminine,Plural,NA,NA,NA,L2L,7th/8th,Early,No,7,36,168,2026,0,0.2857142857142857,NA,NA,0.1500726382145488,1.1645697874194985
H42,1,2,L2L 7th/8th,8,NA,132,NA,NA,NA,2,5,NA,3,Mandarin,Yes,No,No,Production,Prod-19,NA,NA,NA,1,1,NA,cocinando el pescado,DP,Articles,Masculine,Singular,NA,NA,NA,L2L,7th/8th,Early,No,7,36,168,2026,1,0.2857142857142857,NA,NA,0.1500726382145488,1.1645697874194985
H42,1,2,L2L 7th/8th,8,NA,132,NA,NA,NA,2,5,NA,3,Mandarin,Yes,No,No,Production,Prod-21,NA,NA,NA,1,1,NA,cierran la puerta,DP,Articles,Feminine,Singular,NA,NA,NA,L2L,7th/8th,Early,No,7,36,168,2026,1,0.2857142857142857,NA,NA,0.1500726382145488,1.1645697874194985
H42,1,2,L2L 7th/8th,8,NA,132,NA,NA,NA,2,5,NA,3,Mandarin,Yes,No,No,Production,Prod-23,NA,NA,NA,1,1,NA,están tocando los instrumentos,DP,Articles,Masculine,Plural,NA,NA,NA,L2L,7th/8th,Early,No,7,36,168,2026,1,0.2857142857142857,NA,NA,0.1500726382145488,1.1645697874194985
H42,1,2,L2L 7th/8th,8,NA,132,NA,NA,NA,2,5,NA,3,Mandarin,Yes,No,No,Production,Prod-25,NA,NA,NA,1,1,NA,pongan las mascarillas en su cara,DP,Articles,Feminine,Plural,NA,NA,NA,L2L,7th/8th,Early,No,7,36,168,2026,1,0.2857142857142857,NA,NA,0.1500726382145488,1.1645697874194985
H43,1,1,L2L 4th/5th,5,NA,136,NA,NA,NA,3,4,NA,8,L2 learner,L2,L2,L2,Production,Prod-05,NA,NA,NA,1,1,NA,come la pizza,DP,Articles,Feminine,Singular,NA,NA,NA,L2L,4th/5th,Early,No,7,0,136,2023,1,0.42857142857142855,NA,NA,0.3032574014758426,0.0339741900333775
H43,1,1,L2L 4th/5th,5,NA,136,NA,NA,NA,3,4,NA,8,L2 learner,L2,L2,L2,Production,Prod-07,NA,NA,NA,1,1,NA,contar los numeros,DP,Articles,Masculine,Plural,NA,NA,NA,L2L,4th/5th,Early,No,7,0,136,2023,1,0.42857142857142855,NA,NA,0.3032574014758426,0.0339741900333775
H43,1,1,L2L 4th/5th,5,NA,136,NA,NA,NA,3,4,NA,8,L2 learner,L2,L2,L2,Production,Prod-11,NA,NA,NA,1,1,Extra DOM,se bañan a la perra,NA,Articles,Masculine,Singular,NA,NA,NA,L2L,4th/5th,Early,No,7,0,136,2023,1,0.42857142857142855,NA,NA,0.3032574014758426,0.0339741900333775
H43,1,1,L2L 4th/5th,5,NA,136,NA,NA,NA,3,4,NA,8,L2 learner,L2,L2,L2,Production,Prod-13,NA,NA,NA,1,1,NA,escucha la musica,DP,Articles,Feminine,Singular,NA,NA,NA,L2L,4th/5th,Early,No,7,0,136,2023,1,0.42857142857142855,NA,NA,0.3032574014758426,0.0339741900333775
H43,1,1,L2L 4th/5th,5,NA,136,NA,NA,NA,3,4,NA,8,L2 learner,L2,L2,L2,Production,Prod-17,NA,NA,NA,1,1,NA,comen las galletas,DP,Articles,Feminine,Plural,NA,NA,NA,L2L,4th/5th,Early,No,7,0,136,2023,1,0.42857142857142855,NA,NA,0.3032574014758426,0.0339741900333775
H43,1,1,L2L 4th/5th,5,NA,136,NA,NA,NA,3,4,NA,8,L2 learner,L2,L2,L2,Production,Prod-21,NA,NA,NA,1,1,NA,cierra la puerta,DP,Articles,Feminine,Singular,NA,NA,NA,L2L,4th/5th,Early,No,7,0,136,2023,1,0.42857142857142855,NA,NA,0.3032574014758426,0.0339741900333775
H43,1,1,L2L 4th/5th,5,NA,136,NA,NA,NA,3,4,NA,8,L2 learner,L2,L2,L2,Production,Prod-25,NA,NA,NA,1,1,NA,puse las mascarillas,DP,Articles,Feminine,Plural,NA,NA,NA,L2L,4th/5th,Early,No,7,0,136,2023,1,0.42857142857142855,NA,NA,0.3032574014758426,0.0339741900333775
H43,1,2,L2L 7th/8th,8,NA,136,NA,NA,NA,3,4,NA,8,L2 learner,L2,L2,L2,Production,Prod-03,NA,NA,NA,1,1,NA,destruyendo el globo,DP,Articles,Masculine,Singular,NA,NA,NA,L2L,7th/8th,Early,No,7,36,172,2026,1,0.42857142857142855,NA,NA,0.3032574014758426,1.3058942370927635
H43,1,2,L2L 7th/8th,8,NA,136,NA,NA,NA,3,4,NA,8,L2 learner,L2,L2,L2,Production,Prod-05,NA,NA,NA,1,1,NA,comiendo la pizza,DP,Articles,Feminine,Singular,NA,NA,NA,L2L,7th/8th,Early,No,7,36,172,2026,1,0.42857142857142855,NA,NA,0.3032574014758426,1.3058942370927635
H43,1,2,L2L 7th/8th,8,NA,136,NA,NA,NA,3,4,NA,8,L2 learner,L2,L2,L2,Production,Prod-07,NA,NA,NA,1,1,NA,contando los números,DP,Articles,Masculine,Plural,NA,NA,NA,L2L,7th/8th,Early,No,7,36,172,2026,1,0.42857142857142855,NA,NA,0.3032574014758426,1.3058942370927635
H43,1,2,L2L 7th/8th,8,NA,136,NA,NA,NA,3,4,NA,8,L2 learner,L2,L2,L2,Production,Prod-11,NA,NA,NA,1,1,NA,bañando el perro,DP,Articles,Masculine,Singular,NA,NA,NA,L2L,7th/8th,Early,No,7,36,172,2026,1,0.42857142857142855,NA,NA,0.3032574014758426,1.3058942370927635
H43,1,2,L2L 7th/8th,8,NA,136,NA,NA,NA,3,4,NA,8,L2 learner,L2,L2,L2,Production,Prod-15,NA,NA,NA,1,1,NA,poniendo los libros,DP,Articles,Masculine,Plural,NA,NA,NA,L2L,7th/8th,Early,No,7,36,172,2026,1,0.42857142857142855,NA,NA,0.3032574014758426,1.3058942370927635
H43,1,2,L2L 7th/8th,8,NA,136,NA,NA,NA,3,4,NA,8,L2 learner,L2,L2,L2,Production,Prod-17,NA,NA,NA,1,1,NA,comiendo las galletas,DP,Articles,Feminine,Plural,NA,NA,NA,L2L,7th/8th,Early,No,7,36,172,2026,1,0.42857142857142855,NA,NA,0.3032574014758426,1.3058942370927635
H43,1,2,L2L 7th/8th,8,NA,136,NA,NA,NA,3,4,NA,8,L2 learner,L2,L2,L2,Production,Prod-19,NA,NA,NA,1,1,NA,cocinando el pez,DP,Articles,Masculine,Singular,NA,NA,NA,L2L,7th/8th,Early,No,7,36,172,2026,1,0.42857142857142855,NA,NA,0.3032574014758426,1.3058942370927635
H43,1,2,L2L 7th/8th,8,NA,136,NA,NA,NA,3,4,NA,8,L2 learner,L2,L2,L2,Production,Prod-21,NA,NA,NA,1,1,NA,cerrando la puerta,DP,Articles,Feminine,Singular,NA,NA,NA,L2L,7th/8th,Early,No,7,36,172,2026,1,0.42857142857142855,NA,NA,0.3032574014758426,1.3058942370927635
H43,1,2,L2L 7th/8th,8,NA,136,NA,NA,NA,3,4,NA,8,L2 learner,L2,L2,L2,Production,Prod-23,NA,NA,NA,1,1,NA,tocando los instrumentos,DP,Articles,Masculine,Plural,NA,NA,NA,L2L,7th/8th,Early,No,7,36,172,2026,1,0.42857142857142855,NA,NA,0.3032574014758426,1.3058942370927635
H43,1,2,L2L 7th/8th,8,NA,136,NA,NA,NA,3,4,NA,8,L2 learner,L2,L2,L2,Production,Prod-25,NA,NA,NA,0,1,NA,poniendo los mascarillas,Gender,Articles,Feminine,Plural,NA,NA,NA,L2L,7th/8th,Early,No,7,36,172,2026,0,0.42857142857142855,NA,NA,0.3032574014758426,1.3058942370927635
H44,1,1,HS 4th/5th,5,NA,137,NA,NA,NA,2,6,NA,4,Heritage Spanish,NA,NA,NA,Production,Prod-07,NA,NA,NA,1,1,NA,habla los numeros,DP,Articles,Masculine,Plural,NA,NA,NA,HS,4th/5th,Early,No,8,0,137,2023,1,0.25,NA,NA,0.34155359229116605,0.06930530245169376
H44,1,1,HS 4th/5th,5,NA,137,NA,NA,NA,2,6,NA,4,Heritage Spanish,NA,NA,NA,Production,Prod-13,NA,NA,NA,1,1,NA,atencion para la musica,DP,Articles,Feminine,Singular,NA,NA,NA,HS,4th/5th,Early,No,8,0,137,2023,1,0.25,NA,NA,0.34155359229116605,0.06930530245169376
H44,1,1,HS 4th/5th,5,NA,137,NA,NA,NA,2,6,NA,4,Heritage Spanish,NA,NA,NA,Production,Prod-15,NA,NA,NA,1,1,NA,putting los libros,DP,Articles,Masculine,Plural,NA,NA,NA,HS,4th/5th,Early,No,8,0,137,2023,1,0.25,NA,NA,0.34155359229116605,0.06930530245169376
H44,1,1,HS 4th/5th,5,NA,137,NA,NA,NA,2,6,NA,4,Heritage Spanish,NA,NA,NA,Production,Prod-23,NA,NA,NA,0,1,NA,tocar las instrumentos,DP,Articles,Masculine,Plural,NA,NA,NA,HS,4th/5th,Early,No,8,0,137,2023,0,0.25,NA,NA,0.34155359229116605,0.06930530245169376
H46,1,1,HS 4th/5th,5,NA,146,NA,NA,NA,2,3,NA,6,Heritage Spanish,NA,NA,NA,Production,Prod-05,NA,NA,NA,1,1,NA,comer la. pizza,DP,Articles,Feminine,Singular,NA,NA,NA,HS,4th/5th,Early,No,5,0,146,2023,1,0.4,NA,NA,0.6862193096290771,0.3872853142165403
H46,1,1,HS 4th/5th,5,NA,146,NA,NA,NA,2,3,NA,6,Heritage Spanish,NA,NA,NA,Production,Prod-11,NA,NA,NA,1,1,NA,washing el perro,DP,Articles,Masculine,Singular,NA,NA,NA,HS,4th/5th,Early,No,5,0,146,2023,1,0.4,NA,NA,0.6862193096290771,0.3872853142165403
H46,1,1,HS 4th/5th,5,NA,146,NA,NA,NA,2,3,NA,6,Heritage Spanish,NA,NA,NA,Production,Prod-17,NA,NA,NA,1,1,NA,comer las galletas,DP,Articles,Feminine,Plural,NA,NA,NA,HS,4th/5th,Early,No,5,0,146,2023,1,0.4,NA,NA,0.6862193096290771,0.3872853142165403
H46,1,1,HS 4th/5th,5,NA,146,NA,NA,NA,2,3,NA,6,Heritage Spanish,NA,NA,NA,Production,Prod-19,NA,NA,NA,0,1,NA,cooking la pescado,DP,Articles,Masculine,Singular,NA,NA,NA,HS,4th/5th,Early,No,5,0,146,2023,0,0.4,NA,NA,0.6862193096290771,0.3872853142165403
H46,1,2,HS 7th/8th,8,NA,146,NA,NA,NA,2,3,NA,6,Heritage Spanish,NA,NA,NA,Production,Prod-03,NA,NA,NA,1,1,NA,romper el globo,DP,Articles,Masculine,Singular,NA,NA,NA,HS,7th/8th,Early,No,5,36,182,2026,1,0.4,NA,NA,0.6862193096290771,1.6592053612759263
H46,1,2,HS 7th/8th,8,NA,146,NA,NA,NA,2,3,NA,6,Heritage Spanish,NA,NA,NA,Production,Prod-05,NA,NA,NA,1,1,NA,comen la pizza,DP,Articles,Feminine,Singular,NA,NA,NA,HS,7th/8th,Early,No,5,36,182,2026,1,0.4,NA,NA,0.6862193096290771,1.6592053612759263
H46,1,2,HS 7th/8th,8,NA,146,NA,NA,NA,2,3,NA,6,Heritage Spanish,NA,NA,NA,Production,Prod-07,NA,NA,NA,1,1,NA,contaban los números,DP,Articles,Masculine,Plural,NA,NA,NA,HS,7th/8th,Early,No,5,36,182,2026,1,0.4,NA,NA,0.6862193096290771,1.6592053612759263
H46,1,2,HS 7th/8th,8,NA,146,NA,NA,NA,2,3,NA,6,Heritage Spanish,NA,NA,NA,Production,Prod-09,NA,NA,NA,1,1,NA,poniendo sus chaquetas,Possessive,Articles,Feminine,Plural,NA,NA,NA,HS,7th/8th,Early,No,5,36,182,2026,1,0.4,NA,NA,0.6862193096290771,1.6592053612759263
H46,1,2,HS 7th/8th,8,NA,146,NA,NA,NA,2,3,NA,6,Heritage Spanish,NA,NA,NA,Production,Prod-11,NA,NA,NA,1,1,NA,lavando el perro,DP,Articles,Masculine,Singular,NA,NA,NA,HS,7th/8th,Early,No,5,36,182,2026,1,0.4,NA,NA,0.6862193096290771,1.6592053612759263
H46,1,2,HS 7th/8th,8,NA,146,NA,NA,NA,2,3,NA,6,Heritage Spanish,NA,NA,NA,Production,Prod-13,NA,NA,NA,1,1,NA,escuchando a la música,DP,Articles,Feminine,Singular,NA,NA,NA,HS,7th/8th,Early,No,5,36,182,2026,1,0.4,NA,NA,0.6862193096290771,1.6592053612759263
H46,1,2,HS 7th/8th,8,NA,146,NA,NA,NA,2,3,NA,6,Heritage Spanish,NA,NA,NA,Production,Prod-15,NA,NA,NA,1,1,NA,poniendo los libros en una mesa,DP,Articles,Masculine,Plural,NA,NA,NA,HS,7th/8th,Early,No,5,36,182,2026,1,0.4,NA,NA,0.6862193096290771,1.6592053612759263
H46,1,2,HS 7th/8th,8,NA,146,NA,NA,NA,2,3,NA,6,Heritage Spanish,NA,NA,NA,Production,Prod-17,NA,NA,NA,0,1,NA,comen los diferentes galletas,Gender,Articles,Feminine,Plural,NA,NA,NA,HS,7th/8th,Early,No,5,36,182,2026,0,0.4,NA,NA,0.6862193096290771,1.6592053612759263
H46,1,2,HS 7th/8th,8,NA,146,NA,NA,NA,2,3,NA,6,Heritage Spanish,NA,NA,NA,Production,Prod-19,NA,NA,NA,1,1,NA,cocinan el pescado,DP,Articles,Masculine,Singular,NA,NA,NA,HS,7th/8th,Early,No,5,36,182,2026,1,0.4,NA,NA,0.6862193096290771,1.6592053612759263
H46,1,2,HS 7th/8th,8,NA,146,NA,NA,NA,2,3,NA,6,Heritage Spanish,NA,NA,NA,Production,Prod-21,NA,NA,NA,1,1,NA,cerraban la puerta,DP,Articles,Feminine,Singular,NA,NA,NA,HS,7th/8th,Early,No,5,36,182,2026,1,0.4,NA,NA,0.6862193096290771,1.6592053612759263
H46,1,2,HS 7th/8th,8,NA,146,NA,NA,NA,2,3,NA,6,Heritage Spanish,NA,NA,NA,Production,Prod-23,NA,NA,NA,1,1,NA,tocaban los instrumentos,DP,Articles,Masculine,Plural,NA,NA,NA,HS,7th/8th,Early,No,5,36,182,2026,1,0.4,NA,NA,0.6862193096290771,1.6592053612759263
H46,1,2,HS 7th/8th,8,NA,146,NA,NA,NA,2,3,NA,6,Heritage Spanish,NA,NA,NA,Production,Prod-25,NA,NA,NA,1,1,NA,poniendo la mascarilla,DP,Articles,Feminine,Plural,NA,NA,NA,HS,7th/8th,Early,No,5,36,182,2026,1,0.4,NA,NA,0.6862193096290771,1.6592053612759263
H47,1,1,HS 2nd,2,8,99,NA,NA,NA,2,6,NA,8,Heritage Spanish,NA,NA,NA,Production,Prod-05,NA,NA,NA,0,1,NA,estan comiendo el. pizza,DP,Articles,Feminine,Singular,NA,NA,NA,HS,2nd,Early,No,8,0,99,2023,0,0.25,NA,NA,-1.113701658691125,-1.2732769694443247
H47,1,1,HS 2nd,2,8,99,NA,NA,NA,2,6,NA,8,Heritage Spanish,NA,NA,NA,Production,Prod-11,NA,NA,NA,1,1,english verb,esta showering el perro,DP,Articles,Masculine,Singular,NA,NA,NA,HS,2nd,Early,No,8,0,99,2023,1,0.25,NA,NA,-1.113701658691125,-1.2732769694443247
H47,1,2,HS 4th/5th,5,8,99,NA,NA,NA,2,6,NA,8,Heritage Spanish,NA,NA,NA,Production,Prod-13,NA,NA,NA,1,1,NA,están escuchando la música,DP,Articles,Feminine,Singular,NA,NA,NA,HS,4th/5th,Early,No,8,36,135,2026,1,0.25,NA,NA,-1.113701658691125,-0.001356922384938782
H47,1,2,HS 4th/5th,5,8,99,NA,NA,NA,2,6,NA,8,Heritage Spanish,NA,NA,NA,Production,Prod-15,NA,NA,NA,1,1,NA,están poniendo la mesa,DP,Articles,Masculine,Plural,NA,NA,NA,HS,4th/5th,Early,No,8,36,135,2026,1,0.25,NA,NA,-1.113701658691125,-0.001356922384938782
H47,1,2,HS 4th/5th,5,8,99,NA,NA,NA,2,6,NA,8,Heritage Spanish,NA,NA,NA,Production,Prod-19,NA,NA,NA,1,1,NA,están cocinando el pez,DP,Articles,Masculine,Singular,NA,NA,NA,HS,4th/5th,Early,No,8,36,135,2026,1,0.25,NA,NA,-1.113701658691125,-0.001356922384938782
H48,1,1,HS 2nd,2,8,100,NA,NA,NA,1,4,NA,8,Heritage Spanish,NA,NA,NA,Production,Prod-07,NA,NA,NA,1,1,NA,estan contando losnumeros,DP,Articles,Masculine,Plural,NA,NA,NA,HS,2nd,Early,No,5,0,100,2023,1,0.2,NA,NA,-1.0754054678758016,-1.2379458570260085
H48,1,1,HS 2nd,2,8,100,NA,NA,NA,1,4,NA,8,Heritage Spanish,NA,NA,NA,Production,Prod-11,NA,NA,NA,1,1,NA,lavan el perro,DP,Articles,Masculine,Singular,NA,NA,NA,HS,2nd,Early,No,5,0,100,2023,1,0.2,NA,NA,-1.0754054678758016,-1.2379458570260085
H48,1,1,HS 2nd,2,8,100,NA,NA,NA,1,4,NA,8,Heritage Spanish,NA,NA,NA,Production,Prod-13,NA,NA,NA,1,1,NA,oyen la musica,DP,Articles,Feminine,Singular,NA,NA,NA,HS,2nd,Early,No,5,0,100,2023,1,0.2,NA,NA,-1.0754054678758016,-1.2379458570260085
H49,1,1,L2L 2nd,2,8,89,NA,NA,NA,4,5,NA,6,L2 learner,L2,L2,L2,Production,Prod-21,NA,NA,NA,1,1,english verb,close la puerta,English,Articles,Feminine,Singular,NA,NA,NA,L2L,2nd,Early,No,9,0,89,2023,1,0.4444444444444444,NA,NA,-1.4966635668443595,-1.6265880936274875
H49,1,2,L2L 4th/5th,5,8,89,NA,NA,NA,4,5,NA,6,L2 learner,L2,L2,L2,Production,Prod-05,NA,NA,NA,1,1,NA,comiendo la pizza,DP,Articles,Feminine,Singular,NA,NA,NA,L2L,4th/5th,Early,No,9,36,125,2026,1,0.4444444444444444,NA,NA,-1.4966635668443595,-0.3546680465681015
H49,1,2,L2L 4th/5th,5,8,89,NA,NA,NA,4,5,NA,6,L2 learner,L2,L2,L2,Production,Prod-07,NA,NA,NA,0,1,NA,diciendo las números,Gender,Articles,Masculine,Plural,NA,NA,NA,L2L,4th/5th,Early,No,9,36,125,2026,0,0.4444444444444444,NA,NA,-1.4966635668443595,-0.3546680465681015
H49,1,2,L2L 4th/5th,5,8,89,NA,NA,NA,4,5,NA,6,L2 learner,L2,L2,L2,Production,Prod-11,NA,NA,NA,0,1,NA,limpiando la perro,Gender,Articles,Masculine,Singular,NA,NA,NA,L2L,4th/5th,Early,No,9,36,125,2026,0,0.4444444444444444,NA,NA,-1.4966635668443595,-0.3546680465681015
H49,1,2,L2L 4th/5th,5,8,89,NA,NA,NA,4,5,NA,6,L2 learner,L2,L2,L2,Production,Prod-15,NA,NA,NA,1,1,NA,poniendo los libros en un mesa,DP,Articles,Masculine,Plural,NA,NA,NA,L2L,4th/5th,Early,No,9,36,125,2026,1,0.4444444444444444,NA,NA,-1.4966635668443595,-0.3546680465681015
H49,1,2,L2L 4th/5th,5,8,89,NA,NA,NA,4,5,NA,6,L2 learner,L2,L2,L2,Production,Prod-17,NA,NA,NA,1,1,NA,comiendo las galletas,NA,Articles,Feminine,Plural,NA,NA,NA,L2L,4th/5th,Early,No,9,36,125,2026,1,0.4444444444444444,NA,NA,-1.4966635668443595,-0.3546680465681015
H49,1,2,L2L 4th/5th,5,8,89,NA,NA,NA,4,5,NA,6,L2 learner,L2,L2,L2,Production,Prod-23,NA,NA,NA,1,1,NA,se usar los instrumentos,NA,Articles,Masculine,Plural,NA,NA,NA,L2L,4th/5th,Early,No,9,36,125,2026,1,0.4444444444444444,NA,NA,-1.4966635668443595,-0.3546680465681015
H49,1,2,L2L 4th/5th,5,8,89,NA,NA,NA,4,5,NA,6,L2 learner,L2,L2,L2,Production,Prod-25,NA,NA,NA,1,1,NA,poner las mascarillas,DP,Articles,Feminine,Plural,NA,NA,NA,L2L,4th/5th,Early,No,9,36,125,2026,1,0.4444444444444444,NA,NA,-1.4966635668443595,-0.3546680465681015
H50,1,1,HS 2nd,2,8,96,NA,NA,NA,3,3,NA,3,Heritage Spanish,NA,NA,NA,Production,Prod-03,NA,NA,NA,1,1,NA,se pica. a los globos y se estalla,DP,Articles,Masculine,Singular,NA,NA,NA,HS,2nd,Early,No,6,0,96,2023,1,0.5,NA,NA,-1.2285902311370953,-1.3792703066992735
H50,1,1,HS 2nd,2,8,96,NA,NA,NA,3,3,NA,3,Heritage Spanish,NA,NA,NA,Production,Prod-05,NA,NA,NA,0,1,NA,se comer el pizza,DP,Articles,Feminine,Singular,NA,NA,NA,HS,2nd,Early,No,6,0,96,2023,0,0.5,NA,NA,-1.2285902311370953,-1.3792703066992735
H50,1,1,HS 2nd,2,8,96,NA,NA,NA,3,3,NA,3,Heritage Spanish,NA,NA,NA,Production,Prod-07,NA,NA,NA,1,1,NA,se dice los numeros en la cabeza,DP,Articles,Masculine,Plural,NA,NA,NA,HS,2nd,Early,No,6,0,96,2023,1,0.5,NA,NA,-1.2285902311370953,-1.3792703066992735
H50,1,1,HS 2nd,2,8,96,NA,NA,NA,3,3,NA,3,Heritage Spanish,NA,NA,NA,Production,Prod-09,NA,NA,NA,1,1,NA,se pontar las chaquetas,DP,Articles,Feminine,Plural,NA,NA,NA,HS,2nd,Early,No,6,0,96,2023,1,0.5,NA,NA,-1.2285902311370953,-1.3792703066992735
H50,1,1,HS 2nd,2,8,96,NA,NA,NA,3,3,NA,3,Heritage Spanish,NA,NA,NA,Production,Prod-11,NA,NA,NA,0,1,NA,se limpia la perro,DP,Articles,Masculine,Singular,NA,NA,NA,HS,2nd,Early,No,6,0,96,2023,0,0.5,NA,NA,-1.2285902311370953,-1.3792703066992735
H50,1,1,HS 2nd,2,8,96,NA,NA,NA,3,3,NA,3,Heritage Spanish,NA,NA,NA,Production,Prod-13,NA,NA,NA,0,1,english verb,they listen to el musica,DP,Articles,Feminine,Singular,NA,NA,NA,HS,2nd,Early,No,6,0,96,2023,0,0.5,NA,NA,-1.2285902311370953,-1.3792703066992735
H50,1,1,HS 2nd,2,8,96,NA,NA,NA,3,3,NA,3,Heritage Spanish,NA,NA,NA,Production,Prod-15,NA,NA,NA,1,1,NA,pontar los libros en la mesa,DP,Articles,Masculine,Plural,NA,NA,NA,HS,2nd,Early,No,6,0,96,2023,1,0.5,NA,NA,-1.2285902311370953,-1.3792703066992735
H50,1,1,HS 2nd,2,8,96,NA,NA,NA,3,3,NA,3,Heritage Spanish,NA,NA,NA,Production,Prod-17,NA,NA,NA,0,1,NA,se comen los galletas,DP,Articles,Feminine,Plural,NA,NA,NA,HS,2nd,Early,No,6,0,96,2023,0,0.5,NA,NA,-1.2285902311370953,-1.3792703066992735
H50,1,1,HS 2nd,2,8,96,NA,NA,NA,3,3,NA,3,Heritage Spanish,NA,NA,NA,Production,Prod-19,NA,NA,NA,1,1,NA,se cocinando elpescado,DP,Articles,Masculine,Singular,NA,NA,NA,HS,2nd,Early,No,6,0,96,2023,1,0.5,NA,NA,-1.2285902311370953,-1.3792703066992735
H50,1,1,HS 2nd,2,8,96,NA,NA,NA,3,3,NA,3,Heritage Spanish,NA,NA,NA,Production,Prod-21,NA,NA,NA,1,1,NA,la. se. cierra la puerta,DP,Articles,Feminine,Singular,NA,NA,NA,HS,2nd,Early,No,6,0,96,2023,1,0.5,NA,NA,-1.2285902311370953,-1.3792703066992735
H50,1,1,HS 2nd,2,8,96,NA,NA,NA,3,3,NA,3,Heritage Spanish,NA,NA,NA,Production,Prod-23,NA,NA,NA,1,1,NA,se juegan con los. instrumentos,DP,Articles,Masculine,Plural,NA,NA,NA,HS,2nd,Early,No,6,0,96,2023,1,0.5,NA,NA,-1.2285902311370953,-1.3792703066992735
H50,1,1,HS 2nd,2,8,96,NA,NA,NA,3,3,NA,3,Heritage Spanish,NA,NA,NA,Production,Prod-25,NA,NA,NA,1,1,NA,se pontar las mascarillas,DP,Articles,Feminine,Plural,NA,NA,NA,HS,2nd,Early,No,6,0,96,2023,1,0.5,NA,NA,-1.2285902311370953,-1.3792703066992735
H50,1,2,HS 4th/5th,5,8,96,NA,NA,NA,3,3,NA,3,Heritage Spanish,NA,NA,NA,Production,Prod-03,NA,NA,NA,1,1,NA,compiendo el balón,DP,Articles,Masculine,Singular,NA,NA,NA,HS,4th/5th,Early,No,6,36,132,2026,1,0.5,NA,NA,-1.2285902311370953,-0.10735025963988762
H50,1,2,HS 4th/5th,5,8,96,NA,NA,NA,3,3,NA,3,Heritage Spanish,NA,NA,NA,Production,Prod-07,NA,NA,NA,1,1,NA,están contando los números,DP,Articles,Masculine,Plural,NA,NA,NA,HS,4th/5th,Early,No,6,36,132,2026,1,0.5,NA,NA,-1.2285902311370953,-0.10735025963988762
H50,1,2,HS 4th/5th,5,8,96,NA,NA,NA,3,3,NA,3,Heritage Spanish,NA,NA,NA,Production,Prod-13,NA,NA,NA,1,1,NA,están escuchando la música,DP,Articles,Feminine,Singular,NA,NA,NA,HS,4th/5th,Early,No,6,36,132,2026,1,0.5,NA,NA,-1.2285902311370953,-0.10735025963988762
H50,1,2,HS 4th/5th,5,8,96,NA,NA,NA,3,3,NA,3,Heritage Spanish,NA,NA,NA,Production,Prod-15,NA,NA,NA,1,1,NA,poniendo los libros,DP,Articles,Masculine,Plural,NA,NA,NA,HS,4th/5th,Early,No,6,36,132,2026,1,0.5,NA,NA,-1.2285902311370953,-0.10735025963988762
H51,1,1,L2L 2nd,2,8,100,NA,NA,NA,2,6,NA,3,L2 learner,L2,L2,L2,Production,Prod-05,NA,NA,NA,0,1,NA,el niño y niñas comer el pizza,DP,Articles,Feminine,Singular,NA,NA,NA,L2L,2nd,Early,No,8,0,100,2023,0,0.25,NA,NA,-1.0754054678758016,-1.2379458570260085
H51,1,1,L2L 2nd,2,8,100,NA,NA,NA,2,6,NA,3,L2 learner,L2,L2,L2,Production,Prod-07,NA,NA,NA,1,0,NA,el  niños se dijo el numeros,DP,Articles,Masculine,Plural,NA,NA,NA,L2L,2nd,Early,No,8,0,100,2023,1,0.25,NA,NA,-1.0754054678758016,-1.2379458570260085
H51,1,1,L2L 2nd,2,8,100,NA,NA,NA,2,6,NA,3,L2 learner,L2,L2,L2,Production,Prod-09,NA,NA,NA,1,1,NA,el niñas put on. las chaquetas,DP,Articles,Feminine,Plural,NA,NA,NA,L2L,2nd,Early,No,8,0,100,2023,1,0.25,NA,NA,-1.0754054678758016,-1.2379458570260085
H51,1,1,L2L 2nd,2,8,100,NA,NA,NA,2,6,NA,3,L2 learner,L2,L2,L2,Production,Prod-11,NA,NA,NA,1,1,NA,wash el perro,DP,Articles,Masculine,Singular,NA,NA,NA,L2L,2nd,Early,No,8,0,100,2023,1,0.25,NA,NA,-1.0754054678758016,-1.2379458570260085
H51,1,1,L2L 2nd,2,8,100,NA,NA,NA,2,6,NA,3,L2 learner,L2,L2,L2,Production,Prod-15,NA,NA,NA,1,1,NA,los niños tiene los libros,DP,Articles,Masculine,Plural,NA,NA,NA,L2L,2nd,Early,No,8,0,100,2023,1,0.25,NA,NA,-1.0754054678758016,-1.2379458570260085
H51,1,1,L2L 2nd,2,8,100,NA,NA,NA,2,6,NA,3,L2 learner,L2,L2,L2,Production,Prod-17,NA,NA,NA,0,1,NA,comer los galletas,DP,Articles,Feminine,Plural,NA,NA,NA,L2L,2nd,Early,No,8,0,100,2023,0,0.25,NA,NA,-1.0754054678758016,-1.2379458570260085
H51,1,1,L2L 2nd,2,8,100,NA,NA,NA,2,6,NA,3,L2 learner,L2,L2,L2,Production,Prod-19,NA,NA,NA,1,1,english verb,cooked el pescado,DP,Articles,Masculine,Singular,NA,NA,NA,L2L,2nd,Early,No,8,0,100,2023,1,0.25,NA,NA,-1.0754054678758016,-1.2379458570260085
H51,1,1,L2L 2nd,2,8,100,NA,NA,NA,2,6,NA,3,L2 learner,L2,L2,L2,Production,Prod-25,NA,NA,NA,1,1,NA,los niños use las mascarillas,DP,Articles,Feminine,Plural,NA,NA,NA,L2L,2nd,Early,No,8,0,100,2023,1,0.25,NA,NA,-1.0754054678758016,-1.2379458570260085
H52,1,1,L2L 2nd,2,8,98,NA,NA,NA,0,6,NA,3,"German, Russian",No,Yes,Yes,Production,Prod-05,NA,NA,NA,1,1,NA,comer la pizza,DP,Articles,Feminine,Singular,NA,NA,NA,L2L,2nd,Early,No,6,0,98,2023,1,0,NA,NA,-1.1519978495064485,-1.308608081862641
H52,1,1,L2L 2nd,2,8,98,NA,NA,NA,0,6,NA,3,"German, Russian",No,Yes,Yes,Production,Prod-11,NA,NA,NA,1,1,NA,esta limpiando el perro,DP,Articles,Masculine,Singular,NA,NA,NA,L2L,2nd,Early,No,6,0,98,2023,1,0,NA,NA,-1.1519978495064485,-1.308608081862641
H52,1,1,L2L 2nd,2,8,98,NA,NA,NA,0,6,NA,3,"German, Russian",No,Yes,Yes,Production,Prod-13,NA,NA,NA,1,1,NA,esta. escuchar la musica,DP,Articles,Feminine,Singular,NA,NA,NA,L2L,2nd,Early,No,6,0,98,2023,1,0,NA,NA,-1.1519978495064485,-1.308608081862641
H52,1,1,L2L 2nd,2,8,98,NA,NA,NA,0,6,NA,3,"German, Russian",No,Yes,Yes,Production,Prod-17,NA,NA,NA,1,1,NA,esta. comer las galletas,DP,Articles,Feminine,Plural,NA,NA,NA,L2L,2nd,Early,No,6,0,98,2023,1,0,NA,NA,-1.1519978495064485,-1.308608081862641
H53,1,1,L2L 2nd,2,8,97,NA,NA,NA,3,4,NA,7,Turkish,Yes,Yes,Yes,Production,Prod-11,NA,NA,NA,1,1,NA,limpiar el perro,DP,Articles,Masculine,Singular,NA,NA,NA,L2L,2nd,Early,No,7,0,97,2023,1,0.42857142857142855,NA,NA,-1.1902940403217719,-1.3439391942809573
H53,1,1,L2L 2nd,2,8,97,NA,NA,NA,3,4,NA,7,Turkish,Yes,Yes,Yes,Production,Prod-13,NA,NA,NA,1,1,NA,escuchan la musica,DP,Articles,Feminine,Singular,NA,NA,NA,L2L,2nd,Early,No,7,0,97,2023,1,0.42857142857142855,NA,NA,-1.1902940403217719,-1.3439391942809573
H53,1,1,L2L 2nd,2,8,97,NA,NA,NA,3,4,NA,7,Turkish,Yes,Yes,Yes,Production,Prod-17,NA,NA,NA,1,1,NA,comer. las. galletas,DP,Articles,Feminine,Plural,NA,NA,NA,L2L,2nd,Early,No,7,0,97,2023,1,0.42857142857142855,NA,NA,-1.1902940403217719,-1.3439391942809573
H54,1,1,HS 2nd,2,8,99,NA,NA,NA,4,4,NA,7,Heritage Spanish,NA,NA,NA,Production,Prod-19,NA,NA,NA,0,1,NA,esta abriendo el puerta,English,Articles,Masculine,Singular,NA,NA,NA,HS,2nd,Early,No,8,0,99,2023,0,0.5,NA,NA,-1.113701658691125,-1.2732769694443247
H55,1,1,L2L 2nd,2,8,102,NA,NA,NA,1,5,NA,3,L2 learner,L2,L2,L2,Production,Prod-13,NA,NA,NA,1,1,NA,estan escuchando. la musica,DP,Articles,Feminine,Singular,NA,NA,NA,L2L,2nd,Early,No,6,0,102,2023,1,0.16666666666666666,NA,NA,-0.9988130862451546,-1.1672836321893758
H55,1,1,L2L 2nd,2,8,102,NA,NA,NA,1,5,NA,3,L2 learner,L2,L2,L2,Production,Prod-15,NA,NA,NA,1,1,english verb,returning los libros,DP,Articles,Masculine,Plural,NA,NA,NA,L2L,2nd,Early,No,6,0,102,2023,1,0.16666666666666666,NA,NA,-0.9988130862451546,-1.1672836321893758
H55,1,1,L2L 2nd,2,8,102,NA,NA,NA,1,5,NA,3,L2 learner,L2,L2,L2,Production,Prod-21,NA,NA,NA,1,1,english verb,opening la puerta,DP,Articles,Feminine,Singular,NA,NA,NA,L2L,2nd,Early,No,6,0,102,2023,1,0.16666666666666666,NA,NA,-0.9988130862451546,-1.1672836321893758
H55,1,1,L2L 2nd,2,8,102,NA,NA,NA,1,5,NA,3,L2 learner,L2,L2,L2,Production,Prod-25,NA,NA,NA,1,1,english verb,estan putting on las mascraillas,DP,Articles,Feminine,Plural,NA,NA,NA,L2L,2nd,Early,No,6,0,102,2023,1,0.16666666666666666,NA,NA,-0.9988130862451546,-1.1672836321893758
H57,1,1,L2L 2nd,2,NA,102,NA,NA,NA,NA,NA,3,4,L2 learner,L2,L2,L2,Production,Prod-09,NA,NA,NA,0,1,NA,poner el chaqueta,DP,Articles,Feminine,Plural,NA,NA,NA,L2L,2nd,Early,No,NA,0,102,2023,0,NA,NA,NA,-0.9988130862451546,-1.1672836321893758
H57,1,1,L2L 2nd,2,NA,102,NA,NA,NA,NA,NA,3,4,L2 learner,L2,L2,L2,Production,Prod-11,NA,NA,NA,0,1,NA,esta en el piscina,DP,Articles,Masculine,Singular,NA,NA,NA,L2L,2nd,Early,No,NA,0,102,2023,0,NA,NA,NA,-0.9988130862451546,-1.1672836321893758
H57,1,1,L2L 2nd,2,NA,102,NA,NA,NA,NA,NA,3,4,L2 learner,L2,L2,L2,Production,Prod-15,NA,NA,NA,1,1,NA,necesita poner los libros,DP,Articles,Masculine,Plural,NA,NA,NA,L2L,2nd,Early,No,NA,0,102,2023,1,NA,NA,NA,-0.9988130862451546,-1.1672836321893758
H57,1,1,L2L 2nd,2,NA,102,NA,NA,NA,NA,NA,3,4,L2 learner,L2,L2,L2,Production,Prod-17,NA,NA,NA,1,1,NA,comiendo las galletas,DP,Articles,Feminine,Plural,NA,NA,NA,L2L,2nd,Early,No,NA,0,102,2023,1,NA,NA,NA,-0.9988130862451546,-1.1672836321893758
H57,1,1,L2L 2nd,2,NA,102,NA,NA,NA,NA,NA,3,4,L2 learner,L2,L2,L2,Production,Prod-19,NA,NA,NA,1,1,NA,comer el pescado,DP,Articles,Masculine,Singular,NA,NA,NA,L2L,2nd,Early,No,NA,0,102,2023,1,NA,NA,NA,-0.9988130862451546,-1.1672836321893758
H57,1,1,L2L 2nd,2,NA,102,NA,NA,NA,NA,NA,3,4,L2 learner,L2,L2,L2,Production,Prod-23,NA,NA,NA,0,1,NA,se juega con el muscia,DP,Articles,Masculine,Plural,NA,NA,NA,L2L,2nd,Early,No,NA,0,102,2023,0,NA,NA,NA,-0.9988130862451546,-1.1672836321893758
H57,1,1,L2L 2nd,2,NA,102,NA,NA,NA,NA,NA,3,4,L2 learner,L2,L2,L2,Production,Prod-25,NA,NA,NA,1,1,NA,poner las mascaras,DP,Articles,Feminine,Plural,NA,NA,NA,L2L,2nd,Early,No,NA,0,102,2023,1,NA,NA,NA,-0.9988130862451546,-1.1672836321893758
H57,1,2,L2L 4th/5th,5,NA,102,NA,NA,NA,NA,NA,3,4,L2 learner,L2,L2,L2,Production,Prod-03,NA,NA,NA,1,1,NA,boom…se explota el balón,DP,Articles,Masculine,Singular,NA,NA,NA,L2L,4th/5th,Early,No,NA,36,138,2026,1,NA,NA,NA,-0.9988130862451546,0.10463641487001005
H57,1,2,L2L 4th/5th,5,NA,102,NA,NA,NA,NA,NA,3,4,L2 learner,L2,L2,L2,Production,Prod-05,NA,NA,NA,0,1,NA,cortando el pizza,Gender,Articles,Feminine,Singular,NA,NA,NA,L2L,4th/5th,Early,No,NA,36,138,2026,0,NA,NA,NA,-0.9988130862451546,0.10463641487001005
H57,1,2,L2L 4th/5th,5,NA,102,NA,NA,NA,NA,NA,3,4,L2 learner,L2,L2,L2,Production,Prod-07,NA,NA,NA,1,1,NA,están contando en orden los números,DP,Articles,Masculine,Plural,NA,NA,NA,L2L,4th/5th,Early,No,NA,36,138,2026,1,NA,NA,NA,-0.9988130862451546,0.10463641487001005
H57,1,2,L2L 4th/5th,5,NA,102,NA,NA,NA,NA,NA,3,4,L2 learner,L2,L2,L2,Production,Prod-11,NA,NA,NA,1,1,NA,lavando el perro,DP,Articles,Masculine,Singular,NA,NA,NA,L2L,4th/5th,Early,No,NA,36,138,2026,1,NA,NA,NA,-0.9988130862451546,0.10463641487001005
H57,1,2,L2L 4th/5th,5,NA,102,NA,NA,NA,NA,NA,3,4,L2 learner,L2,L2,L2,Production,Prod-19,NA,NA,NA,1,1,NA,cocinando el pescado,DP,Articles,Masculine,Singular,NA,NA,NA,L2L,4th/5th,Early,No,NA,36,138,2026,1,NA,NA,NA,-0.9988130862451546,0.10463641487001005
H57,1,2,L2L 4th/5th,5,NA,102,NA,NA,NA,NA,NA,3,4,L2 learner,L2,L2,L2,Production,Prod-21,NA,NA,NA,1,1,NA,se cierran la puerta,DP,Articles,Feminine,Singular,NA,NA,NA,L2L,4th/5th,Early,No,NA,36,138,2026,1,NA,NA,NA,-0.9988130862451546,0.10463641487001005
H57,1,2,L2L 4th/5th,5,NA,102,NA,NA,NA,NA,NA,3,4,L2 learner,L2,L2,L2,Production,Prod-23,NA,NA,NA,1,1,NA,jugando los instrumentos,DP,Articles,Masculine,Plural,NA,NA,NA,L2L,4th/5th,Early,No,NA,36,138,2026,1,NA,NA,NA,-0.9988130862451546,0.10463641487001005
H57,1,2,L2L 4th/5th,5,NA,102,NA,NA,NA,NA,NA,3,4,L2 learner,L2,L2,L2,Production,Prod-25,NA,NA,NA,1,1,NA,poniendo las mascarillas,DP,Articles,Feminine,Plural,NA,NA,NA,L2L,4th/5th,Early,No,NA,36,138,2026,1,NA,NA,NA,-0.9988130862451546,0.10463641487001005
H58,1,1,HS 2nd,2,NA,95,NA,NA,NA,4,5,2,8,Heritage Spanish,NA,NA,NA,Production,Prod-11,0,NA,NA,1,1,NA,estan dando un baño,DP,Articles,Masculine,Singular,NA,NA,NA,HS,2nd,Early,No,9,0,95,2023,1,0.4444444444444444,NA,NA,-1.2668864219524187,-1.41460141911759
H58,1,1,HS 2nd,2,NA,95,NA,NA,NA,4,5,2,8,Heritage Spanish,NA,NA,NA,Production,Prod-15,NA,NA,NA,1,0,NA,estan poniendo los libro,DP,Articles,Masculine,Plural,NA,NA,NA,HS,2nd,Early,No,9,0,95,2023,1,0.4444444444444444,NA,NA,-1.2668864219524187,-1.41460141911759
H58,1,1,HS 2nd,2,NA,95,NA,NA,NA,4,5,2,8,Heritage Spanish,NA,NA,NA,Production,Prod-17,NA,NA,NA,1,1,NA,estan comiendo las galletas,DP,Articles,Feminine,Plural,NA,NA,NA,HS,2nd,Early,No,9,0,95,2023,1,0.4444444444444444,NA,NA,-1.2668864219524187,-1.41460141911759
H58,1,2,HS 4th/5th,5,NA,95,NA,NA,NA,4,5,2,8,Heritage Spanish,NA,NA,NA,Production,Prod-07,NA,NA,NA,1,1,NA,están contando los números,DP,Articles,Masculine,Plural,NA,NA,NA,HS,4th/5th,Early,No,9,36,131,2026,1,0.4444444444444444,NA,NA,-1.2668864219524187,-0.1426813720582039
H58,1,2,HS 4th/5th,5,NA,95,NA,NA,NA,4,5,2,8,Heritage Spanish,NA,NA,NA,Production,Prod-11,NA,NA,NA,1,1,NA,están bañanao el perro,DP,Articles,Masculine,Singular,NA,NA,NA,HS,4th/5th,Early,No,9,36,131,2026,1,0.4444444444444444,NA,NA,-1.2668864219524187,-0.1426813720582039
H58,1,2,HS 4th/5th,5,NA,95,NA,NA,NA,4,5,2,8,Heritage Spanish,NA,NA,NA,Production,Prod-13,NA,NA,NA,1,1,NA,están escuchando la música,DP,Articles,Feminine,Singular,NA,NA,NA,HS,4th/5th,Early,No,9,36,131,2026,1,0.4444444444444444,NA,NA,-1.2668864219524187,-0.1426813720582039
H58,1,2,HS 4th/5th,5,NA,95,NA,NA,NA,4,5,2,8,Heritage Spanish,NA,NA,NA,Production,Prod-15,NA,NA,NA,1,1,NA,cogiendo los libros,DP,Articles,Masculine,Plural,NA,NA,NA,HS,4th/5th,Early,No,9,36,131,2026,1,0.4444444444444444,NA,NA,-1.2668864219524187,-0.1426813720582039
H58,1,2,HS 4th/5th,5,NA,95,NA,NA,NA,4,5,2,8,Heritage Spanish,NA,NA,NA,Production,Prod-21,NA,NA,NA,1,1,NA,están cerrando la puerta,DP,Articles,Feminine,Singular,NA,NA,NA,HS,4th/5th,Early,No,9,36,131,2026,1,0.4444444444444444,NA,NA,-1.2668864219524187,-0.1426813720582039
H58,1,2,HS 4th/5th,5,NA,95,NA,NA,NA,4,5,2,8,Heritage Spanish,NA,NA,NA,Production,Prod-23,NA,NA,NA,1,1,NA,están tocando los instrumentos,DP,Articles,Masculine,Plural,NA,NA,NA,HS,4th/5th,Early,No,9,36,131,2026,1,0.4444444444444444,NA,NA,-1.2668864219524187,-0.1426813720582039
H58,1,2,HS 4th/5th,5,NA,95,NA,NA,NA,4,5,2,8,Heritage Spanish,NA,NA,NA,Production,Prod-25,NA,NA,NA,1,1,NA,poniéndose las mascarillas,DP,Articles,Feminine,Plural,NA,NA,NA,HS,4th/5th,Early,No,9,36,131,2026,1,0.4444444444444444,NA,NA,-1.2668864219524187,-0.1426813720582039
H59,1,1,L2L 2nd,2,NA,101,NA,NA,NA,1,2,3,3,Mandarin,Yes,No,No,Production,Prod-05,NA,NA,NA,0,1,NA,los niños shop y comer el pizza,DP,Articles,Feminine,Singular,NA,NA,NA,L2L,2nd,Early,No,3,0,101,2023,0,0.3333333333333333,NA,NA,-1.0371092770604782,-1.2026147446076922
H59,1,1,L2L 2nd,2,NA,101,NA,NA,NA,1,2,3,3,Mandarin,Yes,No,No,Production,Prod-07,NA,NA,NA,1,1,English verb,es counting los numeros,English,Articles,Masculine,Plural,NA,NA,NA,L2L,2nd,Early,No,3,0,101,2023,1,0.3333333333333333,NA,NA,-1.0371092770604782,-1.2026147446076922
H59,1,1,L2L 2nd,2,NA,101,NA,NA,NA,1,2,3,3,Mandarin,Yes,No,No,Production,Prod-11,NA,NA,NA,1,1,English verb,es niños wash el perro,English,Articles,Masculine,Singular,NA,NA,NA,L2L,2nd,Early,No,3,0,101,2023,1,0.3333333333333333,NA,NA,-1.0371092770604782,-1.2026147446076922
H59,1,1,L2L 2nd,2,NA,101,NA,NA,NA,1,2,3,3,Mandarin,Yes,No,No,Production,Prod-13,NA,NA,NA,1,1,NA,es niños listen a la musica,English,Articles,Feminine,Singular,NA,NA,NA,L2L,2nd,Early,No,3,0,101,2023,1,0.3333333333333333,NA,NA,-1.0371092770604782,-1.2026147446076922
H59,1,1,L2L 2nd,2,NA,101,NA,NA,NA,1,2,3,3,Mandarin,Yes,No,No,Production,Prod-19,NA,NA,NA,1,1,English verb,es niños cook el pez,English,Articles,Masculine,Singular,NA,NA,NA,L2L,2nd,Early,No,3,0,101,2023,1,0.3333333333333333,NA,NA,-1.0371092770604782,-1.2026147446076922
H59,1,1,L2L 2nd,2,NA,101,NA,NA,NA,1,2,3,3,Mandarin,Yes,No,No,Production,Prod-25,NA,NA,NA,1,1,NA,e. niños tienen unas mascarillas,DP,Articles,Feminine,Plural,NA,NA,NA,L2L,2nd,Early,No,3,0,101,2023,1,0.3333333333333333,NA,NA,-1.0371092770604782,-1.2026147446076922
H59,1,2,L2L 4th/5th,5,NA,101,NA,NA,NA,1,2,3,3,Mandarin,Yes,No,No,Production,Prod-03,NA,NA,NA,0,1,NA,usan un cosa con comper el objeto,Gender,Articles,Masculine,Singular,NA,NA,NA,L2L,4th/5th,Early,No,3,36,137,2026,0,0.3333333333333333,NA,NA,-1.0371092770604782,0.06930530245169376
H59,1,2,L2L 4th/5th,5,NA,101,NA,NA,NA,1,2,3,3,Mandarin,Yes,No,No,Production,Prod-05,NA,NA,NA,1,1,NA,es comer la pizza,DP,Articles,Feminine,Singular,NA,NA,NA,L2L,4th/5th,Early,No,3,36,137,2026,1,0.3333333333333333,NA,NA,-1.0371092770604782,0.06930530245169376
H59,1,2,L2L 4th/5th,5,NA,101,NA,NA,NA,1,2,3,3,Mandarin,Yes,No,No,Production,Prod-07,NA,NA,NA,1,1,NA,es jugar con los números,DP,Articles,Masculine,Plural,NA,NA,NA,L2L,4th/5th,Early,No,3,36,137,2026,1,0.3333333333333333,NA,NA,-1.0371092770604782,0.06930530245169376
H59,1,2,L2L 4th/5th,5,NA,101,NA,NA,NA,1,2,3,3,Mandarin,Yes,No,No,Production,Prod-09,NA,NA,NA,1,1,NA,take off la chaqueta,DP,Articles,Feminine,Plural,NA,NA,NA,L2L,4th/5th,Early,No,3,36,137,2026,1,0.3333333333333333,NA,NA,-1.0371092770604782,0.06930530245169376
H59,1,2,L2L 4th/5th,5,NA,101,NA,NA,NA,1,2,3,3,Mandarin,Yes,No,No,Production,Prod-11,NA,NA,NA,0,1,NA,ayudan la perro,Gender,Articles,Masculine,Singular,NA,NA,NA,L2L,4th/5th,Early,No,3,36,137,2026,0,0.3333333333333333,NA,NA,-1.0371092770604782,0.06930530245169376
H59,1,2,L2L 4th/5th,5,NA,101,NA,NA,NA,1,2,3,3,Mandarin,Yes,No,No,Production,Prod-13,NA,NA,NA,1,1,NA,escuchan con la música,DP,Articles,Feminine,Singular,NA,NA,NA,L2L,4th/5th,Early,No,3,36,137,2026,1,0.3333333333333333,NA,NA,-1.0371092770604782,0.06930530245169376
H59,1,2,L2L 4th/5th,5,NA,101,NA,NA,NA,1,2,3,3,Mandarin,Yes,No,No,Production,Prod-15,NA,NA,NA,1,1,NA,put down los libros,DP,Articles,Masculine,Plural,NA,NA,NA,L2L,4th/5th,Early,No,3,36,137,2026,1,0.3333333333333333,NA,NA,-1.0371092770604782,0.06930530245169376
H59,1,2,L2L 4th/5th,5,NA,101,NA,NA,NA,1,2,3,3,Mandarin,Yes,No,No,Production,Prod-17,NA,NA,NA,1,1,NA,es comer las galletas,DP,Articles,Feminine,Plural,NA,NA,NA,L2L,4th/5th,Early,No,3,36,137,2026,1,0.3333333333333333,NA,NA,-1.0371092770604782,0.06930530245169376
H59,1,2,L2L 4th/5th,5,NA,101,NA,NA,NA,1,2,3,3,Mandarin,Yes,No,No,Production,Prod-19,NA,NA,NA,0,0,NA,cocinar las pescado,Gender + number,Articles,Masculine,Singular,NA,NA,NA,L2L,4th/5th,Early,No,3,36,137,2026,0,0.3333333333333333,NA,NA,-1.0371092770604782,0.06930530245169376
H59,1,2,L2L 4th/5th,5,NA,101,NA,NA,NA,1,2,3,3,Mandarin,Yes,No,No,Production,Prod-21,NA,NA,NA,1,1,NA,abrir la puerta,DP,Articles,Feminine,Singular,NA,NA,NA,L2L,4th/5th,Early,No,3,36,137,2026,1,0.3333333333333333,NA,NA,-1.0371092770604782,0.06930530245169376
H59,1,2,L2L 4th/5th,5,NA,101,NA,NA,NA,1,2,3,3,Mandarin,Yes,No,No,Production,Prod-23,NA,NA,NA,1,1,NA,es jugar con los instrumentos,DP,Articles,Masculine,Plural,NA,NA,NA,L2L,4th/5th,Early,No,3,36,137,2026,1,0.3333333333333333,NA,NA,-1.0371092770604782,0.06930530245169376
H59,1,2,L2L 4th/5th,5,NA,101,NA,NA,NA,1,2,3,3,Mandarin,Yes,No,No,Production,Prod-25,NA,NA,NA,1,1,NA,abrir la mascarilla,DP,Articles,Feminine,Plural,NA,NA,NA,L2L,4th/5th,Early,No,3,36,137,2026,1,0.3333333333333333,NA,NA,-1.0371092770604782,0.06930530245169376
H60,1,1,L2L 2nd,2,NA,101,NA,NA,NA,2,5,2,8,L2 learner,L2,L2,L2,Production,Prod-05,NA,NA,NA,0,1,NA,los niños eat el pizza,English,Articles,Feminine,Singular,NA,NA,NA,L2L,2nd,Early,No,7,0,101,2023,0,0.2857142857142857,NA,NA,-1.0371092770604782,-1.2026147446076922
H60,1,1,L2L 2nd,2,NA,101,NA,NA,NA,2,5,2,8,L2 learner,L2,L2,L2,Production,Prod-11,NA,NA,NA,0,1,NA,el .. poner esto en el ?,DP,Articles,Masculine,Singular,NA,NA,NA,L2L,2nd,Early,No,7,0,101,2023,0,0.2857142857142857,NA,NA,-1.0371092770604782,-1.2026147446076922
H60,1,1,L2L 2nd,2,NA,101,NA,NA,NA,2,5,2,8,L2 learner,L2,L2,L2,Production,Prod-15,NA,NA,NA,1,1,NA,los niños ponen los libros,DP,Articles,Masculine,Plural,NA,NA,NA,L2L,2nd,Early,No,7,0,101,2023,1,0.2857142857142857,NA,NA,-1.0371092770604782,-1.2026147446076922
H60,1,1,L2L 2nd,2,NA,101,NA,NA,NA,2,5,2,8,L2 learner,L2,L2,L2,Production,Prod-17,NA,NA,NA,0,0,NA,comen el galletas,DP,Articles,Feminine,Plural,NA,NA,NA,L2L,2nd,Early,No,7,0,101,2023,0,0.2857142857142857,NA,NA,-1.0371092770604782,-1.2026147446076922
H60,1,1,L2L 2nd,2,NA,101,NA,NA,NA,2,5,2,8,L2 learner,L2,L2,L2,Production,Prod-19,NA,NA,NA,1,1,NA,is cooking el pescado,English,Articles,Masculine,Singular,NA,NA,NA,L2L,2nd,Early,No,7,0,101,2023,1,0.2857142857142857,NA,NA,-1.0371092770604782,-1.2026147446076922
H60,1,1,L2L 2nd,2,NA,101,NA,NA,NA,2,5,2,8,L2 learner,L2,L2,L2,Production,Prod-21,NA,NA,NA,0,1,NA,"els niños shut el door, el puerta",English,Articles,Feminine,Singular,NA,NA,NA,L2L,2nd,Early,No,7,0,101,2023,0,0.2857142857142857,NA,NA,-1.0371092770604782,-1.2026147446076922
H60,1,1,L2L 2nd,2,NA,101,NA,NA,NA,2,5,2,8,L2 learner,L2,L2,L2,Production,Prod-23,NA,NA,NA,1,1,NA,se playing los instrumentos,English,Articles,Masculine,Plural,NA,NA,NA,L2L,2nd,Early,No,7,0,101,2023,1,0.2857142857142857,NA,NA,-1.0371092770604782,-1.2026147446076922
H61,1,1,L2L 2nd,2,NA,103,NA,NA,NA,2,6,NA,4,L2 learner,L2,L2,L2,Production,Prod-05,NA,NA,NA,1,1,NA,el niños comer la pizza,DP,Articles,Feminine,Singular,NA,NA,NA,L2L,2nd,Early,No,8,0,103,2023,1,0.25,NA,NA,-0.9605168954298312,-1.1319525197710596
H61,1,1,L2L 2nd,2,NA,103,NA,NA,NA,2,6,NA,4,L2 learner,L2,L2,L2,Production,Prod-07,NA,NA,NA,1,0,English,el niños count el numeros,DP,Articles,Masculine,Plural,NA,NA,NA,L2L,2nd,Early,No,8,0,103,2023,1,0.25,NA,NA,-0.9605168954298312,-1.1319525197710596
H61,1,1,L2L 2nd,2,NA,103,NA,NA,NA,2,6,NA,4,L2 learner,L2,L2,L2,Production,Prod-09,NA,NA,NA,1,1,NA,el niños limpiar las chaquetas,DP,Articles,Feminine,Plural,NA,NA,NA,L2L,2nd,Early,No,8,0,103,2023,1,0.25,NA,NA,-0.9605168954298312,-1.1319525197710596
H61,1,1,L2L 2nd,2,NA,103,NA,NA,NA,2,6,NA,4,L2 learner,L2,L2,L2,Production,Prod-11,NA,NA,NA,0,1,NA,los niños lavar la perro,DP,Articles,Masculine,Singular,NA,NA,NA,L2L,2nd,Early,No,8,0,103,2023,0,0.25,NA,NA,-0.9605168954298312,-1.1319525197710596
H61,1,1,L2L 2nd,2,NA,103,NA,NA,NA,2,6,NA,4,L2 learner,L2,L2,L2,Production,Prod-15,NA,NA,NA,1,1,NA,el niños limpiar los libros,DP,Articles,Masculine,Plural,NA,NA,NA,L2L,2nd,Early,No,8,0,103,2023,1,0.25,NA,NA,-0.9605168954298312,-1.1319525197710596
H61,1,1,L2L 2nd,2,NA,103,NA,NA,NA,2,6,NA,4,L2 learner,L2,L2,L2,Production,Prod-17,NA,NA,NA,0,0,NA,niños comer,Omission,Articles,Feminine,Plural,NA,NA,NA,L2L,2nd,Early,No,8,0,103,2023,0,0.25,NA,NA,-0.9605168954298312,-1.1319525197710596
H61,1,1,L2L 2nd,2,NA,103,NA,NA,NA,2,6,NA,4,L2 learner,L2,L2,L2,Production,Prod-19,NA,NA,NA,0,1,NA,el niño cook la pez,DP,Articles,Masculine,Singular,NA,NA,NA,L2L,2nd,Early,No,8,0,103,2023,0,0.25,NA,NA,-0.9605168954298312,-1.1319525197710596
H61,1,1,L2L 2nd,2,NA,103,NA,NA,NA,2,6,NA,4,L2 learner,L2,L2,L2,Production,Prod-21,NA,NA,NA,0,1,NA,el niño shut el puerta,DP,Articles,Feminine,Singular,NA,NA,NA,L2L,2nd,Early,No,8,0,103,2023,0,0.25,NA,NA,-0.9605168954298312,-1.1319525197710596
H61,1,1,L2L 2nd,2,NA,103,NA,NA,NA,2,6,NA,4,L2 learner,L2,L2,L2,Production,Prod-23,NA,NA,NA,1,1,NA,los niños juega con los instrumentos,DP,Articles,Masculine,Plural,NA,NA,NA,L2L,2nd,Early,No,8,0,103,2023,1,0.25,NA,NA,-0.9605168954298312,-1.1319525197710596
H61,1,1,L2L 2nd,2,NA,103,NA,NA,NA,2,6,NA,4,L2 learner,L2,L2,L2,Production,Prod-25,NA,NA,NA,1,1,English,el niños ponerse las masks,DP,Articles,Feminine,Plural,NA,NA,NA,L2L,2nd,Early,No,8,0,103,2023,1,0.25,NA,NA,-0.9605168954298312,-1.1319525197710596
H61,1,2,L2L 4th/5th,5,NA,103,NA,NA,NA,2,6,NA,4,L2 learner,L2,L2,L2,Production,Prod-05,NA,NA,NA,1,1,NA,comen la pizza,NA,Articles,Feminine,Singular,NA,NA,NA,L2L,4th/5th,Early,No,8,36,139,2026,1,0.25,NA,NA,-0.9605168954298312,0.13996752728832632
H61,1,2,L2L 4th/5th,5,NA,103,NA,NA,NA,2,6,NA,4,L2 learner,L2,L2,L2,Production,Prod-07,NA,NA,NA,1,1,NA,dice todos los números,DP,Articles,Masculine,Plural,NA,NA,NA,L2L,4th/5th,Early,No,8,36,139,2026,1,0.25,NA,NA,-0.9605168954298312,0.13996752728832632
H61,1,2,L2L 4th/5th,5,NA,103,NA,NA,NA,2,6,NA,4,L2 learner,L2,L2,L2,Production,Prod-11,NA,NA,NA,1,1,NA,limpiar el perro,NA,Articles,Masculine,Singular,NA,NA,NA,L2L,4th/5th,Early,No,8,36,139,2026,1,0.25,NA,NA,-0.9605168954298312,0.13996752728832632
H61,1,2,L2L 4th/5th,5,NA,103,NA,NA,NA,2,6,NA,4,L2 learner,L2,L2,L2,Production,Prod-13,NA,NA,NA,1,1,NA,escuchando a la música,NA,Articles,Feminine,Singular,NA,NA,NA,L2L,4th/5th,Early,No,8,36,139,2026,1,0.25,NA,NA,-0.9605168954298312,0.13996752728832632
H61,1,2,L2L 4th/5th,5,NA,103,NA,NA,NA,2,6,NA,4,L2 learner,L2,L2,L2,Production,Prod-15,NA,NA,NA,1,1,NA,ponen los libros en la mesa,DP,Articles,Masculine,Plural,NA,NA,NA,L2L,4th/5th,Early,No,8,36,139,2026,1,0.25,NA,NA,-0.9605168954298312,0.13996752728832632
H61,1,2,L2L 4th/5th,5,NA,103,NA,NA,NA,2,6,NA,4,L2 learner,L2,L2,L2,Production,Prod-17,NA,NA,NA,1,1,NA,comen las galletas,DP,Articles,Feminine,Plural,NA,NA,NA,L2L,4th/5th,Early,No,8,36,139,2026,1,0.25,NA,NA,-0.9605168954298312,0.13996752728832632
H61,1,2,L2L 4th/5th,5,NA,103,NA,NA,NA,2,6,NA,4,L2 learner,L2,L2,L2,Production,Prod-19,NA,NA,NA,0,1,NA,cocinar la pez,DP,Articles,Masculine,Singular,NA,NA,NA,L2L,4th/5th,Early,No,8,36,139,2026,0,0.25,NA,NA,-0.9605168954298312,0.13996752728832632
H61,1,2,L2L 4th/5th,5,NA,103,NA,NA,NA,2,6,NA,4,L2 learner,L2,L2,L2,Production,Prod-25,NA,NA,NA,1,1,NA,ponen las mascarillas en tu cara,DP,Articles,Feminine,Plural,NA,NA,NA,L2L,4th/5th,Early,No,8,36,139,2026,1,0.25,NA,NA,-0.9605168954298312,0.13996752728832632
H62,1,1,L2L 2nd,2,NA,92,NA,NA,NA,1,5,3,3,L2 learner,L2,L2,L2,Production,Prod-05,NA,NA,NA,1,1,NA,están comiendo la pizza,DP,Articles,Feminine,Singular,NA,NA,NA,L2L,2nd,Early,No,6,0,92,2023,1,0.16666666666666666,NA,NA,-1.3817749943983892,-1.5205947563725386
H62,1,1,L2L 2nd,2,NA,92,NA,NA,NA,1,5,3,3,L2 learner,L2,L2,L2,Production,Prod-07,NA,NA,NA,1,1,English,ella está counting los numeros,DP,Articles,Masculine,Plural,NA,NA,NA,L2L,2nd,Early,No,6,0,92,2023,1,0.16666666666666666,NA,NA,-1.3817749943983892,-1.5205947563725386
H62,1,1,L2L 2nd,2,NA,92,NA,NA,NA,1,5,3,3,L2 learner,L2,L2,L2,Production,Prod-09,NA,NA,NA,1,1,NA,están poniendo la chaqueta,DP,Articles,Feminine,Plural,NA,NA,NA,L2L,2nd,Early,No,6,0,92,2023,1,0.16666666666666666,NA,NA,-1.3817749943983892,-1.5205947563725386
H62,1,1,L2L 2nd,2,NA,92,NA,NA,NA,1,5,3,3,L2 learner,L2,L2,L2,Production,Prod-11,NA,NA,NA,1,1,NA,están limpiando el perro,DP,Articles,Masculine,Singular,NA,NA,NA,L2L,2nd,Early,No,6,0,92,2023,1,0.16666666666666666,NA,NA,-1.3817749943983892,-1.5205947563725386
H62,1,1,L2L 2nd,2,NA,92,NA,NA,NA,1,5,3,3,L2 learner,L2,L2,L2,Production,Prod-13,NA,NA,NA,1,1,NA,están escuchando a la música,DP,Articles,Feminine,Singular,NA,NA,NA,L2L,2nd,Early,No,6,0,92,2023,1,0.16666666666666666,NA,NA,-1.3817749943983892,-1.5205947563725386
H62,1,1,L2L 2nd,2,NA,92,NA,NA,NA,1,5,3,3,L2 learner,L2,L2,L2,Production,Prod-15,NA,NA,NA,1,1,NA,poniendo los libros en la mesa,DP,Articles,Masculine,Plural,NA,NA,NA,L2L,2nd,Early,No,6,0,92,2023,1,0.16666666666666666,NA,NA,-1.3817749943983892,-1.5205947563725386
H62,1,1,L2L 2nd,2,NA,92,NA,NA,NA,1,5,3,3,L2 learner,L2,L2,L2,Production,Prod-17,NA,NA,NA,1,1,NA,buscar las galletas y comer las galletas,DP,Articles,Feminine,Plural,NA,NA,NA,L2L,2nd,Early,No,6,0,92,2023,1,0.16666666666666666,NA,NA,-1.3817749943983892,-1.5205947563725386
H62,1,1,L2L 2nd,2,NA,92,NA,NA,NA,1,5,3,3,L2 learner,L2,L2,L2,Production,Prod-19,NA,NA,NA,1,1,NA,ella está cocinando el pescado,DP,Articles,Masculine,Singular,NA,NA,NA,L2L,2nd,Early,No,6,0,92,2023,1,0.16666666666666666,NA,NA,-1.3817749943983892,-1.5205947563725386
H62,1,1,L2L 2nd,2,NA,92,NA,NA,NA,1,5,3,3,L2 learner,L2,L2,L2,Production,Prod-21,NA,NA,NA,1,1,NA,están cerrando la puerta,DP,Articles,Feminine,Singular,NA,NA,NA,L2L,2nd,Early,No,6,0,92,2023,1,0.16666666666666666,NA,NA,-1.3817749943983892,-1.5205947563725386
H62,1,1,L2L 2nd,2,NA,92,NA,NA,NA,1,5,3,3,L2 learner,L2,L2,L2,Production,Prod-25,NA,NA,NA,1,1,NA,están poniendo las mascarillas,DP,Articles,Feminine,Plural,NA,NA,NA,L2L,2nd,Early,No,6,0,92,2023,1,0.16666666666666666,NA,NA,-1.3817749943983892,-1.5205947563725386
H63,1,1,L2L 7th/8th,7,13,156,NA,NA,NA,2,4,7,7,"Mandarin, Cantonese, Malay, Romanian",Yes,Yes,Yes,Production,Prod-21,NA,NA,NA,1,1,NA,están cerrando la puerta,DP,Articles,Feminine,Singular,NA,NA,NA,L2L,7th/8th,Early,No,6,0,156,2023,1,0.3333333333333333,NA,NA,1.0691812177823117,0.740596438399703
H64,1,1,HS 7th/8th,7,13,NA,NA,NA,NA,NA,NA,NA,8,Heritage Spanish,NA,NA,NA,Production,Prod-03,NA,NA,NA,1,1,Extra subj,hacen que el globo rompa,DP,Articles,Masculine,Singular,NA,NA,NA,HS,7th/8th,Early,No,NA,0,NA,2023,1,NA,NA,NA,NA,NA
H64,1,1,HS 7th/8th,7,13,NA,NA,NA,NA,NA,NA,NA,8,Heritage Spanish,NA,NA,NA,Production,Prod-05,NA,NA,NA,1,1,NA,comen la pizza,DP,Articles,Feminine,Singular,NA,NA,NA,HS,7th/8th,Early,No,NA,0,NA,2023,1,NA,NA,NA,NA,NA
H64,1,1,HS 7th/8th,7,13,NA,NA,NA,NA,NA,NA,NA,8,Heritage Spanish,NA,NA,NA,Production,Prod-09,NA,NA,NA,1,1,NA,se ponen las chaquetas,DP,Articles,Feminine,Plural,NA,NA,NA,HS,7th/8th,Early,No,NA,0,NA,2023,1,NA,NA,NA,NA,NA
H64,1,1,HS 7th/8th,7,13,NA,NA,NA,NA,NA,NA,NA,8,Heritage Spanish,NA,NA,NA,Production,Prod-11,NA,NA,NA,1,1,Extra DOM,lavando al perro,DP,Articles,Masculine,Singular,NA,NA,NA,HS,7th/8th,Early,No,NA,0,NA,2023,1,NA,NA,NA,NA,NA
H64,1,1,HS 7th/8th,7,13,NA,NA,NA,NA,NA,NA,NA,8,Heritage Spanish,NA,NA,NA,Production,Prod-17,NA,NA,NA,1,1,NA,comen las galletas,DP,Articles,Feminine,Plural,NA,NA,NA,HS,7th/8th,Early,No,NA,0,NA,2023,1,NA,NA,NA,NA,NA
H64,1,1,HS 7th/8th,7,13,NA,NA,NA,NA,NA,NA,NA,8,Heritage Spanish,NA,NA,NA,Production,Prod-19,NA,NA,NA,1,1,NA,cocinan el pescado,DP,Articles,Masculine,Singular,NA,NA,NA,HS,7th/8th,Early,No,NA,0,NA,2023,1,NA,NA,NA,NA,NA
H64,1,1,HS 7th/8th,7,13,NA,NA,NA,NA,NA,NA,NA,8,Heritage Spanish,NA,NA,NA,Production,Prod-21,NA,NA,NA,1,1,NA,cerrar la puerta,DP,Articles,Feminine,Singular,NA,NA,NA,HS,7th/8th,Early,No,NA,0,NA,2023,1,NA,NA,NA,NA,NA
H64,1,1,HS 7th/8th,7,13,NA,NA,NA,NA,NA,NA,NA,8,Heritage Spanish,NA,NA,NA,Production,Prod-23,NA,NA,NA,1,1,Extra a,tocan a los instrumentos,DP,Articles,Masculine,Plural,NA,NA,NA,HS,7th/8th,Early,No,NA,0,NA,2023,1,NA,NA,NA,NA,NA
H64,1,1,HS 7th/8th,7,13,NA,NA,NA,NA,NA,NA,NA,8,Heritage Spanish,NA,NA,NA,Production,Prod-25,NA,NA,NA,1,1,Extra a,se ponen a las mascarillas,DP,Articles,Feminine,Plural,NA,NA,NA,HS,7th/8th,Early,No,NA,0,NA,2023,1,NA,NA,NA,NA,NA
H65,1,1,HS 7th/8th,7,13,164,NA,NA,NA,2,3,2,8,Heritage Spanish,NA,NA,NA,Production,Prod-03,NA,NA,NA,0,0,NA,hacen que explote,DP,Articles,Masculine,Singular,NA,NA,NA,HS,7th/8th,Early,No,5,0,164,2023,0,0.4,NA,NA,1.375550744304899,1.0232453377462332
H65,1,1,HS 7th/8th,7,13,164,NA,NA,NA,2,3,2,8,Heritage Spanish,NA,NA,NA,Production,Prod-07,NA,NA,NA,1,1,NA,cuentan los numeros,DP,Articles,Masculine,Plural,NA,NA,NA,HS,7th/8th,Early,No,5,0,164,2023,1,0.4,NA,NA,1.375550744304899,1.0232453377462332
H65,1,1,HS 7th/8th,7,13,164,NA,NA,NA,2,3,2,8,Heritage Spanish,NA,NA,NA,Production,Prod-13,NA,NA,NA,1,1,NA,están escuchando la música,DP,Articles,Feminine,Singular,NA,NA,NA,HS,7th/8th,Early,No,5,0,164,2023,1,0.4,NA,NA,1.375550744304899,1.0232453377462332
H65,1,1,HS 7th/8th,7,13,164,NA,NA,NA,2,3,2,8,Heritage Spanish,NA,NA,NA,Production,Prod-15,NA,NA,NA,1,1,NA,ponen los libros en la mesa,DP,Articles,Masculine,Plural,NA,NA,NA,HS,7th/8th,Early,No,5,0,164,2023,1,0.4,NA,NA,1.375550744304899,1.0232453377462332
H65,1,1,HS 7th/8th,7,13,164,NA,NA,NA,2,3,2,8,Heritage Spanish,NA,NA,NA,Production,Prod-17,NA,NA,NA,1,1,NA,se comen las galletas,DP,Articles,Feminine,Plural,NA,NA,NA,HS,7th/8th,Early,No,5,0,164,2023,1,0.4,NA,NA,1.375550744304899,1.0232453377462332
H67,1,1,L2L 7th/8th,7,13,160,NA,NA,NA,2,4,3,8,Gujarati,Yes,Yes,No,Production,Prod-13,NA,NA,NA,1,1,NA,escuchando la música,DP,Articles,Feminine,Singular,NA,NA,NA,L2L,7th/8th,Early,No,6,0,160,2023,1,0.3333333333333333,NA,NA,1.2223659810436054,0.8819208880729681
H68,1,1,L2L 2nd,2,7,94,NA,NA,NA,1,2,2,3,L2 learner,L2,L2,L2,Production,Prod-15,NA,NA,NA,0,1,NA,ponen una libro,DP,Articles,Masculine,Plural,NA,NA,NA,L2L,2nd,Early,No,3,0,94,2023,0,0.3333333333333333,NA,NA,-1.3051826127677424,-1.4499325315359062
H69,1,1,HS 2nd,2,8,102,NA,NA,NA,5,4,2,8,Heritage Spanish,NA,NA,NA,Production,Prod-09,NA,NA,NA,1,1,NA,se ponen las chaquetas,DP,Articles,Feminine,Plural,NA,NA,NA,HS,2nd,Early,No,9,0,102,2023,1,0.5555555555555556,NA,NA,-0.9988130862451546,-1.1672836321893758
H69,1,1,HS 2nd,2,8,102,NA,NA,NA,5,4,2,8,Heritage Spanish,NA,NA,NA,Production,Prod-11,NA,NA,NA,1,1,NA,la está dando un baño,DP,Articles,Masculine,Singular,NA,NA,NA,HS,2nd,Early,No,9,0,102,2023,1,0.5555555555555556,NA,NA,-0.9988130862451546,-1.1672836321893758
H70,1,1,HS 2nd,2,7,95,NA,NA,NA,2,6,2,8,Heritage Spanish,NA,NA,NA,Production,Prod-15,NA,NA,NA,1,1,NA,están poniendo los libros en la mesa,DP,Articles,Masculine,Plural,NA,NA,NA,HS,2nd,Early,No,8,0,95,2023,1,0.25,NA,NA,-1.2668864219524187,-1.41460141911759
H70,1,1,HS 2nd,2,7,95,NA,NA,NA,2,6,2,8,Heritage Spanish,NA,NA,NA,Production,Prod-19,NA,NA,NA,1,1,NA,están cocinando el pescado,DP,Articles,Masculine,Singular,NA,NA,NA,HS,2nd,Early,No,8,0,95,2023,1,0.25,NA,NA,-1.2668864219524187,-1.41460141911759
H70,1,1,HS 2nd,2,7,95,NA,NA,NA,2,6,2,8,Heritage Spanish,NA,NA,NA,Production,Prod-23,NA,NA,NA,1,1,NA,los niños cogen los instrumentos juegan con ellos,DP,Articles,Masculine,Plural,NA,NA,NA,HS,2nd,Early,No,8,0,95,2023,1,0.25,NA,NA,-1.2668864219524187,-1.41460141911759
H71,1,1,L2L 2nd,2,7,94,NA,NA,NA,1,4,2,7,L2 learner,L2,L2,L2,Production,Prod-07,NA,NA,NA,1,1,NA,son contando los numeros,DP,Articles,Masculine,Plural,NA,NA,NA,L2L,2nd,Early,No,5,0,94,2023,1,0.2,NA,NA,-1.3051826127677424,-1.4499325315359062
H71,1,1,L2L 2nd,2,7,94,NA,NA,NA,1,4,2,7,L2 learner,L2,L2,L2,Production,Prod-09,NA,NA,NA,1,1,NA,quitaining los chaq.,DP,Articles,Feminine,Plural,NA,NA,NA,L2L,2nd,Early,No,5,0,94,2023,1,0.2,NA,NA,-1.3051826127677424,-1.4499325315359062
H72,1,2,L2L 4th/5th,5,7,94,NA,NA,NA,3,4,2,8,Russian,No,Yes,Yes,Production,Prod-11,NA,NA,NA,1,1,NA,está bañando al perro**,DP,Articles,Masculine,Singular,NA,NA,NA,L2L,4th/5th,Early,No,7,36,130,2026,1,0.42857142857142855,NA,NA,-1.3051826127677424,-0.17801248447652016
H72,1,2,L2L 4th/5th,5,7,94,NA,NA,NA,3,4,2,8,Russian,No,Yes,Yes,Production,Prod-13,NA,NA,NA,1,1,NA,están escuchando la música,DP,Articles,Feminine,Singular,NA,NA,NA,L2L,4th/5th,Early,No,7,36,130,2026,1,0.42857142857142855,NA,NA,-1.3051826127677424,-0.17801248447652016
H72,1,2,L2L 4th/5th,5,7,94,NA,NA,NA,3,4,2,8,Russian,No,Yes,Yes,Production,Prod-15,NA,NA,NA,1,1,NA,están llevando los libros,DP,Articles,Masculine,Plural,NA,NA,NA,L2L,4th/5th,Early,No,7,36,130,2026,1,0.42857142857142855,NA,NA,-1.3051826127677424,-0.17801248447652016
H72,1,2,L2L 4th/5th,5,7,94,NA,NA,NA,3,4,2,8,Russian,No,Yes,Yes,Production,Prod-17,NA,NA,NA,1,1,NA,está comiendo las galletas,DP,Articles,Feminine,Plural,NA,NA,NA,L2L,4th/5th,Early,No,7,36,130,2026,1,0.42857142857142855,NA,NA,-1.3051826127677424,-0.17801248447652016
H72,1,2,L2L 4th/5th,5,7,94,NA,NA,NA,3,4,2,8,Russian,No,Yes,Yes,Production,Prod-19,NA,NA,NA,1,1,NA,están cocinando el pescado,DP,Articles,Masculine,Singular,NA,NA,NA,L2L,4th/5th,Early,No,7,36,130,2026,1,0.42857142857142855,NA,NA,-1.3051826127677424,-0.17801248447652016
H72,1,2,L2L 4th/5th,5,7,94,NA,NA,NA,3,4,2,8,Russian,No,Yes,Yes,Production,Prod-23,NA,NA,NA,1,1,NA,están jugando los instrumentos,DP,Articles,Masculine,Plural,NA,NA,NA,L2L,4th/5th,Early,No,7,36,130,2026,1,0.42857142857142855,NA,NA,-1.3051826127677424,-0.17801248447652016
H72,1,2,L2L 4th/5th,5,7,94,NA,NA,NA,3,4,2,8,Russian,No,Yes,Yes,Production,Prod-25,NA,NA,NA,1,1,NA,tienen las mascarillas puestas (depictive),DP,Articles,Feminine,Plural,NA,NA,NA,L2L,4th/5th,Early,No,7,36,130,2026,1,0.42857142857142855,NA,NA,-1.3051826127677424,-0.17801248447652016
H73,1,1,L2L 4th/5th,4,10,125,NA,NA,NA,3,5,NA,6,"Mandarin, Cantonese, Fujianese",Yes,No,No,Production,Prod-05,NA,NA,NA,0,1,NA,el niños comer el pizza,DP,Articles,Feminine,Singular,NA,NA,NA,L2L,4th/5th,Early,No,8,0,125,2023,0,0.375,NA,NA,-0.11800069749271534,-0.3546680465681015
H73,1,1,L2L 4th/5th,4,10,125,NA,NA,NA,3,5,NA,6,"Mandarin, Cantonese, Fujianese",Yes,No,No,Production,Prod-07,NA,NA,NA,1,0,NA,los niños dice el numeros,DP,Articles,Masculine,Plural,NA,NA,NA,L2L,4th/5th,Early,No,8,0,125,2023,1,0.375,NA,NA,-0.11800069749271534,-0.3546680465681015
H73,1,1,L2L 4th/5th,4,10,125,NA,NA,NA,3,5,NA,6,"Mandarin, Cantonese, Fujianese",Yes,No,No,Production,Prod-11,NA,NA,NA,1,1,NA,el niños limpian el perro,DP,Articles,Masculine,Singular,NA,NA,NA,L2L,4th/5th,Early,No,8,0,125,2023,1,0.375,NA,NA,-0.11800069749271534,-0.3546680465681015
H73,1,1,L2L 4th/5th,4,10,125,NA,NA,NA,3,5,NA,6,"Mandarin, Cantonese, Fujianese",Yes,No,No,Production,Prod-15,NA,NA,NA,1,1,NA,el niño hacen los libros en le,DP,Articles,Masculine,Plural,NA,NA,NA,L2L,4th/5th,Early,No,8,0,125,2023,1,0.375,NA,NA,-0.11800069749271534,-0.3546680465681015
H73,1,1,L2L 4th/5th,4,10,125,NA,NA,NA,3,5,NA,6,"Mandarin, Cantonese, Fujianese",Yes,No,No,Production,Prod-21,NA,NA,NA,0,1,English,el niños hace el puerta shut,English,Articles,Feminine,Singular,NA,NA,NA,L2L,4th/5th,Early,No,8,0,125,2023,0,0.375,NA,NA,-0.11800069749271534,-0.3546680465681015
H73,1,2,L2L 7th/8th,7,10,125,NA,NA,NA,3,5,NA,6,"Mandarin, Cantonese, Fujianese",Yes,No,No,Production,Prod-03,NA,NA,NA,1,1,NA,se rompió el globo,DP,Articles,Masculine,Singular,NA,NA,NA,L2L,7th/8th,Early,No,8,36,161,2026,1,0.375,NA,NA,-0.11800069749271534,0.9172520004912844
H73,1,2,L2L 7th/8th,7,10,125,NA,NA,NA,3,5,NA,6,"Mandarin, Cantonese, Fujianese",Yes,No,No,Production,Prod-05,NA,NA,NA,1,1,NA,estaban comiendo una pizza,DP,Articles,Feminine,Singular,NA,NA,NA,L2L,7th/8th,Early,No,8,36,161,2026,1,0.375,NA,NA,-0.11800069749271534,0.9172520004912844
H73,1,2,L2L 7th/8th,7,10,125,NA,NA,NA,3,5,NA,6,"Mandarin, Cantonese, Fujianese",Yes,No,No,Production,Prod-07,NA,NA,NA,1,1,NA,cuentan los números,DP,Articles,Masculine,Plural,NA,NA,NA,L2L,7th/8th,Early,No,8,36,161,2026,1,0.375,NA,NA,-0.11800069749271534,0.9172520004912844
H73,1,2,L2L 7th/8th,7,10,125,NA,NA,NA,3,5,NA,6,"Mandarin, Cantonese, Fujianese",Yes,No,No,Production,Prod-11,NA,NA,NA,1,1,NA,lavan el perro,DP,Articles,Masculine,Singular,NA,NA,NA,L2L,7th/8th,Early,No,8,36,161,2026,1,0.375,NA,NA,-0.11800069749271534,0.9172520004912844
H73,1,2,L2L 7th/8th,7,10,125,NA,NA,NA,3,5,NA,6,"Mandarin, Cantonese, Fujianese",Yes,No,No,Production,Prod-13,NA,NA,NA,1,1,NA,las niñas escuchan la música,DP,Articles,Feminine,Singular,NA,NA,NA,L2L,7th/8th,Early,No,8,36,161,2026,1,0.375,NA,NA,-0.11800069749271534,0.9172520004912844
H73,1,2,L2L 7th/8th,7,10,125,NA,NA,NA,3,5,NA,6,"Mandarin, Cantonese, Fujianese",Yes,No,No,Production,Prod-15,NA,NA,NA,1,1,NA,se ponen los libros en la mesa,DP,Articles,Masculine,Plural,NA,NA,NA,L2L,7th/8th,Early,No,8,36,161,2026,1,0.375,NA,NA,-0.11800069749271534,0.9172520004912844
H73,1,2,L2L 7th/8th,7,10,125,NA,NA,NA,3,5,NA,6,"Mandarin, Cantonese, Fujianese",Yes,No,No,Production,Prod-17,NA,NA,NA,1,1,NA,se comen las galletas,DP,Articles,Feminine,Plural,NA,NA,NA,L2L,7th/8th,Early,No,8,36,161,2026,1,0.375,NA,NA,-0.11800069749271534,0.9172520004912844
H73,1,2,L2L 7th/8th,7,10,125,NA,NA,NA,3,5,NA,6,"Mandarin, Cantonese, Fujianese",Yes,No,No,Production,Prod-19,NA,NA,NA,1,1,NA,estaban cocinando un pescado,DP,Articles,Masculine,Singular,NA,NA,NA,L2L,7th/8th,Early,No,8,36,161,2026,1,0.375,NA,NA,-0.11800069749271534,0.9172520004912844
H73,1,2,L2L 7th/8th,7,10,125,NA,NA,NA,3,5,NA,6,"Mandarin, Cantonese, Fujianese",Yes,No,No,Production,Prod-21,NA,NA,NA,1,1,NA,cierran la puerta,DP,Articles,Feminine,Singular,NA,NA,NA,L2L,7th/8th,Early,No,8,36,161,2026,1,0.375,NA,NA,-0.11800069749271534,0.9172520004912844
H73,1,2,L2L 7th/8th,7,10,125,NA,NA,NA,3,5,NA,6,"Mandarin, Cantonese, Fujianese",Yes,No,No,Production,Prod-23,NA,NA,NA,1,1,NA,se tocan los instrumentos,NA,Articles,Masculine,Plural,NA,NA,NA,L2L,7th/8th,Early,No,8,36,161,2026,1,0.375,NA,NA,-0.11800069749271534,0.9172520004912844
H73,1,2,L2L 7th/8th,7,10,125,NA,NA,NA,3,5,NA,6,"Mandarin, Cantonese, Fujianese",Yes,No,No,Production,Prod-25,NA,NA,NA,1,1,NA,ponen las mascarillas,DP,Articles,Feminine,Plural,NA,NA,NA,L2L,7th/8th,Early,No,8,36,161,2026,1,0.375,NA,NA,-0.11800069749271534,0.9172520004912844
H74,1,1,L2L 4th/5th,4,10,121,NA,NA,NA,5,4,NA,5,Tagalog,Yes,No,No,Production,Prod-07,NA,NA,NA,1,1,NA,contas los numeros,DP,Articles,Masculine,Plural,NA,NA,NA,L2L,4th/5th,Early,No,9,0,121,2023,1,0.5555555555555556,NA,NA,-0.2711854607540091,-0.49599249624136665
H74,1,1,L2L 4th/5th,4,10,121,NA,NA,NA,5,4,NA,5,Tagalog,Yes,No,No,Production,Prod-11,NA,NA,NA,0,1,NA,limpian la perro,DP,Articles,Masculine,Singular,NA,NA,NA,L2L,4th/5th,Early,No,9,0,121,2023,0,0.5555555555555556,NA,NA,-0.2711854607540091,-0.49599249624136665
H74,1,1,L2L 4th/5th,4,10,121,NA,NA,NA,5,4,NA,5,Tagalog,Yes,No,No,Production,Prod-13,NA,NA,NA,0,1,NA,escuchan el musica,DP,Articles,Feminine,Singular,NA,NA,NA,L2L,4th/5th,Early,No,9,0,121,2023,0,0.5555555555555556,NA,NA,-0.2711854607540091,-0.49599249624136665
H74,1,1,L2L 4th/5th,4,10,121,NA,NA,NA,5,4,NA,5,Tagalog,Yes,No,No,Production,Prod-15,NA,NA,NA,1,1,NA,leer los libros,DP,Articles,Masculine,Plural,NA,NA,NA,L2L,4th/5th,Early,No,9,0,121,2023,1,0.5555555555555556,NA,NA,-0.2711854607540091,-0.49599249624136665
H74,1,1,L2L 4th/5th,4,10,121,NA,NA,NA,5,4,NA,5,Tagalog,Yes,No,No,Production,Prod-17,NA,NA,NA,1,1,NA,comen las galletas,DP,Articles,Feminine,Plural,NA,NA,NA,L2L,4th/5th,Early,No,9,0,121,2023,1,0.5555555555555556,NA,NA,-0.2711854607540091,-0.49599249624136665
H74,1,1,L2L 4th/5th,4,10,121,NA,NA,NA,5,4,NA,5,Tagalog,Yes,No,No,Production,Prod-19,NA,NA,NA,0,1,NA,cocinar la pescado,DP,Articles,Masculine,Singular,NA,NA,NA,L2L,4th/5th,Early,No,9,0,121,2023,0,0.5555555555555556,NA,NA,-0.2711854607540091,-0.49599249624136665
H74,1,1,L2L 4th/5th,4,10,121,NA,NA,NA,5,4,NA,5,Tagalog,Yes,No,No,Production,Prod-21,NA,NA,NA,1,1,NA,cierra la puerta,DP,Articles,Feminine,Singular,NA,NA,NA,L2L,4th/5th,Early,No,9,0,121,2023,1,0.5555555555555556,NA,NA,-0.2711854607540091,-0.49599249624136665
H74,1,1,L2L 4th/5th,4,10,121,NA,NA,NA,5,4,NA,5,Tagalog,Yes,No,No,Production,Prod-25,NA,NA,NA,1,1,NA,usan las mascaras,DP,Articles,Feminine,Plural,NA,NA,NA,L2L,4th/5th,Early,No,9,0,121,2023,1,0.5555555555555556,NA,NA,-0.2711854607540091,-0.49599249624136665
H74,1,2,L2L 7th/8th,7,10,121,NA,NA,NA,5,4,NA,5,Tagalog,Yes,No,No,Production,Prod-05,NA,NA,NA,1,1,NA,come la pizza,DP,Articles,Feminine,Singular,NA,NA,NA,L2L,7th/8th,Early,No,9,36,157,2026,1,0.5555555555555556,NA,NA,-0.2711854607540091,0.7759275508180193
H74,1,2,L2L 7th/8th,7,10,121,NA,NA,NA,5,4,NA,5,Tagalog,Yes,No,No,Production,Prod-07,NA,NA,NA,1,1,NA,contar los números,DP,Articles,Masculine,Plural,NA,NA,NA,L2L,7th/8th,Early,No,9,36,157,2026,1,0.5555555555555556,NA,NA,-0.2711854607540091,0.7759275508180193
H74,1,2,L2L 7th/8th,7,10,121,NA,NA,NA,5,4,NA,5,Tagalog,Yes,No,No,Production,Prod-11,NA,NA,NA,1,1,NA,lavar el perro,DP,Articles,Masculine,Singular,NA,NA,NA,L2L,7th/8th,Early,No,9,36,157,2026,1,0.5555555555555556,NA,NA,-0.2711854607540091,0.7759275508180193
H74,1,2,L2L 7th/8th,7,10,121,NA,NA,NA,5,4,NA,5,Tagalog,Yes,No,No,Production,Prod-13,NA,NA,NA,1,1,NA,escuchando la música,DP,Articles,Feminine,Singular,NA,NA,NA,L2L,7th/8th,Early,No,9,36,157,2026,1,0.5555555555555556,NA,NA,-0.2711854607540091,0.7759275508180193
H74,1,2,L2L 7th/8th,7,10,121,NA,NA,NA,5,4,NA,5,Tagalog,Yes,No,No,Production,Prod-15,NA,NA,NA,1,1,NA,ponen los libros en la mesa,DP,Articles,Masculine,Plural,NA,NA,NA,L2L,7th/8th,Early,No,9,36,157,2026,1,0.5555555555555556,NA,NA,-0.2711854607540091,0.7759275508180193
H74,1,2,L2L 7th/8th,7,10,121,NA,NA,NA,5,4,NA,5,Tagalog,Yes,No,No,Production,Prod-17,NA,NA,NA,1,1,NA,comen las galletas,DP,Articles,Feminine,Plural,NA,NA,NA,L2L,7th/8th,Early,No,9,36,157,2026,1,0.5555555555555556,NA,NA,-0.2711854607540091,0.7759275508180193
H74,1,2,L2L 7th/8th,7,10,121,NA,NA,NA,5,4,NA,5,Tagalog,Yes,No,No,Production,Prod-19,NA,NA,NA,1,1,NA,cocinan el pescado,DP,Articles,Masculine,Singular,NA,NA,NA,L2L,7th/8th,Early,No,9,36,157,2026,1,0.5555555555555556,NA,NA,-0.2711854607540091,0.7759275508180193
H74,1,2,L2L 7th/8th,7,10,121,NA,NA,NA,5,4,NA,5,Tagalog,Yes,No,No,Production,Prod-21,NA,NA,NA,1,1,NA,cerrir la puerta,DP,Articles,Feminine,Singular,NA,NA,NA,L2L,7th/8th,Early,No,9,36,157,2026,1,0.5555555555555556,NA,NA,-0.2711854607540091,0.7759275508180193
H74,1,2,L2L 7th/8th,7,10,121,NA,NA,NA,5,4,NA,5,Tagalog,Yes,No,No,Production,Prod-23,NA,NA,NA,1,1,NA,tocan los instrumentos,NA,Articles,Masculine,Plural,NA,NA,NA,L2L,7th/8th,Early,No,9,36,157,2026,1,0.5555555555555556,NA,NA,-0.2711854607540091,0.7759275508180193
H74,1,2,L2L 7th/8th,7,10,121,NA,NA,NA,5,4,NA,5,Tagalog,Yes,No,No,Production,Prod-25,NA,NA,NA,0,1,NA,ponen los mascarillas,Gender,Articles,Feminine,Plural,NA,NA,NA,L2L,7th/8th,Early,No,9,36,157,2026,0,0.5555555555555556,NA,NA,-0.2711854607540091,0.7759275508180193
H75,1,1,L2L 4th/5th,4,10,120,NA,NA,NA,2,2,NA,8,L2 learner,L2,L2,L2,Production,Prod-05,NA,NA,NA,1,1,NA,comiendo la pizza,DP,Articles,Feminine,Singular,NA,NA,NA,L2L,4th/5th,Early,No,4,0,120,2023,1,0.5,NA,NA,-0.3094816515693326,-0.531323608659683
H75,1,1,L2L 4th/5th,4,10,120,NA,NA,NA,2,2,NA,8,L2 learner,L2,L2,L2,Production,Prod-07,NA,NA,NA,1,1,NA,está contando los numeros,DP,Articles,Masculine,Plural,NA,NA,NA,L2L,4th/5th,Early,No,4,0,120,2023,1,0.5,NA,NA,-0.3094816515693326,-0.531323608659683
H75,1,1,L2L 4th/5th,4,10,120,NA,NA,NA,2,2,NA,8,L2 learner,L2,L2,L2,Production,Prod-13,NA,NA,NA,1,1,NA,escucha a la música,DP,Articles,Feminine,Singular,NA,NA,NA,L2L,4th/5th,Early,No,4,0,120,2023,1,0.5,NA,NA,-0.3094816515693326,-0.531323608659683
H75,1,1,L2L 4th/5th,4,10,120,NA,NA,NA,2,2,NA,8,L2 learner,L2,L2,L2,Production,Prod-15,NA,NA,NA,1,1,NA,guardar los libros,DP,Articles,Masculine,Plural,NA,NA,NA,L2L,4th/5th,Early,No,4,0,120,2023,1,0.5,NA,NA,-0.3094816515693326,-0.531323608659683
H75,1,1,L2L 4th/5th,4,10,120,NA,NA,NA,2,2,NA,8,L2 learner,L2,L2,L2,Production,Prod-17,NA,NA,NA,1,1,NA,comer las galletas,DP,Articles,Feminine,Plural,NA,NA,NA,L2L,4th/5th,Early,No,4,0,120,2023,1,0.5,NA,NA,-0.3094816515693326,-0.531323608659683
H75,1,1,L2L 4th/5th,4,10,120,NA,NA,NA,2,2,NA,8,L2 learner,L2,L2,L2,Production,Prod-19,NA,NA,NA,1,1,NA,cocinar el pez,DP,Articles,Masculine,Singular,NA,NA,NA,L2L,4th/5th,Early,No,4,0,120,2023,1,0.5,NA,NA,-0.3094816515693326,-0.531323608659683
H75,1,1,L2L 4th/5th,4,10,120,NA,NA,NA,2,2,NA,8,L2 learner,L2,L2,L2,Production,Prod-21,NA,NA,NA,1,1,NA,abrir y cerra la puerta,DP,Articles,Feminine,Singular,NA,NA,NA,L2L,4th/5th,Early,No,4,0,120,2023,1,0.5,NA,NA,-0.3094816515693326,-0.531323608659683
H76,1,1,L2L 4th/5th,4,10,126,NA,NA,NA,1,4,3,8,Hindi,Yes,Yes,Yes,Production,Prod-11,NA,NA,NA,1,1,NA,los hace se limpiar el perro,se,Articles,Masculine,Singular,NA,NA,NA,L2L,4th/5th,Early,No,5,0,126,2023,1,0.2,NA,NA,-0.0797045066773919,-0.31933693414978526
H76,1,2,L2L 7th/8th,7,10,126,NA,NA,NA,1,4,3,8,Hindi,Yes,Yes,Yes,Production,Prod-03,NA,NA,NA,1,1,NA,rompieron el globo,DP,Articles,Masculine,Singular,NA,NA,NA,L2L,7th/8th,Early,No,5,36,162,2026,1,0.2,NA,NA,-0.0797045066773919,0.9525831129096007
H76,1,2,L2L 7th/8th,7,10,126,NA,NA,NA,1,4,3,8,Hindi,Yes,Yes,Yes,Production,Prod-05,NA,NA,NA,1,1,NA,comen la pizza,DP,Articles,Feminine,Singular,NA,NA,NA,L2L,7th/8th,Early,No,5,36,162,2026,1,0.2,NA,NA,-0.0797045066773919,0.9525831129096007
H76,1,2,L2L 7th/8th,7,10,126,NA,NA,NA,1,4,3,8,Hindi,Yes,Yes,Yes,Production,Prod-07,NA,NA,NA,1,1,NA,contando los números,DP,Articles,Masculine,Plural,NA,NA,NA,L2L,7th/8th,Early,No,5,36,162,2026,1,0.2,NA,NA,-0.0797045066773919,0.9525831129096007
H76,1,2,L2L 7th/8th,7,10,126,NA,NA,NA,1,4,3,8,Hindi,Yes,Yes,Yes,Production,Prod-11,NA,NA,NA,1,1,NA,lavando el perro,DP,Articles,Masculine,Singular,NA,NA,NA,L2L,7th/8th,Early,No,5,36,162,2026,1,0.2,NA,NA,-0.0797045066773919,0.9525831129096007
H76,1,2,L2L 7th/8th,7,10,126,NA,NA,NA,1,4,3,8,Hindi,Yes,Yes,Yes,Production,Prod-17,NA,NA,NA,0,1,NA,está comiendo los galletas,Gender,Articles,Feminine,Plural,NA,NA,NA,L2L,7th/8th,Early,No,5,36,162,2026,0,0.2,NA,NA,-0.0797045066773919,0.9525831129096007
H76,1,2,L2L 7th/8th,7,10,126,NA,NA,NA,1,4,3,8,Hindi,Yes,Yes,Yes,Production,Prod-19,NA,NA,NA,1,1,NA,cocinando el pescado,DP,Articles,Masculine,Singular,NA,NA,NA,L2L,7th/8th,Early,No,5,36,162,2026,1,0.2,NA,NA,-0.0797045066773919,0.9525831129096007
H76,1,2,L2L 7th/8th,7,10,126,NA,NA,NA,1,4,3,8,Hindi,Yes,Yes,Yes,Production,Prod-21,NA,NA,NA,1,1,NA,se cerra la puerta,DP,Articles,Feminine,Singular,NA,NA,NA,L2L,7th/8th,Early,No,5,36,162,2026,1,0.2,NA,NA,-0.0797045066773919,0.9525831129096007
H76,1,2,L2L 7th/8th,7,10,126,NA,NA,NA,1,4,3,8,Hindi,Yes,Yes,Yes,Production,Prod-23,NA,NA,NA,1,1,NA,le tocan los instrumentos,DP,Articles,Masculine,Plural,NA,NA,NA,L2L,7th/8th,Early,No,5,36,162,2026,1,0.2,NA,NA,-0.0797045066773919,0.9525831129096007
H77,1,1,HS 4th/5th,4,11,132,NA,NA,NA,5,5,NA,8,Heritage Spanish,NA,NA,NA,Production,Prod-15,NA,NA,NA,1,1,NA,cogen los libros,DP,Articles,Masculine,Plural,NA,NA,NA,HS,4th/5th,Early,No,10,0,132,2023,1,0.5,NA,NA,0.1500726382145488,-0.10735025963988762
H78,1,1,L2L 4th/5th,4,10,123,NA,NA,NA,2,4,NA,8,L2 learner,L2,L2,L2,Production,Prod-05,NA,NA,NA,1,1,NA,están comiendo la pizza,DP,Articles,Feminine,Singular,NA,NA,NA,L2L,4th/5th,Early,No,6,0,123,2023,1,0.3333333333333333,NA,NA,-0.19459307912336224,-0.4253302714047341
H78,1,1,L2L 4th/5th,4,10,123,NA,NA,NA,2,4,NA,8,L2 learner,L2,L2,L2,Production,Prod-09,NA,NA,NA,1,1,NA,quitar la chaqueta,DP,Articles,Feminine,Plural,NA,NA,NA,L2L,4th/5th,Early,No,6,0,123,2023,1,0.3333333333333333,NA,NA,-0.19459307912336224,-0.4253302714047341
H78,1,1,L2L 4th/5th,4,10,123,NA,NA,NA,2,4,NA,8,L2 learner,L2,L2,L2,Production,Prod-11,NA,NA,NA,1,1,NA,está lavando el perro,DP,Articles,Masculine,Singular,NA,NA,NA,L2L,4th/5th,Early,No,6,0,123,2023,1,0.3333333333333333,NA,NA,-0.19459307912336224,-0.4253302714047341
H78,1,1,L2L 4th/5th,4,10,123,NA,NA,NA,2,4,NA,8,L2 learner,L2,L2,L2,Production,Prod-13,NA,NA,NA,1,1,NA,está escuchando la música,DP,Articles,Feminine,Singular,NA,NA,NA,L2L,4th/5th,Early,No,6,0,123,2023,1,0.3333333333333333,NA,NA,-0.19459307912336224,-0.4253302714047341
H78,1,1,L2L 4th/5th,4,10,123,NA,NA,NA,2,4,NA,8,L2 learner,L2,L2,L2,Production,Prod-15,NA,NA,NA,1,1,NA,está devolver los libros,DP,Articles,Masculine,Plural,NA,NA,NA,L2L,4th/5th,Early,No,6,0,123,2023,1,0.3333333333333333,NA,NA,-0.19459307912336224,-0.4253302714047341
H78,1,1,L2L 4th/5th,4,10,123,NA,NA,NA,2,4,NA,8,L2 learner,L2,L2,L2,Production,Prod-19,NA,NA,NA,1,1,NA,está poniendo un pescado un plato,DP,Articles,Masculine,Singular,NA,NA,NA,L2L,4th/5th,Early,No,6,0,123,2023,1,0.3333333333333333,NA,NA,-0.19459307912336224,-0.4253302714047341
H78,1,1,L2L 4th/5th,4,10,123,NA,NA,NA,2,4,NA,8,L2 learner,L2,L2,L2,Production,Prod-23,NA,NA,NA,1,1,NA,está jugaron los instrumentos,DP,Articles,Masculine,Plural,NA,NA,NA,L2L,4th/5th,Early,No,6,0,123,2023,1,0.3333333333333333,NA,NA,-0.19459307912336224,-0.4253302714047341
H78,1,1,L2L 4th/5th,4,10,123,NA,NA,NA,2,4,NA,8,L2 learner,L2,L2,L2,Production,Prod-25,NA,NA,NA,1,1,NA,están poniendo las mascarillas,DP,Articles,Feminine,Plural,NA,NA,NA,L2L,4th/5th,Early,No,6,0,123,2023,1,0.3333333333333333,NA,NA,-0.19459307912336224,-0.4253302714047341
H79,2,1,L2L 7th/8th,7,NA,157,NA,NA,NA,NA,NA,NA,NA,L2 Learner,NA,NA,NA,Production,Prod-15,NA,NA,NA,1,1,NA,niños los libros,DP,Articles,Masculine,Plural,NA,NA,NA,L2L,7th/8th,Early,No,NA,0,157,2026,1,NA,NA,NA,1.107477408597635,0.7759275508180193
H80,2,1,HS 7th/8th,7,NA,156,NA,NA,NA,NA,NA,NA,NA,Heritage Spanish,NA,NA,NA,Production,Prod-03,NA,NA,NA,1,1,NA,usar algo para explotar el globo,DP,Articles,Masculine,Singular,NA,NA,NA,HS,7th/8th,Early,No,NA,0,156,2026,1,NA,NA,NA,1.0691812177823117,0.740596438399703
H80,2,1,HS 7th/8th,7,NA,156,NA,NA,NA,NA,NA,NA,NA,Heritage Spanish,NA,NA,NA,Production,Prod-07,NA,NA,NA,1,1,NA,contando los diferentes números,NA,Articles,Masculine,Plural,NA,NA,NA,HS,7th/8th,Early,No,NA,0,156,2026,1,NA,NA,NA,1.0691812177823117,0.740596438399703
H80,2,1,HS 7th/8th,7,NA,156,NA,NA,NA,NA,NA,NA,NA,Heritage Spanish,NA,NA,NA,Production,Prod-09,NA,NA,NA,0,1,NA,quitando el chaqueta,Gender,Articles,Feminine,Plural,NA,NA,NA,HS,7th/8th,Early,No,NA,0,156,2026,0,NA,NA,NA,1.0691812177823117,0.740596438399703
H80,2,1,HS 7th/8th,7,NA,156,NA,NA,NA,NA,NA,NA,NA,Heritage Spanish,NA,NA,NA,Production,Prod-11,NA,NA,NA,1,1,NA,están lavando el perro,DP,Articles,Masculine,Singular,NA,NA,NA,HS,7th/8th,Early,No,NA,0,156,2026,1,NA,NA,NA,1.0691812177823117,0.740596438399703
H80,2,1,HS 7th/8th,7,NA,156,NA,NA,NA,NA,NA,NA,NA,Heritage Spanish,NA,NA,NA,Production,Prod-13,NA,NA,NA,0,1,NA,escuchando el música,Gender,Articles,Feminine,Singular,NA,NA,NA,HS,7th/8th,Early,No,NA,0,156,2026,0,NA,NA,NA,1.0691812177823117,0.740596438399703
H80,2,1,HS 7th/8th,7,NA,156,NA,NA,NA,NA,NA,NA,NA,Heritage Spanish,NA,NA,NA,Production,Prod-15,NA,NA,NA,1,1,NA,están poniendo los libros en la mesa,DP,Articles,Masculine,Plural,NA,NA,NA,HS,7th/8th,Early,No,NA,0,156,2026,1,NA,NA,NA,1.0691812177823117,0.740596438399703
H80,2,1,HS 7th/8th,7,NA,156,NA,NA,NA,NA,NA,NA,NA,Heritage Spanish,NA,NA,NA,Production,Prod-17,NA,NA,NA,0,1,NA,comiendo los galletas,Gender,Articles,Feminine,Plural,NA,NA,NA,HS,7th/8th,Early,No,NA,0,156,2026,0,NA,NA,NA,1.0691812177823117,0.740596438399703
H80,2,1,HS 7th/8th,7,NA,156,NA,NA,NA,NA,NA,NA,NA,Heritage Spanish,NA,NA,NA,Production,Prod-21,NA,NA,NA,1,1,NA,cierra la puerta,DP,Articles,Feminine,Singular,NA,NA,NA,HS,7th/8th,Early,No,NA,0,156,2026,1,NA,NA,NA,1.0691812177823117,0.740596438399703
H80,2,1,HS 7th/8th,7,NA,156,NA,NA,NA,NA,NA,NA,NA,Heritage Spanish,NA,NA,NA,Production,Prod-23,NA,NA,NA,1,1,NA,tocando los instrumentos,NA,Articles,Masculine,Plural,NA,NA,NA,HS,7th/8th,Early,No,NA,0,156,2026,1,NA,NA,NA,1.0691812177823117,0.740596438399703
H80,2,1,HS 7th/8th,7,NA,156,NA,NA,NA,NA,NA,NA,NA,Heritage Spanish,NA,NA,NA,Production,Prod-25,NA,NA,NA,1,1,NA,poniendo la mascarilla,DP,Articles,Feminine,Plural,NA,NA,NA,HS,7th/8th,Early,No,NA,0,156,2026,1,NA,NA,NA,1.0691812177823117,0.740596438399703
H81,2,1,NA,6,NA,140,NA,NA,NA,NA,NA,NA,NA,Heritage Spanish,NA,NA,NA,Production,Prod-03,0,NA,NA,1,1,NA,sacando el aire,DP,Articles,Masculine,Singular,NA,NA,NA,HS,NA,Early,No,NA,0,140,2026,1,NA,NA,NA,0.4564421647371364,0.1752986397066426
H81,2,1,NA,6,NA,140,NA,NA,NA,NA,NA,NA,NA,Heritage Spanish,NA,NA,NA,Production,Prod-11,NA,NA,NA,1,1,NA,están limpiando al perro,DP,Articles,Masculine,Singular,NA,NA,NA,HS,NA,Early,No,NA,0,140,2026,1,NA,NA,NA,0.4564421647371364,0.1752986397066426
H81,2,1,NA,6,NA,140,NA,NA,NA,NA,NA,NA,NA,Heritage Spanish,NA,NA,NA,Production,Prod-13,NA,NA,NA,1,1,NA,están escuchando la música,DP,Articles,Feminine,Singular,NA,NA,NA,HS,NA,Early,No,NA,0,140,2026,1,NA,NA,NA,0.4564421647371364,0.1752986397066426
H81,2,1,NA,6,NA,140,NA,NA,NA,NA,NA,NA,NA,Heritage Spanish,NA,NA,NA,Production,Prod-15,NA,NA,NA,1,0,NA,lo está poniendo en una mesa,Number,Articles,Masculine,Plural,NA,NA,NA,HS,NA,Early,No,NA,0,140,2026,1,NA,NA,NA,0.4564421647371364,0.1752986397066426
H81,2,1,NA,6,NA,140,NA,NA,NA,NA,NA,NA,NA,Heritage Spanish,NA,NA,NA,Production,Prod-19,NA,NA,NA,1,1,NA,están preparando el pescado para comerlo,DP,Articles,Masculine,Singular,NA,NA,NA,HS,NA,Early,No,NA,0,140,2026,1,NA,NA,NA,0.4564421647371364,0.1752986397066426
H81,2,1,NA,6,NA,140,NA,NA,NA,NA,NA,NA,NA,Heritage Spanish,NA,NA,NA,Production,Prod-21,NA,NA,NA,0,1,NA,lo están cerrando,Gender,Articles,Feminine,Singular,NA,NA,NA,HS,NA,Early,No,NA,0,140,2026,0,NA,NA,NA,0.4564421647371364,0.1752986397066426
H81,2,1,NA,6,NA,140,NA,NA,NA,NA,NA,NA,NA,Heritage Spanish,NA,NA,NA,Production,Prod-23,NA,NA,NA,1,1,NA,están tocando a la guitarra,DP,Articles,Masculine,Plural,NA,NA,NA,HS,NA,Early,No,NA,0,140,2026,1,NA,NA,NA,0.4564421647371364,0.1752986397066426
H82,2,1,NA,6,NA,140,NA,NA,NA,NA,NA,NA,NA,Heritage Spanish,NA,NA,NA,Production,Prod-03,NA,NA,NA,1,0,NA,los están destruyendo,Number,Articles,Masculine,Singular,NA,NA,NA,HS,NA,Early,No,NA,0,140,2026,1,NA,NA,NA,0.4564421647371364,0.1752986397066426
H82,2,1,NA,6,NA,140,NA,NA,NA,NA,NA,NA,NA,Heritage Spanish,NA,NA,NA,Production,Prod-05,NA,NA,NA,1,0,NA,los niños están comiendo el pizza,Gender,Articles,Feminine,Singular,NA,NA,NA,HS,NA,Early,No,NA,0,140,2026,1,NA,NA,NA,0.4564421647371364,0.1752986397066426
H82,2,1,NA,6,NA,140,NA,NA,NA,NA,NA,NA,NA,Heritage Spanish,NA,NA,NA,Production,Prod-07,NA,NA,NA,1,1,NA,están contando los números,NA,Articles,Masculine,Plural,NA,NA,NA,HS,NA,Early,No,NA,0,140,2026,1,NA,NA,NA,0.4564421647371364,0.1752986397066426
H82,2,1,NA,6,NA,140,NA,NA,NA,NA,NA,NA,NA,Heritage Spanish,NA,NA,NA,Production,Prod-11,NA,NA,NA,1,1,NA,están lavando el perro,NA,Articles,Masculine,Singular,NA,NA,NA,HS,NA,Early,No,NA,0,140,2026,1,NA,NA,NA,0.4564421647371364,0.1752986397066426
H82,2,1,NA,6,NA,140,NA,NA,NA,NA,NA,NA,NA,Heritage Spanish,NA,NA,NA,Production,Prod-13,NA,NA,NA,1,1,NA,escuchando la música,DP,Articles,Feminine,Singular,NA,NA,NA,HS,NA,Early,No,NA,0,140,2026,1,NA,NA,NA,0.4564421647371364,0.1752986397066426
H82,2,1,NA,6,NA,140,NA,NA,NA,NA,NA,NA,NA,Heritage Spanish,NA,NA,NA,Production,Prod-15,NA,NA,NA,1,1,NA,ponen los libros encima de la mesa,DP,Articles,Masculine,Plural,NA,NA,NA,HS,NA,Early,No,NA,0,140,2026,1,NA,NA,NA,0.4564421647371364,0.1752986397066426
H82,2,1,NA,6,NA,140,NA,NA,NA,NA,NA,NA,NA,Heritage Spanish,NA,NA,NA,Production,Prod-19,NA,NA,NA,1,1,NA,cocinando el pescado,DP,Articles,Masculine,Singular,NA,NA,NA,HS,NA,Early,No,NA,0,140,2026,1,NA,NA,NA,0.4564421647371364,0.1752986397066426
H82,2,1,NA,6,NA,140,NA,NA,NA,NA,NA,NA,NA,Heritage Spanish,NA,NA,NA,Production,Prod-21,NA,NA,NA,1,1,NA,cerrando la puerta,NA,Articles,Feminine,Singular,NA,NA,NA,HS,NA,Early,No,NA,0,140,2026,1,NA,NA,NA,0.4564421647371364,0.1752986397066426
H82,2,1,NA,6,NA,140,NA,NA,NA,NA,NA,NA,NA,Heritage Spanish,NA,NA,NA,Production,Prod-23,NA,NA,NA,1,1,NA,tocando los instrumentos,DP,Articles,Masculine,Plural,NA,NA,NA,HS,NA,Early,No,NA,0,140,2026,1,NA,NA,NA,0.4564421647371364,0.1752986397066426
H82,2,1,NA,6,NA,140,NA,NA,NA,NA,NA,NA,NA,Heritage Spanish,NA,NA,NA,Production,Prod-25,NA,NA,NA,0,1,NA,están poniendo los mascarillas en su cara,NA,Articles,Feminine,Plural,NA,NA,NA,HS,NA,Early,No,NA,0,140,2026,0,NA,NA,NA,0.4564421647371364,0.1752986397066426
H84,2,1,L2L 7th/8th,7,NA,159,NA,NA,NA,NA,NA,NA,NA,"Russian, Turkish",NA,NA,NA,Production,Prod-23,NA,NA,NA,1,0,NA,ellos tengan un instrumentos,Number,Articles,Masculine,Plural,NA,NA,NA,L2L,7th/8th,Early,No,NA,0,159,2026,1,NA,NA,NA,1.184069790228282,0.8465897756546519
H85,2,1,L2L 4th/5th,4,NA,120,NA,NA,NA,NA,NA,NA,NA,NA,NA,NA,NA,Production,Prod-03,NA,NA,NA,1,1,NA,está rompiendo el globo,DP,Articles,Masculine,Singular,NA,NA,NA,L2L,4th/5th,Early,No,NA,0,120,2026,1,NA,NA,NA,-0.3094816515693326,-0.531323608659683
H85,2,1,L2L 4th/5th,4,NA,120,NA,NA,NA,NA,NA,NA,NA,NA,NA,NA,NA,Production,Prod-05,NA,NA,NA,1,1,NA,comiendo la pizza,DP,Articles,Feminine,Singular,NA,NA,NA,L2L,4th/5th,Early,No,NA,0,120,2026,1,NA,NA,NA,-0.3094816515693326,-0.531323608659683
H85,2,1,L2L 4th/5th,4,NA,120,NA,NA,NA,NA,NA,NA,NA,NA,NA,NA,NA,Production,Prod-09,NA,NA,NA,0,1,NA,están poniendo el chaqueta,Gender,Articles,Feminine,Plural,NA,NA,NA,L2L,4th/5th,Early,No,NA,0,120,2026,0,NA,NA,NA,-0.3094816515693326,-0.531323608659683
H85,2,1,L2L 4th/5th,4,NA,120,NA,NA,NA,NA,NA,NA,NA,NA,NA,NA,NA,Production,Prod-11,NA,NA,NA,1,1,NA,limpiando el perro,DP,Articles,Masculine,Singular,NA,NA,NA,L2L,4th/5th,Early,No,NA,0,120,2026,1,NA,NA,NA,-0.3094816515693326,-0.531323608659683
H85,2,1,L2L 4th/5th,4,NA,120,NA,NA,NA,NA,NA,NA,NA,NA,NA,NA,NA,Production,Prod-17,NA,NA,NA,1,1,NA,comer las galletas,DP,Articles,Feminine,Plural,NA,NA,NA,L2L,4th/5th,Early,No,NA,0,120,2026,1,NA,NA,NA,-0.3094816515693326,-0.531323608659683
H85,2,1,L2L 4th/5th,4,NA,120,NA,NA,NA,NA,NA,NA,NA,NA,NA,NA,NA,Production,Prod-21,NA,NA,NA,0,1,NA,cerrando el puerta,Gender,Articles,Feminine,Singular,NA,NA,NA,L2L,4th/5th,Early,No,NA,0,120,2026,0,NA,NA,NA,-0.3094816515693326,-0.531323608659683
H85,2,1,L2L 4th/5th,4,NA,120,NA,NA,NA,NA,NA,NA,NA,NA,NA,NA,NA,Production,Prod-23,NA,NA,NA,1,1,NA,creando música con los instrumentos,DP,Articles,Masculine,Plural,NA,NA,NA,L2L,4th/5th,Early,No,NA,0,120,2026,1,NA,NA,NA,-0.3094816515693326,-0.531323608659683
H86,2,1,L2L 2nd,2,NA,92,NA,NA,NA,NA,NA,NA,NA,NA,NA,NA,NA,Production,Prod-03,NA,NA,NA,1,1,NA,hacen el globo a explotar,DP,Articles,Masculine,Singular,NA,NA,NA,L2L,2nd,Early,No,NA,0,92,2026,1,NA,NA,NA,-1.3817749943983892,-1.5205947563725386
H86,2,1,L2L 2nd,2,NA,92,NA,NA,NA,NA,NA,NA,NA,NA,NA,NA,NA,Production,Prod-05,NA,NA,NA,1,1,NA,está comiendo la pizza,DP,Articles,Feminine,Singular,NA,NA,NA,L2L,2nd,Early,No,NA,0,92,2026,1,NA,NA,NA,-1.3817749943983892,-1.5205947563725386
H86,2,1,L2L 2nd,2,NA,92,NA,NA,NA,NA,NA,NA,NA,NA,NA,NA,NA,Production,Prod-07,NA,NA,NA,1,1,NA,están contando los números,DP,Articles,Masculine,Plural,NA,NA,NA,L2L,2nd,Early,No,NA,0,92,2026,1,NA,NA,NA,-1.3817749943983892,-1.5205947563725386
H86,2,1,L2L 2nd,2,NA,92,NA,NA,NA,NA,NA,NA,NA,NA,NA,NA,NA,Production,Prod-09,NA,NA,NA,1,1,NA,están poniendo las chaquetas,DP,Articles,Feminine,Plural,NA,NA,NA,L2L,2nd,Early,No,NA,0,92,2026,1,NA,NA,NA,-1.3817749943983892,-1.5205947563725386
H86,2,1,L2L 2nd,2,NA,92,NA,NA,NA,NA,NA,NA,NA,NA,NA,NA,NA,Production,Prod-11,NA,NA,NA,1,1,NA,están lavando el perro,DP,Articles,Masculine,Singular,NA,NA,NA,L2L,2nd,Early,No,NA,0,92,2026,1,NA,NA,NA,-1.3817749943983892,-1.5205947563725386
H86,2,1,L2L 2nd,2,NA,92,NA,NA,NA,NA,NA,NA,NA,NA,NA,NA,NA,Production,Prod-13,NA,NA,NA,1,1,NA,están oyendo la música,DP,Articles,Feminine,Singular,NA,NA,NA,L2L,2nd,Early,No,NA,0,92,2026,1,NA,NA,NA,-1.3817749943983892,-1.5205947563725386
H86,2,1,L2L 2nd,2,NA,92,NA,NA,NA,NA,NA,NA,NA,NA,NA,NA,NA,Production,Prod-15,NA,NA,NA,1,1,NA,están cogiendo los libros,DP,Articles,Masculine,Plural,NA,NA,NA,L2L,2nd,Early,No,NA,0,92,2026,1,NA,NA,NA,-1.3817749943983892,-1.5205947563725386
H86,2,1,L2L 2nd,2,NA,92,NA,NA,NA,NA,NA,NA,NA,NA,NA,NA,NA,Production,Prod-17,NA,NA,NA,1,1,NA,están comiendo las galletas,DP,Articles,Feminine,Plural,NA,NA,NA,L2L,2nd,Early,No,NA,0,92,2026,1,NA,NA,NA,-1.3817749943983892,-1.5205947563725386
H86,2,1,L2L 2nd,2,NA,92,NA,NA,NA,NA,NA,NA,NA,NA,NA,NA,NA,Production,Prod-19,NA,NA,NA,1,1,NA,están cocinando el pescado,DP,Articles,Masculine,Singular,NA,NA,NA,L2L,2nd,Early,No,NA,0,92,2026,1,NA,NA,NA,-1.3817749943983892,-1.5205947563725386
H86,2,1,L2L 2nd,2,NA,92,NA,NA,NA,NA,NA,NA,NA,NA,NA,NA,NA,Production,Prod-21,NA,NA,NA,1,1,NA,están cerrando la puerta,NA,Articles,Feminine,Singular,NA,NA,NA,L2L,2nd,Early,No,NA,0,92,2026,1,NA,NA,NA,-1.3817749943983892,-1.5205947563725386
H86,2,1,L2L 2nd,2,NA,92,NA,NA,NA,NA,NA,NA,NA,NA,NA,NA,NA,Production,Prod-23,NA,NA,NA,1,1,NA,están tocando los instrumentos,DP,Articles,Masculine,Plural,NA,NA,NA,L2L,2nd,Early,No,NA,0,92,2026,1,NA,NA,NA,-1.3817749943983892,-1.5205947563725386
H87,2,1,NA,3,NA,110,NA,NA,NA,NA,NA,NA,NA,NA,NA,NA,NA,Production,Prod-03,NA,NA,NA,1,1,NA,popear el globo,DP,Articles,Masculine,Singular,NA,NA,NA,L2L,NA,Early,No,NA,0,110,2026,1,NA,NA,NA,-0.6924435597225671,-0.8846347328428457
H87,2,1,NA,3,NA,110,NA,NA,NA,NA,NA,NA,NA,NA,NA,NA,NA,Production,Prod-05,NA,NA,NA,1,1,NA,carta la pizza,DP,Articles,Feminine,Singular,NA,NA,NA,L2L,NA,Early,No,NA,0,110,2026,1,NA,NA,NA,-0.6924435597225671,-0.8846347328428457
H87,2,1,NA,3,NA,110,NA,NA,NA,NA,NA,NA,NA,NA,NA,NA,NA,Production,Prod-07,NA,NA,NA,1,1,NA,contan los números,DP,Articles,Masculine,Plural,NA,NA,NA,L2L,NA,Early,No,NA,0,110,2026,1,NA,NA,NA,-0.6924435597225671,-0.8846347328428457
H87,2,1,NA,3,NA,110,NA,NA,NA,NA,NA,NA,NA,NA,NA,NA,NA,Production,Prod-13,NA,NA,NA,0,1,NA,jugar con el música,Gender,Articles,Feminine,Singular,NA,NA,NA,L2L,NA,Early,No,NA,0,110,2026,0,NA,NA,NA,-0.6924435597225671,-0.8846347328428457
H87,2,1,NA,3,NA,110,NA,NA,NA,NA,NA,NA,NA,NA,NA,NA,NA,Production,Prod-15,NA,NA,NA,1,1,NA,sacar los libros,DP,Articles,Masculine,Plural,NA,NA,NA,L2L,NA,Early,No,NA,0,110,2026,1,NA,NA,NA,-0.6924435597225671,-0.8846347328428457
H87,2,1,NA,3,NA,110,NA,NA,NA,NA,NA,NA,NA,NA,NA,NA,NA,Production,Prod-17,NA,NA,NA,1,1,NA,comen las galletas,DP,Articles,Feminine,Plural,NA,NA,NA,L2L,NA,Early,No,NA,0,110,2026,1,NA,NA,NA,-0.6924435597225671,-0.8846347328428457
H87,2,1,NA,3,NA,110,NA,NA,NA,NA,NA,NA,NA,NA,NA,NA,NA,Production,Prod-19,NA,NA,NA,1,1,NA,cocinan el pescado,NA,Articles,Masculine,Singular,NA,NA,NA,L2L,NA,Early,No,NA,0,110,2026,1,NA,NA,NA,-0.6924435597225671,-0.8846347328428457
H87,2,1,NA,3,NA,110,NA,NA,NA,NA,NA,NA,NA,NA,NA,NA,NA,Production,Prod-21,NA,NA,NA,1,1,NA,cierran la puerta,DP,Articles,Feminine,Singular,NA,NA,NA,L2L,NA,Early,No,NA,0,110,2026,1,NA,NA,NA,-0.6924435597225671,-0.8846347328428457
H87,2,1,NA,3,NA,110,NA,NA,NA,NA,NA,NA,NA,NA,NA,NA,NA,Production,Prod-23,NA,NA,NA,1,1,NA,jugando con la música,DP,Articles,Masculine,Plural,NA,NA,NA,L2L,NA,Early,No,NA,0,110,2026,1,NA,NA,NA,-0.6924435597225671,-0.8846347328428457
H88,2,1,NA,3,NA,109,NA,NA,NA,NA,NA,NA,NA,NA,NA,NA,NA,Production,Prod-05,NA,NA,NA,0,1,NA,comiendo el pizza,Gender,Articles,Feminine,Singular,NA,NA,NA,HS,NA,Early,No,NA,0,109,2026,0,NA,NA,NA,-0.7307397505378905,-0.919965845261162
H88,2,1,NA,3,NA,109,NA,NA,NA,NA,NA,NA,NA,NA,NA,NA,NA,Production,Prod-07,NA,NA,NA,1,1,NA,está contando los números en orden,DP,Articles,Masculine,Plural,NA,NA,NA,HS,NA,Early,No,NA,0,109,2026,1,NA,NA,NA,-0.7307397505378905,-0.919965845261162
H88,2,1,NA,3,NA,109,NA,NA,NA,NA,NA,NA,NA,NA,NA,NA,NA,Production,Prod-09,NA,NA,NA,0,1,NA,están tocando los chaquetas,DP,Articles,Feminine,Plural,NA,NA,NA,HS,NA,Early,No,NA,0,109,2026,0,NA,NA,NA,-0.7307397505378905,-0.919965845261162
H88,2,1,NA,3,NA,109,NA,NA,NA,NA,NA,NA,NA,NA,NA,NA,NA,Production,Prod-11,NA,NA,NA,1,1,NA,está bathing el perro,DP,Articles,Masculine,Singular,NA,NA,NA,HS,NA,Early,No,NA,0,109,2026,1,NA,NA,NA,-0.7307397505378905,-0.919965845261162
H88,2,1,NA,3,NA,109,NA,NA,NA,NA,NA,NA,NA,NA,NA,NA,NA,Production,Prod-13,NA,NA,NA,1,1,NA,está escuchando a la música,DP,Articles,Feminine,Singular,NA,NA,NA,HS,NA,Early,No,NA,0,109,2026,1,NA,NA,NA,-0.7307397505378905,-0.919965845261162
H88,2,1,NA,3,NA,109,NA,NA,NA,NA,NA,NA,NA,NA,NA,NA,NA,Production,Prod-15,NA,NA,NA,1,1,NA,está poniendo los libros en una mesa,NA,Articles,Masculine,Plural,NA,NA,NA,HS,NA,Early,No,NA,0,109,2026,1,NA,NA,NA,-0.7307397505378905,-0.919965845261162
H88,2,1,NA,3,NA,109,NA,NA,NA,NA,NA,NA,NA,NA,NA,NA,NA,Production,Prod-17,NA,NA,NA,0,1,NA,está comiendo los galletas,Gender,Articles,Feminine,Plural,NA,NA,NA,HS,NA,Early,No,NA,0,109,2026,0,NA,NA,NA,-0.7307397505378905,-0.919965845261162
H88,2,1,NA,3,NA,109,NA,NA,NA,NA,NA,NA,NA,NA,NA,NA,NA,Production,Prod-19,NA,NA,NA,1,1,NA,están cocinando con el pescado,DP,Articles,Masculine,Singular,NA,NA,NA,HS,NA,Early,No,NA,0,109,2026,1,NA,NA,NA,-0.7307397505378905,-0.919965845261162
H88,2,1,NA,3,NA,109,NA,NA,NA,NA,NA,NA,NA,NA,NA,NA,NA,Production,Prod-21,NA,NA,NA,0,1,NA,está abriendo el puerta,Gender,Articles,Feminine,Singular,NA,NA,NA,HS,NA,Early,No,NA,0,109,2026,0,NA,NA,NA,-0.7307397505378905,-0.919965845261162
H88,2,1,NA,3,NA,109,NA,NA,NA,NA,NA,NA,NA,NA,NA,NA,NA,Production,Prod-25,NA,NA,NA,1,1,NA,está poniendo los mascarillas,DP,Articles,Feminine,Plural,NA,NA,NA,HS,NA,Early,No,NA,0,109,2026,1,NA,NA,NA,-0.7307397505378905,-0.919965845261162
H89,2,1,L2L 4th/5th,4,NA,120,NA,NA,NA,NA,NA,NA,NA,NA,NA,NA,NA,Production,Prod-05,NA,NA,NA,0,1,NA,cortando el pizza,Gender,Articles,Feminine,Singular,NA,NA,NA,L2L,4th/5th,Early,No,NA,0,120,2026,0,NA,NA,NA,-0.3094816515693326,-0.531323608659683
H89,2,1,L2L 4th/5th,4,NA,120,NA,NA,NA,NA,NA,NA,NA,NA,NA,NA,NA,Production,Prod-07,NA,NA,NA,1,1,NA,se cuentan los números,DP,Articles,Masculine,Plural,NA,NA,NA,L2L,4th/5th,Early,No,NA,0,120,2026,1,NA,NA,NA,-0.3094816515693326,-0.531323608659683
H89,2,1,L2L 4th/5th,4,NA,120,NA,NA,NA,NA,NA,NA,NA,NA,NA,NA,NA,Production,Prod-11,NA,NA,NA,1,1,NA,se ponen el perro al baño,DP,Articles,Masculine,Singular,NA,NA,NA,L2L,4th/5th,Early,No,NA,0,120,2026,1,NA,NA,NA,-0.3094816515693326,-0.531323608659683
H89,2,1,L2L 4th/5th,4,NA,120,NA,NA,NA,NA,NA,NA,NA,NA,NA,NA,NA,Production,Prod-15,NA,NA,NA,1,1,NA,ponen los libros,DP,Articles,Masculine,Plural,NA,NA,NA,L2L,4th/5th,Early,No,NA,0,120,2026,1,NA,NA,NA,-0.3094816515693326,-0.531323608659683
H89,2,1,L2L 4th/5th,4,NA,120,NA,NA,NA,NA,NA,NA,NA,NA,NA,NA,NA,Production,Prod-17,NA,NA,NA,1,1,NA,le comen las galletas,DP,Articles,Feminine,Plural,NA,NA,NA,L2L,4th/5th,Early,No,NA,0,120,2026,1,NA,NA,NA,-0.3094816515693326,-0.531323608659683
H89,2,1,L2L 4th/5th,4,NA,120,NA,NA,NA,NA,NA,NA,NA,NA,NA,NA,NA,Production,Prod-23,NA,NA,NA,1,1,NA,se tocan los instrumentos,DP,Articles,Masculine,Plural,NA,NA,NA,L2L,4th/5th,Early,No,NA,0,120,2026,1,NA,NA,NA,-0.3094816515693326,-0.531323608659683
H89,2,1,L2L 4th/5th,4,NA,120,NA,NA,NA,NA,NA,NA,NA,NA,NA,NA,NA,Production,Prod-25,NA,NA,NA,1,1,NA,se ponen las mascarillas,DP,Articles,Feminine,Plural,NA,NA,NA,L2L,4th/5th,Early,No,NA,0,120,2026,1,NA,NA,NA,-0.3094816515693326,-0.531323608659683
H90,2,1,L2L 4th/5th,4,NA,122,NA,NA,NA,NA,NA,NA,NA,NA,NA,NA,NA,Production,Prod-03,NA,NA,NA,1,1,NA,estaba rompiendo los globos,DP,Articles,Masculine,Singular,NA,NA,NA,L2L,4th/5th,Early,No,NA,0,122,2026,1,NA,NA,NA,-0.2328892699386857,-0.4606613838230504
H90,2,1,L2L 4th/5th,4,NA,122,NA,NA,NA,NA,NA,NA,NA,NA,NA,NA,NA,Production,Prod-05,NA,NA,NA,1,1,NA,están comiendo la pizza,DP,Articles,Feminine,Singular,NA,NA,NA,L2L,4th/5th,Early,No,NA,0,122,2026,1,NA,NA,NA,-0.2328892699386857,-0.4606613838230504
H90,2,1,L2L 4th/5th,4,NA,122,NA,NA,NA,NA,NA,NA,NA,NA,NA,NA,NA,Production,Prod-11,NA,NA,NA,1,1,NA,estaba lavando el perro,DP,Articles,Masculine,Singular,NA,NA,NA,L2L,4th/5th,Early,No,NA,0,122,2026,1,NA,NA,NA,-0.2328892699386857,-0.4606613838230504
H90,2,1,L2L 4th/5th,4,NA,122,NA,NA,NA,NA,NA,NA,NA,NA,NA,NA,NA,Production,Prod-13,0,NA,NA,1,1,NA,estaba oyendo la música,DP,Articles,Feminine,Singular,NA,NA,NA,L2L,4th/5th,Early,No,NA,0,122,2026,1,NA,NA,NA,-0.2328892699386857,-0.4606613838230504
H90,2,1,L2L 4th/5th,4,NA,122,NA,NA,NA,NA,NA,NA,NA,NA,NA,NA,NA,Production,Prod-15,NA,NA,NA,1,1,NA,poniendo los libros,DP,Articles,Masculine,Plural,NA,NA,NA,L2L,4th/5th,Early,No,NA,0,122,2026,1,NA,NA,NA,-0.2328892699386857,-0.4606613838230504
H91,1,1,L2L 2nd,2,NA,102,NA,NA,NA,NA,NA,NA,NA,NA,NA,NA,NA,Production,Prod-03,NA,NA,NA,1,1,NA,romper el globo,DP,Articles,Masculine,Singular,NA,NA,NA,L2L,2nd,Early,No,NA,0,102,2023,1,NA,NA,NA,-0.9988130862451546,-1.1672836321893758
H91,1,1,L2L 2nd,2,NA,102,NA,NA,NA,NA,NA,NA,NA,NA,NA,NA,NA,Production,Prod-05,NA,NA,NA,0,1,NA,comen el pizza,Gender,Articles,Feminine,Singular,NA,NA,NA,L2L,2nd,Early,No,NA,0,102,2023,0,NA,NA,NA,-0.9988130862451546,-1.1672836321893758
H91,1,1,L2L 2nd,2,NA,102,NA,NA,NA,NA,NA,NA,NA,NA,NA,NA,NA,Production,Prod-11,NA,NA,NA,1,1,NA,bañando el perro,DP,Articles,Masculine,Singular,NA,NA,NA,L2L,2nd,Early,No,NA,0,102,2023,1,NA,NA,NA,-0.9988130862451546,-1.1672836321893758
H91,1,1,L2L 2nd,2,NA,102,NA,NA,NA,NA,NA,NA,NA,NA,NA,NA,NA,Production,Prod-13,NA,NA,NA,1,1,NA,están escuchando la música,DP,Articles,Feminine,Singular,NA,NA,NA,L2L,2nd,Early,No,NA,0,102,2023,1,NA,NA,NA,-0.9988130862451546,-1.1672836321893758
H91,1,1,L2L 2nd,2,NA,102,NA,NA,NA,NA,NA,NA,NA,NA,NA,NA,NA,Production,Prod-15,NA,NA,NA,1,1,NA,poner el libro en,DP,Articles,Masculine,Plural,NA,NA,NA,L2L,2nd,Early,No,NA,0,102,2023,1,NA,NA,NA,-0.9988130862451546,-1.1672836321893758
H91,1,1,L2L 2nd,2,NA,102,NA,NA,NA,NA,NA,NA,NA,NA,NA,NA,NA,Production,Prod-17,NA,NA,NA,1,1,NA,comiendo las galletas,DP,Articles,Feminine,Plural,NA,NA,NA,L2L,2nd,Early,No,NA,0,102,2023,1,NA,NA,NA,-0.9988130862451546,-1.1672836321893758
H91,1,1,L2L 2nd,2,NA,102,NA,NA,NA,NA,NA,NA,NA,NA,NA,NA,NA,Production,Prod-19,NA,NA,NA,1,1,NA,cocinando el pez,DP,Articles,Masculine,Singular,NA,NA,NA,L2L,2nd,Early,No,NA,0,102,2023,1,NA,NA,NA,-0.9988130862451546,-1.1672836321893758
H91,1,1,L2L 2nd,2,NA,102,NA,NA,NA,NA,NA,NA,NA,NA,NA,NA,NA,Production,Prod-21,NA,NA,NA,1,1,NA,cierran la puerta,DP,Articles,Feminine,Singular,NA,NA,NA,L2L,2nd,Early,No,NA,0,102,2023,1,NA,NA,NA,-0.9988130862451546,-1.1672836321893758
H91,1,1,L2L 2nd,2,NA,102,NA,NA,NA,NA,NA,NA,NA,NA,NA,NA,NA,Production,Prod-23,NA,NA,NA,1,1,NA,sonando los instrumentos,DP,Articles,Masculine,Plural,NA,NA,NA,L2L,2nd,Early,No,NA,0,102,2023,1,NA,NA,NA,-0.9988130862451546,-1.1672836321893758
H91,1,1,L2L 2nd,2,NA,102,NA,NA,NA,NA,NA,NA,NA,NA,NA,NA,NA,Production,Prod-25,NA,NA,NA,1,1,NA,se ponen las mascarillas,DP,Articles,Feminine,Plural,NA,NA,NA,L2L,2nd,Early,No,NA,0,102,2023,1,NA,NA,NA,-0.9988130862451546,-1.1672836321893758
H93,2,1,NA,6,NA,146,NA,NA,NA,NA,NA,NA,NA,NA,NA,NA,NA,Production,Prod-05,NA,NA,NA,0,1,NA,come el pizza,Gender,Articles,Feminine,Singular,NA,NA,NA,L2L,NA,Early,No,NA,0,146,2026,0,NA,NA,NA,0.6862193096290771,0.3872853142165403
H93,2,1,NA,6,NA,146,NA,NA,NA,NA,NA,NA,NA,NA,NA,NA,NA,Production,Prod-11,NA,NA,NA,1,1,NA,lavas el perro,DP,Articles,Masculine,Singular,NA,NA,NA,L2L,NA,Early,No,NA,0,146,2026,1,NA,NA,NA,0.6862193096290771,0.3872853142165403
H93,2,1,NA,6,NA,146,NA,NA,NA,NA,NA,NA,NA,NA,NA,NA,NA,Production,Prod-15,NA,NA,NA,1,1,NA,pone el libro en el mesa,DP,Articles,Masculine,Plural,NA,NA,NA,L2L,NA,Early,No,NA,0,146,2026,1,NA,NA,NA,0.6862193096290771,0.3872853142165403
H93,2,1,NA,6,NA,146,NA,NA,NA,NA,NA,NA,NA,NA,NA,NA,NA,Production,Prod-17,NA,NA,NA,0,1,NA,comes los galletas,DP,Articles,Feminine,Plural,NA,NA,NA,L2L,NA,Early,No,NA,0,146,2026,0,NA,NA,NA,0.6862193096290771,0.3872853142165403
H93,2,1,NA,6,NA,146,NA,NA,NA,NA,NA,NA,NA,NA,NA,NA,NA,Production,Prod-19,NA,NA,NA,1,1,NA,cocinar el pez,DP,Articles,Masculine,Singular,NA,NA,NA,L2L,NA,Early,No,NA,0,146,2026,1,NA,NA,NA,0.6862193096290771,0.3872853142165403
H93,2,1,NA,6,NA,146,NA,NA,NA,NA,NA,NA,NA,NA,NA,NA,NA,Production,Prod-21,NA,NA,NA,0,1,NA,cerrar el puerta,NA,Articles,Feminine,Singular,NA,NA,NA,L2L,NA,Early,No,NA,0,146,2026,0,NA,NA,NA,0.6862193096290771,0.3872853142165403
H93,2,1,NA,6,NA,146,NA,NA,NA,NA,NA,NA,NA,NA,NA,NA,NA,Production,Prod-23,NA,NA,NA,0,1,NA,jugar con el guitarra,DP,Articles,Masculine,Plural,NA,NA,NA,L2L,NA,Early,No,NA,0,146,2026,0,NA,NA,NA,0.6862193096290771,0.3872853142165403
H93,2,1,NA,6,NA,146,NA,NA,NA,NA,NA,NA,NA,NA,NA,NA,NA,Production,Prod-25,NA,NA,NA,0,1,NA,se pone el mascarilla,Gender,Articles,Feminine,Plural,NA,NA,NA,L2L,NA,Early,No,NA,0,146,2026,0,NA,NA,NA,0.6862193096290771,0.3872853142165403
H94,2,1,NA,6,NA,141,NA,NA,NA,NA,NA,NA,NA,NA,NA,NA,NA,Production,Prod-03,NA,NA,NA,1,1,NA,se destruir el globo,DP,Articles,Masculine,Singular,NA,NA,NA,L2L,NA,Early,No,NA,0,141,2026,1,NA,NA,NA,0.4947383555524599,0.21062975212495888
H94,2,1,NA,6,NA,141,NA,NA,NA,NA,NA,NA,NA,NA,NA,NA,NA,Production,Prod-05,NA,NA,NA,0,1,NA,comen el pizza,Gender,Articles,Feminine,Singular,NA,NA,NA,L2L,NA,Early,No,NA,0,141,2026,0,NA,NA,NA,0.4947383555524599,0.21062975212495888
H94,2,1,NA,6,NA,141,NA,NA,NA,NA,NA,NA,NA,NA,NA,NA,NA,Production,Prod-07,NA,NA,NA,1,1,NA,está leyendo los números,DP,Articles,Masculine,Plural,NA,NA,NA,L2L,NA,Early,No,NA,0,141,2026,1,NA,NA,NA,0.4947383555524599,0.21062975212495888
H94,2,1,NA,6,NA,141,NA,NA,NA,NA,NA,NA,NA,NA,NA,NA,NA,Production,Prod-11,NA,NA,NA,0,1,NA,limpian la perro,Gender,Articles,Masculine,Singular,NA,NA,NA,L2L,NA,Early,No,NA,0,141,2026,0,NA,NA,NA,0.4947383555524599,0.21062975212495888
H94,2,1,NA,6,NA,141,NA,NA,NA,NA,NA,NA,NA,NA,NA,NA,NA,Production,Prod-13,NA,NA,NA,1,1,NA,escuchan la música,NA,Articles,Feminine,Singular,NA,NA,NA,L2L,NA,Early,No,NA,0,141,2026,1,NA,NA,NA,0.4947383555524599,0.21062975212495888
H94,2,1,NA,6,NA,141,NA,NA,NA,NA,NA,NA,NA,NA,NA,NA,NA,Production,Prod-15,NA,NA,NA,1,1,NA,se puse los libros en un mesa,DP,Articles,Masculine,Plural,NA,NA,NA,L2L,NA,Early,No,NA,0,141,2026,1,NA,NA,NA,0.4947383555524599,0.21062975212495888
H94,2,1,NA,6,NA,141,NA,NA,NA,NA,NA,NA,NA,NA,NA,NA,NA,Production,Prod-17,NA,NA,NA,0,1,NA,comen los galletas,NA,Articles,Feminine,Plural,NA,NA,NA,L2L,NA,Early,No,NA,0,141,2026,0,NA,NA,NA,0.4947383555524599,0.21062975212495888
H94,2,1,NA,6,NA,141,NA,NA,NA,NA,NA,NA,NA,NA,NA,NA,NA,Production,Prod-19,NA,NA,NA,0,1,NA,está cocinado la pescado,Gender,Articles,Masculine,Singular,NA,NA,NA,L2L,NA,Early,No,NA,0,141,2026,0,NA,NA,NA,0.4947383555524599,0.21062975212495888
H94,2,1,NA,6,NA,141,NA,NA,NA,NA,NA,NA,NA,NA,NA,NA,NA,Production,Prod-21,NA,NA,NA,1,1,NA,cerran la puerta,DP,Articles,Feminine,Singular,NA,NA,NA,L2L,NA,Early,No,NA,0,141,2026,1,NA,NA,NA,0.4947383555524599,0.21062975212495888
H94,2,1,NA,6,NA,141,NA,NA,NA,NA,NA,NA,NA,NA,NA,NA,NA,Production,Prod-23,NA,NA,NA,1,1,NA,jugan los instrumentos,DP,Articles,Masculine,Plural,NA,NA,NA,L2L,NA,Early,No,NA,0,141,2026,1,NA,NA,NA,0.4947383555524599,0.21062975212495888
H94,2,1,NA,6,NA,141,NA,NA,NA,NA,NA,NA,NA,NA,NA,NA,NA,Production,Prod-25,NA,NA,NA,0,1,NA,van a ??? los mascarillas,Gender,Articles,Feminine,Plural,NA,NA,NA,L2L,NA,Early,No,NA,0,141,2026,0,NA,NA,NA,0.4947383555524599,0.21062975212495888
H95,2,1,L2L 7th/8th,8,NA,173,NA,NA,NA,NA,NA,NA,NA,NA,NA,NA,NA,Production,Prod-05,NA,NA,NA,1,1,NA,comer la pizza,DP,Articles,Feminine,Singular,NA,NA,NA,L2L,7th/8th,Early,No,NA,0,173,2026,1,NA,NA,NA,1.7202164616428102,1.3412253495110797
H95,2,1,L2L 7th/8th,8,NA,173,NA,NA,NA,NA,NA,NA,NA,NA,NA,NA,NA,Production,Prod-11,NA,NA,NA,0,1,NA,ayudar a la perro,Gender,Articles,Masculine,Singular,NA,NA,NA,L2L,7th/8th,Early,No,NA,0,173,2026,0,NA,NA,NA,1.7202164616428102,1.3412253495110797
H95,2,1,L2L 7th/8th,8,NA,173,NA,NA,NA,NA,NA,NA,NA,NA,NA,NA,NA,Production,Prod-13,NA,NA,NA,1,1,NA,escuchar a la música,DP,Articles,Feminine,Singular,NA,NA,NA,L2L,7th/8th,Early,No,NA,0,173,2026,1,NA,NA,NA,1.7202164616428102,1.3412253495110797
H95,2,1,L2L 7th/8th,8,NA,173,NA,NA,NA,NA,NA,NA,NA,NA,NA,NA,NA,Production,Prod-17,NA,NA,NA,1,1,NA,usan a la comida,DP,Articles,Feminine,Plural,NA,NA,NA,L2L,7th/8th,Early,No,NA,0,173,2026,1,NA,NA,NA,1.7202164616428102,1.3412253495110797
H95,2,1,L2L 7th/8th,8,NA,173,NA,NA,NA,NA,NA,NA,NA,NA,NA,NA,NA,Production,Prod-19,NA,NA,NA,1,1,NA,preparar la comida,DP,Articles,Masculine,Singular,NA,NA,NA,L2L,7th/8th,Early,No,NA,0,173,2026,1,NA,NA,NA,1.7202164616428102,1.3412253495110797
H95,2,1,L2L 7th/8th,8,NA,173,NA,NA,NA,NA,NA,NA,NA,NA,NA,NA,NA,Production,Prod-21,NA,NA,NA,1,1,NA,cerrar la puerta,DP,Articles,Feminine,Singular,NA,NA,NA,L2L,7th/8th,Early,No,NA,0,173,2026,1,NA,NA,NA,1.7202164616428102,1.3412253495110797
H96,2,1,L2L 7th/8th,8,NA,175,NA,NA,NA,NA,NA,NA,NA,NA,NA,NA,NA,Production,Prod-03,NA,NA,NA,1,1,NA,jugando con unos globos,DP,Articles,Masculine,Singular,NA,NA,NA,L2L,7th/8th,Early,No,NA,0,175,2026,1,NA,NA,NA,1.7968088432734572,1.4118875743477124
H96,2,1,L2L 7th/8th,8,NA,175,NA,NA,NA,NA,NA,NA,NA,NA,NA,NA,NA,Production,Prod-05,NA,NA,NA,1,1,NA,están comiendo la pizza,DP,Articles,Feminine,Singular,NA,NA,NA,L2L,7th/8th,Early,No,NA,0,175,2026,1,NA,NA,NA,1.7968088432734572,1.4118875743477124
H96,2,1,L2L 7th/8th,8,NA,175,NA,NA,NA,NA,NA,NA,NA,NA,NA,NA,NA,Production,Prod-07,NA,NA,NA,1,1,NA,están contando,Omission,Articles,Masculine,Plural,NA,NA,NA,L2L,7th/8th,Early,No,NA,0,175,2026,1,NA,NA,NA,1.7968088432734572,1.4118875743477124
H96,2,1,L2L 7th/8th,8,NA,175,NA,NA,NA,NA,NA,NA,NA,NA,NA,NA,NA,Production,Prod-23,NA,NA,NA,1,1,NA,están tocando los instrumentos,DP,Articles,Masculine,Plural,NA,NA,NA,L2L,7th/8th,Early,No,NA,0,175,2026,1,NA,NA,NA,1.7968088432734572,1.4118875743477124
H96,2,1,L2L 7th/8th,8,NA,175,NA,NA,NA,NA,NA,NA,NA,NA,NA,NA,NA,Production,Prod-25,NA,NA,NA,1,1,NA,están poniendo las mascarillas,DP,Articles,Feminine,Plural,NA,NA,NA,L2L,7th/8th,Early,No,NA,0,175,2026,1,NA,NA,NA,1.7968088432734572,1.4118875743477124
H97,2,1,NA,6,NA,141,NA,NA,NA,NA,NA,NA,NA,NA,NA,NA,NA,Production,Prod-03,NA,NA,NA,1,1,NA,derrotar el globo,DP,Articles,Masculine,Singular,NA,NA,NA,L2L,NA,Early,No,NA,0,141,2026,1,NA,NA,NA,0.4947383555524599,0.21062975212495888
H97,2,1,NA,6,NA,141,NA,NA,NA,NA,NA,NA,NA,NA,NA,NA,NA,Production,Prod-05,NA,NA,NA,0,1,NA,comiendo todo el pizza,Gender,Articles,Feminine,Singular,NA,NA,NA,L2L,NA,Early,No,NA,0,141,2026,0,NA,NA,NA,0.4947383555524599,0.21062975212495888
H97,2,1,NA,6,NA,141,NA,NA,NA,NA,NA,NA,NA,NA,NA,NA,NA,Production,Prod-07,NA,NA,NA,1,1,NA,están contando todos los números,DP,Articles,Masculine,Plural,NA,NA,NA,L2L,NA,Early,No,NA,0,141,2026,1,NA,NA,NA,0.4947383555524599,0.21062975212495888
H97,2,1,NA,6,NA,141,NA,NA,NA,NA,NA,NA,NA,NA,NA,NA,NA,Production,Prod-09,NA,NA,NA,1,1,NA,sacan las chaquetas,DP,Articles,Feminine,Plural,NA,NA,NA,L2L,NA,Early,No,NA,0,141,2026,1,NA,NA,NA,0.4947383555524599,0.21062975212495888
H97,2,1,NA,6,NA,141,NA,NA,NA,NA,NA,NA,NA,NA,NA,NA,NA,Production,Prod-11,NA,NA,NA,1,1,NA,bañando el perro,DP,Articles,Masculine,Singular,NA,NA,NA,L2L,NA,Early,No,NA,0,141,2026,1,NA,NA,NA,0.4947383555524599,0.21062975212495888
H97,2,1,NA,6,NA,141,NA,NA,NA,NA,NA,NA,NA,NA,NA,NA,NA,Production,Prod-15,NA,NA,NA,1,1,NA,ponen los libros en la mesa,DP,Articles,Masculine,Plural,NA,NA,NA,L2L,NA,Early,No,NA,0,141,2026,1,NA,NA,NA,0.4947383555524599,0.21062975212495888
H97,2,1,NA,6,NA,141,NA,NA,NA,NA,NA,NA,NA,NA,NA,NA,NA,Production,Prod-17,NA,NA,NA,0,1,NA,comen todos los galletas,Gender,Articles,Feminine,Plural,NA,NA,NA,L2L,NA,Early,No,NA,0,141,2026,0,NA,NA,NA,0.4947383555524599,0.21062975212495888
H97,2,1,NA,6,NA,141,NA,NA,NA,NA,NA,NA,NA,NA,NA,NA,NA,Production,Prod-19,NA,NA,NA,1,1,NA,cocinando el pescado,DP,Articles,Masculine,Singular,NA,NA,NA,L2L,NA,Early,No,NA,0,141,2026,1,NA,NA,NA,0.4947383555524599,0.21062975212495888
H97,2,1,NA,6,NA,141,NA,NA,NA,NA,NA,NA,NA,NA,NA,NA,NA,Production,Prod-21,NA,NA,NA,1,1,NA,van a cerrar la puerta,DP,Articles,Feminine,Singular,NA,NA,NA,L2L,NA,Early,No,NA,0,141,2026,1,NA,NA,NA,0.4947383555524599,0.21062975212495888
H97,2,1,NA,6,NA,141,NA,NA,NA,NA,NA,NA,NA,NA,NA,NA,NA,Production,Prod-23,NA,NA,NA,1,1,NA,tocan los instrumentos,DP,Articles,Masculine,Plural,NA,NA,NA,L2L,NA,Early,No,NA,0,141,2026,1,NA,NA,NA,0.4947383555524599,0.21062975212495888
H97,2,1,NA,6,NA,141,NA,NA,NA,NA,NA,NA,NA,NA,NA,NA,NA,Production,Prod-25,NA,NA,NA,0,1,NA,los niños ponen los mascarillas,Gender,Articles,Feminine,Plural,NA,NA,NA,L2L,NA,Early,No,NA,0,141,2026,0,NA,NA,NA,0.4947383555524599,0.21062975212495888
H98,2,1,NA,6,NA,150,NA,NA,NA,NA,NA,NA,NA,Heritage Spanish,NA,NA,NA,Production,Prod-03,NA,NA,NA,1,1,NA,abrir el globo,DP,Articles,Masculine,Singular,NA,NA,NA,HS,NA,Early,No,NA,0,150,2026,1,NA,NA,NA,0.8394040728903709,0.5286097638898054
H98,2,1,NA,6,NA,150,NA,NA,NA,NA,NA,NA,NA,Heritage Spanish,NA,NA,NA,Production,Prod-05,NA,NA,NA,0,1,NA,están comiendo el pizza,Gender,Articles,Feminine,Singular,NA,NA,NA,HS,NA,Early,No,NA,0,150,2026,0,NA,NA,NA,0.8394040728903709,0.5286097638898054
H98,2,1,NA,6,NA,150,NA,NA,NA,NA,NA,NA,NA,Heritage Spanish,NA,NA,NA,Production,Prod-07,NA,NA,NA,1,1,NA,están contando los números,DP,Articles,Masculine,Plural,NA,NA,NA,HS,NA,Early,No,NA,0,150,2026,1,NA,NA,NA,0.8394040728903709,0.5286097638898054
H98,2,1,NA,6,NA,150,NA,NA,NA,NA,NA,NA,NA,Heritage Spanish,NA,NA,NA,Production,Prod-11,NA,NA,NA,1,1,NA,lavar al perro,DP,Articles,Masculine,Singular,NA,NA,NA,HS,NA,Early,No,NA,0,150,2026,1,NA,NA,NA,0.8394040728903709,0.5286097638898054
H98,2,1,NA,6,NA,150,NA,NA,NA,NA,NA,NA,NA,Heritage Spanish,NA,NA,NA,Production,Prod-13,NA,NA,NA,1,1,NA,están escuchando la música,DP,Articles,Feminine,Singular,NA,NA,NA,HS,NA,Early,No,NA,0,150,2026,1,NA,NA,NA,0.8394040728903709,0.5286097638898054
H98,2,1,NA,6,NA,150,NA,NA,NA,NA,NA,NA,NA,Heritage Spanish,NA,NA,NA,Production,Prod-15,NA,NA,NA,1,1,NA,tienen los libros,DP,Articles,Masculine,Plural,NA,NA,NA,HS,NA,Early,No,NA,0,150,2026,1,NA,NA,NA,0.8394040728903709,0.5286097638898054
H98,2,1,NA,6,NA,150,NA,NA,NA,NA,NA,NA,NA,Heritage Spanish,NA,NA,NA,Production,Prod-17,NA,NA,NA,0,1,NA,comen a los galletas,Gender,Articles,Feminine,Plural,NA,NA,NA,HS,NA,Early,No,NA,0,150,2026,0,NA,NA,NA,0.8394040728903709,0.5286097638898054
H98,2,1,NA,6,NA,150,NA,NA,NA,NA,NA,NA,NA,Heritage Spanish,NA,NA,NA,Production,Prod-19,NA,NA,NA,1,1,NA,están cocinando el pescado,DP,Articles,Masculine,Singular,NA,NA,NA,HS,NA,Early,No,NA,0,150,2026,1,NA,NA,NA,0.8394040728903709,0.5286097638898054
H98,2,1,NA,6,NA,150,NA,NA,NA,NA,NA,NA,NA,Heritage Spanish,NA,NA,NA,Production,Prod-21,NA,NA,NA,1,1,NA,abren y cierren la puerta,DP,Articles,Feminine,Singular,NA,NA,NA,HS,NA,Early,No,NA,0,150,2026,1,NA,NA,NA,0.8394040728903709,0.5286097638898054
H98,2,1,NA,6,NA,150,NA,NA,NA,NA,NA,NA,NA,Heritage Spanish,NA,NA,NA,Production,Prod-23,NA,NA,NA,1,1,NA,están tocando la guitarra,DP,Articles,Masculine,Plural,NA,NA,NA,HS,NA,Early,No,NA,0,150,2026,1,NA,NA,NA,0.8394040728903709,0.5286097638898054
H99,2,1,NA,6,NA,144,NA,NA,NA,NA,NA,NA,NA,NA,NA,NA,NA,Production,Prod-05,NA,NA,NA,1,1,NA,está comiendo la pizza,DP,Articles,Feminine,Singular,NA,NA,NA,L2L,NA,Early,No,NA,0,144,2026,1,NA,NA,NA,0.6096269279984302,0.3166230893799077
H99,2,1,NA,6,NA,144,NA,NA,NA,NA,NA,NA,NA,NA,NA,NA,NA,Production,Prod-13,NA,NA,NA,1,1,NA,escuchando la música,DP,Articles,Feminine,Singular,NA,NA,NA,L2L,NA,Early,No,NA,0,144,2026,1,NA,NA,NA,0.6096269279984302,0.3166230893799077
H99,2,1,NA,6,NA,144,NA,NA,NA,NA,NA,NA,NA,NA,NA,NA,NA,Production,Prod-15,NA,NA,NA,1,1,NA,poner en la mesa,DP,Articles,Masculine,Plural,NA,NA,NA,L2L,NA,Early,No,NA,0,144,2026,1,NA,NA,NA,0.6096269279984302,0.3166230893799077
H99,2,1,NA,6,NA,144,NA,NA,NA,NA,NA,NA,NA,NA,NA,NA,NA,Production,Prod-23,NA,NA,NA,1,1,NA,tocando los instrumentos,DP,Articles,Masculine,Plural,NA,NA,NA,L2L,NA,Early,No,NA,0,144,2026,1,NA,NA,NA,0.6096269279984302,0.3166230893799077
H100,2,1,NA,6,NA,150,NA,NA,NA,NA,NA,NA,NA,NA,NA,NA,NA,Production,Prod-03,NA,NA,NA,1,1,NA,le rompié el globo,DP,Articles,Masculine,Singular,NA,NA,NA,L2L,NA,Early,No,NA,0,150,2026,1,NA,NA,NA,0.8394040728903709,0.5286097638898054
H100,2,1,NA,6,NA,150,NA,NA,NA,NA,NA,NA,NA,NA,NA,NA,NA,Production,Prod-13,NA,NA,NA,1,1,NA,están escuchando la música,DP,Articles,Feminine,Singular,NA,NA,NA,L2L,NA,Early,No,NA,0,150,2026,1,NA,NA,NA,0.8394040728903709,0.5286097638898054
H100,2,1,NA,6,NA,150,NA,NA,NA,NA,NA,NA,NA,NA,NA,NA,NA,Production,Prod-19,NA,NA,NA,1,1,NA,cociendo el pez,NA,Articles,Masculine,Singular,NA,NA,NA,L2L,NA,Early,No,NA,0,150,2026,1,NA,NA,NA,0.8394040728903709,0.5286097638898054
H100,2,1,NA,6,NA,150,NA,NA,NA,NA,NA,NA,NA,NA,NA,NA,NA,Production,Prod-21,NA,NA,NA,1,1,NA,abrida la puerta,DP,Articles,Feminine,Singular,NA,NA,NA,L2L,NA,Early,No,NA,0,150,2026,1,NA,NA,NA,0.8394040728903709,0.5286097638898054
H100,2,1,NA,6,NA,150,NA,NA,NA,NA,NA,NA,NA,NA,NA,NA,NA,Production,Prod-23,NA,NA,NA,1,1,NA,jugando los instrumentos,DP,Articles,Masculine,Plural,NA,NA,NA,L2L,NA,Early,No,NA,0,150,2026,1,NA,NA,NA,0.8394040728903709,0.5286097638898054
H101,2,1,L2L 7th/8th,7,NA,151,NA,NA,NA,NA,NA,NA,NA,"French, Italian",No,Yes,Yes,Production,Prod-03,NA,NA,NA,1,1,NA,las niñas están punturando el globo,DP,Articles,Masculine,Singular,NA,NA,NA,L2L,7th/8th,Early,No,NA,0,151,2026,1,NA,NA,NA,0.8777002637056943,0.5639408763081216
H101,2,1,L2L 7th/8th,7,NA,151,NA,NA,NA,NA,NA,NA,NA,"French, Italian",No,Yes,Yes,Production,Prod-05,NA,NA,NA,1,1,NA,están comiendo la pizza,DP,Articles,Feminine,Singular,NA,NA,NA,L2L,7th/8th,Early,No,NA,0,151,2026,1,NA,NA,NA,0.8777002637056943,0.5639408763081216
H101,2,1,L2L 7th/8th,7,NA,151,NA,NA,NA,NA,NA,NA,NA,"French, Italian",No,Yes,Yes,Production,Prod-07,NA,NA,NA,1,1,NA,están contando los números,DP,Articles,Masculine,Plural,NA,NA,NA,L2L,7th/8th,Early,No,NA,0,151,2026,1,NA,NA,NA,0.8777002637056943,0.5639408763081216
H101,2,1,L2L 7th/8th,7,NA,151,NA,NA,NA,NA,NA,NA,NA,"French, Italian",No,Yes,Yes,Production,Prod-11,NA,NA,NA,1,1,NA,lavando el perro,DP,Articles,Masculine,Singular,NA,NA,NA,L2L,7th/8th,Early,No,NA,0,151,2026,1,NA,NA,NA,0.8777002637056943,0.5639408763081216
H101,2,1,L2L 7th/8th,7,NA,151,NA,NA,NA,NA,NA,NA,NA,"French, Italian",No,Yes,Yes,Production,Prod-13,NA,NA,NA,1,1,NA,están escuchando a la música,DP,Articles,Feminine,Singular,NA,NA,NA,L2L,7th/8th,Early,No,NA,0,151,2026,1,NA,NA,NA,0.8777002637056943,0.5639408763081216
H101,2,1,L2L 7th/8th,7,NA,151,NA,NA,NA,NA,NA,NA,NA,"French, Italian",No,Yes,Yes,Production,Prod-15,NA,NA,NA,1,1,NA,están metendo los libros,DP,Articles,Masculine,Plural,NA,NA,NA,L2L,7th/8th,Early,No,NA,0,151,2026,1,NA,NA,NA,0.8777002637056943,0.5639408763081216
H101,2,1,L2L 7th/8th,7,NA,151,NA,NA,NA,NA,NA,NA,NA,"French, Italian",No,Yes,Yes,Production,Prod-17,NA,NA,NA,1,1,NA,están comiendo las galletas,DP,Articles,Feminine,Plural,NA,NA,NA,L2L,7th/8th,Early,No,NA,0,151,2026,1,NA,NA,NA,0.8777002637056943,0.5639408763081216
H101,2,1,L2L 7th/8th,7,NA,151,NA,NA,NA,NA,NA,NA,NA,"French, Italian",No,Yes,Yes,Production,Prod-19,NA,NA,NA,1,1,NA,están cocinando el pescado,DP,Articles,Masculine,Singular,NA,NA,NA,L2L,7th/8th,Early,No,NA,0,151,2026,1,NA,NA,NA,0.8777002637056943,0.5639408763081216
H101,2,1,L2L 7th/8th,7,NA,151,NA,NA,NA,NA,NA,NA,NA,"French, Italian",No,Yes,Yes,Production,Prod-21,NA,NA,NA,1,1,NA,están cerrando la puerta,DP,Articles,Feminine,Singular,NA,NA,NA,L2L,7th/8th,Early,No,NA,0,151,2026,1,NA,NA,NA,0.8777002637056943,0.5639408763081216
H101,2,1,L2L 7th/8th,7,NA,151,NA,NA,NA,NA,NA,NA,NA,"French, Italian",No,Yes,Yes,Production,Prod-23,NA,NA,NA,1,1,NA,las niñas están jugando los instrumentos,DP,Articles,Masculine,Plural,NA,NA,NA,L2L,7th/8th,Early,No,NA,0,151,2026,1,NA,NA,NA,0.8777002637056943,0.5639408763081216
H102,2,1,NA,3,NA,112,NA,NA,NA,NA,NA,NA,NA,NA,NA,NA,NA,Production,Prod-03,NA,NA,NA,1,1,NA,rompen el globo,DP,Articles,Masculine,Singular,NA,NA,NA,L2L,NA,Early,No,NA,0,112,2026,1,NA,NA,NA,-0.6158511780919201,-0.8139725080062131
H102,2,1,NA,3,NA,112,NA,NA,NA,NA,NA,NA,NA,NA,NA,NA,NA,Production,Prod-05,NA,NA,NA,1,1,NA,cortan la pizza,DP,Articles,Feminine,Singular,NA,NA,NA,L2L,NA,Early,No,NA,0,112,2026,1,NA,NA,NA,-0.6158511780919201,-0.8139725080062131
H102,2,1,NA,3,NA,112,NA,NA,NA,NA,NA,NA,NA,NA,NA,NA,NA,Production,Prod-07,NA,NA,NA,1,1,NA,están contando los números,DP,Articles,Masculine,Plural,NA,NA,NA,L2L,NA,Early,No,NA,0,112,2026,1,NA,NA,NA,-0.6158511780919201,-0.8139725080062131
H102,2,1,NA,3,NA,112,NA,NA,NA,NA,NA,NA,NA,NA,NA,NA,NA,Production,Prod-09,NA,NA,NA,1,1,NA,están poniendo la chaqueta,DP,Articles,Feminine,Plural,NA,NA,NA,L2L,NA,Early,No,NA,0,112,2026,1,NA,NA,NA,-0.6158511780919201,-0.8139725080062131
H102,2,1,NA,3,NA,112,NA,NA,NA,NA,NA,NA,NA,NA,NA,NA,NA,Production,Prod-11,NA,NA,NA,1,1,NA,está lavando el perro,NA,Articles,Masculine,Singular,NA,NA,NA,L2L,NA,Early,No,NA,0,112,2026,1,NA,NA,NA,-0.6158511780919201,-0.8139725080062131
H102,2,1,NA,3,NA,112,NA,NA,NA,NA,NA,NA,NA,NA,NA,NA,NA,Production,Prod-13,NA,NA,NA,1,1,NA,están escuchando la música,DP,Articles,Feminine,Singular,NA,NA,NA,L2L,NA,Early,No,NA,0,112,2026,1,NA,NA,NA,-0.6158511780919201,-0.8139725080062131
H102,2,1,NA,3,NA,112,NA,NA,NA,NA,NA,NA,NA,NA,NA,NA,NA,Production,Prod-15,NA,NA,NA,1,1,NA,ponen los libros en la mesa,DP,Articles,Masculine,Plural,NA,NA,NA,L2L,NA,Early,No,NA,0,112,2026,1,NA,NA,NA,-0.6158511780919201,-0.8139725080062131
H102,2,1,NA,3,NA,112,NA,NA,NA,NA,NA,NA,NA,NA,NA,NA,NA,Production,Prod-17,NA,NA,NA,0,1,NA,comen los galletas,Gender,Articles,Feminine,Plural,NA,NA,NA,L2L,NA,Early,No,NA,0,112,2026,0,NA,NA,NA,-0.6158511780919201,-0.8139725080062131
H102,2,1,NA,3,NA,112,NA,NA,NA,NA,NA,NA,NA,NA,NA,NA,NA,Production,Prod-19,NA,NA,NA,1,1,NA,cocinan el pescado,DP,Articles,Masculine,Singular,NA,NA,NA,L2L,NA,Early,No,NA,0,112,2026,1,NA,NA,NA,-0.6158511780919201,-0.8139725080062131
H102,2,1,NA,3,NA,112,NA,NA,NA,NA,NA,NA,NA,NA,NA,NA,NA,Production,Prod-21,NA,NA,NA,1,1,NA,cerra la puerta,DP,Articles,Feminine,Singular,NA,NA,NA,L2L,NA,Early,No,NA,0,112,2026,1,NA,NA,NA,-0.6158511780919201,-0.8139725080062131
H102,2,1,NA,3,NA,112,NA,NA,NA,NA,NA,NA,NA,NA,NA,NA,NA,Production,Prod-23,NA,NA,NA,1,1,NA,tocan música los instrumentos,DP,Articles,Masculine,Plural,NA,NA,NA,L2L,NA,Early,No,NA,0,112,2026,1,NA,NA,NA,-0.6158511780919201,-0.8139725080062131
H102,2,1,NA,3,NA,112,NA,NA,NA,NA,NA,NA,NA,NA,NA,NA,NA,Production,Prod-25,NA,NA,NA,1,1,NA,se ponen las mascarillas,DP,Articles,Feminine,Plural,NA,NA,NA,L2L,NA,Early,No,NA,0,112,2026,1,NA,NA,NA,-0.6158511780919201,-0.8139725080062131
H103,2,1,L2L 4th/5th,4,NA,127,NA,NA,NA,NA,NA,NA,NA,NA,NA,NA,NA,Production,Prod-03,NA,NA,NA,1,1,NA,rompió el globo,DP,Articles,Masculine,Singular,NA,NA,NA,L2L,4th/5th,Early,No,NA,0,127,2026,1,NA,NA,NA,-0.041408315862068446,-0.284005821731469
H103,2,1,L2L 4th/5th,4,NA,127,NA,NA,NA,NA,NA,NA,NA,NA,NA,NA,NA,Production,Prod-05,NA,NA,NA,0,1,NA,cortan el pizza,Gender,Articles,Feminine,Singular,NA,NA,NA,L2L,4th/5th,Early,No,NA,0,127,2026,0,NA,NA,NA,-0.041408315862068446,-0.284005821731469
H103,2,1,L2L 4th/5th,4,NA,127,NA,NA,NA,NA,NA,NA,NA,NA,NA,NA,NA,Production,Prod-09,NA,NA,NA,1,1,NA,las niñas poner la chaqueta encima,DP,Articles,Feminine,Plural,NA,NA,NA,L2L,4th/5th,Early,No,NA,0,127,2026,1,NA,NA,NA,-0.041408315862068446,-0.284005821731469
H103,2,1,L2L 4th/5th,4,NA,127,NA,NA,NA,NA,NA,NA,NA,NA,NA,NA,NA,Production,Prod-11,NA,NA,NA,1,1,NA,lavarse el perro,DP,Articles,Masculine,Singular,NA,NA,NA,L2L,4th/5th,Early,No,NA,0,127,2026,1,NA,NA,NA,-0.041408315862068446,-0.284005821731469
H103,2,1,L2L 4th/5th,4,NA,127,NA,NA,NA,NA,NA,NA,NA,NA,NA,NA,NA,Production,Prod-13,NA,NA,NA,1,1,NA,escuchando la música,DP,Articles,Feminine,Singular,NA,NA,NA,L2L,4th/5th,Early,No,NA,0,127,2026,1,NA,NA,NA,-0.041408315862068446,-0.284005821731469
H103,2,1,L2L 4th/5th,4,NA,127,NA,NA,NA,NA,NA,NA,NA,NA,NA,NA,NA,Production,Prod-15,NA,NA,NA,1,1,NA,poner los libros en un mesa,DP,Articles,Masculine,Plural,NA,NA,NA,L2L,4th/5th,Early,No,NA,0,127,2026,1,NA,NA,NA,-0.041408315862068446,-0.284005821731469
H103,2,1,L2L 4th/5th,4,NA,127,NA,NA,NA,NA,NA,NA,NA,NA,NA,NA,NA,Production,Prod-17,NA,NA,NA,0,1,NA,comer los galletas,Gender,Articles,Feminine,Plural,NA,NA,NA,L2L,4th/5th,Early,No,NA,0,127,2026,0,NA,NA,NA,-0.041408315862068446,-0.284005821731469
H103,2,1,L2L 4th/5th,4,NA,127,NA,NA,NA,NA,NA,NA,NA,NA,NA,NA,NA,Production,Prod-19,NA,NA,NA,1,1,NA,los niños están cocinados el pez,DP,Articles,Masculine,Singular,NA,NA,NA,L2L,4th/5th,Early,No,NA,0,127,2026,1,NA,NA,NA,-0.041408315862068446,-0.284005821731469
H103,2,1,L2L 4th/5th,4,NA,127,NA,NA,NA,NA,NA,NA,NA,NA,NA,NA,NA,Production,Prod-21,NA,NA,NA,1,1,NA,abre la puerta,DP,Articles,Feminine,Singular,NA,NA,NA,L2L,4th/5th,Early,No,NA,0,127,2026,1,NA,NA,NA,-0.041408315862068446,-0.284005821731469
H103,2,1,L2L 4th/5th,4,NA,127,NA,NA,NA,NA,NA,NA,NA,NA,NA,NA,NA,Production,Prod-23,NA,NA,NA,1,1,NA,los niños hacer música con los instrumentos,DP,Articles,Masculine,Plural,NA,NA,NA,L2L,4th/5th,Early,No,NA,0,127,2026,1,NA,NA,NA,-0.041408315862068446,-0.284005821731469
H103,2,1,L2L 4th/5th,4,NA,127,NA,NA,NA,NA,NA,NA,NA,NA,NA,NA,NA,Production,Prod-25,NA,NA,NA,1,1,NA,los niños ponerse las mascarillas en su boca,DP,Articles,Feminine,Plural,NA,NA,NA,L2L,4th/5th,Early,No,NA,0,127,2026,1,NA,NA,NA,-0.041408315862068446,-0.284005821731469
H104,2,1,L2L 2nd,2,NA,96,NA,NA,NA,NA,NA,NA,NA,NA,NA,NA,NA,Production,Prod-07,NA,NA,NA,1,1,NA,los niños contan los números,DP,Articles,Masculine,Plural,NA,NA,NA,L2L,2nd,Early,No,NA,0,96,2026,1,NA,NA,NA,-1.2285902311370953,-1.3792703066992735
H104,2,1,L2L 2nd,2,NA,96,NA,NA,NA,NA,NA,NA,NA,NA,NA,NA,NA,Production,Prod-13,NA,NA,NA,1,1,NA,escuchan a la música,DP,Articles,Feminine,Singular,NA,NA,NA,L2L,2nd,Early,No,NA,0,96,2026,1,NA,NA,NA,-1.2285902311370953,-1.3792703066992735
H104,2,1,L2L 2nd,2,NA,96,NA,NA,NA,NA,NA,NA,NA,NA,NA,NA,NA,Production,Prod-15,NA,NA,NA,1,1,NA,ponen los libros en la mesa,DP,Articles,Masculine,Plural,NA,NA,NA,L2L,2nd,Early,No,NA,0,96,2026,1,NA,NA,NA,-1.2285902311370953,-1.3792703066992735
H104,2,1,L2L 2nd,2,NA,96,NA,NA,NA,NA,NA,NA,NA,NA,NA,NA,NA,Production,Prod-17,NA,NA,NA,1,1,NA,comen las galletas,DP,Articles,Feminine,Plural,NA,NA,NA,L2L,2nd,Early,No,NA,0,96,2026,1,NA,NA,NA,-1.2285902311370953,-1.3792703066992735
H104,2,1,L2L 2nd,2,NA,96,NA,NA,NA,NA,NA,NA,NA,NA,NA,NA,NA,Production,Prod-19,NA,NA,NA,0,1,NA,cocinan la pescado,Gender,Articles,Masculine,Singular,NA,NA,NA,L2L,2nd,Early,No,NA,0,96,2026,0,NA,NA,NA,-1.2285902311370953,-1.3792703066992735
H104,2,1,L2L 2nd,2,NA,96,NA,NA,NA,NA,NA,NA,NA,NA,NA,NA,NA,Production,Prod-21,NA,NA,NA,1,1,NA,cierren la puerta,DP,Articles,Feminine,Singular,NA,NA,NA,L2L,2nd,Early,No,NA,0,96,2026,1,NA,NA,NA,-1.2285902311370953,-1.3792703066992735
H104,2,1,L2L 2nd,2,NA,96,NA,NA,NA,NA,NA,NA,NA,NA,NA,NA,NA,Production,Prod-23,NA,NA,NA,1,1,NA,tocan los instrumentos,DP,Articles,Masculine,Plural,NA,NA,NA,L2L,2nd,Early,No,NA,0,96,2026,1,NA,NA,NA,-1.2285902311370953,-1.3792703066992735
H104,2,1,L2L 2nd,2,NA,96,NA,NA,NA,NA,NA,NA,NA,NA,NA,NA,NA,Production,Prod-25,NA,NA,NA,1,1,NA,los niños ponen las mascarillas en sus cabezas,DP,Articles,Feminine,Plural,NA,NA,NA,L2L,2nd,Early,No,NA,0,96,2026,1,NA,NA,NA,-1.2285902311370953,-1.3792703066992735
H105,2,1,L2L 4th/5th,5,NA,129,NA,NA,NA,NA,NA,NA,NA,NA,NA,NA,NA,Production,Prod-03,NA,NA,NA,1,1,NA,se rompe el globo,DP,Articles,Masculine,Singular,NA,NA,NA,L2L,4th/5th,Early,No,NA,0,129,2026,1,NA,NA,NA,0.03518406576857845,-0.21334359689483645
H105,2,1,L2L 4th/5th,5,NA,129,NA,NA,NA,NA,NA,NA,NA,NA,NA,NA,NA,Production,Prod-05,NA,NA,NA,1,1,NA,se comen la pizza,DP,Articles,Feminine,Singular,NA,NA,NA,L2L,4th/5th,Early,No,NA,0,129,2026,1,NA,NA,NA,0.03518406576857845,-0.21334359689483645
H105,2,1,L2L 4th/5th,5,NA,129,NA,NA,NA,NA,NA,NA,NA,NA,NA,NA,NA,Production,Prod-07,NA,NA,NA,1,1,NA,se cuentan los números,NA,Articles,Masculine,Plural,NA,NA,NA,L2L,4th/5th,Early,No,NA,0,129,2026,1,NA,NA,NA,0.03518406576857845,-0.21334359689483645
H105,2,1,L2L 4th/5th,5,NA,129,NA,NA,NA,NA,NA,NA,NA,NA,NA,NA,NA,Production,Prod-11,NA,NA,NA,1,1,NA,se lavan el perro,DP,Articles,Masculine,Singular,NA,NA,NA,L2L,4th/5th,Early,No,NA,0,129,2026,1,NA,NA,NA,0.03518406576857845,-0.21334359689483645
H105,2,1,L2L 4th/5th,5,NA,129,NA,NA,NA,NA,NA,NA,NA,NA,NA,NA,NA,Production,Prod-13,NA,NA,NA,1,1,NA,escuchan la música,DP,Articles,Feminine,Singular,NA,NA,NA,L2L,4th/5th,Early,No,NA,0,129,2026,1,NA,NA,NA,0.03518406576857845,-0.21334359689483645
H105,2,1,L2L 4th/5th,5,NA,129,NA,NA,NA,NA,NA,NA,NA,NA,NA,NA,NA,Production,Prod-15,NA,NA,NA,1,1,NA,se pone los libros,DP,Articles,Masculine,Plural,NA,NA,NA,L2L,4th/5th,Early,No,NA,0,129,2026,1,NA,NA,NA,0.03518406576857845,-0.21334359689483645
H105,2,1,L2L 4th/5th,5,NA,129,NA,NA,NA,NA,NA,NA,NA,NA,NA,NA,NA,Production,Prod-17,NA,NA,NA,1,1,NA,comen las galletas,DP,Articles,Feminine,Plural,NA,NA,NA,L2L,4th/5th,Early,No,NA,0,129,2026,1,NA,NA,NA,0.03518406576857845,-0.21334359689483645
H105,2,1,L2L 4th/5th,5,NA,129,NA,NA,NA,NA,NA,NA,NA,NA,NA,NA,NA,Production,Prod-19,NA,NA,NA,1,1,NA,cocinan el pescado,DP,Articles,Masculine,Singular,NA,NA,NA,L2L,4th/5th,Early,No,NA,0,129,2026,1,NA,NA,NA,0.03518406576857845,-0.21334359689483645
H105,2,1,L2L 4th/5th,5,NA,129,NA,NA,NA,NA,NA,NA,NA,NA,NA,NA,NA,Production,Prod-21,NA,NA,NA,1,1,NA,cierran la puerta,DP,Articles,Feminine,Singular,NA,NA,NA,L2L,4th/5th,Early,No,NA,0,129,2026,1,NA,NA,NA,0.03518406576857845,-0.21334359689483645
H105,2,1,L2L 4th/5th,5,NA,129,NA,NA,NA,NA,NA,NA,NA,NA,NA,NA,NA,Production,Prod-23,NA,NA,NA,1,1,NA,tocan los instrumentos,DP,Articles,Masculine,Plural,NA,NA,NA,L2L,4th/5th,Early,No,NA,0,129,2026,1,NA,NA,NA,0.03518406576857845,-0.21334359689483645
H106,2,1,L2L 7th/8th,7,NA,153,NA,NA,NA,NA,NA,NA,NA,NA,NA,NA,NA,Production,Prod-11,NA,NA,NA,1,1,NA,el perro en el agua,DP,Articles,Masculine,Singular,NA,NA,NA,L2L,7th/8th,Early,No,NA,0,153,2026,1,NA,NA,NA,0.9542926453363413,0.6346031011447542
H106,2,1,L2L 7th/8th,7,NA,153,NA,NA,NA,NA,NA,NA,NA,NA,NA,NA,NA,Production,Prod-17,NA,NA,NA,1,0,NA,comer la galletas,Number,Articles,Feminine,Plural,NA,NA,NA,L2L,7th/8th,Early,No,NA,0,153,2026,1,NA,NA,NA,0.9542926453363413,0.6346031011447542
H106,2,1,L2L 7th/8th,7,NA,153,NA,NA,NA,NA,NA,NA,NA,NA,NA,NA,NA,Production,Prod-19,NA,NA,NA,1,1,NA,cooking el pescado,DP,Articles,Masculine,Singular,NA,NA,NA,L2L,7th/8th,Early,No,NA,0,153,2026,1,NA,NA,NA,0.9542926453363413,0.6346031011447542
H106,2,1,L2L 7th/8th,7,NA,153,NA,NA,NA,NA,NA,NA,NA,NA,NA,NA,NA,Production,Prod-21,NA,NA,NA,0,1,NA,walk en el casa y close el door,Gender,Articles,Feminine,Singular,NA,NA,NA,L2L,7th/8th,Early,No,NA,0,153,2026,0,NA,NA,NA,0.9542926453363413,0.6346031011447542
H106,2,1,L2L 7th/8th,7,NA,153,NA,NA,NA,NA,NA,NA,NA,NA,NA,NA,NA,Production,Prod-23,NA,NA,NA,1,0,NA,playing el instrumentos,Number,Articles,Masculine,Plural,NA,NA,NA,L2L,7th/8th,Early,No,NA,0,153,2026,1,NA,NA,NA,0.9542926453363413,0.6346031011447542
H107,2,1,L2L 4th/5th,4,NA,117,NA,NA,NA,NA,NA,NA,NA,NA,NA,NA,NA,Production,Prod-03,NA,NA,NA,1,1,NA,usar el globo,DP,Articles,Masculine,Singular,NA,NA,NA,L2L,4th/5th,Early,No,NA,0,117,2026,1,NA,NA,NA,-0.42437022401530294,-0.6373169459146317
H107,2,1,L2L 4th/5th,4,NA,117,NA,NA,NA,NA,NA,NA,NA,NA,NA,NA,NA,Production,Prod-07,NA,NA,NA,1,1,NA,es counting los números,DP,Articles,Masculine,Plural,NA,NA,NA,L2L,4th/5th,Early,No,NA,0,117,2026,1,NA,NA,NA,-0.42437022401530294,-0.6373169459146317
H107,2,1,L2L 4th/5th,4,NA,117,NA,NA,NA,NA,NA,NA,NA,NA,NA,NA,NA,Production,Prod-11,NA,NA,NA,1,1,NA,el perro es en un bath,DP,Articles,Masculine,Singular,NA,NA,NA,L2L,4th/5th,Early,No,NA,0,117,2026,1,NA,NA,NA,-0.42437022401530294,-0.6373169459146317
H107,2,1,L2L 4th/5th,4,NA,117,NA,NA,NA,NA,NA,NA,NA,NA,NA,NA,NA,Production,Prod-13,NA,NA,NA,0,1,NA,listening to el música,Gender,Articles,Feminine,Singular,NA,NA,NA,L2L,4th/5th,Early,No,NA,0,117,2026,0,NA,NA,NA,-0.42437022401530294,-0.6373169459146317
H107,2,1,L2L 4th/5th,4,NA,117,NA,NA,NA,NA,NA,NA,NA,NA,NA,NA,NA,Production,Prod-15,NA,NA,NA,1,1,NA,usar los libros en un table,DP,Articles,Masculine,Plural,NA,NA,NA,L2L,4th/5th,Early,No,NA,0,117,2026,1,NA,NA,NA,-0.42437022401530294,-0.6373169459146317
H107,2,1,L2L 4th/5th,4,NA,117,NA,NA,NA,NA,NA,NA,NA,NA,NA,NA,NA,Production,Prod-19,NA,NA,NA,0,1,NA,es cooking la pez,Gender,Articles,Masculine,Singular,NA,NA,NA,L2L,4th/5th,Early,No,NA,0,117,2026,0,NA,NA,NA,-0.42437022401530294,-0.6373169459146317
H108,2,1,NA,3,NA,102,NA,NA,NA,NA,NA,NA,NA,Romanian,Yes,Yes,Yes,Production,Prod-03,NA,NA,NA,1,1,NA,jugando el globo,DP,Articles,Masculine,Singular,NA,NA,NA,L2L,NA,Early,No,NA,0,102,2026,1,NA,NA,NA,-0.9988130862451546,-1.1672836321893758
H108,2,1,NA,3,NA,102,NA,NA,NA,NA,NA,NA,NA,Romanian,Yes,Yes,Yes,Production,Prod-05,NA,NA,NA,1,1,NA,cortando la pizza,DP,Articles,Feminine,Singular,NA,NA,NA,L2L,NA,Early,No,NA,0,102,2026,1,NA,NA,NA,-0.9988130862451546,-1.1672836321893758
H108,2,1,NA,3,NA,102,NA,NA,NA,NA,NA,NA,NA,Romanian,Yes,Yes,Yes,Production,Prod-07,NA,NA,NA,1,1,NA,diciendo los números,DP,Articles,Masculine,Plural,NA,NA,NA,L2L,NA,Early,No,NA,0,102,2026,1,NA,NA,NA,-0.9988130862451546,-1.1672836321893758
H108,2,1,NA,3,NA,102,NA,NA,NA,NA,NA,NA,NA,Romanian,Yes,Yes,Yes,Production,Prod-11,NA,NA,NA,1,1,NA,bañando al perro,DP,Articles,Masculine,Singular,NA,NA,NA,L2L,NA,Early,No,NA,0,102,2026,1,NA,NA,NA,-0.9988130862451546,-1.1672836321893758
H108,2,1,NA,3,NA,102,NA,NA,NA,NA,NA,NA,NA,Romanian,Yes,Yes,Yes,Production,Prod-13,NA,NA,NA,1,1,NA,es la música,DP,Articles,Feminine,Singular,NA,NA,NA,L2L,NA,Early,No,NA,0,102,2026,1,NA,NA,NA,-0.9988130862451546,-1.1672836321893758
H108,2,1,NA,3,NA,102,NA,NA,NA,NA,NA,NA,NA,Romanian,Yes,Yes,Yes,Production,Prod-15,NA,NA,NA,1,1,NA,poniendo los libros,DP,Articles,Masculine,Plural,NA,NA,NA,L2L,NA,Early,No,NA,0,102,2026,1,NA,NA,NA,-0.9988130862451546,-1.1672836321893758
H108,2,1,NA,3,NA,102,NA,NA,NA,NA,NA,NA,NA,Romanian,Yes,Yes,Yes,Production,Prod-17,NA,NA,NA,1,1,NA,comiendo las galletas,DP,Articles,Feminine,Plural,NA,NA,NA,L2L,NA,Early,No,NA,0,102,2026,1,NA,NA,NA,-0.9988130862451546,-1.1672836321893758
H108,2,1,NA,3,NA,102,NA,NA,NA,NA,NA,NA,NA,Romanian,Yes,Yes,Yes,Production,Prod-19,NA,NA,NA,1,1,NA,cociendo el pescado,DP,Articles,Masculine,Singular,NA,NA,NA,L2L,NA,Early,No,NA,0,102,2026,1,NA,NA,NA,-0.9988130862451546,-1.1672836321893758
H108,2,1,NA,3,NA,102,NA,NA,NA,NA,NA,NA,NA,Romanian,Yes,Yes,Yes,Production,Prod-21,NA,NA,NA,1,1,NA,cerrando la puerta,DP,Articles,Feminine,Singular,NA,NA,NA,L2L,NA,Early,No,NA,0,102,2026,1,NA,NA,NA,-0.9988130862451546,-1.1672836321893758
H108,2,1,NA,3,NA,102,NA,NA,NA,NA,NA,NA,NA,Romanian,Yes,Yes,Yes,Production,Prod-23,NA,NA,NA,1,1,NA,cantando con los instrumentos,DP,Articles,Masculine,Plural,NA,NA,NA,L2L,NA,Early,No,NA,0,102,2026,1,NA,NA,NA,-0.9988130862451546,-1.1672836321893758
H108,2,1,NA,3,NA,102,NA,NA,NA,NA,NA,NA,NA,Romanian,Yes,Yes,Yes,Production,Prod-25,NA,NA,NA,1,1,NA,poniéndose las mascarillas,DP,Articles,Feminine,Plural,NA,NA,NA,L2L,NA,Early,No,NA,0,102,2026,1,NA,NA,NA,-0.9988130862451546,-1.1672836321893758
H109,2,1,L2L 4th/5th,4,NA,119,NA,NA,NA,NA,NA,NA,NA,"Hindi, Malayalam, Marathi",Yes,Yes,Yes,Production,Prod-03,NA,NA,NA,1,1,NA,se pica el globo,NA,Articles,Masculine,Singular,NA,NA,NA,L2L,4th/5th,Early,No,NA,0,119,2026,1,NA,NA,NA,-0.34777784238465603,-0.5666547210779992
H109,2,1,L2L 4th/5th,4,NA,119,NA,NA,NA,NA,NA,NA,NA,"Hindi, Malayalam, Marathi",Yes,Yes,Yes,Production,Prod-05,NA,NA,NA,0,1,NA,comen el pizza,Gender,Articles,Feminine,Singular,NA,NA,NA,L2L,4th/5th,Early,No,NA,0,119,2026,0,NA,NA,NA,-0.34777784238465603,-0.5666547210779992
H109,2,1,L2L 4th/5th,4,NA,119,NA,NA,NA,NA,NA,NA,NA,"Hindi, Malayalam, Marathi",Yes,Yes,Yes,Production,Prod-07,NA,NA,NA,1,1,NA,contar los números,DP,Articles,Masculine,Plural,NA,NA,NA,L2L,4th/5th,Early,No,NA,0,119,2026,1,NA,NA,NA,-0.34777784238465603,-0.5666547210779992
H109,2,1,L2L 4th/5th,4,NA,119,NA,NA,NA,NA,NA,NA,NA,"Hindi, Malayalam, Marathi",Yes,Yes,Yes,Production,Prod-09,NA,NA,NA,0,1,NA,poner el chaqueta,Gender,Articles,Feminine,Plural,NA,NA,NA,L2L,4th/5th,Early,No,NA,0,119,2026,0,NA,NA,NA,-0.34777784238465603,-0.5666547210779992
H109,2,1,L2L 4th/5th,4,NA,119,NA,NA,NA,NA,NA,NA,NA,"Hindi, Malayalam, Marathi",Yes,Yes,Yes,Production,Prod-11,NA,NA,NA,1,1,NA,lavar el perro,DP,Articles,Masculine,Singular,NA,NA,NA,L2L,4th/5th,Early,No,NA,0,119,2026,1,NA,NA,NA,-0.34777784238465603,-0.5666547210779992
H109,2,1,L2L 4th/5th,4,NA,119,NA,NA,NA,NA,NA,NA,NA,"Hindi, Malayalam, Marathi",Yes,Yes,Yes,Production,Prod-17,NA,NA,NA,1,1,NA,se come las galletas,DP,Articles,Feminine,Plural,NA,NA,NA,L2L,4th/5th,Early,No,NA,0,119,2026,1,NA,NA,NA,-0.34777784238465603,-0.5666547210779992
H109,2,1,L2L 4th/5th,4,NA,119,NA,NA,NA,NA,NA,NA,NA,"Hindi, Malayalam, Marathi",Yes,Yes,Yes,Production,Prod-25,NA,NA,NA,0,1,NA,poner los mascarillas,Gender,Articles,Feminine,Plural,NA,NA,NA,L2L,4th/5th,Early,No,NA,0,119,2026,0,NA,NA,NA,-0.34777784238465603,-0.5666547210779992
H110,2,1,L2L 2nd,2,NA,93,NA,NA,NA,NA,NA,NA,NA,Romanian,Yes,Yes,Yes,Production,Prod-03,NA,NA,NA,1,1,NA,están popping los globos,DP,Articles,Masculine,Singular,NA,NA,NA,L2L,2nd,Early,No,NA,0,93,2026,1,NA,NA,NA,-1.3434788035830658,-1.4852636439542224
H110,2,1,L2L 2nd,2,NA,93,NA,NA,NA,NA,NA,NA,NA,Romanian,Yes,Yes,Yes,Production,Prod-05,NA,NA,NA,1,1,NA,comen la pizza,DP,Articles,Feminine,Singular,NA,NA,NA,L2L,2nd,Early,No,NA,0,93,2026,1,NA,NA,NA,-1.3434788035830658,-1.4852636439542224
H110,2,1,L2L 2nd,2,NA,93,NA,NA,NA,NA,NA,NA,NA,Romanian,Yes,Yes,Yes,Production,Prod-07,NA,NA,NA,1,1,NA,escriben los números,DP,Articles,Masculine,Plural,NA,NA,NA,L2L,2nd,Early,No,NA,0,93,2026,1,NA,NA,NA,-1.3434788035830658,-1.4852636439542224
H110,2,1,L2L 2nd,2,NA,93,NA,NA,NA,NA,NA,NA,NA,Romanian,Yes,Yes,Yes,Production,Prod-11,NA,NA,NA,1,1,NA,bañan el perro,DP,Articles,Masculine,Singular,NA,NA,NA,L2L,2nd,Early,No,NA,0,93,2026,1,NA,NA,NA,-1.3434788035830658,-1.4852636439542224
H110,2,1,L2L 2nd,2,NA,93,NA,NA,NA,NA,NA,NA,NA,Romanian,Yes,Yes,Yes,Production,Prod-13,NA,NA,NA,1,1,NA,escuchan la música,DP,Articles,Feminine,Singular,NA,NA,NA,L2L,2nd,Early,No,NA,0,93,2026,1,NA,NA,NA,-1.3434788035830658,-1.4852636439542224
H110,2,1,L2L 2nd,2,NA,93,NA,NA,NA,NA,NA,NA,NA,Romanian,Yes,Yes,Yes,Production,Prod-15,NA,NA,NA,1,1,NA,poniendo los libros,DP,Articles,Masculine,Plural,NA,NA,NA,L2L,2nd,Early,No,NA,0,93,2026,1,NA,NA,NA,-1.3434788035830658,-1.4852636439542224
H110,2,1,L2L 2nd,2,NA,93,NA,NA,NA,NA,NA,NA,NA,Romanian,Yes,Yes,Yes,Production,Prod-17,NA,NA,NA,1,1,NA,comen las galletas,DP,Articles,Feminine,Plural,NA,NA,NA,L2L,2nd,Early,No,NA,0,93,2026,1,NA,NA,NA,-1.3434788035830658,-1.4852636439542224
H110,2,1,L2L 2nd,2,NA,93,NA,NA,NA,NA,NA,NA,NA,Romanian,Yes,Yes,Yes,Production,Prod-19,NA,NA,NA,1,1,NA,cook el pescado,DP,Articles,Masculine,Singular,NA,NA,NA,L2L,2nd,Early,No,NA,0,93,2026,1,NA,NA,NA,-1.3434788035830658,-1.4852636439542224
H110,2,1,L2L 2nd,2,NA,93,NA,NA,NA,NA,NA,NA,NA,Romanian,Yes,Yes,Yes,Production,Prod-21,NA,NA,NA,1,1,NA,cerrar la puerta,DP,Articles,Feminine,Singular,NA,NA,NA,L2L,2nd,Early,No,NA,0,93,2026,1,NA,NA,NA,-1.3434788035830658,-1.4852636439542224
H110,2,1,L2L 2nd,2,NA,93,NA,NA,NA,NA,NA,NA,NA,Romanian,Yes,Yes,Yes,Production,Prod-23,NA,NA,NA,1,1,NA,tocan los instrumentos,DP,Articles,Masculine,Plural,NA,NA,NA,L2L,2nd,Early,No,NA,0,93,2026,1,NA,NA,NA,-1.3434788035830658,-1.4852636439542224
H110,2,1,L2L 2nd,2,NA,93,NA,NA,NA,NA,NA,NA,NA,Romanian,Yes,Yes,Yes,Production,Prod-25,NA,NA,NA,1,1,NA,ponen las mascas,DP,Articles,Feminine,Plural,NA,NA,NA,L2L,2nd,Early,No,NA,0,93,2026,1,NA,NA,NA,-1.3434788035830658,-1.4852636439542224
H111,2,1,NA,3,NA,110,NA,NA,NA,NA,NA,NA,NA,NA,NA,NA,NA,Production,Prod-05,NA,NA,NA,1,1,NA,se comío la pizza,DP,Articles,Feminine,Singular,NA,NA,NA,L2L,NA,Early,No,NA,0,110,2026,1,NA,NA,NA,-0.6924435597225671,-0.8846347328428457
H111,2,1,NA,3,NA,110,NA,NA,NA,NA,NA,NA,NA,NA,NA,NA,NA,Production,Prod-07,NA,NA,NA,1,1,NA,los niños con los número están counting los números,DP,Articles,Masculine,Plural,NA,NA,NA,L2L,NA,Early,No,NA,0,110,2026,1,NA,NA,NA,-0.6924435597225671,-0.8846347328428457
H111,2,1,NA,3,NA,110,NA,NA,NA,NA,NA,NA,NA,NA,NA,NA,NA,Production,Prod-11,NA,NA,NA,0,1,NA,están limpiando la perro,DP,Articles,Masculine,Singular,NA,NA,NA,L2L,NA,Early,No,NA,0,110,2026,0,NA,NA,NA,-0.6924435597225671,-0.8846347328428457
H111,2,1,NA,3,NA,110,NA,NA,NA,NA,NA,NA,NA,NA,NA,NA,NA,Production,Prod-15,NA,NA,NA,1,1,NA,organizando los libros,DP,Articles,Masculine,Plural,NA,NA,NA,L2L,NA,Early,No,NA,0,110,2026,1,NA,NA,NA,-0.6924435597225671,-0.8846347328428457
H111,2,1,NA,3,NA,110,NA,NA,NA,NA,NA,NA,NA,NA,NA,NA,NA,Production,Prod-17,NA,NA,NA,0,0,NA,comen los galletas,Gender,Articles,Feminine,Plural,NA,NA,NA,L2L,NA,Early,No,NA,0,110,2026,0,NA,NA,NA,-0.6924435597225671,-0.8846347328428457
H111,2,1,NA,3,NA,110,NA,NA,NA,NA,NA,NA,NA,NA,NA,NA,NA,Production,Prod-19,NA,NA,NA,0,1,NA,están cocinar la pescado,Gender,Articles,Masculine,Singular,NA,NA,NA,L2L,NA,Early,No,NA,0,110,2026,0,NA,NA,NA,-0.6924435597225671,-0.8846347328428457
H111,2,1,NA,3,NA,110,NA,NA,NA,NA,NA,NA,NA,NA,NA,NA,NA,Production,Prod-21,NA,NA,NA,1,1,NA,cerrar la puerta,DP,Articles,Feminine,Singular,NA,NA,NA,L2L,NA,Early,No,NA,0,110,2026,1,NA,NA,NA,-0.6924435597225671,-0.8846347328428457
H111,2,1,NA,3,NA,110,NA,NA,NA,NA,NA,NA,NA,NA,NA,NA,NA,Production,Prod-23,NA,NA,NA,1,1,NA,jogar con los instrumentos,DP,Articles,Masculine,Plural,NA,NA,NA,L2L,NA,Early,No,NA,0,110,2026,1,NA,NA,NA,-0.6924435597225671,-0.8846347328428457
H111,2,1,NA,3,NA,110,NA,NA,NA,NA,NA,NA,NA,NA,NA,NA,NA,Production,Prod-25,NA,NA,NA,1,1,NA,put on las mascaras,DP,Articles,Feminine,Plural,NA,NA,NA,L2L,NA,Early,No,NA,0,110,2026,1,NA,NA,NA,-0.6924435597225671,-0.8846347328428457
H113,2,1,NA,3,NA,115,NA,NA,NA,NA,NA,NA,NA,NA,NA,NA,NA,Production,Prod-05,NA,NA,NA,1,1,NA,comen la pizza,DP,Articles,Feminine,Singular,NA,NA,NA,L2L,NA,Early,No,NA,0,115,2026,1,NA,NA,NA,-0.5009626056459499,-0.7079791707512643
H113,2,1,NA,3,NA,115,NA,NA,NA,NA,NA,NA,NA,NA,NA,NA,NA,Production,Prod-07,NA,NA,NA,1,1,NA,dicen los números,DP,Articles,Masculine,Plural,NA,NA,NA,L2L,NA,Early,No,NA,0,115,2026,1,NA,NA,NA,-0.5009626056459499,-0.7079791707512643
H113,2,1,NA,3,NA,115,NA,NA,NA,NA,NA,NA,NA,NA,NA,NA,NA,Production,Prod-11,NA,NA,NA,1,1,NA,lavan el perro,DP,Articles,Masculine,Singular,NA,NA,NA,L2L,NA,Early,No,NA,0,115,2026,1,NA,NA,NA,-0.5009626056459499,-0.7079791707512643
H113,2,1,NA,3,NA,115,NA,NA,NA,NA,NA,NA,NA,NA,NA,NA,NA,Production,Prod-17,NA,NA,NA,1,1,NA,comen las galletas,DP,Articles,Feminine,Plural,NA,NA,NA,L2L,NA,Early,No,NA,0,115,2026,1,NA,NA,NA,-0.5009626056459499,-0.7079791707512643
H113,2,1,NA,3,NA,115,NA,NA,NA,NA,NA,NA,NA,NA,NA,NA,NA,Production,Prod-19,NA,NA,NA,1,1,NA,cocina el pez,DP,Articles,Masculine,Singular,NA,NA,NA,L2L,NA,Early,No,NA,0,115,2026,1,NA,NA,NA,-0.5009626056459499,-0.7079791707512643
H113,2,1,NA,3,NA,115,NA,NA,NA,NA,NA,NA,NA,NA,NA,NA,NA,Production,Prod-21,NA,NA,NA,1,1,NA,cerrar la puerta,DP,Articles,Feminine,Singular,NA,NA,NA,L2L,NA,Early,No,NA,0,115,2026,1,NA,NA,NA,-0.5009626056459499,-0.7079791707512643
H113,2,1,NA,3,NA,115,NA,NA,NA,NA,NA,NA,NA,NA,NA,NA,NA,Production,Prod-25,NA,NA,NA,1,1,NA,ponen las mascarillas,DP,Articles,Feminine,Plural,NA,NA,NA,L2L,NA,Early,No,NA,0,115,2026,1,NA,NA,NA,-0.5009626056459499,-0.7079791707512643
H114,2,1,L2L 7th/8th,7,NA,153,NA,NA,NA,NA,NA,NA,NA,NA,NA,NA,NA,Production,Prod-05,NA,NA,NA,1,1,NA,se cortan la pizza,DP,Articles,Feminine,Singular,NA,NA,NA,L2L,7th/8th,Early,No,NA,0,153,2026,1,NA,NA,NA,0.9542926453363413,0.6346031011447542
H114,2,1,L2L 7th/8th,7,NA,153,NA,NA,NA,NA,NA,NA,NA,NA,NA,NA,NA,Production,Prod-07,NA,NA,NA,1,1,NA,contando los números,DP,Articles,Masculine,Plural,NA,NA,NA,L2L,7th/8th,Early,No,NA,0,153,2026,1,NA,NA,NA,0.9542926453363413,0.6346031011447542
H114,2,1,L2L 7th/8th,7,NA,153,NA,NA,NA,NA,NA,NA,NA,NA,NA,NA,NA,Production,Prod-11,NA,NA,NA,1,1,NA,están lavando el perrito,DP,Articles,Masculine,Singular,NA,NA,NA,L2L,7th/8th,Early,No,NA,0,153,2026,1,NA,NA,NA,0.9542926453363413,0.6346031011447542
H114,2,1,L2L 7th/8th,7,NA,153,NA,NA,NA,NA,NA,NA,NA,NA,NA,NA,NA,Production,Prod-13,NA,NA,NA,1,1,NA,escuchando la música,DP,Articles,Feminine,Singular,NA,NA,NA,L2L,7th/8th,Early,No,NA,0,153,2026,1,NA,NA,NA,0.9542926453363413,0.6346031011447542
H114,2,1,L2L 7th/8th,7,NA,153,NA,NA,NA,NA,NA,NA,NA,NA,NA,NA,NA,Production,Prod-17,NA,NA,NA,0,1,NA,se comen los galletas,Gender,Articles,Feminine,Plural,NA,NA,NA,L2L,7th/8th,Early,No,NA,0,153,2026,0,NA,NA,NA,0.9542926453363413,0.6346031011447542
H114,2,1,L2L 7th/8th,7,NA,153,NA,NA,NA,NA,NA,NA,NA,NA,NA,NA,NA,Production,Prod-19,NA,NA,NA,1,1,NA,cocinando el pescado,DP,Articles,Masculine,Singular,NA,NA,NA,L2L,7th/8th,Early,No,NA,0,153,2026,1,NA,NA,NA,0.9542926453363413,0.6346031011447542
H114,2,1,L2L 7th/8th,7,NA,153,NA,NA,NA,NA,NA,NA,NA,NA,NA,NA,NA,Production,Prod-21,NA,NA,NA,1,1,NA,cierran la puerta,DP,Articles,Feminine,Singular,NA,NA,NA,L2L,7th/8th,Early,No,NA,0,153,2026,1,NA,NA,NA,0.9542926453363413,0.6346031011447542
H114,2,1,L2L 7th/8th,7,NA,153,NA,NA,NA,NA,NA,NA,NA,NA,NA,NA,NA,Production,Prod-23,NA,NA,NA,1,1,NA,están tocando los instrumentos,DP,Articles,Masculine,Plural,NA,NA,NA,L2L,7th/8th,Early,No,NA,0,153,2026,1,NA,NA,NA,0.9542926453363413,0.6346031011447542
H114,2,1,L2L 7th/8th,7,NA,153,NA,NA,NA,NA,NA,NA,NA,NA,NA,NA,NA,Production,Prod-25,NA,NA,NA,1,1,NA,van a poner las mascarillas,DP,Articles,Feminine,Plural,NA,NA,NA,L2L,7th/8th,Early,No,NA,0,153,2026,1,NA,NA,NA,0.9542926453363413,0.6346031011447542
H116,2,1,HS 7th/8th,8,NA,165,NA,NA,NA,NA,NA,NA,NA,NA,NA,NA,NA,Production,Prod-03,NA,NA,NA,1,1,NA,romper el globo,DP,Articles,Masculine,Singular,NA,NA,NA,HS,7th/8th,Early,No,NA,0,165,2026,1,NA,NA,NA,1.4138469351202227,1.0585764501645496
H116,2,1,HS 7th/8th,8,NA,165,NA,NA,NA,NA,NA,NA,NA,NA,NA,NA,NA,Production,Prod-05,NA,NA,NA,1,1,NA,comiendo la pizza,DP,Articles,Feminine,Singular,NA,NA,NA,HS,7th/8th,Early,No,NA,0,165,2026,1,NA,NA,NA,1.4138469351202227,1.0585764501645496
H116,2,1,HS 7th/8th,8,NA,165,NA,NA,NA,NA,NA,NA,NA,NA,NA,NA,NA,Production,Prod-11,NA,NA,NA,1,1,NA,lavando el perro,DP,Articles,Masculine,Singular,NA,NA,NA,HS,7th/8th,Early,No,NA,0,165,2026,1,NA,NA,NA,1.4138469351202227,1.0585764501645496
H116,2,1,HS 7th/8th,8,NA,165,NA,NA,NA,NA,NA,NA,NA,NA,NA,NA,NA,Production,Prod-15,NA,NA,NA,1,1,NA,ponen el libro en la mesa,NA,Articles,Masculine,Plural,NA,NA,NA,HS,7th/8th,Early,No,NA,0,165,2026,1,NA,NA,NA,1.4138469351202227,1.0585764501645496
H116,2,1,HS 7th/8th,8,NA,165,NA,NA,NA,NA,NA,NA,NA,NA,NA,NA,NA,Production,Prod-17,NA,NA,NA,0,1,NA,comen los galletas,Gender,Articles,Feminine,Plural,NA,NA,NA,HS,7th/8th,Early,No,NA,0,165,2026,0,NA,NA,NA,1.4138469351202227,1.0585764501645496
H116,2,1,HS 7th/8th,8,NA,165,NA,NA,NA,NA,NA,NA,NA,NA,NA,NA,NA,Production,Prod-21,NA,NA,NA,1,1,NA,cierran la puerta,NA,Articles,Feminine,Singular,NA,NA,NA,HS,7th/8th,Early,No,NA,0,165,2026,1,NA,NA,NA,1.4138469351202227,1.0585764501645496
H116,2,1,HS 7th/8th,8,NA,165,NA,NA,NA,NA,NA,NA,NA,NA,NA,NA,NA,Production,Prod-23,NA,NA,NA,1,1,NA,juegan los instrumentos,DP,Articles,Masculine,Plural,NA,NA,NA,HS,7th/8th,Early,No,NA,0,165,2026,1,NA,NA,NA,1.4138469351202227,1.0585764501645496
H118,2,1,HS 4th/5th,4,NA,118,NA,NA,NA,NA,NA,NA,NA,Heritage Spanish,NA,NA,NA,Production,Prod-05,NA,NA,NA,0,1,NA,los niños come el pizza,Gender,Articles,Feminine,Singular,NA,NA,NA,HS,4th/5th,Early,No,NA,0,118,2026,0,NA,NA,NA,-0.3860740331999795,-0.6019858334963155
H118,2,1,HS 4th/5th,4,NA,118,NA,NA,NA,NA,NA,NA,NA,Heritage Spanish,NA,NA,NA,Production,Prod-09,NA,NA,NA,1,1,NA,la niña está poniendo las guitarras,NA,Articles,Feminine,Plural,NA,NA,NA,HS,4th/5th,Early,No,NA,0,118,2026,1,NA,NA,NA,-0.3860740331999795,-0.6019858334963155
H118,2,1,HS 4th/5th,4,NA,118,NA,NA,NA,NA,NA,NA,NA,Heritage Spanish,NA,NA,NA,Production,Prod-11,NA,NA,NA,1,1,NA,están lavando el perro,DP,Articles,Masculine,Singular,NA,NA,NA,HS,4th/5th,Early,No,NA,0,118,2026,1,NA,NA,NA,-0.3860740331999795,-0.6019858334963155
H118,2,1,HS 4th/5th,4,NA,118,NA,NA,NA,NA,NA,NA,NA,Heritage Spanish,NA,NA,NA,Production,Prod-17,NA,NA,NA,1,1,NA,están comendo las galletas,DP,Articles,Feminine,Plural,NA,NA,NA,HS,4th/5th,Early,No,NA,0,118,2026,1,NA,NA,NA,-0.3860740331999795,-0.6019858334963155
H118,2,1,HS 4th/5th,4,NA,118,NA,NA,NA,NA,NA,NA,NA,Heritage Spanish,NA,NA,NA,Production,Prod-19,NA,NA,NA,0,1,NA,están cocinando la pescado,Gender,Articles,Masculine,Singular,NA,NA,NA,HS,4th/5th,Early,No,NA,0,118,2026,0,NA,NA,NA,-0.3860740331999795,-0.6019858334963155
H118,2,1,HS 4th/5th,4,NA,118,NA,NA,NA,NA,NA,NA,NA,Heritage Spanish,NA,NA,NA,Production,Prod-21,NA,NA,NA,1,1,NA,cerrar la puerta,DP,Articles,Feminine,Singular,NA,NA,NA,HS,4th/5th,Early,No,NA,0,118,2026,1,NA,NA,NA,-0.3860740331999795,-0.6019858334963155
H118,2,1,HS 4th/5th,4,NA,118,NA,NA,NA,NA,NA,NA,NA,Heritage Spanish,NA,NA,NA,Production,Prod-25,NA,NA,NA,1,1,NA,los niños ponen las mascarillas,DP,Articles,Feminine,Plural,NA,NA,NA,HS,4th/5th,Early,No,NA,0,118,2026,1,NA,NA,NA,-0.3860740331999795,-0.6019858334963155
H119,2,1,HS 4th/5th,4,NA,122,NA,NA,NA,NA,NA,NA,NA,Heritage Spanish,NA,NA,NA,Production,Prod-03,NA,NA,NA,1,1,NA,romper el globo,DP,Articles,Masculine,Singular,NA,NA,NA,HS,4th/5th,Early,No,NA,0,122,2026,1,NA,NA,NA,-0.2328892699386857,-0.4606613838230504
H119,2,1,HS 4th/5th,4,NA,122,NA,NA,NA,NA,NA,NA,NA,Heritage Spanish,NA,NA,NA,Production,Prod-05,NA,NA,NA,0,1,NA,cortando el pizza,Gender,Articles,Feminine,Singular,NA,NA,NA,HS,4th/5th,Early,No,NA,0,122,2026,0,NA,NA,NA,-0.2328892699386857,-0.4606613838230504
H119,2,1,HS 4th/5th,4,NA,122,NA,NA,NA,NA,NA,NA,NA,Heritage Spanish,NA,NA,NA,Production,Prod-09,NA,NA,NA,0,1,NA,quitando los chaquetas,Gender,Articles,Feminine,Plural,NA,NA,NA,HS,4th/5th,Early,No,NA,0,122,2026,0,NA,NA,NA,-0.2328892699386857,-0.4606613838230504
H119,2,1,HS 4th/5th,4,NA,122,NA,NA,NA,NA,NA,NA,NA,Heritage Spanish,NA,NA,NA,Production,Prod-11,NA,NA,NA,1,1,NA,lavando el perro,DP,Articles,Masculine,Singular,NA,NA,NA,HS,4th/5th,Early,No,NA,0,122,2026,1,NA,NA,NA,-0.2328892699386857,-0.4606613838230504
H119,2,1,HS 4th/5th,4,NA,122,NA,NA,NA,NA,NA,NA,NA,Heritage Spanish,NA,NA,NA,Production,Prod-15,NA,NA,NA,1,1,NA,poniendo los libros,DP,Articles,Masculine,Plural,NA,NA,NA,HS,4th/5th,Early,No,NA,0,122,2026,1,NA,NA,NA,-0.2328892699386857,-0.4606613838230504
H119,2,1,HS 4th/5th,4,NA,122,NA,NA,NA,NA,NA,NA,NA,Heritage Spanish,NA,NA,NA,Production,Prod-17,NA,NA,NA,0,1,NA,comiendo los galletas,Gender,Articles,Feminine,Plural,NA,NA,NA,HS,4th/5th,Early,No,NA,0,122,2026,0,NA,NA,NA,-0.2328892699386857,-0.4606613838230504
H119,2,1,HS 4th/5th,4,NA,122,NA,NA,NA,NA,NA,NA,NA,Heritage Spanish,NA,NA,NA,Production,Prod-19,NA,NA,NA,1,1,NA,están cocinando el pescado,DP,Articles,Masculine,Singular,NA,NA,NA,HS,4th/5th,Early,No,NA,0,122,2026,1,NA,NA,NA,-0.2328892699386857,-0.4606613838230504
H119,2,1,HS 4th/5th,4,NA,122,NA,NA,NA,NA,NA,NA,NA,Heritage Spanish,NA,NA,NA,Production,Prod-21,NA,NA,NA,0,1,NA,cerrando el puerta,Gender,Articles,Feminine,Singular,NA,NA,NA,HS,4th/5th,Early,No,NA,0,122,2026,0,NA,NA,NA,-0.2328892699386857,-0.4606613838230504
H119,2,1,HS 4th/5th,4,NA,122,NA,NA,NA,NA,NA,NA,NA,Heritage Spanish,NA,NA,NA,Production,Prod-23,NA,NA,NA,0,1,NA,toqueando el guitarra,Gender,Articles,Masculine,Plural,NA,NA,NA,HS,4th/5th,Early,No,NA,0,122,2026,0,NA,NA,NA,-0.2328892699386857,-0.4606613838230504
H119,2,1,HS 4th/5th,4,NA,122,NA,NA,NA,NA,NA,NA,NA,Heritage Spanish,NA,NA,NA,Production,Prod-25,NA,NA,NA,0,1,NA,poniendo los mascarillas,Gender,Articles,Feminine,Plural,NA,NA,NA,HS,4th/5th,Early,No,NA,0,122,2026,0,NA,NA,NA,-0.2328892699386857,-0.4606613838230504
H120,2,1,HS 4th/5th,4,NA,125,NA,NA,NA,NA,NA,NA,NA,Heritage Spanish,NA,NA,NA,Production,Prod-03,NA,NA,NA,1,1,NA,el globo,DP,Articles,Masculine,Singular,NA,NA,NA,HS,4th/5th,Early,No,NA,0,125,2026,1,NA,NA,NA,-0.11800069749271534,-0.3546680465681015
H120,2,1,HS 4th/5th,4,NA,125,NA,NA,NA,NA,NA,NA,NA,Heritage Spanish,NA,NA,NA,Production,Prod-13,NA,NA,NA,1,1,NA,la música,DP,Articles,Feminine,Singular,NA,NA,NA,HS,4th/5th,Early,No,NA,0,125,2026,1,NA,NA,NA,-0.11800069749271534,-0.3546680465681015
H120,2,1,HS 4th/5th,4,NA,125,NA,NA,NA,NA,NA,NA,NA,Heritage Spanish,NA,NA,NA,Production,Prod-15,NA,NA,NA,1,1,NA,los libros,DP,Articles,Masculine,Plural,NA,NA,NA,HS,4th/5th,Early,No,NA,0,125,2026,1,NA,NA,NA,-0.11800069749271534,-0.3546680465681015
H120,2,1,HS 4th/5th,4,NA,125,NA,NA,NA,NA,NA,NA,NA,Heritage Spanish,NA,NA,NA,Production,Prod-21,NA,NA,NA,1,1,NA,cerran la puerta,DP,Articles,Feminine,Singular,NA,NA,NA,HS,4th/5th,Early,No,NA,0,125,2026,1,NA,NA,NA,-0.11800069749271534,-0.3546680465681015
H120,2,1,HS 4th/5th,4,NA,125,NA,NA,NA,NA,NA,NA,NA,Heritage Spanish,NA,NA,NA,Production,Prod-25,NA,NA,NA,1,1,NA,ponen las mascarillas,DP,Articles,Feminine,Plural,NA,NA,NA,HS,4th/5th,Early,No,NA,0,125,2026,1,NA,NA,NA,-0.11800069749271534,-0.3546680465681015
H121,2,1,NA,3,NA,102,NA,NA,NA,NA,NA,NA,NA,Heritage Spanish,NA,NA,NA,Production,Prod-03,NA,NA,NA,1,1,NA,pop el globo,DP,Articles,Masculine,Singular,NA,NA,NA,HS,NA,Early,No,NA,0,102,2026,1,NA,NA,NA,-0.9988130862451546,-1.1672836321893758
H121,2,1,NA,3,NA,102,NA,NA,NA,NA,NA,NA,NA,Heritage Spanish,NA,NA,NA,Production,Prod-05,NA,NA,NA,1,1,NA,se come la pizza,DP,Articles,Feminine,Singular,NA,NA,NA,HS,NA,Early,No,NA,0,102,2026,1,NA,NA,NA,-0.9988130862451546,-1.1672836321893758
H121,2,1,NA,3,NA,102,NA,NA,NA,NA,NA,NA,NA,Heritage Spanish,NA,NA,NA,Production,Prod-07,NA,NA,NA,1,1,NA,se contar los números,NA,Articles,Masculine,Plural,NA,NA,NA,HS,NA,Early,No,NA,0,102,2026,1,NA,NA,NA,-0.9988130862451546,-1.1672836321893758
H121,2,1,NA,3,NA,102,NA,NA,NA,NA,NA,NA,NA,Heritage Spanish,NA,NA,NA,Production,Prod-09,NA,NA,NA,1,1,NA,pone la chaqueta,DP,Articles,Feminine,Plural,NA,NA,NA,HS,NA,Early,No,NA,0,102,2026,1,NA,NA,NA,-0.9988130862451546,-1.1672836321893758
H121,2,1,NA,3,NA,102,NA,NA,NA,NA,NA,NA,NA,Heritage Spanish,NA,NA,NA,Production,Prod-11,NA,NA,NA,0,1,NA,poner la perro,Gender,Articles,Masculine,Singular,NA,NA,NA,HS,NA,Early,No,NA,0,102,2026,0,NA,NA,NA,-0.9988130862451546,-1.1672836321893758
H121,2,1,NA,3,NA,102,NA,NA,NA,NA,NA,NA,NA,Heritage Spanish,NA,NA,NA,Production,Prod-13,NA,NA,NA,1,1,NA,se escucha la música,DP,Articles,Feminine,Singular,NA,NA,NA,HS,NA,Early,No,NA,0,102,2026,1,NA,NA,NA,-0.9988130862451546,-1.1672836321893758
H121,2,1,NA,3,NA,102,NA,NA,NA,NA,NA,NA,NA,Heritage Spanish,NA,NA,NA,Production,Prod-15,NA,NA,NA,1,1,NA,poner los libros,DP,Articles,Masculine,Plural,NA,NA,NA,HS,NA,Early,No,NA,0,102,2026,1,NA,NA,NA,-0.9988130862451546,-1.1672836321893758
H121,2,1,NA,3,NA,102,NA,NA,NA,NA,NA,NA,NA,Heritage Spanish,NA,NA,NA,Production,Prod-17,NA,NA,NA,1,1,NA,come las galletas,DP,Articles,Feminine,Plural,NA,NA,NA,HS,NA,Early,No,NA,0,102,2026,1,NA,NA,NA,-0.9988130862451546,-1.1672836321893758
H121,2,1,NA,3,NA,102,NA,NA,NA,NA,NA,NA,NA,Heritage Spanish,NA,NA,NA,Production,Prod-19,NA,NA,NA,0,1,NA,poner la pescado,DP,Articles,Masculine,Singular,NA,NA,NA,HS,NA,Early,No,NA,0,102,2026,0,NA,NA,NA,-0.9988130862451546,-1.1672836321893758
H121,2,1,NA,3,NA,102,NA,NA,NA,NA,NA,NA,NA,Heritage Spanish,NA,NA,NA,Production,Prod-21,NA,NA,NA,1,1,NA,cerran la puerta,DP,Articles,Feminine,Singular,NA,NA,NA,HS,NA,Early,No,NA,0,102,2026,1,NA,NA,NA,-0.9988130862451546,-1.1672836321893758
H121,2,1,NA,3,NA,102,NA,NA,NA,NA,NA,NA,NA,Heritage Spanish,NA,NA,NA,Production,Prod-23,NA,NA,NA,0,0,NA,se tocan con la instrumentos,Gender/Number,Articles,Masculine,Plural,NA,NA,NA,HS,NA,Early,No,NA,0,102,2026,0,NA,NA,NA,-0.9988130862451546,-1.1672836321893758
H121,2,1,NA,3,NA,102,NA,NA,NA,NA,NA,NA,NA,Heritage Spanish,NA,NA,NA,Production,Prod-25,NA,NA,NA,1,1,NA,se poner la mascarilla,DP,Articles,Feminine,Plural,NA,NA,NA,HS,NA,Early,No,NA,0,102,2026,1,NA,NA,NA,-0.9988130862451546,-1.1672836321893758
H122,2,1,NA,3,NA,110,NA,NA,NA,NA,NA,NA,NA,Heritage Spanish,NA,NA,NA,Production,Prod-05,NA,NA,NA,1,1,NA,están cortando la pizza,DP,Articles,Feminine,Singular,NA,NA,NA,HS,NA,Early,No,NA,0,110,2026,1,NA,NA,NA,-0.6924435597225671,-0.8846347328428457
H122,2,1,NA,3,NA,110,NA,NA,NA,NA,NA,NA,NA,Heritage Spanish,NA,NA,NA,Production,Prod-07,NA,NA,NA,1,1,NA,contando con los números,DP,Articles,Masculine,Plural,NA,NA,NA,HS,NA,Early,No,NA,0,110,2026,1,NA,NA,NA,-0.6924435597225671,-0.8846347328428457
H122,2,1,NA,3,NA,110,NA,NA,NA,NA,NA,NA,NA,Heritage Spanish,NA,NA,NA,Production,Prod-09,NA,NA,NA,1,1,NA,están saliendo las chaquetas,NA,Articles,Feminine,Plural,NA,NA,NA,HS,NA,Early,No,NA,0,110,2026,1,NA,NA,NA,-0.6924435597225671,-0.8846347328428457
H122,2,1,NA,3,NA,110,NA,NA,NA,NA,NA,NA,NA,Heritage Spanish,NA,NA,NA,Production,Prod-11,NA,NA,NA,1,1,NA,haciendo un baño para el perro,DP,Articles,Masculine,Singular,NA,NA,NA,HS,NA,Early,No,NA,0,110,2026,1,NA,NA,NA,-0.6924435597225671,-0.8846347328428457
H122,2,1,NA,3,NA,110,NA,NA,NA,NA,NA,NA,NA,Heritage Spanish,NA,NA,NA,Production,Prod-13,NA,NA,NA,1,1,NA,escuchando la música,DP,Articles,Feminine,Singular,NA,NA,NA,HS,NA,Early,No,NA,0,110,2026,1,NA,NA,NA,-0.6924435597225671,-0.8846347328428457
H122,2,1,NA,3,NA,110,NA,NA,NA,NA,NA,NA,NA,Heritage Spanish,NA,NA,NA,Production,Prod-17,NA,NA,NA,1,1,NA,comiendo las galletas,NA,Articles,Feminine,Plural,NA,NA,NA,HS,NA,Early,No,NA,0,110,2026,1,NA,NA,NA,-0.6924435597225671,-0.8846347328428457
H122,2,1,NA,3,NA,110,NA,NA,NA,NA,NA,NA,NA,Heritage Spanish,NA,NA,NA,Production,Prod-19,NA,NA,NA,1,1,NA,están poniendo el pescado,NA,Articles,Masculine,Singular,NA,NA,NA,HS,NA,Early,No,NA,0,110,2026,1,NA,NA,NA,-0.6924435597225671,-0.8846347328428457
H122,2,1,NA,3,NA,110,NA,NA,NA,NA,NA,NA,NA,Heritage Spanish,NA,NA,NA,Production,Prod-21,NA,NA,NA,1,1,NA,tenía la puerta abrida,DP,Articles,Feminine,Singular,NA,NA,NA,HS,NA,Early,No,NA,0,110,2026,1,NA,NA,NA,-0.6924435597225671,-0.8846347328428457
H122,2,1,NA,3,NA,110,NA,NA,NA,NA,NA,NA,NA,Heritage Spanish,NA,NA,NA,Production,Prod-23,NA,NA,NA,1,1,NA,están tocando los instrumentos,DP,Articles,Masculine,Plural,NA,NA,NA,HS,NA,Early,No,NA,0,110,2026,1,NA,NA,NA,-0.6924435597225671,-0.8846347328428457
H122,2,1,NA,3,NA,110,NA,NA,NA,NA,NA,NA,NA,Heritage Spanish,NA,NA,NA,Production,Prod-25,NA,NA,NA,1,1,NA,poniendo las mascarillas,DP,Articles,Feminine,Plural,NA,NA,NA,HS,NA,Early,No,NA,0,110,2026,1,NA,NA,NA,-0.6924435597225671,-0.8846347328428457
H123,2,1,NA,3,NA,114,NA,NA,NA,NA,NA,NA,NA,Heritage Spanish,NA,NA,NA,Production,Prod-03,NA,NA,NA,1,1,NA,estoran los globos,DP,Articles,Masculine,Singular,NA,NA,NA,L2L,NA,Early,No,NA,0,114,2026,1,NA,NA,NA,-0.5392587964612733,-0.7433102831695806
H123,2,1,NA,3,NA,114,NA,NA,NA,NA,NA,NA,NA,Heritage Spanish,NA,NA,NA,Production,Prod-05,NA,NA,NA,1,1,DOM marked??,comen a la pizza,DP,Articles,Feminine,Singular,NA,NA,NA,L2L,NA,Early,No,NA,0,114,2026,1,NA,NA,NA,-0.5392587964612733,-0.7433102831695806
H123,2,1,NA,3,NA,114,NA,NA,NA,NA,NA,NA,NA,Heritage Spanish,NA,NA,NA,Production,Prod-07,NA,NA,NA,1,1,NA,dicen los números,DP,Articles,Masculine,Plural,NA,NA,NA,L2L,NA,Early,No,NA,0,114,2026,1,NA,NA,NA,-0.5392587964612733,-0.7433102831695806
H123,2,1,NA,3,NA,114,NA,NA,NA,NA,NA,NA,NA,Heritage Spanish,NA,NA,NA,Production,Prod-09,NA,NA,NA,1,1,NA,quitando las chaquetas,DP,Articles,Feminine,Plural,NA,NA,NA,L2L,NA,Early,No,NA,0,114,2026,1,NA,NA,NA,-0.5392587964612733,-0.7433102831695806
H123,2,1,NA,3,NA,114,NA,NA,NA,NA,NA,NA,NA,Heritage Spanish,NA,NA,NA,Production,Prod-11,NA,NA,NA,1,1,NA,da un baño al perro,DP,Articles,Masculine,Singular,NA,NA,NA,L2L,NA,Early,No,NA,0,114,2026,1,NA,NA,NA,-0.5392587964612733,-0.7433102831695806
H123,2,1,NA,3,NA,114,NA,NA,NA,NA,NA,NA,NA,Heritage Spanish,NA,NA,NA,Production,Prod-13,NA,NA,NA,1,1,NA,escuchan la música,DP,Articles,Feminine,Singular,NA,NA,NA,L2L,NA,Early,No,NA,0,114,2026,1,NA,NA,NA,-0.5392587964612733,-0.7433102831695806
H123,2,1,NA,3,NA,114,NA,NA,NA,NA,NA,NA,NA,Heritage Spanish,NA,NA,NA,Production,Prod-17,NA,NA,NA,1,1,NA,comen las galletas,DP,Articles,Feminine,Plural,NA,NA,NA,L2L,NA,Early,No,NA,0,114,2026,1,NA,NA,NA,-0.5392587964612733,-0.7433102831695806
H123,2,1,NA,3,NA,114,NA,NA,NA,NA,NA,NA,NA,Heritage Spanish,NA,NA,NA,Production,Prod-19,NA,NA,NA,1,1,NA,cocinan el pescado,DP,Articles,Masculine,Singular,NA,NA,NA,L2L,NA,Early,No,NA,0,114,2026,1,NA,NA,NA,-0.5392587964612733,-0.7433102831695806
H123,2,1,NA,3,NA,114,NA,NA,NA,NA,NA,NA,NA,Heritage Spanish,NA,NA,NA,Production,Prod-21,NA,NA,NA,1,1,NA,cerran la puerta,DP,Articles,Feminine,Singular,NA,NA,NA,L2L,NA,Early,No,NA,0,114,2026,1,NA,NA,NA,-0.5392587964612733,-0.7433102831695806
H123,2,1,NA,3,NA,114,NA,NA,NA,NA,NA,NA,NA,Heritage Spanish,NA,NA,NA,Production,Prod-23,NA,NA,NA,1,1,NA,tocan los instrumentos,DP,Articles,Masculine,Plural,NA,NA,NA,L2L,NA,Early,No,NA,0,114,2026,1,NA,NA,NA,-0.5392587964612733,-0.7433102831695806
H123,2,1,NA,3,NA,114,NA,NA,NA,NA,NA,NA,NA,Heritage Spanish,NA,NA,NA,Production,Prod-25,NA,NA,NA,1,1,NA,ponen la mascarilla,DP,Articles,Feminine,Plural,NA,NA,NA,L2L,NA,Early,No,NA,0,114,2026,1,NA,NA,NA,-0.5392587964612733,-0.7433102831695806
H124,2,1,HS 2nd,2,NA,95,NA,NA,NA,NA,NA,NA,NA,Heritage Spanish,NA,NA,NA,Production,Prod-09,NA,NA,NA,1,1,NA,va a poner las chaquetas,DP,Articles,Feminine,Plural,NA,NA,NA,HS,2nd,Early,No,NA,0,95,2026,1,NA,NA,NA,-1.2668864219524187,-1.41460141911759
H124,2,1,HS 2nd,2,NA,95,NA,NA,NA,NA,NA,NA,NA,Heritage Spanish,NA,NA,NA,Production,Prod-11,NA,NA,NA,1,1,NA,va a bañar el perro,DP,Articles,Masculine,Singular,NA,NA,NA,HS,2nd,Early,No,NA,0,95,2026,1,NA,NA,NA,-1.2668864219524187,-1.41460141911759
H124,2,1,HS 2nd,2,NA,95,NA,NA,NA,NA,NA,NA,NA,Heritage Spanish,NA,NA,NA,Production,Prod-13,NA,NA,NA,1,1,NA,van a oír la música,DP,Articles,Feminine,Singular,NA,NA,NA,HS,2nd,Early,No,NA,0,95,2026,1,NA,NA,NA,-1.2668864219524187,-1.41460141911759
H124,2,1,HS 2nd,2,NA,95,NA,NA,NA,NA,NA,NA,NA,Heritage Spanish,NA,NA,NA,Production,Prod-17,NA,NA,NA,1,1,NA,va a comer las galletas,DP,Articles,Feminine,Plural,NA,NA,NA,HS,2nd,Early,No,NA,0,95,2026,1,NA,NA,NA,-1.2668864219524187,-1.41460141911759
H125,2,1,L2L 4th/5th,4,NA,121,NA,NA,NA,NA,NA,NA,NA,L2,NA,NA,NA,Production,Prod-03,NA,NA,NA,1,1,NA,hacen un ruido muy loud,DP,Articles,Masculine,Singular,NA,NA,NA,L2L,4th/5th,Early,No,NA,0,121,2026,1,NA,NA,NA,-0.2711854607540091,-0.49599249624136665
H125,2,1,L2L 4th/5th,4,NA,121,NA,NA,NA,NA,NA,NA,NA,L2,NA,NA,NA,Production,Prod-05,NA,NA,NA,0,1,NA,el pizza,Gender,Articles,Feminine,Singular,NA,NA,NA,L2L,4th/5th,Early,No,NA,0,121,2026,0,NA,NA,NA,-0.2711854607540091,-0.49599249624136665
H125,2,1,L2L 4th/5th,4,NA,121,NA,NA,NA,NA,NA,NA,NA,L2,NA,NA,NA,Production,Prod-07,NA,NA,NA,1,1,NA,contando los números,DP,Articles,Masculine,Plural,NA,NA,NA,L2L,4th/5th,Early,No,NA,0,121,2026,1,NA,NA,NA,-0.2711854607540091,-0.49599249624136665
H125,2,1,L2L 4th/5th,4,NA,121,NA,NA,NA,NA,NA,NA,NA,L2,NA,NA,NA,Production,Prod-11,NA,NA,NA,1,1,NA,lavar el perro,DP,Articles,Masculine,Singular,NA,NA,NA,L2L,4th/5th,Early,No,NA,0,121,2026,1,NA,NA,NA,-0.2711854607540091,-0.49599249624136665
H125,2,1,L2L 4th/5th,4,NA,121,NA,NA,NA,NA,NA,NA,NA,L2,NA,NA,NA,Production,Prod-13,NA,NA,NA,1,1,NA,le encanta la música,DP,Articles,Feminine,Singular,NA,NA,NA,L2L,4th/5th,Early,No,NA,0,121,2026,1,NA,NA,NA,-0.2711854607540091,-0.49599249624136665
H125,2,1,L2L 4th/5th,4,NA,121,NA,NA,NA,NA,NA,NA,NA,L2,NA,NA,NA,Production,Prod-15,NA,NA,NA,1,1,NA,pone los libros,DP,Articles,Masculine,Plural,NA,NA,NA,L2L,4th/5th,Early,No,NA,0,121,2026,1,NA,NA,NA,-0.2711854607540091,-0.49599249624136665
H125,2,1,L2L 4th/5th,4,NA,121,NA,NA,NA,NA,NA,NA,NA,L2,NA,NA,NA,Production,Prod-17,NA,NA,NA,0,1,NA,comer los galletas,Gender,Articles,Feminine,Plural,NA,NA,NA,L2L,4th/5th,Early,No,NA,0,121,2026,0,NA,NA,NA,-0.2711854607540091,-0.49599249624136665
H125,2,1,L2L 4th/5th,4,NA,121,NA,NA,NA,NA,NA,NA,NA,L2,NA,NA,NA,Production,Prod-19,NA,NA,NA,1,1,NA,cocinar el pescado,DP,Articles,Masculine,Singular,NA,NA,NA,L2L,4th/5th,Early,No,NA,0,121,2026,1,NA,NA,NA,-0.2711854607540091,-0.49599249624136665
H125,2,1,L2L 4th/5th,4,NA,121,NA,NA,NA,NA,NA,NA,NA,L2,NA,NA,NA,Production,Prod-21,NA,NA,NA,0,1,NA,cerrar el puerta,DP,Articles,Feminine,Singular,NA,NA,NA,L2L,4th/5th,Early,No,NA,0,121,2026,0,NA,NA,NA,-0.2711854607540091,-0.49599249624136665
H125,2,1,L2L 4th/5th,4,NA,121,NA,NA,NA,NA,NA,NA,NA,L2,NA,NA,NA,Production,Prod-23,NA,NA,NA,1,1,NA,creae música con los instrumentos,NA,Articles,Masculine,Plural,NA,NA,NA,L2L,4th/5th,Early,No,NA,0,121,2026,1,NA,NA,NA,-0.2711854607540091,-0.49599249624136665
H125,2,1,L2L 4th/5th,4,NA,121,NA,NA,NA,NA,NA,NA,NA,L2,NA,NA,NA,Production,Prod-25,NA,NA,NA,0,1,NA,pone los mascarillas,Gender,Articles,Feminine,Plural,NA,NA,NA,L2L,4th/5th,Early,No,NA,0,121,2026,0,NA,NA,NA,-0.2711854607540091,-0.49599249624136665
C02,C,C,Chile,5,10,131,NA,NA,NA,NA,NA,Spanish,NA,Spanish,NA,NA,NA,Production,Prod-03,NA,NA,NA,1,1,NA,están rebentando el globo,DP,Articles,Masculine,Singular,NA,NA,NA,ML,4th/5th,Early,No,NA,0,131,2026,1,NA,NA,NA,0.11177644739922535,-0.1426813720582039
C02,C,C,Chile,5,10,131,NA,NA,NA,NA,NA,Spanish,NA,Spanish,NA,NA,NA,Production,Prod-05,NA,NA,NA,1,1,NA,están repartiendo la pizza y se la están comiendo,DP,Articles,Feminine,Singular,NA,NA,NA,ML,4th/5th,Early,No,NA,0,131,2026,1,NA,NA,NA,0.11177644739922535,-0.1426813720582039
C02,C,C,Chile,5,10,131,NA,NA,NA,NA,NA,Spanish,NA,Spanish,NA,NA,NA,Production,Prod-07,NA,NA,NA,1,1,NA,están contando los números,DP,Articles,Masculine,Plural,NA,NA,NA,ML,4th/5th,Early,No,NA,0,131,2026,1,NA,NA,NA,0.11177644739922535,-0.1426813720582039
C02,C,C,Chile,5,10,131,NA,NA,NA,NA,NA,Spanish,NA,Spanish,NA,NA,NA,Production,Prod-09,NA,NA,NA,1,1,NA,se están sacando las chaquetas,DP,Articles,Feminine,Plural,NA,NA,NA,ML,4th/5th,Early,No,NA,0,131,2026,1,NA,NA,NA,0.11177644739922535,-0.1426813720582039
C02,C,C,Chile,5,10,131,NA,NA,NA,NA,NA,Spanish,NA,Spanish,NA,NA,NA,Production,Prod-11,NA,NA,NA,1,1,NA,están lavando al perro,NA,Articles,Masculine,Singular,NA,NA,NA,ML,4th/5th,Early,No,NA,0,131,2026,1,NA,NA,NA,0.11177644739922535,-0.1426813720582039
C02,C,C,Chile,5,10,131,NA,NA,NA,NA,NA,Spanish,NA,Spanish,NA,NA,NA,Production,Prod-15,NA,NA,NA,1,1,NA,apilando los libros,DP,Articles,Masculine,Plural,NA,NA,NA,ML,4th/5th,Early,No,NA,0,131,2026,1,NA,NA,NA,0.11177644739922535,-0.1426813720582039
C02,C,C,Chile,5,10,131,NA,NA,NA,NA,NA,Spanish,NA,Spanish,NA,NA,NA,Production,Prod-17,NA,NA,NA,1,1,NA,están comiendo las galletas,DP,Articles,Feminine,Plural,NA,NA,NA,ML,4th/5th,Early,No,NA,0,131,2026,1,NA,NA,NA,0.11177644739922535,-0.1426813720582039
C02,C,C,Chile,5,10,131,NA,NA,NA,NA,NA,Spanish,NA,Spanish,NA,NA,NA,Production,Prod-19,NA,NA,NA,1,1,NA,los niños están cocinando el pescado,DP,Articles,Masculine,Singular,NA,NA,NA,ML,4th/5th,Early,No,NA,0,131,2026,1,NA,NA,NA,0.11177644739922535,-0.1426813720582039
C02,C,C,Chile,5,10,131,NA,NA,NA,NA,NA,Spanish,NA,Spanish,NA,NA,NA,Production,Prod-21,NA,NA,NA,1,1,NA,cerrando la puerta,DP,Articles,Feminine,Singular,NA,NA,NA,ML,4th/5th,Early,No,NA,0,131,2026,1,NA,NA,NA,0.11177644739922535,-0.1426813720582039
C02,C,C,Chile,5,10,131,NA,NA,NA,NA,NA,Spanish,NA,Spanish,NA,NA,NA,Production,Prod-25,NA,NA,NA,1,1,NA,los niños se están colocando las mascarillas,DP,Articles,Feminine,Plural,NA,NA,NA,ML,4th/5th,Early,No,NA,0,131,2026,1,NA,NA,NA,0.11177644739922535,-0.1426813720582039
C03,C,C,Chile,3,8,101,NA,NA,NA,NA,NA,Spanish,NA,Spanish,NA,NA,NA,Production,Prod-05,NA,NA,NA,1,1,NA,están comiendo la pizza,DP,Articles,Feminine,Singular,NA,NA,NA,ML,NA,Early,No,NA,0,101,2026,1,NA,NA,NA,-1.0371092770604782,-1.2026147446076922
C03,C,C,Chile,3,8,101,NA,NA,NA,NA,NA,Spanish,NA,Spanish,NA,NA,NA,Production,Prod-11,NA,NA,NA,1,1,NA,están lavando al perro,DP,Articles,Masculine,Singular,NA,NA,NA,ML,NA,Early,No,NA,0,101,2026,1,NA,NA,NA,-1.0371092770604782,-1.2026147446076922
C03,C,C,Chile,3,8,101,NA,NA,NA,NA,NA,Spanish,NA,Spanish,NA,NA,NA,Production,Prod-13,NA,NA,NA,1,1,NA,escuchando la música,DP,Articles,Feminine,Singular,NA,NA,NA,ML,NA,Early,No,NA,0,101,2026,1,NA,NA,NA,-1.0371092770604782,-1.2026147446076922
C03,C,C,Chile,3,8,101,NA,NA,NA,NA,NA,Spanish,NA,Spanish,NA,NA,NA,Production,Prod-19,NA,NA,NA,1,1,NA,están cocinando el pescado,DP,Articles,Masculine,Singular,NA,NA,NA,ML,NA,Early,No,NA,0,101,2026,1,NA,NA,NA,-1.0371092770604782,-1.2026147446076922
C03,C,C,Chile,3,8,101,NA,NA,NA,NA,NA,Spanish,NA,Spanish,NA,NA,NA,Production,Prod-23,0,NA,NA,1,1,NA,están tocando los instrumentos,DP,Articles,Masculine,Plural,NA,NA,NA,ML,NA,Early,No,NA,0,101,2026,1,NA,NA,NA,-1.0371092770604782,-1.2026147446076922
C05,C,C,Chile,4,10,120,NA,NA,NA,NA,NA,Spanish,NA,Spanish,NA,NA,NA,Production,Prod-11,NA,NA,NA,1,1,NA,lavando el perro,DP,Articles,Masculine,Singular,NA,NA,NA,ML,4th/5th,Early,No,NA,0,120,2026,1,NA,NA,NA,-0.3094816515693326,-0.531323608659683
C06,C,C,Chile,NA,5,68,NA,NA,NA,NA,NA,Spanish,NA,Spanish,NA,NA,NA,Production,Prod-07,NA,NA,NA,1,1,NA,están contando el 1 y hasta el 11,DP,Articles,Masculine,Plural,NA,NA,NA,ML,NA,Early,No,NA,0,68,2026,1,NA,NA,NA,-2.300883573966152,-2.3685414544121293
C16,C,C,Chile,2,7,90,NA,NA,NA,NA,NA,Spanish,NA,Spanish,NA,NA,NA,Production,Prod-13,NA,NA,NA,1,1,NA,están escuchando la música,DP,Articles,Feminine,Singular,NA,NA,NA,ML,2nd,Early,No,NA,0,90,2026,1,NA,NA,NA,-1.458367376029036,-1.5912569812091713
C17,C,C,Chile,5,11,135,NA,NA,NA,NA,NA,Spanish,NA,Spanish,NA,NA,NA,Production,Prod-03,NA,NA,NA,1,1,NA,rebentando los globos,DP,Articles,Masculine,Singular,NA,NA,NA,ML,4th/5th,Early,No,NA,0,135,2026,1,NA,NA,NA,0.26496121066051914,-0.001356922384938782
C17,C,C,Chile,5,11,135,NA,NA,NA,NA,NA,Spanish,NA,Spanish,NA,NA,NA,Production,Prod-09,NA,NA,NA,1,1,NA,se están sacando las chaquetas,DP,Articles,Feminine,Plural,NA,NA,NA,ML,4th/5th,Early,No,NA,0,135,2026,1,NA,NA,NA,0.26496121066051914,-0.001356922384938782
C17,C,C,Chile,5,11,135,NA,NA,NA,NA,NA,Spanish,NA,Spanish,NA,NA,NA,Production,Prod-11,NA,NA,NA,1,1,NA,bañando al perro,DP,Articles,Masculine,Singular,NA,NA,NA,ML,4th/5th,Early,No,NA,0,135,2026,1,NA,NA,NA,0.26496121066051914,-0.001356922384938782
C17,C,C,Chile,5,11,135,NA,NA,NA,NA,NA,Spanish,NA,Spanish,NA,NA,NA,Production,Prod-15,NA,NA,NA,1,1,NA,apilando los libros,DP,Articles,Masculine,Plural,NA,NA,NA,ML,4th/5th,Early,No,NA,0,135,2026,1,NA,NA,NA,0.26496121066051914,-0.001356922384938782
C17,C,C,Chile,5,11,135,NA,NA,NA,NA,NA,Spanish,NA,Spanish,NA,NA,NA,Production,Prod-17,NA,NA,NA,1,1,NA,comiendo las galletas,DP,Articles,Feminine,Plural,NA,NA,NA,ML,4th/5th,Early,No,NA,0,135,2026,1,NA,NA,NA,0.26496121066051914,-0.001356922384938782
C17,C,C,Chile,5,11,135,NA,NA,NA,NA,NA,Spanish,NA,Spanish,NA,NA,NA,Production,Prod-19,NA,NA,NA,1,1,NA,cocinando el pescado,DP,Articles,Masculine,Singular,NA,NA,NA,ML,4th/5th,Early,No,NA,0,135,2026,1,NA,NA,NA,0.26496121066051914,-0.001356922384938782
C17,C,C,Chile,5,11,135,NA,NA,NA,NA,NA,Spanish,NA,Spanish,NA,NA,NA,Production,Prod-21,NA,NA,NA,1,1,NA,cierran la puerta,DP,Articles,Feminine,Singular,NA,NA,NA,ML,4th/5th,Early,No,NA,0,135,2026,1,NA,NA,NA,0.26496121066051914,-0.001356922384938782
C17,C,C,Chile,5,11,135,NA,NA,NA,NA,NA,Spanish,NA,Spanish,NA,NA,NA,Production,Prod-23,NA,NA,NA,1,1,NA,tocan los instrumentos,DP,Articles,Masculine,Plural,NA,NA,NA,ML,4th/5th,Early,No,NA,0,135,2026,1,NA,NA,NA,0.26496121066051914,-0.001356922384938782
